Sh_x,Sh_y,Sh_z,El_x,El_y,El_z,Wr_x,Wr_y,Wr_z,WrVec_x,WrVec_y,WrVec_z
24.817414666666668,740.5129793333332,299.97603,-47.024499,539.4420435,58.562602,-38.678807500000005,298.734534,45.448916,-37.004883,11.993424000000005,-33.09591
24.847202,740.3864213333333,299.9681023333333,-47.129200499999996,539.4111955,58.482797999999995,-38.505768,298.735417,45.47978,-37.004714,11.94921800000003,-33.130418000000006
24.876761,740.273857,299.96143466666666,-47.24805549999999,539.3990255,58.402969,-38.332988,298.75806850000004,45.53015,-37.008516,11.902498999999978,-33.162594
24.905998666666665,740.1757386666667,299.9566516666667,-47.381543,539.407496,58.323072499999995,-38.159604,298.8042275,45.602033500000005,-37.016334,11.852643,-33.192489
24.934788666666666,740.092526,299.95436366666667,-47.5301095,539.4386935,58.243014,-37.984665,298.8756885,45.697576999999995,-37.02811,11.79897699999998,-33.220245999999996
24.96297233333333,740.0246863333333,299.9551573333333,-47.694159,539.4948115,58.16264149999999,-37.8071365,298.9742825,45.819056,-37.043691,11.740778999999975,-33.24609
24.990358333333333,739.972694,299.95958866666666,-47.874039,539.578124,58.0817495,-37.6259075,299.1018585,45.9688655,-37.062817,11.677282999999989,-33.270325
25.016725666666662,739.9370319999999,299.96817533333336,-48.070035499999996,539.690957,58.0000785,-37.4397965,299.2602665,46.1494935,-37.085137,11.607684999999947,-33.293321000000006
25.041827666666666,739.9181906666666,299.98139,-48.282362000000006,539.8356605,57.9173195,-37.247562,299.4513355,46.363504,-37.110203999999996,11.531146999999976,-33.315504000000004
25.065395,739.9166696666666,299.9996533333333,-48.511153500000006,540.0145755000001,57.8331155,-37.047913,299.6768605,46.613502,-37.137494000000004,11.446798999999999,-33.337342
25.087142666666665,739.9329803333334,300.02333100000004,-48.756463000000004,540.2299995000001,57.747068,-36.8395165,299.9385855,46.9021075,-37.166409,11.353754999999978,-33.359331
25.106776333333332,739.9676426666666,300.0527273333333,-49.01826,540.48415,57.658741,-36.6210145,300.23818800000004,47.231917,-37.196298999999996,11.251105999999993,-33.38198
25.123999666666666,740.0211886666667,300.088081,-49.2964295,540.779128,57.567668999999995,-36.3910345,300.57726749999995,47.605476,-37.226473,11.137945000000002,-33.405794
25.138520999999997,740.0941606666665,300.12956033333336,-49.590776000000005,541.1168825,57.4733595,-36.148205499999996,300.957336,48.025239,-37.256213,11.013356000000044,-33.431265999999994
25.150062333333334,740.187108,300.177262,-49.9010265,541.4991709999999,57.375303,-35.891173,301.37980849999997,48.4935385,-37.284797999999995,10.876436999999953,-33.458855
25.158367666666667,740.3005843333334,300.231204,-50.226837,541.9275265,57.272977,-35.618612999999996,301.845998,49.012555,-37.311507999999996,10.726308000000017,-33.48898799999999
25.16320933333333,740.4351426666667,300.29132733333336,-50.567796,542.403227,57.1658525,-35.3292495,302.35711349999997,49.5842885,-37.335651,10.56210900000002,-33.522037000000005
25.164396333333332,740.591328,300.35749133333337,-50.923435000000005,542.9272605,57.0534045,-35.02187,302.9142595,50.2105315,-37.356570000000005,10.383024999999975,-33.558325
25.16178066666667,740.7696666666667,300.4294743333333,-51.2932285,543.5003065,56.935116,-34.695339000000004,303.5184345,50.8928505,-37.373664,10.188288999999997,-33.59810900000001
25.15526,740.9706576666667,300.5069726666666,-51.6766,544.122714,56.81049,-34.348614,304.1705415,51.632568000000006,-37.386392,9.977191000000005,-33.641584
25.144783,741.1947613333333,300.58960133333335,-52.072922999999996,544.794491,56.6790565,-33.9807555,304.87138849999997,52.430747000000004,-37.394293000000005,9.74909299999996,-33.688878
25.130351666666666,741.4423836666666,300.6768993333333,-52.481521,545.5153009999999,56.540384,-33.590939,305.62169800000004,53.2881875,-37.396986,9.503436000000022,-33.740044999999995
25.112020666666666,741.7138673333333,300.7683313333334,-52.901663,546.2844680000001,56.394093000000005,-33.1784635,306.42211599999996,54.2054165,-37.394189,9.23975200000001,-33.795069000000005
25.089898333333334,742.009475,300.863296,-53.332561,547.100988,56.239862,-32.7427545,307.273222,55.1826945,-37.385715,8.957670000000007,-33.853859
25.064142333333333,742.3293826666667,300.96113266666663,-53.7733635,547.9635539999999,56.077443,-32.283370500000004,308.1755395,56.220012000000004,-37.371483000000005,8.656928999999991,-33.916250000000005
25.034955666666672,742.6736649999999,301.0611323333333,-54.2231505,548.8705815000001,55.906667,-31.7999985,309.129546,57.3171045,-37.351517,8.337379999999996,-33.982001
25.002584,743.0422923333334,301.1625503333333,-54.6809305,549.820246,55.727450499999996,-31.2924535,310.1356835,58.473459,-37.325945000000004,7.998996999999974,-34.050798
24.967304666666667,743.4351256666665,301.26461966666665,-55.145635500000004,550.8105210000001,55.5397985,-30.7606705,311.194371,59.6883275,-37.294999,7.641880000000015,-34.12225900000001
24.929424666666666,743.8519166666666,301.3665663333333,-55.6161205,551.839221,55.3438035,-30.204697499999998,312.3060085,60.960747,-37.259009,7.266256999999996,-34.195932
24.889268333333334,744.292312,301.4676276666667,-56.091164000000006,552.9040494999999,55.1396395,-29.624685500000002,313.470988,62.289552,-37.218393,6.872481999999991,-34.27131
24.847170333333334,744.7558640000001,301.567069,-56.5694695,554.0026415,54.927553,-29.0208735,314.68969649999997,63.673396499999996,-37.17365099999999,6.461038999999971,-34.347826999999995
24.803466999999998,745.242042,301.6642,-57.049667,555.1326095,54.707851,-28.393579499999998,315.96252000000004,65.110771,-37.125347,6.032532000000003,-34.424876000000005
24.758489666666666,745.7502503333334,301.758393,-57.530319999999996,556.2915885,54.48088800000001,-27.7431875,317.2898385,66.600018,-37.074103,5.587677000000042,-34.50181200000001
24.712553333333332,746.279849,301.84909833333336,-58.009929,557.4772740000001,54.2470505,-27.070131,318.6720265,68.1393545,-37.020574,5.127298999999994,-34.577968999999996
24.66595433333333,746.8301716666666,301.9358556666666,-58.486937,558.68746,54.00674000000001,-26.374886,320.109443,69.7268815,-36.965436000000004,4.652312000000052,-34.652661
24.618961666666667,747.4005506666667,302.01830566666666,-58.959734499999996,559.9200705000001,53.76035950000001,-25.6579595,321.602419,71.360604,-36.909369000000005,4.163708000000042,-34.725198
24.571814333333336,747.9903346666666,302.096197,-59.4266665,561.173183,53.50829949999999,-24.919881999999998,323.151249,73.03843950000001,-36.853034,3.6625440000000253,-34.794897000000006
24.524716666666666,748.5989106666666,302.16938866666663,-59.8860365,562.4450525,53.250924999999995,-24.1611995,324.756172,74.758229,-36.797064999999996,3.1499200000000087,-34.86109
24.477839666666664,749.2257173333334,302.2378516666667,-60.336110500000004,563.7341200000001,52.988570499999994,-23.382472500000002,326.4173565,76.51774950000001,-36.742043,2.626966999999979,-34.923137000000004
24.431321333333333,749.8702613333334,302.301664,-60.7751225,565.039021,52.7215295,-22.5842785,328.1348805,78.314721,-36.688487,2.0948270000000093,-34.980426
24.385266666666666,750.5321256666666,302.36100266666665,-61.201276,566.3585845,52.4500525,-21.767207499999998,329.908716,80.146811,-36.636843,1.5546380000000113,-35.032391999999994
24.339753666666667,751.2109736666667,302.41613533333333,-61.6127485,567.691826,52.174344500000004,-20.9318725,331.738711,82.011646,-36.587467,1.0075219999999945,-35.07851600000001
24.294836333333333,751.9065526666667,302.46740666666665,-62.007693,569.037934,51.8945655,-20.078915499999997,333.624573,83.9068175,-36.540625,0.4545620000000099,-35.11833300000001
24.250551333333334,752.6186916666667,302.5152216666666,-62.3842425,570.396254,51.61082999999999,-19.2090155,335.5658575,85.82988750000001,-36.496483,-0.1031990000000178,-35.151438999999996
24.206924666666666,753.347291,302.5600316666667,-62.740512,571.766264,51.323207499999995,-18.322899,337.56195649999995,87.7783965,-36.455112,-0.66477900000001,-35.17748900000001
24.163976666666667,754.092313,302.6023143333333,-63.0746085,573.147555,51.031727499999995,-17.4213505,339.61209199999996,89.74987300000001,-36.416479,-1.2292540000000258,-35.19619999999999
24.121729,754.853768,302.64255699999995,-63.3846335,574.5398005,50.736374000000005,-16.505223,341.71531300000004,91.74184149999999,-36.380464,-1.7957759999999894,-35.20735499999999
24.080211333333335,755.631695,302.68124033333334,-63.6687015,575.9427355,50.4370955,-15.575446999999999,343.870496,93.7518295,-36.346855999999995,-2.3635679999999866,-35.210801000000004
24.039464,756.4261426666667,302.71882266666665,-63.924953,577.356129,50.133798500000005,-14.6330345,346.07635200000004,95.77738049999999,-36.315371,-2.9319300000000226,-35.206441
23.999542333333334,757.2371459999999,302.7557246666667,-64.151575,578.779761,49.826357,-13.679086,348.331433,97.81606,-36.285656,-3.5002359999999726,-35.19423999999999
23.960519666666666,758.0647073333333,302.79231933333335,-64.346831,580.213401,49.514612,-12.714788,350.6341445,99.8654665,-36.257304000000005,-4.067937000000029,-35.174221
23.92248566666667,758.9087716666667,302.82892266666664,-64.50909100000001,581.6567904999999,49.198382499999994,-11.7414095,352.98276350000003,101.9232395,-36.229873,-4.634555000000034,-35.146451
23.885546666666666,759.7692076666667,302.8657856666667,-64.6368735,583.109623,48.877472499999996,-10.7602905,355.3754525,103.987068,-36.202891,-5.1996749999999565,-35.111052
23.84982066666667,760.6457866666666,302.9030916666666,-64.7288865,584.571533,48.5516845,-9.772832999999999,357.81028100000003,106.054698,-36.175874,-5.762947999999994,-35.06818200000001
23.815437666666668,761.5381696666667,302.94095166666665,-64.784075,586.042085,48.220835,-8.7804775,360.2852435,108.12393900000001,-36.148343,-6.32407900000004,-35.01804
23.782531333333335,762.4458933333332,302.9794053333333,-64.8016765,587.520766,47.884773,-7.784685,362.798279,110.192668,-36.119836,-6.882825999999966,-34.960852
23.751236333333335,763.3683609999999,303.0184213333334,-64.7812635,589.006979,47.5434,-6.786913000000001,365.3472935,112.258837,-36.08992,-7.438993000000039,-34.89687199999999
23.721682333333334,764.3048399999999,303.0579023333333,-64.722801,590.500045,47.1966865,-5.7885885,367.9301745,114.32047800000001,-36.058205,-7.992426999999964,-34.826374
23.693991999999998,765.2544606666667,303.09768733333334,-64.62668400000001,591.9992030000001,46.8446935,-4.791082,370.544809,116.37570300000002,-36.02436,-8.543007999999986,-34.749644
23.668270333333336,766.216221,303.1375586666666,-64.493776,593.503615,46.487584,-3.7956829999999995,373.1891005,118.422715,-35.98811,-9.090652999999975,-34.666983999999985
23.644608666666667,767.1889966666666,303.1772506666667,-64.3254355,595.0123745000001,46.125635,-2.803575500000001,375.8609745,120.4598075,-35.949255,-9.635307000000012,-34.578697000000005
23.623074666666668,768.1715523333334,303.2164563333333,-64.1235225,596.524515,45.759241,-1.8158215000000002,378.558398,122.4853765,-35.907663,-10.176938000000007,-34.485095
23.603713,769.1625583333333,303.254837,-63.8903975,598.039023,45.3889095,-0.8333425000000005,381.279378,124.497921,-35.863279,-10.715538000000038,-34.386492000000004
23.586544,770.160608,303.29203566666666,-63.628893500000004,599.5548455,45.015252,0.14308799999999877,384.0219725,126.4960585,-35.816116,-11.251113000000032,-34.283203000000015
23.571562,771.1642406666666,303.32768266666665,-63.342276999999996,601.0709035,44.638967,1.1128484999999984,386.7842915,128.4785245,-35.766247,-11.783684999999991,-34.17554899999999
23.558735,772.1719589999999,303.36141100000003,-63.03418,602.586099,44.260813,2.0754694999999996,389.5644995,130.444191,-35.713801,-12.313281000000018,-34.063856000000015
23.548006,773.1822536666667,303.3928636666667,-62.708520500000006,604.0993245,43.881581499999996,3.030622499999999,392.360813,132.392068,-35.658947,-12.839931999999976,-33.94845200000002
23.539293333333333,774.193625,303.42170699999997,-62.3694045,605.6094645000001,43.5020635,3.978108999999999,395.17150200000003,134.321318,-35.601876,-13.363670000000013,-33.82967799999999
23.532493666666667,775.2045996666667,303.4476386666667,-62.021013,607.115399,43.123017,4.917844,397.9948835,136.2312575,-35.542786,-13.884517000000017,-33.707880999999986
23.52748166666667,776.2137536666668,303.470396,-61.667486000000004,608.616003,42.745136,5.8498315000000005,400.8293225,138.121367,-35.481867,-14.402485000000013,-33.58341399999999
23.524117,777.2197249999999,303.4897643333333,-61.312802500000004,610.110139,42.369031,6.774145,403.673223,139.9912935,-35.419278,-14.917574000000002,-33.45663900000001
23.522243333333336,778.2212290000001,303.5055816666666,-60.9606635,611.5966525,41.995211499999996,7.690897,406.525029,141.840851,-35.355134,-15.429757999999993,-33.327918
23.521694666666665,779.2170679999999,303.5177443333333,-60.614396,613.074365,41.6240805,8.600219,409.3832145,143.6700175,-35.28949,-15.938992999999982,-33.197615
23.52229733333333,780.206141,303.52620666666667,-60.27686,614.542064,41.2559385,9.502234999999999,412.2462845,145.478932,-35.222332,-16.445210999999972,-33.06608400000002
23.523877,781.18745,303.5309833333333,-59.950385000000004,615.998497,40.890991,10.3970375,415.1127685,147.2678845,-35.153563,-16.948312999999985,-32.933671000000004
23.526259,782.160101,303.53214633333334,-59.636728500000004,617.4423695,40.529365,11.284673000000002,417.98121549999996,149.0373055,-35.083008,-17.448181000000034,-32.800697000000014
23.529276333333332,783.1233080000001,303.52982199999997,-59.337053999999995,618.872339,40.171124999999996,12.1651235,420.850196,150.787755,-35.010411,-17.94466799999998,-32.66745800000001
23.532768333333333,784.0763933333333,303.52418600000004,-59.051936,620.2870225,39.8162925,13.038299,423.71829249999996,152.5199015,-34.935444000000004,-18.437613,-32.53421500000002
23.536586,785.0187866666666,303.51545899999996,-58.78138800000001,621.6849990000001,39.4648655,13.9040295,426.584103,154.2345115,-34.857717,-18.926832000000047,-32.40118699999999
23.540593333333334,785.9500236666667,303.50389766666666,-58.5249055,623.06482,39.116841,14.762065999999999,429.446237,155.93242850000001,-34.776796,-19.412138000000027,-32.268550999999974
23.544667333333337,786.8697430000001,303.489787,-58.2815305,624.425022,38.772231,15.612083,432.303314,157.614554,-34.69222,-19.89333799999997,-32.13643200000001
23.548698333333334,787.7776856666666,303.47343166666667,-58.0499225,625.7641415,38.4310865,16.453687499999997,435.15396499999997,159.2818325,-34.603519,-20.370244000000014,-32.00490099999999
23.552591333333336,788.6736873333333,303.4551476666666,-57.828442499999994,627.080728,38.093516,17.286429,437.9968345,160.93523199999998,-34.510238,-20.842679000000032,-31.87397999999999
23.556266333333337,789.5576766666667,303.4352496666666,-57.6152375,628.3733675,37.759707,18.1098155,440.83058,162.57573150000002,-34.411950999999995,-21.310479999999984,-31.743635000000012
23.559656333333333,790.429667,303.41404566666665,-57.408325,629.6406965,37.429944,18.9233255,443.6538755,164.204306,-34.308285000000005,-21.773509000000047,-31.613786000000005
23.56271033333333,791.2897473333334,303.3918223333333,-57.205678999999996,630.8814205,37.104627,19.7264265,446.465415,165.821915,-34.198929,-22.231646000000012,-31.48429999999999
23.565393666666665,792.1380746666667,303.36884000000003,-57.0053045,632.0943325000001,36.784288000000004,20.5185875,449.2639175,167.429496,-34.083643,-22.684802999999988,-31.355000000000018
23.567687666666668,792.9748586666666,303.3453253333333,-56.805305499999996,633.2783305,36.469607,21.299295,452.048129,169.02795700000001,-33.962270000000004,-23.132915999999966,-31.225670000000008
23.569592999999998,793.8003516666666,303.321463,-56.603944999999996,634.4324285,36.161416,22.0680635,454.816828,170.61817250000001,-33.834737000000004,-23.575949999999978,-31.09606099999999
23.571130666666665,794.6148326666666,303.29739466666666,-56.3996875,635.5557695,35.8607115,22.8244415,457.5688295,172.20098050000001,-33.701053,-24.013896999999986,-30.965888999999976
23.572344666666666,795.4185936666667,303.273214,-56.191235999999996,636.6476365000001,35.5686475,23.568022,460.3029865,173.777186,-33.561308,-24.44677299999995,-30.834854000000007
23.573301666666666,796.2119233333333,303.24896966666665,-55.977551500000004,637.7074534999999,35.286534,24.298441999999998,463.01819450000005,175.347554,-33.415664,-24.87461300000001,-30.70263799999998
23.574095,796.9950950000001,303.22466833333334,-55.757862,638.7347855,35.0158215,25.015382,465.713392,176.91281850000001,-33.264345999999996,-25.29747999999995,-30.568914999999976
23.574844666666667,797.768351,303.20027899999997,-55.531661,639.7293374999999,34.7580825,25.718566000000003,468.387562,178.473678,-33.107636,-25.715448000000038,-30.433358
23.575696000000004,798.5318943333333,303.17574099999996,-55.298695499999994,640.6909425,34.5149845,26.4077575,471.0397345,180.0307985,-32.945861,-26.128608999999983,-30.295642999999984
23.576821,799.2858783333335,303.1509753333333,-55.058943,641.619546,34.2882615,27.0827545,473.66898449999997,181.584813,-32.779381,-26.537067000000036,-30.15545800000001
23.578417,800.0304,303.12589433333335,-54.81259,642.5151914999999,34.079674,27.743386,476.274431,183.13631800000002,-32.608586,-26.94093799999996,-30.012500000000017
23.58070166666667,800.7655013333333,303.10041700000005,-54.5599955,643.377994,33.8909735,28.389512999999997,478.85523750000004,184.68587200000002,-32.433884,-27.34034300000002,-29.866483999999986
23.583913,801.4911656666667,303.0744793333334,-54.3016625,644.208119,33.7238605,29.0210215,481.41061,186.23399,-32.255699,-27.735408000000007,-29.717141999999996
23.588301333333334,802.2073273333334,303.0480503333333,-54.0382005,645.0057535,33.579945,29.637832500000002,483.939794,187.7811375,-32.074467,-28.126261999999997,-29.564220999999975
23.594127,802.913877,303.02114133333333,-53.7702985,645.771081,33.460708499999996,30.239901500000002,486.44207400000005,189.327723,-31.890637,-28.51303200000001,-29.40748400000001
23.60165166666667,803.610674,302.9938183333333,-53.4986915,646.5042530000001,33.3674745,30.8272295,488.916768,190.874091,-31.704663,-28.895838000000026,-29.246710000000007
23.611135666666666,804.2975613333333,302.9662113333333,-53.22414,647.2053665,33.3013775,31.3998705,491.3632295,192.4205125,-31.517016999999996,-29.274794999999983,-29.081686999999988
23.622827333333333,804.9743806666667,302.938515,-52.947407999999996,647.8744415,33.263346,31.957945,493.78083849999996,193.967177,-31.328179999999996,-29.650003000000027,-28.912217999999996
23.636961333333332,805.6409876666667,302.9109946666667,-52.669250500000004,648.511403,33.254087999999996,32.501652,496.169004,195.5141865,-31.138654000000002,-30.021547999999996,-28.738107000000014
23.653751333333332,806.297269,302.88398,-52.390404000000004,649.1160685,33.274093,33.0312805,498.527157,197.0615475,-30.948956999999996,-30.389498000000003,-28.559167000000002
23.673387333333334,806.9431546666666,302.85786033333335,-52.111582,649.688138,33.32363,33.5472235,500.8547485,198.60916500000002,-30.759631000000002,-30.753903000000037,-28.37521000000001
23.696031,807.5786326666666,302.8330736666666,-51.8334795,650.2271955,33.402768,34.049982,503.15124549999996,200.15684449999998,-30.571241999999998,-31.114784999999927,-28.186050999999992
23.721816666666665,808.2037576666667,302.81009366666666,-51.5567705,650.7327104999999,33.511390500000005,34.540175500000004,505.4161285,201.70428600000002,-30.384380999999998,-31.472143000000017,-27.991498000000007
23.750847000000004,808.8186586666667,302.78941533333335,-51.282120000000006,651.204052,33.6492265,35.01854,507.6488865,203.251091,-30.199662000000004,-31.825953000000027,-27.791361999999992
23.783196999999998,809.4235433333333,302.77153500000003,-51.0101895,651.6405065,33.815881,35.4859265,509.8490145,204.7967645,-30.017718999999996,-32.176158999999984,-27.585453
23.818911333333332,810.0186990000001,302.75693699999994,-50.741640499999995,652.0413060000001,34.01087,35.9432915,512.0160109999999,206.34072600000002,-29.839204999999996,-32.52267599999993,-27.37357799999998
23.85800933333333,810.604489,302.74607199999997,-50.477143999999996,652.4056559999999,34.2336545,36.3916845,514.1493725,207.8823195,-29.664776999999997,-32.865387000000055,-27.155556999999988
23.900486333333333,811.1813463333333,302.73934233333335,-50.2173825,652.7327765,34.48368,36.8322305,516.2485965000001,209.420824,-29.495097,-33.204147000000034,-26.931219999999996
23.946316,811.7497659999999,302.737087,-49.963051,653.0219385,34.7604095,37.266107,518.3131745000001,210.9554715,-29.330816,-33.53877300000005,-26.700411000000003
23.995457,812.310294,302.7395676666667,-49.7148545,653.272508,35.0633555,37.694522,520.342598,212.48546149999999,-29.172562,-33.86905399999995,-26.463002999999986
24.047852666666667,812.8635113333333,302.74696066666667,-49.473505499999995,653.4839824999999,35.392106,38.11869,522.3363575,214.0099735,-29.020928,-34.19474299999996,-26.218897
24.103441000000004,813.4100203333333,302.75935,-49.2397135,653.656033,35.746348,38.539802,524.2939465,215.5281855,-28.876459999999998,-34.51556100000005,-25.968030999999996
24.16215133333333,813.950432,302.77672233333334,-49.014179,653.788533,36.125884,38.9590105,526.2148669999999,217.0392895,-28.739642999999997,-34.83120399999996,-25.710385000000002
24.223916333333335,814.4853486666667,302.798968,-48.797580499999995,653.881583,36.530640500000004,39.377401,528.098637,218.54250050000002,-28.610886000000004,-35.141340000000014,-25.44599100000002
24.28866933333333,815.0153546666666,302.825885,-48.5905635,653.9355285,36.960673,39.79598,529.9448004999999,220.037075,-28.490516,-35.445618999999965,-25.174936000000002
24.356350666666668,815.5410026666667,302.85718399999996,-48.3937275,653.9509645,37.4161595,40.215661,531.752934,221.52231899999998,-28.378758,-35.74368800000002,-24.897368
24.426908333333333,816.0628093333333,302.89249866666665,-48.2076165,653.928737,37.8973965,40.6372545,533.522663,222.997603,-28.275737,-36.03518799999995,-24.613503999999978
24.500300333333332,816.5812456666666,302.93139733333334,-48.0327085,653.8699265,38.4047785,41.0614675,535.2536695,224.4623695,-28.181465,-36.31978099999992,-24.323626999999988
24.576493,817.0967393333334,302.97339833333336,-47.869409499999996,653.775832,38.9387825,41.488899,536.94571,225.9161445,-28.095840000000003,-36.597158000000036,-24.028100999999992
24.655462,817.6096753333335,303.0179856666667,-47.7180485,653.6479435,39.499948,41.920047499999995,538.5986235,227.358547,-28.018651,-36.86704899999995,-23.72735400000002
24.737186999999995,818.1203976666666,303.06462566666664,-47.578874500000005,653.4879125,40.088846000000004,42.355312999999995,540.2123435000001,228.78929549999998,-27.949571999999996,-37.129242999999974,-23.421888999999993
24.821652333333333,818.6292166666667,303.11278599999997,-47.452059500000004,653.2975165,40.706058999999996,42.795009,541.786912,230.2082155,-27.888176,-37.38359200000002,-23.112268999999998
24.90884133333333,819.1364159999999,303.1619543333333,-47.337696,653.078625,41.352149,43.2393675,543.322484,231.61524450000002,-27.833937000000002,-37.63003200000003,-22.79911100000001
24.998733,819.6422606666666,303.211652,-47.235805500000005,652.8331635,42.027635,43.6885525,544.819334,233.010433,-27.786244999999997,-37.86857199999997,-22.483069999999998
25.091298666666663,820.1470023333333,303.2614513333333,-47.1463375,652.5630825000001,42.7329615,44.142666,546.2778635,234.393946,-27.744411999999997,-38.09931100000006,-22.164826000000005
25.18650033333333,820.6508866666667,303.3109866666667,-47.069177,652.2703225,43.4684755,44.60176,547.6985965,235.766057,-27.707686000000002,-38.32242900000006,-21.845057999999995
25.284286666666663,821.1541566666666,303.35996500000005,-47.004148,651.9567930000001,44.2344045,45.06584,549.082184,237.12714549999998,-27.675265999999997,-38.538184,-21.52443100000002
25.38459233333333,821.6570529999999,303.4081716666667,-46.951015999999996,651.6243465,45.030834,45.534875,550.4293945,238.4776875,-27.646318000000004,-38.74690700000008,-21.203569000000016
25.487337666666665,822.1598156666668,303.45547633333337,-46.909493499999996,651.2747625,45.857687,46.0087965,551.7411135,239.818245,-27.619977,-38.94899099999998,-20.883038
25.592429666666664,822.6626753333334,303.50183466666664,-46.8792385,650.909739,46.714712500000005,46.487505,553.01833,241.1494535,-27.595376,-39.14488000000006,-20.56332900000001
25.699759666666665,823.1658516666666,303.54728400000005,-46.859857999999996,650.5308815,47.601470000000006,46.970865,554.2621340000001,242.472007,-27.571648000000003,-39.33506199999999,-20.244842000000006
25.809207999999998,823.66954,303.5919436666667,-46.850907,650.1397035,48.517325,47.4587045,555.473699,243.786649,-27.547939,-39.52005600000007,-19.927879999999988
25.920646333333334,824.1739023333333,303.63600533333334,-46.851887999999995,649.7376285,49.4614405,47.950809,556.6542744999999,245.094154,-27.523427999999996,-39.70039899999995,-19.612641999999994
26.033938666666668,824.6790543333333,303.6797276666667,-46.8622505,649.3259955000001,50.432781000000006,48.446918,557.805175,246.39531549999998,-27.497332,-39.87664200000006,-19.29922099999999
26.148944999999998,825.1850506666666,303.72342499999996,-46.881391,648.9060655000001,51.430115,48.9467135,558.927767,247.69093299999997,-27.468925,-40.049334000000044,-18.98760999999999
26.265525666666665,825.6918716666665,303.767459,-46.9086515,648.479032,52.452022,49.449817499999995,560.023458,248.981801,-27.437547000000002,-40.219014000000016,-18.677711999999985
26.383543,826.1994129999999,303.8122246666667,-46.943326,648.04603,53.4969105,49.955783999999994,561.0936885,250.268696,-27.402616000000002,-40.38619700000004,-18.369342000000017
26.502866,826.7074729999999,303.8581403333333,-46.984659,647.6081445,54.56303,50.4640905,562.139917,251.552367,-27.363641,-40.551372000000015,-18.062251999999972
26.623371333333335,827.2157456666667,303.90563733333335,-47.031856,647.1664185,55.648495499999996,50.974138999999994,563.163614,252.833529,-27.320233999999992,-40.71497600000009,-17.756139999999988
26.74494633333333,827.7238169999999,303.9551466666667,-47.0840905,646.721856,56.751311,51.4852495,564.166248,254.11285,-27.272115,-40.877402000000075,-17.450664000000017
26.867492,828.231162,304.00709133333334,-47.1405145,646.2754275,57.869397500000005,51.99666500000001,565.149278,255.39094699999998,-27.219122000000006,-41.03896800000007,-17.145472000000012
26.990921333333333,828.7371503333334,304.061876,-47.200273,645.8280649999999,59.000625,52.5075515,566.1141405000001,256.6683765,-27.161210999999994,-41.19992500000001,-16.840203000000002
27.115162333333334,829.2410543333332,304.119881,-47.2625175,645.3806585,60.1428425,53.017009,567.0622445,257.9456285,-27.098458,-41.36043500000005,-16.534519000000017
27.240156,829.7420593333333,304.18145499999997,-47.326421499999995,644.93405,61.2939135,53.52407649999999,567.9949565,259.2231195,-27.031056999999997,-41.520574999999894,-16.228111000000013
27.36585633333333,830.2392806666667,304.24691,-47.39119650000001,644.4890195,62.451746,54.027749,568.913596,260.5011875,-26.959317999999996,-41.68032199999993,-15.920718999999991
27.492227333333332,830.7317803333334,304.3165176666667,-47.456103999999996,644.046276,63.614328,54.5269895,569.8194265,261.78008550000004,-26.88364899999999,-41.83956499999999,-15.612139000000013
27.61924266666667,831.2185893333334,304.39050633333335,-47.520473,643.6064409999999,64.7797545,55.020748,570.713654,263.0599785,-26.804560000000002,-41.99810200000002,-15.302236999999991
27.746884666666663,831.6987263333334,304.46905799999996,-47.583704,643.1700390000001,65.9462525,55.507976,571.5974205,264.3409425,-26.722634,-42.155647000000044,-14.990950999999995
27.875139333333337,832.171221,304.552309,-47.645282,642.737483,67.112209,55.9876445,572.471805,265.62295900000004,-26.63852700000001,-42.31185000000005,-14.678301999999974
28.00399566666667,832.6351326666667,304.64034599999997,-47.7047755,642.3090655,68.276182,56.458762,573.3378250000001,266.90592100000003,-26.552937999999997,-42.46630799999991,-14.36438800000002
28.133445666666663,833.0895726666668,304.73320800000005,-47.761840500000005,641.884954,69.436914,56.9203825,574.1964405,268.1896325,-26.466597000000007,-42.61858499999994,-14.049387000000024
28.26348033333333,833.5337159999999,304.8308856666667,-47.8162165,641.465189,70.59333699999999,57.371623,575.0485545,269.473815,-26.380246,-42.76823300000001,-13.733556000000021
28.39408933333333,833.9668213333334,304.9333223333333,-47.86772,641.049687,71.7445705,57.811667,575.8950215,270.758116,-26.294610000000006,-42.914810999999986,-13.417215999999996
28.525257999999997,834.388241,305.040416,-47.916236999999995,640.6382544999999,72.8899135,58.239768999999995,576.736647,272.0421145,-26.210385999999993,-43.05790400000001,-13.100754999999992
28.65696966666667,834.7974283333333,305.15202,-47.961715500000004,640.2305955,74.0288295,58.655257,577.574196,273.325339,-26.128214,-43.19714399999998,-12.784611999999981
28.789199999999997,835.193946,305.2679473333333,-48.00415,639.8263360000001,75.16093000000001,59.0575275,578.4083885,274.60727299999996,-26.048659,-43.3322169999999,-12.469269999999995
28.921919666666668,835.577471,305.3879733333334,-48.043574,639.425043,76.2859495,59.446042,579.2399055000001,275.88737449999996,-25.972191999999993,-43.46287700000005,-12.15524499999998
29.055088333333334,835.9477896666667,305.511839,-48.080046499999995,639.0262459999999,77.4037245,59.820316000000005,580.069381,277.165085,-25.899170000000005,-43.58895200000006,-11.843075999999996
29.188659,836.304803,305.639257,-48.113643499999995,638.62946,78.51416800000001,60.1799145,580.897404,278.4398445,-25.829829000000004,-43.710347999999954,-11.533309000000031
29.32257,836.6485186666665,305.76991433333336,-48.144447,638.2342034999999,79.6172425,60.5244425,581.724508,279.711105,-25.764269,-43.827045999999996,-11.226489999999956
29.456748,836.9790466666667,305.90348,-48.172538,637.8400185,80.712943,60.853536500000004,582.5511650000001,280.97833649999995,-25.702453,-43.93909999999994,-10.923153000000013
29.591104666666666,837.296593,306.0396073333333,-48.1979895,637.4464795,81.801273,61.166861499999996,583.3777795,282.24103649999995,-25.644206999999994,-44.046626999999944,-10.62380300000001
29.725534999999997,837.6014506666667,306.17793966666665,-48.2208645,637.0532049999999,82.882229,61.4641065,584.2046740000001,283.498736,-25.589228999999996,-44.14980400000002,-10.328908000000013
29.859920666666664,837.8939906666666,306.3181146666667,-48.241210499999994,636.6598604999999,83.955791,61.7449855,585.0320815,284.75099650000004,-25.53709700000001,-44.248849000000064,-10.038888999999983
29.994126333333337,838.1746499999999,306.45976866666666,-48.259057999999996,636.2661595,85.0219055,62.009240999999996,585.8601355000001,285.997415,-25.487285999999997,-44.34401700000001,-9.754107999999974
30.128003333333336,838.4439226666667,306.6025373333334,-48.2744225,635.8718650000001,86.080487,62.2566495,586.6888615,287.237614,-25.439191000000008,-44.43558299999995,-9.47485800000004
30.261393,838.7023456666667,306.74606033333333,-48.287304,635.4767815,87.131409,62.487030000000004,587.5181675,288.47123899999997,-25.392146000000004,-44.52383299999997,-9.20136199999996
30.394127333333333,838.9504883333334,306.88997866666665,-48.2976885,635.0807520000001,88.1745055,62.700256499999995,588.34784,289.697949,-25.34545099999999,-44.609046000000035,-8.933763999999996
30.526036666666666,839.1889373333333,307.033938,-48.3055485,634.6836525000001,89.20957200000001,62.896268000000006,589.177543,290.917407,-25.298396000000004,-44.691491999999926,-8.672122000000002
30.656950666666663,839.4182886666667,307.177587,-48.310851,634.2853875000001,90.23637049999999,63.0750845,590.0068145,292.129271,-25.250295,-44.771414999999934,-8.416420000000016
30.786705,839.6391306666666,307.320574,-48.313553000000006,633.8858815,91.2546325,63.236819,590.8350725,293.3331825,-25.200508000000006,-44.84903099999997,-8.166552999999965
30.91514533333333,839.8520363333333,307.4625496666667,-48.31361,633.4850779999999,92.2640665,63.381688999999994,591.6616214999999,294.52875800000004,-25.14847199999999,-44.92451900000003,-7.92234400000001
31.04212933333333,840.0575503333334,307.60316166666667,-48.310978500000004,633.0829345,93.26436749999999,63.510025999999996,592.4856615000001,295.715582,-25.093715999999993,-44.998017000000004,-7.6835419999999885
31.167533333333335,840.2561813333333,307.7420563333333,-48.305618499999994,632.6794199999999,94.255221,63.622281,593.3062964999999,296.89320050000003,-25.035891999999997,-45.069616999999994,-7.449828999999966
31.29124966666667,840.448391,307.8788753333334,-48.297497500000006,632.2745135,95.236315,63.7190285,594.122554,298.0611165,-24.974787000000006,-45.13937199999998,-7.220825000000048
31.41319066666667,840.6345889999999,308.01325833333334,-48.286596499999995,631.8682045,96.20734949999999,63.800959500000005,594.933393,299.218791,-24.910327000000002,-45.20728800000006,-6.9961040000000025
31.53328666666667,840.8151266666667,308.144842,-48.2729135,631.4604925,97.168039,63.8688805,595.7377275,300.3656455,-24.842594999999996,-45.27333500000009,-6.775200999999981
31.651488,840.9902913333332,308.27326266666665,-48.256468500000004,631.051387,98.11812950000001,63.9236935,596.534437,301.50106700000003,-24.771820999999996,-45.33744200000001,-6.557617999999991
31.767757333333332,841.1603043333333,308.398158,-48.237306499999995,630.6409120000001,99.05739750000001,63.9663895,597.3223889999999,302.624415,-24.698382999999993,-45.39951000000008,-6.342844000000014
31.882071666666665,841.3253209999999,308.5191723333333,-48.2155055,630.2291035000001,99.98566349999999,63.9980255,598.1004499999999,303.7350335,-24.622792999999994,-45.45941200000004,-6.1303609999999935
31.994418,841.4854300000001,308.6359606666667,-48.191177499999995,629.8160144999999,100.9027955,64.01970349999999,598.867508,304.8322645,-24.54569099999999,-45.517005999999924,-5.919659000000024
32.104788,841.6406556666667,308.7481926666667,-48.164472,629.4017154999999,101.808712,64.032551,599.622482,305.915459,-24.467816,-45.572136,-5.710247999999979
32.213174,841.7909629999999,308.8555606666667,-48.135582,628.9862949999999,102.70339,64.0377,600.364341,306.983993,-24.389995999999996,-45.624641999999994,-5.501664000000005
32.319567666666664,841.9362623333333,308.957786,-48.104741000000004,628.569864,103.586862,64.0362645,601.0921115,308.037284,-24.313122999999997,-45.67436900000007,-5.293484000000035
32.42395333333334,842.076419,309.0546243333333,-48.0722265,628.152549,104.45922250000001,64.0293195,601.804895,309.0748035,-24.238124999999997,-45.721172000000024,-5.0853290000000015
32.52630633333333,842.2112586666667,309.1458743333333,-48.038356,627.7344995,105.32062099999999,64.0178885,602.5018715,310.0960905,-24.165944999999994,-45.76492499999995,-4.876875000000041
32.62659033333333,842.3405803333334,309.231384,-48.0034865,627.315878,106.1712625,64.002926,603.182311,311.100766,-24.097513999999997,-45.805521999999996,-4.667857999999967
32.72475533333333,842.4641660000001,309.3110566666667,-47.968008999999995,626.8968629999999,107.011404,63.985305,603.8455775,312.0885405,-24.033725999999994,-45.84288700000002,-4.458075000000008
32.82073566666667,842.5817916666666,309.38485633333335,-47.93234,626.477641,107.841345,63.965813,604.4911345,313.059223,-23.975410000000004,-45.87696900000003,-4.247389999999996
32.914453,842.6932386666666,309.4528136666667,-47.896915,626.058403,108.661423,63.9451425,605.1185439999999,314.01272600000004,-23.923317000000004,-45.907753999999954,-4.035733999999991
33.00581433333333,842.798306,309.5150283333333,-47.862181,625.6393395,109.472007,63.923893500000005,605.7274685,314.949067,-23.878087,-45.935254999999984,-3.8231040000000007
33.094716999999996,842.8968193333334,309.5716703333333,-47.828584,625.220637,110.2734835,63.90257,606.3176655,315.868366,-23.840239999999994,-45.959520999999995,-3.6095619999999826
33.181051,842.9886413333334,309.622981,-47.796559,624.8024700000001,111.066251,63.881586,606.8889839999999,316.770841,-23.810158,-45.9806319999999,-3.395238000000006
33.264702,843.073677,309.6692706666667,-47.7665215,624.3850025,111.85071049999999,63.861266,607.4413589999999,317.65680150000003,-23.788073999999995,-45.998699999999985,-3.1803150000000073
33.34555666666666,843.1518833333333,309.7109136666666,-47.738856,623.968386,112.62725400000001,63.8418535,607.9748025,318.5266385,-23.774070999999992,-46.013860999999906,-2.9650350000000003
33.423509333333335,843.2232713333333,309.74834400000003,-47.713910999999996,623.552758,113.39625899999999,63.823513999999996,608.4893959999999,319.3808125,-23.768074,-46.02627999999993,-2.7496869999999944
33.498465333333336,843.2879086666667,309.7820443333333,-47.6919895,623.1382484999999,114.15808100000001,63.806341,608.9852860000001,320.21984199999997,-23.769849999999998,-46.03614600000003,-2.534596000000022
33.570346666666666,843.345918,309.81253833333335,-47.6733455,622.72498,114.91304450000001,63.790360500000006,609.46267,321.0442895,-23.779024999999997,-46.043664000000035,-2.320122999999967
33.63909833333334,843.397481,309.8403786666667,-47.658182499999995,622.3130755,115.661441,63.775537,609.9217995,321.8547495,-23.795089999999995,-46.04905499999995,-2.1066490000000044
33.704692666666666,843.442827,309.866132,-47.64665,621.902664,116.4035235,63.7617785,610.3629665,322.6518375,-23.817414999999997,-46.052549,-1.8945670000000518
33.76713133333333,843.482234,309.89036966666663,-47.638847500000004,621.4938844999999,117.13950349999999,63.7489375,610.7865065000001,323.43617500000005,-23.845270999999997,-46.05438700000002,-1.6842760000000112
33.826451,843.5160196666666,309.91365233333335,-47.6348235,621.0868929999999,117.8695505,63.73682049999999,611.1927935,324.20838449999997,-23.877857,-46.05480699999998,-1.4761689999999703
33.882722666666666,843.544535,309.93651733333337,-47.6345785,620.6818645000001,118.5937945,63.725189,611.5822405,324.9690745,-23.914320000000004,-46.05405100000007,-1.2706249999999955
33.93605266666667,843.5681556666667,309.9594696666666,-47.6380705,620.2789975000001,119.312324,63.713768,611.955303,325.7188365,-23.953788000000003,-46.05234800000005,-1.0679989999999862
33.98658266666667,843.5872753333333,309.9829706666667,-47.6452195,619.878512,120.02518900000001,63.702245500000004,612.3124755,326.458236,-23.995395000000002,-46.04991700000005,-0.8686119999999846
34.034487,843.6022946666667,310.00742999999994,-47.6559065,619.4806515,120.7324115,63.690285,612.6543015,327.187807,-24.038310000000003,-46.046955000000025,-0.6727480000000128
34.07997033333333,843.6136166666666,310.03319966666663,-47.669985499999996,619.0856765,121.43398099999999,63.677522999999994,612.981372,327.9080505,-24.081758,-46.04363599999999,-0.4806389999999965
34.123264999999996,843.6216353333333,310.0605673333334,-47.687282,618.6938645,122.12986950000001,63.663581,613.294331,328.619432,-24.12505,-46.04009800000006,-0.2924639999999954
34.164623999999996,843.626731,310.089755,-47.707599,618.3054970000001,122.820032,63.6480655,613.593878,329.3223785,-24.167586999999997,-46.03644600000007,-0.10834699999998065
34.204321666666665,843.6292643333333,310.12091566666663,-47.730722,617.9208590000001,123.5044165,63.630576,613.880772,330.01728349999996,-24.208885999999993,-46.03273999999999,0.07164900000003627
34.242645,843.6295683333333,310.1541353333334,-47.756425,617.5402280000001,124.1829675,63.6107075,614.155828,330.7045065,-24.248576999999997,-46.028999999999996,0.24752300000000105
34.279891,843.6279483333333,310.189431,-47.784472,617.1638694999999,124.85563199999999,63.5880565,614.41992,331.38437550000003,-24.286409000000006,-46.02519199999995,0.4193309999999997
34.316360333333336,843.6246763333334,310.2267566666667,-47.8146245,616.7920245,125.522364,63.562225999999995,614.673974,332.0571925,-24.322249999999997,-46.021241999999916,0.5871829999999818
34.35235666666667,843.6199896666667,310.26600533333334,-47.846648,616.4249115,126.18312750000001,63.532826,614.9189635,332.7232365,-24.356077999999997,-46.01702899999998,0.7512409999999932
34.388178,843.6140923333332,310.3070146666667,-47.8803145,616.062715,126.837897,63.499483,615.1558975,333.382763,-24.38797199999999,-46.012388999999985,0.9117099999999709
34.424115,843.6071553333335,310.3495746666667,-47.9154125,615.7055825,127.486661,63.461838,615.385813,334.03601349999997,-24.418100000000003,-46.007123999999976,1.0688329999999837
34.460444333333335,843.599317,310.393433,-47.9517485,615.3536255,128.12941949999998,63.419554500000004,615.6097535,334.683212,-24.446709000000006,-46.00100700000007,1.22288599999996
34.49742633333333,843.5906883333333,310.4383056666667,-47.989155000000004,615.006914,128.766181,63.372316999999995,615.8287574999999,335.324569,-24.474104000000004,-45.993787,1.3741639999999506
34.53530033333333,843.5813553333334,310.48388500000004,-48.0274935,614.665481,129.396966,63.319835499999996,616.043838,335.9602815,-24.500637000000005,-45.98520199999996,1.522978999999964
34.574277333333335,843.5713833333333,310.5298516666666,-48.06666,614.3293225,130.021798,63.261844999999994,616.25596,336.5905315,-24.526689999999995,-45.97498400000006,1.6696469999999977
34.614538,843.560822,310.57588366666664,-48.106586,613.9984015,130.640703,63.198107,616.466025,337.215488,-24.552657999999994,-45.96287199999995,1.8144800000000032
34.656226333333336,843.5497089999999,310.62166866666666,-48.147243,613.672656,131.2537035,63.1284105,616.674847,337.8353035,-24.578940999999993,-45.94861999999989,1.9577769999999646
34.69944466666667,843.5380759999999,310.6669133333333,-48.188642,613.352003,131.860818,63.052566500000005,616.883136,338.4501115,-24.605923000000004,-45.932006,2.099819000000025
34.744250666666666,843.5259513333334,310.71135666666663,-48.2308315,613.0363440000001,132.462053,62.970415,617.0914835,339.0600255,-24.633965999999994,-45.91284500000006,2.2408470000000307
34.790656000000006,843.5133656666667,310.7547753333333,-48.273901,612.7255785,133.05740350000002,62.881817500000004,617.300346,339.665139,-24.663391000000004,-45.89099400000009,2.3810680000000275
34.83862,843.5003526666666,310.7969933333333,-48.3179735,612.4196055,133.64685,62.786659,617.5100365000001,340.2655185,-24.694478000000004,-45.86636499999997,2.520637000000022
34.88805633333333,843.4869543333333,310.8378846666667,-48.363205,612.118334,134.230355,62.684849,617.7207209999999,340.86120700000004,-24.727453999999994,-45.83892800000001,2.659655999999984
34.938829999999996,843.4732206666667,310.87737899999996,-48.409779,611.8216895,134.8078675,62.576320499999994,617.9324145,341.4522205,-24.76248499999999,-45.808726999999976,2.798167000000035
34.990768,843.4592103333333,310.91545766666667,-48.457901500000006,611.529619,135.37932,62.461033,618.1449875000001,342.0385445,-24.799678,-45.77587699999992,2.9361490000000003
35.04366066666667,843.444993,310.952154,-48.5077965,611.2420950000001,135.9446325,62.338972999999996,618.3581685,342.62014,-24.839076,-45.740575000000035,3.0735200000000304
35.097273333333334,843.4306473333332,310.987544,-48.5596975,610.959121,136.503717,62.210159000000004,618.5715625,343.1969355,-24.880662000000008,-45.70310099999995,3.2101370000000315
35.151357999999995,843.41626,311.0217436666667,-48.613844,610.6807289999999,137.056479,62.074644,618.7846615000001,343.76883699999996,-24.924357999999998,-45.66381899999999,3.345801999999992
35.205658,843.4019269999999,311.05489600000004,-48.6704735,610.4069825,137.602826,61.9325185,618.996866,344.3357215,-24.970029000000004,-45.623171999999954,3.4802649999999744
35.25992299999999,843.3877496666668,311.087166,-48.729816500000005,610.1379755,138.14266700000002,61.78391500000001,619.207507,344.8974465,-25.017496,-45.581682,3.6132350000000315
35.313915,843.373837,311.1187303333333,-48.79209,609.873826,138.6759245,61.629009499999995,619.4158669999999,345.453849,-25.066528999999996,-45.53993400000002,3.744388000000015
35.36741733333333,843.3603016666667,311.1497703333334,-48.857492500000006,609.614677,139.2025355,61.46802649999999,619.621208,346.0047525,-25.116870999999996,-45.49856999999997,3.873377000000005
35.42024133333334,843.3472609999999,311.180462,-48.926201000000006,609.3606875,139.72245750000002,61.301237,619.8227955,346.54996900000003,-25.168231999999996,-45.45827099999997,3.999840000000006
35.472232,843.3348356666665,311.2109746666667,-48.9983665,609.112028,140.2356715,61.128960500000005,620.01992,347.089306,-25.220307,-45.41973599999994,4.12342000000001
35.52326866666667,843.323149,311.24146133333335,-49.074112,608.8688770000001,140.742184,60.9515625,620.2119255,347.62257050000005,-25.272779,-45.38366700000006,4.243766999999991
35.57326833333334,843.3123236666667,311.2720583333334,-49.153528,608.6314115,141.242032,60.769452,620.3982269999999,348.14957400000003,-25.325333999999998,-45.35073799999998,4.360556000000031
35.622187,843.3024826666666,311.3028826666667,-49.236675,608.399802,141.73528,60.583079,620.5783335,348.6701355,-25.377662000000008,-45.321580999999924,4.473497000000009
35.670016000000004,843.2937463333333,311.3340293333333,-49.323582,608.1742065,142.22202149999998,60.392926,620.751862,349.18408999999997,-25.429472000000004,-45.296749999999975,4.582341999999983
35.71677966666667,843.28623,311.36557500000004,-49.414246000000006,607.9547655,142.702375,60.199502,620.9185505,349.6912865,-25.480496000000002,-45.27671099999998,4.686901000000034
35.76253333333333,843.2800426666668,311.3975746666667,-49.508635999999996,607.741595,143.17648200000002,60.003336000000004,621.07827,350.191598,-25.530498,-45.26180999999997,4.787040000000047
35.807356666666664,843.2752836666667,311.43006633333334,-49.606691,607.5347845,143.64450200000002,59.804967000000005,621.231028,350.6849175,-25.579272000000003,-45.25226599999996,4.882697000000007
35.85135066666666,843.2720406666666,311.4630713333333,-49.708324,607.3343935,144.1066105,59.6049365,621.3769705,351.171165,-25.626661,-45.24814900000001,4.9738759999999616
35.894631333333336,843.2703873333334,311.49659633333334,-49.813424999999995,607.140447,144.56298900000002,59.4037775,621.5163785,351.650288,-25.672545,-45.24937699999998,5.060657999999989
35.93732633333334,843.2703806666667,311.53063599999996,-49.921862000000004,606.9529365,145.0138235,59.202009,621.6496615,352.12226,-25.716855999999993,-45.25570700000003,5.143193999999994
35.979567333333335,843.2720596666667,311.5651746666667,-50.033485000000006,606.7718179999999,145.4592965,59.00012650000001,621.7773474999999,352.587081,-25.759571,-45.26674700000001,5.221703999999988
36.02148866666667,843.2754436666668,311.60018633333334,-50.1481255,606.5970135,145.8995835,58.798597,621.900065,353.044777,-25.800714,-45.28195599999992,5.296473999999989
36.06321833333333,843.2805313333333,311.635639,-50.265602,606.4284145,146.3348475,58.597853,622.0185265,353.4954005,-25.840351999999996,-45.30066499999998,5.367846999999983
36.104879333333336,843.2873013333333,311.671494,-50.3857205,606.2658815,146.76523450000002,58.3982895,622.133505,353.93902349999996,-25.878598999999994,-45.32209399999999,5.436213000000009
36.146582,843.2957126666666,311.707706,-50.508276,606.109248,147.1908705,58.200261,622.2458115,354.37573599999996,-25.915602,-45.34537899999998,5.5020000000000095
36.188422333333335,843.3057046666667,311.7442266666667,-50.6330535,605.9583285000001,147.61185899999998,58.0040815,622.35627,354.80564400000003,-25.951543000000008,-45.36960399999998,5.565656000000047
36.230480666666665,843.3172023333333,311.781004,-50.759832499999995,605.812916,148.0282805,57.8100245,622.465689,355.22886500000004,-25.986628999999994,-45.393823999999995,5.627643999999975
36.272819,843.3301156666666,311.8179813333333,-50.8883825,605.6727925,148.44019,57.618325,622.5748395,355.64552100000003,-26.021092000000003,-45.41710499999999,5.688418000000013
36.315480666666666,843.3443440000001,311.8551013333333,-51.018468,605.5377295000001,148.84762,57.4291825,622.684431,356.05574,-26.055175000000006,-45.43855200000007,5.748414000000025
36.358489,843.3597806666667,311.89230200000003,-51.1498495,605.4074949999999,149.2505815,57.242763,622.7950905,356.4596495,-26.089132,-45.45733500000006,5.808041000000003
36.40184966666666,843.3763136666666,311.9295226666666,-51.2822805,605.281855,149.649064,57.059202,622.907345,356.8573725,-26.123223999999993,-45.47271599999999,5.867664999999988
36.445551,843.3938330000001,311.96669966666667,-51.415512,605.16058,150.043041,56.8786105,623.0216115000001,357.2490295,-26.157707000000002,-45.48406899999998,5.927604999999971
36.489564666666666,843.4122303333334,312.0037703333333,-51.54929,605.043445,150.4324715,56.70108,623.138189,357.634735,-26.19283,-45.490890000000036,5.9881240000000275
36.533849333333336,843.4314049999999,312.0406713333333,-51.683359499999995,604.9302355,150.817308,56.5266825,623.257252,358.014598,-26.228831,-45.49280999999996,6.0494319999999675
36.57835133333334,843.4512646666666,312.07734266666665,-51.8174625,604.820747,151.1974945,56.355478000000005,623.3788549999999,358.3887205,-26.26592800000001,-45.489592000000016,6.111679000000038
36.62300966666667,843.471729,312.1137243333333,-51.951341,604.714787,151.57297549999998,56.187518499999996,623.502937,358.757201,-26.304311000000006,-45.481134,6.1749659999999835
36.66775533333333,843.4927303333334,312.1497623333333,-52.084738,604.6121775,151.9436965,56.0228495,623.6293295,359.120134,-26.344149,-45.46745299999998,6.23933999999997
36.712517,843.5142146666666,312.18540466666667,-52.217398,604.5127525,152.309609,55.861515,623.7577685,359.47761,-26.385568,-45.44868500000007,6.3048
36.75722133333334,843.5361416666666,312.22060633333336,-52.349073,604.4163599999999,152.67067350000002,55.703558,623.887907,359.829716,-26.428663999999998,-45.425062000000025,6.371309999999994
36.80179833333333,843.5584863333333,312.255327,-52.4795155,604.3228615,153.026861,55.549022,624.019335,360.17654,-26.473492000000007,-45.39690200000007,6.43879800000002
36.84618033333333,843.5812356666667,312.28953366666667,-52.6084905,604.2321285,153.3781535,55.397951,624.1515919999999,360.5181655,-26.520067999999995,-45.36459400000001,6.507166999999981
36.89030533333334,843.6043876666666,312.3232,-52.73577,604.144044,153.724548,55.250392,624.284189,360.85467700000004,-26.56837,-45.32857200000001,6.5762940000000185
36.934119,843.6279506666666,312.35630599999996,-52.8611375,604.058498,154.066053,55.106386,624.4166245,361.186157,-26.618337999999994,-45.289311,6.6460500000000025
36.97757333333333,843.6519396666666,312.388836,-52.9843895,603.975387,154.402692,54.965976,624.548405,361.512688,-26.669878000000004,-45.247299999999996,6.71629200000001
37.020628666666674,843.6763736666667,312.42078200000003,-53.105337500000005,603.8946109999999,154.7344995,54.8291955,624.6790585,361.8343525,-26.722868999999996,-45.203033000000005,6.786877000000004
37.063253333333336,843.7012723333333,312.452139,-53.223805999999996,603.8160714999999,155.0615225,54.6960705,624.808151,362.151233,-26.777160999999992,-45.15699200000006,6.857662000000005
37.105421,843.7266536666666,312.4829056666667,-53.3396395,603.7396699999999,155.383818,54.5666175,624.935299,362.463414,-26.832587000000004,-45.10963600000002,6.92850999999996
37.14711133333333,843.7525296666666,312.513083,-53.4526975,603.6653034999999,155.7014515,54.440836,625.0601795,362.77097849999996,-26.88896799999999,-45.06138899999996,6.999293000000023
37.188308,843.7789043333333,312.5426733333333,-53.5628585,603.592866,156.0144965,54.318712000000005,625.182536,363.0740135,-26.946112000000007,-45.01263400000005,7.069895000000031
37.228996333333335,843.8057706666667,312.5716793333333,-53.670019,603.5222435000001,156.32302950000002,54.200210500000004,625.3021845000001,363.37260549999996,-27.003831000000005,-44.963707,7.140210999999965
37.26916133333334,843.83311,312.60010400000004,-53.7740965,603.4533145,156.627134,54.085279,625.4190140000001,363.66684250000003,-27.061937999999998,-44.914891999999895,7.210153000000048
37.30878766666667,843.860888,312.627948,-53.875024999999994,603.3859514999999,156.926893,53.973843,625.532982,363.956814,-27.120253999999996,-44.86642199999994,7.279643999999962
37.34785333333334,843.8890576666666,312.6552106666666,-53.9727605,603.320015,157.22239150000001,53.865809500000005,625.6441130000001,364.24260849999996,-27.178611000000004,-44.81847800000003,7.348625000000027
37.38633166666667,843.9175546666667,312.6818916666666,-54.067275,603.255359,157.5137105,53.761064000000005,625.7524875,364.5243165,-27.236852000000006,-44.77119700000003,7.417051000000015
37.42418933333334,843.9463036666666,312.7079866666666,-54.158563,603.19183,157.8009285,53.6594755,625.8582365,364.8020245,-27.294840999999998,-44.72467299999994,7.484887000000015
37.46138166666667,843.975214,312.7334906666667,-54.2466335,603.1292685000001,158.08412149999998,53.5608975,625.9615269999999,365.07581849999997,-27.352445000000003,-44.67896200000007,7.552107000000035
37.49785466666667,844.0041843333333,312.75839833333333,-54.331515499999995,603.0675085,158.3633575,53.465171,626.0625505,365.34578,-27.409549999999996,-44.63409899999999,7.61869200000001
37.533546,844.0331066666668,312.78270133333336,-54.413253999999995,603.006383,158.63869699999998,53.37213199999999,626.161509,365.611987,-27.466046,-44.59009000000003,7.684627999999975
37.56838,844.061865,312.8063933333333,-54.491908,602.9457245,158.9101955,53.281611500000004,626.258604,365.87451050000004,-27.521831000000006,-44.54693199999997,7.749894999999981
37.602274666666666,844.0903406666666,312.8294676666667,-54.567550499999996,602.885366,159.177899,53.193449,626.354022,366.1334145,-27.576801999999994,-44.50461199999995,7.814473000000021
37.635139,844.1184149999999,312.851918,-54.640265,602.825147,159.441847,53.107493500000004,626.4479240000001,366.3887555,-27.630858999999994,-44.463116000000014,7.878329000000008
37.666876333333335,844.1459723333334,312.87374033333333,-54.710142,602.7649125,159.7020705,53.023613,626.5404375,366.6405775,-27.683894000000002,-44.42243300000007,7.941424999999981
37.697388999999994,844.1729013333334,312.8949323333333,-54.777277999999995,602.7045165,159.958595,52.94170199999999,626.6316475000001,366.888916,-27.735791999999996,-44.38256100000001,8.00370399999997
37.726576666666666,844.1990993333333,312.91549533333335,-54.841772,602.6438244999999,160.2114375,52.86168550000001,626.721594,367.13379399999997,-27.786431,-44.343505999999934,8.065101999999968
37.75434333333333,844.2244713333333,312.9354336666667,-54.9037185,602.582714,160.4606115,52.783528,626.8102675,367.375218,-27.835675999999992,-44.30529100000001,8.125538000000006
37.780597666666665,844.2489340000001,312.9547546666666,-54.96321,602.5210755,160.70612599999998,52.7072345,626.8976135,367.613183,-27.883384999999997,-44.267953000000034,8.184920000000034
37.805258333333335,844.2724156666667,312.97347033333335,-55.020326999999995,602.458816,160.94798400000002,52.63285499999999,626.983534,367.847669,-27.929403999999998,-44.231543999999985,8.243146000000024
37.828253,844.2948540000001,312.991598,-55.0751415,602.395856,161.18618750000002,52.5604845,627.0678905,368.0786395,-27.973568999999998,-44.19612900000004,8.30010500000003
37.849524333333335,844.3162016666666,313.0091596666667,-55.1277075,602.3321325,161.42073299999998,52.4902625,627.150517,368.306044,-28.015716999999995,-44.161786000000006,8.355685999999992
37.86902933333334,844.3364193333333,313.02618133333334,-55.178062000000004,602.267598,161.651616,52.42237,627.231222,368.52981650000004,-28.055679999999995,-44.12859800000001,8.409775000000025
37.886743333333335,844.3554786666667,313.04269500000004,-55.226224,602.202218,161.8788285,52.3570235,627.309802,368.749879,-28.093298999999995,-44.096653999999944,8.462266
37.902659,844.3733609999999,313.058737,-55.272189999999995,602.135974,162.10236,52.2944705,627.386053,368.96614,-28.128423000000005,-44.066040000000044,8.513059999999996
37.91678733333333,844.390054,313.0743466666667,-55.315936,602.0688605,162.32219600000002,52.234978,627.4597805000001,369.178499,-28.160918000000002,-44.036833,8.56207999999998
37.92916033333333,844.4055516666667,313.08956800000004,-55.357417,602.0008809999999,162.5383195,52.1788265,627.530808,369.38684750000004,-28.190676999999994,-44.009097999999994,8.609262999999999
37.939826000000004,844.4198523333334,313.1044463333333,-55.396569,601.932051,162.75071,52.126296499999995,627.5989895,369.5910735,-28.217621,-43.98287700000003,8.654571000000033
37.948851,844.4329573333334,313.1190276666667,-55.4333085,601.862391,162.9593415,52.077661,627.664217,369.791063,-28.241709999999998,-43.95818600000007,8.697999999999979
37.95631566666666,844.4448699999999,313.133358,-55.46754,601.791929,163.1641875,52.033169,627.7264295,369.98670500000003,-28.262946,-43.935009000000036,8.73957200000001
37.962314666666664,844.4555923333334,313.1474816666667,-55.499154000000004,601.720693,163.36521499999998,51.993043,627.785616,370.1778955,-28.281380000000006,-43.913287999999966,8.779346999999973
37.96695166666667,844.4651266666666,313.16143800000003,-55.5280355,601.6487135,163.562389,51.9574615,627.8418205,370.3645385,-28.297117,-43.892922999999996,8.81742300000002
37.97033733333333,844.473472,313.17526266666664,-55.554066500000005,601.5760155,163.7556725,51.926554499999995,627.895143,370.5465545,-28.310314999999996,-43.873770000000036,8.853930999999989
37.97258466666667,844.480626,313.1889836666667,-55.577132500000005,601.502621,163.94502599999998,51.900394999999996,627.945741,370.72388,-28.321185999999997,-43.855638,8.889042000000018
37.973807666666666,844.4865816666667,313.2026203333333,-55.5971275,601.4285434999999,164.1304125,51.878993,627.9938275,370.8964715,-28.329998000000003,-43.83829099999991,8.922960999999987
37.974116,844.4913293333334,313.21618166666667,-55.613962,601.3537875,164.3117925,51.8622895,628.0396645,371.064309,-28.337065000000003,-43.82145700000001,8.955919999999992
37.973611,844.494854,313.22966633333334,-55.627566,601.2783455,164.489131,51.8501555,628.0835605,371.22739449999995,-28.342747000000003,-43.804835000000026,8.988180999999997
37.97238633333333,844.4971373333334,313.2430586666667,-55.637896500000004,601.2021995,164.6623975,51.8423925,628.1258625,371.385759,-28.347433000000002,-43.78810299999998,9.02002600000003
37.97052166666666,844.4981566666667,313.256332,-55.644943999999995,601.1253174999999,164.831565,51.8387305,628.1669485,371.539454,-28.351540999999997,-43.77093500000001,9.051748000000032
37.968083,844.497884,313.26944333333336,-55.648737,601.047657,164.9966145,51.838835,628.2072155,371.6885595,-28.355495999999995,-43.753011000000015,9.083645000000047
37.96512033333334,844.4962883333334,313.2823376666666,-55.649345499999995,600.9691645,165.157535,51.8423095,628.24707,371.83317350000004,-28.359721,-43.73403600000006,9.116015000000004
37.961667,844.4933326666668,313.29494566666665,-55.646886,600.8897784999999,165.314323,51.848706500000006,628.2869149999999,371.9734175,-28.364623,-43.713750000000005,9.149140999999986
37.957740333333334,844.4889766666665,313.3071863333333,-55.641521499999996,600.8094295000001,165.46698750000002,51.857534,628.327138,372.10942550000004,-28.370584000000008,-43.69193999999993,9.183287000000007
37.95333933333333,844.4831756666666,313.31896666666665,-55.633465,600.7280475,165.6155475,51.868268,628.3680979999999,372.24134300000003,-28.377939999999995,-43.668454,9.218685999999991
37.948447333333334,844.4758813333334,313.33018466666664,-55.622977,600.6455605,165.760036,51.880368000000004,628.410114,372.369322,-28.386976000000004,-43.643201999999974,9.255536000000006
37.94303466666666,844.4670430000001,313.34073133333334,-55.610363500000005,600.5619039999999,165.90050150000002,51.893286,628.453452,372.493517,-28.397920000000006,-43.616164000000026,9.293993999999998
37.93705766666667,844.4566063333333,313.35049200000003,-55.5959735,600.47702,166.03700700000002,51.906484999999996,628.4983165,372.614079,-28.410929999999993,-43.58738500000004,9.334165999999982
37.930461333333334,844.4445193333335,313.359352,-55.580192000000004,600.390863,166.1696355,51.9194485,628.5448445,372.731155,-28.42609300000001,-43.55697900000007,9.37611000000004
37.92318366666667,844.4307293333333,313.36719666666664,-55.563435,600.3034045,166.29848850000002,51.931695000000005,628.593097,372.844884,-28.443420000000003,-43.52511799999991,9.41982999999999
37.915158,844.4151889999999,313.373917,-55.5461415,600.2146335,166.42369000000002,51.942792,628.6430585,372.955399,-28.462849999999996,-43.4920249999999,9.465276000000017
37.906316000000004,844.397856,313.3794106666667,-55.5287645,600.1245595,166.5453885,51.9523625,628.694636,373.06282350000004,-28.484246999999996,-43.457966000000056,9.512345000000039
37.89659133333333,844.3786976666667,313.38358866666664,-55.5117615,600.0332155000001,166.6637575,51.960092,628.74766,373.167278,-28.50741,-43.42323600000009,9.560883999999987
37.88592366666666,844.357696,313.3863743333333,-55.4955865,599.940658,166.7789975,51.965741,628.8018904999999,373.26887899999997,-28.53207400000001,-43.38815099999999,9.610702000000003
37.874263,844.334845,313.38770900000003,-55.480679499999994,599.8469685,166.8913355,51.9691425,628.8570215,373.3677435,-28.557924999999997,-43.35303099999999,9.661561000000006
37.86157266666667,844.3101606666668,313.3875533333333,-55.467458,599.7522515,167.001027,51.97020499999999,628.9126945,373.4639915,-28.584607999999996,-43.318186999999966,9.713202999999965
37.847834666666664,844.2836773333333,313.38588899999996,-55.456309,599.6566359999999,167.10835400000002,51.968909999999994,628.968505,373.5577495,-28.611736,-43.28391599999998,9.76534300000003
37.83305,844.2554526666667,313.382721,-55.4475835,599.560273,167.21362299999998,51.9653115,629.0240195,373.649154,-28.638909000000005,-43.250485000000026,9.81768999999997
37.817244333333335,844.2255683333334,313.378079,-55.441587,599.4633349999999,167.3171605,51.959523000000004,629.078789,373.7383535,-28.66572,-43.218125999999984,9.869944999999973
37.800468,844.1941306666668,313.3720163333333,-55.43858,599.366012,167.4193105,51.951712,629.132366,373.825511,-28.691771999999993,-43.187033999999926,9.921820000000025
37.782797333333335,844.1612686666667,313.36461,-55.43877,599.268512,167.52042649999999,51.9420865,629.1843185,373.910806,-28.716687000000007,-43.15736300000003,9.97303199999999
37.76433733333334,844.1271346666666,313.355963,-55.442314999999994,599.1710555,167.62086499999998,51.9308805,629.2342524999999,373.994433,-28.740116999999998,-43.12922900000001,10.023320000000012
37.74521766666667,844.0919013333333,313.3461986666667,-55.449319,599.073877,167.7209785,51.91834,629.281821,374.076604,-28.761745999999995,-43.10271,10.072437999999977
37.72559366666667,844.055759,313.335464,-55.459836499999994,598.977218,167.8211035,51.9047065,629.3267435,374.15754400000003,-28.781310999999995,-43.07785899999999,10.120167999999978
37.70564099999999,844.0189133333333,313.3239246666667,-55.4738705,598.881326,167.9215525,51.890204000000004,629.3688165,374.23749050000004,-28.798590000000004,-43.05469900000003,10.166313000000002
37.685555,843.98158,313.31176366666665,-55.4913785,598.7864535,168.022604,51.8750215,629.4079214999999,374.3166865,-28.813423,-43.033236999999986,10.210704999999962
37.665545333333334,843.9439826666667,313.2991793333333,-55.5122755,598.6928535,168.12449199999998,51.8593085,629.4440345,374.3953785,-28.825705,-43.013463,10.253206999999975
37.645829666666664,843.9063483333333,313.2863816666666,-55.5364345,598.6007790000001,168.227397,51.843157000000005,629.477224,374.47380799999996,-28.835389999999997,-42.995356000000015,10.293707999999981
37.626629,843.868902,313.27359033333335,-55.5636965,598.510479,168.3314385,51.826604,629.507648,374.552203,-28.8425,-42.97888599999999,10.332132000000001
37.60816233333333,843.8318653333334,313.261031,-55.593871,598.4221965,168.436668,51.809625999999994,629.5355505,374.63077150000004,-28.847112000000003,-42.96401500000002,10.368433000000039
37.59063966666667,843.7954506666666,313.24893000000003,-55.626742,598.3361685,168.5430645,51.7921395,629.5612505,374.709695,-28.84936499999999,-42.95069699999999,10.402596000000017
37.574256,843.7598583333333,313.237515,-55.662074,598.2526230000001,168.650532,51.774007,629.5851245,374.7891175,-28.849455999999996,-42.93887900000004,10.43463700000001
37.55918666666667,843.7252736666666,313.2270056666666,-55.6996155,598.171777,168.75889949999998,51.7550445,629.6075925,374.8691425,-28.847629000000005,-42.92849699999999,10.464597000000026
37.545584,843.6918646666667,313.21761466666663,-55.7391055,598.093837,168.86792300000002,51.73503,629.629099,374.94982500000003,-28.844172,-42.91947600000003,10.492546000000004
37.533568,843.6597803333334,313.20954033333334,-55.7802765,598.018996,168.97729149999998,51.713717,629.650093,375.03116850000004,-28.839408,-42.911734000000024,10.518567000000019
37.52323166666667,843.6291466666667,313.202963,-55.82286,597.947435,169.086632,51.69084649999999,629.6710045,375.1131245,-28.833684999999996,-42.905174999999986,10.54275899999999
37.51463233333333,843.6000686666666,313.1980436666666,-55.866589,597.879319,169.1955205,51.666159500000006,629.6922314999999,375.19559100000004,-28.82735900000001,-42.89969099999996,10.56523199999998
37.50779466666666,843.5726279999999,313.19491766666664,-55.911204,597.8148,169.303492,51.639411499999994,629.714116,375.278416,-28.820796999999992,-42.89516200000003,10.586097999999993
37.50271133333333,843.546884,313.193692,-55.956452,597.754013,169.4100535,51.61038549999999,629.736932,375.3614005,-28.814355,-42.89145199999996,10.605464999999981
37.49934166666667,843.5228739999999,313.19444300000004,-56.0020925,597.6970745,169.51469550000002,51.5789015,629.7608705,375.444306,-28.808377000000007,-42.88841500000001,10.623444000000006
37.49761866666667,843.500614,313.1972146666667,-56.047897,597.6440855,169.61690850000002,51.5448275,629.7860324999999,375.526861,-28.803180999999995,-42.885891000000015,10.640135999999984
37.497448,843.480101,313.20201433333335,-56.0936515,597.5951265,169.71619349999997,51.508087,629.8124215,375.6087705,-28.799060000000004,-42.88370699999996,10.655634999999961
37.49871566666667,843.4613146666667,313.208815,-56.1391565,597.5502564999999,169.81207899999998,51.4686625,629.839943,375.689723,-28.796273,-42.881680000000074,10.670026000000007
37.50128966666667,843.444219,313.21755033333335,-56.1842275,597.5095155,169.904131,51.4266025,629.8684069999999,375.7694045,-28.795043,-42.879620000000045,10.683387000000039
37.50502633333333,843.4287656666667,313.2281206666667,-56.2286955,597.4729185000001,169.9919665,51.3820165,629.8975335,375.847504,-28.795554999999993,-42.87732899999992,10.695787999999993
37.509775,843.4148953333333,313.24038866666666,-56.272407,597.440459,170.075261,51.3350765,629.9269615000001,375.923728,-28.797959,-42.87460900000008,10.707291999999995
37.51538166666666,843.4025416666667,313.2541846666666,-56.315223,597.4121035000001,170.1537585,51.28601,629.9562655,375.9978055,-28.802363999999997,-42.871264999999994,10.717957000000013
37.52169466666666,843.3916333333333,313.269307,-56.3570165,597.3877975,170.22727400000002,51.235096,629.9849685,376.0694965,-28.808842,-42.86711100000002,10.727837000000022
37.528567333333335,843.3820946666668,313.285527,-56.397675,597.3674595,170.2957025,51.18265149999999,630.012561,376.138601,-28.817428999999997,-42.86197599999991,10.736982000000012
37.53586133333334,843.373851,313.302592,-56.437099,597.350982,170.359013,51.129027,630.0385225,376.204963,-28.82813,-42.85571499999992,10.745439999999974
37.543451000000005,843.366828,313.3202306666667,-56.475197,597.3382349999999,170.4172525,51.074589,630.0623405,376.2684755,-28.840914000000005,-42.84821099999999,10.75325700000002
37.55122333333333,843.3609546666667,313.33815799999996,-56.5118895,597.329062,170.4705415,51.019712500000004,630.0835294999999,376.32908199999997,-28.855721000000003,-42.8393890000001,10.760469999999998
37.559079,843.3561646666667,313.3560803333333,-56.547108,597.3232840000001,170.5190675,50.964766999999995,630.1016545,376.386779,-28.872455999999993,-42.829218999999966,10.767117999999982
37.566933666666664,843.3523973333334,313.37370366666664,-56.580792,597.3207004999999,170.563082,50.9101035,630.1163425,376.441616,-28.89099499999999,-42.817724999999996,10.773224000000027
37.574718,843.3496,313.390737,-56.6128905,597.321089,170.602889,50.85604549999999,630.1273020000001,376.4936945,-28.911180999999992,-42.80498799999998,10.778805000000034
37.58237433333333,843.347727,313.406901,-56.64336349999999,597.3242104999999,170.63883950000002,50.802877499999994,630.134332,376.5431645,-28.932826999999996,-42.791146000000026,10.783861000000002
37.58985833333333,843.3467426666666,313.4219326666667,-56.672180000000004,597.3298090000001,170.67132149999998,50.7508375,630.1373285,376.5902215,-28.955713000000003,-42.776400999999964,10.78837500000003
37.59713333333334,843.3466213333332,313.435593,-56.699321499999996,597.337617,170.700751,50.700112,630.136292,376.63510399999996,-28.979587999999993,-42.76100999999994,10.792309999999986
37.60417066666667,843.3473473333333,313.44767233333334,-56.7247815,597.3473564999999,170.727561,50.650831499999995,630.131324,376.678083,-29.004173,-42.745277999999985,10.795612000000006
37.61094833333333,843.3489166666667,313.4579943333333,-56.7485655,597.3587445000001,170.7521935,50.603072999999995,630.122624,376.7194565,-29.029165999999996,-42.729556,10.798203
37.61744366666667,843.3513356666666,313.46642033333336,-56.770693,597.3714964999999,170.77508899999998,50.556858,630.1104845,376.7595415,-29.054242000000002,-42.71422699999994,10.799994999999967
37.623637333333335,843.354622,313.4728533333334,-56.7911955,597.385329,170.79667999999998,50.5121635,630.095278,376.7986645,-29.079065000000007,-42.69968599999993,10.800882999999999
37.629508333333334,843.3588043333333,313.47724166666666,-56.810119,597.3999630000001,170.8173805,50.4689235,630.0774475000001,376.8371495,-29.10329099999999,-42.686338999999975,10.800756999999976
37.635032333333335,843.3639213333332,313.479576,-56.82752,597.41513,170.837578,50.427040500000004,630.0574879999999,376.87531,-29.126577000000005,-42.674576,10.799509999999998
37.640183666666665,843.37002,313.47989233333334,-56.843466500000005,597.430573,170.857629,50.3863985,630.035936,376.91343800000004,-29.14858900000001,-42.66476,10.797033999999996
37.64493133333334,843.3771533333334,313.47826933333334,-56.858036,597.446048,170.87785050000002,50.3468695,630.0133505,376.9517945,-29.169011000000005,-42.65721099999996,10.793236999999976
37.64924266666667,843.3853793333333,313.47482600000006,-56.8713095,597.4613294999999,170.8985175,50.308326,629.990299,376.9906005,-29.187548000000007,-42.65219400000001,10.788044999999954
37.653083333333335,843.3947566666666,313.4697156666667,-56.88337250000001,597.476211,170.91985549999998,50.270653,629.9673405,377.03003149999995,-29.203938000000008,-42.649901,10.781403000000012
37.65641766666667,843.4053406666667,313.46312466666666,-56.894310999999995,597.4905075,170.94204100000002,50.2337535,629.9450139999999,377.07021,-29.217957,-42.65044399999999,10.773281999999995
37.659212,843.4171786666666,313.45526233333334,-56.9042065,597.504055,170.9651965,50.19756,629.9238250000001,377.1112005,-29.229426000000004,-42.65384800000004,10.763687000000004
37.661437,843.4303063333333,313.4463563333333,-56.913134,597.5167140000001,170.9893905,50.162036,629.904234,377.1530105,-29.238212000000004,-42.66003999999998,10.75264900000002
37.66306766666667,843.4447413333334,313.43664533333333,-56.921161,597.52837,171.0146395,50.1271825,629.886649,377.195585,-29.244235000000003,-42.66885400000001,10.740239999999972
37.664086,843.4604793333333,313.4263706666666,-56.9283425,597.5389315,171.040904,50.0930355,629.8714195,377.238811,-29.247477000000003,-42.680029000000104,10.72655999999995
37.664485000000006,843.4774886666668,313.41577033333334,-56.93472,597.548333,171.06809349999997,50.059665499999994,629.858834,377.28251750000004,-29.247972999999995,-42.69321599999989,10.711750999999992
37.664267,843.4957073333334,313.40507166666663,-56.9403205,597.5565315,171.0960685,50.027176999999995,629.8491160000001,377.32647899999995,-29.245820000000002,-42.707989999999995,10.695988
37.66344466666667,843.5150413333334,313.3944856666667,-56.945157,597.5635095,171.12464,49.995694,629.8424259999999,377.37041999999997,-29.241174,-42.72386199999994,10.67947799999996
37.662040999999995,843.5353626666666,313.3842016666667,-56.9492265,597.56927,171.15357649999999,49.965362999999996,629.8388665,377.4140195,-29.234246000000006,-42.740297000000055,10.662463000000002
37.66008733333334,843.5565120000001,313.3743856666667,-56.952513,597.5738389999999,171.1826035,49.9363345,629.838483,377.456918,-29.225297000000005,-42.75673800000004,10.645209999999963
37.65762266666666,843.5783003333335,313.36517566666663,-56.954986,597.5772625,171.21141,49.908761,629.8412734999999,377.498721,-29.21463,-42.77262299999995,10.628008000000023
37.65468966666666,843.6005143333333,313.3566823333333,-56.956604999999996,597.579603,171.239648,49.8827835,629.8471925,377.5390085,-29.20258100000001,-42.78740700000003,10.611154999999997
37.651333,843.6229213333332,313.3489876666667,-56.957319,597.5809429999999,171.2669395,49.858524,629.8561609999999,377.5773375,-29.189507999999996,-42.80059199999994,10.594959000000017
37.64759466666667,843.6452756666667,313.342146,-56.957069000000004,597.581379,171.2928765,49.836075,629.868072,377.61325550000004,-29.175776,-42.81174199999998,10.579717000000016
37.64351266666667,843.667328,313.336187,-56.955791,597.5810225,171.3170255,49.815495,629.882799,377.6462985,-29.161738000000007,-42.82050200000003,10.565706999999975
37.63911866666667,843.6888319999999,313.3311156666667,-56.9534165,597.5799979999999,171.3389285,49.796802,629.9002,377.6760055,-29.147729999999996,-42.826615999999945,10.553176999999948
37.634431,843.7095496666667,313.3269153333333,-56.9498745,597.5784444999999,171.35810450000002,49.779971,629.920126,377.70191950000003,-29.134048000000007,-42.82993399999998,10.542331000000047
37.62945933333333,843.729261,313.3235506666667,-56.9450925,597.576511,171.3740555,49.764929,629.942421,377.723592,-29.12093800000001,-42.830420000000004,10.533316000000013
37.62419933333334,843.7477686666666,313.32097066666665,-56.938998999999995,597.5743594999999,171.386262,49.751560999999995,629.9669285,377.740591,-29.108585999999995,-42.828150999999934,10.526215999999977
37.618634,843.764902,313.31910866666664,-56.931523,597.572163,171.3941895,49.739713,629.9934895,377.7524985,-29.097108000000006,-42.82331900000008,10.521042999999963
37.612732666666666,843.7805213333335,313.3178853333333,-56.922593500000005,597.570106,171.39729,49.729194500000006,630.0219460000001,377.7589125,-29.086545000000008,-42.816212000000064,10.517729000000031
37.606454,843.7945209999999,313.3172123333333,-56.912142,597.5683855,171.39499949999998,49.719787499999995,630.0521375000001,377.759448,-29.07686499999999,-42.80721099999994,10.516136000000017
37.59974666666667,843.8068286666667,313.3169903333333,-56.900099000000004,597.5672085,171.386744,49.711259,630.0839015,377.75373349999995,-29.067956000000002,-42.79677300000003,10.51604500000002
37.592552000000005,843.8174079999999,313.317113,-56.886397,597.566795,171.371939,49.7033675,630.1170695000001,377.74140750000004,-29.059641,-42.785406999999964,10.517165000000034
37.58480566666666,843.8262533333333,313.31746599999997,-56.8709675,597.5673765,171.3499945,49.695876,630.1514655000001,377.7221155,-29.051676000000008,-42.77366500000005,10.519145000000037
37.576442666666665,843.833392,313.31792966666666,-56.853741,597.5691955,171.320312,49.6885615,630.1869045,377.695506,-29.043764999999993,-42.76211699999999,10.521578000000034
37.56739833333333,843.8388799999999,313.3183783333334,-56.834647499999996,597.5725070000001,171.2822945,49.681227500000006,630.2231855,377.661225,-29.035573000000007,-42.751338999999916,10.524009999999976
37.557613333333336,843.8427966666667,313.31868133333336,-56.8136145,597.5775755,171.235344,49.6737115,630.2600964999999,377.618914,-29.026729000000003,-42.741893000000005,10.525959999999998
37.547035666666666,843.8452423333333,313.318704,-56.790567,597.584674,171.178867,49.6658945,630.2974065000001,377.5682055,-29.016848999999993,-42.73431700000003,10.526925000000006
37.535624000000006,843.8463346666667,313.3183086666667,-56.765429,597.5940865,171.1122805,49.65770499999999,630.3348705000001,377.5087195,-29.005537999999994,-42.729116999999974,10.526397000000031
37.52334933333333,843.846203,313.3173553333333,-56.7381215,597.606101,171.035011,49.649125,630.372228,377.4400675,-28.992408000000005,-42.72675599999991,10.52386899999999
37.510198333333335,843.844983,313.31570200000004,-56.708565500000006,597.6210085,170.9465035,49.640191,630.409204,377.3618485,-28.97708800000001,-42.727649999999926,10.51885500000003
37.496174,843.8428153333334,313.3132073333333,-56.6766795,597.6391040000001,170.846225,49.630994,630.4455135000001,377.27365199999997,-28.959226,-42.732170999999994,10.51088999999996
37.48129466666666,843.8398396666666,313.30973066666667,-56.642384,597.660679,170.7336655,49.621679,630.480861,377.175062,-28.938502,-42.740639999999985,10.499543999999958
37.46559533333333,843.8361923333333,313.3051336666667,-56.605601,597.6860214999999,170.60834699999998,49.612436,630.5149465,377.065661,-28.914629999999995,-42.753333,10.48442399999999
37.449128,843.8320020000001,313.29928366666667,-56.566256499999994,597.715411,170.46982350000002,49.603502,630.5474685,376.94503399999996,-28.887366,-42.77048100000002,10.46518599999996
37.43195733333334,843.82739,313.2920526666666,-56.524278499999994,597.7491175,170.31768599999998,49.595149,630.578124,376.812775,-28.85651,-42.79227399999991,10.441528000000005
37.414159000000005,843.8224676666667,313.283321,-56.4796025,597.787399,170.1515665,49.5876785,630.6066125,376.66849149999996,-28.821905,-42.818858999999975,10.413201000000015
37.39581833333333,843.8173346666667,313.27297866666663,-56.43217,597.8304969999999,169.971139,49.581415500000006,630.6326385,376.5118125,-28.783443,-42.85034500000006,10.380002999999988
37.37702633333333,843.8120819999999,313.260927,-56.3819295,597.8786365000001,169.77612299999998,49.576698,630.6559115,376.34239249999996,-28.741068,-42.8867929999999,10.341785000000016
37.35787633333334,843.80679,313.247082,-56.328838499999996,597.9320265,169.5662825,49.573872,630.676148,376.1599165,-28.694772,-42.92822799999999,10.29844700000001
37.33846033333333,843.8015326666667,313.231375,-56.27286049999999,597.990858,169.34143,49.573284,630.6930705,375.964107,-28.644599999999997,-42.974620999999956,10.249933999999996
37.31886533333333,843.796379,313.213755,-56.2139665,598.055304,169.101422,49.5752715,630.7064065,375.754725,-28.590647000000004,-43.02589499999999,10.196241999999984
37.29917366666667,843.7913943333333,313.19419,-56.152135,598.1255229999999,168.846163,49.580161000000004,630.7158925,375.53157899999997,-28.533061999999994,-43.081912999999986,10.137407999999994
37.279456333333336,843.7866453333332,313.1726703333333,-56.0873465,598.201658,168.57559700000002,49.588257,630.72127,375.29452000000003,-28.472037999999998,-43.14248199999997,10.073506000000009
37.25977233333334,843.7822036666666,313.149208,-56.0195865,598.2838405,168.2897125,49.5998425,630.722289,375.043449,-28.407819000000003,-43.20734200000004,10.004651999999965
37.240169333333334,843.7781490000001,313.1238363333333,-55.9488415,598.3721909999999,167.98853200000002,49.6151705,630.7187035,374.77831349999997,-28.340687000000003,-43.276169000000095,9.930989000000011
37.220679999999994,843.77457,313.09661466666665,-55.875096,598.4668260000001,167.6721115,49.6344605,630.7102789999999,374.49911050000003,-28.270963000000002,-43.348573999999985,9.852685000000008
37.201325,843.7715723333334,313.06762299999997,-55.798331,598.567857,167.340534,49.6578985,630.6967870000001,374.20588050000003,-28.198999,-43.42410800000005,9.76993299999998
37.182108666666664,843.7692756666667,313.0369646666666,-55.7185235,598.6753945,166.993904,49.685632,630.6780105,373.898706,-28.125166,-43.502260999999976,9.682938000000036
37.16302566666667,843.7678193333333,313.0047603333333,-55.635642,598.7895550000001,166.632344,49.7177715,630.6537415,373.5777065,-28.049856999999996,-43.582472999999936,9.591915000000029
37.144059,843.7673606666667,312.97115133333335,-55.549648000000005,598.910459,166.255983,49.754386499999995,630.6237835,373.2430355,-27.973463000000002,-43.66414300000008,9.497081000000037
37.12518266666667,843.768076,312.93629,-55.460494000000004,599.038236,165.8649555,49.7955105,630.5879535,372.8948715,-27.896377,-43.746636999999964,9.398653000000024
37.10636433333333,843.7701583333334,312.90034066666664,-55.3681225,599.1730265,165.45939399999997,49.8411375,630.5460815,372.533411,-27.818975000000002,-43.82930099999999,9.29683799999998
37.087566333333335,843.773814,312.86347233333333,-55.272468,599.3149840000001,165.039422,49.8912295,630.4980115000001,372.1588645,-27.741608999999997,-43.911471000000006,9.19182699999999
37.068750333333334,843.7792583333334,312.82585566666665,-55.173457,599.464275,164.6051515,49.945714,630.4436055,371.77144699999997,-27.664597999999998,-43.99249099999997,9.083793999999955
37.04987766666667,843.7867120000001,312.7876556666667,-55.0710115,599.62108,164.1566775,50.004491,630.3827415000001,371.3713705,-27.588216000000003,-44.07172099999991,8.972883000000024
37.03091233333333,843.7963920000001,312.749029,-54.9650485,599.7855910000001,163.694073,50.0674355,630.3153155,370.95883749999996,-27.512684999999998,-44.14855299999999,8.859209000000021
37.011824,843.8085066666667,312.710119,-54.855484000000004,599.958014,163.21739250000002,50.134403,630.2412425,370.5340365,-27.438168000000005,-44.22242499999993,8.742850999999973
36.99258700000001,843.8232476666667,312.6710503333333,-54.742238,600.1385625,162.726665,50.205233500000006,630.1604585,370.097134,-27.364759,-44.29282699999999,8.623846000000015
36.97318333333333,843.8407816666667,312.631925,-54.625234999999996,600.327458,162.2219,50.279758,630.0729174999999,369.648273,-27.292484,-44.35932300000002,8.502185999999995
36.95360466666667,843.8612463333333,312.5928216666666,-54.504408,600.524926,161.703085,50.357801499999994,629.978596,369.187568,-27.221297,-44.42155200000002,8.377820000000042
36.93384966666667,843.8847430000001,312.5537913333333,-54.379703,600.731191,161.170191,50.439189999999996,629.8774840000001,368.715106,-27.15108,-44.479242,8.25064599999996
36.913924333333334,843.9113323333335,312.51485966666667,-54.25108,600.9464735,160.623177,50.5237515,629.769592,368.23094549999996,-27.081640999999998,-44.53221800000006,8.120522999999991
36.893842,843.9410330000001,312.476024,-54.118518,601.1709855,160.06199550000002,50.611323,629.654942,367.735119,-27.01272399999999,-44.58040200000005,7.987257999999997
36.873621,843.97382,312.43725666666666,-53.9820175,601.4049265,159.486597,50.7017515,629.533567,367.22763499999996,-26.944013000000005,-44.62382600000001,7.850627999999972
36.853283999999995,844.0096273333334,312.398507,-53.841601,601.6484755,158.8969395,50.794895000000004,629.4055060000001,366.708484,-26.875140000000002,-44.66261999999995,7.710372000000007
36.832855,844.0483483333334,312.359702,-53.6973165,601.901791,158.29299550000002,50.8906245,629.270802,366.177643,-26.805694999999993,-44.69702600000005,7.566201999999976
36.812357999999996,844.0898389999999,312.32075233333336,-53.5492395,602.1650030000001,157.6747575,50.988824,629.1294975000001,365.6350815,-26.735234000000005,-44.72737900000004,7.417817000000014
36.79181500000001,844.1339263333334,312.2815523333333,-53.397473000000005,602.43821,157.042251,51.089387,628.981628,365.08077049999997,-26.663294000000008,-44.75411000000008,7.264902999999947
36.771244333333335,844.1804086666666,312.2419873333333,-53.242152499999996,602.721475,156.395538,51.1922165,628.827225,364.51468850000003,-26.589394999999996,-44.77773400000001,7.107143000000008
36.750659,844.2290666666667,312.20193166666667,-53.083442,603.0148220000001,155.7347275,51.297221500000006,628.6663080000001,363.936829,-26.513061,-44.79884000000004,6.944226000000015
36.730063,844.2796646666666,312.1612553333334,-52.921538999999996,603.318231,155.0599815,51.404313,628.4988885,363.347208,-26.433816000000007,-44.81807300000003,6.775854000000038
36.709455,844.3319596666666,312.119826,-52.756675,603.6316380000001,154.3715215,51.51340449999999,628.3249675,362.7458735,-26.351200999999996,-44.836124999999925,6.601750999999979
36.68882166666666,844.3857033333334,312.07750966666663,-52.589113499999996,603.9549305,153.6696355,51.6244055,628.1445375,362.132907,-26.26477100000001,-44.85370899999998,6.421661999999969
36.668139333333336,844.4406513333333,312.03417499999995,-52.419153,604.287947,152.95468,51.737221,627.957585,361.50843199999997,-26.17411,-44.871544000000085,6.235372000000041
36.647373,844.4965633333335,311.98969366666665,-52.2471265,604.6304735,152.2270855,51.851751,627.7640935,360.8726185,-26.078826000000007,-44.89033699999993,6.042694999999981
36.626476333333336,844.553209,311.9439426666667,-52.073399499999994,604.982245,151.4873585,51.9678885,627.564045,360.225683,-25.97856300000001,-44.91075999999998,5.843497999999954
36.60538966666667,844.6103703333333,311.89680433333336,-51.8983725,605.3429435,150.7360785,52.08552,627.3574235,359.567894,-25.87300400000001,-44.93343099999993,5.637689999999964
36.58404166666667,844.6678446666666,311.84817033333337,-51.7224735,605.712198,149.973902,52.204526,627.1442165,358.899567,-25.761876,-44.958902999999964,5.425242000000026
36.56234933333334,844.7254436666667,311.79793966666665,-51.546162499999994,606.089586,149.2015565,52.324783499999995,626.9244160000001,358.2210685,-25.644956999999998,-44.98764599999993,5.206177000000025
36.540218,844.7829976666667,311.74602066666665,-51.3699225,606.4746345,148.419837,52.446164499999995,626.6980209999999,357.5328095,-25.522083000000002,-45.020038,4.980589000000009
36.517545,844.8403523333333,311.6923326666667,-51.194259,606.866822,147.62960199999998,52.568539,626.4650335,356.835244,-25.393158,-45.05635899999993,4.748631999999986
36.49421733333333,844.8973716666666,311.6368076666667,-51.019694,607.2655835,146.83176650000001,52.691776,626.225464,356.128865,-25.25814799999999,-45.09678800000006,4.510527999999965
36.470116999999995,844.953936,311.5793853333333,-50.846758,607.6703104999999,146.027292,52.8157465,625.979328,355.414198,-25.117099000000003,-45.14139399999999,4.266568000000007
36.445122,845.0099403333334,311.5200216666667,-50.675989,608.0803595,145.2171795,52.940322,625.7266475,354.691798,-24.970129999999997,-45.19014900000002,4.017102000000023
36.419108333333334,845.065295,311.45868233333334,-50.507918000000004,608.4950575,144.40246050000002,53.065379500000006,625.4674540000001,353.96224099999995,-24.817433,-45.242928000000006,3.7625419999999963
36.391954,845.1199233333333,311.3953483333334,-50.3430695,608.9137045,143.5841835,53.1907985,625.201787,353.22612200000003,-24.659278999999998,-45.299518000000035,3.5033559999999966
36.363542333333335,845.173761,311.3300116666667,-50.1819475,609.3355859999999,142.76340349999998,53.3164665,624.929701,352.48404800000003,-24.496009,-45.359621999999945,3.2400540000000433
36.33376466666667,845.2267546666666,311.2626783333333,-50.025031,609.759979,141.941173,53.442275,624.651265,351.736632,-24.32802600000001,-45.422875999999974,2.9731859999999983
36.302526,845.27886,311.19336599999997,-49.8727655,610.186159,141.118527,53.568124499999996,624.36657,350.98449000000005,-24.155795000000005,-45.48885799999994,2.703329999999994
36.26974666666667,845.3300413333333,311.12210566666664,-49.7255575,610.613412,140.296473,53.6939195,624.0757305,350.2282365,-23.979833,-45.557102999999984,2.431081000000006
36.235368666666666,845.38027,311.04893833333335,-49.5837675,611.0410405,139.475979,53.819570999999996,623.7788895,349.4684805,-23.800698000000004,-45.62710500000003,2.157045000000039
36.19935866666667,845.4295233333332,310.9739173333333,-49.447706,611.4683765,138.6579645,53.944995500000005,623.476224,348.705821,-23.618991,-45.69834199999991,1.8818219999999997
36.161711333333336,845.4777816666666,310.89710633333334,-49.3176275,611.8947880000001,137.843286,54.070112,623.1679455000001,347.9408435,-23.435333999999997,-45.77027499999997,1.6060050000000388
36.12245266666667,845.5250296666667,310.81857933333333,-49.193734,612.3196885,137.032732,54.1948425,622.8543035,347.17411549999997,-23.250375000000005,-45.84236899999996,1.3301630000000273
36.08164266666666,845.5712536666666,310.7384206666667,-49.076169,612.742546,136.2270075,54.319109999999995,622.5355864999999,346.4061845,-23.064770000000003,-45.91409299999998,1.0548430000000053
36.039375,845.6164396666667,310.656724,-48.9650215,613.1628885,135.426733,54.4428365,622.2121219999999,345.63757150000004,-22.879185,-45.98492999999996,0.7805549999999926
35.995780999999994,845.6605759999999,310.57359433333335,-48.8603305,613.5803149999999,134.6324325,54.5659385,621.8842725,344.8687655,-22.694280999999997,-46.05438700000002,0.5077709999999911
35.95102566666667,845.7036469999999,310.48914766666667,-48.762085500000005,613.994496,133.844528,54.688331500000004,621.552434,344.10022200000003,-22.510707000000004,-46.12200199999995,0.2369160000000079
35.905306333333336,845.7456383333333,310.40351166666665,-48.670236,614.4051815,133.063337,54.8099215,621.217033,343.33235049999996,-22.32910100000001,-46.187341999999944,-0.031631000000004406
35.858849666666664,845.7865316666666,310.3168286666667,-48.58469650000001,614.812204,132.28906750000002,54.930606499999996,620.8785164999999,342.5655135,-22.150070999999997,-46.25001699999996,-0.2975410000000238
35.81190633333333,845.8263086666666,310.22925533333336,-48.5053515,615.2154795,131.5218165,55.050274,620.5373485,341.80001849999996,-21.974191999999995,-46.309672999999975,-0.5605449999999905
35.76474533333334,845.8649493333334,310.14096766666665,-48.4320675,615.6150084999999,130.7615705,55.168798499999994,620.194004,341.036108,-21.801994999999998,-46.36599799999999,-0.8204240000000027
35.717646,845.902432,310.0521606666667,-48.3646955,616.0108769999999,130.008207,55.286038500000004,619.8489585,340.273957,-21.633963,-46.41872699999999,-1.0770280000000412
35.670889333333335,845.938737,309.96305333333333,-48.3030785,616.403253,129.26149550000002,55.4018375,619.5026815,339.51366399999995,-21.470515,-46.46763299999998,-1.3302600000000098
35.62475033333333,845.9738453333333,309.873888,-48.24705900000001,616.792386,128.5211045,55.51602,619.1556295,338.755246,-21.312000000000005,-46.51253099999997,-1.580096000000026
35.57948666666667,846.0077413333333,309.784936,-48.196479,617.1785984999999,127.7866035,55.628391,618.8082360000001,337.9986335,-21.158687999999998,-46.55327,-1.8265710000000013
35.535330333333334,846.0404143333334,309.69649566666664,-48.151185999999996,617.5622860000001,127.05747450000001,55.738736,618.460908,337.2436695,-21.010760000000005,-46.589736000000016,-2.0697910000000093
35.49247966666667,846.0718593333335,309.6088946666667,-48.1110325,617.9439104999999,126.3331125,55.846818999999996,618.1140164999999,336.490102,-20.868303999999995,-46.621847,-2.3099280000000135
35.45109233333333,846.1020783333333,309.52248533333335,-48.0758745,618.3239905,125.61283800000001,55.9523875,617.7678925,335.7375875,-20.731306999999994,-46.649542999999994,-2.547218999999984
35.41128033333334,846.131081,309.43764433333337,-48.045572500000006,618.7030995,124.8959035,56.055169500000005,617.4228195000001,334.98569050000003,-20.599651,-46.672787000000085,-2.781966999999952
35.37310566666667,846.1588849999999,309.354762,-48.01998449999999,619.0818555000001,124.1815025,56.15488,617.079033,334.233884,-20.473113999999995,-46.691561999999976,-3.014536000000021
35.336582,846.1855146666667,309.27424033333335,-47.998965,619.4609155,123.468775,56.251222999999996,616.736714,333.4815555,-20.351368,-46.705862000000025,-3.245351000000028
35.301673666666666,846.2110026666668,309.19647933333334,-47.982357,619.8409675,122.75681999999999,56.343896,616.395987,332.72801000000004,-20.233985999999994,-46.71569599999998,-3.4748880000000213
35.26829933333334,846.2353876666666,309.12186866666667,-47.969993,620.2227244999999,122.04469900000001,56.43260000000001,616.056918,331.97247500000003,-20.120442000000004,-46.72108400000002,-3.70367200000004
35.236337999999996,846.2587106666666,309.0507763333333,-47.96168300000001,620.6069170000001,121.33144300000001,56.5170405,615.719513,331.21411,-20.010126999999997,-46.722056000000066,-3.932268000000022
35.205632666666666,846.2810193333333,308.9835366666667,-47.957217,620.994287,120.616063,56.596942,615.3837149999999,330.45201299999997,-19.902354000000003,-46.718651999999906,-4.161271999999997
35.17600166666667,846.3023606666666,308.92044066666665,-47.956360000000004,621.385581,119.897551,56.672053500000004,615.049405,329.6852275,-19.796379,-46.71092999999996,-4.3913029999999935
35.147242,846.3227819999998,308.8617239999999,-47.9588495,621.7815439999999,119.174891,56.7421595,614.716402,328.91275099999996,-19.691410999999995,-46.69896399999993,-4.622988000000021
35.119140333333334,846.3423280000001,308.80755833333336,-47.964398,622.18291,118.447062,56.807089500000004,614.384458,328.1335415,-19.586635,-46.68285199999991,-4.856953000000033
35.09148233333333,846.361037,308.758042,-47.972692,622.5903969999999,117.71304900000001,56.866727999999995,614.0532665000001,327.3465285,-19.481232,-46.66271900000004,-5.0938110000000165
35.064057999999996,846.3789409999999,308.71319500000004,-47.9834,623.0046995,116.9718455,56.9210215,613.722458,326.550618,-19.374398999999997,-46.63872200000003,-5.334143999999981
35.03667133333334,846.3960583333334,308.67295133333334,-47.996172,623.426479,116.222467,56.9699895,613.3916065000001,325.7446995,-19.265378999999996,-46.61105299999997,-5.578489000000047
35.009149666666666,846.4123966666666,308.6371583333333,-48.010653,623.856359,115.463957,57.013727,613.060234,324.9276545,-19.153482000000004,-46.57994199999996,-5.827331000000015
34.98134366666667,846.4279453333332,308.605572,-48.0264865,624.2949135,114.695395,57.052412000000004,612.727815,324.098364,-19.038106000000006,-46.54566,-6.081080000000043
34.95313833333333,846.4426743333333,308.57785966666665,-48.043327999999995,624.7426660000001,113.91591,57.08630599999999,612.3937865,323.2557125,-18.918767999999993,-46.50851499999999,-6.3400629999999865
34.924453,846.4565326666666,308.5536036666667,-48.060855000000004,625.2000795,113.1246875,57.115750500000004,612.0575555,322.398598,-18.795122999999997,-46.46884699999998,-6.604513999999995
34.895241000000006,846.4694450000001,308.5323023333333,-48.0787775,625.6675525,112.320979,57.141169000000005,611.7185119999999,321.5259405,-18.666980000000002,-46.427029999999945,-6.8745589999999765
34.86549433333334,846.481312,308.51337866666665,-48.09685,626.1454155,111.50411499999998,57.1630545,611.3760405,320.636686,-18.534326999999998,-46.38346100000001,-7.1502120000000104
34.83523766666667,846.492008,308.496189,-48.114885,626.6339290000001,110.6735095,57.1819645,611.0295325,319.7298215,-18.397339000000002,-46.33854699999995,-7.431371000000013
34.804526,846.5013819999999,308.480032,-48.132759500000006,627.133279,109.8286735,57.198507000000006,610.6784,318.8043805,-18.256384000000004,-46.29269999999997,-7.717808999999988
34.77344,846.5092586666666,308.46416066666666,-48.1504295,627.6435805,108.96921950000001,57.213328499999996,610.3220905000001,317.8594555,-18.112026999999998,-46.246324999999956,-8.009183000000007
34.742079,846.5154393333333,308.4477956666667,-48.1679345,628.1648765,108.09487250000001,57.22709450000001,609.960096,316.8942095,-17.965025000000004,-46.19980599999997,-8.30503299999998
34.710554333333334,846.5197073333334,308.4301403333333,-48.185406,628.69714,107.2054725,57.240476,609.5919635,315.9078875,-17.816314000000006,-46.153501000000006,-8.604786999999988
34.67898066666667,846.5218266666666,308.4103936666667,-48.203075,629.240276,106.300983,57.2541275,609.217306,314.899828,-17.666995,-46.10772399999996,-8.907778000000008
34.647469,846.5215516666667,308.387767,-48.221272,629.7941265,105.3814955,57.268672,608.8358029999999,313.8694775,-17.518308000000005,-46.06274199999996,-9.213253000000009
34.61611733333333,846.5186280000001,308.36150033333337,-48.2404305,630.358473,104.44722949999999,57.284676000000005,608.447208,312.816397,-17.371602000000003,-46.01876000000004,-9.520392000000015
34.58500633333333,846.512799,308.330878,-48.261087,630.9330425,103.4985385,57.30263550000001,608.0513430000001,311.740278,-17.228309000000003,-45.97592199999997,-9.828322000000014
34.55418933333333,846.5038096666667,308.2952396666667,-48.283876500000005,631.517512,102.5359035,57.322956500000004,607.6480985000001,310.64094350000005,-17.089904999999995,-45.9342969999999,-10.136139000000014
34.523693333333334,846.4914123333333,308.25399766666663,-48.3095285,632.1115139999999,101.5599375,57.3459395,607.2374215,309.51836000000003,-16.957875,-45.893876999999975,-10.44292999999999
34.49351166666667,846.4753696666667,308.2066443333334,-48.338859,632.7146405000001,100.5713765,57.371767,606.819309,308.372637,-16.833681999999996,-45.85457199999996,-10.747788000000014
34.463603666666664,846.4554583333332,308.1527643333333,-48.3727625,633.326447,99.57107500000001,57.400493000000004,606.3937905,307.2040275,-16.718732000000003,-45.81621100000007,-11.049833000000035
34.43389766666666,846.431473,308.09203833333333,-48.4122,633.9464605000001,98.5600015,57.4320365,605.9609125,306.012924,-16.614343000000005,-45.77853700000003,-11.348230000000001
34.404287000000004,846.403225,308.02424966666666,-48.4581875,634.5741800000001,97.5392255,57.4661745,605.5207190000001,304.7998535,-16.521719000000004,-45.74121200000002,-11.642202999999995
34.374639333333334,846.3705483333333,307.94928433333337,-48.51178,635.2090794999999,96.5099115,57.502548000000004,605.0732355,303.565466,-16.441926000000002,-45.70382100000006,-11.931052000000022
34.344794,846.333295,307.867134,-48.5740605,635.8506144999999,95.47330500000001,57.5406595,604.6184424999999,302.3105265,-16.375873,-45.66587900000002,-12.214162999999985
34.31457233333333,846.2913416666667,307.777889,-48.6461215,636.4982210000001,94.430723,57.5798795,604.1562585,301.035896,-16.324294999999992,-45.62683700000002,-12.491021999999987
34.28377766666667,846.2445809999999,307.6817376666666,-48.72905,637.1513185,93.38354000000001,57.61945850000001,603.686521,299.742522,-16.287747000000003,-45.58609999999999,-12.76122399999997
34.252205,846.1929276666666,307.578958,-48.823912,637.809311,92.33317450000001,57.6585365,603.2089665000001,298.4314185,-16.266594999999995,-45.54303900000002,-13.024481000000037
34.21964633333334,846.136313,307.469909,-48.931736,638.4715925,91.281077,57.6961585,602.723217,297.10364749999997,-16.261013000000005,-45.49699799999996,-13.280625000000043
34.18589433333333,846.0746833333333,307.355024,-49.0534975,639.1375465000001,90.228713,57.7312875,602.2287685,295.760307,-16.270989,-45.44732500000009,-13.529616000000033
34.15075066666667,846.0079996666667,307.2347976666667,-49.190101999999996,639.8065515000001,89.177548,57.7628245,601.72498,294.402506,-16.296330999999995,-45.393373999999994,-13.771540000000016
34.11403166666667,845.9362343333332,307.109779,-49.342374,640.477983,88.12903299999999,57.789628,601.2110729999999,293.03135399999996,-16.336675999999997,-45.33452999999997,-14.006607999999972
34.075572333333334,845.8593683333334,306.98055633333337,-49.51104,641.1512230000001,87.0845865,57.8105265,600.6861305,291.6479395,-16.39150500000001,-45.270217,-14.23515900000001
34.035231,845.7773899999999,306.84774999999996,-49.696717,641.82566,86.04557700000001,57.824344499999995,600.149101,290.25332000000003,-16.460158999999997,-45.19991600000003,-14.457648000000006
33.99289433333333,845.6902943333334,306.71200100000004,-49.899902,642.5007045,85.0133085,57.8299155,599.598808,288.84850400000005,-16.54185900000001,-45.123171999999954,-14.674644
33.94847766666667,845.5980783333334,306.57395966666667,-50.1209615,643.1757865,83.9890025,57.8261025,599.033966,287.43444250000005,-16.635724999999994,-45.03960399999994,-14.886817000000008
33.90192966666667,845.5007426666666,306.43427866666667,-50.360124500000005,643.850368,82.9737865,57.811809999999994,598.453195,286.0120185,-16.740801999999995,-44.94891599999994,-15.094930999999974
33.85322966666667,845.3982896666666,306.29360333333335,-50.617477,644.5239485,81.968677,57.7860025,597.855041,284.5820405,-16.85607900000001,-44.850896000000034,-15.299829000000045
33.802391,845.2907226666666,306.1525643333334,-50.8929575,645.1960675,80.974573,57.7477155,597.2380025,283.1452345,-16.980519000000008,-44.74541900000008,-15.502414999999985
33.749457666666665,845.178047,306.0117723333333,-51.1863575,645.8663105,79.992248,57.696068000000004,596.600551,281.7022445,-17.113072000000003,-44.63245200000006,-15.703641000000005
33.69450233333333,845.0602693333334,305.87181333333336,-51.4973215,646.5343075000001,79.0223445,57.630269,595.9411640000001,280.2536285,-17.25271,-44.512043999999946,-15.904489000000012
33.63762666666667,844.9373986666668,305.73324166666663,-51.8253515,647.1997355,78.06537300000001,57.549630500000006,595.2583440000001,278.7998595,-17.398439000000003,-44.38432399999999,-16.105944999999963
33.57895333333334,844.809447,305.5965806666666,-52.169816000000004,647.8623125,77.121718,57.453569,594.5506535,277.341327,-17.54932399999999,-44.24949700000002,-16.30898400000001
33.51862566666667,844.6764316666668,305.462318,-52.5299565,648.521796,76.1916425,57.341614,593.816736,275.8783395,-17.704504,-44.10782999999992,-16.514545
33.45680133333333,844.5383756666666,305.33090466666664,-52.904903,649.1779755,75.275295,57.213409,593.05534,274.41112799999996,-17.863210000000002,-43.95964600000002,-16.72351199999997
33.39365,844.3953083333332,305.2027533333333,-53.2936855,649.8306640000001,74.372728,57.068713,592.265342,272.9398505,-18.02477199999999,-43.80530399999998,-16.936689
33.32934566666666,844.247268,305.07823833333333,-53.695251999999996,650.479691,73.4839065,56.907403,591.4457625,271.4645935,-18.188637999999997,-43.64519700000005,-17.15478300000001
33.264063666666665,844.0943036666667,304.95769666666666,-54.108486,651.124892,72.6087245,56.7294695,590.5957785,269.9853815,-18.354371,-43.47972900000002,-17.37838499999998
33.19797633333334,843.9364746666666,304.841426,-54.5322205,651.766102,71.74702400000001,56.5350155,589.7147335,268.50217599999996,-18.521657000000005,-43.309308999999985,-17.607946000000027
33.13124766666667,843.773853,304.729683,-54.965258999999996,652.4031434999999,70.8986045,56.324252,588.8021385,267.0148825,-18.690300000000008,-43.13432899999998,-17.843773
33.06402933333333,843.6065243333334,304.62268966666664,-55.406389999999995,653.0358225,70.063242,56.0974895,587.857673,265.5233555,-18.860225,-42.95515799999998,-18.086017000000027
32.996459333333334,843.4345883333334,304.520627,-55.854403999999995,653.6639190000001,69.240703,55.855131,586.8811765,264.0274015,-19.031465999999995,-42.77213100000006,-18.334662999999978
32.92865833333333,843.2581583333334,304.423638,-56.3081085,654.28718,68.4307545,55.5976615,585.8726365,262.526785,-19.204157000000002,-42.58553299999994,-18.58953599999998
32.86072733333333,843.077363,304.33182766666664,-56.766341000000004,654.905319,67.633177,55.325635500000004,584.832173,261.021233,-19.378516999999995,-42.39559600000007,-18.850302000000028
32.792746666666666,842.8923443333333,304.24526399999996,-57.2279815,655.5180065,66.8477745,55.0396645,583.7600215,259.5104455,-19.554837,-42.202489000000014,-19.11648100000002
32.72477666666666,842.7032586666668,304.163977,-57.691962999999994,656.124874,66.0743835,54.7404035,582.656507,257.994095,-19.733463,-42.006313999999975,-19.387464000000023
32.65685366666666,842.5102756666666,304.0879606666667,-58.15728,656.7255084999999,65.3128805,54.428532000000004,581.522024,256.47184200000004,-19.914774,-41.80710399999998,-19.662533999999994
32.58899333333334,842.3135766666668,304.0171736666667,-58.622996,657.3194575,64.563186,54.104743,580.357011,254.9433395,-20.099164000000002,-41.604823999999894,-19.940889000000027
32.521188,842.1133536666666,303.9515406666667,-59.0882465,657.9062265,63.825273,53.769724,579.1619264999999,253.40824500000002,-20.287020000000005,-41.39936900000009,-20.221678000000026
32.45340933333333,841.909811,303.89095433333335,-59.5522435,658.4852854999999,63.099163499999996,53.4241435,577.937229,251.8662285,-20.478702999999996,-41.190571999999975,-20.504025000000013
32.385604666666666,841.7031606666666,303.83527733333335,-60.014275999999995,659.0560720000001,62.384936999999994,53.068639000000005,576.683355,250.316983,-20.674529999999997,-40.97820999999999,-20.78706599999998
32.31770166666667,841.4936226666667,303.784344,-60.473710499999996,659.617992,61.682728499999996,52.703804,575.400706,248.76023399999997,-20.874752,-40.76200799999992,-21.06997199999998
32.249606,841.2814243333333,303.7379633333333,-60.929987499999996,660.1704295,60.992729,52.330177500000005,574.0896315,247.19574699999998,-21.079545000000003,-40.54165499999999,-21.351981999999992
32.18120566666666,841.066796,303.6959206666667,-61.38262400000001,660.7127455,60.315184,51.94824,572.750425,245.623332,-21.288994000000002,-40.316807999999924,-21.63242200000002
32.112371333333336,840.849971,303.657981,-61.8312045,661.2442845,59.650396,51.558407,571.3833159999999,244.04285249999998,-21.503084,-40.08710800000006,-21.910719
32.042959333333336,840.6311823333332,303.623891,-62.2753845,661.764379,58.998720500000005,51.161028,569.9884735,242.454226,-21.7217,-39.85218700000007,-22.18642
31.972817333333335,840.4106583333332,303.5933806666667,-62.714881000000005,662.2723475,58.3605625,50.756387000000004,568.5660085,240.8574255,-21.944623999999997,-39.611684999999966,-22.459186999999986
31.901786333333334,840.1886216666667,303.566165,-63.149476500000006,662.7675019999999,57.736380000000004,50.344709,567.115981,239.252481,-22.171536000000003,-39.36525800000004,-22.728803999999997
31.829708,839.9652843333333,303.541947,-63.579010000000004,663.249147,57.1266765,49.9261635,565.638414,237.6394785,-22.402029,-39.11258399999997,-22.995169000000004
31.756431000000003,839.740842,303.520419,-64.0033795,663.7165805,56.532002500000004,49.500873999999996,564.1333024999999,236.018555,-22.635618,-38.85338100000001,-23.258275999999995
31.681815333333333,839.515473,303.5012633333333,-64.422539,664.1690954999999,55.9529505,49.068928,562.6006325,234.38989750000002,-22.871756000000005,-38.587406999999985,-23.51820699999999
31.605743,839.2893313333333,303.4841553333333,-64.8364995,664.6059785,55.3901545,48.6303885,561.0403985,232.7537395,-23.109853,-38.314471000000026,-23.775104999999996
31.528119333333333,839.0625423333335,303.4687636666667,-65.2453265,665.0265125000001,54.8442845,48.185304,559.4526215,231.1103535,-23.349296000000002,-38.034441000000015,-24.029156999999998
31.448886333333334,838.835201,303.45475166666665,-65.6491395,665.4299745,54.316044500000004,47.733721,557.837366,229.46005100000002,-23.589472,-37.74724200000003,-24.280567999999988
31.368022666666665,838.6073656666667,303.44178000000005,-66.048113,665.8156349999999,53.806165,47.275695999999996,556.1947620000001,227.8031745,-23.829788,-37.45286999999996,-24.52953499999998
31.28555366666667,838.3790556666667,303.42950766666667,-66.442474,666.182759,53.3154015,46.811302,554.5250215000001,226.1400955,-24.069696,-37.151385000000005,-24.776230999999996
31.201553,838.1502489999999,303.417595,-66.8325005,666.5306049999999,52.8445205,46.3406385,552.8284510000001,224.47121099999998,-24.308707000000005,-36.842915999999946,-25.020775999999984
31.116145666666664,837.9208806666667,303.40570533333334,-67.218516,666.8584245,52.394296,45.863837000000004,551.1054724999999,222.7969405,-24.546411999999997,-36.527660999999966,-25.263225000000006
31.029508333333336,837.6908436666666,303.3935106666667,-67.6008855,667.1654655,51.965496,45.381063499999996,549.356628,221.1177245,-24.782491,-36.205881999999974,-25.503548999999992
30.941868333333332,837.4599896666667,303.38069333333334,-67.9800075,667.4509685,51.558873,44.892519,547.582589,219.4340205,-25.016728,-35.877899999999954,-25.74162899999999
30.853498666666667,837.2281316666666,303.3669526666667,-68.356307,667.7141750000001,51.17515,44.3984385,545.7841595,217.746304,-25.249013,-35.544088999999985,-25.977244000000013
30.764712000000003,836.9950496666667,303.35201133333334,-68.730221,667.954324,50.81500750000001,43.899085,543.9622744999999,216.055067,-25.479342,-35.20486900000003,-26.21007399999999
30.675853333333333,836.7604963333333,303.335621,-69.1021885,668.1706624999999,50.479069,43.394742,542.1179955,214.360814,-25.707814,-34.86069500000008,-26.43970200000001
30.587286333333335,836.5242053333333,303.3175703333333,-69.4726365,668.3624445,50.16788699999999,42.885705,540.2525005,212.664064,-25.934625999999998,-34.51204699999994,-26.665621999999985
30.49938233333333,836.2858993333333,303.29769300000004,-69.8419655,668.5289405000001,49.881933499999995,42.3722705,538.367069,210.9653485,-26.160056999999995,-34.159423999999944,-26.887252999999987
30.412508666666668,836.0453036666668,303.2758753333333,-70.2105345,668.669444,49.621581,41.854723,536.4630655000001,209.265208,-26.384462,-33.80332699999997,-27.103957999999977
30.327011666666664,835.8021526666666,303.2520623333333,-70.5786495,668.783277,49.387099500000005,41.3333225,534.541918,207.564192,-26.608239,-33.444259999999986,-27.315061999999983
30.243204666666667,835.5562036666666,303.22626499999996,-70.94654750000001,668.869801,49.17864350000001,40.808293,532.6050945,205.862855,-26.831829999999997,-33.08271300000001,-27.519881999999996
30.161356333333334,835.3072473333335,303.1985626666667,-71.3143875,668.9284244999999,48.996252,40.279809,530.6540785,204.16175349999997,-27.055684,-32.719160999999986,-27.717748999999998
30.081678999999998,835.0551163333334,303.169107,-71.682241,668.9586115,48.839842,39.7479855,528.6903385,202.461443,-27.280247,-32.35405299999991,-27.908033999999986
30.004318666666666,834.7996953333333,303.138122,-72.0500835,668.9598940000001,48.709213,39.2128715,526.7153040000001,200.7624715,-27.505938999999998,-31.987813999999958,-28.090176999999983
29.929350333333332,834.5409246666667,303.1059026666666,-72.41779,668.9318785,48.60405,38.674442,524.730338,199.0653785,-27.733136,-31.620830000000012,-28.263711
29.856771999999996,834.2788066666667,303.072811,-72.7851315,668.874257,48.5239325,38.132595,522.7367125,197.37068799999997,-27.962154,-31.253458999999964,-28.42828
29.786505000000002,834.013407,303.03927033333326,-73.15177800000001,668.7868135,48.468346,37.587155,520.7355845,195.678904,-28.193230000000003,-30.886018999999976,-28.583664
29.718396,833.7448513333334,303.00575733333335,-73.5172975,668.6694299999999,48.43669,37.037872500000006,518.727983,193.99050749999998,-28.426515000000002,-30.518790000000024,-28.72978900000001
29.65221866666667,833.4733236666667,302.9727933333333,-73.88116600000001,668.5220915,48.428297,36.484435000000005,516.71479,192.305951,-28.662056,-30.152017999999998,-28.866734000000008
29.587684333333332,833.1990573333334,302.94093200000003,-74.242773,668.344884,48.442443,35.926474999999996,514.6967365,190.62566099999998,-28.899797999999997,-29.785909000000004,-28.994738000000012
29.524450333333334,832.922328,302.9107463333333,-74.6014335,668.1379975,48.4783665,35.363584,512.6743975,188.9500285,-29.13957,-29.42063300000001,-29.114198999999985
29.462131,832.6434380000001,302.882816,-74.956401,667.901713,48.535278,34.795329,510.64819950000003,187.2794165,-29.381090000000004,-29.05632300000002,-29.225657000000012
29.400315666666668,832.3627063333333,302.85770933333333,-75.306884,667.636401,48.6123745,34.2212645,508.6184255,185.61415449999998,-29.623969,-28.693077000000017,-29.329793000000024
29.338581,832.08045,302.83596600000004,-75.65206,667.3425055,48.708853,33.640955,506.585231,183.954547,-29.867711999999997,-28.33095400000002,-29.427400000000006
29.276511999999997,831.796973,302.818082,-75.9910955,667.020534,48.8239165,33.0539845,504.5486635,182.3008705,-30.111728999999997,-27.969978999999967,-29.519368999999983
29.213718,831.5125469999999,302.8044903333334,-76.3231615,666.6710415,48.9567855,32.459979000000004,502.5086815,180.65338200000002,-30.355354,-27.61013700000001,-29.60665800000001
29.149850333333333,831.2273993333333,302.7955446666667,-76.6474505,666.294617,49.1067005,31.858611,500.46518100000003,179.012322,-30.59785,-27.251379999999983,-29.690269999999998
29.084616666666665,830.9417006666667,302.79150433333336,-76.96319600000001,665.891869,49.272929,31.2496155,498.4180195,177.37791850000002,-30.838433000000002,-26.89362699999998,-29.771224999999987
29.017797666666667,830.6555546666667,302.7925216666667,-77.2696835,665.4634125,49.4547685,30.6327975,496.36704299999997,175.7503945,-31.076288999999996,-26.53675800000002,-29.850532999999984
28.949253,830.3689936666666,302.79863400000005,-77.566265,665.009859,49.6515445,30.008031000000003,494.31210699999997,174.12997000000001,-31.310592000000003,-26.180628000000013,-29.929167999999976
28.87893,830.0819736666667,302.80975600000005,-77.852372,664.5318075,49.862614,29.3752655,492.253103,172.51686949999998,-31.540523,-25.825060000000008,-30.008043000000015
28.806862666666664,829.7943743333334,302.825681,-78.127517,664.0298365,50.0873605,28.7345225,490.18997349999995,170.9113245,-31.765295000000002,-25.469853,-30.087988999999993
28.733172,829.506003,302.84608266666663,-78.3913065,663.504502,50.325192,28.085887999999997,488.1227305,169.3135775,-31.984166,-25.114784999999983,-30.169736999999998
28.658056333333334,829.2166003333333,302.87052366666666,-78.6434345,662.9563324999999,50.5755355,27.4295125,486.0514645,167.723882,-32.196462999999994,-24.759625000000028,-30.253901999999982
28.58178033333333,828.9258463333332,302.898466,-78.8836865,662.3858335,50.837832999999996,26.7655965,483.976355,166.14250750000002,-32.401596999999995,-24.404134,-30.340967000000006
28.504662999999997,828.6333716666667,302.92928600000005,-79.1119325,661.793482,51.1115305,26.094385,481.89766799999995,164.569737,-32.599078,-24.04807599999998,-30.43127800000002
28.427059333333332,828.3387633333333,302.9622953333333,-79.32812,661.179736,51.396075499999995,25.4161595,479.815762,163.00586850000002,-32.788533,-23.69122600000003,-30.52504300000001
28.349343666666666,828.041577,302.9967546666667,-79.5322655,660.545034,51.6909065,24.731229,477.731079,161.451213,-32.969708,-23.333381999999972,-30.622320000000002
28.271890666666668,827.7413473333335,303.031901,-79.724442,659.8897985000001,51.9954465,24.039923,475.644142,159.906096,-33.142483999999996,-22.974368000000027,-30.723029999999994
28.195059,827.4375933333334,303.0669656666667,-79.904768,659.2144405,52.3090995,23.3425865,473.5555435,158.370852,-33.306873,-22.614047000000028,-30.826954
28.119172333333335,827.12983,303.10119633333335,-80.0733925,658.5193605,52.6312445,22.639577,471.4659395,156.845825,-33.463022,-22.252320999999995,-30.933746000000014
28.044509333333338,826.8175753333334,303.1338766666667,-80.2304845,657.8049530000001,52.961234499999996,21.931262,469.3760345,155.3313655,-33.611206,-21.889137000000005,-31.042951000000016
27.971289333333335,826.500356,303.1643423333333,-80.3762175,657.071606,53.2984005,21.218019,467.2865735,153.827828,-33.751816,-21.524495,-31.154004000000015
27.899665999999996,826.177718,303.1919986666666,-80.51075850000001,656.3197035000001,53.642051,20.5002375,465.1983295,152.335567,-33.885349,-21.15843700000005,-31.266261999999983
27.829721666666668,825.8492316666667,303.21632999999997,-80.6342555,655.5496224999999,53.991482500000004,19.7783185,463.11209099999996,150.8549355,-34.012391,-20.79105199999998,-31.37901500000001
27.761467999999997,825.5145026666665,303.23691133333335,-80.74683,654.761735,54.34599,19.052678,461.02864999999997,149.3862785,-34.133594,-20.422470000000033,-31.491505000000018
27.694845,825.1731773333335,303.2534113333333,-80.8485665,653.956406,54.704875,18.3237465,458.948791,147.9299305,-34.249663,-20.052855999999963,-31.60295499999998
27.629729666666666,824.8249543333333,303.265598,-80.939508,653.133993,55.067463000000004,17.5919745,456.87328149999996,146.4862105,-34.361327,-19.682402999999965,-31.712579000000005
27.565940333333334,824.4695903333333,303.273338,-81.0196495,652.294843,55.433116500000004,16.8578265,454.8028585,145.05541749999998,-34.469325,-19.31132100000002,-31.819603
27.503248666666664,824.1069123333333,303.276593,-81.0889375,651.439296,55.801249500000004,16.1217835,452.7382245,143.6378265,-34.574381,-18.939835000000016,-31.923288999999997
27.441390333333334,823.7368230000001,303.2754166666667,-81.1472695,650.567681,56.17134,15.384338499999998,450.6800385,142.233684,-34.677195,-18.568164999999965,-32.022946000000005
27.380079,823.359305,303.26994666666667,-81.1944965,649.6803219999999,56.542944000000006,14.645992000000001,448.628911,140.8432065,-34.778422000000006,-18.196528,-32.117943
27.319017000000002,822.9744289999999,303.2603956666667,-81.2304265,648.777537,56.915702,13.9072465,446.58540300000004,139.4665775,-34.878661,-17.825124000000017,-32.20772099999999
27.257912,822.5823546666667,303.2470436666667,-81.2548305,647.8596435,57.2893455,13.168601,444.5500255,138.103946,-34.978452000000004,-17.45413099999996,-32.29180199999999
27.196488666666667,822.1833280000001,303.23022333333336,-81.26745199999999,646.926964,57.6636985,12.430544,442.52324350000004,136.7554315,-35.078269999999996,-17.083698999999967,-32.36979099999999
27.134500666666668,821.777682,303.2103133333333,-81.2680135,645.9798315,58.0386755,11.6935465,440.5054795,135.4211205,-35.178517,-16.713949000000014,-32.441379
27.071742333333333,821.3658286666667,303.1877216666667,-81.2562295,645.0186005,58.41427399999999,10.958055000000002,438.4971235,134.1010725,-35.279528,-16.344963000000007,-32.506344999999996
27.008056,820.9482546666667,303.16287933333336,-81.231814,644.0436520000001,58.790564,10.224489,436.4985405,132.795324,-35.381569999999996,-15.976788999999997,-32.56455
26.943340333333335,820.5255076666667,303.13622633333335,-81.194495,643.055409,59.167674500000004,9.493231999999999,434.51008249999995,131.5038915,-35.484844,-15.609441000000004,-32.615937
26.877554,820.0981906666666,303.1082033333333,-81.144023,642.054342,59.5457785,8.764633499999999,432.532099,130.2267795,-35.589489,-15.24289600000003,-32.660521
26.810717999999998,819.6669473333333,303.0792446666667,-81.08018200000001,641.0409805,59.92507499999999,8.0390035,430.56494999999995,128.963981,-35.695579,-14.877099999999984,-32.698387999999994
26.742918,819.2324493333332,303.04976766666664,-81.00279950000001,640.0159215,60.305773,7.3166139999999995,428.609013,127.7154855,-35.803135999999995,-14.511968000000024,-32.729685
26.674301,818.7953843333333,303.02016933333334,-80.91176,638.979836,60.688074,6.597699,426.664696,126.4812785,-35.912122,-14.147393999999963,-32.754615
26.60507366666667,818.3564416666667,302.990819,-80.8070055,637.933473,61.072159,5.882454999999999,424.73244,125.26135049999999,-36.022442,-13.783245999999963,-32.773431
26.535497333333335,817.9163016666668,302.962055,-80.68854999999999,636.877665,61.458176,5.1710424999999995,422.8127265,124.0556915,-36.133949,-13.419381000000044,-32.78643299999999
26.465884,817.475621,302.93418433333335,-80.5564775,635.813323,61.846230500000004,4.4635905000000005,420.906079,122.8642975,-36.246441000000004,-13.055639999999983,-32.793959
26.396585,817.0350233333332,302.90747833333336,-80.410948,634.7414375,62.23637649999999,3.7601949999999995,419.0130595,121.68716850000001,-36.35966,-12.691861000000017,-32.796385
26.32798466666667,816.595088,302.882176,-80.2521945,633.6630715,62.628617000000006,3.0609235000000004,417.13426949999996,120.5243055,-36.473299,-12.327877,-32.79411900000001
26.260490333333333,816.1563436666667,302.858488,-80.080522,632.5793555,63.022898,2.3658160000000006,415.27034,119.37571399999999,-36.586994000000004,-11.963526000000002,-32.78759999999998
26.194519666666665,815.7192573333332,302.836596,-79.8963035,631.4914755,63.419110499999995,1.6748875000000005,413.4219275,118.24139550000001,-36.700339,-11.598651000000018,-32.777287000000015
26.130488666666665,815.284233,302.8166616666667,-79.69997000000001,630.4006625,63.817094000000004,0.9881275000000009,411.58970450000004,117.121349,-36.812877,-11.233102999999971,-32.76366199999998
26.068801333333337,814.8516033333334,302.79882933333334,-79.492006,629.30818,64.216639,0.30550699999999864,409.774351,116.015567,-36.924118,-10.866747999999973,-32.74722400000002
26.009834666666666,814.421629,302.7832343333333,-79.272938,628.21531,64.6174945,-0.37302200000000063,407.9765455,114.92403150000001,-37.033534,-10.499468999999976,-32.72847900000001
25.953929666666664,813.9944943333334,302.770005,-79.04332600000001,627.123335,65.019369,-1.047523,406.1969585,113.846711,-37.140575999999996,-10.131167000000005,-32.707936000000004
25.90138,813.5703076666667,302.75926933333335,-78.803753,626.0335245000001,65.421942,-1.7180704999999996,404.4362395,112.7835575,-37.244679,-9.761766999999963,-32.68610100000001
25.852425,813.1491,302.75115566666665,-78.5548165,624.947117,65.824867,-2.3847439999999995,402.6950155,111.73450299999999,-37.345271999999994,-9.391216999999983,-32.663470000000004
25.807241,812.7308296666666,302.74579666666665,-78.29711999999999,623.8653039999999,66.2277795,-3.0476255000000005,400.973885,110.6994585,-37.441787000000005,-9.019496000000004,-32.640523
25.765940666666665,812.3153803333335,302.7433256666667,-78.031263,622.7892119999999,66.630303,-3.7067895,399.2734105,109.6783085,-37.533675,-8.646613000000002,-32.617715000000004
25.72857,811.9025676666666,302.743879,-77.757836,621.719889,67.0320565,-4.3623025,397.594119,108.67091049999999,-37.620411000000004,-8.272614000000033,-32.595468999999994
25.695110333333332,811.4921433333334,302.747589,-77.477416,620.65829,67.432663,-5.014209999999999,395.9365,107.6770965,-37.701506,-7.897576000000015,-32.574177000000006
25.665484000000003,811.0837976666666,302.75458066666664,-77.1905615,619.6052655,67.8317525,-5.662535,394.3010035,106.69666749999999,-37.776517999999996,-7.521618999999987,-32.554187
25.639559333333334,810.6771703333334,302.764965,-76.897808,618.5615525000001,68.2289705,-6.3072705000000004,392.688043,105.729399,-37.845059,-7.144902000000002,-32.53580600000001
25.617161,810.2718553333334,302.77883266666663,-76.599673,617.527768,68.6239795,-6.948374,391.09799599999997,104.77504300000001,-37.906802,-6.767622000000017,-32.51929
25.598078666666666,809.8674070000001,302.79624666666666,-76.296646,616.5044055000001,69.016464,-7.5857645,389.5312045,103.83333,-37.961487,-6.390021000000047,-32.504850000000005
25.58207966666667,809.4633546666668,302.8172333333334,-75.9891975,615.491839,69.4061275,-8.219317,387.987979,102.903977,-38.008928,-6.012372000000028,-32.492648
25.568918666666665,809.059206,302.84177833333337,-75.6777755,614.4903254999999,69.792693,-8.8488635,386.4686,101.986692,-38.049013,-5.634992000000011,-32.48279599999999
25.558350666666666,808.654463,302.8698166666666,-75.3628105,613.5000170000001,70.175895,-9.474193500000002,384.973319,101.081185,-38.081705,-5.258222000000046,-32.475353999999996
25.550138,808.2486273333334,302.90122966666667,-75.044712,612.520969,70.5554785,-10.095054,383.50236,100.1871755,-38.107044,-4.882441999999969,-32.470341000000005
25.544059666666666,807.8412146666668,302.9358416666667,-74.7238785,611.5531565,70.931189,-10.711153,382.05591849999996,99.30440300000001,-38.12514,-4.508044999999981,-32.46773
25.53992033333333,807.4317616666667,302.97341666666665,-74.400695,610.5964905000001,71.3027685,-11.3221665,380.634162,98.432637,-38.136175,-4.135447999999997,-32.46745200000001
25.537551333333337,807.0198389999999,303.013659,-74.0755365,609.650834,71.6699505,-11.927744500000001,379.2372285,97.5716845,-38.140393,-3.7650729999999726,-32.469401000000005
25.536815,806.6050556666665,303.0562133333333,-73.74877000000001,608.7160180000001,72.032453,-12.5275175,377.86522049999996,96.7213995,-38.138099,-3.3973490000000197,-32.473434999999995
25.537603999999998,806.1870706666667,303.100674,-73.4207585,607.791856,72.389981,-13.121104,376.5182045,95.8816885,-38.129644,-3.0326970000000415,-32.479389
25.539838666666668,805.7655966666667,303.1465836666667,-73.091858,606.8781575,72.74222449999999,-13.708124499999998,375.1962035,95.052513,-38.115424999999995,-2.671525000000031,-32.48707
25.543461666666662,805.340404,303.19344966666665,-72.76242099999999,605.9747375,73.0888595,-14.2882005,373.8991955,94.233893,-38.095873,-2.314219000000037,-32.496268
25.548435333333334,804.9113256666666,303.24074533333334,-72.4327945,605.0814235,73.42955900000001,-14.8609705,372.6271025,93.425904,-38.071445,-1.961135000000013,-32.506764000000004
25.554729666666663,804.4782596666668,303.28792833333335,-72.103321,604.198061,73.763993,-15.426091499999998,371.3797905,92.628675,-38.042615,-1.612589000000014,-32.518328
25.56231766666667,804.0411646666666,303.3344476666667,-71.774336,603.3245115,74.0918425,-15.9832455,370.157062,91.8423825,-38.009869,-1.268858000000023,-32.53073699999999
25.571163666666664,803.6000616666666,303.379757,-71.446164,602.460654,74.4128065,-16.5321425,368.95865249999997,91.06724249999999,-37.973693,-0.9301589999999464,-32.54377100000001
25.581217666666664,803.1550296666666,303.423328,-71.11912050000001,601.6063770000001,74.726609,-17.072523500000003,367.784228,90.30350250000001,-37.934573,-0.5966559999999959,-32.557225
25.592405,802.7062013333334,303.4646593333334,-70.793506,600.761575,75.03301,-17.604156,366.63338450000003,89.55143050000001,-37.892981999999996,-0.2684529999999654,-32.57091100000001
25.604622666666668,802.2537560000001,303.50328966666666,-70.4696055,599.9261405,75.3318065,-18.126837000000002,365.5056475,88.811307,-37.849378,0.05440899999996418,-32.584666
25.617731666666668,801.7979116666666,303.53880366666664,-70.147685,599.0999565,75.622841,-18.640385,364.40047549999997,88.08341300000001,-37.8042,0.371957000000009,-32.59835199999999
25.631556666666665,801.3389186666667,303.57083933333337,-69.8279905,598.282887,75.9059945,-19.144636000000002,363.31726249999997,87.368021,-37.757866,0.6842750000000137,-32.61186000000001
25.645884,800.8770483333334,303.599092,-69.510746,597.4747755000001,76.18118799999999,-19.639439,362.2553445,86.6653875,-37.710764000000005,0.9915050000000178,-32.625113
25.66046533333333,800.4125806666667,303.62331666666665,-69.19615350000001,596.675432,76.44837,-20.1246455,361.21400800000004,85.975747,-37.663257,1.2938359999999989,-32.63806600000001
25.675022333333335,799.9457956666666,303.64332433333334,-68.8843905,595.884636,76.707508,-20.6001035,360.192494,85.299305,-37.615675,1.5914999999999964,-32.650701999999995
25.689251333333335,799.476959,303.65898066666665,-68.57561050000001,595.102129,76.95857050000001,-21.065649999999998,359.190011,84.6362335,-37.56832,1.8847499999999968,-32.663033
25.702834666666664,799.0063096666667,303.67019799999997,-68.269946,594.327619,77.2015095,-21.5211045,358.205743,83.9866705,-37.52145900000001,2.1738520000000108,-32.675099
25.715448999999996,798.5340506666666,303.67692900000003,-67.967505,593.560778,77.43624249999999,-21.966261,357.23886,83.350718,-37.475326,2.459068000000002,-32.68696
25.726775,798.0603393333334,303.67915666666664,-67.6683735,592.8012490000001,77.66262800000001,-22.400884,356.288524,82.728442,-37.430124,2.740634,-32.69869
25.73651,797.585278,303.676885,-67.37262050000001,592.0486485,77.880447,-22.8247035,355.353906,82.11987099999999,-37.386021,3.0187459999999646,-32.710378000000006
25.74437466666667,797.1089110000001,303.67013099999997,-67.080292,591.3025749999999,78.08937800000001,-23.237413,354.434188,81.5249995,-37.343151999999996,3.293542000000002,-32.722121
25.750124666666665,796.6312193333333,303.65891400000004,-66.79141899999999,590.5626155,78.2889835,-23.638667,353.5285755,80.9437875,-37.301616,3.5650870000000054,-32.734015
25.75355466666667,796.1521240000001,303.643249,-66.50601449999999,589.828354,78.4786925,-24.028084,352.636305,80.3761595,-37.261482,3.8333599999999706,-32.74615499999999
25.754507999999998,795.6714876666668,303.62313966666665,-66.224077,589.099375,78.65779,-24.4052455,351.756648,79.82200499999999,-37.22278300000001,4.098244000000022,-32.75863
25.75288,795.1891173333333,303.5985733333334,-65.9455895,588.3752790000001,78.825412,-24.7697,350.888922,79.281179,-37.185518,4.359528000000012,-32.77152
25.748619333333334,794.7047756666666,303.569519,-65.6705225,587.6556800000001,78.980549,-25.120972000000002,350.03249,78.753496,-37.149652,4.616897999999992,-32.784894
25.741731666666666,794.2181850000001,303.53592399999997,-65.398833,586.9402185,79.122051,-25.458563,349.18676800000003,78.238732,-37.11512,4.869947999999965,-32.79881
25.732280666666668,793.729041,303.49771733333336,-65.130465,586.22856,79.24864550000001,-25.781964000000002,348.351226,77.73661949999999,-37.081822,5.118188000000032,-32.813317
25.720383666666667,793.237019,303.45481,-64.86534950000001,585.5204034999999,79.3589595,-26.090660500000002,347.52538949999996,77.2468435,-37.049629,5.361057000000017,-32.828449
25.706213666666667,792.7417879999999,303.40710033333335,-64.6034065,584.8154784999999,79.451548,-26.384144,346.7088415,76.7690425,-37.018384,5.597940999999992,-32.84423900000001
25.689993,792.2430196666666,303.35447933333336,-64.3445425,584.1135485,79.5249335,-26.661922,345.90122099999996,76.30280450000001,-36.9879,5.828201999999976,-32.860709
25.671991666666667,791.7403976666666,303.296838,-64.088655,583.4144100000001,79.577646,-26.923527,345.1022205,75.8476635,-36.957967999999994,6.051189000000022,-32.877883
25.652518666666666,791.233628,303.2340756666667,-63.835626500000004,582.717892,79.60826850000001,-27.168528,344.31158500000004,75.40310550000001,-36.928356,6.266276000000005,-32.895787
25.63192166666667,790.7224476666667,303.1661073333333,-63.585334,582.023854,79.615489,-27.396538999999997,343.529109,74.9685675,-36.898814,6.472876000000042,-32.914449000000005
25.610572666666666,790.2066313333335,303.092873,-63.337642,581.3321814999999,79.5981495,-27.6072335,342.7546305,74.54343899999999,-36.869077000000004,6.670477000000005,-32.933907999999995
25.588868333333334,789.6859993333333,303.014348,-63.092406,580.64279,79.555298,-27.8003495,341.988027,74.1270735,-36.838868999999995,6.8586500000000115,-32.954204999999995
25.567215333333337,789.1604253333334,302.930548,-62.849472500000005,579.955618,79.4862345,-27.975701,341.22920899999997,73.7187895,-36.807912,7.037074000000018,-32.975393
25.546026333333334,788.6298366666666,302.8415376666667,-62.60868,579.2706265,79.390556,-28.133188,340.4781125,73.317886,-36.775928,7.205545000000029,-32.997527999999996
25.525707666666666,788.0942236666666,302.74743800000005,-62.369854,578.5878005,79.268194,-28.2728015,339.734694,72.923648,-36.742647000000005,7.363986000000011,-33.020666000000006
25.506652333333335,787.5536410000001,302.64842633333336,-62.1328085,577.9071455,79.1194425,-28.3946325,338.998921,72.53536249999999,-36.707817000000006,7.512448000000006,-33.04485699999999
25.489230000000003,787.0082120000001,302.5447433333333,-61.897343,577.228689,78.9449785,-28.498874,338.2707655,72.1523255,-36.67121,7.6511090000000195,-33.07014100000001
25.47377966666667,786.4581296666667,302.43668933333333,-61.663235,576.552477,78.745871,-28.585829,337.5502,71.773859,-36.63263,7.780263999999988,-33.096540000000005
25.4606,785.903659,302.32462633333336,-61.4302385,575.878579,78.5235795,-28.6559065,336.8371895,71.399318,-36.591922999999994,7.90031700000003,-33.12404600000001
25.449943333333334,785.34514,302.20897033333335,-61.198078499999994,575.2070825,78.27993950000001,-28.709626,336.131687,71.028104,-36.548986,8.011767999999961,-33.152618
25.442009666666667,784.7829873333334,302.09018933333334,-60.966443,574.5380984999999,78.0171395,-28.7476085,335.4336315,70.6596735,-36.503771,8.115190999999982,-33.182173
25.436941666666666,784.2176896666666,301.96879633333333,-60.7349785,573.8717545,77.7376865,-28.7705755,334.7429465,70.293544,-36.456295,8.211223000000018,-33.212579999999996
25.434823333333338,783.6498103333333,301.84533933333336,-60.503286,573.2082,77.4443615,-28.779341000000002,334.05953650000004,69.9293005,-36.406638,8.300539000000015,-33.243659
25.43567733333333,783.0799836666666,301.72039466666666,-60.270916,572.5476045,77.140169,-28.774797999999997,333.3832905,69.5666005,-36.354956,8.383832999999981,-33.275173
25.439466,782.508913,301.5945563333333,-60.0373685,571.8901545000001,76.828282,-28.75791,332.71408199999996,69.2051735,-36.301464,8.461803999999972,-33.306839
25.446096999999998,781.9373646666667,301.4684293333333,-59.8020925,571.2360570000001,76.5119815,-28.729693500000003,332.051774,68.844823,-36.246449,8.535138000000018,-33.338326
25.45542466666667,781.3661619999999,301.34261599999996,-59.564492,570.585538,76.1945915,-28.6912085,331.3962215,68.4854225,-36.190250999999996,8.604487000000006,-33.369259
25.467256333333335,780.7961786666666,301.217713,-59.323932500000005,569.9388415000001,75.879418,-28.6435385,330.747277,68.1269145,-36.133263,8.670464000000038,-33.39923100000001
25.481364,780.2283253333334,301.0943016666667,-59.0797505,569.2962305,75.5696835,-28.587777000000003,330.1047965,67.7693045,-36.075914,8.733632999999998,-33.427821
25.49748766666667,779.6635433333332,300.97294066666666,-58.8312705,568.6579859999999,75.268471,-28.5250125,329.4686445,67.4126565,-36.018661,8.79449900000003,-33.45459099999999
25.515348666666664,779.1027896666668,300.85416366666664,-58.577816999999996,568.0244064999999,74.97866049999999,-28.456315000000004,328.838703,67.0570845,-35.961968,8.853505999999982,-33.479117
25.534659333333334,778.5470213333334,300.73847466666666,-58.3187375,567.3958110000001,74.7028835,-28.382725999999998,328.21487449999995,66.7027505,-35.906296,8.911043000000006,-33.50099099999999
25.55512966666667,777.9971850000001,300.62634333333335,-58.053423,566.7725324999999,74.443469,-28.305247,327.597089,66.349853,-35.852086,8.967438000000016,-33.519842000000004
25.576481666666666,777.454201,300.518207,-57.781326500000006,566.1549225,74.2024095,-28.224832,326.98531,65.9986205,-35.799746,9.022972000000038,-33.53534500000001
25.598454333333333,776.9189466666667,300.41446833333333,-57.501988499999996,565.5433495,73.981325,-28.1423865,326.379538,65.649306,-35.749633,9.077883999999983,-33.54723800000001
25.620815000000004,776.3922433333333,300.315496,-57.215053,564.9381954999999,73.78144449999999,-28.058761,325.7798145,65.3021775,-35.702048,9.132375000000025,-33.555327
25.643361666666667,775.8748419999998,300.22162333333335,-56.920289499999996,564.3398569999999,73.6035875,-27.974754,325.1862235,64.9575085,-35.657216,9.186626999999987,-33.559497
25.665931999999998,775.3674110000001,300.1331526666667,-56.617605999999995,563.7487415,73.4481675,-27.891114,324.598893,64.6155755,-35.615292,9.240805999999964,-33.55971900000001
25.688404333333335,774.8705249999999,300.05035233333336,-56.3070595,563.1652685,73.31519349999999,-27.80854,324.0179935,64.2766445,-35.576346,9.295073000000002,-33.556049
25.71069966666667,774.3846556666667,299.97346166666665,-55.98886399999999,562.5898615,73.2042935,-27.727688,323.4437345,63.940965500000004,-35.540362,9.349595000000022,-33.54863100000001
25.732783,773.9101663333334,299.9026856666667,-55.663392,562.0229469999999,73.11473799999999,-27.6491755,322.8763655,63.608768999999995,-35.507245,9.404544999999985,-33.537696000000004
25.754659333333333,773.4473053333332,299.83820166666663,-55.33117,561.4649465,73.045479,-27.5735855,322.3161655,63.2802545,-35.476817,9.460114999999973,-33.52355299999999
25.776371333333334,772.9962059999999,299.7801543333333,-54.99287,560.916273,72.9951935,-27.501468000000003,321.76344,62.955589,-35.448826,9.516508000000044,-33.506584000000004
25.797995,772.5568883333334,299.7286556666666,-54.649294,560.3773189999999,72.9623315,-27.433346,321.21851200000003,62.634904500000005,-35.42295,9.573946000000035,-33.487233
25.819633999999997,772.1292613333334,299.68378633333333,-54.3013585,559.8484505,72.945175,-27.3697145,320.6817145,62.318295000000006,-35.398809,9.63265899999999,-33.465994
25.841410333333332,771.7131290000001,299.645595,-53.950068,559.3299975,72.9418925,-27.311042,320.1533845,62.005818500000004,-35.375975999999994,9.69288499999999,-33.443397000000004
25.863461,771.3082003333334,299.6140933333333,-53.596489500000004,558.8222455,72.9505975,-27.257769,319.633848,61.697498499999995,-35.353984000000004,9.754860000000008,-33.419991
25.885928000000003,770.9140983333333,299.5892593333333,-53.24173,558.325425,72.969402,-27.210304,319.1234195,61.393329,-35.332346,9.818808999999987,-33.396336000000005
25.908952999999997,770.5303723333333,299.571035,-52.8869055,557.8397085,72.99646949999999,-27.1690235,318.622389,61.093281000000005,-35.310563,9.884942000000024,-33.372974000000006
25.932668666666668,770.1565116666667,299.55932533333333,-52.5331185,557.365203,73.0300585,-27.134266,318.131017,60.797311,-35.288140000000006,9.953438000000006,-33.35042800000001
25.957192666666668,769.791956,299.5539986666667,-52.181436500000004,556.9019499999999,73.06855949999999,-27.106327999999998,317.64952949999997,60.505365999999995,-35.2646,10.024440999999968,-33.32918
25.982624666666666,769.436114,299.55488599999995,-51.8328725,556.449925,73.1105225,-27.0854605,317.178114,60.217399,-35.239499,10.098056000000042,-33.309662
26.009040999999996,769.088373,299.56178133333333,-51.488372999999996,556.0090375,73.1546795,-27.0718625,316.716914,59.933372,-35.212435,10.174335999999983,-33.29224599999999
26.036489666666668,768.7481153333333,299.57444300000003,-51.148805,555.5791395,73.199955,-27.065680500000003,316.266031,59.6532685,-35.183067,10.253282000000013,-33.277235000000005
26.064991000000003,768.4147283333333,299.592593,-50.814952,555.16003,73.245469,-27.0670015,315.8255185,59.37710249999999,-35.151115,10.334840999999983,-33.264858999999994
26.094536,768.0876193333334,299.61591933333335,-50.487511999999995,554.751461,73.290536,-27.075854,315.395388,59.1049205,-35.116378,10.418899999999951,-33.255275
26.125086999999997,767.7662219999999,299.6440773333333,-50.167097000000005,554.3531495,73.334655,-27.092205,314.97560699999997,58.8368125,-35.078732,10.505291999999997,-33.248563000000004
26.156578333333332,767.4500109999999,299.67669099999995,-49.8542365,553.964782,73.37749649999999,-27.115959500000002,314.5661,58.57291,-35.038139,10.593795999999998,-33.244736
26.188920666666665,767.1385046666666,299.7133556666667,-49.549386999999996,553.5860265,73.418885,-27.146962,314.16675299999997,58.31339249999999,-34.994644,10.684136000000024,-33.243739
26.221999999999998,766.831275,299.7536383333333,-49.2529335,553.2165405000001,73.45877999999999,-27.185001,313.777417,58.058479500000004,-34.948378000000005,10.775991999999974,-33.245456999999995
26.255687333333338,766.527951,299.7970833333333,-48.965205499999996,552.8559775,73.497254,-27.229811,313.39790849999997,57.8084355,-34.899548,10.869000999999969,-33.249731
26.28983666666667,766.2282236666666,299.84321300000005,-48.6864805,552.5039935,73.5344695,-27.2810755,313.0280145,57.5635585,-34.848437000000004,10.962761,-33.256355000000006
26.32429466666667,765.9318450000001,299.8915313333334,-48.4169955,552.1602545000001,73.57066,-27.338437,312.667496,57.324178,-34.79539200000001,11.056846000000007,-33.2651
26.358900333333338,765.6386326666667,299.94152866666667,-48.1569585,551.824438,73.606106,-27.401501,312.316093,57.0906435,-34.740816,11.150803999999994,-33.275712999999996
26.39349233333333,765.3484656666666,299.99268466666666,-47.90655,551.4962375,73.6411195,-27.469843,311.973523,56.863321,-34.68516,11.244174000000044,-33.287932000000005
26.427912333333335,765.0612823333335,300.04447366666665,-47.665935999999995,551.1753625,73.6760235,-27.543017,311.639491,56.642579999999995,-34.628904000000006,11.33648999999997,-33.301491999999996
26.462006666666667,764.7770780000001,300.09636966666665,-47.43526799999999,550.8615395,73.7111385,-27.6205615,311.313687,56.4287825,-34.572557,11.427287999999976,-33.316133
26.495632666666666,764.4958996666666,300.14785133333334,-47.214690000000004,550.5545085,73.74677,-27.7020075,310.995792,56.2222795,-34.516633,11.516121999999996,-33.33160699999999
26.528659666666666,764.2178386666666,300.19840833333336,-47.004336,550.2540255,73.7831985,-27.786887,310.68547850000004,56.023397,-34.461650000000006,11.60256099999998,-33.347678
26.560971333333338,763.9430243333333,300.24754533333333,-46.804329499999994,549.959854,73.8206725,-27.874733499999998,310.38241600000003,55.83243,-34.408113,11.686208000000022,-33.364128
26.592468,763.6716176666667,300.29479200000003,-46.614785,549.671766,73.85940099999999,-27.965096,310.0862695,55.649636,-34.356506,11.766705000000002,-33.38075799999999
26.623068333333332,763.4038023333333,300.33970466666665,-46.435795999999996,549.3895375,73.8995545,-28.057537,309.796705,55.475225,-34.307284,11.843733999999984,-33.397386
26.652709666666667,763.139777,300.381877,-46.267438999999996,549.1129435,73.94126,-28.1516415,309.51338999999996,55.309357500000004,-34.260865,11.917028000000016,-33.413849000000006
26.68135033333333,762.879748,300.4209443333333,-46.1097575,548.8417575,73.984604,-28.247017500000002,309.2359955,55.15214,-34.217621,11.986376999999948,-33.429994
26.70896666666667,762.623924,300.4565886666667,-45.9627615,548.5757475,74.02963249999999,-28.343303499999998,308.9642,55.0036195,-34.177875,12.051625999999999,-33.445681
26.735555,762.3725046666667,300.488547,-45.826419,548.3146755,74.076356,-28.440168,308.6976915,54.863784,-34.14189399999999,12.112684999999999,-33.46078200000001
26.76113033333333,762.1256813333333,300.51661433333334,-45.7006475,548.0582935,74.124751,-28.537311000000003,308.436168,54.732561000000004,-34.109888,12.169524000000024,-33.475168000000004
26.785726333333333,761.8836273333333,300.54064900000003,-45.585308,547.8063474999999,74.1747665,-28.634469000000003,308.1793425,54.609819,-34.082004,12.222174999999993,-33.488716000000004
26.809390666666662,761.6464966666667,300.56057400000003,-45.480201,547.558577,74.226326,-28.731413000000003,307.92694600000004,54.495366000000004,-34.05833,12.270734000000004,-33.501298
26.832189333333332,761.4144190000001,300.5763816666667,-45.3850615,547.314718,74.2793365,-28.8279505,307.678726,54.3889565,-34.038889,12.315352000000019,-33.512783
26.854200000000002,761.1875016666667,300.58813266666664,-45.299555500000004,547.0745059999999,74.3336915,-28.9239235,307.43445399999996,54.2902905,-34.023639,12.356234000000029,-33.52303700000001
26.875513333333334,760.9658243333333,300.595955,-45.223278,546.8376825,74.389278,-29.0192075,307.19392700000003,54.199022,-34.012479,12.393633999999963,-33.531918
26.896231,760.7494433333333,300.60004366666664,-45.1557535,546.6040005,74.445983,-29.113712,306.9569665,54.11476,-34.005247999999995,12.42784499999999,-33.539283999999995
26.916461666666663,760.5383879999999,300.6006556666666,-45.096439,546.373231,74.5036945,-29.207373,306.7234255,54.037077999999994,-34.001726,12.459201000000007,-33.544993999999996
26.936323333333334,760.3326683333333,300.598107,-45.0447245,546.1451705,74.5623125,-29.3001555,306.4931875,53.9655155,-34.001641,12.48805699999997,-33.548917
26.955935666666665,760.1322723333333,300.59276666666665,-44.999941,545.9196455,74.6217445,-29.3920465,306.26617,53.89958849999999,-34.004673,12.51478800000001,-33.550926999999994
26.975422,759.9371719999999,300.58504999999997,-44.961365,545.6965210000001,74.6819145,-29.483050000000002,306.042326,53.838792999999995,-34.01046,12.53978600000005,-33.550926
26.99490366666667,759.7473256666666,300.57541,-44.928227500000006,545.4757050000001,74.742757,-29.5731885,305.8216455,53.78261,-34.018604999999994,12.563437000000022,-33.548838
27.014499,759.5626816666667,300.564333,-44.899723,545.257153,74.8042215,-29.6624915,305.6041555,53.7305145,-34.028679,12.586133000000018,-33.54462699999999
27.034321333333327,759.3831823333334,300.55232499999994,-44.8750215,545.0408705,74.86626799999999,-29.750997499999997,305.389923,53.681976,-34.040239,12.608249999999998,-33.538292
27.054475,759.2087673333334,300.53990500000003,-44.8532765,544.8269175,74.9288655,-29.8387485,305.1790535,53.6364655,-34.052825,12.630151000000012,-33.529878999999994
27.075052333333332,759.0393770000001,300.52759599999996,-44.833641,544.6154065000001,74.99198799999999,-29.9257855,304.97168999999997,53.5934565,-34.065981,12.652179999999987,-33.51948099999999
27.096135333333336,758.8749546666667,300.5159126666667,-44.8152765,544.4065035,75.055612,-30.012149,304.7680125,53.5524295,-34.079252,12.67465500000003,-33.507242999999995
27.117790333333335,758.7154493333334,300.5053533333334,-44.797368,544.2004225000001,75.1197115,-30.097874500000003,304.56823499999996,53.5128725,-34.092203,12.697868000000028,-33.493351
27.140067666666667,758.5608186666667,300.4963906666667,-44.779135,543.997427,75.18425400000001,-30.182993,304.3726035,53.474284499999996,-34.104424,12.722082999999998,-33.478038999999995
27.163000666666665,758.4110296666666,300.4894606666667,-44.759844,543.7978195000001,75.249198,-30.267529,304.18138799999997,53.4361785,-34.115536,12.74753000000004,-33.461579
27.186603333333334,758.266058,300.48495699999995,-44.7388215,543.601936,75.3144875,-30.351499999999998,303.99488,53.3980815,-34.1252,12.774405999999999,-33.444275000000005
27.210871666666666,758.125891,300.48322133333335,-44.7154625,543.4101395,75.38005050000001,-30.434917,303.8133845,53.3595395,-34.133122,12.802877000000024,-33.426453
27.235781333333335,757.9905233333334,300.48453666666666,-44.6892415,543.22281,75.4457975,-30.517785,303.637214,53.3201205,-34.139062,12.833065999999974,-33.408455000000004
27.261286333333334,757.8599606666667,300.489124,-44.659721,543.040334,75.5116205,-30.600103,303.4666765,53.2794215,-34.142832000000006,12.865064999999959,-33.39062899999999
27.287321000000002,757.7342133333333,300.4971356666667,-44.626557500000004,542.863094,75.577391,-30.681864,303.302073,53.237069000000005,-34.144304,12.89892199999997,-33.373314
27.313800333333333,757.6132973333333,300.50865500000003,-44.589507499999996,542.6914630000001,75.64296300000001,-30.763055,303.1436845,53.1927315,-34.14341,12.93465100000003,-33.356837
27.34061733333333,757.4972309999999,300.523694,-44.548429999999996,542.5257855,75.7081745,-30.8436575,302.9917635,53.146119999999996,-34.140136999999996,12.972218999999996,-33.341499999999996
27.367645999999997,757.3860323333333,300.5421926666666,-44.503288,542.3663779999999,75.77285,-30.9236485,302.8465285,53.097001999999996,-34.134535,13.011556999999982,-33.327569999999994
27.394743333333334,757.2797163333333,300.5640253333333,-44.454147,542.2135115000001,75.8368035,-31.0029975,302.70815600000003,53.045204,-34.126701,13.052552000000048,-33.31527199999999
27.421746666666667,757.1782933333334,300.58899933333333,-44.401174,542.067411,75.899844,-31.081667,302.5767735,52.9906195,-34.116786,13.095051000000012,-33.304784999999995
27.448481,757.0817663333332,300.61686433333335,-44.3446305,541.9282450000001,75.9617795,-31.159614,302.4524545,52.9332195,-34.104982,13.138859000000025,-33.296239
27.474757666666665,756.9901296666667,300.64731666666665,-44.284864999999996,541.7961235,76.02242,-31.2367845,302.335217,52.873053999999996,-34.091519000000005,13.183744000000047,-33.289702
27.500377999999998,756.9033673333333,300.68000866666665,-44.222307,541.6710935,76.081585,-31.313116,302.225019,52.8102595,-34.076654000000005,13.229438000000016,-33.285194999999995
27.525139333333332,756.8214513333332,300.71455499999996,-44.157452,541.5531415,76.139104,-31.388534999999997,302.121762,52.74506099999999,-34.06067,13.275638000000015,-33.282678
27.548835666666665,756.7443413333334,300.750545,-44.090852500000004,541.44219,76.1948215,-31.4629585,302.0252885,52.6777715,-34.043859,13.322017000000017,-33.282065
27.571264,756.671984,300.787548,-44.0231025,541.338105,76.248601,-31.5362895,301.935388,52.608793999999996,-34.026525,13.368220000000008,-33.283215999999996
27.592229666666668,756.6043133333334,300.825126,-43.95482,541.240695,76.300325,-31.608422500000003,301.851801,52.5386135,-34.008967,13.413878000000011,-33.285954999999994
27.611548,756.5412499999999,300.86284100000006,-43.886637,541.149722,76.349897,-31.679239,301.774224,52.4677935,-33.991482,13.458618000000001,-33.29006699999999
27.629053,756.4827013333334,300.900266,-43.819177999999994,541.0649020000001,76.397243,-31.7486095,301.70232,52.3969625,-33.974349000000004,13.502062000000024,-33.295309
27.644598000000002,756.4285633333334,300.936988,-43.75304799999999,540.985917,76.4423115,-31.8163965,301.6357215,52.326803,-33.957834999999996,13.543847000000028,-33.30141600000001
27.658061,756.3787216666666,300.97262133333334,-43.688817,540.91242,76.4850725,-31.882452,301.5740435,52.258035500000005,-33.94217999999999,13.583624999999984,-33.308113
27.669347666666667,756.333052,301.0068086666667,-43.6270045,540.8440445,76.525521,-31.9466215,301.5168905,52.1914025,-33.927600999999996,13.621082999999999,-33.315117
27.678393333333332,756.291423,301.03922933333337,-43.568069,540.7804080000001,76.5636715,-32.008745499999996,301.4638665,52.127645,-33.914286999999995,13.65594299999998,-33.322146000000004
27.685164333333333,756.2536993333333,301.069603,-43.512399,540.7211245,76.599565,-32.06866,301.41458,52.067485000000005,-33.902394,13.687971999999945,-33.32892400000001
27.689657999999998,756.2197443333333,301.097693,-43.460302,540.6658110000001,76.6332615,-32.1262005,301.368658,52.0116015,-33.892051,13.716992000000005,-33.335193
27.691903333333332,756.1894203333333,301.123309,-43.4119995,540.6140895000001,76.66484750000001,-32.1812045,301.3257455,51.9606095,-33.883351000000005,13.742883000000006,-33.340706999999995
27.691959,756.1625963333332,301.14631133333336,-43.367627,540.565599,76.6944325,-32.233515,301.2855185,51.915040000000005,-33.876362,13.765582999999992,-33.345248000000005
27.689909666666665,756.139147,301.1666083333334,-43.3272265,540.5199984999999,76.722149,-32.282979,301.2476845,51.875319,-33.871118,13.785095000000013,-33.34862
27.68586833333333,756.1189573333332,301.184161,-43.2907575,540.476971,76.748155,-32.329455,301.211987,51.841753999999995,-33.867628,13.801486000000011,-33.35066
27.679968333333335,756.1019249999999,301.19898066666667,-43.2580905,540.436232,76.77263099999999,-32.3728155,301.1782095,51.814516499999996,-33.865875,13.814883000000009,-33.351233
27.672363333333333,756.087963,301.21112899999997,-43.2290225,540.397528,76.795782,-32.412943999999996,301.1461785,51.793634000000004,-33.865818,13.825474999999983,-33.350238000000004
27.663223,756.0770006666667,301.2207163333333,-43.203278,540.3606425,76.817832,-32.449743500000004,301.11576,51.778983999999994,-33.867397000000004,13.833504000000005,-33.347609999999996
27.652730666666667,756.0689836666667,301.22789900000004,-43.180522499999995,540.3253975,76.83902549999999,-32.483134,301.086865,51.7702925,-33.870532,13.839259999999967,-33.343312999999995
27.641077,756.063877,301.23287666666664,-43.1603715,540.291655,76.859623,-32.513056,301.0594415,51.767134,-33.875134,13.843074999999999,-33.33734799999999
27.628461666666666,756.0616613333333,301.23588566666666,-43.1424035,540.2593155,76.879895,-32.539469,301.03348,51.768944499999996,-33.881096,13.845316000000025,-33.329741
27.615084666666665,756.0623350000001,301.23719733333337,-43.126169000000004,540.22832,76.90012300000001,-32.5623535,301.009004,51.7750295,-33.888305,13.846367999999984,-33.320553
27.601146666666665,756.065909,301.23710966666664,-43.111206499999994,540.1986469999999,76.92058800000001,-32.581708,300.986074,51.7845805,-33.896643999999995,13.846632,-33.30986299999999
27.586845999999998,756.0724073333334,301.2359416666667,-43.0970515,540.170309,76.94156849999999,-32.5975505,300.9647745,51.79669750000001,-33.905991,13.84651100000002,-33.297777
27.572375000000005,756.081861,301.23402733333336,-43.0832505,540.1433529999999,76.963333,-32.609916,300.9452185,51.810409,-33.916224,13.846397000000024,-33.284409999999994
27.55791666666667,756.0943073333333,301.2317083333333,-43.0693705,540.1178545,76.98613399999999,-32.618853,300.92753749999997,51.824700500000006,-33.927223999999995,13.846666999999968,-33.269893
27.543645333333334,756.1097843333333,301.22932533333335,-43.055009,540.0939129999999,77.010201,-32.624424499999996,300.9118795,51.8385385,-33.938877,13.847665000000006,-33.25436100000001
27.529721999999996,756.128327,301.2272156666667,-43.039804499999995,540.0716494999999,77.035735,-32.626701,300.89840200000003,51.850901,-33.951078,13.849700000000041,-33.23795
27.516293,756.1499633333333,301.2257016666667,-43.023441,540.0511985,77.062903,-32.625763500000005,300.8872675,51.8608015,-33.963731,13.853036999999972,-33.220791000000006
27.503489666666667,756.1747116666666,301.22508833333336,-43.0056575,540.032706,77.0918335,-32.621698,300.8786405,51.8673195,-33.976754,13.857889,-33.203007
