Sh_x,Sh_y,Sh_z,El_x,El_y,El_z,Wr_x,Wr_y,Wr_z,WrVec_x,WrVec_y,WrVec_z
30.498431666666665,691.5113636666666,338.847694,-140.2325715,542.8211014999999,83.66745,-75.923321,322.3568315,38.3886595,-58.862959999999994,-16.908861,-48.695995
30.535054666666667,691.497628,338.872584,-140.208764,542.815999,83.68439950000001,-75.7988545,322.3616975,38.429794,-58.85563499999999,-16.887509000000023,-48.701173999999995
30.573332000000004,691.4853716666667,338.8997756666667,-140.1887865,542.8098795,83.7075065,-75.674965,322.36472100000003,38.4901035,-58.843738,-16.86973400000005,-48.709575
30.613267000000004,691.474646,338.9293156666667,-140.17265500000002,542.8025285,83.73692299999999,-75.55025,322.365956,38.5697945,-58.82751600000001,-16.855621999999983,-48.721076999999994
30.654861666666665,691.4655023333333,338.96124933333334,-140.16038700000001,542.7937315,83.772807,-75.4232625,322.3654755,38.6691235,-58.807223,-16.845257000000004,-48.735563
30.69811466666667,691.4579903333333,338.99562,-140.1519985,542.7832665,83.815319,-75.2925205,322.3633665,38.788403,-58.783103,-16.838723000000016,-48.752924
30.743025333333335,691.452161,339.03247000000005,-140.1475105,542.770912,83.8646245,-75.156516,322.359728,38.9280145,-58.755388,-16.836101999999983,-48.773067000000005
30.789589666666668,691.4480643333333,339.071839,-140.14694400000002,542.756441,83.920894,-75.013725,322.3546645,39.0884195,-58.724284,-16.837474999999984,-48.795919
30.83780333333333,691.4457483333332,339.11376633333333,-140.15032150000002,542.7396255,83.9843025,-74.86261999999999,322.34828500000003,39.270166,-58.689963999999996,-16.842917999999997,-48.82143
30.887660666666665,691.4452636666666,339.15828833333336,-140.1576655,542.7202345000001,84.05503,-74.7016755,322.34069650000004,39.473896,-58.652563,-16.852512999999988,-48.849576
30.939153,691.4466566666666,339.2054406666667,-140.16899949999998,542.698037,84.1332625,-74.529383,322.332001,39.700354999999995,-58.612168,-16.866332,-48.88036399999999
30.992272333333332,691.449978,339.25525566666664,-140.184349,542.6727980000001,84.219191,-74.344258,322.322293,39.9503945,-58.568816,-16.884450000000015,-48.913830999999995
31.047006666666665,691.4552749999999,339.30776633333335,-140.203736,542.6442850000001,84.31300999999999,-74.1448515,322.3116585,40.224978,-58.52248900000001,-16.906939000000023,-48.950046
31.103346333333334,691.4625953333333,339.3630023333333,-140.22718550000002,542.6122660000001,84.41492,-73.9297545,322.300168,40.525183,-58.47311299999999,-16.933870000000013,-48.98910599999999
31.161277666666667,691.4719869999999,339.4209916666667,-140.25471950000002,542.576508,84.5251235,-73.697614,322.28787950000003,40.85220150000001,-58.42055400000001,-16.96531699999997,-49.031139
31.220786333333333,691.4834979999999,339.48176133333334,-140.2863615,542.5367835,84.6438285,-73.44713300000001,322.274837,41.2073435,-58.364626,-17.001353999999992,-49.076297
31.281858,691.4971753333333,339.5453356666667,-140.32213050000001,542.4928649999999,84.7712425,-73.1770815,322.2610675,41.592031,-58.30508699999999,-17.042057,-49.124756000000005
31.344475666666664,691.5130663333333,339.61173833333334,-140.3620455,542.444532,84.907576,-72.8863015,322.24658450000004,42.00779850000001,-58.241640999999994,-17.08750900000001,-49.176705000000005
31.408622000000005,691.531219,339.6809906666667,-140.4061225,542.391566,85.0530385,-72.5737125,322.23139100000003,42.4562895,-58.173953000000004,-17.137800000000027,-49.232347000000004
31.474280333333336,691.55168,339.75311166666665,-140.454376,542.3337575,85.20784,-72.2383135,322.2154755,42.939249000000004,-58.101645,-17.193028999999967,-49.291892
31.541430333333334,691.5744966666666,339.82812033333335,-140.506816,542.270902,85.372188,-71.8791895,322.19881999999996,43.458518000000005,-58.024309,-17.25330600000001,-49.355542
31.610052666666665,691.5997156666667,339.90603166666665,-140.56345,542.202804,85.546287,-71.495514,322.1814025,44.016026999999994,-57.941511999999996,-17.318760999999995,-49.423494
31.680127,691.627384,339.98686100000003,-140.6242795,542.1292745000001,85.730339,-71.0865465,322.16319799999997,44.6137855,-57.852809,-17.38953399999997,-49.495929000000004
31.751631000000003,691.6575480000001,340.07062033333335,-140.6893035,542.0501355,85.9245395,-70.6516395,322.144186,45.253873999999996,-57.757745,-17.465791999999965,-49.573004
31.824544666666668,691.6902546666666,340.15732066666664,-140.7585135,541.9652169999999,86.1290805,-70.190235,322.124352,45.938431,-57.65587,-17.54772200000002,-49.65484400000001
31.898843666666664,691.7255496666667,340.24697066666664,-140.831898,541.8743595000001,86.34414799999999,-69.7018645,322.1036935,46.669643,-57.546747,-17.635537,-49.741538000000006
31.974506,691.7634796666666,340.3395783333333,-140.9094365,541.7774125,86.569923,-69.1861525,322.082226,47.4497315,-57.429959000000004,-17.729473999999982,-49.833131
32.051507666666666,691.8040893333333,340.435149,-140.991102,541.6742345,86.80658,-68.642811,322.0599835,48.2809405,-57.30512,-17.82980299999997,-49.929621
32.129826,691.8474243333334,340.5336853333333,-141.0768625,541.564695,87.054289,-68.0716395,322.037029,49.165521500000004,-57.171879,-17.936822000000006,-50.030951
32.209436,691.8935290000001,340.63519,-141.166674,541.448668,87.31321600000001,-67.4725255,322.01345200000003,50.10571899999999,-57.029931000000005,-18.050858000000005,-50.13701
32.29031366666667,691.9424480000001,340.73966333333334,-141.26048600000001,541.3260385,87.5835225,-66.84544,321.9893765,51.1037575,-56.87902,-18.172271000000023,-50.247625
32.372434000000005,691.9942246666666,340.847103,-141.3582395,541.1966955,87.8653705,-66.190438,321.96496349999995,52.161824499999994,-56.718944,-18.301445,-50.362570999999996
32.45577266666667,692.0489013333332,340.9575056666667,-141.45986549999998,541.0605345,88.1589185,-65.5076545,321.9404125,53.282056000000004,-56.549561000000004,-18.438792999999976,-50.481554
32.540304,692.106521,341.0708666666667,-141.56528300000002,540.917453,88.46432899999999,-64.7973035,321.91596549999997,54.4665205,-56.370789,-18.584757000000025,-50.604231
32.62600466666667,692.1671236666666,341.1871786666666,-141.67440349999998,540.7673520000001,88.781766,-64.059675,321.891906,55.7172065,-56.18260599999999,-18.73979399999996,-50.730199
32.71284966666666,692.2307506666666,341.3064323333333,-141.7871265,540.6101315000001,89.1113995,-63.295134000000004,321.86856350000005,57.036002499999995,-55.985054,-18.904382999999996,-50.859004999999996
32.800813000000005,692.2974396666667,341.4286173333333,-141.90334000000001,540.4456925,89.453406,-62.504115999999996,321.84631,58.424685999999994,-55.778234,-19.079011999999977,-50.99014999999999
32.889871666666664,692.3672296666667,341.55372166666666,-142.022923,540.2739320000001,89.80797000000001,-61.687127499999995,321.825561,59.8849075,-55.562304999999995,-19.26418000000001,-51.123095
32.98,692.440156,341.6817306666667,-142.1457405,540.0947465,90.175287,-60.8447405,321.8067755,61.418177,-55.337479,-19.460384999999974,-51.257264
33.071175,692.5162546666667,341.81262866666674,-142.2716495,539.9080255,90.555563,-59.977591000000004,321.7904505,63.025853,-55.10402,-19.66812299999998,-51.39205799999999
33.163371999999995,692.5955586666668,341.946397,-142.400495,539.7136579999999,90.949013,-59.086377,321.7771245,64.709126,-54.862232000000006,-19.887875000000008,-51.526856
33.25656766666666,692.6781003333334,342.0830169999999,-142.5321105,539.5115284999999,91.355864,-58.1718555,321.76736900000003,66.46901150000001,-54.612463000000005,-20.120108000000016,-51.661025
33.350739,692.7639096666667,342.22246666666666,-142.66632049999998,539.3015185,91.7763505,-57.234836,321.761789,68.306338,-54.35509,-20.365259999999978,-51.793934
33.44586266666666,692.8530146666667,342.36472166666664,-142.8029405,539.08351,92.210715,-56.2761825,321.7610165,70.2217375,-54.09051699999999,-20.623740999999995,-51.924949000000005
33.541917,692.9454416666667,342.5097583333333,-142.9417755,538.8573879999999,92.6592015,-55.296805000000006,321.76571,72.2156405,-53.81916400000001,-20.895917999999995,-52.053456999999995
33.63887933333333,693.0412153333333,342.657549,-143.082623,538.6230410000001,93.122052,-54.2976605,321.7765475,74.2882665,-53.541467,-21.182117000000005,-52.178855000000006
33.73672833333333,693.1403573333333,342.80806366666667,-143.22527200000002,538.380371,93.599501,-53.279745,321.794223,76.4396235,-53.257862,-21.482612000000017,-52.300575
33.83544333333334,693.2428880000001,342.96127333333334,-143.369506,538.129293,94.0917685,-52.2440905,321.81944450000003,78.6694995,-52.968791,-21.797622999999987,-52.418077000000004
33.935003333333334,693.3488243333333,343.11714433333333,-143.515102,537.8697445,94.5990505,-51.1917635,321.85292649999997,80.977466,-52.67468100000001,-22.127305000000035,-52.530858
34.035389,693.4581813333334,343.27564200000006,-143.661832,537.6016910000001,95.1215115,-50.1238555,321.895388,83.3628745,-52.375952999999996,-22.47175599999997,-52.638456999999995
34.136580333333335,693.570972,343.43673033333334,-143.8094655,537.3251345,95.659272,-49.0414845,321.947548,85.824861,-52.073007000000004,-22.831002000000012,-52.740460000000006
34.238558000000005,693.6872046666667,343.60037166666666,-143.9577675,537.0401185000001,96.2124,-47.945783500000005,322.01012349999996,88.362345,-51.766223000000004,-23.205002999999977,-52.83649799999999
34.34130433333333,693.8068880000001,343.76652633333333,-144.1065035,536.74674,96.7808995,-46.837903000000004,322.0838225,90.9740385,-51.455956,-23.593651000000023,-52.926249
34.444801,693.930025,343.935152,-144.2554365,536.4451525,97.364698,-45.719001999999996,322.169345,93.65844799999999,-51.142532,-23.99676800000003,-53.00944
34.549031,694.0566183333334,344.1062063333334,-144.404332,536.1355765000001,97.9636395,-44.590242499999995,322.26737749999995,96.413885,-50.826251,-24.414108999999996,-53.085843999999994
34.653977000000005,694.1866656666666,344.27964399999996,-144.552956,535.818304,98.57746900000001,-43.45279,322.378592,99.238473,-50.507378,-24.84535999999997,-53.155283999999995
34.759623,694.3201623333333,344.455418,-144.7010775,535.4937065,99.20583149999999,-42.307802499999994,322.503643,102.130157,-50.186147,-25.290149999999983,-53.21762
34.86595233333333,694.4571013333334,344.6334806666666,-144.84847,535.1622345000001,99.84826100000001,-41.156434000000004,322.64316599999995,105.086715,-49.862764,-25.748045999999988,-53.272754000000006
34.97295066666667,694.597472,344.81378133333334,-144.9949105,534.8244219999999,100.5041785,-39.999823,322.7977765,108.1057705,-49.537398,-26.218563000000017,-53.32062500000001
35.080602,694.7412603333333,344.99626966666665,-145.1401815,534.480885,101.17289249999999,-38.8390945,322.968068,111.18480249999999,-49.210193,-26.701164000000006,-53.36120099999998
35.188893,694.88845,345.18089133333336,-145.284073,534.1323175,101.8535995,-37.6753525,323.1546125,114.32116350000001,-48.881263,-27.19527099999999,-53.39447700000001
35.297808333333336,695.0390209999999,345.36759266666667,-145.4263805,533.779486,102.5453945,-36.5096815,323.357958,117.5120865,-48.550695000000005,-27.700270000000046,-53.42047099999999
35.407334666666664,695.19295,345.55631700000004,-145.56690700000001,533.4232179999999,103.247282,-35.3431395,323.578628,120.7547065,-48.218548999999996,-28.215516000000036,-53.43921499999999
35.517459,695.350211,345.747007,-145.7054635,533.064391,103.9581895,-34.1767575,323.8171235,124.04606999999999,-47.884867,-28.74033700000001,-53.450756
35.62816766666666,695.5107743333333,345.9396036666667,-145.84187,532.7039105,104.67699350000001,-33.0115375,324.073921,127.383152,-47.549669,-29.274046,-53.455144000000004
35.739448333333335,695.6746079999999,346.1340473333333,-145.9759535,532.342697,105.40254250000001,-31.84845,324.349471,130.76287100000002,-47.212953999999996,-29.815945999999997,-53.45243400000001
35.85128866666667,695.8416756666666,346.330275,-146.107552,531.9816545000001,106.1336895,-30.6884355,324.64420099999995,134.182102,-46.874711,-30.36533400000002,-53.44267799999999
35.96367666666667,696.0119386666665,346.5282253333333,-146.2365105,531.6216475,106.869328,-29.532397000000003,324.9585135,137.6376935,-46.534914,-30.921504999999968,-53.42592299999998
36.076599333333334,696.1853546666666,346.7278333333333,-146.3626845,531.263471,107.6084295,-28.381207500000002,325.29278650000003,141.12647950000002,-46.193523,-31.48376300000001,-53.402207000000004
36.190046,696.3618786666666,346.92903466666667,-146.4859385,530.907818,108.3500865,-27.2357035,325.647372,144.6452965,-45.850499,-32.051424,-53.371556999999996
36.304005333333336,696.5414629999999,347.13176233333337,-146.6061465,530.555247,109.093558,-26.096687000000003,326.02259849999996,148.1909935,-45.505786,-32.623816999999974,-53.33398700000001
36.418465000000005,696.7240556666666,347.33595033333336,-146.72319,530.20615,109.838314,-24.9649255,326.418769,151.760449,-45.159333000000004,-33.20029199999999,-53.289495999999986
36.533414666666665,696.9096016666667,347.5415293333333,-146.836964,529.860717,110.5840765,-23.841151500000002,326.836161,155.3505795,-44.811081,-33.78022199999998,-53.238068999999996
36.648843,697.0980450000001,347.74843133333326,-146.9473705,529.518911,111.33086800000001,-22.7260635,327.275025,158.95835499999998,-44.460973,-34.363001999999994,-53.179676
36.76473933333333,697.2893243333333,347.9565866666667,-147.054322,529.180437,112.07904500000001,-21.620326,327.735588,162.580807,-44.108954,-34.948058,-53.114272
36.881092333333335,697.483377,348.16592433333335,-147.15774199999998,528.8447225,112.8293295,-20.5245715,328.218047,166.21504,-43.754971,-35.53484000000003,-53.041799999999995
36.99789166666667,697.680137,348.37637366666667,-147.257564,528.5109004999999,113.58284,-19.4393975,328.7225735,169.85824300000002,-43.398973,-36.12282700000003,-52.96218999999999
37.11512666666666,697.879535,348.587863,-147.3537335,528.1778005,114.34109900000001,-18.3653705,329.24931000000004,173.50769350000002,-43.040918999999995,-36.71152999999998,-52.875365000000016
37.23278666666666,698.081501,348.80032033333333,-147.4462055,527.8439490000001,115.106044,-17.303027500000002,329.798371,177.16077,-42.680771,-37.300486000000035,-52.78124199999999
37.350861,698.2859596666667,349.0136733333333,-147.53494999999998,527.5075795,115.88001549999998,-16.252872,330.3698395,180.8149555,-42.318502,-37.88925899999998,-52.679731000000004
37.46933933333333,698.4928356666666,349.2278486666667,-147.6199475,527.166651,116.6657365,-15.21538,330.96377,184.46784250000002,-41.95409,-38.47744,-52.57074500000002
37.588211,698.702049,349.4427726666667,-147.7011925,526.818877,117.46627849999999,-14.190997,331.5801835,188.117141,-41.587528,-39.064644999999985,-52.454195999999996
37.707465000000006,698.9135200000001,349.6583723333333,-147.7786935,526.461771,118.285009,-13.180139,332.219071,191.76067949999998,-41.218816,-39.65051199999999,-52.33000899999999
37.827092,699.1271646666665,349.8745743333333,-147.8524735,526.0926939999999,119.12552649999999,-12.183197,332.88038800000004,195.3964075,-40.847967999999995,-40.23470000000003,-52.19810900000002
37.94708,699.342897,350.09130466666664,-147.9225715,525.7089175000001,119.99158299999999,-11.200531,333.5640595,199.022397,-40.47501,-40.816891,-52.058441999999985
38.067419666666666,699.5606303333334,350.3084893333333,-147.98904249999998,525.3076945,120.88699400000002,-10.2324765,334.269973,202.636844,-40.099983,-41.39677800000004,-51.91096400000001
38.188099333333334,699.7802750000001,350.5260553333333,-148.05195650000002,524.8863335,121.8155385,-9.2793425,334.99798350000003,206.238067,-39.722939,-41.97407500000003,-51.75565
38.30910933333333,700.0017396666667,350.74392766666665,-148.1114025,524.4422825,122.780852,-8.3414125,335.7479115,209.8245045,-39.343945,-42.54850499999998,-51.592499000000004
38.430438333333335,700.2249320000001,350.9620346666666,-148.1674845,523.9732075,123.7863175,-7.4189435,336.5195405,213.39471350000002,-38.963085,-43.11980700000004,-51.421525
38.55207599999999,700.4497563333334,351.1803016666667,-148.220324,523.477079,124.834956,-6.512170500000001,337.312621,216.9473665,-38.580457,-43.687726,-51.242773
38.67401066666667,700.6761173333334,351.3986566666667,-148.27006,522.952241,125.9293235,-5.621303,338.1268685,220.481245,-38.196172,-44.25202100000001,-51.056308
38.796232333333336,700.903918,351.617027,-148.3168475,522.3974845,127.071418,-4.746528499999999,338.9619635,223.99523499999998,-37.810356999999996,-44.812456999999995,-50.862222
38.918729,701.1330586666667,351.83533966666664,-148.3608565,521.8120985,128.26260200000002,-3.888013000000001,339.81755499999997,227.48832449999998,-37.423152,-45.368806000000006,-50.660629
39.041490333333336,701.3634400000001,352.05352433333337,-148.40227249999998,521.1959119999999,129.5035435,-3.0458990000000004,340.6932585,230.9595905,-37.034710000000004,-45.92084699999998,-50.451671000000005
39.164504666666666,701.5949606666667,352.271509,-148.441293,520.5493165,130.79417800000002,-2.2203110000000006,341.588659,234.40819950000002,-36.6452,-46.468368,-50.23550900000001
39.28776033333333,701.8275193333333,352.48922366666665,-148.478128,519.8732669999999,132.1337005,-1.411353,342.503314,237.8333925,-36.254797999999994,-47.01116400000001,-50.01232700000003
39.41124633333333,702.061013,352.706598,-148.512997,519.169266,133.520578,-0.6191110000000002,343.436751,241.2344845,-35.863694,-47.549037999999996,-49.78232700000001
39.534949999999995,702.2953386666668,352.9235633333333,-148.546129,518.4393295,134.9525925,0.15634700000000024,344.388474,244.610852,-35.472084,-48.08179799999999,-49.545728
39.65886,702.5303916666667,353.140051,-148.5777565,517.68593,136.4269,0.9149684999999987,345.3579635,247.9619265,-35.080175,-48.60926699999999,-49.30276100000003
39.782964,702.766068,353.35599366666673,-148.60811950000002,516.9119350000001,137.940115,1.6567160000000003,346.3446785,251.28718800000001,-34.688178,-49.13127500000002,-49.053668000000016
39.907249,703.0022626666665,353.57132333333334,-148.637457,516.1205245000001,139.4884035,2.3815679999999997,347.348062,254.5861555,-34.296307999999996,-49.64766400000002,-48.798697000000004
40.03170266666667,703.238871,353.7859753333333,-148.6660115,515.3151124999999,141.0675925,3.089513,348.3675405,257.8583785,-33.904784,-50.158289000000025,-48.53809700000002
40.156311333333335,703.4757876666666,353.999884,-148.694021,514.499257,142.6732775,3.7805535,349.40252799999996,261.103434,-33.513827,-50.66302000000002,-48.27211799999998
40.28106233333333,703.7129073333332,354.21298499999995,-148.7217235,513.6765745,144.3009345,4.454704,350.4524295,264.3209165,-33.123654,-51.161741000000006,-48.00100499999999
40.405941000000006,703.9501246666665,354.42521600000003,-148.7493515,512.8506580000001,145.9460285,5.1119875,351.516643,267.510432,-32.734487,-51.65435400000001,-47.724992000000015
40.530934333333335,704.1873353333334,354.6365133333333,-148.7771335,512.025001,147.60411,5.752438000000001,352.59456350000005,270.671595,-32.346536,-52.14077900000001,-47.44430200000002
40.65602666666667,704.424434,354.846816,-148.8052915,511.2029285,149.2709105,6.376100000000001,353.6855845,273.8040205,-31.960014,-52.620952999999986,-47.15914300000003
40.78120333333333,704.6613176666666,355.056065,-148.83404000000002,510.38754,150.9424155,6.9830245,354.7891025,276.90732249999996,-31.575127000000002,-53.09483499999999,-46.86970500000001
40.90644866666667,704.897881,355.26420033333335,-148.8635885,509.5816625,152.61493000000002,7.573272499999999,355.904516,279.9811085,-31.192073,-53.562404000000015,-46.57615299999998
41.031746999999996,705.1340216666666,355.4711643333333,-148.894139,508.787816,154.2851275,8.1469165,357.03123200000005,283.0249775,-30.811047000000002,-54.02365800000001,-46.27863299999996
41.15708133333333,705.3696373333332,355.67689866666666,-148.9258865,508.008188,155.950084,8.704034,358.16866600000003,286.0385195,-30.432234,-54.47861800000004,-45.977262999999994
41.28243533333333,705.6046259999999,355.8813486666666,-148.95901800000001,507.2446235,157.6072995,9.244716500000001,359.316242,289.02130999999997,-30.055817,-54.927325999999994,-45.67213399999997
41.407791,705.8388863333333,356.084459,-148.9937155,506.4986205,159.2547005,9.7690635,360.47339750000003,291.9729145,-29.681969,-55.36984100000001,-45.36331099999995
41.53313000000001,706.0723186666668,356.28617533333335,-149.03015349999998,505.7713405,160.8906385,10.2771855,361.6395815,294.89288650000003,-29.310861,-55.806246999999985,-45.050828999999965
41.658434,706.3048243333334,356.4864453333333,-149.0685015,505.0636225,162.51387,10.769206500000001,362.8142575,297.7807685,-28.942657,-56.23663899999997,-44.73469700000004
41.78368266666667,706.5363053333334,356.68521733333336,-149.108922,504.37600399999997,164.1235275,11.2452615,363.996902,300.636092,-28.577521,-56.661136,-44.414896
41.908857000000005,706.7666653333332,356.88244000000003,-149.15157299999998,503.708753,165.719092,11.705501,365.187005,303.4583805,-28.215614,-57.07986800000003,-44.09138300000001
42.033935666666665,706.9958083333335,357.078064,-149.1966075,503.0618975,167.30034799999999,12.15009,366.3840695,306.247155,-27.857094,-57.492976999999996,-43.764088000000015
42.158898,707.2236416666666,357.27204166666667,-149.2441725,502.43525950000003,168.8673425,12.5792085,367.5876095,309.00193249999995,-27.502122999999997,-57.90061700000001,-43.43292300000002
42.28372133333333,707.4500716666668,357.46432400000003,-149.2944115,501.82849150000004,170.4203385,12.9930545,368.7971525,311.7222315,-27.150866999999998,-58.30295100000001,-43.097779
42.408383,707.6750076666667,357.65486533333336,-149.347462,501.2411125,171.95977349999998,13.391843,370.0122315,314.4075745,-26.803493999999997,-58.70014500000002,-42.758531000000005
42.532859333333334,707.8983603333332,357.84361966666665,-149.4034575,500.672543,173.48620749999998,13.7758065,371.2323905,317.057494,-26.460181000000002,-59.09236699999997,-42.41504400000002
42.657127,708.120042,358.0305433333333,-149.462526,500.122136,175.00028700000001,14.145196499999999,372.4571755,319.6715355,-26.121107,-59.479783,-42.06717100000003
42.781160666666665,708.3399660000001,358.21559300000007,-149.52479,499.589207,176.502702,14.500284,373.6861365,322.2492605,-25.786468,-59.86255699999998,-41.714763000000005
42.90493466666666,708.5580483333333,358.3987256666667,-149.590367,499.0730625,177.99415249999998,14.841357,374.918824,324.7902515,-25.456464,-60.24084399999998,-41.35766699999999
43.028423333333336,708.7742063333334,358.5799006666667,-149.659369,498.57302000000004,179.47531850000001,15.168721999999999,376.1547855,327.29411600000003,-25.13131,-60.61478699999998,-40.99573400000003
43.15159933333334,708.9883590000001,358.75907666666666,-149.731901,498.0884285,180.94683049999998,15.4827055,377.39356399999997,329.760491,-24.811232999999998,-60.98452000000003,-40.628822000000014
43.27443566666667,709.2004273333333,358.9362156666666,-149.808061,497.61868400000003,182.4092535,15.783648000000001,378.63469499999997,332.189046,-24.496472,-61.35015600000003,-40.2568
43.396903,709.410335,359.1112786666667,-149.88794000000001,497.163238,183.8630675,16.0719065,379.87770450000005,334.579486,-24.187279,-61.711791000000005,-39.879548
43.51897366666666,709.6180066666666,359.284228,-149.971622,496.721608,185.308658,16.3478525,381.1221055,336.931556,-23.883921,-62.069501,-39.49696400000005
43.64061733333333,709.8233693333333,359.455028,-150.059182,496.29337899999996,186.7463105,16.611869,382.367399,339.245041,-23.586676,-62.423339999999996,-39.108964000000014
43.76180433333334,710.0263523333333,359.62364333333335,-150.1506855,495.878204,188.17620499999998,16.864351499999998,383.6130705,341.51977250000004,-23.295835,-62.773334999999975,-38.71548899999999
43.88250300000001,710.2268866666667,359.79003933333337,-150.2461915,495.4758045,189.598421,17.105701,384.858589,343.7556245,-23.011702,-63.11949000000004,-38.31649900000002
44.002682666666665,710.4249056666667,359.95418233333334,-150.34574700000002,495.08596450000005,191.01294000000001,17.3363265,386.103407,345.9525205,-22.734589,-63.461783999999966,-37.91198099999997
44.12231133333333,710.6203446666665,360.1160406666666,-150.44939,494.708523,192.4196515,17.55664,387.3469605,348.110431,-22.46482,-63.800171000000034,-37.501945999999975
44.241355666666664,710.813142,360.2755829999999,-150.55714949999998,494.343371,193.81836299999998,17.7670555,388.58866950000004,350.22937349999995,-22.202723,-64.13457899999997,-37.086431000000005
44.35978266666667,711.003236,360.4327786666667,-150.669042,493.9904385,195.20881,17.967985000000002,389.8279385,352.309414,-21.948634000000002,-64.46491500000002,-36.66549599999996
44.47755900000001,711.1905706666666,360.58759933333334,-150.785076,493.6496885,196.590666,18.1598385,391.0641595,354.350665,-21.702891,-64.79105900000002,-36.239224000000036
44.594650666666666,711.3750886666667,360.7400153333333,-150.9052485,493.32110850000004,197.96355549999998,18.3430185,392.2967125,356.35328400000003,-21.465837,-65.11287700000003,-35.807721999999956
44.711022333333325,711.5567366666668,360.890001,-151.02954549999998,493.00469899999996,199.327063,18.5179195,393.5249695,358.317472,-21.237809,-65.43021099999999,-35.371114000000034
44.82663933333333,711.7354643333333,361.037529,-151.157944,492.700469,200.6807465,18.684928,394.748297,360.2434705,-21.019142000000002,-65.74289400000004,-34.92954299999997
44.94146566666666,711.9112220000001,361.18257566666665,-151.2904095,492.408425,202.024146,18.8444155,395.96606099999997,362.131559,-20.810167,-66.05074199999996,-34.48316399999999
45.05546533333334,712.0839626666667,361.3251166666667,-151.426899,492.12856550000004,203.35679299999998,18.996743000000002,397.177629,363.982054,-20.611206,-66.353564,-34.03214200000002
45.168602,712.2536426666667,361.46513,-151.5673575,491.8608765,204.6782195,19.142255,398.3823755,365.795302,-20.42257,-66.65116499999999,-33.57665199999997
45.28083866666666,712.4202196666666,361.60259333333335,-151.711723,491.6053255,205.98796349999998,19.2812795,399.57968800000003,367.57167749999996,-20.244552999999996,-66.94334599999996,-33.116871
45.39213900000001,712.5836536666667,361.73748700000004,-151.85992199999998,491.36185750000004,207.285575,19.414129,400.76896899999997,369.311581,-20.077440000000003,-67.22990999999996,-32.65297399999997
45.50246466666667,712.743907,361.869793,-152.01187399999998,491.130394,208.5706235,19.541096500000002,401.9496445,371.0154315,-19.921491,-67.51066699999996,-32.185135
45.611779333333324,712.9009453333333,361.9994936666667,-152.167489,490.91083100000003,209.842695,19.6624595,403.12116349999997,372.68366549999996,-19.776950999999997,-67.78543099999996,-31.713516999999968
45.72004333333333,713.0547353333335,362.1265713333333,-152.32666849999998,490.703036,211.1014005,19.778474,404.2830085,374.3167325,-19.644038000000002,-68.054035,-31.23827700000004
45.82722033333334,713.205247,362.25101366666667,-152.4893085,490.50685050000004,212.34637049999998,19.889382,405.4346965,375.91508999999996,-19.522948,-68.31631699999997,-30.759554000000037
45.93327133333333,713.352452,362.37280566666664,-152.65529500000002,490.322092,213.57726300000002,19.9954055,406.5757835,377.479201,-19.413849,-68.57213899999999,-30.277473999999984
46.038158,713.4963253333334,362.49193633333334,-152.82450899999998,490.14855350000005,214.7937545,20.096749,407.7058695,379.00953,-19.316882,-68.82137899999998,-29.792144000000008
46.14184266666667,713.6368436666667,362.60839533333336,-152.9968245,489.986005,215.995544,20.1936015,408.82460249999997,380.5065415,-19.232159000000003,-69.06393699999995,-29.303649000000007
46.244286666666675,713.7739856666667,362.7221736666666,-153.17210899999998,489.8341985,217.18234999999999,20.286136,409.93167700000004,381.970694,-19.159758,-69.299734,-28.81205399999999
46.345451,713.9077333333335,362.83326500000004,-153.3502255,489.692868,218.3539075,20.3745115,411.026842,383.4024395,-19.099731,-69.52871399999998,-28.317403000000013
46.445298,714.0380716666667,362.94166366666667,-153.53103149999998,489.5617345,219.50996700000002,20.4588705,412.1099005,384.802223,-19.052090999999997,-69.75084699999996,-27.819714000000033
46.54379,714.1649859999999,363.047366,-153.71438,489.44050649999997,220.6502905,20.539345,413.180708,386.170476,-19.016824,-69.96612199999998,-27.31898799999999
46.640888,714.2884663333333,363.1503696666667,-153.9001185,489.328885,221.774652,20.616054,414.23917700000004,387.50762050000003,-18.99388,-70.174556,-26.81519899999995
46.736555333333335,714.4085036666667,363.25067400000006,-154.08809300000001,489.226564,222.882831,20.689105,415.2852765,388.8140625,-18.983176,-70.37618499999996,-26.30830099999997
46.83075366666667,714.525092,363.3482816666667,-154.278146,489.133235,223.9746175,20.7585965,416.3190275,390.090197,-18.984599000000003,-70.57106499999998,-25.79822999999999
46.923446666666656,714.6382273333334,363.443195,-154.470114,489.0485865,225.0498025,20.824617,417.3405075,391.3364015,-18.998002,-70.759277,-25.28490099999999
47.014597333333334,714.7479093333333,363.53541966666666,-154.6638365,488.9723085,226.108183,20.887247000000002,418.34984299999996,392.553041,-19.023210000000002,-70.94091399999996,-24.768214
47.10416933333334,714.8541383333335,363.62496166666665,-154.859147,488.90409350000004,227.1495585,20.9465605,419.3472125,393.740465,-19.060018999999997,-71.116087,-24.248051999999973
47.19212733333333,714.956918,363.71183066666663,-155.0558795,488.8436355,228.17373049999998,21.002624,420.3328395,394.89901,-19.108198,-71.28492299999999,-23.724283999999955
47.27843633333333,715.0562553333333,363.796037,-155.25386600000002,488.790633,229.18050399999998,21.0554995,421.3069935,396.028997,-19.167491,-71.44755700000002,-23.196766000000025
47.36306133333333,715.1521573333333,363.87759266666666,-155.45293900000001,488.7447895,230.169685,21.1052435,422.2699805,397.1307345,-19.237619000000002,-71.60413299999999,-22.665345000000002
47.445969,715.244636,363.95651233333336,-155.6529315,488.70581400000003,231.14108499999998,21.151909,423.2221475,398.2045185,-19.318288000000003,-71.75480300000004,-22.129857000000015
47.527126,715.3337033333333,364.03281233333337,-155.853675,488.6734195,232.0945175,21.195546,424.16387050000003,399.250633,-19.409186,-71.89972300000005,-21.590127999999993
47.606501,715.4193759999999,364.10651,-156.0550035,488.647325,233.02980300000002,21.236201,425.0955535,400.2693505,-19.509988,-72.03904699999998,-21.04597700000005
47.68406233333334,715.5016716666668,364.177626,-156.256752,488.627255,233.94676800000002,21.273921,426.0176265,401.26093249999997,-19.620364,-72.172931,-20.497213000000045
47.759779333333334,715.58061,364.246181,-156.4587555,488.6129355,234.84524599999997,21.308752,426.93053499999996,402.22563149999996,-19.739978,-72.30152200000003,-19.943641000000014
47.83362400000001,715.6562136666666,364.31219933333335,-156.6608525,488.604101,235.725082,21.34074,427.8347405,403.16368850000003,-19.868494,-72.42496700000004,-19.385055000000023
47.90556766666666,715.7285069999999,364.375705,-156.862883,488.6004845,236.5861295,21.369933,428.7307115,404.0753355,-20.005580000000002,-72.54339699999997,-18.821240999999986
47.97558266666667,715.7975173333334,364.4367260000001,-157.064689,488.6018255,237.428257,21.3963815,429.618921,404.9607975,-20.150914999999998,-72.65693399999998,-18.251979000000006
48.04364466666667,715.8632739999999,364.49529,-157.266115,488.60786399999995,238.251346,21.420139,430.49983899999995,405.820288,-20.304188,-72.76568600000002,-17.677036000000044
48.109728,715.9258076666666,364.55142700000005,-157.4670085,488.61834150000004,239.0552925,21.4412655,431.37393,406.65401399999996,-20.465108999999998,-72.86974200000003,-17.096171999999967
48.173810333333336,715.9851523333333,364.6051693333334,-157.667219,488.633001,239.8400105,21.4598255,432.2416465,407.462173,-20.633403,-72.96917299999996,-16.509136000000012
48.23586933333333,716.0413433333333,364.6565496666667,-157.8665985,488.65158499999995,240.60543,21.47589,433.10342149999997,408.2449535,-20.808826000000003,-73.06402699999995,-15.91566499999999
48.295884666666666,716.0944186666667,364.70560266666666,-158.0650025,488.673837,241.35150199999998,21.48954,433.95966799999997,409.0025375,-20.991158,-73.15432600000003,-15.315485000000024
48.353837666666664,716.144417,364.75236433333333,-158.262288,488.6995005,242.078196,21.5008645,434.810768,409.7350995,-21.180209,-73.24006599999996,-14.708312999999976
48.40971066666666,716.1913813333332,364.79687233333334,-158.458315,488.7283175,242.785501,21.509961,435.6570725,410.442805,-21.375824,-73.321213,-14.093852000000027
48.46348833333334,716.2353549999999,364.83916500000004,-158.65294649999998,488.7600295,243.47342650000002,21.516941499999998,436.4988945,411.125814,-21.577880999999998,-73.39770099999998,-13.471798000000035
48.51515533333333,716.2763840000001,364.8792823333333,-158.8460455,488.7943785,244.14200549999998,21.5219255,437.3365025,411.78428199999996,-21.786291,-73.469427,-12.841837999999996
48.564699999999995,716.314515,364.91726566666665,-159.03747900000002,488.831104,244.791287,21.525046500000002,438.17012,412.418357,-22.001001000000002,-73.53625599999998,-12.203653999999972
48.61211066666667,716.3497979999999,364.9531563333333,-159.22711450000003,488.869947,245.4213455,21.5264505,438.999917,413.028186,-22.221990999999996,-73.598006,-11.55692399999998
48.657378,716.382285,364.986998,-159.41482200000002,488.91064700000004,246.0322735,21.5262945,439.8260095,413.61391449999996,-22.449275,-73.65446299999996,-10.901328999999976
48.70049433333333,716.4120280000001,365.0188346666667,-159.6004705,488.9529445,246.6241845,21.524748,440.648454,414.1756865,-22.682892000000002,-73.70536600000003,-10.23655500000001
48.741454,716.4390830000001,365.04871099999997,-159.7839325,488.99658,247.197212,21.5219925,441.467246,414.7136495,-22.922908999999997,-73.75040999999999,-9.562298999999996
48.780252,716.4635056666667,365.0766733333333,-159.9650795,489.04129450000005,247.7515075,21.518219000000002,442.28231600000004,415.227956,-23.169416000000002,-73.78924799999999,-8.878272000000038
48.816887333333334,716.4853543333334,365.102768,-160.143784,489.08683199999996,248.2872425,21.513630499999998,443.09352950000005,415.718767,-23.422517,-73.82148899999999,-8.184213999999997
48.85135766666667,716.5046896666666,365.127042,-160.3199205,489.1329375,248.80460599999998,21.508436500000002,443.9006865,416.1862525,-23.682327,-73.846697,-7.479891000000009
48.88366466666667,716.5215713333333,365.1495433333334,-160.4933605,489.17935850000003,249.30380250000002,21.502854,444.70352,416.63059799999996,-23.948966,-73.864396,-6.765109999999993
48.913811333333335,716.5360633333333,365.17032033333334,-160.66397849999998,489.225846,249.785055,21.4971065,445.50169600000004,417.0520075,-24.222549,-73.87406800000002,-6.039724999999976
48.941802333333335,716.548229,365.18942166666665,-160.8316485,489.272156,250.248601,21.4914195,446.29481799999996,417.45070350000003,-24.503180999999998,-73.87516,-5.303643000000022
48.96764366666667,716.558134,365.20689666666675,-160.9962435,489.318046,250.69469200000003,21.48602,447.082429,417.826934,-24.790951999999997,-73.86708399999998,-4.556837999999971
48.991344,716.5658446666666,365.2227946666667,-161.15763850000002,489.36328149999997,251.1235935,21.4811345,447.8640115,418.1809745,-25.085923,-73.84922500000005,-3.7993510000000015
49.012912666666665,716.571429,365.2371653333334,-161.315708,489.4076325,251.5355845,21.476985499999998,448.63899849999996,418.51313200000004,-25.388125,-73.820945,-3.031308000000024
49.03236266666667,716.5749556666666,365.2500596666667,-161.4703275,489.4508745,251.93095699999998,21.4737895,449.4067725,418.823746,-25.697544999999998,-73.781589,-2.2529179999999656
49.04970633333334,716.5764953333334,365.2615263333333,-161.621372,489.49279049999996,252.31001150000003,21.471756,450.166676,419.11319449999996,-26.014126,-73.73049600000002,-1.4644870000000196
49.064958999999995,716.576118,365.2716156666667,-161.7687205,489.5331705,252.67306200000002,21.4710825,450.91801899999996,419.3818925,-26.337757,-73.66699999999997,-0.666417000000024
49.078138333333335,716.5738956666668,365.28037766666665,-161.9122505,489.571813,253.0204315,21.471954500000002,451.66008350000004,419.6302955,-26.668267,-73.59044899999998,0.140782999999999
49.08926266666666,716.5699013333333,365.2878626666666,-162.05184350000002,489.608523,253.35245100000003,21.474543,452.39213600000005,419.858902,-27.005422000000003,-73.500204,0.9564980000000105
49.098352,716.5642076666667,365.29411966666663,-162.187383,489.64311599999996,253.6694625,21.479,453.11343650000003,420.068253,-27.348923999999997,-73.39565699999997,1.7800020000000245
49.105428666666675,716.556889,365.29919866666665,-162.318755,489.67541500000004,253.971813,21.485462499999997,453.82324500000004,420.25892999999996,-27.698402999999995,-73.27623599999998,2.610464000000036
49.11051666666666,716.5480203333333,365.303148,-162.4458495,489.7052535,254.2598575,21.494045,454.52083500000003,420.4315575,-28.053420000000003,-73.14141799999999,3.446941000000038
49.113640999999994,716.5376753333334,365.30601666666666,-162.5685605,489.73247349999997,254.533959,21.504841000000003,455.205504,420.5868015,-28.413468,-72.99073600000003,4.288387
49.114827999999996,716.5259303333332,365.30785266666663,-162.68678599999998,489.7569275,254.794484,21.517923,455.8765815,420.7253645,-28.777970000000003,-72.82379500000002,5.133656999999971
49.11410633333333,716.512861,365.30870333333337,-162.8004305,489.7784795,255.041805,21.53334,456.5334395,420.84798550000005,-29.146285999999996,-72.64027099999998,5.981513000000007
49.111505666666666,716.498543,365.308616,-162.9094015,489.79700149999996,255.2763,21.55112,457.1755035,420.95543699999996,-29.517716,-72.439931,6.830633999999975
49.10705766666666,716.4830516666666,365.30763666666667,-163.0136165,489.8123775,255.49835050000002,21.5712675,457.8022625,421.048519,-29.891505000000002,-72.22262899999998,7.679625999999985
49.10079433333333,716.4664646666666,365.30581166666667,-163.112998,489.824502,255.70834000000002,21.5937635,458.4132735,421.128059,-30.266847,-71.98832300000004,8.527029999999968
49.092750333333335,716.4488566666668,365.3031853333334,-163.20747599999999,489.833281,255.906656,21.6185695,459.0081735,421.1949025,-30.642900999999995,-71.73707100000001,9.371343000000024
49.08295999999999,716.430304,365.29980133333333,-163.2969885,489.83862999999997,256.0936885,21.645625000000003,459.586684,421.249913,-31.018788,-71.469042,10.211022000000014
49.071460333333334,716.4108823333335,365.295703,-163.381482,489.8404765,256.2698285,21.67485,460.1486175,421.2939635,-31.393609999999995,-71.18451100000004,11.044505000000015
49.058289333333335,716.3906663333333,365.2909333333334,-163.4609125,489.83875950000004,256.435468,21.706147,460.693882,421.327936,-31.766452,-70.88387,11.870224000000007
49.04348533333333,716.3697316666667,365.285533,-163.5352455,489.833428,256.591,21.7393985,461.22248249999996,421.35271150000005,-32.13639499999999,-70.56761499999999,12.686621000000002
49.027088666666664,716.3481523333334,365.279542,-163.604455,489.82444250000003,256.73681700000003,21.774473,461.7345265,421.369171,-32.502523999999994,-70.236357,13.492160000000013
49.009141,716.3260020000001,365.27299999999997,-163.66852649999998,489.8117745,256.873311,21.811224499999998,462.2302205,421.3781885,-32.863937,-69.89080900000005,14.285345000000007
48.98968333333334,716.3033533333333,365.2659456666667,-163.727454,489.7954055,257.000873,21.8494925,462.70987149999996,421.3806285,-33.219753000000004,-69.53178299999996,15.064731000000052
48.968759,716.2802793333334,365.2584153333333,-163.7812445,489.77533,257.119892,21.889104,463.1738865,421.37734,-33.569120000000005,-69.160189,15.828937999999994
48.946412,716.2568510000001,365.2504453333333,-163.8299125,489.7515515,257.230756,21.929876,463.6227645,421.3691585,-33.911224000000004,-68.77702299999999,16.576661
48.92268733333333,716.2331393333334,365.24207133333334,-163.873486,489.724084,257.333849,21.971614000000002,464.0570955,421.356901,-34.245288,-68.38336300000003,17.306682000000023
48.897629333333335,716.2092133333334,365.23332566666664,-163.9120025,489.6929535,257.429553,22.0141145,464.477555,421.3413635,-34.570585,-67.98035600000003,18.017875000000004
48.871285,716.1851413333334,365.224242,-163.94550900000002,489.65819450000004,257.518246,22.0571665,464.884894,421.3233215,-34.886437,-67.56921,18.709217000000024
48.843701,716.1609910000001,365.2148516666666,-163.9740645,489.6198525,257.6003025,22.100550000000002,465.27993449999997,421.303529,-35.19222,-67.15119099999998,19.37979200000001
48.814923666666665,716.136828,365.20518466666664,-163.9977395,489.5779835,257.6760925,22.1440375,465.6635575,421.2827155,-35.487362999999995,-66.72760299999999,20.028793000000007
48.78500233333333,716.112717,365.19526966666666,-164.0166115,489.532652,257.74598000000003,22.187395000000002,466.036698,421.2615895,-35.77135,-66.29978400000005,20.65552500000001
48.753984,716.0887210000001,365.18513533333333,-164.0307695,489.48393250000004,257.81032700000003,22.2303845,466.4003305,421.240834,-36.043721000000005,-65.86909300000002,21.259410000000003
48.721917999999995,716.0649026666666,365.1748073333333,-164.0403135,489.43190949999996,257.869487,22.27276,466.75545950000003,421.2211095,-36.304072,-65.43690299999997,21.839980999999966
48.68885266666666,716.0413206666667,365.164311,-164.04535149999998,489.3766745,257.9238085,22.314272,467.103111,421.2030515,-36.552046,-65.00458800000001,22.396883000000003
48.65483700000001,716.0180353333334,365.153671,-164.046,489.31833,257.973634,22.354667499999998,467.44431799999995,421.187271,-36.787341,-64.57351399999999,22.929876000000036
48.619921000000005,715.9951029999999,365.14291000000003,-164.042385,489.2569855,258.0192995,22.393691,467.7801125,421.17435350000005,-37.009702,-64.14503099999996,23.43882500000001
48.58415366666666,715.9725790000001,365.1320496666667,-164.03464,489.1927595,258.0611335,22.431085,468.111512,421.164857,-37.218920000000004,-63.720462,23.923698
48.54758433333333,715.9505169999999,365.1211093333334,-164.022907,489.12577650000003,258.0994575,22.466594,468.439508,421.159311,-37.414829999999995,-63.30109600000003,24.384569999999997
48.51026233333334,715.928968,365.1101086666667,-164.0073355,489.056171,258.134584,22.499962,468.765059,421.1582145,-37.597305999999996,-62.888180000000034,24.82160700000003
48.47223766666667,715.9079823333333,365.09906533333333,-163.988081,488.984081,258.1668185,22.530938000000003,469.089076,421.16203199999995,-37.766264,-62.482906000000014,25.235072000000002
48.433559333333335,715.8876073333332,365.08799633333336,-163.965306,488.9096555,258.1964575,22.5592775,469.412415,421.1711945,-37.921655,-62.086415999999986,25.62531899999999
48.39427633333333,715.8678883333333,365.076916,-163.9391795,488.8330465,258.223789,22.584744999999998,469.735869,421.1860905,-38.063468,-61.699779999999976,25.992782999999974
48.354437666666676,715.8488696666667,365.0658393333333,-163.9098765,488.7544125,258.2490905,22.6071145,470.060158,421.2070695,-38.191727,-61.32400199999995,26.33798300000001
48.314090666666665,715.8305919999999,365.05477933333333,-163.877575,488.67392,258.2726305,22.626175500000002,470.385923,421.2344315,-38.306489,-60.960008000000016,26.66151099999996
48.273284666666676,715.813094,365.04374633333333,-163.8424615,488.5917365,258.294668,22.641733,470.7137185,421.26842999999997,-38.407846,-60.60864699999996,26.96403200000003
48.23206666666667,715.7964133333334,365.0327526666667,-163.80472350000002,488.5080375,258.31545,22.6536115,471.04401,421.30926350000004,-38.495929,-60.270677999999975,27.246279000000015
48.190484,715.7805840000001,365.02180633333336,-163.7645555,488.423002,258.335214,22.6616585,471.3771675,421.357076,-38.570899,-59.94677300000001,27.509040000000027
48.148583333333335,715.7656383333333,365.0109166666666,-163.7221535,488.3368125,258.3541855,22.6657455,471.713464,421.411953,-38.632957000000005,-59.637516000000005,27.75315999999998
48.10641066666667,715.7516049999999,365.00009066666667,-163.67772000000002,488.2496555,258.37257999999997,22.6657705,472.0530735,421.47392049999996,-38.682339,-59.343391,27.97953100000001
48.064011333333326,715.7385129999999,364.989335,-163.631457,488.1617205,258.3906,22.661661499999997,472.396071,421.5429425,-38.719321,-59.064790000000016,28.189085000000034
48.02142933333334,715.7263849999999,364.97865500000006,-163.5835715,488.0732005,258.4084365,22.653375,472.742433,421.6189235,-38.744218,-58.802009999999996,28.382783000000018
47.978709333333335,715.7152443333333,364.96805366666666,-163.5342725,487.98428950000005,258.426268,22.6409025,473.0920405,421.7017055,-38.757383,-58.55524700000001,28.561608999999976
47.935894,715.7051103333333,364.9575366666667,-163.483772,487.8951855,258.44426250000004,22.624265,473.444681,421.79107350000004,-38.759209999999996,-58.32460400000002,28.72655900000001
47.893026,715.6960003333334,364.9471046666667,-163.432282,487.80608600000005,258.462574,22.6035175,473.8000555,421.886755,-38.750131,-58.11008700000002,28.878634000000034
47.850146333333335,715.6879283333334,364.93676066666666,-163.380017,487.71719199999995,258.4813445,22.578749000000002,474.157779,421.9884255,-38.73062,-57.911609999999996,29.018821000000003
47.807295333333336,715.6809063333334,364.9265056666666,-163.3271935,487.62870250000003,258.5007035,22.550076999999998,474.517392,422.0957135,-38.701186,-57.728995999999995,29.148091000000022
47.76451233333333,715.674944,364.9163393333333,-163.274027,487.54082,258.52076950000003,22.5176515,474.87836500000003,422.2082055,-38.662375,-57.561980000000005,29.26738499999999
47.721835999999996,715.6700473333334,364.90626199999997,-163.2207345,487.453745,258.541647,22.4816495,475.240106,422.3254515,-38.614769,-57.410213999999996,29.377601000000027
47.679304333333334,715.6662216666667,364.8962726666667,-163.167533,487.36768,258.563429,22.442273999999998,475.60197,422.4469725,-38.558976,-57.27327200000002,29.47958299999999
47.636952666666666,715.6634673333334,364.8863696666667,-163.114639,487.2828235,258.5861965,22.39975,475.963267,422.572269,-38.495636,-57.150649999999985,29.574118
47.594816666666674,715.6617843333333,364.8765506666667,-163.06226700000002,487.199377,258.6100185,22.3543235,476.323271,422.700825,-38.425409,-57.04177999999996,29.661918000000014
47.55293066666667,715.661168,364.86681300000004,-163.0106315,487.11753699999997,258.634953,22.306254000000003,476.68122900000003,422.83212100000003,-38.348974,-56.94603000000001,29.74362000000002
47.511327333333334,715.6616133333333,364.857154,-162.9599445,487.03750049999996,258.661046,22.255815,477.03637100000003,422.96563649999996,-38.267026,-56.862712000000045,29.819776999999988
47.47003866666666,715.6631113333334,364.8475700000001,-162.9104145,486.9594625,258.688333,22.203284500000002,477.387918,423.100859,-38.180267,-56.79109,29.890851999999995
47.42909566666666,715.6656513333334,364.838057,-162.86224900000002,486.883613,258.7168375,22.1489465,477.735091,423.2372905,-38.089400999999995,-56.73038600000001,29.957220999999947
47.38852733333334,715.6692203333333,364.82861166666663,-162.8156505,486.810142,258.7465755,22.093083,478.0771195,423.374454,-37.995127999999994,-56.679790999999966,30.019165999999984
47.348362,715.6738023333334,364.81922733333334,-162.77081650000002,486.739234,258.7775515,22.035970000000002,478.4132485,423.51189750000003,-37.898142,-56.63846699999999,30.07688300000001
47.30862666666667,715.6793803333334,364.80990133333336,-162.72794199999998,486.67107050000004,258.80976,21.977876000000002,478.7427485,423.6491995,-37.79912,-56.60555899999997,30.130476999999985
47.269347333333336,715.6859336666666,364.8006276666667,-162.68721299999999,486.60582850000003,258.8431865,21.9190555,479.0649185,423.785969,-37.698723,-56.580205000000035,30.17998
47.23054833333333,715.693441,364.79140099999995,-162.64881250000002,486.54368,258.8778105,21.859748500000002,479.379095,423.92185199999994,-37.597583,-56.561540000000036,30.225346000000002
47.19225333333333,715.701878,364.78221633333334,-162.6129145,486.484791,258.91360099999997,21.8001735,479.68465649999996,424.0565305,-37.496303,-56.548700999999994,30.26646900000003
47.15448466666667,715.7112186666667,364.77306833333336,-162.57968499999998,486.4293225,258.950521,21.74053,479.981028,424.18972099999996,-37.395454,-56.54084599999999,30.303188000000034
47.117262000000004,715.7214353333333,364.76395099999996,-162.549284,486.377429,258.98852450000004,21.680992,480.267686,424.32117600000004,-37.295566,-56.537148,30.335302000000013
47.080605999999996,715.7324986666666,364.7548586666667,-162.52186,486.329257,259.027561,21.6217095,480.5441595,424.45068200000003,-37.197131,-56.536811,30.362580000000037
47.04453466666667,715.7443773333333,364.74578599999995,-162.4975525,486.284946,259.0675735,21.562806,480.8100365,424.5780555,-37.100596,-56.53907099999998,30.38477499999999
47.009065666666665,715.757039,364.73672766666664,-162.476492,486.244627,259.1084985,21.5043795,481.06496200000004,424.70314199999996,-37.006361,-56.54320200000001,30.401635999999996
46.97421466666666,715.7704493333332,364.7276773333333,-162.458797,486.2084225,259.15027,21.4465005,481.3086415,424.825811,-36.914783,-56.548524999999984,30.412923999999975
46.93999633333333,715.7845723333334,364.7186306666667,-162.4445745,486.1764445,259.1928135,21.389214499999998,481.5408435,424.94595300000003,-36.826169,-56.55440699999997,30.418416000000036
46.906423999999994,715.7993706666666,364.7095816666667,-162.4339195,486.1487965,259.2360545,21.3325435,481.761395,425.0634755,-36.740781,-56.56026600000001,30.417925000000025
46.87351,715.8148073333333,364.70052566666664,-162.426917,486.1255695,259.2799125,21.2764855,481.970186,425.17829800000004,-36.658833,-56.56557399999997,30.411306000000025
46.841265666666665,715.8308413333334,364.6914576666666,-162.4236365,486.106844,259.3243045,21.2210185,482.16716699999995,425.2903495,-36.580496999999994,-56.569860000000006,30.398460999999998
46.809700666666664,715.8474336666667,364.68237266666665,-162.42413549999998,486.0926885,259.369145,21.1661025,482.3523475,425.3995655,-36.505899,-56.57270700000004,30.379353000000037
46.77882466666667,715.8645426666667,364.6732656666666,-162.42845899999998,486.08316,259.414345,21.11168,482.525795,425.5058815,-36.435128000000006,-56.573756,30.354007000000024
46.74864399999999,715.882126,364.66413400000005,-162.43663800000002,486.0782995,259.4598155,21.057682,482.6876335,425.60923549999995,-36.368234,-56.57270300000005,30.322513000000015
46.719166333333334,715.9001400000001,364.6549726666667,-162.4486895,486.0781385,259.5054655,21.004028,482.83804250000003,425.70956,-36.30523,-56.569298999999944,30.285026000000016
46.690396,715.9185423333333,364.6457776666667,-162.464619,486.0826915,259.5512015,20.950630999999998,482.97725249999996,425.806785,-36.246102,-56.563346999999965,30.241769999999974
46.66233833333333,715.9372876666666,364.6365466666666,-162.484415,486.09196099999997,259.5969305,20.8973995,483.1055435,425.9008335,-36.190803,-56.55470300000002,30.193032999999957
46.63499566666667,715.9563316666666,364.62727533333333,-162.5080565,486.105933,259.642559,20.844241,483.22324249999997,425.991624,-36.139267999999994,-56.54326699999996,30.13916400000005
46.60837033333333,715.9756299999999,364.61796166666664,-162.5355065,486.1245795,259.6879915,20.791064,483.3307195,426.0790665,-36.091402,-56.52898700000003,30.08056499999998
46.58246333333333,715.9951366666668,364.60860299999996,-162.56671599999999,486.14785800000004,259.7331355,20.737781,483.428385,426.1630665,-36.0471,-56.511851999999976,30.017691000000013
46.55727466666667,716.0148066666667,364.5991973333333,-162.60162250000002,486.17570950000004,259.777896,20.684311,483.516685,426.243523,-36.006236,-56.49188800000002,29.951033999999993
46.532803333333334,716.0345946666666,364.58974233333333,-162.640154,486.20806200000004,259.82218,20.630582500000003,483.5960985,426.320332,-35.968677,-56.46915899999999,29.881122000000005
46.50904766666667,716.0544556666667,364.58023733333334,-162.68222300000002,486.24482650000004,259.8658955,20.5765335,483.6671325,426.3933845,-35.93427500000001,-56.44375500000001,29.80851100000001
46.486004,716.0743436666667,364.57068,-162.727732,486.2858995,259.9089505,20.522115,483.730318,426.462571,-35.902879999999996,-56.41579999999999,29.733764000000008
46.46366833333334,716.0942146666666,364.56107066666664,-162.77657349999998,486.3311645,259.9512555,20.467291,483.786205,426.5277815,-35.874334,-56.38543800000002,29.657461000000012
46.44203633333334,716.1140246666668,364.551408,-162.8286295,486.380487,259.99272,20.412041,483.8353575,426.58890799999995,-35.84848,-56.35283700000008,29.580174
46.421101666666665,716.1337293333332,364.5416916666666,-162.883771,486.4337225,260.033258,20.356359,483.8783495,426.6458435,-35.825156,-56.318180999999925,29.502467000000024
46.40085833333333,716.1532860000001,364.53192233333334,-162.94186100000002,486.49071100000003,260.0727825,20.300256,483.91575750000004,426.698487,-35.804202,-56.28167100000002,29.42488800000001
46.38129766666666,716.1726520000001,364.522099,-163.0027545,486.551279,260.11120999999997,20.2437585,483.94815900000003,426.7467415,-35.785459,-56.243520000000046,29.347957000000008
46.36241233333334,716.1917863333333,364.51222400000006,-163.06629900000001,486.61524299999996,260.148458,20.1869075,483.97612349999997,426.790517,-35.768769,-56.203948999999966,29.272168000000022
46.344192,716.2106483333333,364.5022966666667,-163.1323345,486.68240449999996,260.18444750000003,20.129763,484.0002115,426.8297305,-35.753980000000006,-56.163189000000045,29.197974999999985
46.32662833333334,716.2291986666665,364.4923186666667,-163.200695,486.752558,260.2190985,20.072396,484.020965,426.8643065,-35.74094,-56.121471999999926,29.12579500000004
46.30970933333333,716.2473986666668,364.4822916666667,-163.271209,486.82548599999996,260.2523375,20.014894499999997,484.038906,426.894178,-35.729501,-56.079038000000025,29.055999999999983
46.293423999999995,716.2652123333334,364.47221633333334,-163.343702,486.900962,260.2840895,19.957359,484.0545315,426.919287,-35.719522000000005,-56.036122999999975,28.988918000000012
46.277760666666666,716.2826033333332,364.4620956666667,-163.41799250000003,486.97875250000004,260.314285,19.8999015,484.0683075,426.9395835,-35.710863,-55.99296100000004,28.92482899999999
46.262706333333334,716.2995380000001,364.45193166666667,-163.493899,487.05861600000003,260.342856,19.842644999999997,484.080667,426.955026,-35.70339,-55.94978600000002,28.863963999999953
46.24824866666666,716.315984,364.4417253333333,-163.5712355,487.14030549999995,260.369737,19.7857195,484.0920075,426.9655825,-35.696971000000005,-55.90682300000003,28.806511
46.234372666666665,716.3319096666668,364.43148066666663,-163.649816,487.2235695,260.394867,19.7292665,484.10268600000006,426.9712295,-35.691480999999996,-55.86429400000003,28.752607000000012
46.221065,716.3472866666666,364.4212,-163.72945199999998,487.308153,260.418187,19.67343,484.1130185,426.9719515,-35.686795999999994,-55.82240899999999,28.70234700000003
46.208311,716.3620873333333,364.4108866666666,-163.809955,487.3937965,260.4396415,19.618359,484.123278,426.9677435,-35.682798,-55.78136599999999,28.655778999999995
46.19609566666666,716.3762863333333,364.40054366666664,-163.8911375,487.480241,260.459179,19.564204500000002,484.1336925,426.95860849999997,-35.679373,-55.741355,28.61291699999998
46.184403,716.3898600000001,364.3901746666667,-163.9728125,487.567227,260.4767515,19.511118500000002,484.144447,426.94455949999997,-35.676411,-55.70254799999998,28.573729000000014
46.173217666666666,716.4027873333333,364.3797836666666,-164.054795,487.654494,260.4923155,19.459251,484.15568199999996,426.92562,-35.673804,-55.66510599999998,28.538152000000025
46.16252433333333,716.415048,364.3693746666667,-164.1369005,487.74178700000004,260.505832,19.408748,484.1674955,426.90182400000003,-35.67145,-55.629170999999985,28.506088000000034
46.152307,716.4266263333334,364.358952,-164.21895,487.8288495,260.517265,19.3597525,484.179942,426.87321599999996,-35.669253,-55.59486800000002,28.477412000000015
46.142548,716.4375066666666,364.34852,-164.300765,487.91543249999995,260.5265845,19.312397999999998,484.193037,426.839854,-35.667116,-55.56230400000004,28.451967999999965
46.133232666666665,716.4476756666667,364.3380829999999,-164.3821725,488.0012905,260.533765,19.2668115,484.206759,426.8018095,-35.664955,-55.531566,28.429580999999985
46.124344,716.4571236666667,364.3276466666667,-164.4630035,488.086184,260.5387855,19.223109,484.22104950000005,426.75916900000004,-35.662679999999995,-55.50272100000001,28.410052000000007
46.11586566666667,716.4658426666666,364.3172153333333,-164.5430925,488.16988249999997,260.541631,19.181396,484.2358205,426.712033,-35.660218,-55.475817000000006,28.393164000000013
46.10778133333334,716.4738256666666,364.3067946666667,-164.62228,488.2521615,260.54229200000003,19.141765,484.250953,426.660521,-35.657492000000005,-55.45087799999999,28.378686000000016
46.10007533333333,716.4810713333333,364.2963896666667,-164.700413,488.33280649999995,260.5407635,19.104296,484.2663015,426.6047675,-35.654436,-55.427909,28.366377
46.09273066666666,716.4875769999999,364.2860053333334,-164.7773415,488.4116125,260.5370465,19.0690525,484.2817005,426.5449275,-35.650991,-55.40689499999996,28.35598299999998
46.08573233333333,716.493345,364.275648,-164.852925,488.488386,260.5311485,19.036084000000002,484.296962,426.481173,-35.647104,-55.387797999999975,28.34724399999999
46.07906466666666,716.498379,364.265322,-164.9270265,488.5629435,260.523082,19.005426,484.3118835,426.41369499999996,-35.642728000000005,-55.370563000000004,28.339901999999995
46.072713,716.502685,364.25503366666675,-164.99951950000002,488.6351145,260.5128645,18.977096,484.32624649999997,426.34270549999997,-35.63783,-55.355114999999955,28.333692999999982
46.06666166666667,716.506272,364.24478833333325,-165.070281,488.7047415,260.50052,18.951099,484.339823,426.26843099999996,-35.632384,-55.34135999999995,28.328362000000027
46.06089666666667,716.5091509999999,364.2345926666667,-165.139198,488.77168,260.486078,18.927421000000002,484.352374,426.19111799999996,-35.626374,-55.329192000000035,28.32365599999997
46.055404,716.5113353333332,364.22445066666666,-165.2061635,488.8358005,260.4695725,18.9060375,484.363654,426.1110265,-35.619797,-55.31848599999995,28.319334999999967
46.050170333333334,716.5128410000001,364.2143693333334,-165.271079,488.89698599999997,260.45104299999997,18.8869075,484.3734095,426.02843199999995,-35.612663,-55.30910699999998,28.315176000000008
46.045183,716.5136853333333,364.20435399999997,-165.3338545,488.955135,260.4305335,18.869978,484.3813825,425.9436195,-35.604998,-55.30090899999999,28.31097299999999
46.040428999999996,716.513889,364.19441000000006,-165.3944085,489.01016350000003,260.4080935,18.855185,484.38730799999996,425.85688300000004,-35.59684,-55.293740000000014,28.30653799999999
46.035897,716.5134746666668,364.1845436666667,-165.45266750000002,489.0620005,260.3837745,18.842454,484.390918,425.7685215,-35.588248,-55.28743799999995,28.30171899999999
46.031576,716.5124666666666,364.1747606666666,-165.5085665,489.11059150000006,260.3576335,18.831702,484.391935,425.678834,-35.579297999999994,-55.28184200000004,28.296389999999974
46.027455,716.5108916666667,364.165066,-165.56205,489.15589900000003,260.32972800000005,18.82284,484.39007649999996,425.588118,-35.570083999999994,-55.27678899999995,28.29046199999999
46.02352466666667,716.5087776666666,364.15546566666666,-165.6130695,489.1978995,260.300121,18.815773500000002,484.385051,425.49666149999996,-35.560725,-55.27212000000003,28.283884999999998
46.01977633333333,716.5061563333334,364.14596466666666,-165.661588,489.23658950000004,260.268875,18.810405499999998,484.3765565,425.4047425,-35.551359,-55.26768100000004,28.276655000000005
46.016201,716.5030586666667,364.1365693333334,-165.70757600000002,489.2719785,260.23605449999997,18.8066375,484.3642775,425.31262100000004,-35.542151000000004,-55.263327000000004,28.268813999999963
46.012792,716.4995196666665,364.12728433333336,-165.751013,489.3040935,260.201724,18.804372,484.347886,425.22053600000004,-35.533286000000004,-55.258921999999984,28.260456000000033
46.00954166666667,716.495574,364.1181146666666,-165.791888,489.33297749999997,260.1659475,18.803515,484.32703549999997,425.12869950000004,-35.524982,-55.25434899999999,28.25172900000001
46.006443999999995,716.4912596666667,364.10906666666665,-165.8301985,489.358691,260.1287895,18.8039755,484.3013625,425.03729450000003,-35.517475000000005,-55.249505,28.242834999999957
46.00349433333334,716.4866153333332,364.1001436666667,-165.8659505,489.38130750000005,260.0903095,18.805670499999998,484.27048049999996,424.946469,-35.511037,-55.24430899999999,28.234036000000003
46.000688,716.4816793333333,364.091351,-165.8991595,489.40091900000004,260.0505675,18.8085225,484.23398,424.8563325,-35.505959,-55.23870000000005,28.225648999999976
45.998021,716.4764936666667,364.08269366666667,-165.9298495,489.417631,260.0096165,18.812462999999997,484.191427,424.7669545,-35.502564,-55.23264599999999,28.21804499999996
45.99549133333333,716.4711006666666,364.07417533333336,-165.9580525,489.4315655,259.967508,18.817435,484.142361,424.67836,-35.501197999999995,-55.22613999999999,28.211653999999953
45.99309566666667,716.4655419999999,364.0658,-165.9838085,489.442857,259.9242855,18.823388,484.086292,424.5905295,-35.502235999999996,-55.21920799999998,28.206953
45.990833333333335,716.459862,364.05757266666666,-166.00716599999998,489.45165599999996,259.87998749999997,18.830285,484.0227035,424.503397,-35.506071999999996,-55.211907,28.204470000000015
45.98870333333334,716.4541050000001,364.04949600000003,-166.02818050000002,489.458126,259.83464549999997,18.838096500000002,483.95105,424.41685199999995,-35.513123,-55.204323999999986,28.204766000000006
45.986706,716.4483153333334,364.04157299999997,-166.0469145,489.462443,259.788282,18.846803,483.87075849999997,424.330738,-35.523826,-55.19658899999996,28.208439999999996
45.98484133333333,716.4425386666667,364.033807,-166.06343800000002,489.464796,259.74091050000004,18.856393999999998,483.7812285,424.244857,-35.538632,-55.18886299999997,28.21611200000001
45.98311133333333,716.4368193333333,364.0262003333334,-166.0778285,489.465385,259.6925355,18.8668645,483.681835,424.158972,-35.558003,-55.181348000000014,28.228414000000043
45.98151766666667,716.431204,364.018755,-166.0901665,489.464422,259.6431505,18.878215,483.5719315,424.0728085,-35.58241,-55.174283,28.24598100000003
45.980063333333334,716.4257363333332,364.01147233333336,-166.10054150000002,489.4621285,259.592738,18.890449,483.4508535,423.98606400000006,-35.612326,-55.16794700000003,28.26943
45.97875066666666,716.4204623333334,364.0043533333333,-166.10904499999998,489.4587355,259.5412685,18.9035685,483.31791999999996,423.8984115,-35.648217,-55.16265800000002,28.29935499999999
45.97758433333333,716.4154263333334,363.9973996666667,-166.11577649999998,489.45448350000004,259.488699,18.917573,483.1724415,423.8095065,-35.690543999999996,-55.15877499999999,28.33630500000004
45.97656766666666,716.4106723333333,363.99061066666667,-166.1208365,489.44962,259.4349755,18.932456,483.013725,423.7189945,-35.739748,-55.15668999999997,28.38076699999999
45.97570566666666,716.4062443333332,363.9839853333333,-166.124331,489.4443995,259.380028,18.948199,482.841078,423.626521,-35.796248,-55.15683799999999,28.433155999999997
45.975003333333326,716.4021843333334,363.9775233333333,-166.12636750000001,489.439084,259.323774,18.9647695,482.6538175,423.531739,-35.860435,-55.15968499999997,28.493786
45.974465333333335,716.3985346666667,363.971223,-166.127058,489.4339375,259.2661165,18.9821175,482.45127549999995,423.4343175,-35.932659,-55.16573299999999,28.562862999999993
45.974098,716.395336,363.965082,-166.12651499999998,489.42923199999996,259.2069445,19.0001695,482.23280750000004,423.3339525,-36.013222999999996,-55.17551499999996,28.640465000000006
45.973907,716.3926273333333,363.9590973333334,-166.12485249999997,489.425239,259.14613199999997,19.018824499999997,481.997798,423.230375,-36.102381,-55.189592000000005,28.72652199999999
45.973897666666666,716.390448,363.9532653333333,-166.122187,489.4222355,259.083537,19.037951,481.745673,423.1233605,-36.200322,-55.208552,28.820805000000007
45.974077666666666,716.3888336666665,363.9475823333334,-166.118633,489.4204975,259.0190055,19.057383,481.475901,423.0127385,-36.30717,-55.233000000000004,28.922909000000004
45.97445133333333,716.3878209999999,363.9420426666666,-166.114307,489.42030149999994,258.9523665,19.076915,481.18800650000003,422.898399,-36.422968,-55.26356500000003,29.03224399999999
45.97502666666667,716.3874426666667,363.93664199999995,-166.10932400000002,489.421925,258.8834375,19.0963005,480.8815725,422.7802995,-36.547683,-55.300883,29.14802099999997
45.97580933333334,716.3877316666667,363.9313726666667,-166.10379799999998,489.4256415,258.8120195,19.115246499999998,480.55625150000003,422.65847199999996,-36.681191,-55.345601000000045,29.26925
45.97680499999999,716.3887173333333,363.9262286666667,-166.0978425,489.431723,258.7379025,19.1334145,480.2117685,422.533027,-36.823277000000004,-55.398369,29.39472999999998
45.97802066666667,716.3904286666666,363.9212016666667,-166.0915685,489.440437,258.660863,19.1504165,479.8479255,422.4041565,-36.973631,-55.459835,29.523049000000015
45.97946099999999,716.3928923333333,363.9162840000001,-166.085084,489.452048,258.58066399999996,19.1658135,479.46461,422.272136,-37.131839,-55.53063599999996,29.652590000000032
45.981132,716.3961316666667,363.9114666666666,-166.078496,489.46681249999995,258.49705950000003,19.179118,479.0617945,422.13732400000004,-37.29739,-55.61139700000001,29.781532000000027
45.98303933333333,716.40017,363.9067396666666,-166.0719085,489.484982,258.409791,19.1897925,478.63954,422.00016,-37.469671,-55.702721999999994,29.907860000000028
45.98518766666666,716.4050263333334,363.9020926666667,-166.06542050000002,489.5068005,258.318592,19.19725,478.19799750000004,421.8611605,-37.647966000000004,-55.80518699999999,30.029379000000006
45.98758133333333,716.4107186666666,363.89751466666667,-166.0591315,489.53250249999996,258.223186,19.200858,477.73740599999996,421.7209135,-37.831464000000004,-55.91933799999998,30.143727000000013
45.99022433333334,716.4172626666667,363.892994,-166.0531335,489.5623145,258.123289,19.199942999999998,477.25809549999997,421.58007150000003,-38.019256,-56.045681,30.248399000000006
45.99311966666667,716.4246706666667,363.8885176666667,-166.047517,489.5964525,258.01861099999996,19.193789,476.76047800000003,421.439339,-38.210348,-56.184672000000035,30.34077000000002
45.996271,716.4329533333333,363.88407266666667,-166.0423675,489.63512149999997,257.9088555,19.1816505,476.245047,421.29946500000005,-38.403659,-56.336724000000004,30.418115999999998
45.999680000000005,716.4421183333334,363.879645,-166.037768,489.6785155,257.7937235,19.1627495,475.7123725,421.1612295,-38.598035,-56.502185,30.477651000000037
46.00334833333334,716.4521706666666,363.8752206666666,-166.0337945,489.726816,257.6729115,19.136288500000003,475.1630925,421.02542900000003,-38.792257,-56.681344999999965,30.516548
46.00727700000001,716.4631136666667,363.8707833333333,-166.03052250000002,489.780192,257.54611350000005,19.101453000000003,474.59790499999997,420.8928615,-38.985048,-56.87442400000003,30.531983000000025
46.01146533333334,716.4749476666666,363.866317,-166.02802,489.838799,257.4130255,19.057423,474.017562,420.764311,-39.17509,-57.08156799999995,30.521158000000014
46.01591333333332,716.4876686666667,363.86180566666667,-166.0263525,489.9027795,257.273341,19.003377,473.422857,420.6405335,-39.361028000000005,-57.30285199999997,30.481345000000033
46.020619333333336,716.5012723333333,363.85723133333335,-166.0255795,489.97226049999995,257.126757,18.938502500000002,472.8146165,420.52223749999996,-39.541491,-57.538261000000034,30.409911000000022
46.02558033333333,716.5157503333334,363.85257533333333,-166.025757,490.04735550000004,256.97297249999997,18.862004000000002,472.1936875,420.41007149999996,-39.7151,-57.787702999999965,30.304363000000023
46.03079266666666,716.5310916666666,363.84782,-166.02693599999998,490.128164,256.811692,18.773110000000003,471.56092850000005,420.30460800000003,-39.880482,-58.050996999999995,30.162367999999958
46.03625333333333,716.5472833333333,363.84294466666665,-166.02916449999998,490.21476900000005,256.6426235,18.671083,470.917196,420.20632750000004,-40.036284,-58.32787200000001,29.981790999999987
46.04195566666667,716.5643093333333,363.83793,-166.032484,490.3072395,256.465483,18.555227,470.263335,420.1156075,-40.181186000000004,-58.61796800000002,29.760718999999995
46.04789366666666,716.5821503333333,363.8327546666667,-166.03693199999998,490.40563,256.279993,18.4248935,469.6001655,420.032711,-40.313915,-58.92083500000001,29.49748999999997
46.05405999999999,716.6007853333334,363.827397,-166.0425425,490.5099805,256.0858835,18.2794915,468.92847600000005,419.9577775,-40.433251,-59.23593199999999,29.19070700000003
46.060447,716.6201903333334,363.82183533333335,-166.04934400000002,490.6203145,255.8828965,18.118489999999998,468.249009,419.89081450000003,-40.538046,-59.56263000000001,28.839259000000027
46.06704399999999,716.6403383333333,363.81604666666664,-166.0573615,490.7366435,255.67078049999998,17.9414275,467.562456,419.831693,-40.627231,-59.90021200000001,28.442330000000027
46.073841666666674,716.6612006666668,363.810008,-166.0666155,490.858964,255.449298,17.747913,466.8694465,419.7801475,-40.699824,-60.247874999999965,27.999409000000014
46.080827666666664,716.6827453333334,363.80369533333334,-166.0771225,490.9872595,255.2182205,17.537634,466.170543,419.73576949999995,-40.754938,-60.60474199999999,27.510290999999995
46.08798966666666,716.7049390000001,363.797084,-166.08889399999998,491.121499,254.97733499999998,17.3103555,465.46623450000004,419.69801800000005,-40.79179499999999,-60.969851000000006,26.975077999999996
46.09531366666666,716.7277446666667,363.7901493333334,-166.10193850000002,491.261641,254.72643749999997,17.065925,464.7569325,419.66621699999996,-40.809715999999995,-61.34217699999999,26.39416799999998
46.102785000000004,716.7511243333333,363.7828666666667,-166.116261,491.407631,254.46534050000002,16.804271,464.04296750000003,419.6395665,-40.808144,-61.72062699999998,25.76824499999998
46.11038833333333,716.775037,363.77520933333335,-166.131862,491.5594045,254.193868,16.5254065,463.3245895,419.61715100000004,-40.786633,-62.10405100000003,25.09827200000001
46.11810566666667,716.799439,363.7671513333333,-166.14873949999998,491.7168855,253.9118585,16.229425,462.601965,419.597946,-40.744856,-62.49124800000004,24.385462000000018
46.12591933333332,716.8242863333334,363.75866633333334,-166.1668855,491.87999,253.6191655,15.916500500000001,461.875181,419.58083799999997,-40.682605,-62.88097800000003,23.631264000000044
46.13381033333334,716.8495313333333,363.7497266666667,-166.186293,492.0486235,253.3156545,15.586885999999998,461.1442475,419.56462799999997,-40.599791999999994,-63.27196700000002,22.837339999999983
46.141758,716.875125,363.7403053333333,-166.2069495,492.2226865,253.00120750000002,15.240909499999999,460.4090995,419.548054,-40.496444999999994,-63.66291699999999,22.005538
46.149741,716.901017,363.7303743333334,-166.22884,492.4020715,252.6757205,14.878969999999999,459.6696045,419.529799,-40.372707999999996,-64.05251699999997,21.137865999999974
46.15773766666667,716.9271546666668,363.71990566666665,-166.251947,492.58666500000004,252.3391015,14.501536499999998,458.9255675,419.5085085,-40.228838999999994,-64.43944899999997,20.236473000000046
46.165723333333325,716.953484,363.70887066666666,-166.2762515,492.7763505,251.991274,14.109140499999999,458.176737,419.48280450000004,-40.065205,-64.822404,19.303612999999984
46.17367433333334,716.979949,363.6972396666667,-166.30173200000002,492.971007,251.63217500000002,13.7023735,457.422816,419.451296,-39.882279,-65.200084,18.341628000000014
46.18156533333333,717.0064926666668,363.68498433333326,-166.3283645,493.170512,251.2617525,13.2818815,456.6634675,419.412594,-39.680641,-65.57121899999999,17.352921999999978
46.18936933333333,717.0330566666667,363.67207533333334,-166.35612500000002,493.37474100000003,250.87996950000002,12.848361,455.898322,419.3653225,-39.460964,-65.93457000000001,16.339936999999964
46.19705866666667,717.0595816666668,363.658482,-166.3849865,493.58357,250.4867995,12.402555000000001,455.126991,419.30812749999996,-39.224016000000006,-66.28894399999996,15.305140999999992
46.20460533333334,717.0860056666667,363.64417466666663,-166.4149215,493.7968765,250.082227,11.9452465,454.34907,419.2396835,-38.970655,-66.633194,14.250998999999979
46.211980000000004,717.1122676666668,363.62912266666666,-166.445902,494.0145385,249.666247,11.477254,453.56415300000003,419.158705,-38.70182,-66.96623600000004,13.179966000000036
46.219152333333334,717.1383040000001,363.61329500000005,-166.47789849999998,494.236439,249.2388645,10.9994285,452.7718355,419.0639455,-38.418529,-67.28704900000002,12.094470999999999
46.226090666666664,717.1640510000001,363.59666066666665,-166.51088049999998,494.4624655,248.800093,10.512648500000001,451.971727,418.9542075,-38.121871,-67.59468199999998,10.99690499999997
46.23276366666666,717.1894440000001,363.579188,-166.544818,494.6925085,248.349953,10.017815500000001,451.163456,418.82833800000003,-37.812999,-67.88826400000005,9.889612
46.239138,717.2144176666667,363.560845,-166.579681,494.926466,247.88847299999998,9.5158475,450.3466785,418.6852345,-37.493123000000004,-68.16700500000002,8.774882999999988
46.24518,717.2389059999999,363.5415993333333,-166.615437,495.1642435,247.415685,9.007679,449.521082,418.523842,-37.163506,-68.43019799999996,7.65494799999999
46.250856,717.2628413333333,363.5214183333333,-166.65205550000002,495.405754,246.931628,8.4942545,448.6863935,418.343152,-36.825451,-68.67722500000002,6.531971999999996
46.256130000000006,717.286158,363.50026900000006,-166.689504,495.65091800000005,246.43634200000002,7.9765215000000005,447.842383,418.142199,-36.480297,-68.907558,5.408053999999993
46.260965999999996,717.3087876666667,363.4781183333334,-166.7277525,495.89966749999996,245.92987,7.455433500000001,446.98886849999997,417.9200595,-36.129405,-69.12076099999996,4.285212999999999
46.26532766666666,717.3306626666666,363.45493166666665,-166.766767,496.1519425,245.412256,6.931938999999999,446.125718,417.67584650000003,-35.774156,-69.31648799999999,3.1653990000000363
46.269178333333336,717.3517156666667,363.4306756666667,-166.806516,496.407693,244.88354399999997,6.4069815,445.2528515,417.4087075,-35.415935,-69.49448100000001,2.0504809999999907
46.27247933333334,717.3718779999999,363.40531500000003,-166.8469665,496.666882,244.3437765,5.881493,444.3702445,417.11781900000005,-35.056122,-69.65457700000002,0.9422500000000014
46.275193333333334,717.3910810000001,363.3788143333333,-166.888086,496.92948049999995,243.7929925,5.3563920000000005,443.477927,416.8023835,-34.696086,-69.79669799999999,-0.157592999999963
46.27728066666666,717.4092576666667,363.35113866666666,-166.929841,497.1954735,243.23122949999998,4.832579,442.5759845,416.4616265,-34.337172,-69.92084699999998,-1.247431000000006
46.278702333333335,717.4263393333334,363.3222513333333,-166.9721975,497.46485500000006,242.6585175,4.310931,441.6645575,416.094791,-33.980694,-70.02711299999999,-2.3257360000000062
46.27941833333333,717.4422586666666,363.29211633333335,-167.0151205,497.737631,242.074884,3.7923004999999996,440.743839,415.7011365,-33.627919,-70.11566399999998,-3.3910789999999906
46.27938833333334,717.4569476666667,363.26069566666666,-167.058576,498.013819,241.480348,3.2775105,439.8140765,415.279937,-33.280067,-70.186737,-4.442123999999978
46.278571666666664,717.4703403333333,363.227953,-167.102527,498.2934455,240.87492149999997,2.767349500000001,438.875564,414.83047750000003,-32.938297,-70.24063799999999,-5.477639000000011
46.276927666666666,717.4823696666667,363.1938493333334,-167.146938,498.576549,240.25860849999998,2.2625720000000005,437.928645,414.3520515,-32.603702,-70.27774199999999,-6.496496999999977
46.27441433333333,717.4929699999999,363.15834666666666,-167.19177100000002,498.86317800000006,239.63140600000003,1.7638929999999995,436.97370650000005,413.8439635,-32.277302,-70.29847699999999,-7.49767700000001
46.270991,717.5020763333333,363.1214056666667,-167.236989,499.153388,238.99330050000003,1.2719845000000003,436.01117650000003,413.305527,-31.960041,-70.30332500000003,-8.480272000000014
46.266615,717.5096236666667,363.082987,-167.2825535,499.44724700000006,238.34427,0.7874765000000004,435.0415195,412.736062,-31.652779000000002,-70.29281300000002,-9.443482000000017
46.26124466666667,717.5155486666666,363.0430503333334,-167.328426,499.744827,237.6842825,0.3109535000000001,434.06523500000003,412.1349005,-31.356293,-70.26750999999996,-10.386624999999981
46.25483800000001,717.519789,363.0015556666667,-167.374569,500.04621,237.0132975,-0.15705100000000005,433.082851,411.501385,-31.071274000000003,-70.22801800000002,-11.309130000000039
46.24735166666667,717.5222833333333,362.95846233333333,-167.420942,500.35148399999997,236.33126449999997,-0.6160480000000002,432.094921,410.8348675,-30.798326000000003,-70.17496600000004,-12.210540999999978
46.23874466666666,717.5229706666668,362.913728,-167.4675075,500.6607425,235.6381235,-1.065601000000001,431.10201900000004,410.13471549999997,-30.53797,-70.10900399999997,-13.090511000000049
46.228973333333336,717.521791,362.8673123333333,-167.5142275,500.9740835,234.933806,-1.5053240000000008,430.104738,409.4003135,-30.290642,-70.03079600000001,-13.948804999999993
46.217995,717.5186873333332,362.81917233333337,-167.5610655,501.291611,234.218235,-1.9348805000000011,429.1036795,408.6310615,-30.056703,-69.941013,-14.785288999999977
46.20576833333334,717.5136023333334,362.769266,-167.60798549999998,501.613431,233.491327,-2.3539864999999995,428.099455,407.82638199999997,-29.836434999999998,-69.84033,-15.599932000000024
46.19224966666667,717.506481,362.7175506666667,-167.6549525,501.939653,232.7529885,-2.762409,427.09268,406.985722,-29.63005,-69.72941399999996,-16.392795999999976
46.177397333333325,717.4972686666666,362.66398333333336,-167.701935,502.2703895,232.00312250000002,-3.1599645,426.0839645,406.1085525,-29.437700999999997,-69.608923,-17.16403299999996
46.161169,717.4859143333333,362.60852133333333,-167.74890299999998,502.60575200000005,231.241625,-3.5465220000000004,425.0739165,405.1943765,-29.259478,-69.47949700000004,-17.913877000000014
46.143522,717.472366,362.551122,-167.7958295,502.945856,230.4683865,-3.921998500000001,424.06313,404.2427285,-29.095421,-69.34175400000004,-18.642633000000046
46.124415,717.4565756666667,362.49174166666666,-167.84269,503.2908175,229.683296,-4.286361499999999,423.0521855,403.253178,-28.945523,-69.19628699999998,-19.35067600000002
46.103806666666664,717.4384963333333,362.4303373333333,-167.889464,503.64075049999997,228.8862375,-4.6396265,422.04164149999997,402.225335,-28.809741,-69.043655,-20.03843999999998
46.081655000000005,717.418082,362.366867,-167.93613499999998,503.9957715,228.07709499999999,-4.981857000000001,421.03203299999996,401.1588485,-28.687998,-68.88438400000001,-20.706411000000003
46.05791966666667,717.39529,362.3012873333334,-167.98269,504.355995,227.2557525,-5.313163499999999,420.02386650000005,400.05341250000004,-28.580185,-68.718953,-21.355119000000002
46.032560666666676,717.37008,362.2335573333333,-168.029122,504.721536,226.42209400000002,-5.6337035,419.01761350000004,398.9087685,-28.486175000000003,-68.54780699999998,-21.985131000000024
46.00553766666667,717.3424113333334,362.1636343333333,-168.075426,505.092509,225.576005,-5.94368,418.0137105,397.7247065,-28.405817999999996,-68.37133900000003,-22.597047000000032
45.976811,717.3122486666666,362.091478,-168.121604,505.469026,224.7173755,-6.2433404999999995,417.01255349999997,396.5010665,-28.338951,-68.18989700000003,-23.19149299999998
45.946341999999994,717.2795580000001,362.017047,-168.1676615,505.85119999999995,223.84609899999998,-6.532977499999999,416.0144925,395.237742,-28.285397,-68.003781,-23.769115999999997
45.914093333333334,717.244306,361.94030300000003,-168.21360950000002,506.239142,222.96207800000002,-6.8129255,415.0198335,393.93467999999996,-28.244967,-67.81323899999995,-24.330576000000008
45.88002666666667,717.2064643333333,361.86120666666665,-168.259465,506.63296049999997,222.065219,-7.083563,414.0288315,392.591883,-28.21746,-67.618471,-24.876549999999952
45.844106333333336,717.1660053333334,361.77972100000005,-168.3052465,507.03276300000005,221.1554395,-7.3453085,413.0416925,391.209408,-28.202667,-67.41962699999999,-25.407722000000035
45.806296,717.1229056666667,361.69580866666666,-168.3509815,507.4386535,220.232669,-7.59862,412.0585685,389.787367,-28.200366000000002,-67.21680900000001,-25.92478399999999
45.766560999999996,717.0771426666666,361.6094356666667,-168.3966975,507.8507345,219.296848,-7.8439955,411.079562,388.325928,-28.210325,-67.01007400000003,-26.428431999999987
45.724867666666675,717.028698,361.5205673333333,-168.4424295,508.26910250000003,218.3479325,-8.081968,410.10472100000004,386.8253115,-28.232300000000002,-66.79943199999997,-26.919362999999976
45.681184,716.9775553333333,361.4291723333333,-168.488213,508.693852,217.3858945,-8.313107,409.13404449999996,385.2857925,-28.266028000000002,-66.584857,-27.398279000000002
45.635478,716.9237016666666,361.3352193333333,-168.5340885,509.1250685,216.4107245,-8.538012499999999,408.1674795,383.7076945,-28.311235,-66.366285,-27.86587899999995
45.58771933333333,716.8671263333332,361.2386803333334,-168.58009850000002,509.56283199999996,215.422434,-8.757315499999999,407.20492950000005,382.0913905,-28.367625,-66.14361500000001,-28.32286099999999
45.53787933333333,716.8078226666667,361.13952700000004,-168.6262885,510.00721500000003,214.42105800000002,-8.9716735,406.246252,380.4373005,-28.434887,-65.91672599999998,-28.76992100000001
45.485929999999996,716.745786,361.03773500000005,-168.6727035,510.4582775,213.406655,-9.181768000000002,405.291267,378.7458845,-28.51269,-65.68546400000002,-29.207746999999983
45.431845333333335,716.6810146666667,360.93328066666663,-168.7193905,510.91606850000005,212.3793135,-9.3883,404.339759,377.017645,-28.60068,-65.44966599999998,-29.637022
45.37560033333333,716.613511,360.82614366666667,-168.7663965,511.380625,211.33914850000002,-9.5919865,403.391483,375.25311899999997,-28.698487,-65.20914800000003,-30.058416000000022
45.317173000000004,716.543279,360.7163046666667,-168.81376899999998,511.8519675,210.2863085,-9.793557,402.4461725,373.452876,-28.80572,-64.963727,-30.472587999999973
45.25654133333334,716.4703273333333,360.60374699999994,-168.86155250000002,512.330099,209.220976,-9.993749000000001,401.5035425,371.6175135,-28.921974,-64.713211,-30.880179
45.193684999999995,716.394667,360.488457,-168.90979149999998,512.8150035,208.143367,-10.1933015,400.5632985,369.747655,-29.046825,-64.45741900000002,-31.281808000000012
45.12858666666667,716.3163113333334,360.37042233333335,-168.958527,513.306646,207.0537365,-10.392955,399.625143,367.84394399999996,-29.17984,-64.19617599999998,-31.67806999999999
45.06123,716.2352773333333,360.2496346666667,-169.00779799999998,513.8049685000001,205.95237400000002,-10.593442499999998,398.6887825,365.907042,-29.320577,-63.929322999999954,-32.069529999999986
44.99160033333334,716.1515863333334,360.126086,-169.05764,514.3098915,204.83961,-10.795487000000001,397.7539345,363.93762300000003,-29.46859,-63.656717000000015,-32.45671599999997
44.91968566666666,716.0652613333333,359.99977366666667,-169.10808400000002,514.8213115,203.7158105,-10.9997975,396.8203335,361.936372,-29.623435,-63.37824499999999,-32.84011799999996
44.845475,715.9763283333333,359.8706953333333,-169.1591585,515.339102,202.5813785,-11.2070645,395.887739,359.9039815,-29.784668999999997,-63.093818,-33.22018300000002
44.768960666666665,715.8848163333332,359.738854,-169.21088600000002,515.8631135,201.436752,-11.417957000000001,394.9559405,357.84114850000003,-29.951864,-62.80337899999995,-33.59730499999995
44.69013533333334,715.7907583333334,359.60425299999997,-169.2632855,516.3931749999999,200.2824005,-11.6331175,394.024762,355.74857099999997,-30.124603,-62.506906000000015,-33.971828000000016
44.608994333333335,715.6941883333333,359.46690033333334,-169.3163705,516.9290945,199.118822,-11.8531625,393.09406950000005,353.6269475,-30.302489,-62.20441299999999,-34.34403900000001
44.525536666666675,715.5951450000001,359.32680600000003,-169.37015,517.4706635,197.9465375,-12.078676999999999,392.163772,351.4769755,-30.485152,-61.89594999999997,-34.71416700000003
44.439762,715.4936696666667,359.1839836666666,-169.424629,518.01766,196.766086,-12.310214499999999,391.23382449999997,349.29934749999995,-30.672245,-61.581605000000025,-35.082379
44.35167066666667,715.3898053333332,359.03844933333335,-169.479806,518.569849,195.578018,-12.548295000000001,390.3042325,347.0947535,-30.863454,-61.261505,-35.448779
44.261269,715.2835973333334,358.89022300000005,-169.53567650000002,519.1269935,194.3828845,-12.7934055,389.375052,344.863876,-31.058497,-60.935810000000004,-35.813413999999966
44.16856199999999,715.1750956666668,358.73932633333334,-169.59223100000003,519.6888545,193.181234,-13.0459995,388.4463885,342.60739249999995,-31.257129,-60.604716999999994,-36.176265
44.07355833333333,715.0643513333333,358.5857853333334,-169.64945699999998,520.2551985,191.97359799999998,-13.306498000000001,387.518398,340.32597499999997,-31.459136,-60.268456000000015,-36.537262
43.97626966666667,714.9514173333333,358.4296283333333,-169.707338,520.8258050000001,190.76048350000002,-13.575289,386.591283,338.02028700000005,-31.664346,-59.92728400000004,-36.896276
43.876708,714.8363499999999,358.2708873333333,-169.7658535,521.4004715,189.5423635,-13.852732,385.665293,335.6909885,-31.872614,-59.58148399999999,-37.253130999999996
43.774888999999995,714.719208,358.1095966666667,-169.824981,521.979023,188.31966599999998,-14.1391575,384.7407195,333.33873,-32.083833,-59.23136099999999,-37.60760400000004
43.67083,714.6000520000001,357.94579400000003,-169.8846955,522.5613135,187.092763,-14.43487,383.81789000000003,330.964157,-32.297924,-58.87723599999998,-37.95943799999998
43.564551333333334,714.4789446666667,357.7795203333333,-169.9449695,523.1472369999999,185.861964,-14.7401505,382.8971685,328.567909,-32.514833,-58.51944499999996,-38.30833999999999
43.45607433333333,714.35595,357.61081966666666,-170.005775,523.7367300000001,184.62750699999998,-15.0552595,381.9789455,326.1506185,-32.734533,-58.158326999999986,-38.653993000000014
43.34542366666667,714.2311353333333,357.43973800000003,-170.0670815,524.329777,183.389553,-15.3804395,381.0636375,323.71291299999996,-32.957012999999996,-57.79422900000003,-38.99606799999998
43.232626,714.1045686666666,357.26632566666666,-170.12885799999998,524.926412,182.1481805,-15.715917500000002,380.151675,321.255412,-33.182277000000006,-57.42749200000003,-39.33421800000002
43.117709,713.9763206666667,357.090635,-170.19107300000002,525.526721,180.903386,-16.061906,379.243506,318.778729,-33.410340000000005,-57.058452000000045,-39.66809999999998
43.000705,713.846463,356.91272200000003,-170.253693,526.1308405,179.6550825,-16.418606999999998,378.3395815,316.28347199999996,-33.641224,-56.68743699999999,-39.99736999999999
42.88164633333333,713.7150696666666,356.7326446666666,-170.3166865,526.7389555,178.40310799999997,-16.786213,377.440357,313.7702395,-33.874947999999996,-56.31475599999999,-40.32169699999997
42.76056833333334,713.5822143333334,356.5504636666667,-170.3800195,527.3512920000001,177.14722849999998,-17.1649085,376.546284,311.2396245,-34.111533,-55.94070199999999,-40.640761
42.637509333333334,713.447974,356.366244,-170.4436585,527.9681125,175.887155,-17.554868999999997,375.6578075,308.6922095,-34.350994,-55.56554900000003,-40.954267000000016
42.51250866666666,713.312426,356.180052,-170.507567,528.5897,174.6225565,-17.956265000000002,374.77535950000004,306.12856999999997,-34.593334,-55.18954500000001,-41.26193800000004
42.385607666666665,713.1756493333332,355.9919566666667,-170.5717095,529.2163505000001,173.3530815,-18.369258,373.89936,303.54926950000004,-34.838547999999996,-54.81291399999998,-41.56352499999997
42.25685133333334,713.0377233333334,355.80202966666667,-170.636049,529.848352,172.07838,-18.7940015,373.03020849999996,300.9548635,-35.086614999999995,-54.435857,-41.85880700000001
42.12628466666667,712.8987283333332,355.610346,-170.70054449999998,530.4859684999999,170.798133,-19.23064,372.1682865,298.3458945,-35.337506000000005,-54.05854099999999,-42.14758699999999
41.993957,712.7587463333334,355.4169813333333,-170.7651545,531.129417,169.5120815,-19.6793065,371.31395150000003,295.7228955,-35.591173000000005,-53.68111300000004,-42.42969900000003
41.859918,712.6178593333334,355.22201633333333,-170.8298325,531.77885,168.22006,-20.140121,370.46753950000004,293.086388,-35.847556,-53.303691000000015,-42.70500000000004
41.724220333333335,712.4761496666666,355.0255306666666,-170.89453049999997,532.4343235,166.922031,-20.613187500000002,369.62936249999996,290.43688050000003,-36.106583,-52.926364999999976,-42.973370999999986
41.586917666666665,712.3336996666667,354.82760866666666,-170.959194,533.0957814999999,165.6181205,-21.09859,368.7997085,287.77487299999996,-36.368168,-52.54920500000003,-43.234712
41.448066000000004,712.1905943333333,354.6283353333333,-171.023764,533.7630254999999,164.3086525,-21.5963925,367.978842,285.100854,-36.632221,-52.17225400000001,-43.488944000000004
41.307724666666665,712.0469163333333,354.427798,-171.088177,534.4356955000001,162.994184,-22.1066325,367.167005,282.415302,-36.898641000000005,-51.79553800000002,-43.735997999999995
41.165952,711.902749,354.22608633333334,-171.15236299999998,535.113248,161.675533,-22.6293205,366.36441850000006,279.71869,-37.167321,-51.419061,-43.975814000000014
41.02281,711.7581766666667,354.0232903333333,-171.21624500000001,535.7949375000001,160.35380500000002,-23.164436000000002,365.5712805,277.0114835,-37.438154,-51.042813000000024,-44.20834300000001
40.87836266666667,711.6132823333334,353.81950366666666,-171.2797395,536.4798045,159.0304155,-23.711924,364.78777249999996,274.2941465,-37.711031999999996,-50.66676699999999,-44.433537
40.73267366666666,711.4681496666667,353.61481933333334,-171.3427575,537.1666645,157.707098,-24.2716935,364.014059,271.5671425,-37.985851000000004,-50.290887999999995,-44.65134499999999
40.58581066666667,711.322861,353.40933199999995,-171.40520199999997,537.854107,156.38591250000002,-24.8436155,363.2502865,268.8309375,-38.262507,-49.91512899999998,-44.861715000000004
40.437840666666666,711.1774986666666,353.20313966666663,-171.4669695,538.5405000000001,155.06923799999998,-25.4275205,362.4965905,266.0860045,-38.540904999999995,-49.53943499999997,-45.064595000000025
40.288833333333336,711.0321443333332,352.99633866666665,-171.527953,539.2239995,153.75975499999998,-26.023198,361.75309200000004,263.3328275,-38.820954,-49.163746,-45.25992099999999
40.13886,710.8868783333334,352.7890283333333,-171.5880365,539.9025684999999,152.460419,-26.630395500000002,361.0199015,260.571907,-39.102573,-48.78800100000001,-45.447630000000004
39.98799133333333,710.7417813333333,352.581308,-171.647104,540.574008,151.174421,-27.2488195,360.297121,257.8037615,-39.385687,-48.41213400000004,-45.62764900000002
39.836300333333334,710.5969316666666,352.37327766666664,-171.70503250000002,541.2359865000001,149.9051375,-27.8781355,359.58484350000003,255.02893600000002,-39.670229000000006,-48.036081000000024,-45.799908000000016
39.683861666666665,710.4524070000001,352.16503766666665,-171.76169950000002,541.8860864999999,148.6560665,-28.517967999999996,358.883154,252.24800399999998,-39.956136,-47.659775999999965,-45.96432999999999
39.530750000000005,710.3082850000001,351.95669,-171.8169815,542.5218520000001,147.43076,-29.1679055,358.19213149999996,249.46157449999998,-40.243351,-47.28315700000002,-46.120845
39.377040666666666,710.1646400000001,351.7483363333333,-171.870756,543.140844,146.232742,-29.8275015,357.5118485,246.67029449999998,-40.531821,-46.90616699999998,-46.26938899999999
39.22280966666667,710.0215466666667,351.540078,-171.92290300000002,543.7406954999999,145.0654265,-30.4962755,356.84236999999996,243.87485500000003,-40.821491,-46.52874800000001,-46.40990600000001
39.06813433333333,709.8790773333334,351.33201733333334,-171.97330649999998,544.3191775,143.93203,-31.173719,356.183758,241.0759945,-41.112306000000004,-46.150847999999996,-46.542354999999986
38.913092,709.7373033333333,351.12425566666667,-172.021858,544.8742525,142.835484,-31.8592995,355.536065,238.2745015,-41.404207,-45.772422000000006,-46.666717000000006
38.75775933333333,709.5962930000001,350.916895,-172.068455,545.4041345,141.7783535,-32.5524635,354.899339,235.471221,-41.697125,-45.39342599999998,-46.782996000000026
38.602215666666666,709.456115,350.71003666666667,-172.1130035,545.9073425,140.7627625,-33.2526405,354.273619,232.6670525,-41.990981000000005,-45.013824,-46.891221
38.44653733333333,709.3168346666668,350.50378099999995,-172.1554205,546.3827405,139.7903305,-33.9592495,353.6589375,229.862953,-42.285685,-44.63358699999998,-46.991457999999994
38.29080266666667,709.1785156666668,350.2982286666667,-172.1956325,546.8295720000001,138.862125,-34.671701,353.055319,227.05994099999998,-42.58113,-44.25269000000003,-47.083808000000005
38.13508933333333,709.0412196666666,350.0934796666667,-172.23357800000002,547.2474835,137.978631,-35.3894045,352.4627775,224.2590915,-42.877191,-43.871114999999975,-47.168407
37.97947533333333,708.9050066666667,349.88963033333334,-172.269205,547.636528,137.13973950000002,-36.1117695,351.88131699999997,221.46153850000002,-43.173722999999995,-43.488854,-47.245435000000015
37.824036,708.7699353333334,349.68677933333333,-172.30247400000002,547.99716,136.344759,-36.8382145,351.3109335,218.6684725,-43.470563,-43.10590500000001,-47.315113
37.668848999999994,708.6360593333334,349.4850226666667,-172.33335599999998,548.3302185,135.592443,-37.5681645,350.7516085,215.881136,-43.767523,-42.722275000000025,-47.377700000000004
37.513989,708.5034326666668,349.2844546666667,-172.3618305,548.636888,134.88103949999999,-38.30106,350.2033145,213.100823,-44.064398,-42.33798300000001,-47.43350000000001
37.35953166666667,708.3721063333332,349.0851683333333,-172.38788699999998,548.9186615,134.208351,-39.036357,349.666011,210.328872,-44.360956,-41.953058,-47.48285000000001
37.205550333333335,708.2421283333333,348.88725400000004,-172.411523,549.177286,133.5718095,-39.773532,349.13964599999997,207.5666625,-44.656952,-41.56753999999995,-47.52612500000001
37.05211833333333,708.113545,348.69080233333335,-172.432742,549.414708,132.9685585,-40.512081,348.62415550000003,204.8156065,-44.952119999999994,-41.181483000000014,-47.56372900000002
36.899307666666665,707.9863996666667,348.495899,-172.451554,549.6330135000001,132.395538,-41.251523999999996,348.119464,202.077145,-45.246178,-40.79495800000001,-47.596090000000004
36.747188666666666,707.860734,348.30262999999997,-172.467973,549.8343685,131.849574,-41.991403500000004,347.6254835,199.35273949999998,-45.538835000000006,-40.40804899999995,-47.62365700000001
36.59583,707.7365853333334,348.1110773333333,-172.48201699999998,550.0209595,131.327456,-42.731286499999996,347.142118,196.6438625,-45.829789,-40.02085800000003,-47.64689100000001
36.445300333333336,707.6139903333333,347.92132066666665,-172.493706,550.1949440000001,130.82602450000002,-43.470766,346.66926,193.95199250000002,-46.118736000000006,-39.63350600000001,-47.666257
36.295665666666665,707.4929826666666,347.733438,-172.503064,550.3583965,130.3422335,-44.2094575,346.2067945,191.2786045,-46.40536900000001,-39.24613099999999,-47.68222300000002
36.14699033333333,707.3735933333332,347.54750366666667,-172.51011599999998,550.513269,129.873219,-44.9469995,345.754597,188.62516,-46.689386999999996,-38.858893999999964,-47.695244
35.99933733333334,707.25585,347.3635883333333,-172.5148875,550.6613545,129.41634299999998,-45.683052,345.31254,185.9931015,-46.970498,-38.471975999999984,-47.705759
35.852768000000005,707.1397786666666,347.1817616666667,-172.5174075,550.804263,128.96923999999999,-46.4172965,344.88048949999995,183.38384200000002,-47.24842299999999,-38.085577,-47.71418800000001
35.70734133333333,707.0254030000001,347.0020876666667,-172.51770499999998,550.9433975,128.5298405,-47.1494315,344.4583075,180.798757,-47.522903,-37.69992100000002,-47.72091599999999
35.56311433333333,706.912743,346.824629,-172.5158095,551.0799460000001,128.096389,-47.879172999999994,344.0458565,178.23917849999998,-47.793698,-37.31525099999999,-47.72629700000002
35.420143,706.8018176666666,346.64944466666674,-172.511755,551.2148775000001,127.667451,-48.6062495,343.642996,175.706385,-48.06059499999999,-36.931831999999986,-47.73064600000001
35.27847966666667,706.692643,346.4765893333333,-172.50557600000002,551.3489414999999,127.24191100000002,-49.3304045,343.249589,173.2015955,-48.32341099999999,-36.54994399999998,-47.734230999999994
35.13817566666666,706.5852313333334,346.30611433333337,-172.4973085,551.4826805,126.81895499999999,-50.051390000000005,342.8654995,170.725964,-48.581992,-36.16988900000001,-47.73727600000001
34.999279666666666,706.4795946666667,346.13806866666664,-172.48699249999999,551.6164395,126.39805750000001,-50.768966500000005,342.49059550000004,168.2805725,-48.836221,-35.791983000000016,-47.73995500000001
34.861838666666664,706.3757413333333,345.97249600000004,-172.4746705,551.7503875,125.97895249999999,-51.4829005,342.124748,165.866426,-49.086015,-35.41655400000002,-47.742396000000014
34.725896000000006,706.2736783333334,345.809438,-172.4603895,551.8845335,125.561604,-52.192964,341.767835,163.4844475,-49.331322,-35.043942000000015,-47.74467899999999
34.59149466666667,706.17341,345.648931,-172.444198,552.018754,125.1461765,-52.898931499999996,341.4197385,161.13547549999998,-49.572131,-34.67449099999999,-47.746837
34.458674333333335,706.0749376666668,345.491009,-172.42615,552.152813,124.7329945,-53.6005805,341.08034799999996,158.82025950000002,-49.808463,-34.308554000000015,-47.74885900000001
34.32747166666667,705.9782613333333,345.335701,-172.40630199999998,552.286388,124.32251500000001,-54.29769,340.749558,156.539459,-50.040369999999996,-33.94647600000002,-47.750698
34.197921666666666,705.8833799999999,345.18303366666663,-172.3847145,552.419093,123.91528550000001,-54.99004,340.42726949999997,154.29363899999998,-50.26793400000001,-33.58860299999998,-47.75227199999998
34.07005766666666,705.7902893333334,345.033029,-172.3614525,552.5505,123.51191800000001,-55.6774105,340.113388,152.08327450000002,-50.49126700000001,-33.235270000000014,-47.753473000000014
33.94390933333333,705.6989826666668,344.88570533333336,-172.336583,552.680162,123.113055,-56.359584,339.8078245,149.908744,-50.710498,-32.886797,-47.75416800000001
33.81950466666667,705.6094533333334,344.741078,-172.3101765,552.8076289999999,122.719342,-57.0363425,339.510493,147.770336,-50.925779000000006,-32.54348600000003,-47.754209999999986
33.69686866666667,705.5216913333334,344.5991576666667,-172.2823065,552.9324670000001,122.3314055,-57.707471,339.221312,145.6682465,-51.13727600000001,-32.205618000000015,-47.75344500000001
33.57602466666667,705.435685,344.4599516666667,-172.25304649999998,553.0542685,121.949832,-58.372758,338.94020049999995,143.6025805,-51.345162,-31.873445000000004,-47.75171900000001
33.45699366666667,705.3514223333333,344.32346466666667,-172.222474,553.172667,121.575151,-59.031994999999995,338.667078,141.5733585,-51.549618,-31.547188000000006,-47.748879
33.339794,705.268889,344.18969666666663,-172.1906655,553.2873405,121.2078235,-59.684979,338.4018645,139.580515,-51.750822,-31.227033000000006,-47.744792000000004
33.22444133333333,705.1880686666667,344.05864500000007,-172.15769799999998,553.3980225,120.8482335,-60.331513,338.1444755,137.6239055,-51.948948,-30.913125000000036,-47.73933699999999
33.110950333333335,705.1089436666667,343.93030300000004,-172.123648,553.5045015000001,120.49668100000001,-60.971408,337.89482599999997,135.7033095,-52.14416,-30.60557,-47.732421000000016
32.99933166666667,705.0314963333334,343.80466133333334,-172.0885905,553.606624,120.1533805,-61.6044835,337.6528245,133.8184335,-52.336609,-30.304429000000027,-47.723978999999986
32.88959566666667,704.9557066666666,343.681707,-172.0525985,553.7042915,119.818466,-62.23057,337.418374,131.9689185,-52.526428,-30.00971599999997,-47.713977
32.781749,704.8815529999998,343.561424,-172.0157425,553.7974624999999,119.491986,-62.8495075,337.19137,130.15434299999998,-52.713727000000006,-29.721398000000022,-47.702417999999994
32.67579633333333,704.8090143333333,343.44379333333336,-171.9780905,553.8861425,119.17391649999999,-63.46115,336.971702,128.374231,-52.898596000000005,-29.439397999999983,-47.689346000000015
32.571740999999996,704.7380656666666,343.3287923333333,-171.9397055,553.970384,118.86416249999999,-64.06536249999999,336.7592495,126.628055,-53.081095,-29.163585000000012,-47.674836
32.469584000000005,704.6686846666666,343.21639766666675,-171.900648,554.0502785,118.56257000000001,-64.662025,336.553883,124.9152445,-53.261258,-28.893785999999977,-47.65900699999999
32.36932433333333,704.6008449999999,343.10658066666673,-171.860972,554.1259514999999,118.26893150000001,-65.25103,336.35546550000004,123.23518949999999,-53.439094000000004,-28.629785000000027,-47.642013000000006
32.27095833333333,704.5345216666668,342.9993113333333,-171.820728,554.1975555,117.98299449999999,-65.832284,336.16384800000003,121.587248,-53.61458199999999,-28.371320000000026,-47.624042
32.17448133333333,704.4696873333332,342.8945576666667,-171.7799625,554.265264,117.7044745,-66.4057085,335.978874,119.970754,-53.787670999999996,-28.118093999999985,-47.605316
32.079885999999995,704.4063146666667,342.7922843333333,-171.73871450000001,554.3292650000001,117.433061,-66.9712355,335.800377,118.385019,-53.95828899999999,-27.869771999999955,-47.586084000000014
31.98716466666667,704.3443766666666,342.6924543333334,-171.697019,554.3897569999999,117.16842500000001,-67.528811,335.628182,116.8293425,-54.126338000000004,-27.625991999999997,-47.566616999999994
31.896305666666663,704.283843,342.595029,-171.65490649999998,554.4469415000001,116.91022950000001,-68.078393,335.4621055,115.30301449999999,-54.29169399999999,-27.38636299999996,-47.547205000000005
31.80729766666667,704.2246863333334,342.4999663333333,-171.6124015,554.50102,116.65813250000001,-68.61994899999999,335.301958,113.8053225,-54.454223999999996,-27.150476000000026,-47.52815100000001
31.72012666666667,704.1668759999999,342.407224,-171.5695235,554.5521885,116.4117985,-69.1534565,335.1475425,112.33555799999999,-54.613772999999995,-26.91790900000001,-47.509766
31.634777000000003,704.1103829999998,342.31675666666666,-171.526288,554.6006375,116.1708975,-69.6789005,334.998656,110.89301999999999,-54.770174999999995,-26.688232000000028,-47.492357999999996
31.551232,704.0551763333333,342.2285186666666,-171.4827055,554.6465465,115.9351125,-70.1962735,334.855091,109.47701950000001,-54.923261000000004,-26.461009999999987,-47.476231
31.469473333333337,704.0012263333333,342.1424623333334,-171.4387825,554.690081,115.7041435,-70.705572,334.716638,108.08688599999999,-55.072856,-26.235817999999995,-47.46167999999999
31.389480666666667,703.9485026666666,342.05853899999994,-171.3945225,554.7313975,115.477706,-71.2067975,334.5830815,106.721968,-55.218787000000006,-26.012239000000022,-47.448980000000006
31.311233333333334,703.8969736666667,341.97669833333333,-171.34992499999998,554.7706355,115.2555365,-71.699952,334.45420750000005,105.381642,-55.360888,-25.789874999999995,-47.438383999999985
31.234709,703.84661,341.89688866666665,-171.30498599999999,554.8079210000001,115.03739049999999,-72.185039,334.3297995,104.065309,-55.499002,-25.568351000000007,-47.430116
31.159883666666662,703.7973796666665,341.81905966666665,-171.2597,554.8433675,114.8230435,-72.662063,334.20964100000003,102.772403,-55.632984,-25.347320000000025,-47.424372000000005
31.086732666666666,703.7492526666666,341.74315666666666,-171.2140585,554.8770744999999,114.61229,-73.1310255,334.09351749999996,101.50239049999999,-55.762711,-25.126472999999976,-47.421305000000004
31.015230666666668,703.7021983333334,341.66912733333334,-171.1680515,554.90913,114.404945,-73.5919265,333.981215,100.254772,-55.888077,-24.905535999999984,-47.421036
30.94534966666667,703.6561866666666,341.59691799999996,-171.1216685,554.939612,114.20083749999999,-74.04476199999999,333.87252149999995,99.029086,-56.009,-24.684282999999994,-47.423642
30.877062666666664,703.6111873333333,341.52647333333334,-171.074896,554.9685875,113.999816,-74.4895245,333.7672285,97.824906,-56.12542500000001,-24.462529000000018,-47.42915400000001
30.810340666666665,703.5671693333334,341.45773933333334,-171.02772099999999,554.9961155,113.801742,-74.926203,333.66512950000003,96.6418435,-56.237325999999996,-24.24014500000004,-47.43756499999999
30.745154,703.5241046666666,341.39066133333336,-170.980131,555.022248,113.60649000000001,-75.3547835,333.56602350000003,95.479548,-56.344703,-24.017048999999986,-47.44882199999999
30.681472333333332,703.4819630000001,341.3251843333333,-170.93211250000002,555.0470315,113.41394600000001,-75.775245,333.4697095,94.337705,-56.447587999999996,-23.793214999999975,-47.46282600000001
30.619265000000002,703.4407153333333,341.2612536666667,-170.88365249999998,555.070508,113.224005,-76.1875655,333.3759945,93.216035,-56.546043000000004,-23.568667000000005,-47.47944199999999
30.558499666666666,703.4003333333334,341.1988143333333,-170.834739,555.092716,113.036572,-76.591718,333.2846865,92.1142955,-56.640156,-23.343482999999992,-47.498495000000005
30.499144666666666,703.360788,341.13781266666666,-170.7853605,555.1136905,112.85156,-76.9876755,333.195599,91.0322735,-56.730049,-23.11779200000001,-47.51977099999999
30.441166999999997,703.3220516666667,341.07819433333333,-170.73550699999998,555.133465,112.668887,-77.375407,333.1085485,89.96978849999999,-56.815864,-22.891774999999996,-47.543029000000004
30.384533333333337,703.2840966666666,341.0199056666667,-170.6851695,555.152071,112.48847800000001,-77.7548825,333.0233565,88.926687,-56.897772999999994,-22.66565499999996,-47.567995999999994
30.329210666666665,703.2468963333334,340.96289466666667,-170.63434,555.169539,112.31026250000001,-78.126073,332.939849,87.9028405,-56.97596600000001,-22.43970200000001,-47.594379
30.275165,703.2104236666668,340.90710866666666,-170.5830135,555.1858990000001,112.1341755,-78.4889505,332.85785450000003,86.898144,-57.050653000000004,-22.21422100000001,-47.621863999999995
30.22236166666667,703.1746526666666,340.8524953333333,-170.5311855,555.2011789999999,111.960157,-78.8434895,332.7772065,85.9125085,-57.12205899999999,-21.989553,-47.650125
30.17076666666667,703.1395566666666,340.79900499999997,-170.478855,555.2154069999999,111.7881505,-79.1896725,332.6977425,84.945863,-57.190423,-21.766069000000016,-47.678825999999994
30.12034566666667,703.1051116666667,340.7465876666667,-170.4260205,555.2286075,111.61810600000001,-79.5274835,332.6193045,83.99814649999999,-57.255987000000005,-21.54416100000003,-47.707634999999996
30.07106366666667,703.071292,340.69519433333335,-170.372685,555.2408055,111.44997699999999,-79.856917,332.541737,83.06930700000001,-57.319004,-21.32424000000003,-47.736214000000004
30.022886333333332,703.0380736666666,340.644777,-170.318852,555.2520235,111.2837225,-80.1779745,332.46488999999997,82.159296,-57.379723,-21.106728000000032,-47.76424
29.975778666666667,703.0054333333333,340.59528933333337,-170.26452899999998,555.262281,111.1193075,-80.4906665,332.3886185,81.268067,-57.438389,-20.892053000000033,-47.79140000000001
29.929705666666667,702.9733473333332,340.5466853333333,-170.2097235,555.271594,110.9567025,-80.795015,332.31277850000004,80.3955685,-57.495242000000005,-20.68064099999998,-47.81739699999999
29.884634000000002,702.9417936666667,340.4989206666667,-170.1544475,555.2799765,110.795883,-81.091054,332.237234,79.5417445,-57.550512,-20.472913999999946,-47.84196300000001
29.84052766666667,702.9107493333332,340.4519516666667,-170.098714,555.2874380000001,110.6368325,-81.3788275,332.1618525,78.7065295,-57.604412999999994,-20.269278999999983,-47.864847
29.797353666666666,702.880193,340.4057363333333,-170.04253799999998,555.2939845000001,110.479539,-81.6583945,332.08650550000004,77.88984500000001,-57.657147,-20.070127000000014,-47.88583200000001
29.755077,702.8501046666667,340.360234,-169.98593799999998,555.2996175000001,110.3239975,-81.9298255,332.01107,77.09159700000001,-57.708891,-19.875826000000018,-47.904732
29.713663999999998,702.820463,340.315405,-169.928933,555.304333,110.170211,-82.19320450000001,331.9354295,76.3116755,-57.759807,-19.686717000000044,-47.921395000000004
29.673081333333332,702.7912486666668,340.271211,-169.8715465,555.3081235,110.018186,-82.448631,331.859471,75.54995,-57.81003199999999,-19.503107999999997,-47.935704
29.63329566666667,702.762443,340.227615,-169.8138015,555.3109764999999,109.86793700000001,-82.6962155,331.783089,74.8062695,-57.85967899999999,-19.325275999999974,-47.947576999999995
29.594274000000002,702.7340266666666,340.1845806666666,-169.755726,555.3128755,109.7194835,-82.936083,331.706183,74.08046200000001,-57.90884200000001,-19.15345400000001,-47.956968
29.555983,702.7059823333334,340.1420743333333,-169.69734699999998,555.313799,109.5728505,-83.16837050000001,331.628659,73.3723315,-57.95758500000001,-18.987842,-47.963868999999995
29.518390999999998,702.6782926666666,340.10006233333337,-169.63869549999998,555.313721,109.428067,-83.39322800000001,331.55043049999995,72.68166,-58.005956000000005,-18.828595000000007,-47.968306
29.48146633333333,702.6509413333333,340.05851366666667,-169.579804,555.3126135,109.2851675,-83.610816,331.471416,72.0082065,-58.053974000000004,-18.675821999999982,-47.970337
29.445177666666666,702.6239116666666,340.0173966666667,-169.5207055,555.310444,109.14418950000001,-83.8213075,331.39154099999996,71.3517085,-58.101641,-18.52959400000003,-47.970051000000005
29.409493,702.5971886666666,339.97668266666665,-169.461436,555.307177,109.00517099999999,-84.0248845,331.3107405,70.7118805,-58.148941,-18.38993700000003,-47.967563
29.374382666666666,702.5707579999998,339.93634333333335,-169.402031,555.302776,108.8681545,-84.2217385,331.228953,70.0884175,-58.19583900000001,-18.256834000000026,-47.96301900000001
29.339816666666664,702.544606,339.89635200000004,-169.34253,555.2972030000001,108.733183,-84.4120695,331.146126,69.4809965,-58.242285,-18.13022799999999,-47.956579000000005
29.305764999999997,702.5187183333333,339.8566826666667,-169.28297099999997,555.2904185,108.60029850000001,-84.596085,331.0622125,68.8892765,-58.288218,-18.01002299999999,-47.948425
29.272199333333333,702.4930836666666,339.8173116666667,-169.22339449999998,555.2823835,108.469543,-84.7739985,330.9771735,68.312901,-58.33357099999999,-17.896086999999966,-47.938751999999994
29.239090333333333,702.4676896666666,339.778215,-169.16384,555.27306,108.3409575,-84.9460305,330.89097649999997,67.75150049999999,-58.378265000000006,-17.788251000000002,-47.927767
29.206411000000003,702.4425249999999,339.73937033333334,-169.1043495,555.2624109999999,108.2145795,-85.1124045,330.803594,67.204695,-58.422221,-17.686319999999967,-47.91567799999999
29.174133333333334,702.417579,339.700757,-169.0449645,555.2504035,108.09044399999999,-85.27335,330.71500449999996,66.67209249999999,-58.46536,-17.59006500000004,-47.902699
29.14223133333333,702.3928416666666,339.662355,-168.9857265,555.237005,107.968582,-85.4290995,330.62519299999997,66.153296,-58.507603,-17.499238000000048,-47.889039999999994
29.110678000000004,702.3683046666666,339.624145,-168.9266765,555.2221885,107.8490205,-85.579887,330.5341485,65.647902,-58.548876,-17.413567,-47.87490600000001
29.079448000000003,702.3439583333333,339.586109,-168.8678575,555.2059314999999,107.73178,-85.7259505,330.441864,65.15550250000001,-58.589109,-17.332763999999997,-47.860493000000005
29.048516666666668,702.3197956666667,339.54823166666665,-168.80930899999998,555.188215,107.6168785,-85.8675305,330.348338,64.675689,-58.628245,-17.256526000000008,-47.845985999999996
29.017860000000002,702.2958089999998,339.5104956666667,-168.75107350000002,555.1690275,107.504324,-86.004867,330.25357099999997,64.2080495,-58.666236000000005,-17.184540000000027,-47.831557000000004
28.987454,702.2719910000001,339.4728866666667,-168.69319050000001,555.1483619999999,107.39412250000001,-86.13820150000001,330.15756650000003,63.7521745,-58.703041,-17.11648699999995,-47.817357
28.95727533333333,702.248337,339.435391,-168.6356985,555.1262194999999,107.28627,-86.2677795,330.060331,63.307655499999996,-58.738634999999995,-17.052043999999967,-47.803525
28.927301999999997,702.2248403333333,339.3979956666667,-168.5786385,555.1026059999999,107.180757,-86.3938445,329.96187199999997,62.874085,-58.773002999999996,-16.990887999999984,-47.79018000000001
28.897512333333335,702.201497,339.3606893333333,-168.5220465,555.0775355,107.07756950000001,-86.5166425,329.8621995,62.4510605,-58.806143,-16.932695000000024,-47.777419
28.86788566666667,702.1783023333334,339.32346,-168.4659605,555.05103,106.97668300000001,-86.636419,329.761324,62.038180499999996,-58.838064,-16.877152000000024,-47.765322999999995
28.838401666666666,702.1552526666666,339.286298,-168.4104175,555.023117,106.87807000000001,-86.753422,329.659258,61.6350495,-58.868787999999995,-16.823946000000035,-47.753955000000005
28.80904066666667,702.1323443333332,339.24919500000004,-168.355451,554.9938334999999,106.7816945,-86.867899,329.556015,61.2412755,-58.898342,-16.77278000000001,-47.743355
28.779783666666663,702.1095756666667,339.2121416666667,-168.3010965,554.9632225,106.68751549999999,-86.980098,329.4516075,60.856471,-58.926768,-16.723365,-47.733552
28.750613666666666,702.086944,339.1751306666667,-168.2473875,554.931335,106.595486,-87.09026750000001,329.346053,60.4802535,-58.954109,-16.67542400000002,-47.724557000000004
28.721512,702.0644473333333,339.1381556666667,-168.194356,554.8982285,106.50555399999999,-87.198656,329.2393685,60.112246,-58.98041800000001,-16.628700999999978,-47.716370000000005
28.692463000000004,702.042085,339.10121,-168.14203400000002,554.8639685,106.417662,-87.3055095,329.1315745,59.752075500000004,-59.00574700000001,-16.582948999999985,-47.708977000000004
28.663451,702.0198566666667,339.06429,-168.0904525,554.8286255,106.3317485,-87.411075,329.0226935,59.3993775,-59.030154,-16.53794300000004,-47.702357000000006
28.634461,701.997761,339.02738933333336,-168.03964100000002,554.7922779999999,106.247748,-87.51559499999999,328.912753,59.053792,-59.05369399999999,-16.493475999999987,-47.69647799999999
28.605478,701.9757989999999,338.99050600000004,-167.9896305,554.755009,106.165592,-87.6193105,328.80178550000005,58.7149675,-59.076421,-16.44936100000001,-47.691306999999995
28.57648966666667,701.953971,338.9536356666667,-167.940449,554.716908,106.08520949999999,-87.7224555,328.6898295,58.382561499999994,-59.098386999999995,-16.40543299999996,-47.686800999999996
28.547482333333335,701.9322773333333,338.9167763333333,-167.8921255,554.6780685,106.00652550000001,-87.8252605,328.5769295,58.0562405,-59.119639,-16.36154499999998,-47.682922999999995
28.518445333333332,701.9107203333333,338.879926,-167.844687,554.63859,105.92946599999999,-87.9279475,328.46314,57.735682,-59.140221,-16.317578000000026,-47.679626000000006
28.489366666666665,701.889301,338.84308400000003,-167.798162,554.5985735,105.853954,-88.0307285,328.3485245,57.420577,-59.160166999999994,-16.27343099999996,-47.676866000000004
28.460237000000003,701.8680213333333,338.8062493333333,-167.752577,554.558126,105.77991449999999,-88.133807,328.2331565,57.11063,-59.17951,-16.22902899999997,-47.674603999999995
28.431046,701.8468839999999,338.7694216666667,-167.70795850000002,554.5173560000001,105.707269,-88.2373715,328.117122,56.8055635,-59.19827299999999,-16.184324000000004,-47.672794999999994
28.401785333333336,701.8258906666666,338.732602,-167.664332,554.4763725,105.6359435,-88.3415975,328.0005195,56.505117,-59.216477000000005,-16.139288999999962,-47.671398
28.372448000000002,701.8050440000001,338.69579100000004,-167.621723,554.435289,105.565864,-88.446642,327.883461,56.209051,-59.234136,-16.09392200000002,-47.67037199999999
28.343026,701.7843473333332,338.65899033333335,-167.5801565,554.3942175,105.4969575,-88.5526465,327.766072,55.917148499999996,-59.251259,-16.048246000000006,-47.669678999999995
28.313514,701.7638029999999,338.6222016666667,-167.53965499999998,554.353271,105.4291545,-88.659731,327.64849200000003,55.629219000000006,-59.26785399999999,-16.002310000000023,-47.669276
28.283906,701.7434143333334,338.585428,-167.50024200000001,554.3125615,105.36238800000001,-88.767994,327.530876,55.3450955,-59.28392399999999,-15.956187999999997,-47.669123000000006
28.254198,701.7231843333334,338.54867199999995,-167.4619385,554.2721994999999,105.2965945,-88.877513,327.4133925,55.0646435,-59.299474,-15.909970999999985,-47.669177
28.224386,701.7031156666667,338.511937,-167.4247645,554.232294,105.23171450000001,-88.9883395,327.296223,54.7877555,-59.314509,-15.863782000000015,-47.669391
28.194467333333336,701.6832113333334,338.47522799999996,-167.3887385,554.1929505,105.1676925,-89.100502,327.17956200000003,54.514358,-59.32903399999999,-15.81775399999998,-47.669715999999994
28.164440000000003,701.663475,338.43854899999997,-167.353876,554.1542715,105.104477,-89.214004,327.06361549999997,54.2444085,-59.34306000000001,-15.772048999999981,-47.67009900000001
28.134302,701.643908,338.40190433333333,-167.32019150000002,554.1163544999999,105.042022,-89.3288245,326.948599,53.977897999999996,-59.35659700000001,-15.726842000000033,-47.67048
28.10405466666667,701.6245140000001,338.365301,-167.287697,554.079293,104.9802865,-89.4449175,326.834736,53.7148515,-59.369663,-15.682322,-47.670801
28.073697,701.605295,338.328744,-167.25640049999998,554.0431739999999,104.91923399999999,-89.5622135,326.7222555,53.4553255,-59.382283,-15.63869299999999,-47.67098899999999
28.043229999999998,701.5862536666667,338.29224,-167.22630850000002,554.0080794999999,104.8588345,-89.6806195,326.61139000000003,53.19941,-59.394482999999994,-15.596167999999977,-47.670972000000006
28.012657,701.567391,338.25579633333336,-167.19742300000001,553.9740835,104.79906199999999,-89.80002300000001,326.50237300000003,52.947224,-59.4063,-15.554965999999979,-47.670676
27.981979666666664,701.5487093333332,338.2194206666666,-167.1697435,553.9412525,104.7398965,-89.9202905,326.3954355,52.698916499999996,-59.417775,-15.515310999999997,-47.670015
27.951202333333338,701.5302106666667,338.1831206666667,-167.1432645,553.9096460000001,104.681325,-90.0412735,326.290803,52.4546615,-59.42895300000001,-15.47742599999998,-47.668904999999995
27.920328666666666,701.5118946666666,338.14690533333334,-167.1179775,553.8793145,104.62333749999999,-90.162806,326.188694,52.214656500000004,-59.439886,-15.441532000000052,-47.667257000000006
27.889364666666665,701.4937633333334,338.110784,-167.09386899999998,553.8503000000001,104.565931,-90.284713,326.0893155,51.9791175,-59.450632000000006,-15.407842999999957,-47.66498300000001
27.85831633333333,701.4758166666667,338.07476633333334,-167.070923,553.8226345,104.5091075,-90.4068065,325.99286,51.748278,-59.461251000000004,-15.37656000000004,-47.661992
27.82718966666667,701.4580540000001,338.038862,-167.049116,553.7963414999999,104.45287350000001,-90.528896,325.89950450000003,51.52238,-59.471805999999994,-15.347874999999988,-47.658194
27.79599333333333,701.4404760000001,338.003082,-167.028423,553.771434,104.39724100000001,-90.650785,325.8094055,51.3016735,-59.482364,-15.321961000000044,-47.65350099999999
27.764734333333333,701.4230819999999,337.9674376666667,-167.008813,553.7479145,104.34222550000001,-90.772277,325.7226985,51.08641,-59.49299,-15.298969,-47.64782600000001
27.733423333333334,701.4058703333334,337.93194,-166.990252,553.7257784999999,104.287848,-90.89317700000001,325.639494,50.876836499999996,-59.503752000000006,-15.279034000000024,-47.641088999999994
27.702068666666666,701.38884,337.8966023333333,-166.9727,553.705007,104.2341325,-91.0132955,325.55987749999997,50.6731915,-59.51471699999999,-15.262259000000029,-47.633208999999994
27.670681666666667,701.3719893333333,337.8614356666667,-166.956114,553.6855754999999,104.181107,-91.132449,325.48390800000004,50.4756995,-59.52594799999999,-15.248723999999982,-47.624115
27.639273000000003,701.3553156666667,337.82645299999996,-166.940447,553.667447,104.128803,-91.250464,325.4116135,50.284563999999996,-59.537507999999995,-15.238480999999979,-47.613738
27.607856,701.3388173333333,337.79166933333335,-166.925648,553.6505764999999,104.07725400000001,-91.367178,325.34299699999997,50.09996699999999,-59.549458,-15.231552000000022,-47.602011999999995
27.576442,701.3224913333333,337.757097,-166.9116635,553.634909,104.0264975,-91.482439,325.2780295,49.9220605,-59.561854000000004,-15.227929000000017,-47.58888099999999
27.54504466666667,701.3063343333333,337.7227506666666,-166.898436,553.6203825,103.976571,-91.596109,325.216653,49.750962,-59.574749999999995,-15.22757200000001,-47.57429
27.51367833333333,701.2903433333335,337.6886446666667,-166.8859065,553.6069239999999,103.927515,-91.708065,325.1587835,49.5867545,-59.58819799999999,-15.230412999999999,-47.558189
27.48235733333333,701.2745140000001,337.6547943333333,-166.874013,553.5944569999999,103.879372,-91.8181975,325.1043085,49.429480500000004,-59.602245,-15.236353000000008,-47.540531
27.451097333333333,701.2588426666666,337.6212156666667,-166.8626925,553.582894,103.832183,-91.92641,325.053089,49.2791395,-59.616938000000005,-15.245266000000015,-47.52127300000001
27.419914333333335,701.2433256666667,337.5879233333333,-166.8518815,553.572146,103.785992,-92.0326215,325.00496250000003,49.135686500000006,-59.632319,-15.256997000000013,-47.500373
27.388824666666668,701.2279576666666,337.5549343333333,-166.84151450000002,553.5621145,103.7408415,-92.136763,324.959746,48.9990315,-59.64843,-15.271367999999995,-47.477789
27.357845,701.2127343333333,337.52226533333334,-166.831527,553.5527005,103.69677300000001,-92.2387775,324.917236,48.8690405,-59.665310999999996,-15.288176000000021,-47.453483
27.326994333333335,701.1976510000001,337.489933,-166.8218555,553.5437985,103.6538285,-92.3386195,324.877212,48.7455305,-59.683004999999994,-15.307202000000018,-47.427413
27.296289333333334,701.1827023333334,337.457955,-166.812437,553.5353044999999,103.612049,-92.436253,324.8394425,48.628277999999995,-59.701547999999995,-15.328204999999969,-47.399538
27.26575,701.1678833333334,337.42635,-166.8032105,553.527111,103.5714725,-92.5316495,324.80368250000004,48.5170155,-59.720985000000006,-15.350931000000003,-47.369817000000005
27.235395333333333,701.1531896666667,337.39513500000004,-166.79411900000002,553.5191110000001,103.532137,-92.62478899999999,324.769682,48.411438,-59.741353999999994,-15.375113999999996,-47.338206
27.20524466666667,701.1386153333333,337.36432966666666,-166.78510649999998,553.5111995,103.4940765,-92.715656,324.737187,48.311204,-59.762702000000004,-15.400484000000006,-47.30466199999999
27.175319000000002,701.1241556666668,337.333953,-166.776122,553.503273,103.457323,-92.80424049999999,324.7059425,48.2159415,-59.785071,-15.426760999999999,-47.26914099999999
27.145638333333334,701.109806,337.304024,-166.767119,553.495233,103.421906,-92.8905355,324.675697,48.125251999999996,-59.80850699999999,-15.453665999999998,-47.231601999999995
27.11622433333333,701.095561,337.274564,-166.758056,553.4869855,103.38785150000001,-92.9745365,324.64620449999995,48.038717500000004,-59.833057,-15.480923000000018,-47.192003
27.087098333333333,701.0814166666665,337.24559233333326,-166.7488975,553.478443,103.35518049999999,-93.056244,324.6172295,47.955904000000004,-59.85877,-15.508261000000005,-47.150306
27.05828166666667,701.0673686666665,337.2171313333333,-166.73961350000002,553.4695245,103.3239125,-93.135658,324.5885495,47.876369499999996,-59.88569400000001,-15.535417000000052,-47.106480999999995
27.029798,701.0534126666666,337.18920166666663,-166.73018150000001,553.4601605,103.29406,-93.2127845,324.5599545,47.799671000000004,-59.91387499999999,-15.562139000000002,-47.0605
27.001668999999996,701.0395450000001,337.161826,-166.720586,553.450289,103.2656335,-93.2876315,324.531256,47.7253695,-59.943358999999994,-15.588191999999992,-47.012349
26.973917666666665,701.0257633333334,337.13502633333337,-166.71082,553.4398605,103.238637,-93.3602145,324.50228400000003,47.653038,-59.97419099999999,-15.61335600000001,-46.962022000000005
26.946566999999998,701.0120653333333,337.10882666666663,-166.7008845,553.4288375000001,103.21306999999999,-93.430554,324.472891,47.582269,-60.006408,-15.637433999999985,-46.909526
26.919641,700.9984483333334,337.08324999999996,-166.690789,553.4171965,103.18892650000001,-93.49868000000001,324.442954,47.512679500000004,-60.040046000000004,-15.660248000000024,-46.854883
26.893163333333334,700.9849123333333,337.058321,-166.6805525,553.4049285000001,103.166195,-93.564637,324.412379,47.443918499999995,-60.07513000000001,-15.681647999999996,-46.798134999999995
26.867157000000002,700.971457,337.03406433333333,-166.6702035,553.39204,103.144857,-93.6284805,324.381096,47.375671499999996,-60.111681,-15.701505999999995,-46.739339
26.841646666666666,700.958082,337.0105043333333,-166.6597795,553.378554,103.124889,-93.69028800000001,324.3490645,47.3076685,-60.149704,-15.719727000000034,-46.678577000000004
26.816656666666663,700.9447909999999,336.9876683333334,-166.6493285,553.364512,103.106261,-93.750156,324.316277,47.2396855,-60.18920000000001,-15.736242000000004,-46.61594699999999
26.792210666666666,700.9315856666667,336.965582,-166.6389085,553.3499715,103.08893599999999,-93.8082095,324.2827535,47.1715525,-60.230151000000006,-15.751013,-46.551575
26.768333333333334,700.9184696666666,336.9442716666667,-166.62858649999998,553.3350105,103.07287099999999,-93.86460100000001,324.2485445,47.1031545,-60.272528,-15.764034999999978,-46.485606999999995
26.74504933333333,700.9054496666668,336.9237653333333,-166.61844050000002,553.319726,103.0580145,-93.919517,324.21373400000004,47.034436,-60.316283999999996,-15.775329999999997,-46.418212000000004
26.72238266666667,700.8925313333334,336.9040903333333,-166.60855800000002,553.304234,103.044309,-93.973183,324.17843600000003,46.9654025,-60.361358,-15.784960000000012,-46.349587
26.700358000000005,700.879723,336.88527533333337,-166.5990355,553.2886715,103.0316895,-94.0258655,324.14279550000003,46.896122500000004,-60.407667,-15.793011000000035,-46.279945
26.67899966666667,700.8670349999999,336.867348,-166.589979,553.2731954999999,103.020083,-94.077876,324.1069875,46.826727,-60.455113999999995,-15.799605000000042,-46.209524
26.65833166666667,700.8544783333333,336.8503386666667,-166.581503,553.2579820000001,103.0094105,-94.1295755,324.07122,46.7574125,-60.50357700000001,-15.80489399999999,-46.138580999999995
26.638379333333337,700.8420656666667,336.834276,-166.5737305,553.2432295,102.999584,-94.1813765,324.0357275,46.688437,-60.552921,-15.809060999999986,-46.067392
26.619165999999996,700.829812,336.81919,-166.56679200000002,553.229155,102.990509,-94.233745,324.0007745,46.620121,-60.60298399999999,-15.812319000000002,-45.996248
26.600715666666662,700.8177346666666,336.8051103333333,-166.56082550000002,553.2159955,102.982083,-94.287205,323.9666545,46.55284399999999,-60.653586,-15.814904999999953,-45.925453999999995
26.583051666666666,700.8058510000001,336.792068,-166.555974,553.2040075,102.974196,-94.3423375,323.93368599999997,46.4870435,-60.704529,-15.817083999999966,-45.85533100000001
26.566198999999997,700.7941816666666,336.78009233333336,-166.552386,553.193466,102.96673100000001,-94.39978099999999,323.9022145,46.42321,-60.75559,-15.819146999999987,-45.786204
26.55017966666667,700.7827496666667,336.76921500000003,-166.550215,553.1846645,102.9595625,-94.46023550000001,323.872608,46.3618855,-60.80653099999999,-15.821401999999978,-45.718407000000006
