Sh_x,Sh_y,Sh_z,El_x,El_y,El_z,Wr_x,Wr_y,Wr_z,WrVec_x,WrVec_y,WrVec_z
-22.99681766666667,692.1171656666667,273.395712,-192.2148045,541.7754950000001,47.227405000000005,-92.84178299999999,321.766948,37.9624385,-43.58621799999999,-14.962932000000023,-37.718385
-22.979856,692.066999,273.3828913333333,-192.1251455,541.747666,47.1187305,-92.642774,321.768453,37.9953675,-43.520126000000005,-14.990905999999995,-37.77737499999999
-22.963285,692.016945,273.370311,-192.0432105,541.734962,47.005003,-92.44307749999999,321.7901015,38.049145,-43.454537,-15.028306999999984,-37.83126
-22.947128666666668,691.9670683333334,273.35801466666663,-191.96911899999998,541.7379765000001,46.8860185,-92.24227400000001,321.8329455,38.1254625,-43.38925999999999,-15.075522999999976,-37.880085
-22.931411666666666,691.9174363333333,273.34604733333333,-191.9029665,541.7572614999999,46.761601,-92.039921,321.898004,38.2260025,-43.324106,-15.132913999999971,-37.923917
-22.916157333333334,691.8681190000001,273.334451,-191.8448215,541.7933244999999,46.6316025,-91.8355505,321.98625649999997,38.352425499999995,-43.258881,-15.200818999999967,-37.962838999999995
-22.901391333333333,691.8191889999999,273.323267,-191.794726,541.8466205,46.4959075,-91.62867,322.098641,38.50636,-43.193398,-15.279547999999977,-37.996938
-22.887140333333335,691.7707203333334,273.31253566666663,-191.752697,541.9175485000001,46.354437000000004,-91.4187675,322.236048,38.689386999999996,-43.12748099999999,-15.369392000000005,-38.0263
-22.873430333333335,691.7227896666667,273.302296,-191.718725,542.0064485,46.2071525,-91.2053105,322.399315,38.9030325,-43.060969,-15.47061199999996,-38.05100899999999
-22.860287,691.6754753333333,273.292585,-191.692776,542.1135939999999,46.054057,-90.9877475,322.5892245,39.1487545,-42.993717000000004,-15.583450999999968,-38.071135
-22.847737999999996,691.6288573333333,273.28343900000004,-191.67479,542.2391905,45.8951955,-90.7655145,322.8064975,39.4279315,-42.925607,-15.70812699999999,-38.086731
-22.835809666666666,691.5830166666666,273.27489199999997,-191.6646855,542.3833735000001,45.7306605,-90.53803500000001,323.0517955,39.7418525,-42.856544,-15.844837000000041,-38.097826999999995
-22.824529,691.5380353333334,273.26697599999994,-191.6623555,542.546202,45.5605905,-90.304726,323.32571099999996,40.0917095,-42.786463999999995,-15.993754000000024,-38.104428999999996
-22.813922333333334,691.4939963333333,273.259723,-191.6676735,542.72766,45.38517,-90.0649985,323.6287695,40.478586,-42.715329,-16.155033000000003,-38.106511999999995
-22.804016666666666,691.4509830000001,273.25316100000003,-191.680493,542.9276535,45.2046335,-89.81826749999999,323.961427,40.903450500000005,-42.64313299999999,-16.32880399999999,-38.104019
-22.794837,691.4090796666666,273.247319,-191.700646,543.1460079999999,45.0192605,-89.56395,324.324069,41.3671525,-42.569902,-16.515175999999997,-38.096861
-22.786409666666668,691.3683696666667,273.24222133333336,-191.72795100000002,543.382472,44.829375500000005,-89.301474,324.71700599999997,41.870411000000004,-42.495688,-16.714233999999976,-38.084914000000005
-22.778758666666665,691.328936,273.237893,-191.762209,543.636714,44.6353515,-89.030282,325.14047949999997,42.413815,-42.42057199999999,-16.926040999999998,-38.068023999999994
-22.771908666666665,691.2908613333334,273.23435566666666,-191.8032065,543.908324,44.4375995,-88.749836,325.59465550000004,42.99782,-42.344660000000005,-17.150635000000023,-38.046002
-22.765882666666666,691.2542276666667,273.23163033333327,-191.850719,544.196816,44.236573500000006,-88.4596205,326.07962899999995,43.622743,-42.268077000000005,-17.38802800000002,-38.018634000000006
-22.76070266666667,691.2191163333333,273.22973566666667,-191.90451050000001,544.5016295,44.0327645,-88.15915,326.5954235,44.2887645,-42.19096999999999,-17.63820099999998,-37.985679000000005
-22.756390333333332,691.1856053333332,273.2286896666667,-191.9643355,544.822132,43.8266975,-87.8479705,327.141992,44.9959295,-42.113496999999995,-17.901112000000012,-37.946875
-22.752964666666667,691.1537726666667,273.2285073333333,-192.029942,545.1576239999999,43.618927500000005,-87.5256665,327.7192185,45.7441455,-42.03582499999999,-18.17668500000002,-37.901942999999996
-22.750445000000003,691.123694,273.22920300000004,-192.10107,545.50734,43.410036,-87.1918615,328.32692,46.53318899999999,-41.95812699999999,-18.46481,-37.850593999999994
-22.74884833333333,691.0954419999999,273.23079,-192.1774545,545.8704554999999,43.200627,-86.8462245,328.9648485,47.362708500000004,-41.880573,-18.765344999999968,-37.792533000000006
-22.74819033333333,691.0690886666667,273.233279,-192.258827,546.246089,42.991322,-86.488472,329.63269349999996,48.2322295,-41.80333,-19.078112999999973,-37.727463
-22.748485,691.0447006666667,273.23668133333337,-192.34491450000002,546.633311,42.782754999999995,-86.11837,330.3300835,49.1411595,-41.72655399999999,-19.402899000000048,-37.65509900000001
-22.74974466666667,691.022345,273.241005,-192.435442,547.031144,42.575568999999994,-85.735737,331.0565895,50.0887975,-41.650386,-19.73944899999998,-37.575161
-22.751980666666668,691.0020833333333,273.246259,-192.530132,547.438575,42.37041,-85.34044449999999,331.811728,51.07433950000001,-41.574946999999995,-20.087473999999986,-37.487393000000004
-22.755201,690.9839750000001,273.25245033333334,-192.628705,547.8545555000001,42.167923,-84.932423,332.5949615,52.09688750000001,-41.500336000000004,-20.446641,-37.391561
-22.759413,690.9680756666667,273.2595856666667,-192.73087850000002,548.2780095,41.968744,-84.511655,333.405704,53.155458,-41.426626000000006,-20.816581999999983,-37.287458
-22.764622000000003,690.9544373333333,273.267671,-192.83637099999999,548.707842,41.773502,-84.0781845,334.24332200000003,54.248994499999995,-41.353861,-21.196886000000006,-37.174913
-22.77083,690.9431103333333,273.27671166666664,-192.94489700000003,549.1429425,41.582807,-83.63211000000001,335.1071365,55.3763735,-41.282054,-21.587107000000003,-37.053791
-22.778038666666664,690.9341393333334,273.28671333333335,-193.0561715,549.5821925,41.39725,-83.1735875,335.996429,56.536416,-41.211183,-21.986760000000004,-36.92400000000001
-22.786246666666667,690.9275663333333,273.2976813333333,-193.1699045,550.0244705,41.2174,-82.7028285,336.9104395,57.727898999999994,-41.141197,-22.395324999999957,-36.785492
-22.79545,690.9234283333334,273.309621,-193.2858075,550.4686595000001,41.043796500000006,-82.220103,337.84837300000004,58.949564,-41.072006,-22.812250000000006,-36.638266
-22.805643,690.9217606666667,273.32253833333334,-193.40358650000002,550.9136525,40.8769485,-81.72573249999999,338.8093995,60.200127499999994,-41.003488999999995,-23.23694899999998,-36.482369
-22.816817333333333,690.9225936666667,273.336439,-193.522947,551.358356,40.7173325,-81.220092,339.792657,61.4782915,-40.935491999999996,-23.668810000000008,-36.317899000000004
-22.828963333333334,690.925955,273.35133033333335,-193.643592,551.8016984999999,40.5653865,-80.70360649999999,340.79725399999995,62.78274999999999,-40.867827,-24.107195999999988,-36.145002
-22.842067333333333,690.9318666666668,273.36721933333337,-193.7652215,552.2426335,40.4215135,-80.17675299999999,341.822271,64.112204,-40.80028,-24.551446000000055,-35.963876000000006
-22.856114666666667,690.9403496666667,273.3841156666667,-193.8875325,552.6801445,40.286074500000005,-79.6400525,342.8667635,65.465363,-40.732605,-25.000887000000034,-35.774766
-22.871087666666668,690.9514206666666,273.402029,-194.010221,553.1132494999999,40.1593905,-79.094072,343.92976450000003,66.840957,-40.664533999999996,-25.45482499999997,-35.577966
-22.886966,690.9650916666666,273.42097033333334,-194.1329825,553.5410045000001,40.0417425,-78.539419,345.010286,68.2377435,-40.595777999999996,-25.91256199999998,-35.373813
-22.903727000000003,690.9813736666666,273.440953,-194.255509,553.962507,39.933369,-77.976743,346.10731899999996,69.6545105,-40.526028,-26.373392000000024,-35.162687000000005
-22.92134533333333,691.0002726666667,273.461991,-194.3774935,554.3769,39.8344685,-77.406727,347.21984050000003,71.0900855,-40.454962,-26.836607000000015,-34.945009
-22.939792999999998,691.0217926666668,273.484102,-194.49863,554.7833725,39.7452,-76.830088,348.346812,72.5433385,-40.38224399999999,-27.301504000000023,-34.721237
-22.959040666666667,691.0459346666667,273.50730400000003,-194.618614,555.1811640000001,39.665684,-76.2475735,349.4871835,74.01318549999999,-40.307535,-27.76738499999999,-34.491856999999996
-22.979054333333334,691.072697,273.53161800000004,-194.737144,555.569564,39.5960035,-75.65995699999999,350.6398965,75.498592,-40.230487999999994,-28.233565,-34.257388
-22.99979833333333,691.102076,273.5570676666667,-194.853923,555.9479160000001,39.536207,-75.06803500000001,351.8038835,76.99857349999999,-40.150760000000005,-28.699370999999985,-34.01836899999999
-23.021235,691.1340646666666,273.58367833333335,-194.9686585,556.315615,39.486313,-74.4726215,352.97807550000005,78.5121975,-40.06801300000001,-29.164153,-33.775359
-23.043323333333333,691.1686543333334,273.61147933333336,-195.08106800000002,556.6721115,39.4463075,-73.87454650000001,354.16140199999995,80.038586,-39.981916999999996,-29.627279999999985,-33.528928
-23.066019666666666,691.2058353333333,273.640502,-195.190876,557.0169085,39.416152499999995,-73.27465,355.352794,81.5769095,-39.892154,-30.088144,-33.27965900000001
-23.089277999999997,691.2455943333333,273.67078066666664,-195.2978185,557.3495645,39.395786,-72.6737775,356.55119,83.126389,-39.79842300000001,-30.546172000000013,-33.028132
-23.113049333333333,691.287918,273.7023523333333,-195.401644,557.6696895,39.385124499999996,-72.072776,357.755535,84.6862945,-39.700444000000005,-31.000815999999986,-32.774929
-23.13728233333333,691.3327913333334,273.7352583333333,-195.502115,557.976947,39.3840715,-71.472488,358.96479,86.2559415,-39.597958,-31.451561999999967,-32.520618999999996
-23.16192266666667,691.3801973333334,273.76954266666667,-195.59901000000002,558.2710509999999,39.3925135,-70.8737495,360.1779305,87.8346875,-39.490733000000006,-31.897932999999966,-32.265761
-23.186914,691.4301186666667,273.8052523333333,-195.6921245,558.5517669999999,39.4103305,-70.2773795,361.3939535,89.4219285,-39.37856899999999,-32.33948699999996,-32.010892999999996
-23.212196333333335,691.482537,273.84243799999996,-195.781272,558.8189070000001,39.4373955,-69.6841815,362.6118795,91.0170965,-39.261295000000004,-32.775823,-31.756529
-23.237707999999998,691.5374336666667,273.8811536666667,-195.866288,559.0723305,39.473577999999996,-69.0949325,363.830758,92.6196545,-39.138777000000005,-33.20657600000004,-31.503152999999998
-23.263384666666667,691.5947883333333,273.92145766666664,-195.947027,559.3119415000001,39.5187495,-68.51038299999999,365.049671,94.229093,-39.010915999999995,-33.631421999999986,-31.25121399999999
-23.289159333333334,691.6545823333332,273.9634103333333,-196.0233665,559.537687,39.5727855,-67.9312475,366.267736,95.844926,-38.87765100000001,-34.050077999999985,-31.00112200000001
-23.314961999999998,691.7167953333334,274.007077,-196.095208,559.7495530000001,39.6355675,-67.3582035,367.484112,97.46668700000001,-38.738960999999996,-34.462301999999966,-30.753246000000004
-23.340721333333335,691.7814076666667,274.05252566666667,-196.162474,559.9475649999999,39.706988499999994,-66.79188500000001,368.6979985,99.0939275,-38.594866,-34.867890999999986,-30.507905000000008
-23.36636233333333,691.8483993333333,274.099827,-196.225113,560.1317839999999,39.7869515,-66.232879,369.90864550000003,100.72621050000001,-38.445426,-35.266683,-30.265371000000002
-23.391808666666666,691.9177516666667,274.1490573333333,-196.283096,560.302304,39.875377,-65.68172200000001,371.1153515,102.3631115,-38.290742,-35.658555000000035,-30.025863
-23.416981333333336,691.989445,274.2002943333334,-196.33641749999998,560.45925,39.972201000000005,-65.1388965,372.3174675,104.004215,-38.130955,-36.04342500000001,-29.789546
-23.441799,692.0634623333334,274.25362,-196.3850975,560.6027735,40.077380000000005,-64.6048285,373.5144025,105.649113,-37.966247,-36.421245,-29.55653000000001
-23.466178333333335,692.1397860000001,274.3091186666666,-196.42917649999998,560.733055,40.190889999999996,-64.079886,374.705622,107.2974035,-37.796834,-36.792006000000015,-29.326866999999993
-23.490033999999998,692.2184000000001,274.3668793333333,-196.468718,560.8502960000001,40.3127305,-63.5643745,375.8906505,108.94869249999999,-37.622973,-37.155731,-29.100556999999995
-23.513278666666668,692.299289,274.4269923333334,-196.503806,560.9547190000001,40.4429225,-63.058542,377.069077,110.60259450000001,-37.444950000000006,-37.51247799999999,-28.877540999999994
-23.535823000000004,692.3824393333333,274.48955166666667,-196.53454399999998,561.046566,40.5815135,-62.562571999999996,378.24055,112.258731,-37.263087999999996,-37.86233800000002,-28.65771000000001
-23.557576,692.467838,274.55465399999997,-196.561056,561.1260935,40.7285735,-62.0765895,379.404783,113.91673750000001,-37.077729,-38.20542799999998,-28.44090100000001
-23.578444333333334,692.5554740000001,274.62239999999997,-196.583481,561.1935715,40.884201,-61.600660000000005,380.5615525,115.57626200000001,-36.889250000000004,-38.54189299999996,-28.226904000000005
-23.598335000000002,692.6453383333333,274.69289,-196.60197349999999,561.2492815,41.048516,-61.1347905,381.71069850000003,117.23697,-36.69803900000001,-38.87190300000003,-28.015461999999985
-23.617151333333336,692.737422,274.7662296666667,-196.616703,561.2935135,41.221667,-60.6789365,382.852123,118.8985505,-36.504507000000004,-39.19565,-27.806275000000014
-23.634795666666665,692.83172,274.84252433333336,-196.6278495,561.3265630000001,41.403825999999995,-60.232997999999995,383.9857905,120.560717,-36.309074,-39.51334700000001,-27.599007999999998
-23.651171333333334,692.928226,274.92188400000003,-196.6356045,561.3487295,41.595191,-59.7968305,385.111726,122.22321450000001,-36.112171,-39.82522599999999,-27.393288999999996
-23.666178000000002,693.0269386666668,275.00441766666665,-196.64016750000002,561.3603145,41.7959835,-59.370245999999995,386.2300125,123.88582450000001,-35.914228,-40.131530999999995,-27.188719000000006
-23.679715666666667,693.1278563333334,275.09023833333333,-196.64174400000002,561.361618,42.0064475,-58.953016000000005,387.3407905,125.5483705,-35.715678000000004,-40.43251900000001,-26.984873000000007
-23.691682999999998,693.2309796666667,275.1794586666667,-196.6405445,561.3529375,42.226850999999996,-58.544881,388.444252,127.210723,-35.516948,-40.72845799999999,-26.78130800000001
-23.701978333333333,693.3363116666668,275.2721936666666,-196.63678399999998,561.3345650000001,42.457482999999996,-58.145552499999994,389.5406445,128.872803,-35.31845499999999,-41.01962500000002,-26.577563999999995
-23.7105,693.4438569999999,275.368559,-196.630677,561.306785,42.69865299999999,-57.75471950000001,390.63025949999997,130.534591,-35.120601,-41.306299000000024,-26.373174000000006
-23.717145,693.553621,275.46867100000003,-196.62243949999998,561.2698715,42.9506905,-57.372052999999994,391.713437,132.196127,-34.923774,-41.588761999999974,-26.167661999999993
-23.72181066666667,693.6656119999999,275.572646,-196.61228549999998,561.2240875,43.213944,-56.9972145,392.790557,133.8575195,-34.728339,-41.8673,-25.960550999999995
-23.724395333333334,693.77984,275.6806016666667,-196.6004265,561.1696830000001,43.4887775,-56.6298575,393.862037,135.518944,-34.534639,-42.14219000000003,-25.75137000000001
-23.724795,693.8963156666667,275.7926543333333,-196.58707149999998,561.106889,43.7755745,-56.269636000000006,394.92833099999996,137.180651,-34.342986,-42.413711999999975,-25.53965000000001
-23.722909333333334,694.0150530000001,275.9089206666667,-196.57242200000002,561.0359215000001,44.0747315,-55.916207,395.98992,138.8429635,-34.153670000000005,-42.682136000000014,-25.324934999999982
-23.718636,694.1360643333334,276.02951733333333,-196.55667549999998,560.9569755,44.3866615,-55.569236,397.04731400000003,140.5062805,-33.966944,-42.947722000000056,-25.106779000000017
-23.711873999999998,694.2593673333334,276.154559,-196.54002400000002,560.8702225,44.71179,-55.228402,398.101044,142.1710775,-33.783030000000004,-43.21072600000002,-24.884754999999984
-23.702524333333333,694.384977,276.2841596666667,-196.5226505,560.775813,45.050556,-54.8934,399.15165750000006,143.837906,-33.602120000000006,-43.471385,-24.658450000000016
-23.690488000000002,694.5129129999999,276.418432,-196.5047315,560.67387,45.4034115,-54.5639435,400.1997185,145.5073895,-33.424367000000004,-43.72992900000003,-24.427472999999992
-23.67566766666667,694.6431936666667,276.55748566666665,-196.486435,560.5644910000001,45.770818500000004,-54.239771,401.2457975,147.180223,-33.249894,-43.986568999999974,-24.191453999999993
-23.657967333333332,694.7758389999999,276.70143,-196.467922,560.4477435,46.153252,-53.920642,402.29047149999997,148.8571705,-33.07878600000001,-44.24150100000003,-23.950042999999994
-23.637293,694.9108693333333,276.85037033333333,-196.449344,560.323668,46.551197,-53.6063435,403.334317,150.53905650000002,-32.911097,-44.494906000000015,-23.702916999999985
-23.613552666666664,695.048306,277.0044103333334,-196.43084349999998,560.1922705,46.965148,-53.2966895,404.3779085,152.226763,-32.74685099999999,-44.74694499999998,-23.449775999999986
-23.586656333333337,695.1881709999999,277.16364999999996,-196.412556,560.0535299999999,47.3956105,-52.991521,405.4218105,153.9212245,-32.586034,-44.997758999999974,-23.190342999999984
-23.556515666666666,695.3304856666667,277.3281853333333,-196.394607,559.9073905,47.843099,-52.690706500000005,406.46657700000003,155.62341750000002,-32.428609,-45.24747199999996,-22.924368999999984
-23.523046000000004,695.475273,277.49811,-196.377114,559.7537649999999,48.308138,-52.3941415,407.512747,157.33435450000002,-32.27450700000001,-45.49618399999997,-22.651628999999986
-23.486164666666667,695.6225533333333,277.6735116666667,-196.3601865,559.592534,48.791259,-52.101748,408.560837,159.05507699999998,-32.123636000000005,-45.74397799999997,-22.371922000000012
-23.445791333333332,695.7723493333333,277.8544756666667,-196.343926,559.4235455,49.293003500000005,-51.8134725,409.6113425,160.786643,-31.975879,-45.99091100000004,-22.085076000000015
-23.401850333333332,695.924681,278.04108033333335,-196.328423,559.246619,49.813920499999995,-51.5292855,410.66473099999996,162.5301215,-31.831098999999995,-46.23702199999997,-21.79093900000001
-23.35426766666667,696.0795696666665,278.23340033333335,-196.3137635,559.061541,50.3545655,-51.2491785,411.72143900000003,164.286582,-31.689141,-46.482326,-21.489389999999986
-23.30297366666667,696.2370339999999,278.4315046666667,-196.3000225,558.8680715,50.9155005,-50.973162,412.781871,166.05708349999998,-31.549834000000004,-46.72681400000005,-21.180329
-23.247902333333332,696.3970926666666,278.63545600000003,-196.28726899999998,558.6659445,51.497294499999995,-50.701265500000005,413.846393,167.8426655,-31.412995000000002,-46.97045800000001,-20.86368300000001
-23.188991333333334,696.5597623333333,278.84531066666665,-196.2755625,558.454868,52.100519999999996,-50.433531,414.915336,169.64434,-31.27843200000001,-47.21320599999996,-20.5394
-23.126181666666668,696.725059,279.061119,-196.26495599999998,558.2345315,52.7257525,-50.170013999999995,415.988986,171.463081,-31.145946000000002,-47.45498199999997,-20.207456000000008
-23.059419666666667,696.8929956666667,279.282925,-196.255494,558.0046050000001,53.3735705,-49.910779000000005,417.06759,173.29981650000002,-31.015334000000003,-47.69569000000001,-19.867849000000007
-22.98865533333333,697.0635846666668,279.5107643333333,-196.24721399999999,557.7647435,54.044551000000006,-49.655896999999996,418.151347,175.1554165,-30.886393999999996,-47.93521199999998,-19.52059700000001
-22.913843,697.2368356666666,279.7446663333333,-196.24014549999998,557.514594,54.7392715,-49.405444,419.240414,177.0306915,-30.758926000000002,-48.173407999999995,-19.165744999999987
-22.834942333333334,697.4127563333333,279.9846506666667,-196.234311,557.2537950000001,55.458304,-49.159497,420.334901,178.9263765,-30.632734,-48.41011800000001,-18.803357000000005
-22.75191666666667,697.591351,280.230732,-196.229727,556.981986,56.202215,-48.9181325,421.4348705,180.8431335,-30.507633,-48.64516100000003,-18.433516999999995
-22.66473566666666,697.772622,280.482914,-196.226401,556.69881,56.97156149999999,-48.681424,422.5403395,182.7815355,-30.383446000000006,-48.87833699999999,-18.056331
-22.573373333333336,697.956569,280.7411926666666,-196.2243365,556.4039164999999,57.766889500000005,-48.449439,423.6512795,184.7420705,-30.260013999999998,-49.10943099999997,-17.67192300000002
-22.477807666666667,698.1431883333333,281.0055556666667,-196.22352899999998,556.0969725,58.5887295,-48.222235999999995,424.767617,186.72512899999998,-30.137188000000002,-49.33820599999996,-17.280433999999985
-22.378024,698.332473,281.27598200000006,-196.2239705,555.7776630000001,59.437595,-47.999866499999996,425.88923450000004,188.73100349999999,-30.014843000000006,-49.564413,-16.882022999999975
-22.274011666666667,698.5244120000001,281.55243866666666,-196.22564699999998,555.4456984999999,60.3139775,-47.7823675,427.0159705,190.7598865,-29.892869000000005,-49.78778900000003,-16.476860999999985
-22.165766333333334,698.7189920000001,281.8348866666667,-196.2285395,555.1008205,61.218342500000006,-47.5697645,428.1476265,192.811864,-29.771181,-50.008059,-16.065136000000024
-22.053288,698.9161946666667,282.12327500000004,-196.23262849999998,554.7428055,62.151128,-47.362068,429.28396250000003,194.8869185,-29.649714000000003,-50.224935000000016,-15.647046999999986
-21.936583,699.115999,282.41754399999996,-196.2378875,554.3714725,63.11274,-47.1592715,430.424705,196.984925,-29.528428999999996,-50.43812600000001,-15.222803999999996
-21.81566433333333,699.3183793333334,282.71762433333333,-196.2442925,553.9866855,64.10354699999999,-46.9613545,431.5695455,199.105652,-29.407308999999998,-50.64733100000001,-14.79262399999999
-21.690547666666664,699.523305,283.023435,-196.25181600000002,553.5883590000001,65.1238785,-46.7682765,432.7181465,201.2487625,-29.286365000000004,-50.852247000000034,-14.356735000000015
-21.561258666666664,699.730743,283.3348863333333,-196.26043249999998,553.1764619999999,66.1740195,-46.5799795,433.87014450000004,203.413814,-29.165627,-51.052571,-13.915368
-21.427824666666666,699.940654,283.6518776666667,-196.2701175,552.751021,67.2542095,-46.3963875,435.0251495,205.60026249999999,-29.045155,-51.24799900000005,-13.468761
-21.290282,700.152995,283.9742986666667,-196.280849,552.3121245,68.36463499999999,-46.2174075,436.182752,207.807462,-28.925025,-51.438233999999966,-13.017153999999977
-21.14867,700.367719,284.302029,-196.2926085,551.8599234999999,69.505429,-46.042927,437.342526,210.0346735,-28.805341999999996,-51.62298800000002,-12.560789
-21.003036333333334,700.5847736666666,284.6349363333333,-196.3053825,551.3946335,70.6766675,-45.872817,438.504032,212.28106100000002,-28.686224000000003,-51.80197799999996,-12.09991199999999
-20.853432333333334,700.8041020000001,284.9728806666667,-196.3191645,550.9165370000001,71.878366,-45.706932,439.66681800000003,214.5457015,-28.567809999999998,-51.97493800000001,-11.634764999999987
-20.69991633333333,701.025642,285.3157103333333,-196.3339535,550.425983,73.110477,-45.5451095,440.8304275,216.827586,-28.450255000000002,-52.141615,-11.165592000000004
-20.542552666666666,701.2493276666668,285.66326399999997,-196.34975550000001,549.9233845,74.37288649999999,-45.387175,441.994397,219.1256295,-28.333724,-52.30177600000002,-10.692634999999996
-20.381409,701.475088,286.0153706666667,-196.36658749999998,549.409221,75.665414,-45.2329395,443.15826500000003,221.4386685,-28.218395,-52.45521200000002,-10.216137000000003
-20.216561000000002,701.7028456666667,286.37184966666666,-196.3844745,548.8840339999999,76.987809,-45.0822025,444.32157,223.76547449999998,-28.104451,-52.60172799999998,-9.73633700000002
-20.048089,701.9325213333333,286.73251066666666,-196.40345100000002,548.348426,78.3397485,-44.9347535,445.483856,226.10475300000002,-27.992079,-52.74116600000002,-9.253476000000006
-19.876078333333336,702.1640286666667,287.09715366666666,-196.4235615,547.8030550000001,79.7208385,-44.7903745,446.644674,228.4551535,-27.881467,-52.87338599999998,-8.767788999999993
-19.700619666666665,702.3972779999999,287.4655716666667,-196.444862,547.248634,81.130611,-44.6488415,447.8035825,230.8152725,-27.772799,-52.998283000000015,-8.279516999999998
-19.521809333333334,702.6321736666665,287.83754700000003,-196.4674165,546.6859254999999,82.5685235,-44.5099265,448.960153,233.1836625,-27.666255000000003,-53.11577799999998,-7.78889700000002
-19.339748,702.8686166666666,288.212854,-196.49130100000002,546.1157325,84.033959,-44.3733995,450.1139675,235.5588345,-27.562005,-53.225828999999976,-7.296168999999992
-19.15454133333333,703.1065033333333,288.59126066666664,-196.51659999999998,545.538902,85.52622649999999,-44.23903,451.26462200000003,237.93926449999998,-27.460206,-53.328419999999994,-6.8015729999999905
-18.966300333333336,703.3457256666667,288.97252499999996,-196.543406,544.9563109999999,87.04455949999999,-44.1065905,452.4117265,240.323401,-27.361003,-53.42357099999998,-6.305353999999994
-18.775138666666667,703.5861713333334,289.3564,-196.571821,544.3688645,88.58811800000001,-43.975857000000005,453.55490499999996,242.70966800000002,-27.264524,-53.51132999999999,-5.807758000000007
-18.581177,703.8277240000001,289.7426306666666,-196.60195299999998,543.777491,90.1559905,-43.846612,454.693796,245.09647,-27.170875999999996,-53.59178000000003,-5.309038000000015
-18.384538000000003,704.0702633333334,290.13095633333336,-196.633915,543.1831325,91.7471925,-43.718647000000004,455.8280515,247.48219899999998,-27.080148,-53.665031,-4.809448000000003
-18.185349333333335,704.3136663333333,290.52111033333335,-196.667827,542.586742,93.3606685,-43.5917605,456.957337,249.8652385,-26.992409,-53.731224,-4.309253000000012
-17.983741333333334,704.5578053333334,290.91282133333334,-196.70380749999998,541.989275,94.995296,-43.465764,458.081327,252.243966,-26.907704,-53.790524000000005,-3.808717999999999
-17.779849000000002,704.80255,291.30581233333334,-196.74198,541.3916855,96.649885,-43.3404825,459.1997095,254.61676,-26.826057000000002,-53.843119,-3.3081180000000074
-17.573809,705.0477673333334,291.69980333333336,-196.782465,540.7949175,98.3231815,-43.215754000000004,460.312178,256.982002,-26.74747,-53.88922200000002,-2.8077340000000106
-17.365763,705.2933216666667,292.0945106666666,-196.8253805,540.1999025,100.0138695,-43.091431,461.41843300000005,259.3380805,-26.671926,-53.929058,-2.307851000000028
-17.155852999999997,705.5390743333334,292.48964666666666,-196.87084099999998,539.6075510000001,101.720573,-42.967382,462.5181765,261.683396,-26.599386,-53.962873,-1.8087600000000066
-16.944225333333332,705.7848843333335,292.8849226666667,-196.91895449999998,539.018752,103.44186200000001,-42.8434945,463.6111135,264.0163615,-26.529795000000004,-53.990917000000024,-1.3107610000000136
-16.731026333333332,706.0306106666667,293.280048,-196.9698205,538.434364,105.1762525,-42.7196695,464.696946,266.33540800000003,-26.463083,-54.01345399999997,-0.8141519999999787
-16.51640666666667,706.2761086666668,293.6747316666667,-197.0235285,537.8552125000001,106.922212,-42.595829,465.7753695,268.63898600000005,-26.399164000000003,-54.03074700000002,-0.31923799999998437
-16.300515666666666,706.5212340000002,294.0686803333333,-197.0801555,537.2820865000001,108.6781635,-42.4719095,466.84607500000004,270.9255695,-26.337943,-54.043060000000025,0.17367300000000796
-16.083505666666667,706.7658416666667,294.461604,-197.1397665,536.7157345,110.442489,-42.347867,467.90873999999997,273.1936575,-26.279318000000004,-54.05064999999996,0.6642770000000269
-15.865528333333335,707.0097836666667,294.85321100000004,-197.2024095,536.1568635,112.21353350000001,-42.2236735,468.9630305,275.441777,-26.223179,-54.05377299999998,1.1522659999999973
-15.646737666666667,707.2529159999999,295.243214,-197.26811700000002,535.6061334999999,113.9896115,-42.0993195,470.00859749999995,277.668487,-26.169415,-54.052666999999985,1.637335999999948
-15.427286,707.4950916666667,295.631326,-197.3369045,535.0641575,115.76901,-41.974809,471.0450735,279.8723785,-26.117918000000003,-54.04756099999997,2.1191890000000058
-15.207325666666668,707.7361649999999,296.017264,-197.408766,534.5315,117.549995,-41.8501655,472.07207400000004,282.0520785,-26.068581000000002,-54.03866399999998,2.5975270000000137
-14.987008666666668,707.9759936666668,296.400749,-197.483679,534.008675,119.330818,-41.7254235,473.08919249999997,284.206255,-26.021303,-54.026167000000044,3.072063999999955
-14.766486,708.2144326666667,296.7815063333333,-197.561599,533.4961470000001,121.10971899999998,-41.600635,474.09600250000005,286.333616,-25.975993999999996,-54.010245,3.5425179999999727
-14.545907333333332,708.451342,297.1592666666666,-197.64246050000003,532.994328,122.884934,-41.4758615,475.0920575,288.43291550000004,-25.932571,-53.991044999999986,4.00861900000001
-14.325419666666667,708.6865823333333,297.5337663333333,-197.726179,532.5035809999999,124.65470249999998,-41.351181,476.076888,290.5029545,-25.890966,-53.96869600000002,4.4701069999999845
-14.105169666666667,708.9200173333334,297.904748,-197.8126465,532.0242175000001,126.417272,-41.2266785,477.0500085,292.5425845,-25.851124999999996,-53.94330500000001,4.926730999999961
-13.885300333333333,709.1515130000001,298.27196166666664,-197.9017375,531.5565005,128.170905,-41.1024525,478.01091199999996,294.550713,-25.813003000000002,-53.91495800000001,5.378256000000022
-13.665952333333331,709.3809383333333,298.6351653333333,-197.99330600000002,531.1006434999999,129.9138855,-40.9786085,478.959078,296.526304,-25.776577000000003,-53.88371999999998,5.824455999999998
-13.447262333333333,709.6081663333333,298.994125,-198.087186,530.6568165,131.6445275,-40.8552615,479.89397199999996,298.4683845,-25.741835000000002,-53.849639999999965,6.265121000000022
-13.229365,709.8330729999999,299.34861466666666,-198.1831955,530.2251405,133.361177,-40.732533000000004,480.8150495,300.37604350000004,-25.708778000000002,-53.812747,6.7000509999999736
-13.012390333333334,710.0555396666667,299.69841900000006,-198.281136,529.8056955,135.062226,-40.6105515,481.7217605,302.2484405,-25.677423,-53.77306299999998,7.1290650000000255
-12.796465333333336,710.27545,300.04333199999996,-198.38079249999998,529.39852,136.746113,-40.489450000000005,482.61355249999997,304.08480499999996,-25.647798,-53.73059500000005,7.551991999999984
-12.581711,710.492694,300.3831586666667,-198.481939,529.0036135,138.411331,-40.369367,483.4898755,305.8844425,-25.619944,-53.685344999999984,7.968675000000019
-12.368245,710.7071656666667,300.71771233333334,-198.584337,528.6209385,140.05643700000002,-40.2504415,484.350186,307.6467365,-25.593909,-53.63731200000001,8.37897300000003
-12.156180666666666,710.9187636666666,301.0468206666667,-198.68773950000002,528.2504225,141.680054,-40.13282,485.1939545,309.37115100000005,-25.569750000000003,-53.58649500000001,8.782759999999996
-11.945624666666667,711.1273936666666,301.37032100000005,-198.79189200000002,527.8919619999999,143.28088200000002,-40.0166455,486.02066749999994,311.057235,-25.547529,-53.532894999999996,9.179920000000038
-11.736679666666666,711.3329646666666,301.68806333333333,-198.896535,527.5454219999999,144.8576975,-39.902064499999994,486.829834,312.704622,-25.527313,-53.47652199999999,9.570356000000004
-11.529443333333333,711.5353920000001,301.99990933333333,-199.0014065,527.2106435000001,146.409364,-39.789222,487.620989,314.3130355,-25.50917,-53.41739200000006,9.953984999999989
-11.324006666666667,711.734598,302.305733,-199.106244,526.8874384999999,147.9348345,-39.678261500000005,488.3937015,315.882287,-25.493169,-53.355538999999965,10.330739999999992
-11.120454666666667,711.9305096666667,302.605423,-199.21078699999998,526.575597,149.4331595,-39.569324,489.147576,317.4122805,-25.479378,-53.29100600000004,10.700570999999968
-10.918868000000002,712.1230603333333,302.89887699999997,-199.3147795,526.2748915,150.9034855,-39.462547,489.882257,318.9030105,-25.46786,-53.22385600000001,11.063445000000002
-10.719319666666665,712.3121893333333,303.18600999999995,-199.41797,525.9850715,152.34506199999998,-39.358063,490.597435,320.354565,-25.45868,-53.15416600000003,11.419350000000009
-10.521878333333333,712.4978433333334,303.466747,-199.520118,525.7058724999999,153.7572455,-39.255998,491.29284699999994,321.767121,-25.451891999999997,-53.08203199999997,11.76829200000003
-10.326605666666667,712.6799743333335,303.74102833333336,-199.62099,525.4370145,155.1394995,-39.156470999999996,491.9682825,323.140948,-25.44755,-53.00756700000005,12.110299999999995
-10.133556333333333,712.8585413333334,304.0088063333333,-199.720367,525.178204,156.4913985,-39.0595925,492.623584,324.4764055,-25.445702999999998,-52.93090399999994,12.445425
-9.942781333333334,713.0335086666668,304.27004700000003,-199.8180425,524.9291364999999,157.8126265,-38.965463,493.258648,325.77393900000004,-25.446392000000003,-52.85218600000002,12.773744000000022
-9.754323666666666,713.2048476666665,304.52473000000003,-199.913826,524.6894970000001,159.1029815,-38.874172,493.87342950000004,327.03408,-25.449654,-52.771573000000046,13.095355999999981
-9.568221,713.3725376666666,304.772847,-200.007543,524.4589635,160.3623725,-38.785796500000004,494.467941,328.257442,-25.455525,-52.68923599999994,13.410392000000002
-9.384504333333334,713.5365619999999,305.0144046666667,-200.0990365,524.237205,161.59082,-38.7004015,495.04225199999996,329.44471999999996,-25.464032999999997,-52.60535399999998,13.719003999999984
-9.203199333333332,713.696911,305.2494203333333,-200.188168,524.023886,162.788453,-38.618036000000004,495.59649249999995,330.596683,-25.475202000000003,-52.520110999999986,14.021375999999975
-9.024326666666667,713.8535820000001,305.47792566666664,-200.274819,523.8186645,163.955512,-38.538736,496.130849,331.714175,-25.48906,-52.43369400000006,14.317720000000008
-8.847899333333332,714.0065776666667,305.699964,-200.35888949999998,523.6211965,165.0923405,-38.46252,496.64556400000004,332.7981065,-25.505623999999997,-52.346288000000015,14.608271000000002
-8.673926333333334,714.155907,305.915591,-200.44030099999998,523.4311345,166.199385,-38.3893925,497.140937,333.84945400000004,-25.524915000000004,-52.25807200000003,14.893294000000026
-8.502411666666667,714.301585,306.1248746666667,-200.51899300000002,523.2481290000001,167.2771925,-38.319340999999994,497.6173225,334.8692545,-25.546951999999997,-52.169219000000055,15.17307900000003
-8.333352333333332,714.443632,306.32789333333335,-200.59492649999999,523.0718305,168.3264045,-38.252337,498.0751245,335.858601,-25.57175,-52.07988899999992,15.44793599999997
-8.166741,714.5820746666667,306.52473833333335,-200.668083,522.901889,169.347752,-38.188336,498.5148,336.81863899999996,-25.599326,-51.990228,15.718193999999983
-8.002566666666667,714.7169443333332,306.71551,-200.7384605,522.7379555,170.34205200000002,-38.1272795,498.9368515,337.7505605,-25.629690999999998,-51.900360999999975,15.984200999999985
-7.840811666666666,714.848278,306.900321,-200.8060785,522.5796835,171.3102015,-38.069092999999995,499.34182899999996,338.6556015,-25.662855999999998,-51.810400000000016,16.24631499999998
-7.681456000000001,714.9761176666667,307.079291,-200.8709725,522.4267295,172.253172,-38.013690499999996,499.730322,339.5350365,-25.698828999999996,-51.72043000000002,16.504901000000018
-7.524472666666665,715.1005106666667,307.25255166666665,-200.933195,522.2787535,173.1720025,-37.960973499999994,500.1029615,340.3901755,-25.737609,-51.63051899999999,16.760324999999966
-7.369834,715.2215076666668,307.42024233333336,-200.992816,522.1354195,174.067793,-37.910834,500.460415,341.22235850000004,-25.779194000000004,-51.540704000000005,17.012954999999977
-7.217505999999999,715.3391653333333,307.582511,-201.049918,521.996399,174.941699,-37.863155,500.80338200000006,342.032951,-25.82357,-51.45101000000005,17.263143999999954
-7.067451666666666,715.4535436666666,307.73951366666665,-201.104598,521.8613694999999,175.7949245,-37.817814,501.1325945,342.82334249999997,-25.870711999999997,-51.36143099999998,17.51123100000001
-6.919631333333334,715.5647073333333,307.89141233333334,-201.156966,521.7300155,176.628713,-37.774683,501.448808,343.59493899999995,-25.920586000000004,-51.27194400000002,17.757536000000016
-6.7740013333333335,715.6727243333335,308.038377,-201.2071425,521.602031,177.4443445,-37.7336345,501.7528035,344.3491615,-25.973141,-51.182507000000044,18.002346999999986
-6.630516,715.7776656666666,308.180582,-201.255256,521.4771195000001,178.2431235,-37.6945395,502.045382,345.08744049999996,-26.028306999999998,-51.093061999999975,18.245923000000005
-6.489126333333334,715.8796073333333,308.3182096666667,-201.301446,521.354996,179.026376,-37.657272,502.3273605,345.811212,-26.086,-51.00353499999994,18.48848399999997
-6.349781666666668,715.9786266666666,308.4514443333333,-201.345856,521.235386,179.79544049999998,-37.621711000000005,502.59956850000003,346.5219145,-26.14611,-50.91384700000003,18.730201000000022
-6.212428,716.0748053333333,308.58047600000003,-201.38863600000002,521.1180285,180.5516605,-37.5877435,502.86284550000005,347.2209835,-26.208507,-50.823905000000025,18.971204999999998
-6.077011666666667,716.1682263333333,308.70549733333337,-201.42994099999999,521.002675,181.2963805,-37.555264,503.11803699999996,347.90984649999996,-26.273036000000005,-50.73361999999997,19.211567000000002
-5.9434743333333335,716.258977,308.82670466666667,-201.46992649999999,520.889092,182.0309365,-37.5241785,503.3659895,348.589921,-26.339516999999997,-50.64290100000005,19.45131200000003
-5.811759333333332,716.3471443333334,308.94429499999995,-201.50875150000002,520.7770615000001,182.75665099999998,-37.494404,503.60755,349.262606,-26.407742000000002,-50.55165999999997,19.690404
-5.681806333333334,716.4328196666667,309.05846933333333,-201.546574,520.6663805,183.474828,-37.465872499999996,503.843559,349.929281,-26.477479,-50.45982200000003,19.92875200000003
-5.553555333333333,716.5160953333334,309.16942766666665,-201.5835505,520.556862,184.1867435,-37.438528500000004,504.074849,350.5912995,-26.548469,-50.36732000000001,20.16621299999997
-5.426945000000001,716.5970639999999,309.27737133333335,-201.61983800000002,520.448337,184.893644,-37.4123305,504.30224,351.249982,-26.620431,-50.27410200000003,20.402590000000032
-5.301914333333333,716.675822,309.38250066666666,-201.655587,520.3406525,185.59674,-37.387253,504.5265365,351.90661450000005,-26.693056000000002,-50.180135000000064,20.637632999999994
-5.178400666666666,716.7524656666668,309.48501633333336,-201.6909465,520.233674,186.29720049999997,-37.3632835,504.74852400000003,352.56243800000004,-26.766021,-50.08540400000004,20.87105200000002
-5.056342666666667,716.8270916666667,309.585117,-201.72605850000002,520.1272845,186.9961495,-37.3404225,504.9689635,353.21864949999997,-26.838983000000002,-49.98991300000006,21.102516999999978
-4.9356773333333335,716.8997990000001,309.6829996666667,-201.76106099999998,520.0213835,187.694662,-37.318683,505.1885925,353.876391,-26.911586,-49.89369100000005,21.33166399999999
-4.816343333333333,716.970686,309.77885833333335,-201.7960855,519.915889,188.3937595,-37.2980885,505.4081165,354.53674650000005,-26.983463,-49.796783000000005,21.558107000000007
-4.6982800000000005,717.0398513333333,309.87288533333333,-201.831255,519.8107365,189.0944085,-37.27867,505.6282105,355.200736,-27.054246000000003,-49.699254999999994,21.781443999999965
-4.581425666666668,717.1073946666666,309.965269,-201.86668650000001,519.7058785,189.7975165,-37.260465,505.84951250000006,355.8693105,-27.123566,-49.60119500000002,22.001266999999984
-4.465720666666666,717.1734156666666,310.0561943333333,-201.902488,519.601283,190.50393,-37.243517,506.0726225,356.543348,-27.19106,-49.502701,22.21717000000001
-4.351105333333334,717.2380136666667,310.1458413333333,-201.9387605,519.4969355,191.21443299999999,-37.227867,506.29809950000003,357.2236475,-27.25638,-49.403887,22.428765
-4.237522333333334,717.301286,310.2343863333333,-201.9755945,519.3928364999999,191.92974700000002,-37.213558,506.5264595,357.910925,-27.319192,-49.30487499999998,22.635680000000036
-4.1249139999999995,717.3633326666667,310.32199966666667,-202.01307250000002,519.2889995,192.65052550000001,-37.2006265,506.75817100000006,358.6058105,-27.379191000000002,-49.205794000000026,22.83758499999999
-4.013225333333334,717.42425,310.4088483333333,-202.051269,519.185456,193.3773595,-37.1891025,506.99365850000004,359.30884349999997,-27.436097,-49.10677300000003,23.03418700000003
-3.902401,717.484135,310.49509133333333,-202.090247,519.0822450000001,194.1107725,-37.1790055,507.233295,360.02047300000004,-27.489669,-49.00793599999997,23.225246000000027
-3.7923893333333325,717.5430833333334,310.58088399999997,-202.130063,518.9794215,194.8512225,-37.170344,507.4774055,360.74105399999996,-27.5397,-48.909403,23.41058000000004
-3.683138333333334,717.6011893333333,310.6663746666666,-202.17076200000002,518.8770495,195.599104,-37.163111,507.72626449999996,361.4708465,-27.586032000000003,-48.811274999999966,23.59007299999996
-3.574598,717.6585463333334,310.7517043333333,-202.2123825,518.7752045,196.35474599999998,-37.1572825,507.98009449999995,362.2100145,-27.628553,-48.713640999999996,23.76367700000003
-3.466721,717.7152456666666,310.8370093333333,-202.2549525,518.6739695,197.1184145,-37.1528165,508.2390705,362.9586305,-27.667199,-48.61656900000003,23.931421
-3.359460666666667,717.7713776666666,310.92241766666666,-202.2984915,518.573435,197.89031599999998,-37.149652,508.5033155,363.71667149999996,-27.701957999999998,-48.520099000000016,24.09340500000002
-3.2527726666666665,717.8270303333334,311.00805233333335,-202.3430115,518.4737005,198.6705955,-37.147706,508.77290550000004,364.48402799999997,-27.732872,-48.42424900000003,24.249809999999968
-3.146614666666667,717.8822896666667,311.094027,-202.38851549999998,518.3748675,199.45934,-37.146877,509.0478695,365.260501,-27.760032000000002,-48.32900299999994,24.400890000000004
-3.0409450000000002,717.9372416666666,311.18045,-202.434999,518.2770455,200.25658299999998,-37.1470405,509.32819199999994,366.0458105,-27.783584999999995,-48.23431799999997,24.546970999999985
-2.935725333333334,717.9919683333334,311.26742200000007,-202.48245050000003,518.180345,201.0623025,-37.148053499999996,509.613816,366.8396,-27.803718999999997,-48.140117999999916,24.688446
-2.830918666666667,718.0465496666666,311.3550363333333,-202.53085099999998,518.08488,201.876428,-37.149754,509.90464349999996,367.6414395,-27.820674,-48.04629699999998,24.825769000000037
-2.7264893333333333,718.1010643333334,311.44337966666666,-202.5801755,517.9907655,202.69884050000002,-37.1519615,510.2005415,368.450836,-27.834727,-47.95271900000006,24.959450000000004
-2.622404333333333,718.155588,311.53253,-202.630391,517.898116,203.52937550000001,-37.1544805,510.501344,369.267238,-27.846191,-47.85922000000005,25.090043999999978
-2.518631666666666,718.2101956666667,311.6225603333333,-202.68146050000001,517.8070475,204.3678265,-37.157102,510.8068565,370.09004200000004,-27.855412,-47.76561299999997,25.218140000000005
-2.4151423333333324,718.2649573333333,311.71353500000004,-202.7333415,517.717673,205.21394700000002,-37.1596065,511.11685800000004,370.91860299999996,-27.862757000000002,-47.67168800000002,25.344356000000005
-2.3119073333333335,718.3199426666666,311.8055116666667,-202.78598499999998,517.6301025,206.067456,-37.1617655,511.43110749999994,371.752243,-27.868613,-47.57721899999996,25.469319999999982
-2.208901,718.3752183333335,311.89854033333336,-202.8393395,517.5444445,206.9280385,-37.1633465,511.74934499999995,372.590255,-27.873373000000004,-47.481967999999995,25.59366799999998
-2.106099,718.4308483333334,311.99266500000004,-202.8933475,517.4608035,207.795348,-37.1641145,512.0712985,373.4319155,-27.877439000000003,-47.38568700000002,25.718023000000017
-2.0034783333333333,718.4868946666666,312.087923,-202.9479485,517.3792785,208.669014,-37.163835999999996,512.3966855,374.2764905,-27.881202,-47.288129000000026,25.84299100000004
-1.9010180000000003,718.543417,312.1843446666667,-203.0030805,517.299964,209.5486385,-37.162281,512.7252175,375.123245,-27.885046000000003,-47.18904900000001,25.969150000000013
-1.7986973333333338,718.6004710000001,312.28195366666665,-203.0586765,517.2229505,210.4338055,-37.1592275,513.056603,375.971448,-27.889335000000003,-47.08821000000006,26.097032000000013
-1.6964993333333338,718.6581126666666,312.3807673333333,-203.114668,517.14832,211.324078,-37.154463,513.390552,376.820383,-27.894409999999997,-46.985389999999995,26.227126
-1.5944063333333336,718.716393,312.48079766666666,-203.1709855,517.076151,212.21900699999998,-37.1477885,513.7267755,377.669352,-27.900581,-46.880386999999985,26.359860000000026
-1.4924036666666665,718.775362,312.5820506666667,-203.2275555,517.006513,213.118129,-37.1390195,514.0649920000001,378.5176815,-27.908121,-46.77301799999998,26.495599000000027
-1.3904769999999997,718.835068,312.68452533333334,-203.284307,516.9394705,214.0209725,-37.127988,514.4049279999999,379.36473,-27.917268,-46.66313200000002,26.634637999999995
-1.288613666666667,718.8955550000001,312.78821666666664,-203.341166,516.875081,214.9270585,-37.1145445,514.746317,380.209891,-27.928213,-46.55060599999996,26.777198
-1.1868023333333337,718.9568666666668,312.89311366666664,-203.3980575,516.813396,215.835905,-37.098561000000004,515.088904,381.05259650000005,-27.941105999999998,-46.43535200000008,26.923423000000014
-1.0850323333333332,719.0190433333333,312.9992,-203.45490949999999,516.754459,216.747027,-37.079928,515.432447,381.8923205,-27.956046000000004,-46.31731399999995,27.07338299999998
-0.9832939999999999,719.0821249999999,313.10645633333337,-203.511648,516.698309,217.659942,-37.058558500000004,515.7767135,382.72858099999996,-27.973087,-46.196477000000016,27.227067999999974
-0.8815796666666667,719.146147,313.21485633333333,-203.5682,516.6449775,218.57416999999998,-37.034386500000004,516.121484,383.560944,-27.992239,-46.072856,27.384396000000038
-0.7798810000000002,719.2111449999999,313.32437,-203.6244945,516.5944915,219.4892385,-37.007366,516.4665514999999,384.3890175,-28.013462,-45.94650899999999,27.54521299999999
-0.6781926666666666,719.277152,313.43496466666664,-203.680461,516.546872,220.4046805,-36.9774715,516.8117179999999,385.2124605,-28.036676999999997,-45.817523999999935,27.70930100000004
-0.5765083333333335,719.3441990000001,313.54660233333334,-203.736031,516.5021370000001,221.3200415,-36.944697500000004,517.1567995,386.030974,-28.061763000000003,-45.686023000000034,27.87637799999999
-0.4748226666666668,719.4123156666666,313.659242,-203.791137,516.4602970000001,222.2348775,-36.909054,517.501619,386.8443055,-28.088564,-45.55215999999996,28.04611299999999
-0.37313233333333323,719.481529,313.77283900000003,-203.845713,516.4213629999999,223.148758,-36.870568500000005,517.8460105,387.6522455,-28.116891000000003,-45.41611300000005,28.21812699999998
-0.2714333333333334,719.5518653333334,313.8873453333333,-203.899698,516.38534,224.06127049999998,-36.8292835,518.1898145,388.4546235,-28.146527,-45.27808699999997,28.39200299999999
-0.16972266666666633,719.6233493333333,314.00271033333337,-203.95302900000002,516.352232,224.9720155,-36.785253,518.53288,389.251307,-28.177233999999995,-45.138304000000005,28.56729800000005
-0.0679983333333336,719.6960033333335,314.1188803333334,-204.0056485,516.3220415,225.880617,-36.73854,518.8750615,390.04219850000004,-28.208755999999997,-44.99700100000001,28.743548999999973
0.03374166666666678,719.7698493333334,314.2358003333333,-204.0575,516.2947684999999,226.78671450000002,-36.6892185,519.2162195,390.827233,-28.240827,-44.85443299999997,28.920281999999986
0.13549866666666688,719.844907,314.353411,-204.1085295,516.2704145,227.6899715,-36.6373675,519.5562195,391.6063735,-28.273173000000003,-44.71085100000005,29.097020999999984
0.23727266666666683,719.921195,314.4716516666667,-204.1586865,516.24898,228.590072,-36.5830695,519.8949315,392.3796085,-28.305521,-44.56651899999997,29.27329500000002
0.3390646666666665,719.9987306666666,314.59046200000006,-204.207922,516.2304665,229.48672249999998,-36.526411,520.2322305,393.146949,-28.337598000000003,-44.421695,29.44865200000004
0.4408743333333332,720.0775296666667,314.7097763333333,-204.25619,516.2148765,230.37965450000002,-36.4674775,520.5679955,393.908424,-28.369145000000003,-44.27663100000001,29.622658
0.5427009999999997,720.1576066666667,314.8295296666667,-204.3034475,516.202214,231.268622,-36.4063525,520.902112,394.664079,-28.399911,-44.131572000000006,29.79490800000002
0.6445433333333336,720.2389753333333,314.94965566666673,-204.349653,516.192485,232.1534035,-36.3431195,521.234469,395.4139725,-28.429665,-43.98675400000002,29.96503299999995
0.7464000000000005,720.3216476666666,315.07008666666667,-204.3947685,516.185697,233.03380249999998,-36.2778555,521.5649625,396.158173,-28.458195000000003,-43.84239500000007,30.132701999999995
0.8482689999999998,720.4056356666666,315.19075300000003,-204.4387585,516.1818605,233.909646,-36.210632000000004,521.8934975,396.89675850000003,-28.485310000000002,-43.698698999999976,30.297624999999982
0.9501476666666666,720.4909476666667,315.311587,-204.48159049999998,516.1809880000001,234.78078549999998,-36.141516,522.2199855,397.6298105,-28.510848,-43.55584900000002,30.459559000000013
1.0520329999999998,720.577594,315.4325176666667,-204.5232335,516.183095,235.647097,-36.070566,522.544348,398.357416,-28.534670000000002,-43.41401400000001,30.61830999999995
1.1539216666666665,720.665582,315.55347566666666,-204.5636595,516.1881975,236.5084775,-35.9978335,522.8665195,399.0796625,-28.556667,-43.27333900000002,30.773730999999998
1.2558096666666667,720.7549183333334,315.67438999999996,-204.602843,516.196316,237.364848,-35.923361,523.1864435,399.79664149999996,-28.576756000000003,-43.13394900000003,30.925723000000005
1.357692,720.8456096666667,315.79519166666665,-204.640761,516.2074715,238.2161515,-35.8471845,523.5040805,400.50843899999995,-28.594883000000003,-42.99594900000005,31.074235999999985
1.4595636666666663,720.93766,315.91580999999996,-204.6773935,516.2216865,239.06234949999998,-35.76933,523.8194045,401.21514349999995,-28.611022,-42.85942499999993,31.219265000000007
1.5614183333333331,721.031073,316.03617533333335,-204.71272249999998,516.238985,239.903424,-35.689816,524.1324055,401.916839,-28.625174,-42.72444100000001,31.360847999999976
1.6632499999999997,721.1258523333335,316.15621899999996,-204.7467325,516.2593925,240.739375,-35.608654,524.443092,402.6136065,-28.637366,-42.591046000000006,31.499068999999963
1.7650503333333332,721.221999,316.275873,-204.7794115,516.2829345,241.5702165,-35.525847,524.7514895,403.305524,-28.647646,-42.459269000000006,31.634042000000022
1.8668113333333334,721.319515,316.39506966666664,-204.810748,516.309636,242.395981,-35.441392,525.057643,403.99266450000005,-28.656088,-42.329124000000036,31.765918999999997
1.9685246666666671,721.418399,316.51374266666664,-204.840735,516.3395224999999,243.2167095,-35.355278999999996,525.3616159999999,404.67509700000005,-28.662782,-42.20060799999999,31.894881999999996
2.0701796666666663,721.5186503333334,316.631827,-204.869368,516.3726175,244.03245800000002,-35.267494,525.663492,405.352884,-28.667836000000005,-42.07370999999995,32.02113600000001
2.1717656666666665,721.6202676666667,316.74925833333333,-204.896644,516.4089435000001,244.843289,-35.178017,525.9633735,406.0260855,-28.671376000000002,-41.94840100000005,32.144904999999994
2.2732706666666664,721.723246,316.86597466666666,-204.9225635,516.44852,245.649272,-35.0868255,526.261381,406.694754,-28.673537,-41.82464600000003,32.266430000000014
2.374682,721.8275826666667,316.9819146666667,-204.94712950000002,516.4913665,246.45048400000002,-34.9938955,526.557654,407.3589375,-28.674463000000003,-41.70240000000001,32.385963000000004
2.475986,721.9332716666667,317.0970193333333,-204.9703475,516.5374965000001,247.2470015,-34.8992,526.8523495,408.018679,-28.674310000000002,-41.58160899999996,32.503761999999995
2.577166666666667,722.0403063333333,317.21123033333333,-204.9922255,516.586922,248.038905,-34.802713,527.1456395,408.674013,-28.673234,-41.462215000000015,32.620086000000015
2.6782083333333326,722.1486793333333,317.3244926666667,-205.012774,516.639649,248.82627150000002,-34.704409,527.4377115,409.3249705,-28.671394000000003,-41.34415100000001,32.73519299999998
2.779094666666667,722.258381,317.436752,-205.03200650000002,516.6956825,249.6091765,-34.6042665,527.7287670000001,409.9715755,-28.668950999999996,-41.22735,32.84933099999995
2.8798063333333332,722.3694019999999,317.54795666666666,-205.0499385,516.7550195,250.387688,-34.5022655,528.0190165,410.61384699999996,-28.666062999999998,-41.111739,32.96274199999999
2.9803246666666663,722.48173,317.65805700000004,-205.0665865,516.8176545,251.1618695,-34.3983925,528.3086840000001,411.251795,-28.662881,-40.99724400000002,33.07565199999999
3.080629,722.5953516666665,317.7670043333333,-205.0819715,516.8835755,251.9317735,-34.29264,528.5979985,411.885425,-28.659554,-40.88378899999998,33.18826999999999
3.180697666666667,722.7102543333334,317.8747543333333,-205.0961145,516.9527654999999,252.6974425,-34.1850065,528.8871955,412.514735,-28.656221000000002,-40.77129499999995,33.300787999999955
3.280508333333333,722.8264203333333,317.98126333333335,-205.1090385,517.0252025,253.4589065,-34.075501,529.1765155,413.13971649999996,-28.65301,-40.65968699999996,33.413377000000025
3.3800373333333336,722.9438326666665,318.08649066666663,-205.120768,517.1008585,254.216183,-33.9641415,529.4662,413.760354,-28.650043000000004,-40.54888599999998,33.526182000000006
3.479260333333334,723.0624723333334,318.190397,-205.131329,517.1797,254.969273,-33.850956499999995,529.7564905,414.376626,-28.647427,-40.43881300000004,33.63932799999998
3.5781519999999998,723.1823193333333,318.2929466666667,-205.14074799999997,517.2616869999999,255.7181625,-33.735986,530.0476275,414.9885025,-28.645256,-40.32939499999998,33.75291099999998
3.676686666666667,723.30335,318.394105,-205.149052,517.346775,256.46282,-33.6192825,530.339845,415.59594749999997,-28.643613,-40.22055399999999,33.867005000000006
3.774836333333333,723.4255416666666,318.4938416666667,-205.156269,517.4349145,257.2031975,-33.500912,530.6333745,416.1989195,-28.642566000000002,-40.11221899999998,33.981656999999984
3.872575,723.5488676666668,318.5921263333333,-205.16242649999998,517.5260499999999,257.939228,-33.380953500000004,530.928438,416.797368,-28.642170999999998,-40.00431600000002,34.09688600000004
3.9698733333333336,723.6733009999999,318.6889336666667,-205.1675515,517.6201209999999,258.6708275,-33.259499,531.225249,417.39123700000005,-28.642466,-39.89677399999999,34.21269000000001
4.066703666666666,723.7988113333334,318.78423833333335,-205.1716705,517.717062,259.3978925,-33.1366555,531.5240095,417.98046450000004,-28.643481,-39.78952899999996,34.32904100000002
4.163036666666667,723.9253683333333,318.878019,-205.1748105,517.8168045,260.12030200000004,-33.012544,531.8249095,418.56498150000004,-28.645228,-39.68251299999997,34.44589100000002
4.2588436666666665,724.0529383333334,318.970257,-205.17699599999997,517.9192735,260.837919,-32.887298,532.1281260000001,419.144714,-28.647707999999998,-39.575664000000074,34.56316799999996
4.354094333333333,724.1814863333333,319.0609343333333,-205.1782505,518.024392,261.550588,-32.7610635,532.43382,419.7195825,-28.650909,-39.46892200000002,34.680781000000025
4.448759666666667,724.3109753333333,319.15003733333333,-205.178597,518.1320794999999,262.2581375,-32.6340005,532.7421360000001,420.289501,-28.654809,-39.36223000000007,34.798621999999966
4.542810333333333,724.4413663333333,319.237553,-205.178056,518.2422525,262.960382,-32.5062795,533.053201,420.85438,-28.659373,-39.25553400000001,34.916567999999984
4.636216999999999,724.572618,319.32347266666665,-205.176648,518.3548245,263.6571215,-32.378081,533.3671234999999,421.4141255,-28.664559999999998,-39.148784999999975,35.03448300000002
4.728950666666667,724.7046876666667,319.4077873333333,-205.17439050000002,518.4697065,264.3481445,-32.249595,533.6839924999999,421.96863900000005,-28.670316,-39.041933000000085,35.15222
4.820982,724.8375306666667,319.4904933333334,-205.1713,518.5868105,265.033227,-32.1210195,534.0038755,422.51781900000003,-28.676584999999996,-38.93493699999999,35.26962199999997
4.912282333333334,724.9711000000001,319.5715863333333,-205.1673925,518.706044,265.7121375,-31.992558000000002,534.3268185,423.0615615,-28.683302,-38.82775499999991,35.386527
5.002824666666666,725.1053473333333,319.65106599999996,-205.162682,518.8273165,266.3846365,-31.8644195,534.6528445,423.5997585,-28.690401,-38.72035099999994,35.502769
5.092580666666667,725.2402216666668,319.728934,-205.15718099999998,518.950535,267.050479,-31.7368145,534.9819540000001,424.132302,-28.697808999999996,-38.61269400000003,35.61818199999999
5.181523666666666,725.3756710000001,319.805193,-205.1509035,519.075609,267.70941600000003,-31.609955,535.314125,424.65908249999995,-28.705455999999998,-38.50475600000004,35.73259899999999
5.2696266666666665,725.5116406666666,319.87984866666665,-205.14386050000002,519.202446,268.361196,-31.4840545,535.649307,425.17998850000004,-28.713268999999997,-38.396514000000025,35.84585699999997
5.356865666666667,725.6480753333334,319.9529073333333,-205.1360655,519.3309575,269.00557,-31.3593205,535.987429,425.69491,-28.721179,-38.28795000000002,35.957798000000025
5.443213666666668,725.7849176666667,320.02437933333334,-205.1275305,519.4610535,269.642288,-31.2359595,536.3283935,426.2037365,-28.729117000000002,-38.17905299999995,36.06827099999998
5.528648666666666,725.9221086666666,320.0942743333333,-205.1182705,519.592647,270.271106,-31.11417,536.672077,426.70635949999996,-28.73702,-38.06981600000006,36.177130999999974
5.613146,726.0595870000001,320.1626056666667,-205.10829999999999,519.7256535,270.89178549999997,-30.994144999999996,537.018333,427.2026725,-28.744832,-37.96024,36.284249000000045
5.696684,726.1972923333334,320.22938800000003,-205.09763650000002,519.859989,271.5040945,-30.876067499999998,537.366989,427.692571,-28.752498999999997,-37.850329999999985,36.3895
5.7792406666666665,726.3351603333334,320.294636,-205.0862995,519.995574,272.1078125,-30.760111000000002,537.7178475000001,428.17595500000004,-28.759975999999998,-37.740102999999976,36.49277799999999
5.860795333333333,726.4731276666668,320.35836766666665,-205.07431250000002,520.1323305000001,272.702728,-30.646439,538.0706895000001,428.65272749999997,-28.767225999999997,-37.62958100000003,36.59398500000003
5.941328333333332,726.6111283333333,320.42060266666664,-205.06170150000003,520.270183,273.288642,-30.5352015,538.4252710000001,429.122796,-28.774219000000002,-37.51879399999996,36.693038
6.020820666666668,726.749096,320.48136,-205.048496,520.4090590000001,273.86537050000004,-30.426537500000002,538.7813275000001,429.5860755,-28.780935000000003,-37.40778499999999,36.78986699999996
6.099253999999999,726.8869639999999,320.54066166666667,-205.034732,520.5488889999999,274.4327435,-30.3205725,539.1385740000001,430.042486,-28.787359000000002,-37.29660000000001,36.88441599999999
6.176611333333334,727.0246643333334,320.5985303333334,-205.020448,520.6896065000001,274.990608,-30.217418000000002,539.4967039999999,430.4919555,-28.793488,-37.185299999999984,36.97664100000003
6.252875666666665,727.1621286666667,320.6549903333334,-205.00569000000002,520.831148,275.538827,-30.117174,539.855397,430.9344185,-28.799324,-37.07395400000007,37.066512999999986
6.328031666666667,727.2992876666667,320.71006733333337,-204.9905085,520.9734515,276.077283,-30.0199265,540.2143120000001,431.3698195,-28.804876999999998,-36.96264200000007,37.15401099999997
6.402064666666667,727.4360723333333,320.76378666666665,-204.9749595,521.116459,276.60587499999997,-29.925748000000002,540.573097,431.79811199999995,-28.810166000000002,-36.85145,37.239126
6.474961,727.5724133333333,320.81617566666665,-204.95910600000002,521.2601145,277.124523,-29.834702,540.9313875,432.2192605,-28.815213999999997,-36.74047900000005,37.32186100000001
6.5467070000000005,727.7082406666667,320.86726300000004,-204.943017,521.4043635,277.63316499999996,-29.746837,541.288807,432.633238,-28.820049999999995,-36.62983600000007,37.40222399999999
6.61729,727.8434856666667,320.91707733333334,-204.92676699999998,521.549155,278.1317595,-29.6621945,541.644972,433.040032,-28.824707,-36.51963599999999,37.480230000000006
6.686698333333332,727.978078,320.965648,-204.9104375,521.694438,278.620284,-29.580803,541.9994939999999,433.4396405,-28.829221999999994,-36.41000399999996,37.555903
6.754921,728.11195,321.013006,-204.894115,521.840164,279.09873600000003,-29.502685500000002,542.3519785000001,433.8320745,-28.833633,-36.30106699999999,37.629268999999965
6.821948000000002,728.2450323333333,321.05918199999996,-204.877892,521.9862845,279.567132,-29.4278555,542.702031,434.21735750000005,-28.837982999999994,-36.192961999999966,37.700357
6.887769666666666,728.3772576666667,321.10420700000003,-204.861866,522.1327535,280.025509,-29.3563215,543.049259,434.5955275,-28.842310999999995,-36.085824,37.76920099999995
6.952376000000001,728.5085576666667,321.14811433333335,-204.846139,522.2795225,280.47392049999996,-29.288086,543.3932705,434.9666365,-28.84666,-35.97979299999997,37.83583299999998
7.015760333333334,728.6388676666667,321.190935,-204.8308175,522.4265455,280.912439,-29.2231485,543.7336795,435.3307495,-28.851069,-35.87500900000009,37.900285
7.077913666666667,728.7681216666666,321.2327026666667,-204.8160105,522.5737750000001,281.341155,-29.161503,544.0701085000001,435.687947,-28.855578,-35.77160500000002,37.96258999999998
7.138830333333334,728.896255,321.2734496666667,-204.8018305,522.721162,281.7601755,-29.103144,544.402186,436.038322,-28.860221999999997,-35.669712000000004,38.02277800000002
7.198502666666667,729.023206,321.31320966666664,-204.7883895,522.868657,282.169624,-29.048061500000003,544.7295545,436.381983,-28.865037,-35.56945299999995,38.080877999999984
7.2569263333333325,729.1489116666667,321.3520153333333,-204.775802,523.0162085,282.569639,-28.996246999999997,545.0518675000001,436.7190525,-28.870051999999998,-35.470944999999915,38.13691499999999
7.314094999999999,729.2733126666667,321.3899006666667,-204.764182,523.163764,282.9603725,-28.9476905,545.368793,437.0496665,-28.875297000000003,-35.37428799999998,38.19091500000002
7.370005333333332,729.3963496666667,321.426898,-204.75364150000001,523.3112665,283.341992,-28.902382,545.6800155,437.373973,-28.880794,-35.27957300000003,38.24289600000003
7.424652666666667,729.5179656666666,321.463042,-204.744289,523.458658,283.7146745,-28.8603115,545.9852364999999,437.6921345,-28.886567,-35.186871,38.292880999999966
7.478035333333334,729.638106,321.49836466666665,-204.73622999999998,523.605876,284.078612,-28.821469,546.284176,438.0043235,-28.892634,-35.09624400000007,38.34088299999996
7.530150666666667,729.7567163333333,321.5328993333333,-204.72956649999998,523.7528565,284.434005,-28.785846,546.5765745,438.3107255,-28.899010000000004,-35.00772699999993,38.386919000000034
7.580996333333334,729.8737449999999,321.5666783333333,-204.72439350000002,523.8995305,284.78106449999996,-28.753432500000002,546.862194,438.6115345,-28.905709,-34.921343999999976,38.43100500000003
7.630572,729.989142,321.59973433333334,-204.720798,524.045826,285.12000950000004,-28.7242175,547.1408174999999,438.90695500000004,-28.912739000000002,-34.83709299999998,38.473149999999976
7.6788773333333324,730.1028596666666,321.632099,-204.718862,524.1916675,285.4510675,-28.698191,547.4122525,439.197198,-28.920112000000003,-34.754958999999985,38.513372000000004
7.725913333333334,730.2148516666666,321.6638043333333,-204.7186555,524.336974,285.7744705,-28.675339,547.6763285,439.4824825,-28.92783,-34.67490299999997,38.551683000000025
7.771681,730.3250746666668,321.69488033333334,-204.720241,524.4816625,286.0904595,-28.6556475,547.9329025,439.7630325,-28.935902999999996,-34.59686900000008,38.588100999999995
7.816182333333333,730.4334869999999,321.72535799999997,-204.7236695,524.6256445,286.3992765,-28.639097,548.181855,440.03907649999996,-28.944330000000004,-34.520783999999935,38.62264299999998
7.859420666666665,730.5400490000001,321.755267,-204.728982,524.7688295,286.7011695,-28.625667,548.423093,440.310844,-28.953118000000003,-34.446558000000095,38.65532999999999
7.901399666666666,730.6447233333333,321.78463533333337,-204.73620699999998,524.9111215,286.9963895,-28.6153285,548.65655,440.57856649999997,-28.962267000000004,-34.374086000000034,38.68618699999996
7.942123333333334,730.7474756666667,321.81349300000005,-204.7453625,525.052423,287.285187,-28.608051500000002,548.8821869999999,440.8424745,-28.971779,-34.30325600000003,38.71524299999999
7.981597666666667,730.8482723333333,321.84186633333337,-204.7564515,525.1926315,287.5678155,-28.6037955,549.0999899999999,441.102797,-28.981657000000006,-34.23393999999996,38.74252999999999
8.019828333333333,730.9470846666667,321.869782,-204.76946750000002,525.3316445,287.844526,-28.602516,549.3099745,441.3597575,-28.9919,-34.16600499999993,38.76808700000004
8.056822333333335,731.043884,321.89726666666667,-204.784391,525.4693540000001,288.1155705,-28.6041585,549.512181,441.6135765,-29.002511000000005,-34.099313999999936,38.79195899999996
8.092587666666667,731.138645,321.9243443333333,-204.8011895,525.6056535,288.38119900000004,-28.608662,549.706678,441.8644645,-29.013489999999997,-34.03372999999999,38.81419500000004
8.127133333333333,731.2313446666667,321.95103966666665,-204.81982,525.7404319999999,288.6416575,-28.615956,549.8935595,442.11262550000004,-29.024840000000005,-33.96911499999999,38.834851000000015
8.160467666666667,731.3219636666666,321.97737566666666,-204.840227,525.8735819999999,288.89719,-28.625960000000003,550.072946,442.35825250000005,-29.03656,-33.905332000000044,38.85399100000001
8.192602,731.410483,322.00337433333334,-204.862345,526.0049925,289.148035,-28.638586,550.2449815,442.60152700000003,-29.048651999999997,-33.84225500000002,38.871680000000026
8.223547,731.4968873333333,322.0290566666667,-204.8860985,526.1345545,289.39442599999995,-28.653733000000003,550.4098355,442.84261949999996,-29.061116000000002,-33.779763,38.88799499999999
8.253314666666666,731.5811646666666,322.054443,-204.9114025,526.262161,289.636591,-28.671294500000002,550.5676995,443.081684,-29.073955,-33.71775099999991,38.90301599999998
8.281917666666667,731.663304,322.079552,-204.938164,526.387706,289.874754,-28.6911515,550.7187865,443.3188615,-29.087167,-33.65611899999999,38.916831
8.309369,731.7432986666666,322.104402,-204.9662825,526.5110875,290.1091285,-28.7131775,550.8633295,443.5542775,-29.100751000000002,-33.594785,38.92953299999999
8.335683000000001,731.8211419999999,322.1290103333333,-204.995652,526.6322065,290.339923,-28.737238,551.0015794999999,443.78804,-29.114708,-33.533682999999996,38.94122199999998
8.360875,731.8968323333334,322.153392,-205.02616,526.750968,290.5673375,-28.7631875,551.133804,444.020241,-29.129036999999997,-33.472759999999994,38.951998
8.384960666666666,731.9703683333333,322.1775626666667,-205.0576935,526.867283,290.791563,-28.7908775,551.2602835,444.250955,-29.143734999999996,-33.41198099999997,38.961974
8.407955333333334,732.0417530000001,322.201535,-205.09013349999998,526.981067,291.01278349999995,-28.820149,551.3813124999999,444.48023950000004,-29.1588,-33.35132699999997,38.97126099999997
8.429876666666667,732.1109896666667,322.2253223333334,-205.1233615,527.0922435,291.231173,-28.850841000000003,551.4971945,444.708134,-29.174228000000003,-33.29079300000001,38.97997800000002
8.450741333333333,732.178086,322.248935,-205.1572595,527.2007404999999,291.44689600000004,-28.8827865,551.60824,444.9346615,-29.190015000000002,-33.23038999999994,38.988245000000006
8.470568666666667,732.2430503333331,322.2723843333334,-205.1917095,527.3064955,291.66010900000003,-28.9158145,551.7147635,445.1598275,-29.206156999999997,-33.17014100000006,38.99618499999997
8.489376333333334,732.3058940000001,322.29567833333334,-205.226597,527.4094525,291.87095750000003,-28.9497545,551.817084,445.3836235,-29.222647000000002,-33.11008400000003,39.00392499999998
8.507183,732.3666306666668,322.31882566666667,-205.261811,527.5095655,292.0795785,-28.9844325,551.9155185,445.6060215,-29.239478999999996,-33.05026499999997,39.01159099999995
8.524009,732.425275,322.34183233333334,-205.29724449999998,527.6067945,292.2860985,-29.0196775,552.0103839999999,445.8269825,-29.256645000000002,-32.99074000000007,39.019311000000016
8.539873666666667,732.4818453333334,322.364704,-205.332797,527.701111,292.4906345,-29.055318,552.1019905,446.04645200000004,-29.274137999999997,-32.93157299999996,39.02721600000001
8.554797333333333,732.5363606666666,322.3874453333333,-205.36837450000002,527.792493,292.6932945,-29.091188,552.190642,446.264363,-29.291947999999998,-32.87282800000003,39.03543000000002
8.568801,732.588842,322.41005966666665,-205.403889,527.88093,292.89417549999996,-29.127124000000002,552.276633,446.480637,-29.310064,-32.8145780000001,39.04408000000001
8.581905666666666,732.6393123333334,322.4325483333334,-205.43926299999998,527.9664195,293.093366,-29.162969,552.3602485,446.6951865,-29.328476000000002,-32.75689299999999,39.05328900000001
8.594130999999999,732.6877966666666,322.454913,-205.4744255,528.0489675,293.2909445,-29.198572499999997,552.44176,446.907913,-29.347171,-32.69984199999999,39.06317799999999
8.605499333333333,732.7343213333334,322.47715366666665,-205.50931400000002,528.12859,293.486979,-29.233791500000002,552.521424,447.11871199999996,-29.366135,-32.64349600000003,39.07386200000002
8.616032333333333,732.7789146666665,322.499269,-205.543877,528.2053099999999,293.68153099999995,-29.268493,552.599483,447.3274735,-29.385354000000003,-32.58791400000007,39.085451000000035
8.625751,732.8216056666666,322.5212563333334,-205.5780715,528.27916,293.874649,-29.3025525,552.676162,447.534082,-29.404811000000002,-32.53315599999996,39.098051999999996
8.634677,732.8624263333332,322.54311333333334,-205.6118635,528.35018,294.0663745,-29.335856500000002,552.75167,447.7384185,-29.424489,-32.47927400000003,39.111759000000006
8.642832,732.9014083333333,322.56483499999996,-205.64522649999998,528.4184175,294.25673900000004,-29.3683025,552.8261975,447.940363,-29.444367,-32.426311000000055,39.126666
8.650237333333331,732.9385853333333,322.5864166666667,-205.678145,528.4839265,294.4457655,-29.3997995,552.8999175,448.13979500000005,-29.464422999999996,-32.374303000000054,39.14285000000001
8.656915,732.9739930000001,322.60785233333337,-205.710611,528.5467679999999,294.6334665,-29.4302705,552.972984,448.3365955,-29.484633000000002,-32.32328000000007,39.160383000000024
8.662885333333334,733.0076663333333,322.6291343333334,-205.742624,528.6070075,294.819846,-29.459648,553.0455334999999,448.5306465,-29.50497,-32.273260999999934,39.179327
8.668170666666667,733.0396436666666,322.65025599999996,-205.77418899999998,528.664716,295.004899,-29.48788,553.117686,448.7218345,-29.525405999999997,-32.22426000000007,39.19972700000005
8.672792000000001,733.0699619999999,322.67120733333337,-205.8053195,528.719969,295.1886115,-29.5149265,553.1895425,448.9100495,-29.545907,-32.17627900000002,39.22162500000002
8.676769666666667,733.0986606666667,322.69198033333333,-205.836033,528.7728465,295.37095899999997,-29.5407595,553.2611884999999,449.0951885,-29.566436999999997,-32.129321000000004,39.245041000000015
8.680125,733.1257803333333,322.712564,-205.866351,528.8234285,295.55190849999997,-29.565364,553.3326945,449.277153,-29.586958000000003,-32.08337699999993,39.26998800000001
8.682878,733.1513613333333,322.732948,-205.896299,528.8718005,295.731419,-29.588739,553.4041159999999,449.4558515,-29.607425999999997,-32.03843399999994,39.29646100000002
8.685048333333333,733.1754443333333,322.7531206666667,-205.925904,528.9180465,295.909438,-29.6108925,553.4754935,449.6312025,-29.627797,-31.994478999999956,39.32444300000003
8.686656666666666,733.198072,322.77307033333335,-205.9551955,528.9622535,296.085904,-29.631847,553.5468559999999,449.803129,-29.648020000000002,-31.951490000000035,39.353902000000005
8.687722,733.2192863333333,322.79278400000004,-205.98420299999998,529.004506,296.26074800000004,-29.651633500000003,553.6182195,449.9715645,-29.668043,-31.909447,39.38479099999995
8.688264,733.2391313333334,322.81224933333334,-206.0129535,529.04489,296.433889,-29.670295,553.6895910000001,450.13645099999997,-29.687807999999997,-31.8683299999999,39.41704999999996
8.688300333333332,733.2576486666667,322.8314526666666,-206.041474,529.0834884999999,296.60523950000004,-29.6878825,553.7609649999999,450.2977375,-29.707257,-31.828114000000028,39.450603
8.687850333333333,733.274883,322.85038066666664,-206.06978900000001,529.1203845,296.7747,-29.7044575,553.8323285,450.455382,-29.726327000000005,-31.788778999999977,39.48536200000001
8.686932,733.2908779999999,322.869019,-206.097919,529.1556565,296.9421635,-29.720088,553.90366,450.60935,-29.744952000000005,-31.75030400000003,39.52122399999996
8.685562333333333,733.3056776666666,322.88735433333335,-206.1258795,529.189381,297.10751400000004,-29.734848,553.9749305,450.7596155,-29.763068000000004,-31.712669000000005,39.558077000000026
8.683759,733.3193256666667,322.90537133333333,-206.1536825,529.221632,297.270626,-29.748819,554.046104,450.906159,-29.780604000000004,-31.675858000000062,39.59579199999996
8.681538333333334,733.3318653333332,322.9230563333333,-206.181334,529.2524785,297.43136749999996,-29.762086999999998,554.117136,451.0489665,-29.797492,-31.639854000000014,39.63423499999999
8.678916666666666,733.3433413333333,322.9403953333333,-206.20883450000002,529.281986,297.58959600000003,-29.7747405,554.1879795,451.18803049999997,-29.813665,-31.604647,39.67325899999997
8.67591,733.3537963333333,322.95737333333335,-206.236178,529.3102155,297.7451635,-29.7868705,554.2585785,451.3233475,-29.829053000000002,-31.57022299999994,39.71271300000001
8.672533666666666,733.3632736666667,322.9739773333333,-206.263353,529.337224,297.897914,-29.7985695,554.3288735000001,451.4549185,-29.843591000000004,-31.536572999999976,39.752436999999986
8.668803,733.3718163333333,322.99019233333337,-206.29034000000001,529.3630645000001,298.0476855,-29.809932500000002,554.3988,451.58274700000004,-29.857215,-31.50368800000001,39.792265999999984
8.664731999999999,733.3794656666665,323.006005,-206.3171155,529.387785,298.19431,-29.8210505,554.4682869999999,451.7068375,-29.869867,-31.471562000000063,39.832037000000014
8.660335000000002,733.3862640000001,323.02140233333336,-206.3436495,529.4114275000001,298.33761400000003,-29.832013500000002,554.5372595,451.827196,-29.881489000000002,-31.440186999999924,39.871578
8.655626,733.3922516666668,323.03637200000003,-206.36990450000002,529.4340325000001,298.477422,-29.842909,554.605638,451.9438285,-29.892033999999995,-31.409556000000066,39.91072499999996
8.650618,733.3974693333333,323.0509,-206.39584050000002,529.455635,298.61355349999997,-29.8538205,554.6733375,452.0567385,-29.901457,-31.379662999999937,39.94931299999996
8.645323666666668,733.4019566666666,323.06497566666667,-206.42141199999998,529.476265,298.74582699999996,-29.8648265,554.740269,452.1659285,-29.909723,-31.35050000000001,39.987180999999964
8.639755333333333,733.4057513333333,323.0785866666667,-206.446569,529.49595,298.87405850000005,-29.8759995,554.8063394999999,452.2713965,-29.916801000000003,-31.322058999999967,40.024175000000014
8.633926,733.4088916666666,323.0917226666666,-206.4712585,529.5147145,298.9980675,-29.8874055,554.871453,452.37313700000004,-29.922674999999998,-31.294329999999945,40.060145999999975
8.627846,733.4114146666667,323.10437333333334,-206.495426,529.532578,299.11767150000003,-29.899103,554.9355075000001,452.4711405,-29.927332,-31.267304999999965,40.09495900000002
8.621526999999999,733.4133553333332,323.116529,-206.5190155,529.5495585,299.2326925,-29.911143,554.9983990000001,452.56539150000003,-29.930770000000003,-31.240971999999942,40.12848100000002
8.614980666666666,733.4147483333333,323.128181,-206.5419705,529.565672,299.3429565,-29.923569999999998,555.060022,452.6558705,-29.932997999999998,-31.215318000000025,40.160596999999996
8.608216666666666,733.4156273333333,323.13932099999994,-206.564234,529.5809325,299.4482945,-29.936417499999997,555.1202665,452.7425495,-29.934033,-31.19033300000001,40.19120299999997
8.601245333333333,733.416024,323.14994133333335,-206.585752,529.5953505,299.5485455,-29.9497115,555.179022,452.82539599999996,-29.933903,-31.166004000000044,40.220204000000024
8.594076,733.415971,323.160036,-206.606472,529.6089385,299.64355450000005,-29.963469,555.236178,452.9043725,-29.932644000000003,-31.142321999999922,40.247523
8.586719,733.415496,323.16959833333334,-206.626346,529.6217065,299.7331785,-29.9777,555.2916230000001,452.9794355,-29.930301999999998,-31.11927400000002,40.27309500000001
8.579183333333333,733.4146283333333,323.1786243333333,-206.645328,529.6336645,299.8172845,-29.9924035,555.3452460000001,453.0505355,-29.926929,-31.096854000000008,40.29686899999996
8.571477,733.4133959999999,323.187109,-206.66338100000002,529.6448224999999,299.8957515,-30.007572000000003,555.3969375,453.1176195,-29.922590000000003,-31.075057000000015,40.31880699999999
8.563610333333333,733.4118233333334,323.1950503333333,-206.68046950000002,529.6551919999999,299.968473,-30.0231895,555.446592,453.180631,-29.917350999999996,-31.053879999999936,40.338888
8.555589666666666,733.4099353333335,323.2024446666667,-206.6965695,529.664785,300.035357,-30.039233499999998,555.4941065,453.23951050000005,-29.911285,-31.03332499999999,40.357101
8.547424000000001,733.4077550000001,323.2092906666667,-206.711659,529.673613,300.096327,-30.055675,555.5393805,453.294196,-29.904476000000003,-31.013398999999936,40.37345000000005
8.539121666666666,733.4053036666668,323.21558866666663,-206.725729,529.681692,300.15132500000004,-30.072478,555.582322,453.344627,-29.897004000000003,-30.994113999999968,40.387950000000046
8.530688666666666,733.4026016666667,323.221338,-206.738775,529.689037,300.200309,-30.089602499999998,555.6228415,453.390743,-29.888957,-30.97548500000005,40.40062999999998
8.522134,733.399668,323.22654000000006,-206.75080350000002,529.695667,300.2432585,-30.1070045,555.6608595,453.43248600000004,-29.880423,-30.957535000000007,40.41152800000003
8.513464,733.3965196666667,323.23119733333334,-206.761827,529.7016005,300.280171,-30.124634999999998,555.696301,453.46980199999996,-29.871492,-30.940292,40.42068999999998
8.504684666666668,733.3931726666666,323.235312,-206.77186949999998,529.70686,300.311064,-30.1424435,555.729102,453.5026435,-29.862252999999995,-30.923790000000054,40.42817299999996
8.495804333333334,733.3896410000001,323.23888866666664,-206.7809625,529.7114695,300.33597699999996,-30.1603785,555.7592050000001,453.5309675,-29.852795,-30.90806800000007,40.43404300000003
8.486828666666668,733.3859390000001,323.2419313333333,-206.78914450000002,529.7154545,300.35497,-30.178385,555.7865625,453.55474200000003,-29.843202,-30.893169000000057,40.43837000000002
8.477764,733.3820776666666,323.2444453333334,-206.796466,529.7188415,300.3681235,-30.196412,555.811136,453.573945,-29.83356,-30.879142,40.441232000000014
8.468617333333333,733.3780676666667,323.24643699999996,-206.80298,529.7216615,300.37554,-30.214405,555.832897,453.588565,-29.823948,-30.866039999999998,40.44271199999997
8.459394000000001,733.373919,323.2479133333334,-206.8087505,529.723943,300.377342,-30.232314000000002,555.851828,453.59860249999997,-29.814442,-30.85391800000002,40.442894999999965
8.450099666666667,733.3696383333332,323.24888166666665,-206.8138455,529.725719,300.373673,-30.2500905,555.8679195,453.6040755,-29.805113000000002,-30.84283300000004,40.44187099999999
8.440741333333333,733.365233,323.249351,-206.81834,529.727021,300.36469450000004,-30.267689,555.881173,453.605014,-29.796028,-30.832842000000028,40.43973199999999
8.431324,733.3607099999999,323.2493293333333,-206.822313,529.727882,300.35059,-30.285067,555.8915999999999,453.6014665,-29.787247999999998,-30.824003999999945,40.436571000000015
8.421853333333333,733.3560726666666,323.24882733333334,-206.825847,529.7283355,300.331557,-30.302186000000003,555.899221,453.5934965,-29.778832,-30.816373999999996,40.432484999999986
8.412335666666666,733.351325,323.2478546666667,-206.829028,529.728413,300.307813,-30.319012,555.904065,453.581187,-29.770826,-30.810006000000044,40.427565999999956
8.402775333333333,733.3464700000001,323.246422,-206.8319425,529.728147,300.279589,-30.335516000000002,555.906171,453.564638,-29.76328,-30.804947999999968,40.42191200000002
8.393178333333333,733.3415083333333,323.244541,-206.8346775,529.727568,300.2471295,-30.351673,555.905585,453.5439665,-29.756234,-30.801242000000002,40.415615
8.38355,733.3364423333334,323.242223,-206.83732049999998,529.726705,300.21069350000005,-30.3674635,555.9023609999999,453.5193095,-29.749724999999998,-30.79892600000005,40.408771
8.373896,733.3312703333335,323.23948033333335,-206.839957,529.7255855000001,300.1705485,-30.382872,555.8965595,453.490822,-29.743781999999996,-30.798026999999934,40.40146999999996
8.364220999999999,733.3259933333334,323.2363256666667,-206.842668,529.724234,300.1269695,-30.3978895,555.888249,453.45867250000003,-29.738435000000003,-30.798563999999942,40.39380299999999
8.35453,733.3206083333333,323.2327716666667,-206.8455335,529.722673,300.080241,-30.41251,555.8775009999999,453.4230505,-29.733708,-30.80054400000006,40.38585899999998
8.344828666666666,733.3151143333334,323.22883133333335,-206.848625,529.720922,300.03065100000003,-30.4267325,555.8643930000001,453.38415799999996,-29.729620999999998,-30.803964000000065,40.377724
8.335121666666668,733.3095079999999,323.2245183333333,-206.852012,529.7189975,299.9784875,-30.4405615,555.849007,453.342211,-29.726191,-30.808808,40.36948000000001
8.325414666666667,733.3037869999999,323.21984633333335,-206.8557545,529.716913,299.924042,-30.454003999999998,555.8314275,453.2974395,-29.723432,-30.815049000000045,40.36120900000003
8.315712,733.2979463333332,323.21482833333334,-206.859906,529.7146769999999,299.86760300000003,-30.46707,555.81174,453.2500835,-29.721357999999995,-30.822644000000082,40.35298499999999
8.306019000000001,733.2919826666666,323.2094786666667,-206.864513,529.7122965000001,299.8094545,-30.479775500000002,555.790034,453.2003925,-29.719977,-30.83153799999991,40.34488300000004
8.296341,733.2858923333333,323.20381066666664,-206.86961200000002,529.7097735,299.74987450000003,-30.492136000000002,555.7663975,453.1486225,-29.719296,-30.84166300000004,40.336971000000005
8.286681999999999,733.2796696666666,323.19783866666666,-206.87523149999998,529.707107,299.68913399999997,-30.504171499999998,555.7409184999999,453.095036,-29.719323,-30.852933000000007,40.32931199999996
8.277047666666666,733.2733096666667,323.191575,-206.88139,529.7042945000001,299.627492,-30.515902,555.7136849999999,453.0398965,-29.720059999999997,-30.865253999999936,40.32196499999998
8.267441666666668,733.266808,323.18503499999997,-206.8880985,529.7013265,299.565197,-30.5273515,555.684781,452.98347,-29.721507000000003,-30.87851599999999,40.31498399999998
8.257869999999999,733.260158,323.17823066666665,-206.895358,529.6981940000001,299.502483,-30.538542,555.65429,452.9260175,-29.723665999999994,-30.89259800000002,40.30841499999997
8.248336666666667,733.2533556666667,323.171175,-206.90315950000002,529.6948845,299.4395685,-30.549498,555.6222905,452.867799,-29.726529999999997,-30.907369000000017,40.30229800000001
8.238846333333333,733.2463936666667,323.163882,-206.91148750000002,529.6913835,299.37665400000003,-30.560244,555.5888580000001,452.8090655,-29.730094,-30.922686,40.29666900000001
8.229403,733.2392683333333,323.156363,-206.9203175,529.6876735,299.313924,-30.5708035,555.5540625000001,452.75005899999996,-29.734350999999997,-30.938399000000004,40.29155199999997
8.220012,733.2319726666666,323.14863066666663,-206.929617,529.6837370000001,299.25154,-30.5811995,555.517969,452.691011,-29.739286999999997,-30.95435199999997,40.28696400000001
8.210676333333334,733.2245016666667,323.14069666666666,-206.9393485,529.6795569999999,299.189644,-30.5914565,555.480637,452.632137,-29.744887000000002,-30.970381999999972,40.282917999999995
8.201401333333333,733.216849,323.132572,-206.949467,529.675113,299.1283565,-30.601596,555.442119,452.5736375,-29.751132,-30.98632400000008,40.279413000000034
8.192190333333333,733.2090096666666,323.1242683333333,-206.959925,529.6703875000001,299.06777450000004,-30.611638499999998,555.402464,452.5156945,-29.757997,-31.002013999999917,40.27644099999998
8.183047,733.2009783333333,323.115795,-206.9706675,529.6653630000001,299.007971,-30.6216055,555.361712,452.4584685,-29.765455000000003,-31.017286000000013,40.27398699999998
8.173975,733.1927493333333,323.1071626666667,-206.9816415,529.6600235,298.9489965,-30.631515,555.319898,452.4020985,-29.773471999999998,-31.031983999999966,40.27202299999999
8.164977666666665,733.1843163333333,323.0983793333333,-206.99278850000002,529.654356,298.8908755,-30.6413865,555.2770505,452.346698,-29.782008999999995,-31.045953000000054,40.27051400000005
8.156058000000002,733.1756756666667,323.08945466666665,-207.0040525,529.6483495,298.83360949999997,-30.651238,555.2331925,452.29235700000004,-29.791021999999998,-31.059050999999954,40.269416000000035
8.147219333333334,733.1668210000001,323.0803966666667,-207.0153765,529.641996,298.7771745,-30.661085500000002,555.1883405000001,452.2391365,-29.800463,-31.07114899999999,40.26867299999998
8.138463666666667,733.1577470000001,323.07121233333334,-207.0267065,529.635291,298.7215225,-30.670948,555.1425065000001,452.1870705,-29.810274,-31.082127000000014,40.268223000000035
8.129793333333334,733.1484496666667,323.06190833333335,-207.03799199999997,529.628235,298.6665805,-30.680842,555.0956980000001,452.136163,-29.820397999999997,-31.09189200000003,40.26799399999999
8.121210333333334,733.1389233333333,323.05249000000003,-207.04918600000002,529.620833,298.6122535,-30.690784999999998,555.0479185,452.086389,-29.830764,-31.100363000000016,40.26790200000005
8.112715333333334,733.1291633333334,323.0429636666667,-207.0602475,529.6130945,298.558421,-30.700797,554.9991669999999,452.037694,-29.841302,-31.107485999999994,40.26786199999998
8.104310333333332,733.1191643333333,323.03333266666664,-207.071141,529.605034,298.504942,-30.710898,554.949443,451.9899915,-29.851934,-31.11323200000004,40.26777499999997
8.095995333333333,733.1089229999999,323.02360100000004,-207.08184,529.596672,298.45165199999997,-30.721110499999998,554.8987405,451.943167,-29.862575,-31.117597000000046,40.26754
8.087770333333333,733.0984333333332,323.0137716666666,-207.092324,529.5880354999999,298.3983665,-30.7314585,554.8470555,451.89707450000003,-29.873139000000002,-31.120611000000054,40.267043
8.079636,733.0876906666667,323.00384633333334,-207.10258199999998,529.5791555,298.3448795,-30.741970000000002,554.7943825,451.851541,-29.883532000000002,-31.122329000000036,40.26617199999998
8.071589666666666,733.0766913333333,322.99382533333335,-207.112613,529.5700695,298.29096749999997,-30.752675,554.7407165,451.8063625,-29.893657999999995,-31.122840999999994,40.26480499999997
8.063630666666667,733.0654303333334,322.98371066666664,-207.122423,529.5608205,298.2363885,-30.763609000000002,554.686055,451.761309,-29.903418000000002,-31.122272000000066,40.26281799999998
8.055757333333334,733.0539033333334,322.973501,-207.13203099999998,529.551458,298.1808825,-30.774808999999998,554.630396,451.7161245,-29.91271,-31.120777999999973,40.26008300000001
8.047966333333333,733.0421063333333,322.9631943333334,-207.141463,529.5420349999999,298.124175,-30.7863185,554.5737409999999,451.670529,-29.921431,-31.118550000000027,40.25646999999998
8.040254333333332,733.0300353333332,322.952789,-207.1507575,529.5326115,298.06597750000003,-30.798184000000003,554.516095,451.6242185,-29.929476,-31.11581000000001,40.251847
8.032617333333333,733.017686,322.9422816666667,-207.159959,529.5232510000001,298.005987,-30.810457,554.4574640000001,451.57687,-29.936741999999995,-31.112815999999953,40.246080000000006
8.02505,733.0050543333333,322.93166866666667,-207.169125,529.5140215,297.9438895,-30.823195000000002,554.39786,451.52813949999995,-29.943126,-31.109853999999928,40.239040999999986
8.017547333333333,732.9921373333333,322.9209446666667,-207.1783185,529.504995,297.8793625,-30.836458,554.3372965,451.477668,-29.948527999999996,-31.10724099999993,40.230593999999996
8.010103,732.9789316666667,322.9101043333333,-207.1876135,529.4962465,297.8120715,-30.8503125,554.2757905,451.425081,-29.952849,-31.10531900000001,40.22061200000002
8.002710333333333,732.9654340000001,322.8991413333333,-207.197089,529.4878545,297.74167850000003,-30.8648275,554.213363,451.369993,-29.955999,-31.104456000000027,40.20896799999997
7.995361,732.951641,322.8880483333333,-207.206832,529.4798985,297.6678365,-30.8800785,554.1500345,451.312009,-29.957889,-31.10503899999992,40.195539999999994
7.988046666666666,732.9375506666667,322.87681733333335,-207.216935,529.472461,297.590198,-30.896142,554.085829,451.2507275,-29.958440000000003,-31.10746999999992,40.180210999999986
7.980757333333333,732.9231603333334,322.86543966666665,-207.22749449999998,529.465623,297.50840949999997,-30.9130985,554.0207695,451.185742,-29.957579000000003,-31.112167,40.16286600000001
7.973483666666667,732.9084683333334,322.85390566666666,-207.2386115,529.4594695000001,297.422119,-30.9310325,553.9548785,451.1166455,-29.955243,-31.119552999999996,40.143403000000035
7.966214333333333,732.8934733333332,322.84220566666664,-207.25038849999999,529.4540815,297.33097599999996,-30.9500275,553.8881765,451.043032,-29.951377,-31.130055000000084,40.12171999999998
7.958937333333334,732.8781736666666,322.8303283333333,-207.26292949999998,529.4495405,297.2346305,-30.9701705,553.8206815000001,450.9644995,-29.945940999999998,-31.144096999999988,40.09772700000002
7.95164,732.8625683333333,322.818262,-207.2763405,529.445927,297.1327375,-30.991546999999997,553.7524045,450.880653,-29.938901999999995,-31.162097000000017,40.071343999999954
7.944309333333333,732.8466566666666,322.80599466666666,-207.290724,529.443318,297.02495899999997,-31.0142435,553.683351,450.791105,-29.930240999999995,-31.184459999999945,40.04249800000002
7.936930666666666,732.8304393333333,322.79351333333335,-207.3061835,529.4417874999999,296.9109625,-31.0383445,553.613519,450.69548050000003,-29.919955,-31.211569999999938,40.011127000000045
7.929488666666667,732.8139163333332,322.7808053333334,-207.3228165,529.4414075,296.790427,-31.063931000000004,553.5428955,450.5934195,-29.908052,-31.243790999999987,39.97718100000003
7.921967666666666,732.7970886666666,322.7678563333333,-207.340719,529.4422460000001,296.663039,-31.0910825,553.4714584999999,450.4845745,-29.894554999999997,-31.281458999999927,39.940620999999965
7.914351333333333,732.7799563333334,322.7546516666667,-207.35998,529.4443650000001,296.5285,-31.119873999999996,553.3991705,450.36861899999997,-29.879502,-31.324873000000025,39.90141999999997
7.906621666666666,732.7625223333333,322.74117700000005,-207.3806845,529.447823,296.3865225,-31.1503745,553.325983,450.245245,-29.862945000000003,-31.374298000000067,39.85956599999997
7.898760666666668,732.7447870000001,322.72741666666667,-207.40291000000002,529.452673,296.2368345,-31.182650000000002,553.2518319999999,450.114165,-29.84495,-31.42995600000006,39.81505800000002
7.890749666666667,732.7267543333332,322.71335500000004,-207.42672700000003,529.458963,296.079181,-31.216758000000002,553.1766365,449.9751155,-29.8256,-31.492023000000017,39.767908999999975
7.882567999999999,732.7084263333333,322.6989756666667,-207.4521985,529.4667345,295.913321,-31.25275,553.1003005,449.827855,-29.80499,-31.560627000000068,39.71814800000004
7.874196666666667,732.6898056666668,322.684262,-207.4793785,529.476024,295.7390335,-31.2906695,553.0227115,449.6721685,-29.783229000000002,-31.635847000000012,39.665817000000004
7.865613333333333,732.6708966666666,322.66919766666666,-207.5083125,529.4868605,295.556115,-31.3305525,552.9437395,449.5078635,-29.760438999999998,-31.717709000000013,39.610971000000006
7.856797,732.6517033333333,322.65376533333335,-207.539038,529.4992685,295.364381,-31.3724275,552.8632395,449.3347765,-29.736752999999997,-31.806185000000028,39.55368100000004
7.847724666666667,732.6322296666667,322.63794766666666,-207.57158149999998,529.513265,295.16366700000003,-31.416314999999997,552.781048,449.15276600000004,-29.712315999999998,-31.90119399999992,39.49403000000001
7.838373666666667,732.6124803333333,322.6217266666667,-207.6059615,529.5288605000001,294.9538275,-31.4622255,552.6969895,448.961718,-29.687284999999996,-32.00260500000002,39.43211600000001
7.828720333333332,732.5924606666666,322.6050843333333,-207.6421875,529.5460605,294.7347355,-31.510161500000002,552.6108744999999,448.76154199999996,-29.661818999999998,-32.110231,39.36804999999998
7.818740666666668,732.572176,322.588003,-207.68025799999998,529.564863,294.5062865,-31.5601185,552.5225,448.5521725,-29.636090999999997,-32.223838,39.30195500000002
7.8084093333333335,732.551633,322.5704646666666,-207.720165,529.5852590000001,294.2683915,-31.612083,552.431654,448.333567,-29.610274,-32.34314399999994,39.233964000000014
7.797701666666666,732.5308369999999,322.5524503333333,-207.76189,529.6072365,294.020982,-31.666034500000002,552.338117,448.1057035,-29.584547000000004,-32.467828000000054,39.164219
7.786591666666666,732.5097946666666,322.53394166666664,-207.8054045,529.6307724999999,293.764006,-31.7219445,552.241663,447.86858099999995,-29.559093,-32.59752400000002,39.092873999999995
7.775053,732.4885136666667,322.51492033333335,-207.850674,529.655843,293.4974285,-31.7797775,552.142064,447.622218,-29.534091000000004,-32.731833999999935,39.02008600000005
7.7630593333333335,732.4670006666666,322.49536700000004,-207.8976545,529.682413,293.22123050000005,-31.8394935,552.0390904999999,447.3666475,-29.509718999999997,-32.870330999999965,38.94602099999997
7.750583333333334,732.4452636666666,322.47526366666665,-207.9462945,529.7104465,292.9354065,-31.901046,551.9325175,447.1019185,-29.486152000000004,-33.012563,38.870847000000026
7.737597333333333,732.4233093333332,322.45458966666666,-207.996534,529.7398985,292.63996299999997,-31.964383500000004,551.8221235000001,446.82809299999997,-29.463561000000002,-33.158060999999975,38.79473200000001
7.724074333333334,732.4011473333334,322.4333276666667,-208.0483065,529.7707185,292.334918,-32.0294515,551.7076975,446.54524200000003,-29.442106999999996,-33.30633899999998,38.71784599999995
7.7099850000000005,732.378785,322.4114573333333,-208.101538,529.8028525,292.020299,-32.0961905,551.5890395,446.253445,-29.421941,-33.456912999999986,38.640354
7.695301333333333,732.3562310000001,322.38895900000006,-208.1561485,529.836238,291.69614,-32.164541,551.4659625,445.952788,-29.403205999999997,-33.60929299999998,38.56241799999998
7.679995333333333,732.3334943333333,322.3658146666667,-208.2120495,529.8708095,291.36248,-32.2344395,551.338298,445.64335900000003,-29.386028999999997,-33.76299599999993,38.484189999999955
7.664036666666667,732.3105826666666,322.34200333333337,-208.269148,529.9064955,291.019362,-32.3058235,551.2058959999999,445.32525,-29.370523,-33.917552,38.40581400000002
7.647396666666668,732.287506,322.3175053333334,-208.32734299999998,529.9432175,290.66683,-32.378628,551.0686275,444.99854849999997,-29.356786,-34.07251099999996,38.327421000000015
7.630046,732.2642726666667,322.292301,-208.3865285,529.980894,290.30492749999996,-32.45279,550.9263875,444.663342,-29.344896000000002,-34.22744499999999,38.24912800000004
7.611954666666667,732.2408916666667,322.26637,-208.446592,530.0194365,289.933695,-32.5282475,550.779096,444.31971450000003,-29.334917,-34.381951999999956,38.17103700000001
7.5930930000000005,732.2173720000001,322.2396923333333,-208.50741349999998,530.0587525,289.553168,-32.6049395,550.6266985,443.96774100000005,-29.326887,-34.535668999999984,38.09322800000001
7.573431666666667,732.193723,322.212247,-208.568869,530.098744,289.1633765,-32.682807,550.4691660000001,443.607492,-29.320828,-34.688264000000004,38.015765999999985
7.552939333333334,732.1699523333333,322.18401366666666,-208.630827,530.1393085,288.764341,-32.761793499999996,550.306499,443.2390285,-29.316741,-34.839450000000056,37.93868900000001
7.531587333333334,732.1460699999999,322.1549713333333,-208.69315,530.1803365000001,288.35607500000003,-32.841846000000004,550.1387235,442.862403,-29.314602,-34.98898099999997,37.86201399999999
7.509344666666666,732.122084,322.1250983333333,-208.7556935,530.2217165,287.9385785,-32.9229135,549.965891,442.477659,-29.314369,-35.13665800000001,37.78573399999999
7.486181666666667,732.0980033333334,322.0943736666666,-208.8183075,530.2633304999999,287.5118415,-33.004948999999996,549.788079,442.08483,-29.315976,-35.28232800000001,37.709817999999984
7.462067666666667,732.0738353333332,322.06277600000004,-208.8808365,530.305057,287.075839,-33.0879085,549.6053885,441.68393949999995,-29.319335000000002,-35.4258870000001,37.634209
7.436973666666667,732.0495890000001,322.030283,-208.9431155,530.3467694999999,286.630534,-33.1717525,549.4179435000001,441.27500299999997,-29.324340999999997,-35.567278999999985,37.55882200000002
7.410869666666666,732.0252713333333,321.996872,-209.004978,530.3883384999999,286.1758765,-33.2564425,549.225886,440.8580265,-29.330866999999998,-35.7064959999999,37.483551000000034
7.383725000000001,732.0008906666667,321.962521,-209.066247,530.42963,285.7118,-33.341944,549.0293764999999,440.4330105,-29.338766,-35.84357499999999,37.40826299999998
7.355511666666668,731.976454,321.92720733333334,-209.12674099999998,530.470507,285.238225,-33.428226,548.8285880000001,439.9999465,-29.347876000000003,-35.978598000000034,37.33280300000001
7.3261996666666676,731.9519690000001,321.89090833333336,-209.18627500000002,530.510831,284.755059,-33.51526,548.6237054999999,439.55882299999996,-29.358017999999998,-36.11169099999995,37.25699400000002
7.295760000000001,731.9274423333333,321.8536,-209.24465600000002,530.550459,284.262195,-33.603018000000006,548.4149205,439.109624,-29.369002000000002,-36.24301700000001,37.180638000000044
7.264164666666667,731.9028793333333,321.81525966666663,-209.30168600000002,530.5892474999999,283.759515,-33.691476,548.2024285,438.652332,-29.380624,-36.37277500000005,37.10352
7.231385666666668,731.8782876666668,321.7758636666667,-209.357165,530.6270529999999,283.246889,-33.780609,547.986425,438.18692899999996,-29.392670000000003,-36.50119600000005,37.02541000000002
7.197394666666667,731.8536723333333,321.735388,-209.4108885,530.6637295,282.724175,-33.870394499999996,547.7671009999999,437.713398,-29.404920999999998,-36.628540000000044,36.94606399999998
7.162165000000002,731.8290390000001,321.69380900000004,-209.4626475,530.6991325,282.1912255,-33.960809,547.5446385,437.2317265,-29.417156000000002,-36.755087,36.865230999999994
7.125670333333335,731.8043923333333,321.65110266666665,-209.51223399999998,530.73312,281.64788250000004,-34.051829,547.319208,436.741905,-29.42915,-36.88113599999997,36.78265200000004
7.087884333333332,731.7797376666667,321.6072443333333,-209.559436,530.7655495,281.0939845,-34.1434315,547.090964,436.243931,-29.440680999999998,-37.00699800000007,36.69806199999999
7.048781666666666,731.7550783333332,321.562211,-209.60404499999999,530.796285,280.529364,-34.235589,546.8600395000001,435.7378095,-29.45153,-37.132993000000056,36.61120299999999
7.008338666666667,731.7304186666667,321.5159773333333,-209.645852,530.8251915000001,279.95385250000004,-34.328276,546.626545,435.22355500000003,-29.461487999999996,-37.259442000000035,36.521814000000006
6.966530666666667,731.7057616666667,321.4685206666666,-209.6846505,530.852141,279.367279,-34.4214615,546.3905615,434.701189,-29.470354999999998,-37.386661000000004,36.42964400000005
6.9233356666666666,731.6811103333333,321.419816,-209.7202405,530.8770125,278.769475,-34.515114,546.1521415,434.170746,-29.477946,-37.51496099999997,36.334453999999994
6.878731333333332,731.656466,321.36984,-209.75242500000002,530.899693,278.1602735,-34.6091985,545.911302,433.632272,-29.484088999999997,-37.64463999999998,36.236013999999955
6.832697333333333,731.631831,321.31857033333335,-209.7810175,530.9200765,277.539513,-34.703677,545.6680235,433.085821,-29.48863,-37.77597300000002,36.134112000000016
6.7852136666666665,731.6072056666666,321.2659826666666,-209.8058375,530.938069,276.907036,-34.79851,545.422248,432.5314605,-29.491438000000002,-37.909220000000005,36.02855499999998
6.736261333333332,731.5825906666665,321.21205533333335,-209.826718,530.953589,276.2626935,-34.893653,545.173875,431.9692675,-29.492400000000004,-38.04461200000003,35.91916900000001
6.685822333333334,731.5579856666667,321.1567656666667,-209.8435035,530.9665660000001,275.6063435,-34.9890605,544.922762,431.3993295,-29.491429,-38.18235200000004,35.805803000000026
6.633882,731.5333893333333,321.1000926666666,-209.85605149999998,530.976945,274.937853,-35.0846855,544.668721,430.821742,-29.488461,-38.32260999999994,35.68832600000002
6.580423666666666,731.5088,321.0420153333334,-209.8642375,530.984688,274.2571005,-35.180479,544.4115205,430.2366085,-29.483456,-38.46552699999995,35.56663500000002
6.5254346666666665,731.4842153333334,320.9825133333333,-209.8679525,530.9897725,273.56397300000003,-35.2763915,544.1508805000001,429.6440385,-29.476401,-38.611203000000046,35.44064700000001
6.468902,731.4596316666666,320.9215673333333,-209.86711000000003,530.9921945,272.8583715,-35.372374,543.8864765000001,429.0441465,-29.467305999999997,-38.75970900000004,35.310302999999976
6.410814333333334,731.4350446666667,320.85915933333337,-209.86164050000002,530.9919715,272.140205,-35.468379999999996,543.6179380000001,428.4370485,-29.456206,-38.91107599999998,35.175568999999996
6.351163,731.41045,320.7952716666667,-209.8514995,530.989142,271.4093955,-35.5643655,543.3448490000001,427.82286,-29.443157,-39.06530200000009,35.036428
6.289939666666666,731.3858406666667,320.72988833333335,-209.83666399999998,530.9837645,270.665877,-35.6602895,543.0667484999999,427.2016965,-29.428239,-39.222353,34.89288300000004
6.227137333333334,731.3612113333334,320.66299366666664,-209.8171375,530.975923,269.909594,-35.756121,542.7831325,426.5736655,-29.411550000000002,-39.382160999999996,34.74495300000001
6.162751,731.336554,320.594574,-209.7929475,530.9657255,269.14049950000003,-35.851832,542.493455,425.9388705,-29.393204,-39.544629999999984,34.592670999999996
6.096777333333333,731.3118613333332,320.52461666666665,-209.7641505,530.9533065,268.35856,-35.9474085,542.1971315000001,425.2974035,-29.373333000000002,-39.70963900000004,34.43607900000001
6.0292129999999995,731.2871226666666,320.4531103333333,-209.73082749999998,530.938824,267.5637475,-36.042845,541.8935389999999,424.6493425,-29.35208,-39.877043999999955,34.27522699999997
5.960059000000001,731.2623293333332,320.3800456666666,-209.693089,530.9224645,266.75604450000003,-36.13815,541.5820195,423.9947535,-29.329594000000004,-40.04668300000003,34.11016500000005
5.889315000000001,731.237471,320.3054133333333,-209.6510735,530.9044425,265.93544099999997,-36.233349000000004,541.2618815000001,423.33368099999996,-29.306034000000004,-40.21837500000004,33.940946
5.816983666666668,731.212535,320.2292076666667,-209.604946,530.884998,265.10193300000003,-36.328481499999995,540.932405,422.6661505,-29.281563,-40.39193599999999,33.76761499999998
5.743069666666666,731.1875099999999,320.1514223333333,-209.5549015,530.864401,264.255522,-36.423608,540.5928415000001,421.992164,-29.256339999999998,-40.56716700000004,33.590209999999956
5.667577333333333,731.162383,320.0720546666667,-209.50116,530.842947,263.396214,-36.5188075,540.2424195000001,421.31169650000004,-29.230525,-40.74387300000001,33.408754999999985
5.590513999999999,731.1371413333333,319.99110233333334,-209.44396999999998,530.820962,262.524019,-36.6141815,539.8803459999999,420.62469699999997,-29.204275,-40.92186000000004,33.223258000000044
5.511887333333334,731.1117703333333,319.9085646666667,-209.3836045,530.798795,261.638951,-36.709852500000004,539.5058114999999,419.931081,-29.177735000000002,-41.10093500000005,33.03371000000004
5.431707666666665,731.086255,319.824444,-209.320361,530.776825,260.741025,-36.805968,539.11799,419.23073450000004,-29.151044,-41.28091800000004,32.84007700000001
5.349985333333333,731.0605810000001,319.738743,-209.25456050000003,530.755455,259.83025699999996,-36.9026975,538.7160465,418.5235075,-29.124331,-41.46163899999999,32.642300999999975
5.266732666666666,731.0347316666666,319.6514663333333,-209.186545,530.735112,258.90666550000003,-37.000234500000005,538.299137,417.809215,-29.097709000000002,-41.64294199999995,32.44029599999999
5.181963666666666,731.008691,319.5626203333333,-209.116675,530.7162465,257.97027,-37.098795,537.8664160000001,417.08763450000004,-29.071282,-41.82468800000004,32.23395099999999
5.095693000000001,730.9824426666668,319.47221333333334,-209.0453295,530.6993305,257.021089,-37.198620500000004,537.4170355000001,416.3585065,-29.045139,-42.006755,32.02311900000001
5.007936333333333,730.9559696666666,319.3802556666667,-208.9729015,530.6848565,256.0591425,-37.299972,536.950151,415.621531,-29.019356,-42.18904199999997,31.807628000000022
4.918711000000001,730.9292546666666,319.2867576666667,-208.89979699999998,530.673333,255.084451,-37.40313,536.4649254999999,414.8763705,-28.993993999999997,-42.37146500000006,31.587272999999982
4.8280356666666675,730.9022803333334,319.191733,-208.82643050000001,530.6652855,254.0970355,-37.508395500000006,535.9605345,414.122649,-28.969101000000002,-42.55395900000008,31.361818000000028
4.735929666666667,730.8750279999999,319.09519466666666,-208.7532245,530.6612525,253.09692,-37.616085,535.4361670000001,413.35995149999997,-28.944716,-42.73648199999991,31.13099900000003
4.642413333333334,730.8474796666666,318.99716,-208.6806055,530.6617815,252.0841285,-37.726529,534.8910324999999,412.5878255,-28.920863999999998,-42.919005000000084,30.894522999999992
4.5475080000000005,730.8196173333334,318.89764399999996,-208.6090005,530.66743,251.0586895,-37.8400695,534.3243645,411.80578249999996,-28.897560999999996,-43.10151900000005,30.652071000000035
4.451236333333333,730.7914219999999,318.79666633333335,-208.538834,530.678759,250.02063550000003,-37.957056,533.7354244999999,411.0133005,-28.874814,-43.28403100000003,30.403301
4.353621666666666,730.762874,318.69424566666663,-208.4705265,530.6963324999999,248.97000450000002,-38.077843,533.1235065000001,410.209825,-28.852624,-43.466559000000075,30.147846000000015
4.254688666666667,730.733956,318.5904023333333,-208.40449,530.7207115,247.9068385,-38.2027885,532.4879445,409.394773,-28.830987,-43.64913299999995,29.88532600000002
4.154462333333333,730.7046466666667,318.4851576666667,-208.341125,530.7524555,246.8311905,-38.332246999999995,531.8281135,408.56753349999997,-28.809891999999998,-43.831796999999995,29.615341
4.052968,730.6749273333334,318.37853333333334,-208.280818,530.792115,245.743121,-38.4665675,531.1434380000001,407.72747449999997,-28.789326999999997,-44.01459600000004,29.33748099999997
3.9502323333333327,730.644778,318.270552,-208.2239405,530.8402285,244.6427015,-38.6060925,530.4333945000001,406.873945,-28.769279,-44.197587,29.051330000000007
3.8462839999999994,730.6141786666667,318.1612373333333,-208.1708415,530.8973235,243.5300165,-38.751150499999994,529.6975175,406.00627999999995,-28.749733,-44.380822999999964,28.756463999999994
3.7411496666666664,730.5831079999999,318.0506136666667,-208.121851,530.9639085,242.405164,-38.902056,528.9354065,405.123803,-28.730673999999997,-44.56436499999995,28.452459999999974
3.634859666666666,730.5515456666666,317.93870466666664,-208.077273,531.040474,241.268257,-39.059103,528.1467285,404.22583399999996,-28.712087999999998,-44.74826699999994,28.138901999999973
3.527441666666667,730.5194706666667,317.8255356666666,-208.0373855,531.127486,240.1194255,-39.222565,527.331223,403.311692,-28.693964,-44.93258599999996,27.815380000000005
3.418927,730.486861,317.7111313333333,-208.00243949999998,531.2253865,238.958819,-39.3926915,526.488708,402.3807005,-28.676292999999998,-45.11736599999995,27.48149699999999
3.3093450000000004,730.4536939999999,317.59551733333336,-207.972655,531.3345879999999,237.786605,-39.5697045,525.6190835,401.43219350000004,-28.659063000000003,-45.302652999999964,27.136870999999985
3.198727333333333,730.4199483333333,317.47871833333335,-207.948221,531.4554745,236.6029715,-39.753797,524.722335,400.46552099999997,-28.642272000000002,-45.48847800000004,26.781143999999983
3.0871053333333336,730.3855993333333,317.36075999999997,-207.92929500000002,531.5883965,235.40813000000003,-39.945129,523.798538,399.4800505,-28.625916000000004,-45.67486200000002,26.413985000000025
2.974510666666666,730.350625,317.2416676666667,-207.916001,531.7336700000001,234.2023125,-40.14383,522.84786,398.4751765,-28.60999,-45.86182000000002,26.035087000000033
2.860974666666666,730.315,317.12146666666666,-207.9084305,531.891576,232.98577550000002,-40.349993,521.870564,397.450323,-28.594500000000004,-46.04934599999996,25.644183999999996
2.7465303333333337,730.2786986666666,317.0001823333333,-207.90664049999998,532.0623585000001,231.758797,-40.563676,520.8670075,396.4049465,-28.579446000000004,-46.23742100000004,25.241044999999986
2.6312096666666664,730.2416963333334,316.8778386666666,-207.91065450000002,532.2462224999999,230.521679,-40.784901500000004,519.8376475,395.3385425,-28.564833,-46.42601300000001,24.82547900000003
2.5150456666666665,730.2039663333334,316.754461,-207.92046299999998,532.4433345,229.274748,-41.0136525,518.783036,394.2506475,-28.550669,-46.615065999999956,24.397344999999973
2.398071,730.1654813333333,316.6300733333333,-207.9360245,532.6538215,228.0183505,-41.2498765,517.7038245,393.140842,-28.536961,-46.804508999999996,23.956546000000003
2.2803176666666665,730.1262126666667,316.5046996666667,-207.957265,532.8777709999999,226.752857,-41.4934845,516.600758,392.00875399999995,-28.523721,-46.99425000000002,23.50304
2.1618193333333333,730.0861323333334,316.3783623333333,-207.9840815,533.1152314999999,225.4786585,-41.7443485,515.474676,390.8540605,-28.510959,-47.18417400000004,23.036838999999986
2.042608,730.0452103333333,316.2510856666667,-208.0163385,533.366213,224.196164,-42.002306000000004,514.3265085,389.6764895,-28.498692,-47.374145000000055,22.558010999999965
1.922716,730.0034153333332,316.12289066666665,-208.0538765,533.630686,222.9058015,-42.267158,513.1572715,388.4758205,-28.486936000000004,-47.56400099999996,22.066683000000012
1.8021753333333332,729.9607156666667,315.99379999999996,-208.0965085,533.908584,221.60801500000002,-42.538673,511.968063,387.2518855,-28.475708,-47.75355999999999,21.56303700000001
1.6810186666666667,729.9170796666667,315.863834,-208.144023,534.1998045,220.30326250000002,-42.816585,510.7600595,386.004568,-28.465030000000002,-47.942616999999984,21.047320000000013
1.5592766666666666,729.8724723333333,315.73301399999997,-208.196188,534.5042105,218.99201399999998,-43.100598,509.53450599999996,384.73380499999996,-28.454924000000002,-48.13093999999995,20.519834000000003
1.4369803333333333,729.8268603333332,315.6013593333333,-208.2527505,534.8216315,217.674748,-43.390387000000004,508.2927135,383.43958299999997,-28.445416,-48.31827700000002,19.98094199999997
1.3141606666666668,729.7802073333334,315.46888866666666,-208.31344,535.1518645000001,216.35195,-43.685598999999996,507.0360495,382.121937,-28.436534,-48.50435500000003,19.431060000000002
1.1908469999999995,729.7324776666668,315.335621,-208.377971,535.4946785,215.0241095,-43.985856999999996,505.76593049999997,380.78094999999996,-28.428306,-48.688878999999986,18.87066199999998
1.0670703333333338,729.6836336666667,315.201573,-208.44604650000002,535.8498125000001,213.6917165,-44.2907615,504.4838145,379.41674950000004,-28.420762999999997,-48.87153699999999,18.30027100000001
0.9428573333333335,729.6336373333334,315.066762,-208.5173565,536.216983,212.3552595,-44.599893,503.19119249999994,378.0295055,-28.413938,-49.05200099999996,17.720456999999953
0.8182376666666663,729.58245,314.93120300000004,-208.5915845,536.595879,211.015222,-44.9128165,501.88957800000003,376.619425,-28.407864999999997,-49.229926000000034,17.131835999999964
0.6932376666666666,729.5300316666667,314.7949106666667,-208.6684085,536.986172,209.6720795,-45.2290805,500.580499,375.1867515,-28.402575000000002,-49.404961999999955,16.535056999999995
0.5678843333333328,729.4763423333333,314.6578993333333,-208.7475015,537.3875125,208.3262985,-45.548224000000005,499.26549,373.73175949999995,-28.398102,-49.57674599999996,15.930807000000016
0.4422036666666666,729.421342,314.52018100000004,-208.8285355,537.799534,206.9783295,-45.869778,497.9460785,372.2547515,-28.394478,-49.744913,15.319796999999994
0.316219666666667,729.3649883333333,314.38176733333336,-208.911185,538.2218574999999,205.62860899999998,-46.193267500000005,496.62378050000007,370.756052,-28.391731,-49.909095000000036,14.702760000000012
0.18995666666666655,729.3072406666666,314.242669,-208.9951245,538.6540904999999,204.2775545,-46.5182155,495.3000885,369.23600450000004,-28.389889000000004,-50.068929000000026,14.080441000000008
0.06343766666666643,729.2480573333332,314.1028953333334,-209.080035,539.0958295,202.9255635,-46.844145999999995,493.97646,367.69496749999996,-28.388973999999997,-50.22405599999996,13.453595000000007
-0.06331533333333383,729.1873963333334,313.96245366666665,-209.165603,539.546666,201.573009,-47.170587,492.65431249999995,366.1333085,-28.389004,-50.37412699999999,12.822977000000037
-0.19028099999999962,729.1252166666667,313.8213513333333,-209.25152200000002,540.0061820000001,200.22024199999998,-47.497072,491.335013,364.5514005,-28.389992,-50.51880600000004,12.189335000000028
-0.317439,729.0614753333333,313.67959333333334,-209.3374965,540.473959,198.86758600000002,-47.8231445,490.01986899999997,362.949617,-28.391942999999998,-50.65777399999996,11.553404
-0.44477099999999964,728.996133,313.5371843333333,-209.423239,540.949574,197.51533799999999,-48.148359,488.71012,361.328328,-28.39486,-50.79072800000006,10.915899999999965
-0.5722579999999998,728.9291486666666,313.394127,-209.50847549999997,541.432607,196.1637675,-48.4722845,487.406932,359.68789400000003,-28.398735000000002,-50.91738800000002,10.277514000000053
-0.6998830000000001,728.860482,313.2504226666667,-209.5929415,541.9226349999999,194.813116,-48.7945055,486.11138800000003,358.0286645,-28.403554999999997,-51.037499999999966,9.638905000000022
-0.8276290000000003,728.7900946666665,313.10607066666665,-209.6763875,542.4192425,193.4635955,-49.114624,484.824484,356.35097299999995,-28.409295999999998,-51.15083199999998,9.00069400000001
-0.9554809999999995,728.7179476666666,312.96107133333334,-209.758577,542.9220150000001,192.115391,-49.432263,483.54712099999995,354.655131,-28.415931999999998,-51.257183999999995,8.363459999999975
-1.0834249999999999,728.6440063333333,312.8154206666667,-209.83928550000002,543.4305455,190.76866,-49.747065500000005,482.2801025,352.94142850000003,-28.423425,-51.35637699999995,7.7277389999999855
-1.2114463333333336,728.568234,312.66911533333337,-209.91830299999998,543.9444325,189.42353150000002,-50.058695,481.0241285,351.210127,-28.431734000000006,-51.44826899999998,7.094012000000021
-1.3395326666666667,728.490598,312.52215033333334,-209.995432,544.4632815,188.08011199999999,-50.36684150000001,479.7797925,349.46146,-28.440811000000004,-51.53273899999999,6.4627100000000155
-1.4676723333333335,728.4110666666667,312.3745196666667,-210.0704905,544.986708,186.7384825,-50.6712155,478.5475795,347.695628,-28.450601000000006,-51.60969899999998,5.83420799999999
-1.5958533333333331,728.3296100000001,312.2262143333333,-210.1433085,545.5143345,185.39870050000002,-50.971552,477.327865,345.91279899999995,-28.46105,-51.67908600000004,5.208821999999998
-1.7240666666666664,728.2462009999999,312.0772263333334,-210.213727,546.045793,184.0608075,-51.2676105,476.120912,344.113106,-28.472093,-51.74086600000004,4.586812000000009
-1.8523016666666665,728.1608153333333,311.9275466666667,-210.281602,546.5807255,182.724824,-51.559175,474.926875,342.296645,-28.483670000000004,-51.79502400000001,3.9683780000000297
-1.9805496666666664,728.0734303333334,311.77716333333336,-210.346798,547.1187829999999,181.3907565,-51.8460515,473.7457985,340.463476,-28.495714999999997,-51.84157499999998,3.3536639999999807
-2.108803333333333,727.9840266666666,311.6260653333333,-210.40919300000002,547.659625,180.058601,-52.12807,472.57761949999997,338.613622,-28.508167999999998,-51.88054500000004,2.742753999999991
-2.2370539999999997,727.8925886666666,311.4742396666666,-210.46867400000002,548.2029215,178.7283405,-52.405083000000005,471.422171,336.7470705,-28.520964,-51.91198399999996,2.135678999999982
-2.365295666666666,727.7991023333334,311.3216733333333,-210.5251365,548.7483485,177.399955,-52.6769645,470.27918550000004,334.8637745,-28.534042999999997,-51.935952999999984,1.5324149999999577
-2.493522,727.7035586666667,311.1683533333333,-210.578485,549.2955939999999,176.073419,-52.943608000000005,469.148301,332.96365349999996,-28.547352000000004,-51.952526000000034,0.9328929999999787
-2.621727333333333,727.6059506666667,311.01426466666663,-210.628633,549.8443495,174.74870850000002,-53.2049285,468.029063,331.046595,-28.560837000000006,-51.96178199999997,0.33699199999995244
-2.7499070000000003,727.5062763333334,310.85939333333334,-210.675498,550.3943145000001,173.42579849999998,-53.4608595,466.920935,329.1124585,-28.574453,-51.96380799999997,-0.25544700000000375
-2.8780553333333336,727.404536,310.7037246666667,-210.71900549999998,550.9451945000001,172.104673,-53.7113495,465.823301,327.16107750000003,-28.588161000000007,-51.958691999999985,-0.8446230000000128
-3.006169666666667,727.3007346666667,310.5472446666667,-210.759086,551.4966995,170.785322,-53.956366,464.7354765,325.192262,-28.601926,-51.94651699999997,-1.4307680000000005
-3.1342459999999996,727.194881,310.3899383333333,-210.795674,552.048541,169.46774850000003,-54.1958915,463.65671299999997,323.2058055,-28.615723000000003,-51.927363999999955,-2.014140999999995
-3.262280666666667,727.0869873333332,310.2317923333333,-210.828707,552.600436,168.151967,-54.429922,462.586208,321.2014855,-28.629533999999992,-51.90130599999998,-2.595022999999969
-3.390271,726.9770706666667,310.07279366666666,-210.858127,553.1521,166.838009,-54.658466,461.5231115,319.1790695,-28.643345999999994,-51.868404999999996,-3.1737190000000055
-3.5182153333333335,726.865151,309.912929,-210.883876,553.70325,165.5259225,-54.8815465,460.466537,317.1383185,-28.657157000000005,-51.828708000000006,-3.7505390000000034
-3.646111,726.751253,309.75218766666666,-210.9058995,554.2535995000001,164.2157765,-55.0991965,459.4155675,315.0789925,-28.670969,-51.78224899999998,-4.325803000000008
-3.773956,726.6354043333334,309.59055766666665,-210.92414300000002,554.802863,162.9076615,-55.3114605,458.36926400000004,313.00085750000005,-28.684793,-51.72904399999999,-4.899833000000001
-3.9017490000000006,726.5176379999999,309.42803066666664,-210.938553,555.3507480000001,161.6016895,-55.51839150000001,457.3266775,310.903685,-28.698647,-51.66908699999999,-5.472945999999979
-4.029488666666666,726.397989,309.26459866666664,-210.9490755,555.8969585,160.297997,-55.720054499999996,456.286852,308.787261,-28.712554999999995,-51.602355999999986,-6.045451999999955
-4.157172666666667,726.2764973333333,309.1002553333333,-210.95565599999998,556.4411944999999,158.996745,-55.9165235,455.248836,306.6513895,-28.726549,-51.52880399999998,-6.6176490000000285
-4.2848006666666665,726.1532056666666,308.93499533333335,-210.9582405,556.983147,157.698119,-56.107879499999996,454.211689,304.49589649999996,-28.740663000000005,-51.44836600000002,-7.18981500000001
-4.412371,726.0281606666667,308.76881733333335,-210.9567715,557.5225015,156.40233,-56.2942135,453.1744875,302.320635,-28.754941000000002,-51.360951,-7.762209999999982
-4.539882666666667,725.9014123333333,308.60171833333334,-210.9511935,558.0589355,155.1096145,-56.475624999999994,452.13633400000003,300.1254895,-28.769429999999993,-51.266452000000015,-8.335062999999991
-4.667333333333333,725.773013,308.433702,-210.94144599999998,558.592119,153.820234,-56.652221999999995,451.0963615,297.9103775,-28.784186,-51.164736999999946,-8.908582999999965
-4.794721666666667,725.6430183333333,308.26477066666666,-210.9274705,559.1217125000001,152.534472,-56.82412,450.0537375,295.675253,-28.799267999999998,-51.055657,-9.482939999999985
-4.922046333333333,725.5114873333333,308.09493066666664,-210.909204,559.6473695,151.252639,-56.9914435,449.00767299999995,293.420114,-28.814739000000003,-50.939048000000014,-10.058273999999983
-5.049303666666667,725.37848,307.92419,-210.886583,560.1687354999999,149.975066,-57.154327,447.957424,291.1449975,-28.830672000000007,-50.814723999999956,-10.63468899999998
-5.176492333333333,725.244061,307.75256,-210.859543,560.6854470000001,148.702104,-57.312911,446.90229450000004,288.8499865,-28.847146000000002,-50.68249099999997,-11.212249000000043
-5.303608333333333,725.1082943333334,307.58005399999996,-210.8280175,561.1971355000001,147.434127,-57.4673455,445.841641,286.535209,-28.864244999999997,-50.54214400000001,-11.790981999999985
-5.4306486666666665,724.971248,307.40668866666664,-210.79194,561.703425,146.171524,-57.6177905,444.7748755,284.20084099999997,-28.88206300000001,-50.39346699999999,-12.37087200000002
-5.557609,724.8329903333333,307.232482,-210.75124,562.2039345,144.914703,-57.76441199999999,443.70146550000004,281.8471035,-28.900699999999993,-50.236243,-12.951866999999993
-5.684484666666666,724.6935926666666,307.057456,-210.7058505,562.698278,143.6640845,-57.907388,442.62093600000003,279.4742655,-28.920267999999993,-50.07025200000004,-13.533870999999976
-5.8112693333333345,724.5531253333334,306.88163533333335,-210.65570100000002,563.1860675,142.42010249999998,-58.046901500000004,441.5328695,277.08264099999997,-28.940889000000006,-49.89527499999997,-14.116743999999983
-5.937958333333334,724.4116616666666,306.7050463333333,-210.60072200000002,563.6669119999999,141.183202,-58.1831465,440.4369065,274.67259,-28.962697000000006,-49.711100999999985,-14.700311999999997
-6.064543333333333,724.2692746666667,306.5277193333333,-210.5408445,564.1404205,139.953835,-58.3163245,439.3327475,272.244514,-28.985834999999994,-49.517525000000035,-15.284354000000008
-6.1910169999999995,724.1260373333333,306.34968699999996,-210.475999,564.6062035,138.73246,-58.4466435,438.2201465,269.7988585,-29.010463,-49.31435699999997,-15.868612999999982
-6.317370666666666,723.9820243333334,306.1709843333333,-210.406119,565.0638715,137.519539,-58.574322499999994,437.09891500000003,267.3361065,-29.036754999999992,-49.101422000000014,-16.452788999999996
-6.443595000000001,723.83731,305.99164966666666,-210.3311365,565.513042,136.3155355,-58.6995845,435.96891949999997,264.8567785,-29.064895000000007,-48.87856500000004,-17.036546999999985
-6.569679333333333,723.6919673333333,305.8117233333333,-210.2509865,565.9533329999999,135.12091,-58.8226605,434.8300755,262.3614305,-29.095087,-48.64565099999999,-17.619512999999984
-6.695612999999999,723.54607,305.63124799999997,-210.1656065,566.3843735,133.9361215,-58.943788500000004,433.6823525,259.8506495,-29.127549000000002,-48.40257500000001,-18.20127899999997
-6.821382,723.3996913333334,305.45027066666665,-210.0749335,566.8057965,132.761621,-59.063212,432.525766,257.325053,-29.162512000000007,-48.149253999999985,-18.78140000000002
-6.946974333333333,723.2529023333333,305.2688376666667,-209.9789085,567.2172435,131.5978505,-59.1811795,431.3603775,254.7852825,-29.200224999999996,-47.885643000000016,-19.35940100000002
-7.072375999999999,723.1057753333334,305.08700100000004,-209.877473,567.6183675,130.4452405,-59.297944,430.1862915,252.2320065,-29.240949999999998,-47.611722999999984,-19.93477299999998
-7.197570666666667,722.9583793333335,304.90481266666666,-209.77057150000002,568.0088284999999,129.30420850000002,-59.4137645,429.00365450000004,249.66591449999999,-29.284961000000003,-47.32751300000001,-20.506980999999996
-7.322542666666667,722.810783,304.722328,-209.65814849999998,568.3882985,128.17515400000002,-59.528902,427.81264999999996,247.0877155,-29.33254399999999,-47.033068000000014,-21.075463000000013
-7.447275,722.6630536666667,304.53960433333333,-209.540152,568.7564605,127.058457,-59.6436205,426.613498,244.4981365,-29.383996999999994,-46.72847999999999,-21.639632999999975
-7.571749333333334,722.5152576666666,304.3567,-209.41653050000002,569.1130075,125.9544775,-59.758188,425.406453,241.897919,-29.439623999999995,-46.41387599999996,-22.19888400000002
-7.695946666666668,722.3674583333333,304.17367633333333,-209.28723100000002,569.4576435,124.86354899999999,-59.872874,424.1917995,239.287821,-29.499734000000004,-46.089425000000006,-22.752588000000003
-7.819847666666665,722.2197176666667,303.9905963333333,-209.15220349999998,569.790083,123.78598099999999,-59.98795,422.969852,236.6686135,-29.564639999999997,-45.75532999999996,-23.300108999999992
-7.9434309999999995,722.0720969999999,303.80752466666667,-209.0113955,570.1100504999999,122.72205249999999,-60.1036885,421.7409525,234.04108,-29.634653,-45.411833,-23.84079600000001
-8.066675666666667,721.9246536666666,303.624527,-208.8647545,570.4172805000001,121.672012,-60.220364000000004,420.5054685,231.406016,-29.710080000000005,-45.059211000000005,-24.373991999999987
-8.189558666666665,721.7774450000001,303.441671,-208.712226,570.7115165,120.636076,-60.338252,419.2637905,228.7642305,-29.791220000000003,-44.69777300000004,-24.899039000000016
-8.312058333333333,721.6305256666666,303.259026,-208.55375249999997,570.99251,119.61442600000001,-60.457627,418.0163315,226.116544,-29.878359999999994,-44.327863000000036,-25.41528199999999
-8.434149666666668,721.4839476666666,303.07666133333333,-208.3892735,571.2600205,118.6072065,-60.578766,416.76352599999996,223.46379000000002,-29.971771999999994,-43.949854000000016,-25.92207399999998
-8.555808666666666,721.3377613333333,302.8946486666667,-208.218726,571.5138145,117.6145255,-60.70194599999999,415.50582599999996,220.806816,-30.071706,-43.564145999999994,-26.41878200000002
-8.677011333333333,721.1920153333334,302.71306,-208.042041,571.7536635,116.6364535,-60.827445,414.243703,218.14648449999999,-30.17839,-43.17116199999998,-26.904789000000022
-8.797731333333333,721.0467563333333,302.53196866666667,-207.8591455,571.979347,115.673021,-60.955541,412.977645,215.483674,-30.292023999999998,-42.771349999999984,-27.379507999999987
-8.917943333333334,720.9020283333333,302.35144866666667,-207.669963,572.1906495000001,114.72421800000001,-61.0865125,411.708157,212.8192795,-30.412770999999992,-42.36516999999998,-27.842377
-9.037620666666667,720.7578733333334,302.17157399999996,-207.47440999999998,572.3873590000001,113.7899975,-61.220639,410.4357555,210.15421550000002,-30.540768,-41.953101000000004,-28.292873000000014
-9.156737,720.6143323333332,301.99242,-207.2724005,572.5692715,112.870271,-61.3582015,409.160976,207.489417,-30.676102999999998,-41.53562999999997,-28.730515999999994
-9.275265,720.4714436666667,301.814062,-207.063843,572.7361874999999,111.964915,-61.499480500000004,407.884363,204.82584,-30.818829,-41.113249999999994,-29.15487200000001
-9.393177999999999,720.3292443333333,301.6365753333334,-206.84864299999998,572.887915,111.0737675,-61.644758499999995,406.6064745,202.1644635,-30.968952999999992,-40.68645900000001,-29.565556999999984
-9.510448666666667,720.1877680000001,301.46003566666667,-206.62670450000002,573.0242695,110.19663349999999,-61.7943195,405.327878,199.5062915,-31.126434999999994,-40.255754000000024,-29.96224699999999
-9.627049,720.0470486666667,301.2845193333333,-206.397929,573.1450765,109.33328449999999,-61.9484465,404.04915400000004,196.852353,-31.291189000000003,-39.82162599999998,-30.344677999999988
-9.742952,719.9071176666666,301.11010200000004,-206.162219,573.250171,108.4834645,-62.1074245,402.770888,194.20370400000002,-31.463079000000008,-39.38456000000002,-30.71265200000002
-9.858129333333334,719.7680043333334,300.93685966666663,-205.91948150000002,573.3394055,107.64689,-62.27153800000001,401.4936765,191.561428,-31.641922,-38.94503099999997,-31.066035999999997
-9.972554333333333,719.6297366666668,300.76486700000004,-205.6696275,573.412644,106.82325750000001,-62.4410735,400.218119,188.9266355,-31.827486999999998,-38.503498000000036,-31.404770999999982
-10.086199333333335,719.4923426666668,300.59419899999995,-205.4125755,573.469773,106.0122455,-62.6163145,398.94482500000004,186.300464,-32.019493000000004,-38.060406,-31.728863999999987
-10.199036666666666,719.3558469999999,300.42493033333335,-205.1482555,573.5106995000001,105.213519,-62.7975455,397.6744025,183.684079,-32.21761699999999,-37.61618099999998,-32.038398
-10.31104,719.2202736666667,300.25713433333334,-204.8766115,573.5353574999999,104.4267355,-62.985048000000006,396.407466,181.0786725,-32.42149200000001,-37.17122600000005,-32.333527000000004
-10.422182,719.085646,300.090884,-204.5976035,573.543709,103.6515505,-63.1791,395.14462849999995,178.48546149999999,-32.630712,-36.72592700000001,-32.61447100000001
-10.532437,718.9519853333333,299.926251,-204.3112125,573.5357495000001,102.88762249999999,-63.379977,393.88650500000006,175.9056855,-32.844829999999995,-36.280642,-32.88152500000001
-10.641778333333333,718.8193123333334,299.763306,-204.017444,573.5115115000001,102.1346175,-63.5879465,392.63370699999996,173.3406075,-33.063369,-35.835706000000016,-33.135042999999996
-10.750181,718.6876466666666,299.6021196666666,-203.71633,573.4710665,101.39221549999999,-63.803270999999995,391.3868435,170.7915065,-33.285821999999996,-35.391433000000006,-33.37544500000001
-10.857619999999999,718.5570080000001,299.44275966666663,-203.407934,573.414529,100.6601165,-64.0262015,390.14651949999995,168.2596785,-33.511659,-34.94810699999999,-33.603205
-10.964070000000001,718.427413,299.28529299999997,-203.092351,573.3420605,99.938043,-64.256979,388.913334,165.74643,-33.740328000000005,-34.505988,-33.81885
-11.069508666666666,718.2988796666667,299.1297853333333,-202.76971400000002,573.25387,99.2257475,-64.49583,387.68787999999995,163.25307700000002,-33.971261999999996,-34.065315999999996,-34.022954
-11.173912333333334,718.1714243333332,298.9762986666667,-202.44019300000002,573.1502184999999,98.5230155,-64.7429645,386.4707405,160.7809365,-34.203887,-33.62630300000001,-34.216127
-11.277257666666666,718.0450626666667,298.8248966666667,-202.10399999999998,573.0314185,97.829668,-64.99857449999999,385.26249199999995,158.3313245,-34.437619,-33.189142000000004,-34.399017000000015
-11.37952433333333,717.9198103333333,298.67563766666666,-201.76138650000001,572.8978340000001,97.1455675,-65.262828,384.063701,155.9055495,-34.67188000000001,-32.754002000000014,-34.57229699999999
-11.480690333333333,717.7956816666666,298.52858,-201.4126485,572.749885,96.4706175,-65.53587,382.87492199999997,153.5049075,-34.906092,-32.321032,-34.73665699999998
-11.580737000000001,717.6726913333333,298.3837776666667,-201.058123,572.588043,95.80476499999999,-65.8178145,381.6967015,151.1306765,-35.139689,-31.89036500000003,-34.89280099999999
-11.679644333333334,717.5508523333333,298.2412846666667,-200.6981915,572.4128295,95.148002,-66.108746,380.52957100000003,148.7841085,-35.372116,-31.46211599999998,-35.041437
-11.777394999999999,717.430179,298.101151,-200.33327500000001,572.224817,94.500366,-66.408713,379.3740555,146.46642500000002,-35.602838,-31.036384999999996,-35.18327000000002
-11.873972,717.3106833333335,297.96342366666664,-199.96383500000002,572.0246245,93.86193549999999,-66.717727,378.230664,144.178812,-35.831342,-30.613257999999973,-35.319
-11.969358666666666,717.1923786666666,297.828148,-199.5903705,571.812914,93.23283500000001,-67.03575599999999,377.099896,141.922411,-36.057137999999995,-30.192812000000004,-35.44930600000001
-12.063541,717.0752766666668,297.69536566666665,-199.2134155,571.5903880000001,92.613226,-67.36272650000001,375.982238,139.6983165,-36.279765000000005,-29.775112000000036,-35.57485099999998
-12.156504666666669,716.9593893333334,297.5651153333333,-198.83353499999998,571.3577825,92.003307,-67.69851750000001,374.87816799999996,137.5075675,-36.498791,-29.36021599999998,-35.696267000000006
-12.248237000000001,716.8447283333334,297.437433,-198.4513225,571.1158645,91.4033115,-68.0429575,373.78814850000003,135.35114349999998,-36.713817000000006,-28.948177000000044,-35.814156999999994
-12.338727666666665,716.7313046666667,297.3123513333333,-198.06739249999998,570.865425,90.8134995,-68.3958245,372.712634,133.2299615,-36.924477,-28.539041999999995,-35.929085
-12.427965,716.6191279999999,297.18989933333336,-197.682381,570.6072755,90.234157,-68.756844,371.652066,131.1448675,-37.13044,-28.132856000000004,-36.04157700000002
-12.515941333333332,716.5082103333334,297.0701026666666,-197.2969375,570.3422390000001,89.665589,-69.125686,370.6068755,129.096637,-37.331412,-27.729660999999965,-36.15211400000001
-12.602648,716.39856,296.95298333333335,-196.9117195,570.0711464999999,89.1081125,-69.50196600000001,369.5774815,127.0859705,-37.527134000000004,-27.32950299999999,-36.26113299999999
-12.688079,716.2901866666667,296.838561,-196.527389,569.7948309999999,88.562055,-69.8852465,368.564293,125.1134875,-37.717383,-26.932424000000026,-36.369021000000004
-12.772229000000001,716.183099,296.726851,-196.144608,569.5141195,88.027746,-70.27503349999999,367.56770400000005,123.179731,-37.901970999999996,-26.538472000000013,-36.476116000000005
-12.855094333333334,716.0773049999999,296.61786299999994,-195.7640305,569.2298310000001,87.50551300000001,-70.670779,366.5880995,121.2851615,-38.08074799999999,-26.14769899999999,-36.582707
-12.936672333333334,715.972813,296.51160699999997,-195.386301,568.9427675,86.9956745,-71.07188550000001,365.62585,119.43016,-38.253593,-25.76015799999999,-36.689032
-13.016960666666668,715.8696283333334,296.4080863333333,-195.012048,568.6537109999999,86.4985365,-71.4777035,364.681311,117.6150265,-38.42042300000001,-25.37591199999997,-36.79528099999999
-13.095960333333332,715.7677583333334,296.30730100000005,-194.64187850000002,568.363419,86.0143885,-71.8875385,363.75482350000004,115.83998,-38.581182999999996,-24.995025,-36.90159399999999
-13.173671333333331,715.6672076666667,296.20924833333333,-194.2763785,568.0726185,85.5434955,-72.300653,362.846713,114.1051655,-38.73585,-24.617571999999996,-37.00806499999999
-13.250096333333332,715.5679806666667,296.1139213333333,-193.9161015,567.782005,85.0861,-72.71626950000001,361.9572855,112.4106505,-38.88442500000001,-24.24363299999999,-37.114740999999995
-13.325239333333334,715.4700816666667,296.02130866666664,-193.561574,567.492236,84.64241249999999,-73.1335765,361.0868275,110.7564305,-39.026941,-23.873297000000036,-37.22162899999999
-13.399104,715.3735126666667,295.93139633333334,-193.213285,567.203931,84.21261200000001,-73.5517325,360.23560399999997,109.142435,-39.16344900000001,-23.506659999999954,-37.328694
-13.471695666666667,715.2782756666666,295.84416699999997,-192.8716885,566.917668,83.796844,-73.969872,359.403856,107.5685275,-39.294025999999995,-23.14382599999999,-37.43586500000001
-13.543021666666668,715.1843716666667,295.7595986666667,-192.5371985,566.6339815,83.395217,-74.387112,358.5918005,106.034512,-39.418768,-22.784909000000027,-37.543036
-13.613089333333335,715.0917989999999,295.67766566666666,-192.210189,566.3533620000001,83.0078025,-74.8025545,357.7996245,104.5401375,-39.537787,-22.43002899999999,-37.65007299999999
-13.681907333333333,715.0005580000001,295.59834033333334,-191.89099099999999,566.0762545,82.634634,-75.21529699999999,357.0274855,103.0851025,-39.651212,-22.079317000000003,-37.756811
-13.749484666666667,714.9106449999999,295.52159166666667,-191.5798935,565.803058,82.2757065,-75.624435,356.27551000000005,101.669059,-39.75918600000001,-21.732910000000004,-37.863066
-13.815832,714.8220556666666,295.44738366666667,-191.2771415,565.534126,81.930978,-76.029072,355.5437895,100.291619,-39.86186599999999,-21.390954999999963,-37.968633999999994
-13.880960333333334,714.7347863333333,295.37567866666666,-190.982937,565.269766,81.6003675,-76.4283215,354.8323765,98.952357,-39.959413000000005,-21.053605000000005,-38.07329399999999
-13.944881333333333,714.6488300000001,295.306436,-190.697437,565.0102415,81.28376,-76.821315,354.14128900000003,97.6508175,-40.05199999999999,-20.72102000000001,-38.176815000000005
-14.007606666666668,714.564179,295.23961233333335,-190.42075749999998,564.755771,80.98100500000001,-77.20721,353.4705015,96.3865155,-40.139807999999995,-20.393369000000007,-38.278954999999996
-14.069149666666668,714.4808246666666,295.175161,-190.15296899999998,564.506528,80.6919175,-77.58519050000001,352.819949,95.1589425,-40.22301900000001,-20.070824000000016,-38.379473000000004
-14.129523333333333,714.3987573333334,295.11303266666664,-189.894102,564.2626475,80.4162845,-77.954475,352.189521,93.967569,-40.301821999999994,-19.753563999999983,-38.478120000000004
-14.188741333333333,714.3179653333333,295.05317699999995,-189.6441465,564.0242189999999,80.1538615,-78.314324,351.5790655,92.81184999999999,-40.376406,-19.441773000000012,-38.57465599999999
-14.246818333333332,714.2384360000001,294.9955396666666,-189.403051,563.7912960000001,79.9043785,-78.6640375,350.988383,91.69122200000001,-40.44696499999999,-19.135635999999977,-38.668842
-14.303767,714.1601546666667,294.94006533333334,-189.170727,563.563891,79.6675405,-79.0029655,350.417229,90.6051115,-40.513687000000004,-18.835342000000026,-38.760447
-14.359603,714.0831066666666,294.88669699999997,-188.9470475,563.3419815,79.4430295,-79.330507,349.865314,89.552932,-40.57676599999999,-18.541082000000017,-38.849256
-14.414340000000001,714.0072756666667,294.8353743333334,-188.73185,563.1255080000001,79.2305085,-79.646114,349.33230349999997,88.5340875,-40.636392,-18.253044999999986,-38.935058999999995
-14.467993333333334,713.9326426666667,294.78603799999996,-188.52493900000002,562.9143775,79.0296225,-79.94929499999999,348.8178165,87.54797199999999,-40.692755999999996,-17.97141899999997,-39.017668
-14.520576,713.85919,294.73862433333335,-188.326083,562.7084635,78.84,-80.23961349999999,348.32142899999997,86.5939695,-40.746043,-17.696390000000008,-39.09690900000001
-14.572103333333333,713.7868966666666,294.693071,-188.1350225,562.5076085000001,78.661257,-80.516694,347.842675,85.671456,-40.79644,-17.428139999999985,-39.172625999999994
-14.622588666666667,713.7157406666666,294.64931333333334,-187.9514655,562.3116259999999,78.4929975,-80.7802165,347.38104599999997,84.7797955,-40.844131,-17.16684200000003,-39.244682999999995
-14.672046333333332,713.6457003333334,294.607286,-187.7750945,562.1202989999999,78.334815,-81.0299205,346.9359955,83.9183445,-40.889295000000004,-16.912665000000004,-39.312962999999996
-14.720488666666668,713.5767513333334,294.56692233333337,-187.605563,561.9333865000001,78.1862945,-81.265603,346.506941,83.0864455,-40.932112,-16.665764000000024,-39.377369
-14.767929666666666,713.50887,294.5281566666667,-187.442502,561.7506185,78.047016,-81.487119,346.09326599999997,82.28343000000001,-40.97276,-16.426285999999948,-39.437830000000005
-14.814382,713.4420303333333,294.4909216666667,-187.28552050000002,561.5717035,77.916554,-81.694377,345.6943225,81.50861599999999,-41.01141,-16.194364999999948,-39.494288
-14.859856666666667,713.3762049999999,294.45515066666667,-187.1342045,561.3963275000001,77.794478,-81.887339,345.3094355,80.7613075,-41.048235999999996,-15.97011699999996,-39.546713000000004
-14.904366333333334,713.3113683333332,294.42077666666665,-186.98812450000003,561.224157,77.680356,-82.066021,344.9379055,80.040794,-41.083406000000004,-15.753643000000011,-39.595085999999995
-14.947921666666668,713.247492,294.38773266666664,-186.8468335,561.054839,77.5737555,-82.230483,344.57901300000003,79.3463485,-41.117088,-15.54502599999995,-39.639416999999995
-14.990532666666667,713.1845463333333,294.35595233333333,-186.70987150000002,560.8880045000001,77.4742425,-82.38083449999999,344.23202349999997,78.6772275,-41.149445,-15.344326999999964,-39.67972699999999
-15.032209333333332,713.1225029999999,294.32536966666663,-186.57676650000002,560.7232730000001,77.3813865,-82.517226,343.8961875,78.032673,-41.180638,-15.151587000000006,-39.71605600000001
-15.072961000000001,713.0613323333333,294.2959193333333,-186.4470405,560.560249,77.294757,-82.6398475,343.57074950000003,77.41190900000001,-41.210827,-14.966823000000034,-39.74846000000001
-15.112795,713.0010036666666,294.26753766666667,-186.32020749999998,560.3985325,77.213928,-82.74892600000001,343.2549495,76.8141435,-41.240166,-14.790029000000004,-39.777010999999995
-15.151720666666668,712.9414873333334,294.24016033333334,-186.195781,560.237715,77.1384785,-82.84472,342.9480285,76.2385695,-41.268808,-14.621172999999999,-39.80178900000001
-15.189744333333332,712.8827516666666,294.2137256666667,-186.073274,560.0773859999999,77.06799050000001,-82.9275195,342.649231,75.684366,-41.296899,-14.460197999999991,-39.822891999999996
-15.226871666666668,712.8247660000001,294.188172,-185.9522025,559.9171365,77.0020565,-82.9976385,342.3578115,75.1506995,-41.324583000000004,-14.30702100000002,-39.840422999999994
-15.263108666666668,712.767499,294.1634403333333,-185.832093,559.7565605,76.940273,-83.055416,342.0730385,74.636725,-41.351998,-14.161532999999963,-39.854498
-15.298460666666665,712.71092,294.13947133333335,-185.7124775,559.5952595,76.882247,-83.1012095,341.7941955,74.14158950000001,-41.379275,-14.02359899999999,-39.865235
-15.332931333333335,712.6549976666666,294.1162093333333,-185.5929055,559.432845,76.827595,-83.1353945,341.5205905,73.6644325,-41.406543000000006,-13.893061000000046,-39.872763
-15.366524333333333,712.5997016666666,294.0935993333333,-185.472941,559.2689439999999,76.775944,-83.1583605,341.251554,73.2043925,-41.433919,-13.769733999999971,-39.877213000000005
-15.399242666666666,712.545001,294.07158766666663,-185.3521695,559.1032005,76.7269325,-83.17050950000001,340.9864475,72.760606,-41.461517,-13.653413,-39.87872
-15.431088,712.4908663333332,294.050123,-185.230198,558.9352805000001,76.68021250000001,-83.172252,340.7246615,72.3322115,-41.489442,-13.54386900000003,-39.877421
-15.462062666666668,712.4372683333332,294.02915666666667,-185.1066605,558.7648735,76.635447,-83.164006,340.4656255,71.9183555,-41.51779,-13.440854999999999,-39.873457
-15.492167333333333,712.3841779999999,294.00864099999995,-184.9812205,558.5916970000001,76.592318,-83.146196,340.208804,71.5181935,-41.546648000000005,-13.344108000000006,-39.86696500000001
-15.521402333333333,712.3315670000001,293.9885303333333,-184.853571,558.4155005,76.5505165,-83.11925049999999,339.95370349999996,71.1308935,-41.576094999999995,-13.253349000000014,-39.858084999999996
-15.549767666666668,712.2794090000001,293.9687823333333,-184.72343899999998,558.2360659999999,76.509755,-83.0836015,339.69987349999997,70.7556405,-41.606201,-13.168285000000026,-39.846955
-15.577263000000002,712.227677,293.94935533333336,-184.5905885,558.0532115000001,76.469758,-83.0396825,339.4469055,70.39164,-41.637024999999994,-13.088615000000004,-39.833712000000006
-15.603887666666667,712.176347,293.93021166666665,-184.4548185,557.8667945,76.43026850000001,-82.987928,339.194441,70.0381185,-41.66861600000001,-13.014029999999991,-39.818490999999995
-15.629639666666668,712.1253953333334,293.911315,-184.3159675,557.6767115,76.39104549999999,-82.928773,338.942166,69.694331,-41.701014,-12.944217999999978,-39.80142200000001
-15.654517333333333,712.0747986666667,293.89263066666666,-184.1739135,557.4829004999999,76.3518665,-82.862653,338.6898135,69.359559,-41.734249999999996,-12.878863000000024,-39.782636000000004
-15.678518666666667,712.0245363333333,293.87412766666665,-184.028573,557.285343,76.312525,-82.7900035,338.43716800000004,69.0331155,-41.76834300000001,-12.817650000000015,-39.76225899999999
-15.701642,711.974589,293.855777,-183.879904,557.0840635,76.272831,-82.71126,338.184059,68.714347,-41.803304,-12.760269999999991,-39.740412
-15.723884333333332,711.924939,293.837551,-183.72790300000003,556.8791289999999,76.232613,-82.626858,337.930366,68.40263350000001,-41.839135999999996,-12.706417999999985,-39.717214999999996
-15.745243333333335,711.8755703333333,293.81942566666663,-183.572606,556.6706505,76.1917135,-82.537233,337.6760145,68.097391,-41.875832,-12.655795000000012,-39.69278
-15.765715666666667,711.8264680000001,293.80137966666666,-183.4140875,556.4587819999999,76.1499945,-82.4428205,337.4209765,67.79807149999999,-41.913377,-12.608116999999993,-39.66722299999999
-15.785299333333334,711.7776213333333,293.7833923333333,-183.2524585,556.2437185,76.10733049999999,-82.34405799999999,337.16526799999997,67.504165,-41.951747999999995,-12.563106000000005,-39.640648
-15.803991333333334,711.7290186666665,293.765447,-183.0878635,556.0256935,76.0636125,-82.2413825,336.9089485,67.2151955,-41.990919,-12.520500999999967,-39.613156999999994
-15.821788,711.680652,293.747528,-182.920483,555.8049814999999,76.01874550000001,-82.1352335,336.652118,66.9307255,-42.030851000000006,-12.480054000000052,-39.584851
-15.838687666666667,711.632516,293.72962333333334,-182.75052699999998,555.581891,75.97264899999999,-82.0260515,336.3949155,66.65035,-42.071503,-12.441529000000003,-39.555824
-15.854687333333333,711.584606,293.7117216666666,-182.578233,555.356764,75.925254,-81.9142795,336.1375135,66.3737,-42.11283100000001,-12.404709000000025,-39.526163999999994
-15.869784666666666,711.536921,293.6938156666667,-182.403865,555.1299750000001,75.87650550000001,-81.800361,335.88012249999997,66.10043900000001,-42.154782000000004,-12.369391000000007,-39.495960000000004
-15.883977666666667,711.4894613333332,293.67589833333335,-182.227711,554.9019229999999,75.826358,-81.68474499999999,335.6229775,65.830258,-42.19730199999999,-12.335386999999969,-39.465294
-15.897264333333334,711.442231,293.657966,-182.050077,554.673035,75.7747785,-81.5678795,335.366345,65.5628785,-42.240333,-12.302524000000005,-39.434245
-15.909642666666665,711.3952346666666,293.640016,-181.871287,554.443758,75.721743,-81.4502155,335.11051199999997,65.29804899999999,-42.283815000000004,-12.270644000000004,-39.402888000000004
-15.921112333333333,711.3484803333332,293.622049,-181.6916785,554.214555,75.667237,-81.3322065,334.8557895,65.0355395,-42.327681000000005,-12.239600999999993,-39.371293
-15.931672,711.3019783333333,293.6040666666667,-181.511601,553.9859065,75.6112555,-81.2143075,334.6025025,64.775144,-42.371869000000004,-12.209263000000021,-39.33953199999999
-15.941320666666664,711.255741,293.58607166666667,-181.3314095,553.7583010000001,75.5538,-81.09697299999999,334.350991,64.5166745,-42.416308,-12.179507999999998,-39.30767099999999
-15.950059000000001,711.2097836666667,293.56807,-181.151466,553.532235,75.494882,-80.980659,334.101606,64.2599605,-42.460928,-12.15022399999998,-39.275773
-15.957886666666667,711.1641226666667,293.5500683333333,-180.9721315,553.308209,75.434518,-80.86581849999999,333.8547055,64.00484900000001,-42.505658999999994,-12.121308999999997,-39.243902000000006
-15.964806000000001,711.1187776666667,293.5320746666667,-180.793769,553.0867245,75.372731,-80.752905,333.6106505,63.751198,-42.55042600000001,-12.092667000000006,-39.21212
-15.970816999999998,711.0737696666665,293.51409900000004,-180.6167355,552.8682775,75.309552,-80.64236700000001,333.369804,63.4988795,-42.595153999999994,-12.064210000000003,-39.180487
-15.975923,711.0291226666667,293.496152,-180.4413825,552.6533595,75.245017,-80.534648,333.132526,63.247777,-42.639764,-12.035849999999982,-39.149066000000005
-15.980126,710.9848609999999,293.47824599999996,-180.268052,552.4424525,75.1791675,-80.4301845,332.899173,62.9977835,-42.684177,-12.007509999999968,-39.117919
-15.983429000000001,710.9410123333333,293.460394,-180.09707600000002,552.2360255000001,75.11205050000001,-80.32940500000001,332.6700915,62.748802999999995,-42.728312,-11.979108999999994,-39.08710799999999
-15.985836333333333,710.8976050000001,293.442611,-179.92877249999998,552.0345325000001,75.0437185,-80.2327275,332.4456215,62.500749,-42.772083,-11.95057300000002,-39.0567
-15.987352000000001,710.8546693333334,293.424911,-179.763444,551.8384105,74.9742285,-80.1405555,332.2260885,62.253544000000005,-42.815405000000005,-11.921825000000013,-39.026762
-15.987981666666665,710.8122366666666,293.4073103333333,-179.601377,551.6480765,74.9036435,-80.0532785,332.011804,62.0071235,-42.858187,-11.892791999999986,-38.99736299999999
-15.987730666666666,710.7703403333334,293.389825,-179.44284,551.4639239999999,74.83203,-79.9712675,331.803064,61.761433,-42.900338999999995,-11.863399999999956,-38.968579999999996
-15.986606,710.7290133333332,293.372472,-179.28808049999998,551.2863245,74.75945899999999,-79.8948735,331.600148,61.516431,-42.941769,-11.833577999999989,-38.94048599999999
-15.984614333333335,710.6882906666666,293.35526799999997,-179.137327,551.1156225,74.6860075,-79.82442449999999,331.40331549999996,61.27208950000001,-42.982378999999995,-11.803250999999989,-38.913163000000004
-15.981763333333333,710.6482073333333,293.33823099999995,-178.99078450000002,550.9521354999999,74.611756,-79.7602235,331.2128065,61.028398499999994,-43.022074999999994,-11.772350999999958,-38.886694999999996
-15.978061666666667,710.6088,293.32137800000004,-178.8486355,550.796152,74.5367895,-79.7025445,331.028839,60.785362000000006,-43.060759,-11.740808000000015,-38.861168
-15.973517666666666,710.5701043333333,293.30472699999996,-178.711041,550.647931,74.4611965,-79.6516325,330.8516105,60.543005,-43.098335,-11.70855499999999,-38.83667200000001
-15.968141666666668,710.5321559999999,293.28829533333334,-178.5781365,550.507701,74.385071,-79.6076995,330.681297,60.3013725,-43.134705,-11.675530000000037,-38.813299
-15.961943666666665,710.4949919999999,293.27209966666663,-178.450035,550.3756579999999,74.30851,-79.5709225,330.51805,60.060531,-43.169773000000006,-11.641676000000018,-38.791140000000006
-15.954935333333333,710.4586479999999,293.25615700000003,-178.3268235,550.2519669999999,74.23161400000001,-79.541443,330.36199799999997,59.82057,-43.203450000000004,-11.606939999999952,-38.770292
-15.947127,710.4231596666665,293.24048466666665,-178.208568,550.1367605,74.154489,-79.5193645,330.2132495,59.5816045,-43.23564699999999,-11.57127700000001,-38.750845
-15.938531333333335,710.3885613333333,293.22509733333334,-178.095308,550.0301365,74.0772425,-79.5047505,330.0718865,59.343773,-43.266279,-11.534650999999997,-38.73289199999999
-15.929161333333333,710.3548873333333,293.21001,-177.987062,549.9321625,73.99998649999999,-79.497626,329.9379695,59.10724,-43.295272000000004,-11.497032999999988,-38.71651799999999
-15.919029,710.3221696666666,293.1952386666667,-177.883825,549.8428715,73.92283549999999,-79.497974,329.81153700000004,58.872195500000004,-43.32255800000001,-11.45840800000002,-38.701809000000004
-15.908149333333334,710.2904403333333,293.1807963333333,-177.7855685,549.7622644999999,73.84590850000001,-79.50573800000001,329.692604,58.638853,-43.348078,-11.418769999999995,-38.688838
-15.896535666666665,710.259729,293.166696,-177.69224450000002,549.69031,73.76932550000001,-79.52082200000001,329.581164,58.40745,-43.371784000000005,-11.378127999999947,-38.677673999999996
-15.884203,710.230064,293.1529493333333,-177.603785,549.6269434999999,73.69321,-79.54308950000001,329.4771885,58.1782455,-43.393643000000004,-11.336500999999998,-38.668375000000005
-15.871166,710.2014716666667,293.13956766666666,-177.520101,549.5720725,73.617688,-79.572367,329.380629,57.9515175,-43.413630000000005,-11.293923999999947,-38.660985
-15.857440333333335,710.1739763333334,293.1265603333333,-177.4410875,549.52557,73.542888,-79.60844349999999,329.29141500000003,57.72756149999999,-43.431741,-11.250445999999954,-38.655539
-15.843041,710.1475999999999,293.113937,-177.366622,549.4872825,73.4689405,-79.651076,329.2094565,57.5066855,-43.447982,-11.206128999999976,-38.652053
-15.827985,710.1223620000001,293.1017043333333,-177.29656649999998,549.4570249999999,73.395977,-79.699988,329.134645,57.2892065,-43.46238,-11.161049999999989,-38.65052899999999
-15.812288666666666,710.09828,293.08986933333335,-177.230769,549.434587,73.324131,-79.7548755,329.0668515,57.075448,-43.474976999999996,-11.115296999999998,-38.65095000000001
-15.795967333333332,710.0753683333334,293.0784363333333,-177.16906749999998,549.41973,73.2535385,-79.815409,329.00593000000003,56.8657315,-43.485831999999995,-11.068973999999969,-38.65328100000001
-15.779037666666667,710.053638,293.06741000000005,-177.1112865,549.412191,73.184335,-79.8812365,328.9517165,56.660377,-43.495023,-11.022194999999954,-38.657467999999994
-15.761518,710.0330976666668,293.05679200000003,-177.05724450000002,549.4116825000001,73.116658,-79.951988,328.90403000000003,56.4596925,-43.502644000000004,-10.975079999999991,-38.663433000000005
-15.743423,710.0137533333333,293.0465843333333,-177.0067515,549.417895,73.050644,-80.0272805,328.8626745,56.263972499999994,-43.508805,-10.927764999999965,-38.671085
-15.724771333333331,709.9956066666667,293.03678599999995,-176.959611,549.430499,72.98643200000001,-80.1067195,328.82743700000003,56.07348999999999,-43.513637,-10.880385999999987,-38.680305999999995
-15.705578333333335,709.978657,293.02739633333334,-176.915625,549.4491445,72.9241585,-80.189904,328.798091,55.888494,-43.51728,-10.833087999999975,-38.690962
-15.685861666666668,709.9628996666667,293.0184116666667,-176.874592,549.473464,72.8639605,-80.2764305,328.774396,55.7092015,-43.519891,-10.786017999999956,-38.702895
-15.665636999999998,709.9483270000001,293.00982866666664,-176.836312,549.5030764999999,72.8059735,-80.365898,328.7560985,55.535796500000004,-43.52164,-10.739321000000018,-38.715935
-15.644922,709.934928,293.0016413333333,-176.800583,549.5375855,72.750331,-80.4579095,328.742934,55.368421,-43.522707,-10.693143999999961,-38.72988800000001
-15.623731333333334,709.9226873333333,292.99384299999997,-176.76720849999998,549.5765855,72.6971665,-80.5520745,328.73462600000005,55.207176000000004,-43.523281000000004,-10.647629999999992,-38.744552000000006
-15.602081666666665,709.9115873333334,292.98642566666666,-176.7359955,549.6196595,72.646608,-80.648016,328.73088800000005,55.052115,-43.523558,-10.602913999999998,-38.759702000000004
-15.579988333333333,709.901606,292.97938066666666,-176.706755,549.6663845,72.598781,-80.745368,328.731426,54.9032445,-43.523740000000004,-10.559122000000002,-38.775107
-15.557466333333332,709.8927186666666,292.97269666666665,-176.679307,549.7163345,72.553807,-80.84378,328.7359375,54.760519,-43.52403,-10.516376999999977,-38.790524000000005
-15.534530333333334,709.8848969999999,292.966363,-176.6534775,549.769078,72.511803,-80.9429195,328.7441145,54.623843,-43.524631,-10.474783000000002,-38.805704000000006
-15.511194333333334,709.8781086666668,292.96036699999996,-176.6291025,549.824188,72.472879,-81.042471,328.755644,54.4930705,-43.52575,-10.434436000000005,-38.820389000000006
-15.487472333333335,709.8723183333333,292.9546956666667,-176.60602649999998,549.8812375,72.4371395,-81.1421365,328.770209,54.368005,-43.527583,-10.395416000000012,-38.83432200000001
-15.463377,709.867488,292.94933399999996,-176.58410600000002,549.939807,72.40468,-81.2416375,328.7874925,54.248402,-43.530323,-10.357789000000025,-38.847241999999994
-15.438920666666668,709.8635766666666,292.94426733333336,-176.563207,549.999485,72.375589,-81.340713,328.80717549999997,54.133973,-43.534158000000005,-10.321607000000029,-38.858892
-15.414115,709.8605396666667,292.93947999999995,-176.543209,550.0598705,72.349943,-81.4391175,328.82894350000004,54.0243875,-43.539263,-10.286902999999995,-38.869021000000004
-15.388971333333332,709.85833,292.93495533333333,-176.524002,550.1205775,72.3278105,-81.53662349999999,328.8524835,53.919278500000004,-43.54580299999999,-10.253698999999983,-38.877385000000004
-15.363499333333335,709.8568986666666,292.93067599999995,-176.50549,550.1812375,72.309246,-81.6330155,328.87748999999997,53.818248,-43.553931,-10.221998000000042,-38.883745999999995
-15.337708666666666,709.8561920000001,292.92662566666667,-176.487589,550.241501,72.2942915,-81.7280905,328.903664,53.720873,-43.563782999999994,-10.191791999999964,-38.88788400000001
-15.311608333333332,709.8561579999999,292.92278633333336,-176.47022850000002,550.3010435,72.28297500000001,-81.8216555,328.93072,53.6267125,-43.575483,-10.163059999999973,-38.889587
-15.285205333333332,709.856738,292.9191396666667,-176.4533505,550.3595645,72.2753095,-81.9135255,328.95838249999997,53.535314,-43.589137,-10.135767000000044,-38.888666
-15.258507,709.8578753333333,292.9156683333333,-176.4369135,550.416794,72.271289,-82.0035215,328.9863925,53.446222999999996,-43.604833,-10.109872999999993,-38.884946
-15.231519,709.8595099999999,292.91235366666666,-176.420886,550.4724945,72.2708925,-82.09146849999999,329.01451,53.35898949999999,-43.622641,-10.085323999999957,-38.878274999999995
-15.204245999999998,709.8615800000001,292.90917799999994,-176.40525300000002,550.526464,72.2740785,-82.1771945,329.042514,53.2731785,-43.642613000000004,-10.062066000000016,-38.868523
-15.176693,709.8640236666666,292.90612400000003,-176.390011,550.5785375,72.2807845,-82.2605275,329.070209,53.1883755,-43.664781,-10.040038000000038,-38.855585000000005
-15.148863,709.8667783333334,292.9031733333333,-176.37517400000002,550.6285935,72.29092700000001,-82.341296,329.0974235,53.104198999999994,-43.689156,-10.019182999999998,-38.83938
-15.120757666666668,709.8697803333334,292.9003093333333,-176.3607675,550.6765535,72.3044,-82.4193295,329.12401550000004,53.020306,-43.715733,-9.99944099999999,-38.819856
-15.092378666666667,709.8729646666667,292.89751533333333,-176.346833,550.722385,72.3210715,-82.4944575,329.149876,52.936402,-43.744482999999995,-9.980758000000037,-38.796988
-15.063726333333333,709.8762686666668,292.8947743333333,-176.333426,550.766106,72.3407875,-82.56651099999999,329.174929,52.852248,-43.77535999999999,-9.963090000000022,-38.77078
-15.034799999999999,709.8796276666667,292.8920716666667,-176.320617,550.8077865,72.3633645,-82.635325,329.1991345,52.7676685,-43.808294000000004,-9.94640099999998,-38.741265
-15.005598333333333,709.8829796666665,292.889392,-176.3084915,550.847548,72.388594,-82.70074,329.22249250000004,52.68256,-43.843199999999996,-9.930669000000023,-38.70850800000001
-14.976119333333335,709.8862613333334,292.886722,-176.29715099999999,550.885569,72.41623849999999,-82.7626075,329.2450425,52.596894500000005,-43.87997300000001,-9.915885000000003,-38.672599
-14.946358666666669,709.8894116666667,292.884048,-176.2867105,550.922082,72.446031,-82.8207925,329.266869,52.5107285,-43.918488999999994,-9.902060000000006,-38.633665
-14.916314,709.8923713333334,292.88135766666664,-176.27730250000002,550.957379,72.4776755,-82.875179,329.288097,52.424206,-43.95861,-9.889224000000013,-38.591854000000005
-14.885979999999998,709.895082,292.878641,-176.2690725,550.9918084999999,72.51084549999999,-82.925678,329.308899,52.337565,-44.00017799999999,-9.877430000000004,-38.547346
-14.855350666666666,709.897488,292.8758873333333,-176.262183,551.025775,72.5451845,-82.9722315,329.3294905,52.251137,-44.04302500000001,-9.866753000000017,-38.500344000000005
-14.824421000000001,709.8995356666666,292.8730883333333,-176.256811,551.059741,72.58030600000001,-83.0148205,329.350135,52.165353999999994,-44.086969,-9.857293999999968,-38.45107599999999
-14.793183666666666,709.9011736666666,292.87023666666664,-176.253148,551.0942235,72.615792,-83.05347549999999,329.371138,52.0807475,-44.13181899999999,-9.849181999999985,-38.399789
-14.761632,709.902354,292.8673263333333,-176.251399,551.12979,72.651196,-83.08828249999999,329.3928485,51.99795,-44.17737699999999,-9.84257100000002,-38.34674999999999
-14.729758666666667,709.903032,292.86435266666666,-176.2517835,551.1670615,72.686043,-83.11939050000001,329.415657,51.9176925,-44.223439,-9.837644000000012,-38.292237
-14.697555,709.9031656666667,292.8613133333333,-176.25453199999998,551.206702,72.71983,-83.1470245,329.439992,51.8408055,-44.269802999999996,-9.834608000000003,-38.236539
-14.665013,709.9027169999999,292.85820600000005,-176.2598875,551.2494195,72.752029,-83.1714915,329.466315,51.7682155,-44.316269000000005,-9.833700000000022,-38.179947
-14.632125,709.9016523333333,292.85503166666666,-176.2681025,551.295957,72.7820885,-83.1931915,329.4951195,51.700941,-44.362639,-9.835180999999977,-38.12275399999999
-14.598881999999998,709.8999423333333,292.8517913333333,-176.2794375,551.3470910000001,72.8094365,-83.212624,329.526922,51.640086,-44.408733999999995,-9.839337999999998,-38.065244
-14.565275666666667,709.8975606666667,292.848489,-176.294161,551.4036205,72.8334835,-83.2303995,329.5622585,51.586837,-44.454385,-9.846473000000003,-38.007690000000004
-14.531298,709.8944866666667,292.8451293333333,-176.312545,551.4663625000001,72.8536275,-83.2472445,329.601676,51.542454500000005,-44.499446999999996,-9.85691399999996,-37.950345000000006
-14.496940666666665,709.8907053333332,292.8417186666666,-176.3348655,551.536145,72.86925649999999,-83.2640095,329.6457255,51.5082635,-44.543797000000005,-9.870997000000045,-37.893435000000004
