Sh_x,Sh_y,Sh_z,El_x,El_y,El_z,Wr_x,Wr_y,Wr_z,WrVec_x,WrVec_y,WrVec_z
-47.30256533333333,775.562053,273.6072613333333,-163.7752645,595.4513245,41.016558,-63.826905,339.4066285,46.984813,-59.79604,-17.091295000000002,-36.901374000000004
-47.31495133333333,775.5607446666667,273.6376913333333,-163.838005,595.4230124999999,41.094294500000004,-63.654773000000006,339.4371965,46.950807,-59.74212000000001,-17.19541099999998,-36.950308
-47.33006233333333,775.5641846666667,273.666393,-163.90711,595.4022534999999,41.165542,-63.4707035,339.4953805,46.9486435,-59.68268499999999,-17.310744999999997,-37.004941
-47.34788799999999,775.5723906666667,273.69328666666667,-163.98280549999998,595.3895574999999,41.229822,-63.274193,339.5832975,46.98112,-59.617265999999994,-17.437868999999978,-37.065466
-47.36841666666667,775.5853896666667,273.7182976666667,-164.065309,595.3854165,41.2866985,-63.064775499999996,339.7030395,47.0510855,-59.545376999999995,-17.577349000000027,-37.132047
-47.39163466666667,775.6032183333333,273.74135866666666,-164.15482500000002,595.3902995000001,41.3357795,-62.842029499999995,339.85666100000003,47.1614285,-59.466530999999996,-17.72974400000004,-37.204813
-47.41752466666667,775.6259226666667,273.762409,-164.251544,595.4046490000001,41.3767245,-62.6055785,340.04616350000003,47.3150525,-59.380227000000005,-17.89558900000003,-37.283855
-47.446069333333334,775.653558,273.78139699999997,-164.3556415,595.4288750000001,41.409247,-62.355094,340.2734825,47.514858,-59.285973999999996,-18.075409000000036,-37.36922
-47.477246666666666,775.6861886666666,273.7982773333333,-164.46727900000002,595.4633515,41.4331235,-62.0903,340.540476,47.76372,-59.183286,-18.2697,-37.46090199999999
-47.511032666666665,775.7238866666667,273.8130126666667,-164.5865995,595.508417,41.448192,-61.8109735,340.8489115,48.06447,-59.071687000000004,-18.47893099999999,-37.55883600000001
-47.547401,775.7667329999999,273.8255766666666,-164.7137315,595.564365,41.4543605,-61.5169475,341.20045600000003,48.419871,-58.950725000000006,-18.703542000000027,-37.662892
-47.586322333333335,775.8148153333333,273.8359483333333,-164.848784,595.631447,41.451609000000005,-61.2081125,341.596664,48.8326005,-58.81996900000001,-18.943936000000008,-37.772875
-47.62776333333333,775.8682293333335,273.84411833333337,-164.9918515,595.709869,41.4399925,-60.8844205,342.038972,49.305225,-58.679019,-19.200477999999976,-37.888515999999996
-47.671689333333326,775.9270759999999,273.8500856666667,-165.1430085,595.7997855,41.4196415,-60.545882000000006,342.528688,49.840185000000005,-58.527512,-19.47348999999997,-38.009468000000005
-47.718061666666664,775.991462,273.853859,-165.30231500000002,595.9013045,41.3907675,-60.1925725,343.06698800000004,50.439772,-58.365123000000004,-19.763252000000023,-38.135307999999995
-47.766839,776.0614996666667,273.8554563333333,-165.4698135,596.0144829999999,41.3536615,-59.82463,343.65491,51.106111999999996,-58.19157799999999,-20.069992000000013,-38.265532
-47.81797633333333,776.1373050000001,273.8549056666667,-165.645531,596.1393255,41.308693,-59.442256,344.2933495,51.8411495,-58.006645999999996,-20.393887000000007,-38.399555
-47.87142633333334,776.2189979999999,273.852244,-165.829479,596.275787,41.256311499999995,-59.045718,344.983059,52.6466275,-57.810154,-20.735066000000018,-38.536715
-47.92713799999999,776.3066996666666,273.84751966666664,-166.0216545,596.4237714999999,41.197043,-58.635346000000006,345.724647,53.5240805,-57.601984,-21.093600000000038,-38.676273
-47.985058333333335,776.400534,273.8407896666667,-166.2220375,596.583132,41.1314895,-58.2115335,346.5185765,54.474813499999996,-57.38207499999999,-21.469505000000026,-38.817417
-48.04513033333333,776.5006256666667,273.83212066666664,-166.43059499999998,596.7536745,41.0603215,-57.7747375,347.36516900000004,55.4999,-57.150429,-21.86274199999997,-38.95927
-48.10729466666667,776.6070983333333,273.82158933333335,-166.6472795,596.9351545,40.984277,-57.325475,348.26460599999996,56.600167,-56.907104000000004,-22.273213999999996,-39.10088999999999
-48.171489666666666,776.7200746666667,273.809281,-166.8720275,597.127284,40.9041545,-56.864322,349.2169345,57.7761915,-56.652221999999995,-22.700766999999985,-39.241281
-48.237650333333335,776.8396766666666,273.7952916666666,-167.10476,597.3297295,40.820803999999995,-56.391912500000004,350.2220675,59.028295,-56.385965,-23.14519100000001,-39.379402
-48.30570933333333,776.966022,273.7797253333333,-167.345381,597.5421155,40.7351225,-55.908932,351.2797955,60.35654100000001,-56.108571999999995,-23.606223,-39.514174000000004
-48.37559833333333,777.0992246666666,273.7626943333333,-167.59377849999998,597.764028,40.6480415,-55.4161185,352.3897885,61.7607355,-55.820339000000004,-24.083542999999963,-39.644491
-48.44724433333334,777.2393936666666,273.7443196666667,-167.84981950000002,597.995016,40.5605225,-54.914257,353.551604,63.240427,-55.52161600000001,-24.576783999999975,-39.769228
-48.52057366666666,777.3866330000001,273.7247303333333,-168.11335200000002,598.2345935000001,40.473541499999996,-54.404173,354.7646965,64.7949115,-55.21280200000001,-25.08552500000002,-39.88725099999999
-48.59551200000001,777.5410403333334,273.7040626666667,-168.3841995,598.4822429999999,40.3880795,-53.8867315,356.02842150000004,66.423238,-54.894343000000006,-25.609301000000016,-39.997431999999996
-48.67198066666666,777.702705,273.6824603333333,-168.66216350000002,598.7374195,40.305113,-53.362831,357.3420485,68.1242155,-54.56673000000001,-26.147603000000004,-40.098651
-48.74990233333333,777.8717093333333,273.6600716666667,-168.94701750000002,598.9995535,40.225601499999996,-52.8333965,358.704764,69.896424,-54.23048899999999,-26.699880000000007,-40.189817999999995
-48.82919566666667,778.048126,273.63705366666665,-169.2385055,599.268053,40.150473,-52.2993755,360.115683,71.738223,-53.886179,-27.265543999999977,-40.26986800000001
-48.90978033333334,778.2320196666666,273.6135666666667,-169.536343,599.542306,40.080619,-51.76173299999999,361.5738575,73.647766,-53.534389999999995,-27.843976999999995,-40.337784000000006
-48.991574333333325,778.4234423333334,273.58977699999997,-169.8402135,599.8216895,40.016877,-51.221443,363.0782835,75.6230145,-53.17573399999999,-28.434527000000003,-40.392593
-49.07449433333334,778.6224376666665,273.56585333333334,-170.149766,600.105566,39.9600255,-50.679485,364.6279075,77.66175100000001,-52.810840000000006,-29.036517000000003,-40.43338200000001
-49.158457,778.829037,273.54196966666666,-170.46461749999997,600.3932925,39.9107745,-50.136836,366.22163550000005,79.76159849999999,-52.440349999999995,-29.649248999999998,-40.459300999999996
-49.24337833333333,779.0432603333333,273.518301,-170.784352,600.684221,39.8697575,-49.5944665,367.858342,81.920034,-52.064915,-30.272006000000033,-40.46956599999999
-49.329175,779.265115,273.49502666666666,-171.1085215,600.9777065000001,39.837525,-49.053332,369.53687249999996,84.1344085,-51.685188000000004,-30.904055000000028,-40.463466999999994
-49.41576233333333,779.494597,273.47232433333335,-171.436648,601.2731074999999,39.8145455,-48.51437,371.2560525,86.40196399999999,-51.301821999999994,-31.544652999999983,-40.44036799999999
-49.50305600000001,779.7316883333333,273.45037499999995,-171.76822800000002,601.5697915000001,39.801202,-47.978491,373.01469199999997,88.719852,-50.915462000000005,-32.19305000000003,-40.399708000000004
-49.59097333333333,779.9763589999999,273.4293586666667,-172.102736,601.8671405,39.797793,-47.446576,374.811592,91.085151,-50.526743999999994,-32.84849000000003,-40.34100600000001
-49.67943066666667,780.228565,273.40945400000004,-172.43963150000002,602.1645544999999,39.804539500000004,-46.919472,376.64554699999997,93.4948875,-50.13629,-33.51021399999996,-40.263853
-49.76834466666667,780.4882503333333,273.3908386666667,-172.7783645,602.4614555,39.821592499999994,-46.397984,378.515351,95.9460495,-49.744702000000004,-34.177463999999986,-40.16791699999999
-49.85763466666666,780.755344,273.37368833333335,-173.11838649999999,602.757294,39.849041,-45.882875,380.41980049999995,98.4356065,-49.352564,-34.849489000000005,-40.05293300000001
-49.947219,781.0297636666668,273.3581756666667,-173.459159,603.0515495,39.886926,-45.37486,382.3576955,100.960527,-48.960432,-35.52553900000004,-39.918712
-50.037017999999996,781.3114136666667,273.34447,-173.8001635,603.34374,39.935258,-44.8746055,384.327845,103.517792,-48.568839,-36.20487399999996,-39.765118
-50.12695233333333,781.6001836666668,273.332737,-174.1409135,603.6334205,39.9940345,-44.382722,386.3290665,106.104411,-48.17828800000001,-36.88676099999998,-39.59208000000001
-50.21694566666667,781.8959520000002,273.3231356666667,-174.48096850000002,603.9201895,40.063259,-43.899769,388.3601885,108.71743799999999,-47.789249999999996,-37.57047899999998,-39.39958
-50.30692066666666,782.1985853333334,273.315822,-174.81994500000002,604.2036929999999,40.142962499999996,-43.426249,390.4200515,111.353981,-47.402165999999994,-38.255318999999986,-39.18764399999999
-50.396804,782.5079363333334,273.31094433333334,-175.157528,604.483622,40.2332275,-42.9626095,392.507509,114.01121549999999,-47.01744099999999,-38.940582000000006,-38.956340999999995
-50.48652233333333,782.8238466666667,273.3086456666667,-175.49348550000002,604.75972,40.3342095,-42.5092415,394.621425,116.686395,-46.635448999999994,-39.625586,-38.705776000000014
-50.576005333333335,783.1461483333333,273.309061,-175.8276775,605.031778,40.44616,-42.066480999999996,396.7606775,119.37686099999999,-46.25653,-40.30965900000001,-38.436081999999985
-50.665182666666674,783.4746596666668,273.31231833333334,-176.1600655,605.2996395,40.5694445,-41.634609,398.9241545,122.080048,-45.880986,-40.99214699999999,-38.14742000000001
-50.753988666666665,783.8091913333333,273.318538,-176.49072,605.5631935,40.704564000000005,-41.213857,401.1107565,124.79349400000001,-45.50909,-41.67241100000001,-37.83996800000001
-50.842357666666665,784.1495423333334,273.327831,-176.8198265,605.822376,40.852166,-40.8044035,403.3193935,127.51484300000001,-45.141079000000005,-42.34982500000001,-37.51391600000001
-50.93022666666667,784.4955033333334,273.3403006666667,-177.147686,606.0771645,41.013058,-40.406382,405.548983,130.2418505,-44.777159999999995,-43.02378200000004,-37.16947099999999
-51.01753533333334,784.846856,273.35604033333334,-177.4747125,606.32757,41.188212,-40.0198805,407.7984515,132.9723855,-44.417507,-43.69368899999995,-36.806843000000015
-51.10422566666667,785.2033756666666,273.37513533333333,-177.80143049999998,606.5736365,41.378763,-39.6449465,410.066729,135.7044345,-44.062271,-44.35897,-36.42624700000002
-51.19024133333334,785.5648276666667,273.39766000000003,-178.1284635,606.815426,41.5860045,-39.281591500000005,412.35275249999995,138.4360995,-43.711571,-45.01906500000001,-36.027902999999995
-51.275528666666666,785.9309726666667,273.4236793333333,-178.4565205,607.0530145,41.811370999999994,-38.929790999999994,414.6554585,141.16559949999998,-43.365502,-45.67343299999999,-35.612027
-51.36003733333334,786.3015646666666,273.4532483333333,-178.786378,607.2864795,42.056423,-38.589493000000004,416.973787,143.8912685,-43.024142000000005,-46.32154600000001,-35.17883899999998
-51.44371833333333,786.6763523333334,273.486413,-179.11886049999998,607.5158895,42.3228125,-38.2606185,419.3066765,146.6115555,-42.687545,-46.96289899999999,-34.728560999999985
-51.526526,787.0550806666666,273.523208,-179.454812,607.7412935,42.6122545,-37.943068499999995,421.653062,149.325017,-42.355748999999996,-47.59700000000004,-34.26141200000001
-51.608416000000005,787.4374886666666,273.56365766666664,-179.7950695,607.9627085,42.9264845,-37.636724,424.01187649999997,152.03032000000002,-42.028778,-48.223374999999976,-33.777614
-51.689347999999995,787.8233143333333,273.60777800000005,-180.140433,608.180109,43.267211,-37.341452,426.382048,154.72623349999998,-41.706648,-48.84157000000005,-33.27739299999999
-51.76928266666667,788.212292,273.6555733333334,-180.491632,608.393415,43.636071,-37.057108,428.762497,157.4116255,-41.389362000000006,-49.45114799999999,-32.76098099999999
-51.84818466666667,788.6041533333333,273.70703933333334,-180.84929449999998,608.6024835000001,44.0345765,-36.783541,431.152138,160.085457,-41.07692,-50.05168800000001,-32.22861399999999
-51.926019,788.99863,273.762162,-181.2139145,608.8071004999999,44.464064,-36.520592,433.549877,162.7467795,-40.769316,-50.64278999999999,-31.680543
-52.002754333333336,789.3954520000001,273.82091733333334,-181.5858255,609.006972,44.925647999999995,-36.2681,435.954611,165.394728,-40.466548,-51.22406799999999,-31.11702599999998
-52.078360999999994,789.7943503333332,273.8832723333333,-181.9651755,609.201724,45.420174,-36.0259025,438.365228,168.0285155,-40.168609000000004,-51.795158000000015,-30.538341000000003
-52.15281100000001,790.1950539999999,273.949186,-182.351905,609.3908974999999,45.948186500000006,-35.7938365,440.7806065,170.6474265,-39.875499,-52.35570899999999,-29.944778999999983
-52.226079666666664,790.5972956666666,274.0186076666667,-182.745736,609.573954,46.509893500000004,-35.571741,443.199615,173.2508145,-39.587222,-52.90539000000001,-29.336655000000007
-52.298142000000006,791.000809,274.09148066666665,-183.146165,609.750273,47.105154,-35.3594565,445.6211135,175.8380935,-39.303787,-53.44388699999996,-28.714304999999996
-52.368976333333336,791.4053276666667,274.1677383333333,-183.552467,609.9191695,47.7334725,-35.1568255,448.0439525,178.40873349999998,-39.025209,-53.970901000000026,-28.078089000000006
-52.43856133333333,791.810589,274.24730866666664,-183.96370100000001,610.079895,48.394002,-34.963691,450.46697400000005,180.96225900000002,-38.751514,-54.48615000000001,-27.428393999999997
-52.506876999999996,792.2163336666667,274.3301116666667,-184.378732,610.2316555,49.085563,-34.7799005,452.889014,183.49823700000002,-38.482731,-54.98936599999996,-26.765634000000006
-52.573906666666666,792.6223046666668,274.4160626666667,-184.79625,610.373623,49.806675500000004,-34.605298499999996,455.30890050000005,186.0162785,-38.218900999999995,-55.480299,-26.09025300000002
-52.63963066666667,793.0282493333334,274.50506966666666,-185.214805,610.5049535,50.5555945,-34.4397315,457.7254575,188.516032,-37.960069000000004,-55.958710999999994,-25.402724000000006
-52.704033,793.433917,274.5970373333333,-185.6328335,610.624802,51.3303545,-34.283043,460.1375055,190.997179,-37.706289999999996,-56.42438099999998,-24.703552000000002
-52.76709766666667,793.8390633333332,274.6918636666667,-186.0487,610.7323365,52.1288235,-34.135073,462.5438625,193.459432,-37.457622,-56.877103000000034,-23.993268
-52.828808,794.243447,274.78944533333333,-186.4607265,610.8267575,52.948752,-33.995658999999996,464.943347,195.90252900000002,-37.214127999999995,-57.31668000000002,-23.272437999999994
-52.889148666666664,794.6468313333334,274.889673,-186.867235,610.9073080000001,53.7878295,-33.8646305,467.33478,198.3262315,-36.975875,-57.74293399999999,-22.541652999999997
-52.948103333333336,795.048985,274.99243566666667,-187.2665755,610.9732875,54.6437345,-33.741808500000005,469.71698549999996,200.730323,-36.742933,-58.15569899999997,-21.801534000000004
-53.00565633333333,795.4496809999999,275.09762033333334,-187.65716300000003,611.0240625,55.514184,-33.6270055,472.08879449999995,203.11460449999998,-36.515367,-58.554821000000004,-21.052726999999976
-53.061791,795.848697,275.20511166666665,-188.037499,611.0590755000001,56.3969785,-33.5200235,474.449047,205.4788945,-36.293243000000004,-58.94016399999998,-20.295905000000005
-53.11649,796.2458166666667,275.3147933333333,-188.406198,611.0778499999999,57.290040000000005,-33.4206515,476.796595,207.8230265,-36.076625,-59.31160199999999,-19.531759000000022
-53.16973633333333,796.6408286666666,275.42654866666663,-188.76200749999998,611.0799930000001,58.1914445,-33.3286655,479.13030200000003,210.14684649999998,-35.86556900000001,-59.669025999999974,-18.761004999999983
-53.221510333333335,797.033526,275.54026066666665,-189.10381999999998,611.0652005,59.0994475,-33.2438265,481.4490505,212.45021450000002,-35.660123,-60.012339,-17.984372999999977
-53.27179233333333,797.4237086666667,275.655813,-189.430682,611.0332530000001,60.012503499999994,-33.165881,483.7517405,214.7329985,-35.460326,-60.341462999999976,-17.202607
-53.32056266666667,797.81118,275.7730896666667,-189.741801,610.984016,60.9292775,-33.09456,486.037295,216.9950805,-35.266208,-60.65633399999996,-16.416465000000017
-53.36779833333333,798.1957496666668,275.8919776666667,-190.03654749999998,610.9174330000001,61.848648,-33.029577,488.30465949999996,219.236351,-35.077788,-60.95690499999995,-15.62670799999998
-53.41347666666667,798.5772333333334,276.0123643333334,-190.3144455,610.8335245000001,62.769711,-32.9706305,490.5528085,221.4567095,-34.895067,-61.24314700000002,-14.834102999999999
-53.457573333333336,798.9554509999999,276.13414033333333,-190.575176,610.732379,63.691770000000005,-32.917404,492.78074549999997,223.656065,-34.71804,-61.51504500000004,-14.039417999999984
-53.50006266666667,799.3302273333334,276.25719999999995,-190.81856,610.614145,64.614327,-32.8695625,494.9875055,225.8343365,-34.546681,-61.77260700000005,-13.243414999999999
-53.54091733333333,799.7013943333333,276.3814386666667,-191.0445525,610.479025,65.53706700000001,-32.8267595,497.17216049999996,227.991449,-34.380953,-62.01585899999998,-12.446850000000012
-53.58010866666667,800.0687873333333,276.50675766666666,-191.2532285,610.32727,66.4598445,-32.7886325,499.3338165,230.1273395,-34.220803000000004,-62.244845,-11.650464999999997
-53.617607,800.4322483333334,276.6330613333334,-191.4447695,610.159166,67.38266,-32.754806,501.471624,232.241951,-34.066168,-62.45963000000006,-10.854987999999992
-53.653381333333336,800.7916240000001,276.76025899999996,-191.61945,609.9750329999999,68.30564150000001,-32.724893,503.58477000000005,234.3352375,-33.916966,-62.66030000000006,-10.061125000000004
-53.6874,801.1467656666667,276.888264,-191.7776255,609.775213,69.2290245,-32.6984965,505.672491,236.40715999999998,-33.773109,-62.84695999999997,-9.269555999999994
-53.71962933333333,801.497531,277.016995,-191.919715,609.5600655000001,70.15313,-32.6752095,507.734065,238.45768900000002,-33.634493,-63.019735999999966,-8.480938000000009
-53.750035000000004,801.8437826666667,277.14637566666664,-192.04619300000002,609.329962,71.0783445,-32.654619000000004,509.7688215,240.486805,-33.501008000000006,-63.17877499999997,-7.69589000000002
-53.77858166666666,802.1853876666668,277.276336,-192.1575745,609.0852815000001,72.00510249999999,-32.6363045,511.776139,242.494495,-33.372536999999994,-63.32424000000003,-6.9149980000000255
-53.805234000000006,802.5222203333333,277.40681,-192.25440550000002,608.8264035,72.933869,-32.619844,513.7554455,244.480758,-33.248958,-63.45631700000001,-6.138803999999993
-53.82995466666667,802.8541583333332,277.5377383333333,-192.33725399999997,608.5537075,73.865123,-32.604811,515.706224,246.445601,-33.130142000000006,-63.57520800000003,-5.367813999999981
-53.852708,803.1810856666666,277.6690683333333,-192.4067025,608.26757,74.799347,-32.590781,517.628011,248.38904150000002,-33.015966000000006,-63.681129999999996,-4.602480999999983
-53.873455,803.5028916666666,277.8007503333333,-192.46334000000002,607.9683600000001,75.73701249999999,-32.57733,519.520396,250.311105,-32.906304,-63.774316,-3.843211999999994
-53.892159333333325,803.8194709999999,277.9327436666667,-192.507757,607.656442,76.678575,-32.564038,521.3830255,252.21182800000003,-32.801036,-63.85501499999998,-3.090361999999999
-53.90878266666667,804.130724,278.06501133333336,-192.540544,607.3321725000001,77.624464,-32.550489,523.215602,254.09125699999998,-32.700050000000005,-63.92348199999998,-2.3442300000000103
-53.92328899999999,804.436557,278.19752266666666,-192.5622845,606.9958995,78.57508,-32.5362775,525.0178825,255.94944800000002,-32.603243,-63.979983000000004,-1.6050639999999987
-53.93563966666667,804.7368806666667,278.33025266666664,-192.5735555,606.647967,79.5307895,-32.521003,526.7896805,257.786467,-32.510526,-64.02479100000005,-0.8730519999999728
-53.94579933333333,805.0316133333332,278.463182,-192.5749265,606.2887115000001,80.4919255,-32.504279,528.5308650000001,259.602392,-32.421822,-64.05818200000004,-0.1483259999999973
-53.953732,805.320677,278.5962963333333,-192.566958,605.9184665,81.458786,-32.485729,530.24136,261.397308,-32.337072000000006,-64.08043199999997,0.5690399999999727
-53.95940266666667,805.604002,278.72958566666665,-192.550203,605.5375610000001,82.431635,-32.464991500000004,531.9211419999999,263.171314,-32.256237,-64.09181799999999,1.2790260000000444
-53.96277700000001,805.8815223333335,278.86304566666666,-192.525204,605.146324,83.4107025,-32.441721,533.5702405,264.9245165,-32.179295999999994,-64.09260899999998,1.9816710000000057
-53.963822666666665,806.1531786666666,278.99667600000004,-192.492498,604.745084,84.396188,-32.415588,535.188737,266.65703299999996,-32.10625400000001,-64.08306800000003,2.677066000000025
-53.96250799999999,806.4189186666666,279.130481,-192.45261499999998,604.334172,85.388263,-32.386282,536.7767585,268.3689925,-32.037138,-64.06344900000005,3.3653550000000223
-53.95880366666666,806.678695,279.264469,-192.40607799999998,603.9139224999999,86.3870725,-32.3535125,538.334482,270.0605325,-31.971997,-64.03399000000002,4.046730999999966
-53.95268033333334,806.9324666666668,279.39865033333336,-192.353405,603.4846755000001,87.3927365,-32.317008,539.862127,271.73179949999997,-31.910907999999996,-63.994916000000046,4.7214309999999955
-53.944111666666664,807.1802003333332,279.5330406666667,-192.2951095,603.0467775,88.40535349999999,-32.276522,541.3599545,273.3829525,-31.853973999999997,-63.94643500000001,5.389732999999978
-53.933074,807.4218666666666,279.6676563333333,-192.231698,602.6005815000001,89.42500100000001,-32.231829000000005,542.828264,275.0141565,-31.801318000000002,-63.888734000000056,6.051955000000021
-53.91954333333334,807.6574443333334,279.80251833333335,-192.1636745,602.1464515,90.4517385,-32.1827285,544.2673905,276.6255875,-31.753091,-63.821983000000046,6.708442999999988
-53.90349966666667,807.8869170000002,279.937648,-192.09153550000002,601.6847595,91.485605,-32.1290455,545.6777005,278.2174275,-31.709467,-63.74632500000007,7.359569000000022
-53.884925,808.1102766666667,280.07306866666664,-192.015774,601.2158885,92.526622,-32.070629999999994,547.0595880000001,279.789868,-31.67064,-63.66188599999998,8.005729999999971
-53.863803,808.3275196666667,280.20880566666665,-191.9368725,600.7402325,93.5747915,-32.0073595,548.413472,281.34310700000003,-31.636825,-63.56876799999998,8.647329999999954
-53.84012166666667,808.5386503333333,280.34488366666665,-191.85530949999998,600.2581964999999,94.63009650000001,-31.9391375,549.739792,282.877347,-31.608253000000005,-63.46704799999998,9.284784000000002
-53.813870666666666,808.7436786666667,280.48133,-191.771551,599.7701959999999,95.6924965,-31.865897,551.039003,284.392797,-31.585174000000002,-63.35678800000005,9.918506000000036
-53.785041,808.9426199999999,280.61816933333336,-191.6860555,599.2766584999999,96.7619325,-31.787598,552.311574,285.88967,-31.567844,-63.238023999999996,10.548906000000045
-53.753629,809.135498,280.75542900000005,-191.5992665,598.7780230000001,97.83831599999999,-31.7042285,553.55798,287.368182,-31.556531000000003,-63.11077799999998,11.176376000000005
-53.71963333333334,809.322341,280.89313266666665,-191.5116155,598.2747375,98.9215345,-31.615806499999998,554.778701,288.8285505,-31.551507,-62.975055999999995,11.801290999999992
-53.68305466666666,809.5031843333333,281.0313056666667,-191.42352,597.7672620000001,100.01144450000001,-31.522376,555.9742180000001,290.270994,-31.553046,-62.830847999999946,12.42399800000004
-53.64389833333333,809.6780693333334,281.16997066666664,-191.335379,597.2560645,101.1078715,-31.424012,557.1450075,291.69573,-31.561416,-62.67813899999999,13.044812000000036
-53.60217299999999,809.8470426666667,281.30914766666666,-191.24757449999998,596.7416235,102.210607,-31.320815500000002,558.291538,293.102974,-31.576881,-62.51690599999995,13.664008000000024
-53.55789066666667,810.0101573333335,281.44885666666664,-191.16047049999997,596.224425,103.3194065,-31.212914,559.414267,294.49293750000004,-31.599691999999997,-62.3471219999999,14.281814999999995
-53.51106566666667,810.1674733333333,281.5891143333333,-191.0744095,595.7049615,104.433989,-31.100465,560.513638,295.8658275,-31.630083999999997,-62.168762000000015,14.898415
-53.461718,810.3190539999999,281.729934,-190.9897145,595.1837335,105.55403150000001,-30.983648000000002,561.590077,297.2218435,-31.668274,-61.981809999999996,15.513933000000009
-53.40986966666666,810.46497,281.87132833333334,-190.90668699999998,594.661246,106.67917349999999,-30.8626695,562.643988,298.5611775,-31.714448999999995,-61.78625599999998,16.128439000000014
-53.355547666666666,810.6052970000001,282.013304,-190.825606,594.13801,107.809012,-30.737758,563.6757525,299.884011,-31.768772,-61.582111000000054,16.74194
-53.29878333333334,810.7401153333334,282.155867,-190.7467305,593.614539,108.943104,-30.6091655,564.6857275,301.1905155,-31.831375,-61.369396999999935,17.35438099999999
-53.23961,810.8695119999999,282.299018,-190.670297,593.0913499999999,110.08096400000001,-30.477164499999997,565.6742409999999,302.4808495,-31.902347,-61.14816600000006,17.965643
-53.178067,810.9935766666667,282.4427553333333,-190.59652,592.568961,111.2220685,-30.342045,566.6415939999999,303.7551575,-31.981744000000003,-60.918493999999896,18.575541000000044
-53.114197,811.1124053333333,282.5870723333333,-190.5255945,592.047891,112.36585500000001,-30.204116,567.5880565,305.0135695,-32.069574,-60.68048900000008,19.183827000000008
-53.048046666666664,811.2260983333334,282.7319586666667,-190.4576945,591.528658,113.511723,-30.0637005,568.513868,306.25619900000004,-32.165805,-60.43429399999991,19.790188
-52.979666666666674,811.3347600000001,282.87740133333335,-190.392976,591.011779,114.659039,-29.921135500000002,569.4192375,307.4831445,-32.270355,-60.18008899999995,20.394252999999992
-52.90911166666667,811.4384996666668,283.0233803333333,-190.331575,590.4977665,115.8071355,-29.776769,570.304343,308.694486,-32.383089999999996,-59.91809000000001,20.995589999999993
-52.83644133333333,811.53743,283.1698733333333,-190.27361100000002,589.98713,116.955318,-29.630959,571.1693315,309.890286,-32.50383,-59.64856099999997,21.593715999999972
-52.761717999999995,811.6316673333334,283.31685466666664,-190.219188,589.4803735,118.102865,-29.484068999999998,572.0143215,311.070589,-32.632344,-59.371804999999995,22.188093999999978
-52.68500933333333,811.7213323333334,283.4642913333334,-190.1683945,588.977993,119.24903400000001,-29.336469,572.839403,312.2354235,-32.768348,-59.088170000000105,22.778144999999995
-52.60638633333334,811.8065486666666,283.6121483333333,-190.121304,588.480477,120.3930635,-29.188532,573.6446395,313.3848005,-32.91151,-58.79804300000001,23.36325099999999
-52.52592333333334,811.8874436666666,283.760386,-190.0779785,587.9883055,121.5341765,-29.0406315,574.43007,314.518714,-33.061449,-58.50186000000008,23.942762000000016
-52.443699333333335,811.9641466666667,283.9089596666667,-190.038466,587.5019445,122.671588,-28.8931405,575.1957104999999,315.63714300000004,-33.217737,-58.20009500000003,24.516002000000015
-52.35979699999999,812.0367906666667,284.0578213333333,-190.00280600000002,587.0218500000001,123.804504,-28.7464275,575.941559,316.7400515,-33.379901,-57.89325800000006,25.082276999999976
-52.274301333333334,812.1055106666666,284.2069183333333,-189.971026,586.5484635,124.93213,-28.6008585,576.667596,317.8273915,-33.547427,-57.5819019999999,25.64088099999998
-52.18730266666666,812.170444,284.356194,-189.94314400000002,586.0822095,126.053673,-28.4567925,577.373789,318.8991055,-33.719764999999995,-57.266603999999916,26.191106999999988
-52.098893,812.2317306666667,284.5055883333334,-189.91917,585.623497,127.1683425,-28.314580499999998,578.060095,319.9551235,-33.896327,-56.947978000000035,26.732253000000014
-52.00916800000001,812.289511,284.6550366666667,-189.899105,585.172716,128.2753615,-28.174564,578.7264645,320.995372,-34.076502,-56.62665500000003,27.263625999999988
-51.91822666666667,812.3439286666667,284.8044723333333,-189.8829425,584.730236,129.3739615,-28.037075,579.3728475,322.01977,-34.259648,-56.30328900000006,27.784558000000004
-51.82616999999999,812.3951266666667,284.95382366666666,-189.870668,584.2964059999999,130.463393,-27.9024325,579.999192,323.0282345,-34.445111000000004,-55.978544000000056,28.29440299999999
-51.73310133333333,812.4432503333334,285.10301699999997,-189.8622595,583.871551,131.542922,-27.7709445,580.605454,324.0206845,-34.632219000000006,-55.65309400000001,28.792554999999993
-51.639127333333334,812.4884453333333,285.25197499999996,-189.857688,583.4559735,132.611839,-27.642903500000003,581.191596,324.997039,-34.820295,-55.327612000000045,29.278441999999984
-51.54435566666666,812.5308570000001,285.40061833333334,-189.8569165,583.0499495,133.6694565,-27.5185895,581.757595,325.957222,-35.008659,-55.002767999999946,29.751545999999962
-51.448895666666665,812.5706323333334,285.54886533333337,-189.859901,582.6537295,134.715116,-27.398266500000002,582.303445,326.9011645,-35.196637,-54.67921999999999,30.211397000000034
-51.35285866666667,812.6079166666667,285.69663099999997,-189.8665905,582.267537,135.7481845,-27.282182,582.829159,327.828808,-35.383566,-54.35760600000003,30.65758199999999
-51.256357,812.6428559999999,285.84382933333336,-189.8769255,581.8915665,136.76806,-27.170568499999998,583.334775,328.74010250000003,-35.568801,-54.038544,31.089751000000035
-51.15950433333334,812.6755939999999,285.9903733333333,-189.89084,581.5259865,137.7741715,-27.063642,583.8203585000001,329.635013,-35.751716,-53.722623,31.50761399999999
-51.062414,812.7062753333333,286.13617300000004,-189.90825949999999,581.170934,138.765982,-26.961599,584.286004,330.51351750000003,-35.931715999999994,-53.410394,31.910955
-50.96519966666667,812.7350423333334,286.281138,-189.9291005,580.8265185,139.742987,-26.864622,584.7318395,331.375611,-36.10824,-53.10237099999995,32.29961800000001
-50.86797633333333,812.7620353333333,286.42517833333335,-189.953274,580.4928199999999,140.704716,-26.772872,585.1580295,332.2213025,-36.280761999999996,-52.79902500000003,32.673520999999994
-50.77085733333333,812.7873933333334,286.5682023333333,-189.98068,580.16989,141.6507315,-26.6864945,585.5647739999999,333.050621,-36.448805,-52.50077599999997,33.032647999999995
-50.67395533333333,812.8112536666667,286.71011833333336,-190.011213,579.8577515,142.580632,-26.6056145,585.952313,333.863611,-36.611931,-52.208000000000084,33.37705199999999
-50.577383,812.8337493333333,286.8508346666667,-190.0447575,579.5563995,143.494051,-26.53034,586.3209265,334.6603355,-36.76976,-51.92101100000002,33.70685099999997
-50.48125066666666,812.8550136666667,286.9902603333333,-190.0811905,579.2658025000001,144.39065449999998,-26.4607575,586.6709355,335.44087449999995,-36.921959,-51.640075000000024,34.02222699999999
-50.38566733333334,812.8751736666667,287.1283056666666,-190.1203815,578.985903,145.2701425,-26.396937,587.002701,336.20532349999996,-37.068252,-51.365401999999904,34.32342299999999
-50.290740666666665,812.8943560000001,287.264881,-190.1621925,578.716618,146.1322495,-26.3389265,587.316624,336.95379349999996,-37.208422999999996,-51.09714399999996,34.610735000000034
-50.196576,812.9126823333335,287.3998976666667,-190.2064775,578.4578435,146.976739,-26.286757,587.613148,337.68641149999996,-37.342308,-50.835399999999936,34.88451300000003
-50.10327566666666,812.9302713333333,287.5332693333333,-190.253084,578.209451,147.803409,-26.240437,587.8927515,338.403317,-37.469802,-50.580219000000056,35.145151999999996
-50.010939,812.9472373333334,287.6649116666667,-190.3018525,577.971294,148.61208549999998,-26.199956500000003,588.1559505,339.10465750000003,-37.590859,-50.331593,35.393088999999975
-49.91966333333334,812.9636923333334,287.79474166666665,-190.352619,577.7432065,149.4026255,-26.165286,588.4032955,339.790595,-37.705486,-50.089473,35.628795999999966
-49.829541666666664,812.9797416666667,287.92267833333335,-190.405211,577.5250075,150.1749115,-26.1363755,588.635368,340.4612955,-37.813745,-49.853763999999956,35.85277299999996
-49.740664333333335,812.9954883333334,288.04864399999997,-190.459454,577.3164999999999,150.9288535,-26.113156999999998,588.8527765,341.11693149999996,-37.915748,-49.624330999999984,36.065540999999996
-49.653117,813.0110303333335,288.1725636666667,-190.51516750000002,577.1174755,151.664387,-26.0955415,589.0561545,341.7576795,-38.011653,-49.401005000000055,36.267641000000026
-49.56698299999999,813.02646,288.29436433333336,-190.57216749999998,576.9277145,152.3814705,-26.083423,589.2461575,342.3837185,-38.101666,-49.183588999999984,36.459618999999975
-49.48233966666667,813.0418669999999,288.41397800000004,-190.6302675,576.7469905,153.080085,-26.076676000000003,589.4234530000001,342.9952255,-38.186028,-48.97185999999999,36.64202899999998
-49.39926166666667,813.0573343333334,288.53133700000006,-190.6892785,576.5750685,153.7602315,-26.075158000000002,589.5887244999999,343.592378,-38.265018,-48.765581,36.81541800000002
-49.317817999999995,813.0729403333333,288.64638033333335,-190.7490105,576.411711,154.421932,-26.07871,589.7426595,344.1753465,-38.338942,-48.564498999999955,36.98032699999999
-49.238074000000005,813.0887596666666,288.75904833333334,-190.80927200000002,576.2566765,155.065225,-26.0871575,589.88595,344.7443,-38.408134999999994,-48.368357999999944,37.13728000000003
-49.160090333333336,813.10486,288.8692873333334,-190.86987349999998,576.1097235,155.690167,-26.1003095,590.0192845,345.2993985,-38.472944999999996,-48.17690100000004,37.286787000000004
-49.08392333333334,813.1213046666667,288.9770453333333,-190.93062400000002,575.9706095,156.296829,-26.117964,590.1433435,345.8407955,-38.533738,-47.989874999999984,37.429332999999986
-49.009624333333335,813.1381516666667,289.08227566666665,-190.9913355,575.839095,156.88529599999998,-26.1399055,590.2587980000001,346.3686355,-38.590887,-47.80704000000003,37.56537099999997
-48.93724,813.1554536666666,289.1849363333333,-191.0518235,575.7149440000001,157.455667,-26.165905499999997,590.366302,346.883055,-38.644765,-47.628169999999955,37.69533000000001
-48.86681266666667,813.1732583333334,289.28498800000006,-191.1119065,575.5979239999999,158.00805300000002,-26.1957295,590.4664895000001,347.38417849999996,-38.695747,-47.45305700000006,37.81960499999997
-48.79838033333334,813.1916073333333,289.3823966666667,-191.171406,575.4878085,158.5425745,-26.2291315,590.559973,347.87212250000005,-38.744192999999996,-47.28152,37.93855300000001
-48.73197566666666,813.2105366666666,289.477133,-191.2301505,575.384377,159.059365,-26.2658615,590.647334,348.3469915,-38.790457,-47.11340199999995,38.05249700000002
-48.66762766666667,813.2300766666667,289.5691713333333,-191.287974,575.287414,159.5585655,-26.305663499999998,590.7291275,348.80888200000004,-38.834871,-46.948575000000005,38.16172599999999
-48.60536066666666,813.250254,289.6584903333333,-191.344716,575.1967135,160.0403265,-26.3482765,590.8058745000001,349.2578785,-38.877749,-46.786940999999956,38.26648899999998
-48.54519466666667,813.2710873333334,289.74507466666665,-191.4002245,575.112073,160.504807,-26.393440000000002,590.8780635,349.6940595,-38.919378,-46.62843499999997,38.36700300000001
-48.48714633333333,813.292591,289.82891133333334,-191.45435650000002,575.0333,160.952174,-26.440891,590.9461445,350.11749050000003,-38.96002,-46.4730209999999,38.463449000000026
-48.431228000000004,813.3147746666667,289.9099933333333,-191.506976,574.960207,161.38260200000002,-26.490369,591.010533,350.5282335,-38.999905999999996,-46.320696,38.555976999999984
-48.377446666666664,813.3376413333334,289.9883173333333,-191.5579575,574.892614,161.79627349999998,-26.541615,591.0716075,350.92634150000004,-39.039238,-46.17148499999996,38.64470899999998
-48.325808333333335,813.3611886666667,290.0638853333333,-191.607186,574.8303464999999,162.1933765,-26.594374,591.1297085,351.311861,-39.078179999999996,-46.025439000000006,38.729738
-48.27631366666666,813.38541,290.13670299999995,-191.65455550000001,574.7732345,162.574109,-26.648396,591.1851409999999,351.68483449999997,-39.11687,-45.882639999999924,38.81113899999997
-48.22896033333333,813.4102923333334,290.2067803333333,-191.6999735,574.721114,162.938673,-26.703436500000002,591.238175,352.0453015,-39.155411,-45.74318600000004,38.888960999999995
-48.183743666666665,813.4358183333334,290.2741316666666,-191.7433555,574.673824,163.2872805,-26.759259,591.2890465,352.39329799999996,-39.193872,-45.60719499999993,38.963239999999985
-48.140655,813.461965,290.33877533333333,-191.784631,574.6312069999999,163.620148,-26.815635,591.337961,352.728859,-39.232293999999996,-45.47480200000007,39.03400399999998
-48.09968266666667,813.4887053333333,290.400735,-191.82374049999999,574.5931075,163.937502,-26.8723425,591.385093,353.052019,-39.270687,-45.346152000000075,39.10126599999995
-48.060813333333336,813.5160056666667,290.46003633333333,-191.860637,574.5593725,164.239574,-26.929171999999998,591.4305905,353.3628145,-39.309036,-45.22139500000003,39.16503899999998
-48.024030333333336,813.5438290000001,290.51670966666666,-191.8952845,574.5298465000001,164.52660500000002,-26.985922,591.4745785,353.66128449999997,-39.3473,-45.10068699999999,39.225333000000035
-47.98931533333333,813.5721343333333,290.57079033333326,-191.927659,574.504378,164.79884199999998,-27.042402,591.5171594999999,353.9474695,-39.385416,-44.984178999999926,39.282160999999974
-47.956646666666664,813.6008753333332,290.6223146666666,-191.95774799999998,574.4828110000001,165.05654099999998,-27.0984315,591.5584165,354.2214185,-39.423303,-44.87202100000002,39.33554299999997
-47.92600166666667,813.630002,290.6713246666667,-191.98555,574.4649895,165.29996599999998,-27.153840499999998,591.5984185,354.4831825,-39.460861,-44.76434900000004,39.38550299999997
-47.897355000000005,813.6594603333333,290.7178646666666,-192.011074,574.450754,165.52938699999999,-27.208470000000002,591.6372194999999,354.732821,-39.497982,-44.661291000000006,39.43208000000004
-47.870681,813.6891920000002,290.761982,-192.03434099999998,574.439944,165.74508500000002,-27.262172,591.6748654999999,354.970401,-39.534544,-44.56295699999998,39.475324
-47.84595066666666,813.7191363333333,290.80372666666665,-192.0553795,574.4323945,165.94734499999998,-27.3148075,591.7113925,355.1959975,-39.570419,-44.46944099999996,39.515296999999975
-47.823133000000006,813.749228,290.843152,-192.074228,574.427936,166.136463,-27.366248,591.7468315,355.409695,-39.605478000000005,-44.38081699999998,39.55207800000005
-47.80219866666667,813.7793996666666,290.880313,-192.0909325,574.4263975,166.312741,-27.416375,591.78121,355.611588,-39.639587999999996,-44.29713199999992,39.58575999999999
-47.783113333333326,813.809581,290.915268,-192.105547,574.427604,166.47648700000002,-27.4650775,591.8145529999999,355.801781,-39.672617,-44.21841800000004,39.616453999999976
-47.76584400000001,813.8396993333332,290.948076,-192.118131,574.4313755000001,166.628018,-27.512254,591.8468849999999,355.98039,-39.704440000000005,-44.144678,39.644281999999976
-47.75035566666666,813.8696796666667,290.9787986666667,-192.12875050000002,574.4375295,166.767656,-27.557810500000002,591.8782305,356.1475405,-39.734937,-44.075894999999946,39.66938299999998
-47.73661233333333,813.8994453333333,291.0075,-192.1374755,574.445881,166.89572800000002,-27.60166,591.9086155,356.30337099999997,-39.763994000000004,-44.012024999999994,39.69190999999995
-47.72457666666667,813.9289166666667,291.03424333333334,-192.1443785,574.456242,167.012568,-27.6437225,591.9380679999999,356.44802949999996,-39.791509,-43.95300400000008,39.71202499999998
-47.714211999999996,813.9580156666666,291.059096,-192.1495365,574.4684219999999,167.118513,-27.683922499999998,591.966617,356.581677,-39.817389,-43.89874599999996,39.729903999999976
-47.70547933333333,813.9866603333334,291.0821243333333,-192.153025,574.4822305,167.21390350000001,-27.722192,591.994291,356.70448450000004,-39.84155200000001,-43.849144000000024,39.74572900000004
-47.69834,814.0147693333333,291.10339533333337,-192.154923,574.4974745,167.299084,-27.7584645,592.0211240000001,356.816635,-39.863931,-43.80407600000001,39.75968599999999
-47.692754,814.0422616666666,291.1229773333334,-192.155307,574.5139624999999,167.374399,-27.792679,592.0471465,356.91832,-39.884468,-43.76339900000005,39.771968000000015
-47.688681333333335,814.0690549999999,291.14093933333334,-192.15425249999998,574.531504,167.44019550000002,-27.8247785,592.0723905,357.0097435,-39.903121,-43.72695900000008,39.78276900000003
-47.68608233333333,814.0950676666666,291.1573493333333,-192.1518325,574.5499095,167.49681950000002,-27.854709,592.0968865,357.091118,-39.919858000000005,-43.69459299999994,39.792280000000005
-47.68491533333334,814.120219,291.1722756666666,-192.148117,574.5689924999999,167.544615,-27.882417999999998,592.1206629999999,357.162664,-39.93466,-43.66612399999997,39.800692000000026
-47.68513933333333,814.1444290000001,291.18578633333334,-192.143173,574.58857,167.58392400000002,-27.907856000000002,592.1437444999999,357.22461150000004,-39.94752,-43.64137100000005,39.80818700000003
-47.68671333333333,814.1676180000001,291.19794966666666,-192.1370625,574.6084635,167.61508550000002,-27.930977,592.1661515000001,357.2771975,-39.958439999999996,-43.62014899999997,39.81494299999997
-47.68959533333333,814.1897086666667,291.20883133333336,-192.1298425,574.6284985,167.6384325,-27.951736,592.1878995,357.3206655,-39.967436,-43.60226899999998,39.82112699999999
-47.693744,814.210625,291.21849833333334,-192.12156549999997,574.6485084999999,167.654293,-27.970091,592.2089965,357.3552645,-39.974529999999994,-43.58754499999998,39.826896999999974
-47.699118,814.2302923333333,291.2270146666667,-192.112278,574.6683315,167.662987,-27.986002,592.229443,357.381248,-39.979752000000005,-43.57579199999998,39.832393999999965
-47.705674666666674,814.2486396666667,291.23444366666666,-192.102021,574.6878145000001,167.6648275,-27.999432499999998,592.249232,357.398873,-39.983141,-43.56682799999999,39.83774999999997
-47.713373999999995,814.265597,291.2408473333333,-192.09083149999998,574.7068115,167.66011650000002,-28.010348999999998,592.268347,357.4083995,-39.984742,-43.560479999999984,39.843083000000036
-47.722173,814.281097,291.246286,-192.078738,574.725185,167.6491475,-28.018721,592.28676,357.41008899999997,-39.984601999999995,-43.55657800000006,39.84849000000003
-47.73203166666667,814.2950756666668,291.2508173333333,-192.0657665,574.7428075,167.6322005,-28.024522500000003,592.304434,357.404203,-39.982777,-43.55496399999993,39.854060000000004
-47.74290833333333,814.3074716666666,291.254498,-192.051938,574.7595590000001,167.6095455,-28.0277315,592.321321,357.391002,-39.979321,-43.55548799999997,39.859860000000026
-47.75476333333334,814.3182266666666,291.2573823333333,-192.03726699999999,574.775331,167.5814385,-28.0283315,592.33736,357.3707445,-39.974295,-43.55800999999997,39.86594500000001
-47.76755466666666,814.3272860000001,291.25952166666667,-192.0217665,574.790024,167.54812199999998,-28.0263115,592.352481,357.3436865,-39.967759,-43.562400000000025,39.87235099999998
-47.781243999999994,814.3345983333334,291.26096533333333,-192.005445,574.803549,167.50982399999998,-28.0216675,592.3666000000001,357.310079,-39.959773,-43.5685400000001,39.879106000000036
-47.79579066666667,814.3401146666666,291.2617603333333,-191.98830850000002,574.8158265,167.4667565,-28.014398999999997,592.379623,357.2701685,-39.9504,-43.576322000000005,39.88621699999999
-47.811157,814.3437923333335,291.2619506666667,-191.9703615,574.826789,167.4191185,-28.004517,592.391443,357.2241945,-39.9397,-43.58564999999999,39.893681000000015
-47.82730333333333,814.3455893333334,291.26157800000004,-191.9516065,574.8363775,167.367092,-27.992037,592.4019435,357.1723885,-39.927736,-43.59643499999993,39.90148099999999
-47.844192666666665,814.3454696666666,291.26068133333337,-191.932046,574.844544,167.310842,-27.9769845,592.4109955,357.1149745,-39.914564999999996,-43.60859899999991,39.90959300000003
-47.86178733333333,814.3434003333333,291.2592956666667,-191.91168299999998,574.8512505,167.2505195,-27.959391,592.4184595,357.0521665,-39.900248,-43.62207699999999,39.917979
-47.880051333333334,814.3393536666667,291.2574553333333,-191.8905205,574.8564690000001,167.1862585,-27.9392995,592.424187,356.984169,-39.884845000000006,-43.63680599999998,39.92659400000002
-47.898948,814.3333033333333,291.25519033333336,-191.868565,574.8601815,167.118176,-27.9167605,592.428019,356.9111745,-39.868411,-43.65273400000001,39.935385
-47.918443333333336,814.3252293333334,291.25252833333326,-191.8458235,574.8623789999999,167.046375,-27.891834,592.4297865,356.833364,-39.851003999999996,-43.669816999999966,39.94429200000002
-47.938502,814.3151153333333,291.24949366666664,-191.8223065,574.8630619999999,166.97094099999998,-27.8645885,592.429314,356.750906,-39.832682999999996,-43.68801199999996,39.953254000000015
-47.95909133333333,814.3029483333333,291.24610866666666,-191.798028,574.8622405,166.891945,-27.8351015,592.4264155000001,356.66395650000004,-39.813501,-43.70728500000007,39.96220099999999
-47.98017766666666,814.2887206666668,291.24239366666666,-191.773006,574.859933,166.809441,-27.803459999999998,592.4209000000001,356.5726565,-39.793518,-43.72760400000004,39.97106299999996
-48.001730333333334,814.2724276666668,291.238364,-191.74726199999998,574.8561665,166.72347100000002,-27.769759,592.4125690000001,356.47713650000003,-39.77279,-43.74894000000006,39.97976699999998
-48.023718,814.2540696666666,291.23403533333334,-191.7208225,574.8509755,166.63406,-27.7341035,592.4012175,356.3775095,-39.751377,-43.77126499999997,39.988238999999965
-48.04611,814.2336503333335,291.229419,-191.6937165,574.8444039999999,166.5412195,-27.696603500000002,592.3866355,356.27387650000003,-39.729338999999996,-43.794554999999946,39.99640300000004
-48.06887833333334,814.2111783333334,291.2245233333333,-191.6659805,574.8365014999999,166.444949,-27.6573795,592.368609,356.1663215,-39.706737,-43.81878400000005,40.00418500000001
-48.09199366666667,814.1866656666666,291.219357,-191.637654,574.8273274999999,166.3452325,-27.6165565,592.3469195,356.05491900000004,-39.683634999999995,-43.843929,40.01150999999999
-48.11543066666667,814.160129,291.2139236666667,-191.608778,574.8169455,166.24204300000002,-27.574267,592.321346,355.93972399999996,-39.6601,-43.869964000000095,40.018304
-48.139162,814.1315883333333,291.2082276666667,-191.579401,574.8054295,166.13534049999998,-27.53065,592.291665,355.820782,-39.6362,-43.896866000000045,40.02449200000001
-48.163163,814.1010670000001,291.20226833333334,-191.5495735,574.792856,166.02507350000002,-27.485847,592.257651,355.698121,-39.612005999999994,-43.924608000000035,40.030002000000025
-48.18740966666667,814.0685946666666,291.1960463333333,-191.51934799999998,574.7793115,165.9111795,-27.4400065,592.2190785,355.571758,-39.587590999999996,-43.95316500000001,40.034760000000006
-48.211879333333336,814.0342019999999,291.189559,-191.48878050000002,574.7648865000001,165.793585,-27.393277,592.1757205,355.44169750000003,-39.563032,-43.982508999999936,40.03869500000002
-48.23655,813.9979256666667,291.1828013333333,-191.45792799999998,574.749679,165.67220600000002,-27.345812499999997,592.127352,355.3079285,-39.538407,-44.012617999999975,40.04173300000002
-48.26140133333333,813.959804,291.17576966666667,-191.426849,574.733791,165.54694899999998,-27.297767999999998,592.073748,355.1704305,-39.513796,-44.04346399999997,40.04380100000003
-48.28641366666667,813.9198809999999,291.168456,-191.395602,574.7173325,165.4177105,-27.249297,592.014687,355.02917,-39.489282,-44.075023999999985,40.044824000000006
-48.311569,813.8782016666665,291.1608536666667,-191.364245,574.700417,165.284377,-27.2005555,591.9499490000001,354.88410350000004,-39.464946999999995,-44.107274000000075,40.04472700000002
-48.33685033333334,813.8348173333334,291.1529533333333,-191.332835,574.6831645,165.1468285,-27.151697,591.8793185,354.73517449999997,-39.440878,-44.14019500000006,40.04343299999999
-48.362242333333334,813.7897793333335,291.14474633333333,-191.301426,574.6656995000001,165.004934,-27.102874999999997,591.802584,354.58232,-39.417158,-44.17376999999999,40.04086000000001
-48.38773033333333,813.7431449999999,291.13622166666664,-191.2700715,574.6481515,164.85855500000002,-27.054238,591.7195389999999,354.425464,-39.39387,-44.207986000000005,40.036924
-48.41330133333333,813.6949726666667,291.127369,-191.23882,574.6306555,164.70754599999998,-27.0059325,591.629983,354.2645235,-39.371099,-44.242838000000006,40.03153899999995
-48.438943333333334,813.6453243333334,291.118177,-191.2077155,574.6133515,164.551751,-26.9581005,591.533721,354.09940700000004,-39.348924999999994,-44.278324,40.02461199999999
-48.464647333333325,813.5942650000001,291.10863466666666,-191.17679800000002,574.5963830000001,164.391011,-26.910879,591.430566,353.930014,-39.327428,-44.31445000000008,40.01604400000002
-48.49040366666667,813.541861,291.09873,-191.14610249999998,574.5798984999999,164.225155,-26.8644005,591.3203404999999,353.7562385,-39.306683,-44.351230999999984,40.00573499999996
-48.51620566666667,813.488182,291.0884506666667,-191.115657,574.5640515,164.054009,-26.8187895,591.202872,353.5779655,-39.286761,-44.38869,39.99357699999996
-48.54204766666667,813.4332996666667,291.07778533333334,-191.085484,574.5489984999999,163.877389,-26.7741665,591.0780004999999,353.395076,-39.267729,-44.42686100000003,39.979453999999976
-48.567925333333335,813.3772873333334,291.06672199999997,-191.0556005,574.5348995,163.6951065,-26.730643,590.9455734999999,353.207444,-39.24965,-44.46578699999998,39.96324600000003
-48.593837666666666,813.3202200000001,291.055249,-191.026014,574.5219199999999,163.50696749999997,-26.6883235,590.8054495,353.014939,-39.232575000000004,-44.505525000000034,39.94482399999998
-48.61978200000001,813.262175,291.04335399999997,-190.9967265,574.510227,163.3127705,-26.647305499999998,590.6574969999999,352.81742699999995,-39.216557,-44.54614200000003,39.92405600000001
-48.64576066666667,813.2032296666666,291.031027,-190.9677335,574.49999,163.11230949999998,-26.607678,590.501597,352.61476749999997,-39.20163599999999,-44.587716,39.90079899999995
-48.671776333333334,813.143463,291.0182556666667,-190.93902250000002,574.491385,162.905374,-26.5695215,590.3376385,352.4068185,-39.187844999999996,-44.630341000000044,39.87490700000001
-48.697833333333335,813.0829556666666,291.0050303333333,-190.910575,574.4845869999999,162.69174900000002,-26.5329105,590.165525,352.1934355,-39.175211000000004,-44.6741199999999,39.846225000000004
-48.72393833333333,813.021787,290.9913396666667,-190.8823645,574.4797745000001,162.4712135,-26.497909999999997,589.9851675,351.97446950000005,-39.163752,-44.719168999999965,39.814593
-48.750099999999996,812.960038,290.97717399999993,-190.85436049999998,574.4771285,162.24354499999998,-26.4645755,589.79649,351.749772,-39.153479,-44.76561800000002,39.779844000000026
-48.776327333333334,812.8977893333334,290.96252366666664,-190.826524,574.4768305,162.00851749999998,-26.4329575,589.599425,351.519191,-39.144392999999994,-44.813605999999936,39.74180799999999
-48.80263366666667,812.8351213333334,290.947379,-190.798813,574.479064,161.7659015,-26.403095999999998,589.3939155,351.28257399999995,-39.136488,-44.863283000000024,39.70030600000001
-48.82903166666667,812.772114,290.9317316666666,-190.77117900000002,574.484014,161.5154655,-26.375026,589.1799129999999,351.039769,-39.129751999999996,-44.91480800000011,39.65515999999997
-48.855537999999996,812.7088450000001,290.91557266666666,-190.743572,574.4918655,161.2569785,-26.3487735,588.9573745,350.7906215,-39.124165000000005,-44.96834899999999,39.60618499999998
-48.88216933333333,812.6453933333332,290.8988933333333,-190.7159355,574.5028035,160.990205,-26.324358500000002,588.7262665000001,350.534978,-39.119699,-45.024078999999915,39.55319400000002
-48.90894533333333,812.5818346666666,290.88168566666667,-190.6882125,574.5170135,160.71491200000003,-26.3017945,588.4865575,350.27268449999997,-39.116319000000004,-45.082179,39.49599900000004
-48.935887666666666,812.5182433333333,290.8639416666667,-190.6603445,574.5346815,160.43086449999998,-26.281089,588.2382204999999,350.00358700000004,-39.113991999999996,-45.14282700000001,39.434414000000004
-48.963019,812.4546916666667,290.8456526666667,-190.632271,574.5559920000001,160.137828,-26.2622445,587.9812294999999,349.7275315,-39.112669,-45.20621100000005,39.368247
-48.99036433333333,812.3912493333333,290.82681166666663,-190.60393299999998,574.5811285,159.8355695,-26.245258,587.715558,349.444364,-39.112308,-45.272508000000016,39.29731200000003
-49.017950000000006,812.327984,290.8074096666667,-190.5752705,574.6102735,159.5238565,-26.230123,587.441178,349.153929,-39.112858,-45.341902000000005,39.221423999999956
-49.04580433333333,812.2649603333334,290.787439,-190.5462265,574.6436100000001,159.20245699999998,-26.2168285,587.158055,348.8560705,-39.114267,-45.41456199999993,39.14040499999999
-49.07395733333334,812.2022396666666,290.7668903333333,-190.516747,574.6813175,158.87114150000002,-26.2053605,586.8661500000001,348.5506325,-39.116485000000004,-45.49065800000005,39.05407700000001
-49.102440333333334,812.1398783333334,290.7457546666667,-190.4867805,574.7235754999999,158.52967999999998,-26.1957045,586.565414,348.237454,-39.119459,-45.57034199999998,38.96226999999999
-49.13128699999999,812.0779316666667,290.72402200000005,-190.4562775,574.7705605000001,158.1778465,-26.187843,586.2557875,347.9163735,-39.123138,-45.653763000000026,38.864823
-49.160531,812.0164493333333,290.70168233333334,-190.425198,574.822449,157.81541299999998,-26.181757,585.9371980000001,347.587225,-39.127474,-45.74104799999998,38.76157999999998
-49.19020966666667,811.955477,290.6787236666667,-190.3935015,574.8794155,157.442155,-26.177429,585.6095585,347.2498375,-39.132422,-45.832314999999994,38.65239500000001
-49.22035966666667,811.895056,290.655134,-190.3611565,574.941632,157.05784649999998,-26.1748415,585.2727655,346.904034,-39.137939,-45.927660999999944,38.537131999999986
-49.25102033333334,811.8352233333334,290.6308993333333,-190.328136,575.0092705,156.6622635,-26.17398,584.9266975,346.549631,-39.14398799999999,-46.02716500000008,38.41566800000004
-49.282231333333335,811.7760106666666,290.606005,-190.294419,575.082501,156.255179,-26.17483,584.5712125,346.1864365,-39.150538,-46.130889000000025,38.28788900000001
-49.31403433333333,811.717446,290.5804346666667,-190.25999000000002,575.1614935,155.836367,-26.177382,584.2061505,345.814247,-39.157562,-46.23887300000001,38.153692000000035
-49.34647166666667,811.65955,290.55417000000006,-190.2248395,575.2464175,155.405597,-26.1816305,583.831327,345.4328505,-39.165039,-46.35113799999999,38.01298700000001
-49.379588333333324,811.6023409999999,290.52719233333335,-190.1889625,575.3374409999999,154.9626365,-26.187575,583.446537,345.04202,-39.172958,-46.46768199999997,37.86569400000002
-49.413427333333324,811.5458293333335,290.499479,-190.1523595,575.4347339999999,154.507249,-26.19522,583.0515535,344.641515,-39.181309999999996,-46.58848899999998,37.711749999999995
-49.44803533333334,811.4900226666665,290.4710076666667,-190.115035,575.5384644999999,154.03919199999999,-26.204576499999998,582.646127,344.23108,-39.190097,-46.71351600000003,37.55109599999997
-49.48345966666667,811.4349209999999,290.44175233333334,-190.076994,575.6488055,153.5582155,-26.215664,582.2299845,343.81043999999997,-39.199324,-46.84270900000001,37.383685999999955
-49.519747,811.3805196666667,290.4116856666667,-190.0382475,575.76593,153.0640635,-26.228509,581.8028340000001,343.3793035,-39.209005999999995,-46.97599200000002,37.20948299999998
-49.556947,811.3268103333334,290.3807776666667,-189.998803,575.8900120000001,152.5564685,-26.243147,581.364362,342.9373575,-39.219162,-47.11327800000004,37.028459
-49.595108333333336,811.2737763333333,290.34899633333333,-189.95866999999998,576.0212305,152.03515349999998,-26.259622,580.914235,342.484267,-39.229816,-47.25446599999998,36.84058600000003
-49.634280999999994,811.2213983333335,290.3163073333333,-189.91785399999998,576.159768,151.4998285,-26.2779885,580.452102,342.019675,-39.240999,-47.39944400000002,36.645846000000006
-49.67451566666667,811.1696503333333,290.2826723333333,-189.87635749999998,576.3058120000001,150.950189,-26.2983095,579.977596,341.543199,-39.252745,-47.548092,36.44421599999998
-49.715864333333336,811.1185019999999,290.24805299999997,-189.83417550000001,576.459555,150.3859165,-26.320661,579.4903354999999,341.054433,-39.26509,-47.700287,36.23567600000001
-49.758378,811.0679176666666,290.212406,-189.7912955,576.621195,149.80667449999999,-26.3451265,578.989927,340.55294200000003,-39.278073000000006,-47.855898000000025,36.020196
-49.802109333333334,811.0178566666667,290.17568600000004,-189.7476945,576.7909385,149.212109,-26.371802499999998,578.4759645,340.03826549999997,-39.291733,-48.01479900000004,35.797743000000025
-49.847111000000005,810.9682736666667,290.137846,-189.7033375,576.9689989999999,148.601846,-26.400796,577.9480375,339.509913,-39.306110000000004,-48.17686500000002,35.568265999999994
-49.893435000000004,810.9191199999999,290.098834,-189.658175,577.1555975,147.97549,-26.4322235,577.4057275,338.9673665,-39.321239000000006,-48.34197700000004,35.331705
-49.941134999999996,810.8703409999999,290.05859733333335,-189.61214,577.350967,147.332624,-26.466212,576.8486115000001,338.410077,-39.337152,-48.51002299999993,35.087976000000026
-49.99026333333333,810.8218790000001,290.0170786666667,-189.56514850000002,577.555348,146.67281,-26.502899999999997,576.276267,337.8374655,-39.353876,-48.680901999999946,34.836974999999995
-50.040873,810.7736726666667,289.9742186666667,-189.517093,577.7689935000001,145.995583,-26.542434500000002,575.6882735,337.248922,-39.371429,-48.85452499999997,34.57856800000002
-50.09301666666667,810.7256560000001,289.929954,-189.467847,577.9921664999999,145.300456,-26.584970000000002,575.084211,336.643807,-39.389822,-49.03081999999995,34.312591999999995
-50.146745333333335,810.6777609999999,289.8842193333333,-189.4172555,578.2251425,144.5869175,-26.6306715,574.4636665,336.0214485,-39.409053,-49.20972700000004,34.038850999999966
-50.20211166666667,810.6299156666668,289.83694533333335,-189.3651395,578.4682095000001,143.854431,-26.67971,573.8262345,335.381144,-39.429106000000004,-49.39120700000001,33.75710800000002
-50.25916599999999,810.582046,289.78806033333336,-189.3112945,578.7216655,143.102438,-26.732262,573.1715180000001,334.7221595,-39.449951999999996,-49.57523800000001,33.46709100000004
-50.31795733333333,810.5340746666667,289.7374893333333,-189.255484,578.9858245,142.330355,-26.7885105,572.499131,334.043732,-39.471541,-49.76181600000007,33.16847999999999
-50.37853533333333,810.4859236666666,289.685154,-189.19744550000001,579.2610085,141.537578,-26.848641,571.8087,333.345067,-39.493809999999996,-49.95095600000002,32.86091000000005
-50.440946999999994,810.4375113333334,289.63097366666665,-189.136886,579.547555,140.723484,-26.9128415,571.0998669999999,332.6253415,-39.516671,-50.142694000000006,32.543972999999994
-50.505237666666666,810.3887556666667,289.57486366666666,-189.073482,579.8458089999999,139.887432,-26.9812995,570.3722865,331.88370299999997,-39.540013,-50.33708100000001,32.21720799999997
-50.571452,810.3395733333333,289.5167373333333,-189.00688300000002,580.1561275,139.02876650000002,-27.054204,569.625633,331.119272,-39.563704,-50.534184000000096,31.880110000000002
-50.63963233333334,810.2898803333334,289.456505,-188.936708,580.4788755,138.1468195,-27.1317385,568.8595955000001,330.331145,-39.587585,-50.734088999999926,31.53212400000001
-50.709818000000006,810.2395913333334,289.394074,-188.8625505,580.8144255,137.240918,-27.214082,568.0738845000001,329.51839,-39.611472,-50.936890999999946,31.17264799999998
-50.782046666666666,810.1886216666667,289.32935,-188.783978,581.1631540000001,136.3103865,-27.3014075,567.268229,328.68005600000004,-39.635155000000005,-51.142697999999996,30.801034000000016
-50.856354,810.136887,289.262235,-188.7005345,581.525441,135.35455,-27.393878,566.4423785,327.81516999999997,-39.658395999999996,-51.35162300000002,30.41659599999997
-50.932771333333335,810.0843026666668,289.19263,-188.6117435,581.9016675,134.372744,-27.491646499999998,565.596106,326.92274,-39.680929,-51.563788000000045,30.018602000000044
-51.01132833333333,810.0307853333334,289.1204336666667,-188.5171105,582.2922100000001,133.3643175,-27.594852,564.7292050000001,326.00176050000005,-39.702462000000004,-51.779314,29.606292999999994
-51.092051,809.9762530000002,289.0455426666667,-188.41612650000002,582.6974399999999,132.328642,-27.703617,563.8414955000001,325.05121199999996,-39.722678,-51.998318999999924,29.178876000000002
-51.174960999999996,809.9206243333333,288.9678536666666,-188.3082715,583.117719,131.26511599999998,-27.818047,562.93282,324.0700665,-39.741234000000006,-52.22091399999999,28.735533000000032
-51.26007666666667,809.8638203333334,288.8872606666667,-188.19302,583.553394,130.1731775,-27.938228,562.0030485,323.057292,-39.757764,-52.44720499999994,28.27543400000002
-51.347412999999996,809.8057650000001,288.803658,-188.0698445,584.0047955,129.05230600000002,-28.0642235,561.0520779999999,322.01185350000003,-39.771879000000006,-52.67727400000001,27.79773300000005
-51.43698066666666,809.7463819999999,288.71694033333335,-187.9382185,584.4722315,127.9020355,-28.196074,560.0798345000001,320.93272,-39.783173999999995,-52.911193000000026,27.30158799999998
-51.52878533333333,809.6856003333334,288.62700133333334,-187.79762649999998,584.9559825,126.7219595,-28.333792499999998,559.086274,319.81887,-39.791227,-53.1490060000001,26.786158
-51.62282833333333,809.62335,288.53373600000003,-187.647564,585.4562985,125.511742,-28.477366,558.0713840000001,318.66929300000004,-39.795601999999995,-53.39072999999996,26.250621999999964
-51.719106333333336,809.5595653333334,288.43704099999997,-187.487547,585.9733960000001,124.2711215,-28.6267525,557.0351865,317.482999,-39.795854999999996,-53.636347,25.69417999999996
-51.817612,809.4941830000001,288.336815,-187.3171145,586.507449,122.99992400000001,-28.7818795,555.9777385,316.2590205,-39.791537,-53.885807,25.116066999999987
-51.91833166666667,809.4271433333333,288.232958,-187.13583649999998,587.0585905,121.69806400000002,-28.9426455,554.899133,314.99642,-39.782199,-54.13901800000008,24.51556400000004
-52.02124633333333,809.3583893333334,288.12537433333335,-186.94331649999998,587.626906,120.365557,-29.108916,553.7995040000001,313.6942985,-39.767393999999996,-54.395842000000016,23.89200100000005
-52.126333666666675,809.2878693333332,288.013971,-186.73920099999998,588.2124315000001,119.0025195,-29.280526,552.6790249999999,312.351797,-39.746688,-54.65609600000005,23.244776
-52.233564666666666,809.2155343333334,287.898661,-186.5231805,588.81515,117.60917749999999,-29.457278000000002,551.5379144999999,310.968105,-39.719656,-54.919545000000085,22.57335599999999
-52.342904000000004,809.1413403333332,287.7793603333334,-186.294998,589.434991,116.185866,-29.6389455,550.376433,309.5424685,-39.685895,-55.18590199999994,21.87728900000002
-52.45431266666666,809.0652450000001,287.655993,-186.05445,590.071829,114.733036,-29.825271,549.194891,308.0741935,-39.645027999999996,-55.45482199999992,21.156217000000026
-52.567745333333335,808.987213,287.52848766666665,-185.80139300000002,590.725484,113.25125,-30.015969000000002,547.993645,306.5626535,-39.596708,-55.725908000000004,20.409875
-52.68315033333334,808.9072113333333,287.3967823333333,-185.535747,591.3957215,111.7411835,-30.210728,546.7731025,305.0072955,-39.540618,-55.998701000000096,19.63810699999999
-52.800472333333325,808.8252113333333,287.26082133333335,-185.2574975,592.082255,110.20362349999999,-30.4092105,545.5337225000001,303.4076445,-39.476487000000006,-56.272685000000024,18.840868999999998
-52.91964866666667,808.7411876666666,287.120558,-184.9666985,592.7847505,108.63945999999999,-30.611059,544.276015,301.763311,-39.404086,-56.54728799999998,18.018228000000022
-53.040612333333335,808.6551210000001,286.97595700000005,-184.6634755,593.5028255,107.04968600000001,-30.815896499999997,543.000545,300.07399250000003,-39.323237,-56.821879999999965,17.170380999999963
-53.16329033333333,808.5669943333332,286.826992,-184.3480245,594.2360595,105.4353855,-31.023329,541.7079285,298.33948350000003,-39.233814,-57.095777,16.297645000000045
-53.28760466666666,808.4767953333334,286.673647,-184.02061550000002,594.983997,103.797728,-31.232952500000003,540.3988365,296.55967350000003,-39.135751,-57.368240999999955,15.400464999999997
-53.413472000000006,808.3845150000001,286.51591933333333,-183.681589,595.746153,102.137956,-31.444353,539.0739915,294.734553,-39.029038,-57.638485,14.47941400000002
-53.540805,808.2901493333333,286.35381766666666,-183.33135950000002,596.5220205,100.4573775,-31.657113499999998,537.7341695,292.8642185,-38.913733,-57.905678999999964,13.535194999999987
-53.66950966666667,808.1936973333333,286.18736466666667,-182.97040850000002,597.3110795,98.757351,-31.870816,536.3801955,290.9488695,-38.789954,-58.16894899999994,12.568632999999977
-53.79948833333333,808.0951616666666,286.01659466666666,-182.59929,598.1128014999999,97.0392775,-32.085048,535.0129435,288.98881600000004,-38.657889999999995,-58.42738700000001,11.580677999999978
-53.930638666666674,807.99455,285.84155833333335,-182.2186195,598.9266580000001,95.304586,-32.2994045,533.6333334999999,286.984472,-38.517793,-58.68005499999998,10.572400000000016
-54.06285400000001,807.8918710000002,285.6623193333333,-181.82907849999998,599.7521280000001,93.5547225,-32.5134945,532.2423285,284.93636300000003,-38.369985,-58.92598700000002,9.544979999999953
-54.196023333333336,807.7871399999999,285.478956,-181.43140549999998,600.588701,91.79114200000001,-32.726943,530.8409315,282.84511899999995,-38.21485,-59.16420500000004,8.499704000000008
-54.330031999999996,807.6803736666667,285.29156333333333,-181.02639549999998,601.4358864999999,90.015297,-32.939398,529.430181,280.711476,-38.052839999999996,-59.39371599999998,7.4379579999999805
-54.464762,807.5715933333335,285.1002493333333,-180.6148935,602.293212,88.22863100000001,-33.150531,528.0111465,278.5362735,-37.884463999999994,-59.61352499999998,6.361217000000011
-54.60009133333333,807.4608236666667,284.90513933333335,-180.197792,603.1602285,86.4325745,-33.360044,526.584925,276.320451,-37.710294,-59.82264200000003,5.271033999999986
-54.735895666666664,807.3480913333333,284.70637266666665,-179.776024,604.0365095,84.6285405,-33.5676705,525.1526345,274.065044,-37.530955,-60.02008500000005,4.169028000000026
-54.87204666666668,807.233429,284.50410533333337,-179.35055999999997,604.9216475000001,82.8179265,-33.7731805,523.7154065,271.771181,-37.347119,-60.20489500000002,3.0568759999999884
-55.00841533333334,807.11687,284.29850766666664,-178.9224025,605.8152485,81.0021175,-33.9763805,522.274386,269.440077,-37.159509,-60.376135999999974,1.936298000000022
-55.144869,806.9984526666667,284.089764,-178.49258,606.7169285,79.1824935,-34.177118,520.8307195,267.073031,-36.96888,-60.53290700000002,0.8090419999999767
-55.281273666666664,806.8782176666667,283.878075,-178.062144,607.626299,77.360438,-34.375282999999996,519.3855515,264.671416,-36.776024,-60.67434499999996,-0.3231220000000121
-55.417494999999995,806.7562096666666,283.663653,-177.6321635,608.5429565,75.5373525,-34.570808,517.9400185,262.23667750000004,-36.58175800000001,-60.79963499999997,-1.458424999999977
-55.553395333333334,806.6324759999999,283.446725,-177.2037185,609.4664665,73.714673,-34.7636695,516.495242,259.7703235,-36.386921,-60.90801600000003,-2.5951049999999896
-55.68883833333333,806.5070676666668,283.2275306666666,-176.777898,610.3963504999999,71.8938885,-34.953889000000004,515.0523215,257.27392150000003,-36.192358,-60.99878099999995,-3.7314210000000116
-55.823686666666674,806.3800383333333,283.006321,-176.3557935,611.3320635,70.076563,-35.141532,513.612331,254.74908699999997,-35.998926,-61.071289999999976,-4.865667999999999
-55.95780200000001,806.251444,282.78335799999996,-175.938496,612.272976,68.2643555,-35.3267065,512.1763109999999,252.19748249999998,-35.807475,-61.12496999999996,-5.996188999999987
-56.09104833333333,806.1213459999999,282.5589133333333,-175.5270895,613.218354,66.4590465,-35.5095635,510.745263,249.62080500000002,-35.618847,-61.15931599999999,-7.121384000000006
-56.223289666666666,805.9898059999999,282.33326900000003,-175.122647,614.1673385,64.66255749999999,-35.690294,509.320147,247.0207835,-35.433868000000004,-61.1739,-8.239719000000008
-56.35439066666667,805.85689,282.10671333333335,-174.7262285,615.1189294999999,62.876973500000005,-35.8691295,507.90187349999997,244.39917,-35.253339,-61.16837099999998,-9.349743999999987
-56.48421833333333,805.722666,281.8795426666667,-174.33887149999998,616.0719655,61.104562,-36.046335,506.4913005,241.7577335,-35.078034,-61.142453000000046,-10.450090999999986
-56.612641999999994,805.5872046666667,281.65205833333334,-173.96159,617.0251129999999,59.347784,-36.222210000000004,505.0892315,239.0982545,-34.90869,-61.09594900000002,-11.539487000000008
-56.739532999999994,805.450579,281.42456633333336,-173.595368,617.976854,57.609307,-36.397086,503.69641049999996,236.422518,-34.746004,-61.028745000000015,-12.61675600000001
-56.86476533333334,805.3128643333333,281.19737566666663,-173.241154,618.9254825,55.8920065,-36.571318500000004,502.3135195,233.7323075,-34.590627,-60.94079899999997,-13.680830999999984
-56.988217,805.174137,280.970797,-172.8998535,619.869104,54.198958000000005,-36.7452885,500.9411775,231.0294,-34.443161,-60.83215100000001,-14.730745999999982
-57.109769,805.034475,280.7451426666667,-172.5723275,620.8056425,52.533429000000005,-36.919396,499.57993949999997,228.3155605,-34.304154,-60.70291499999996,-15.765647000000001
-57.229306666666666,804.893959,280.52072300000003,-172.2593805,621.7328555,50.898852999999995,-37.094056,498.2302965,225.5925375,-34.174099999999996,-60.553274999999985,-16.784785
-57.34671966666667,804.7526693333333,280.2978473333333,-171.9617595,622.6483519999999,49.298798500000004,-37.269696,496.8926715,222.862058,-34.053438,-60.383489000000054,-17.787521999999996
-57.461903,804.6106863333333,280.0768216666667,-171.6801415,623.5496235,47.7369285,-37.4467515,495.5674265,220.125823,-33.942543,-60.19387899999998,-18.773322000000007
-57.574755,804.4680923333334,279.857948,-171.4151335,624.434079,46.216947000000005,-37.625661,494.254859,217.38550450000002,-33.841734,-59.98482999999993,-19.741750999999994
-57.685181,804.3249673333333,279.6415226666667,-171.1672595,625.2990864999999,44.742543,-37.8068605,492.95520650000003,214.6427405,-33.751273,-59.756785000000036,-20.692469000000017
-57.79309166666667,804.1813933333333,279.42783433333335,-170.9369605,626.142022,43.31732,-37.9907855,491.6686475,211.899133,-33.671363,-59.510245,-21.625225999999998
-57.89840266666666,804.0374486666666,279.217165,-170.7245825,626.9603235,41.944728500000004,-38.177859500000004,490.3953045,209.156245,-33.602149,-59.24575500000003,-22.539856000000015
-58.001037,803.893212,279.0097886666667,-170.530377,627.7515435,40.6279845,-38.368494999999996,489.1352495,206.415596,-33.543728,-58.963909,-23.43626599999999
-58.100923,803.7487590000001,278.80596799999995,-170.3544935,628.5134095000001,39.369997,-38.56309,487.888505,203.6786625,-33.496142,-58.66533800000002,-24.31442900000002
-58.19799533333333,803.6041643333334,278.60595600000005,-170.196981,629.24388,38.173293,-38.7620205,486.655049,200.9468735,-33.45938700000001,-58.350712000000044,-25.174376999999993
-58.29219700000001,803.459499,278.40999400000004,-170.05777999999998,629.9411944999999,37.039947,-38.965643,485.43482100000006,198.221609,-33.433414,-58.02072800000002,-26.016186000000005
-58.38347533333333,803.314831,278.21831133333336,-169.936732,630.6039235000001,35.9715225,-39.174285499999996,484.227724,195.5042005,-33.418137,-57.676109999999994,-26.839972999999986
-58.471786,803.1702246666665,278.03112366666664,-169.8335755,631.2310045,34.969023,-39.3882505,483.03363149999996,192.7959265,-33.413429,-57.317601000000025,-27.645884999999993
-58.55709133333334,803.0257403333334,277.84863466666667,-169.7479525,631.821773,34.0328595,-39.607809,481.8523905,190.0980145,-33.41914,-56.945963000000006,-28.434084999999982
-58.63936,802.8814353333333,277.67103266666663,-169.679416,632.3759745,33.162834000000004,-39.8332,480.683828,187.4116385,-33.435084,-56.56196799999998,-29.204748999999993
-58.71856866666667,802.7373606666666,277.49849133333333,-169.62743849999998,632.8937695,32.3581425,-40.064626000000004,479.5277535,184.737918,-33.461058,-56.16639500000002,-29.958056
-58.79470033333333,802.593563,277.3311703333333,-169.5914215,633.3757195000001,31.617396499999998,-40.302256,478.383966,182.0779195,-33.496840000000006,-55.76003000000003,-30.69417899999999
-58.867743,802.4500840000001,277.1692136666666,-169.57070750000003,633.822764,30.938665,-40.5462215,477.2522565,179.432655,-33.542193,-55.343659,-31.41327800000002
-58.937695,802.3069603333333,277.01275,-169.564591,634.2361834999999,30.319528000000002,-40.7966155,476.132412,176.80308200000002,-33.596867,-54.91805999999997,-32.115493999999984
-59.004558333333335,802.1642226666667,276.86189200000007,-169.572337,634.617551,29.757145,-41.053493,475.024222,174.190107,-33.660612,-54.48401200000001,-32.80094399999999
-59.068342666666666,802.0218960000001,276.71673633333336,-169.5931865,634.9686825,29.248337499999998,-41.3168715,473.927478,171.5945825,-33.733169000000004,-54.042282,-33.469717
-59.129064,801.8799983333333,276.57736466666665,-169.626376,635.2915725,28.7896665,-41.5867295,472.8419805,169.017309,-33.814283,-53.59362500000003,-34.121871999999996
-59.186744,801.7385433333333,276.44384233333335,-169.671144,635.5883405,28.377526500000002,-41.8630095,471.767536,166.459038,-33.903699,-53.13878399999999,-34.757431999999994
-59.24141100000001,801.597538,276.3162193333333,-169.7267455,635.8611665,28.008225000000003,-42.1456165,470.7039665,163.92047200000002,-34.001169,-52.67848900000001,-35.376386
-59.293098333333326,801.456983,276.194529,-169.7924585,636.1122325,27.6780685,-42.434421,469.65110500000003,161.4022655,-34.106449999999995,-52.21345000000002,-35.978688999999974
-59.341845666666664,801.3168733333333,276.0787903333333,-169.867591,636.3436735,27.3834345,-42.729262,468.6088,158.905032,-34.21931000000001,-51.74436199999997,-36.564261999999985
-59.38769666666667,801.1771986666668,275.969007,-169.9514905,636.5575275,27.120838499999998,-43.029945,467.576914,156.429337,-34.339524,-51.27189800000002,-37.132994
-59.43070133333333,801.0379409999999,275.865167,-170.0435415,636.755697,26.886993500000003,-43.336247,466.55532500000004,153.9757105,-34.466882,-50.79671400000001,-37.68474499999999
-59.47091399999999,800.8990803333332,275.7672453333333,-170.143174,636.9399125,26.6788495,-43.6479205,465.5439265,151.544643,-34.601179,-50.31944699999997,-38.219351999999986
-59.50839333333334,800.7605873333333,275.675201,-170.2498595,637.111714,26.493633,-43.9646925,464.54262600000004,149.1365895,-34.742227,-49.84071,-38.73662900000002
-59.543201333333336,800.62243,275.58898100000005,-170.3631105,637.27243,26.3288665,-44.28627,463.551343,146.7519755,-34.889846,-49.36109600000003,-39.23637699999999
-59.575405666666676,800.4845716666667,275.50851800000004,-170.4824815,637.4231715000001,26.18238,-44.612342999999996,462.5700085,144.3911955,-35.043866,-48.88117900000003,-39.71838700000001
-59.605076,800.3469693333333,275.433732,-170.60755999999998,637.564831,26.0523155,-44.942587,461.598564,142.054619,-35.204128,-48.401512000000025,-40.182445999999985
-59.63228566666667,800.2095776666666,275.36453133333333,-170.7379675,637.698086,25.937116500000002,-45.2766665,460.636957,139.742592,-35.370481,-47.92262600000004,-40.62834600000001
-59.65711100000001,800.0723466666667,275.3008116666667,-170.873351,637.8234125,25.8355115,-45.614239,459.685139,137.4554415,-35.542784,-47.44503199999997,-41.055885
-59.679631,799.9352230000001,275.24245866666666,-171.01338049999998,637.9411,25.746498,-45.9549565,458.74306449999995,135.193476,-35.720896999999994,-46.969221000000005,-41.464882
-59.699927333333335,799.7981506666666,275.189347,-171.1577395,638.0512715,25.669306499999998,-46.2984725,457.81068600000003,132.95699150000002,-35.904689,-46.49566399999998,-41.855175
-59.71808266666667,799.6610703333332,275.1413413333333,-171.3061265,638.153906,25.603378499999998,-46.6444405,456.887952,130.746271,-36.094031,-46.02481599999999,-42.22663200000001
-59.73418233333334,799.5239206666666,275.0982966666666,-171.45824199999998,638.2488625,25.548327999999998,-46.992522,455.9748025,128.5615905,-36.288796000000005,-45.55710899999997,-42.579155
-59.748312,799.386639,275.060061,-171.6137915,638.3359055000001,25.5039105,-47.342385500000006,455.071168,126.403217,-36.488857,-45.09295599999996,-42.912683999999985
-59.76055866666667,799.2491603333333,275.02647233333334,-171.77247549999998,638.41473,25.469988,-47.693712000000005,454.176965,124.27141449999999,-36.694086000000006,-44.63275599999997,-43.227209
-59.77101100000001,799.111419,274.99736333333334,-171.9339885,638.4849839999999,25.4464975,-48.0461945,453.29209349999996,122.16644449999998,-36.90435099999999,-44.17688500000003,-43.52275899999999
-59.779756666666664,798.9733483333333,274.9725593333333,-172.098018,638.546293,25.4334215,-48.399547,452.416433,120.08856600000001,-37.119516000000004,-43.72570400000001,-43.79942200000001
-59.78688433333334,798.8348823333334,274.9518796666667,-172.26423849999998,638.598279,25.4307595,-48.753499000000005,451.549841,118.03804099999999,-37.33944,-43.27955400000002,-44.05733400000001
-59.792481333333335,798.6959536666667,274.935139,-172.4323135,638.64058,25.438506,-49.10780200000001,450.692149,116.015131,-37.563976000000004,-42.838760000000036,-44.296688
-59.796636,798.5564949999999,274.9221483333333,-172.60189450000001,638.672865,25.456627500000003,-49.462231,449.8431625,114.0201005,-37.792968,-42.40363100000002,-44.517729
-59.79943466666666,798.4164416666666,274.91271333333333,-172.7726185,638.694844,25.485052,-49.816584500000005,449.002656,112.053217,-38.026253000000004,-41.97445200000004,-44.72076200000001
-59.800963,798.2757280000001,274.9066393333333,-172.94411200000002,638.7062814999999,25.523649,-50.170688,448.1703735,110.11475100000001,-38.26365799999999,-41.55149499999999,-44.90613800000001
-59.801306333333336,798.1342896666666,274.90372766666667,-173.1159905,638.7070015,25.5722295,-50.524393,447.346025,108.204976,-38.505002,-41.13501199999996,-45.07426000000001
-59.800546,797.9920636666666,274.9037783333334,-173.28786100000002,638.6968905,25.630535000000002,-50.8775805,446.5292865,106.3241675,-38.750095,-40.72523899999999,-45.22557900000001
-59.79876366666667,797.8489893333334,274.906593,-173.4593215,638.675902,25.6982395,-51.2301585,445.7197995,104.4726055,-38.998737000000006,-40.32239099999998,-45.36058700000001
-59.796038,797.705007,274.9119713333334,-173.62996900000002,638.6440525,25.774951,-51.582065,444.917167,102.6505685,-39.250721999999996,-39.92666399999996,-45.479815
-59.792446000000005,797.560058,274.91971466666666,-173.799396,638.6014204999999,25.860214,-51.9332685,444.12095899999997,100.8583355,-39.50583700000001,-39.538238000000035,-45.583821
-59.788060333333334,797.4140873333334,274.92962566666665,-173.967196,638.548143,25.953518499999998,-52.283765,443.3307055,99.0961865,-39.763861999999996,-39.15727099999998,-45.673193
-59.78295333333333,797.2670406666666,274.94151000000005,-174.132967,638.4844075000001,26.0543065,-52.6335835,442.5459025,97.364396,-40.024573000000004,-38.78390300000001,-45.74853200000001
-59.777193000000004,797.1188660000001,274.955176,-174.2963125,638.4104480000001,26.161982000000002,-52.982780000000005,441.7660105,95.663235,-40.287744,-38.41825700000004,-45.81045599999999
-59.77084466666667,796.969513,274.9704356666667,-174.4568435,638.3265365,26.275919000000002,-53.33144,440.9904525,93.99296849999999,-40.553148,-38.06043299999999,-45.859583
-59.76397,796.8189336666668,274.9871053333333,-174.614185,638.232974,26.3954775,-53.679677999999996,440.21862,92.35385199999999,-40.82055999999999,-37.710515999999984,-45.896528
-59.75662766666667,796.6670816666668,275.00500633333337,-174.767972,638.130085,26.5200065,-54.0276365,439.4498715,90.74613099999999,-41.089755,-37.368569000000036,-45.92189599999999
-59.74887233333333,796.5139133333332,275.02396533333336,-174.9178565,638.0182095,26.648859,-54.375485,438.683534,89.1700375,-41.36052,-37.03463799999997,-45.936273
-59.74075533333333,796.3593856666666,275.0438153333334,-175.06350550000002,637.8976935,26.781401499999998,-54.72341900000001,437.918906,87.6257875,-41.632646,-36.708748000000014,-45.940223
-59.73232466666666,796.2034586666667,275.06439466666666,-175.204606,637.7688855,26.917019500000002,-55.0716575,437.155258,86.11358,-41.905935,-36.39090999999996,-45.934276000000004
-59.723624,796.0460929999999,275.0855506666666,-175.340863,637.6321264999999,27.0551295,-55.420444499999995,436.3918385,84.633593,-42.180201,-36.08111299999996,-45.918929999999996
-59.71469200000001,795.8872513333332,275.1071373333333,-175.4720015,637.487748,27.1951805,-55.770043,435.6278705,83.185983,-42.455274,-35.77932900000002,-45.894639999999995
-59.705566,795.7268976666668,275.1290143333333,-175.59776699999998,637.3360660000001,27.3366645,-56.120739,434.86256000000003,81.7708785,-42.731002,-35.48551600000002,-45.86181899999999
-59.69627633333332,795.5649966666666,275.1510523333333,-175.717924,637.1773765,27.479118,-56.472834000000006,434.095096,80.388385,-43.007242,-35.19961000000001,-45.820831999999996
-59.68685133333333,795.4015153333334,275.17312833333335,-175.83225950000002,637.0119540000001,27.622124,-56.826646,433.324654,79.038574,-43.28388,-34.92153400000001,-45.771995999999994
-59.67731466666667,795.2364203333333,275.195129,-175.94057850000002,636.8400485,27.7653155,-57.182505000000006,432.55039999999997,77.7214875,-43.560814,-34.651193999999975,-45.715581
-59.66768533333334,795.0696803333334,275.21694866666667,-176.042707,636.6618825,27.9083775,-57.54075400000001,431.77149199999997,76.4371325,-43.83796400000001,-34.38847800000002,-45.651805
-59.65798,794.9012646666666,275.238492,-176.1384895,636.477655,28.0510445,-57.9017405,430.987086,75.18548150000001,-44.115266999999996,-34.13326000000001,-45.580845
-59.64820866666667,794.7311423333334,275.2596703333333,-176.227789,636.287536,28.193099,-58.26582,430.1963395,73.96647,-44.39268,-33.885401,-45.502829999999996
-59.63838066666667,794.5592833333334,275.28040500000003,-176.310485,636.0916695000001,28.334373,-58.6333475,429.39841249999995,72.779992,-44.670176999999995,-33.64474100000001,-45.41785
-59.628498666666665,794.385658,275.300626,-176.38647450000002,635.890176,28.4747415,-59.004678,428.5924755,71.6259055,-44.947745999999995,-33.411111000000005,-45.32595899999999
-59.618563333333334,794.210238,275.32027266666665,-176.455668,635.6831500000001,28.614123,-59.38015899999999,427.77770999999996,70.5040245,-45.22539,-33.184324000000004,-45.227183
-59.60857066666667,794.0329923333333,275.339291,-176.517992,635.4706659999999,28.7524745,-59.7601325,426.95331450000003,69.414124,-45.503119,-32.964180999999996,-45.121522
-59.59851466666667,793.853894,275.3576366666666,-176.5733855,635.252777,28.8897875,-60.144926999999996,426.11850849999996,68.3559345,-45.780958,-32.750467000000015,-45.008959000000004
-59.588384333333345,793.6729133333333,275.3752733333333,-176.6218005,635.0295169999999,29.026084500000003,-60.53485500000001,425.272536,67.3291465,-46.058932000000006,-32.542956000000004,-44.889464999999994
-59.57816633333334,793.4900213333334,275.39217133333335,-176.66320000000002,634.8009065,29.161417500000002,-60.93021,424.414669,66.333406,-46.337067999999995,-32.341406000000006,-44.76301
-59.56784366666667,793.3051893333335,275.40831,-176.69755650000002,634.5669495,29.295861000000002,-61.3312615,423.544214,65.36832,-46.615396999999994,-32.145568000000026,-44.629568
-59.557398,793.1183893333333,275.42367433333334,-176.724854,634.32764,29.42951,-61.738253,422.6605145,64.4334525,-46.89393999999999,-31.955176999999992,-44.489118999999995
-59.546806333333336,792.929592,275.43825633333336,-176.74508450000002,634.0829615,29.5624765,-62.1513975,421.76295400000004,63.528328,-47.172712999999995,-31.76995800000003,-44.341666000000004
-59.53604466666667,792.7387693333334,275.45205433333336,-176.758249,633.8328895,29.694885,-62.570874,420.850962,62.6524325,-47.451722,-31.589628000000005,-44.187233
-59.52508699999999,792.5458926666666,275.46507233333335,-176.7643545,633.577394,29.826871,-62.996825,419.9240165,61.805214,-47.730957999999994,-31.413895000000025,-44.025874
-59.513904333333336,792.3509343333334,275.47731866666663,-176.763418,633.3164429999999,29.9585765,-63.429351999999994,418.98164799999995,60.986085,-48.010398,-31.24246199999999,-43.857676000000005
-59.50246633333333,792.1538666666667,275.48880833333334,-176.755461,633.0499990000001,30.090148499999998,-63.8685155,418.023442,60.194424999999995,-48.290001,-31.075023999999985,-43.682768
-59.49074199999999,791.954662,275.49955833333337,-176.74051400000002,632.7780275,30.221736,-64.314329,417.04904450000004,59.429581999999996,-48.56970200000001,-30.911271,-43.501318
-59.47869766666667,791.7532940000001,275.509591,-176.718611,632.500491,30.353488,-64.7667605,416.058162,58.690875500000004,-48.84942100000001,-30.750898000000007,-43.313539
-59.46630000000001,791.5497363333334,275.518931,-176.6897945,632.2173565,30.4855515,-65.225728,415.0505675,57.977599,-49.12905000000001,-30.593593000000055,-43.11968999999999
-59.45351433333334,791.3439636666667,275.5276053333333,-176.6541125,631.9285944999999,30.61807,-65.6910995,414.0260995,57.289022,-49.408463,-30.439051000000006,-42.920076
-59.44030566666667,791.1359523333334,275.535645,-176.61162050000001,631.63418,30.751181,-66.16269199999999,412.9846665,56.624395500000006,-49.687506,-30.286970999999994,-42.715047000000006
-59.426639,790.925679,275.5430793333333,-176.5623775,631.3340925,30.885016,-66.640271,411.9262465,55.982952499999996,-49.966010000000004,-30.137059000000022,-42.504993000000006
-59.412479,790.713122,275.5499423333333,-176.50645100000003,631.028319,31.019699,-67.123551,410.8508915,55.3639125,-50.243778,-29.98903100000001,-42.29035100000001
-59.39779166666667,790.4982606666667,275.5562663333333,-176.4439135,630.716854,31.1553435,-67.612194,409.75872549999997,54.7664845,-50.5206,-29.842614999999967,-42.071591
-59.38254233333333,790.2810773333334,275.5620853333333,-176.3748445,630.3997,31.292055500000004,-68.10581549999999,408.6499475,54.189871000000004,-50.796243,-29.697554999999966,-41.849214
-59.36669766666666,790.061554,275.56743233333333,-176.2993315,630.07687,31.4299285,-68.6039775,407.52482899999995,53.63327,-51.070460999999995,-29.553607999999997,-41.623754000000005
-59.350226,789.8396773333333,275.572341,-176.217466,629.7483864999999,31.5690445,-69.1062015,406.38371600000005,53.095878,-51.342994999999995,-29.41055399999999,-41.395762
-59.33309599999999,789.6154340000002,275.57684233333333,-176.1293485,629.4142830000001,31.7094765,-69.6119605,405.2270275,52.576895500000006,-51.61357499999999,-29.268191,-41.165809
-59.315278666666664,789.3888149999999,275.5809693333333,-176.035086,629.0746055,31.851281999999998,-70.1206895,404.0552545,52.0755275,-51.881923,-29.126341000000025,-40.934477
-59.29674566666666,789.159812,275.58475000000004,-175.93479150000002,628.729412,31.994506,-70.6317835,402.868958,51.5909875,-52.147759,-28.98485199999999,-40.70235099999999
-59.27747233333333,788.9284213333334,275.5882143333334,-175.8285885,628.378774,32.139182,-71.1446045,401.668769,51.122499000000005,-52.410797,-28.843592,-40.470012000000004
-59.257433666666664,788.6946416666666,275.591388,-175.71660450000002,628.022777,32.285328,-71.6584835,400.45538350000004,50.6693,-52.67075499999999,-28.702461000000028,-40.238038
-59.23660933333333,788.4584743333334,275.5942969999999,-175.598976,627.661522,32.43295,-72.172728,399.2295625,50.230641000000006,-52.927353999999994,-28.561380999999983,-40.00699
-59.21498,788.219925,275.59696433333335,-175.475848,627.2951244999999,32.5820385,-72.68662,397.9921265,49.8057925,-53.180322,-28.42030299999999,-39.777415000000005
-59.19252933333333,787.9790013333333,275.59941133333336,-175.3473715,626.923717,32.732572000000005,-73.199428,396.74395649999997,49.3940425,-53.429394,-28.279202999999995,-39.549831000000005
-59.16924266666666,787.7357166666667,275.60165666666666,-175.2137065,626.5474469999999,32.884513,-73.71040599999999,395.485985,48.9946975,-53.674316,-28.138083999999992,-39.32473300000001
-59.14510933333333,787.4900870000001,275.60371933333334,-175.075021,626.1664795,33.037812,-74.218802,394.2191965,48.607088,-53.914848,-27.996973000000025,-39.10258399999999
-59.12012033333334,787.242132,275.60561466666667,-174.9314885,625.7809970000001,33.192404,-74.72386,392.944622,48.2305635,-54.150766000000004,-27.855920000000026,-38.88381100000001
-59.094271,786.9918769999999,275.607356,-174.78329250000002,625.3911985,33.348212,-75.2248265,391.6633345,47.864498,-54.38185500000001,-27.714996999999983,-38.66881
-59.06755733333333,786.739349,275.6089563333333,-174.6306235,624.9973015,33.5051455,-75.720955,390.3764455,47.508287,-54.607922,-27.574298999999996,-38.457936000000004
-59.03997999999999,786.484582,275.610427,-174.473678,624.5995395,33.663102,-76.211508,389.0851,47.161349,-54.82878999999999,-27.433932000000027,-38.25150400000001
-59.011541,786.2276126666666,275.611778,-174.312661,624.198164,33.8219655,-76.69576550000001,387.79047249999996,46.823124,-55.044299,-27.294020999999987,-38.049796
-58.982245999999996,785.968483,275.6130163333333,-174.1477835,623.7934435,33.981609999999996,-77.1730245,386.4937625,46.493076,-55.254309,-27.154705000000035,-37.853052
-58.95210333333333,785.707239,275.6141513333333,-173.979264,623.385662,34.1418975,-77.6426055,385.196188,46.170690500000006,-55.458693,-27.01612799999998,-37.661475
-58.921124,785.443932,275.6151893333333,-173.807326,622.97512,34.30268,-78.103854,383.89898400000004,45.8554735,-55.657348000000006,-26.87844799999999,-37.475233
-58.88932033333333,785.1786173333334,275.61613566666665,-173.6322,622.562133,34.463802,-78.55614449999999,382.60339450000004,45.546951,-55.850184999999996,-26.74181900000002,-37.29446
-58.85670866666667,784.9113556666666,275.6169976666667,-173.45412199999998,622.147029,34.625097000000004,-78.9988835,381.310671,45.2446705,-56.03713499999999,-26.606403999999998,-37.119257000000005
-58.823307,784.6422126666666,275.61778,-173.273331,621.73015,34.786394,-79.4315105,380.022066,44.948198,-56.218143,-26.47235999999998,-36.949696
-58.78913466666666,784.3712586666667,275.61848833333335,-173.0900725,621.3118509999999,34.9475125,-79.8535,378.7388275,44.657116,-56.393174,-26.339842999999973,-36.78582
-58.754214,784.0985683333333,275.6191286666667,-172.9045945,620.892495,35.108270499999996,-80.2643635,377.4621975,44.3710255,-56.562209,-26.209001,-36.627649
-58.71856866666666,783.8242213333333,275.619707,-172.717148,620.4724544999999,35.268479,-80.6636515,376.193405,44.089546,-56.725241000000004,-26.079975999999988,-36.475178
-58.68222466666666,783.548304,275.6202296666667,-172.527988,620.0521105,35.427947,-81.0509515,374.93366149999997,43.812309,-56.882284999999996,-25.95289699999995,-36.328382000000005
-58.645208,783.2709056666666,275.620704,-172.3373685,619.6318475,35.586482,-81.425893,373.68415849999997,43.538965000000005,-57.033364000000006,-25.82788899999997,-36.18722
-58.607547000000004,782.9921203333333,275.6211376666667,-172.145548,619.2120560000001,35.7438905,-81.78814349999999,372.4460625,43.2691765,-57.178523,-25.705055000000016,-36.051631
-58.56927066666666,782.7120486666666,275.6215393333334,-171.95278150000001,618.7931265,35.899981,-82.137411,371.220509,43.002621500000004,-57.317817999999995,-25.58448999999996,-35.921541
-58.53041033333333,782.4307949999999,275.6219183333333,-171.759326,618.3754515,36.0545625,-82.4734425,370.008602,42.7389915,-57.451319,-25.466275999999993,-35.796865000000004
-58.490995,782.148468,275.6222853333333,-171.5654355,617.9594205000001,36.207449000000004,-82.796026,368.81140600000003,42.477991,-57.57911000000001,-25.350476000000015,-35.677506
-58.45105733333333,781.865182,275.62265099999996,-171.3713625,617.5454195,36.358457,-83.104987,367.629946,42.219339,-57.70128999999999,-25.23714000000001,-35.563356
-58.410627999999996,781.581055,275.62302800000003,-171.177357,617.1338295,36.50741,-83.400192,366.4652005,41.962767,-57.817972000000005,-25.126306999999997,-35.454297999999994
-58.36974,781.2962103333334,275.62342966666665,-170.98366249999998,616.725024,36.6541375,-83.6815415,365.3181015,41.708020499999996,-57.929280999999996,-25.01799900000003,-35.350205
-58.328424000000005,781.0107749999999,275.6238696666667,-170.79052000000001,616.319367,36.798477,-83.94897850000001,364.1895275,41.454858,-58.035353,-24.91222700000003,-35.250947999999994
-58.28671233333333,780.7248796666667,275.624364,-170.5981645,615.917213,36.9402755,-84.2024785,363.080302,41.2030535,-58.13634100000001,-24.808988,-35.156385
-58.244636333333325,780.4386599999999,275.6249276666667,-170.406824,615.5189025,37.07938849999999,-84.442055,361.9911935,40.952394500000004,-58.232403999999995,-24.708268999999973,-35.066373
-58.202227,780.1522556666665,275.6255776666667,-170.21672,615.1247639999999,37.2156835,-84.667756,360.9229075,40.702684000000005,-58.323713999999995,-24.610049000000004,-34.980758
-58.159515,779.8658073333332,275.62633066666666,-170.0280655,614.7351105,37.3490395,-84.879665,359.87608750000004,40.4537405,-58.410453999999994,-24.514295000000004,-34.899384999999995
-58.11652966666667,779.579462,275.62720466666667,-169.8410655,614.350238,37.479346,-85.077899,358.851314,40.2054,-58.492811999999994,-24.420972000000006,-34.82209
-58.07330033333333,779.2933673333333,275.62821833333334,-169.655916,613.9704260000001,37.606507,-85.262607,357.84910149999996,39.9575155,-58.57099,-24.33003500000001,-34.748706999999996
-58.02985533333333,779.007675,275.629389,-169.472803,613.5959365,37.730439499999996,-85.4339715,356.869896,39.709958,-58.64518900000001,-24.24143600000002,-34.679066000000006
-57.986221,778.7225386666665,275.6307366666667,-169.2919035,613.2270129999999,37.8510725,-85.592206,355.914078,39.462618,-58.71562000000001,-24.155125999999996,-34.612994
-57.94242433333334,778.4381136666667,275.632279,-169.113383,612.863879,37.968351,-85.737554,354.9819585,39.215407,-58.78249399999999,-24.07105100000001,-34.550314
-57.898490333333335,778.154557,275.6340353333333,-168.937397,612.5067385,38.0822325,-85.8702885,354.073782,38.9682565,-58.846025,-23.98915999999997,-34.490849
-57.854443333333336,777.8720273333333,275.63602299999997,-168.7640895,612.155778,38.192689,-85.9907115,353.1897255,38.721121,-58.906429,-23.909397000000013,-34.434424
-57.81030533333333,777.5906846666667,275.63826033333333,-168.5935955,611.8111625,38.2997065,-86.0991515,352.3299005,38.4739785,-58.963916999999995,-23.831713000000036,-34.380859
-57.766099,777.3106889999999,275.6407653333334,-168.426036,611.473039,38.403284,-86.195963,351.4943535,38.226829,-59.01869800000001,-23.756055000000003,-34.329982
-57.72184466666667,777.0322,275.6435536666667,-168.2615235,611.141536,38.503435,-86.2815255,350.68307,37.979699000000004,-59.070975000000004,-23.682375999999977,-34.281622
-57.67756133333334,776.755378,275.6466423333333,-168.10015850000002,610.8167615,38.6001845,-86.356241,349.895975,37.7326395,-59.120945999999996,-23.61063200000001,-34.235611000000006
-57.63326766666666,776.4803830000001,275.6500456666667,-167.94203149999998,610.49881,38.693571,-86.420534,349.13293550000003,37.485727499999996,-59.168797999999995,-23.54077699999999,-34.191791
-57.58898033333333,776.2073726666667,275.65377900000004,-167.7872215,610.187754,38.783643000000005,-86.474846,348.39376649999997,37.239065000000004,-59.21471,-23.472773000000018,-34.150008
-57.544715999999994,775.9365046666667,275.6578543333333,-167.635798,609.8836535,38.870461999999996,-86.519639,347.67823050000004,36.992781,-59.258849999999995,-23.406581000000017,-34.110118
-57.500488999999995,775.6679343333334,275.66228433333333,-167.487821,609.5865515,38.954099,-86.55539,346.9860435,36.747031,-59.30137,-23.342169000000013,-34.071988000000005
-57.45631266666666,775.4018146666667,275.66708,-167.3433405,609.2964775,39.0346335,-86.582589,346.316879,36.501996,-59.34241600000001,-23.27950400000003,-34.035494
-57.41220066666667,775.1382963333332,275.67225033333335,-167.20239750000002,609.013447,39.112155,-86.601739,345.6703705,36.257882,-59.382113999999994,-23.21855499999998,-34.000524
-57.36816433333333,774.8775276666667,275.67780366666665,-167.0650255,608.7374615000001,39.186759499999994,-86.6133505,345.046116,36.01492,-59.420577,-23.159295999999983,-33.966982
-57.324214000000005,774.6196530000001,275.68374766666665,-166.93124699999998,608.4685135,39.2585505,-86.617942,344.4436815,35.773365,-59.457904000000006,-23.10170099999999,-33.934778
-57.28035966666666,774.3648139999999,275.69008733333334,-166.80107950000001,608.2065825,39.327635,-86.6160365,343.86260649999997,35.533493500000006,-59.494181000000005,-23.045744999999954,-33.903843
-57.23661033333334,774.1131476666666,275.696827,-166.6745315,607.9516395,39.394128,-86.6081595,343.302404,35.2956055,-59.52947700000001,-22.991404000000045,-33.874115
-57.192974,773.864787,275.70396933333336,-166.5516055,607.7036435,39.458145,-86.594836,342.76257,35.060016000000005,-59.56385,-22.93865599999998,-33.845548
-57.149458333333335,773.619862,275.711515,-166.4322975,607.4625484999999,39.519807,-86.576588,342.242581,34.827061,-59.597342,-22.887478000000044,-33.818107999999995
-57.106069,773.3784966666666,275.71946533333335,-166.316595,607.2282985,39.579236,-86.5539345,341.7419,34.59709,-59.629983,-22.837848000000008,-33.791774000000004
-57.062812,773.1408110000001,275.72781733333335,-166.20448299999998,607.0008295,39.6365545,-86.527385,341.2599795,34.3704645,-59.661796,-22.789742999999987,-33.766531
-57.019692666666664,772.9069186666667,275.736568,-166.095938,606.7800725,39.6918875,-86.49744150000001,340.796264,34.1475565,-59.692786999999996,-22.743142000000034,-33.742380999999995
-56.97671533333334,772.6769306666666,275.74571399999996,-165.990932,606.565951,39.7453565,-86.464594,340.350191,33.928743999999995,-59.72295799999999,-22.698020000000042,-33.719328
-56.93388366666667,772.4509506666667,275.755249,-165.889433,606.3583815,39.797084999999996,-86.42931949999999,339.9211955,33.7144095,-59.752303,-22.654357000000005,-33.697390999999996
-56.891201333333335,772.229078,275.76516599999997,-165.7914015,606.157277,39.847193,-86.3920785,339.50871,33.504935,-59.780807,-22.61212599999999,-33.676586
-56.84867033333333,772.0114053333333,275.7754566666667,-165.696795,605.962543,39.8958,-86.353316,339.1121665,33.300700500000005,-59.808452,-22.571305000000052,-33.656939
-56.806293333333336,771.7980216666666,275.78611099999995,-165.605566,605.7740785,39.9430225,-86.3134585,338.730999,33.102078999999996,-59.83521699999999,-22.531866000000036,-33.63848
-56.764072,771.5890086666667,275.79711833333334,-165.5176625,605.591781,39.988973,-86.27291100000001,338.3646425,32.909433,-59.861076000000004,-22.493785000000003,-33.621238000000005
-56.72200733333333,771.3844439999999,275.808466,-165.43302599999998,605.415539,40.0337625,-86.23205949999999,338.0125365,32.723113,-59.88600699999999,-22.45703500000002,-33.605242000000004
-56.680100333333336,771.1843976666668,275.82014200000003,-165.351597,605.245239,40.077497,-86.191265,337.6741245,32.543452,-59.90998199999999,-22.421587000000045,-33.59052
-56.638351666666665,770.988937,275.83213066666667,-165.27330949999998,605.08076,40.120279499999995,-86.150868,337.3488555,32.3707615,-59.932976000000004,-22.387414999999976,-33.577101
-56.59676066666666,770.7981206666667,275.8444163333333,-165.1980925,604.921978,40.162209000000004,-86.111183,337.03618300000005,32.2053315,-59.954968,-22.35448600000001,-33.565005
-56.55532733333333,770.6120036666667,275.8569836666666,-165.1258745,604.768765,40.203382,-86.072501,336.735569,32.047424,-59.97593799999999,-22.32276999999999,-33.554254
-56.514052,770.4306356666666,275.86981433333335,-165.0565755,604.6209865000001,40.243888,-86.0350865,336.446482,31.897273499999997,-59.995869000000006,-22.292236000000003,-33.544859
-56.47293199999999,770.2540600000001,275.8828906666667,-164.990116,604.4785045,40.283815,-85.99918,336.168399,31.7550805,-60.014745999999995,-22.262850000000014,-33.536829
-56.43196766666667,770.082315,275.8961923333333,-164.92640999999998,604.341179,40.323246,-85.9649965,335.900806,31.621013,-60.03256100000001,-22.234576000000004,-33.530166
-56.39115733333333,769.9154346666668,275.90970066666665,-164.8653705,604.2088650000001,40.3622595,-85.93272300000001,335.64319750000004,31.495203,-60.049310000000006,-22.207379000000003,-33.524864
-56.35049833333334,769.7534473333334,275.92339366666664,-164.80690650000003,604.0814144999999,40.400931,-85.9025235,335.395081,31.377745,-60.064991,-22.181219999999996,-33.520912
-56.30999,769.5963763333333,275.93725033333334,-164.7509255,603.9586765,40.43933199999999,-85.8745345,335.155976,31.2686945,-60.079609,-22.15606200000002,-33.518291
-56.26962933333334,769.4442399999999,275.95124899999996,-164.69733200000002,603.8404985,40.4775285,-85.84886900000001,334.92541300000005,31.16807,-60.093171999999996,-22.131864000000007,-33.516974000000005
-56.22941433333333,769.2970529999999,275.9653666666666,-164.6460295,603.726726,40.515584499999996,-85.8256135,334.70294,31.075849,-60.105693,-22.108582000000013,-33.516928
-56.18934333333334,769.1548243333333,275.97958066666666,-164.596921,603.617204,40.553561,-85.80483000000001,334.488119,30.991972,-60.11719000000001,-22.086176000000023,-33.518114000000004
-56.14941266666667,769.0175603333333,275.9938673333333,-164.54990850000002,603.5117755,40.5915135,-85.7865575,334.2805315,30.916341499999998,-60.12768499999999,-22.06460100000004,-33.520485
-56.10962033333333,768.885261,276.0082036666667,-164.504894,603.4102849999999,40.629494,-85.770809,334.079775,30.8488225,-60.137202,-22.043813999999998,-33.523985
-56.069963333333334,768.757925,276.0225653333333,-164.461782,603.3125785,40.667554,-85.757578,333.8854705,30.789247500000002,-60.14577200000001,-22.02376700000002,-33.528555
-56.030439,768.6355453333334,276.0369296666667,-164.420476,603.2185010000001,40.70574,-85.746832,333.6972595,30.737415,-60.15342799999999,-22.00441900000004,-33.534126
-55.99104500000001,768.5181116666666,276.051272,-164.3808835,603.127902,40.744095,-85.7385185,333.5148075,30.693094,-60.16020700000001,-21.985723000000007,-33.540625999999996
-55.951777666666665,768.405611,276.0655693333333,-164.342915,603.0406325,40.782661499999996,-85.7325645,333.3378055,30.656028999999997,-60.166151,-21.967634999999973,-33.547972
-55.912633666666665,768.2980266666667,276.07979866666665,-164.30648300000001,602.956548,40.821477,-85.728876,333.1659705,30.625938499999997,-60.171304,-21.950110999999993,-33.556077
-55.87361033333334,768.1953396666668,276.093938,-164.271506,602.8755085,40.860579,-85.727341,332.99904849999996,30.602522999999998,-60.17571399999999,-21.933110999999997,-33.564846
-55.834704666666674,768.0975276666668,276.10796466666665,-164.237906,602.7973785,40.900001,-85.72782749999999,332.8368125,30.585468000000002,-60.179435,-21.916597000000024,-33.574176
-55.79591333333334,768.0045653333333,276.1218576666667,-164.2056115,602.722028,40.9397765,-85.7301895,332.6790655,30.5744465,-60.182522999999996,-21.900529000000006,-33.583955
-55.75723333333334,767.9164263333333,276.1355966666667,-164.174558,602.6493325,40.979935499999996,-85.734264,332.525642,30.569125,-60.18504,-21.884873999999968,-33.59406800000001
-55.71866033333333,767.8330813333333,276.14916266666665,-164.1446855,602.5791765,41.0205085,-85.739874,332.376406,30.569167,-60.187051999999994,-21.869602000000043,-33.604383999999996
-55.680191666666666,767.7544996666667,276.162537,-164.11594300000002,602.5114495,41.061523,-85.746831,332.23125300000004,30.574238,-60.188626,-21.854683999999963,-33.614772
-55.641822999999995,767.6806483333334,276.1757036666667,-164.0882865,602.4460505,41.103007,-85.7549345,332.090108,30.584008,-60.18984100000001,-21.840100000000007,-33.625082
-55.603551333333336,767.6114933333333,276.18864733333334,-164.06168050000002,602.3828854999999,41.144987,-85.763978,331.952927,30.5981585,-60.19077599999999,-21.825829999999996,-33.635163
-55.565372333333336,767.546999,276.2013536666667,-164.036098,602.3218684999999,41.187489,-85.7737465,331.819694,30.6163845,-60.191517000000005,-21.811859999999967,-33.644849
-55.52728133333333,767.4871296666666,276.21381133333335,-164.01152050000002,602.2629245,41.2305385,-85.784021,331.690424,30.638396999999998,-60.192156000000004,-21.798181999999997,-33.653964
-55.489274333333334,767.4318473333333,276.2260103333333,-163.987939,602.2059865,41.274161500000005,-85.7945825,331.565156,30.6639315,-60.19279100000001,-21.784790000000044,-33.662325
-55.45134633333333,767.3811146666667,276.23794300000003,-163.9653535,602.1509955,41.318382,-85.805213,331.4439545,30.6927435,-60.193524,-21.771686999999986,-33.669735
-55.41349233333333,767.3348933333333,276.24960333333337,-163.94377400000002,602.097904,41.363226499999996,-85.8156975,331.326909,30.724619,-60.194463000000006,-21.75887799999998,-33.675990000000006
-55.375707,767.2931446666666,276.2609883333333,-163.92321950000002,602.0466739999999,41.408719000000005,-85.825829,331.21412899999996,30.7593705,-60.195724000000006,-21.746374000000003,-33.680877
-55.33798433333334,767.2558303333334,276.27209666666664,-163.90371900000002,601.9972769999999,41.45488400000001,-85.83541299999999,331.105743,30.796844,-60.197424,-21.734188000000017,-33.684169999999995
-55.30031766666667,767.2229116666667,276.28293099999996,-163.8853105,601.9496935,41.501746499999996,-85.84426500000001,331.001895,30.836917,-60.199687999999995,-21.722342000000026,-33.68564000000001
-55.26270133333333,767.1943503333332,276.2934946666667,-163.8680425,601.9039155,41.54933,-85.85222350000001,330.902745,30.8795,-60.202643,-21.710857999999973,-33.685050000000004
-55.22512700000001,767.1701086666667,276.30379633333337,-163.851972,601.859944,41.5976575,-85.859146,330.80846199999996,30.9245385,-60.20642,-21.699764000000016,-33.682155
-55.18758733333333,767.1501486666667,276.3138446666667,-163.83716650000002,601.8177915,41.646752000000006,-85.8649145,330.7192245,30.972011,-60.211152999999996,-21.689088999999967,-33.676708
-55.150073666666664,767.1344346666666,276.32365366666664,-163.82370150000003,601.7774795,41.696634,-85.869443,330.635217,31.021932,-60.216974,-21.67886599999997,-33.668462000000005
-55.11257766666666,767.12293,276.33324,-163.811663,601.7390395,41.747324,-85.87267800000001,330.5566255,31.0743475,-60.224022000000005,-21.669128999999998,-33.657165
-55.07508933333333,767.1156000000001,276.342623,-163.80114550000002,601.702515,41.798838,-85.8746035,330.48363800000004,31.129334,-60.23242499999999,-21.659914000000015,-33.642572
-55.03759866666667,767.1124103333333,276.3518246666667,-163.79225100000002,601.6679584999999,41.8511905,-85.8752455,330.4164405,31.187001000000002,-60.242318999999995,-21.651261000000034,-33.624442
-55.00009533333334,767.1133289999999,276.36087200000003,-163.78509200000002,601.6354325,41.904394,-85.8746755,330.3552135,31.247483,-60.253826999999994,-21.643204999999966,-33.602538
-54.962567666666665,767.1183236666667,276.36979333333335,-163.779788,601.605013,41.958456500000004,-85.873014,330.3001335,31.310944000000003,-60.267072000000006,-21.635785,-33.576636
-54.925004,767.127364,276.37862233333334,-163.77646700000003,601.576783,42.01338,-85.870435,330.25136799999996,31.3775685,-60.282166,-21.629039999999975,-33.546523
