Sh_x,Sh_y,Sh_z,El_x,El_y,El_z,Wr_x,Wr_y,Wr_z,WrVec_x,WrVec_y,WrVec_z
-48.497176333333336,776.1062350000001,273.180501,-146.171041,593.288822,33.209057,-58.936119500000004,340.4700785,47.289186,-58.744341,-16.816399000000047,-39.812039999999996
-48.448145000000004,776.040433,273.204267,-146.221736,593.3540705,33.1574115,-58.884060999999996,340.565477,47.2834965,-58.627742,-16.899995999999987,-39.933764999999994
-48.40352766666666,775.9814753333334,273.2276526666667,-146.2834875,593.430205,33.0984215,-58.826423,340.7001725,47.330113999999995,-58.501008,-17.000981000000024,-40.062408
-48.363333000000004,775.9295079999998,273.25064333333336,-146.3561295,593.5173374999999,33.0319185,-58.762105000000005,340.8771855,47.433766,-58.363934,-17.120430999999996,-40.19736400000001
-48.32756233333333,775.8846856666665,273.27322666666663,-146.4394345,593.6155305,32.9577995,-58.6900075,341.0995465,47.599156,-58.216345000000004,-17.25939699999998,-40.33794400000001
-48.29621266666667,775.8471683333333,273.2953933333334,-146.533127,593.724802,32.8760255,-58.60904,341.370268,47.8309165,-58.05809599999999,-17.418894000000023,-40.483377
-48.269272666666666,775.8171223333334,273.317139,-146.63689349999999,593.8451285000001,32.786624,-58.518129,341.69232450000004,48.1335675,-57.889073999999994,-17.59988500000003,-40.632809
-48.246727,775.794723,273.3384633333333,-146.750404,593.9764574999999,32.689693,-58.4162265,342.0686245,48.5114665,-57.70919500000001,-17.80327299999999,-40.785315
-48.228551333333336,775.7801493333333,273.3593686666666,-146.87333,594.1187125,32.5853935,-58.3023155,342.501988,48.968768,-57.518411,-18.029892000000018,-40.939896000000005
-48.21471566666667,775.7735876666667,273.37986333333333,-147.0053685,594.271807,32.473955000000004,-58.17542,342.99512400000003,49.509375000000006,-57.316708000000006,-18.280492000000038,-41.095496000000004
-48.205183999999996,775.7752293333333,273.3999593333333,-147.1462685,594.4356565,32.35567,-58.034614000000005,343.550604,50.136897999999995,-57.104106,-18.555735999999968,-41.250996
-48.19991133333334,775.7852693333334,273.419674,-147.29585400000002,594.610194,32.2308925,-57.879025999999996,344.1708415,50.8546145,-56.880662,-18.856184999999982,-41.405227
-48.19884833333333,775.8039086666666,273.4390283333333,-147.45405449999998,594.7953835000001,32.1000345,-57.707852,344.8580705,51.6654315,-56.64647600000001,-19.182290999999964,-41.556974999999994
-48.201938000000006,775.8313503333333,273.45804933333335,-147.620932,594.9912335,31.9635655,-57.520359,345.6143235,52.571849,-56.401681999999994,-19.534395000000018,-41.70499000000001
-48.20911566666666,775.8677986666667,273.476768,-147.7967005,595.1978154999999,31.822004,-57.3158945,346.4414175,53.575931,-56.146457,-19.912717000000043,-41.847992
-48.22031166666667,775.9134613333334,273.49522,-147.9817565,595.4152730000001,31.6759185,-57.093894500000005,347.3409315,54.6792795,-55.881021000000004,-20.317349000000036,-41.984683000000004
-48.23544866666666,775.9685453333333,273.51344666666665,-148.1766915,595.6438355,31.525922,-56.853886499999994,348.31419700000004,55.8830105,-55.605633,-20.74825800000002,-42.113751
-48.254444,776.0332573333334,273.531492,-148.3823075,595.8838264999999,31.372667999999997,-56.5955,349.362283,57.187738499999995,-55.320598,-21.205276000000026,-42.233877
-48.27720733333334,776.107802,273.54940766666664,-148.599625,596.135669,31.216851000000002,-56.318465,350.48598849999996,58.5935655,-55.026262,-21.688108999999997,-42.34375299999999
-48.303643666666666,776.192381,273.5672466666667,-148.8298815,596.3998899999999,31.059199,-56.022624,351.6858325,60.1000705,-54.72301399999999,-22.196326999999997,-42.442085
-48.333652,776.287193,273.58506733333337,-149.0745255,596.677115,30.900475999999998,-55.707926,352.962051,61.7063155,-54.411286,-22.729377999999997,-42.527601000000004
-48.367125666666674,776.3924303333333,273.60293233333334,-149.335198,596.9680625,30.7414765,-55.374435000000005,354.314596,63.410844,-54.091554,-23.286577999999963,-42.59906599999999
-48.403953,776.5082786666667,273.62090766666665,-149.613706,597.2735319999999,30.58303,-55.0223285,355.7431355,65.2116925,-53.76433299999999,-23.867130999999972,-42.655283
-48.44401766666667,776.6349166666668,273.63906266666663,-149.911988,597.5943865,30.4259955,-54.651894500000004,357.2470555,67.106409,-53.430177,-24.47011900000001,-42.69511
-48.48719833333333,776.7725133333333,273.65747000000005,-150.23207,597.9315305,30.2712635,-54.263534,358.82547,69.0920685,-53.089678000000006,-25.094521999999984,-42.717465
-48.53337033333333,776.9212276666667,273.67620500000004,-150.5760115,598.285883,30.1197575,-53.857754,360.477225,71.1653015,-52.74346800000001,-25.73921999999999,-42.72133099999999
-48.58240433333333,777.0812069999998,273.69534533333336,-150.94584550000002,598.658345,29.9724325,-53.435166,362.200914,73.3223235,-52.39220400000001,-26.40300400000001,-42.705769
-48.63416833333333,777.252587,273.7149713333333,-151.343515,599.0497674999999,29.830278,-52.996478,363.9948885,75.5589665,-52.03658,-27.084582999999952,-42.669921
-48.68852733333333,777.4354886666666,273.73516466666666,-151.7708005,599.460913,29.694314,-52.5424905,365.8572745,77.8707195,-51.677311,-27.782599000000005,-42.613017
-48.74534333333333,777.6300186666667,273.756009,-152.2292525,599.8924195,29.565596499999998,-52.0740865,367.78599099999997,80.252765,-51.315139,-28.495636000000047,-42.534381999999994
-48.804476666666666,777.8362676666667,273.7775883333333,-152.720122,600.3447625,29.445208,-51.5922255,369.7787665,82.70002600000001,-50.950817,-29.22222499999998,-42.433440000000004
-48.86578566666666,778.0543096666667,273.79998800000004,-153.24429750000002,600.818222,29.334263500000002,-51.0979325,371.833161,85.20720650000001,-50.58511899999999,-29.960868000000005,-42.309715
-48.92912833333333,778.2842013333334,273.8232926666667,-153.8022485,601.3128525,29.233898500000002,-50.592288499999995,373.94658749999996,87.768841,-50.218816999999994,-30.710035000000005,-42.162836
-48.99435966666667,778.5259806666667,273.8475886666667,-154.393981,601.8284570000001,29.145267,-50.07642,376.1163325,90.3793395,-49.852689999999996,-31.468187,-41.992538999999994
-49.06133633333334,778.7796666666667,273.87296,-155.019006,602.3645735,29.069533500000002,-49.55149,378.33958,93.033035,-49.48750999999999,-32.23377800000003,-41.798666
-49.129913666666674,779.0452593333333,273.8994903333333,-155.6763255,602.9204625,29.0078635,-49.018685,380.613435,95.72423,-49.124036000000004,-33.005269999999996,-41.581168000000005
-49.19994833333334,779.3227373333333,273.9272633333333,-156.364432,603.4951140000001,28.961409,-48.4792045,382.93494350000003,98.4472415,-48.763009,-33.78114099999999,-41.340101000000004
-49.271296,779.6120593333334,273.956359,-157.0813325,604.0872535000001,28.931299,-47.9342525,385.3011165,101.19644550000001,-48.405145000000005,-34.55989299999999,-41.07562299999999
-49.34381533333334,779.9131636666666,273.98685766666665,-157.8245795,604.6953659999999,28.918623,-47.3850245,387.708952,103.966319,-48.05112700000001,-35.340067999999974,-40.787998
-49.417365,780.2259673333334,274.0188356666667,-158.59132549999998,605.3177225,28.924418499999998,-46.832698,390.1554555,106.75147799999999,-47.70159600000001,-36.12024100000002,-40.47758
-49.491805666666664,780.5503656666666,274.05236833333333,-159.378386,605.9524165,28.9496535,-46.278425,392.637658,109.546716,-47.35714999999999,-36.89904200000001,-40.14482199999999
-49.56700066666667,780.8862333333333,274.08752766666663,-160.1823105,606.597403,28.9952135,-45.723321000000006,395.15263649999997,112.34703400000001,-47.018332,-37.675152999999966,-39.790262
-49.642813999999994,781.2334243333333,274.12438133333336,-160.9994595,607.2505415,29.061888000000003,-45.1684575,397.6975285,115.1476725,-46.685624999999995,-38.447315,-39.41451699999999
-49.71911333333333,781.591771,274.1629966666667,-161.826086,607.909641,29.150359,-44.6148575,400.269548,117.94413650000001,-46.359449000000005,-39.214336,-39.018285000000006
-49.79576933333333,781.961085,274.2034343333333,-162.6584155,608.5725025,29.261191000000004,-44.0634855,402.8659985,120.732216,-46.040153000000004,-39.975089000000025,-38.602329999999995
-49.872654666666655,782.3411603333334,274.24575400000003,-163.4927175,609.23696,29.3948245,-43.5152445,405.484285,123.508005,-45.72801700000001,-40.728522,-38.16747400000001
-49.94964533333333,782.731768,274.29001066666666,-164.325379,609.9009189999999,29.551568,-42.9709725,408.121922,126.267915,-45.423238999999995,-41.47365000000002,-37.714597999999995
-50.026621,783.1326626666668,274.3362553333333,-165.1529645,610.562388,29.7316,-42.431438,410.7765395,129.008681,-45.125944000000004,-42.20956699999999,-37.24462599999998
-50.103463999999995,783.5435796666667,274.384536,-165.97226899999998,611.2195085,29.934966,-41.897338,413.4458925,131.7273725,-44.83617199999999,-42.935441000000026,-36.75852099999999
-50.18006066666667,783.9642366666667,274.4348953333334,-166.7803605,611.8705749999999,30.161583,-41.3692975,416.127858,134.42139,-44.55389099999999,-43.65051600000004,-36.257278
-50.25630133333333,784.3943346666666,274.4873733333333,-167.574611,612.5140495,30.411244,-40.84787,418.820443,137.0884645,-44.278986,-44.35410999999999,-35.74191099999999
-50.33207866666667,784.833559,274.5420056666666,-168.352719,613.1485749999999,30.683626,-40.333538000000004,421.5217785,139.7266525,-44.011272,-45.045615,-35.21345500000001
-50.40729033333333,785.2815803333333,274.59882466666664,-169.11272350000002,613.7729755,30.978296,-39.826713999999996,424.2301185,142.3343255,-43.750488,-45.72449700000004,-34.672944999999984
-50.48183766666667,785.7380549999999,274.65785766666664,-169.853002,614.386255,31.2947285,-39.3277425,426.94383849999997,144.9101585,-43.496309,-46.390292999999986,-34.12142299999999
-50.555624333333334,786.2026273333332,274.71913033333334,-170.572266,614.9875945,31.632309999999997,-38.836908,429.6614265,147.45311750000002,-43.24835,-47.042606999999975,-33.559923
-50.62856,786.6749276666666,274.782663,-171.26954849999998,615.576337,31.990356,-38.3544315,432.381478,149.9624405,-43.006169,-47.68111399999998,-32.989463
-50.700556,787.1545776666667,274.8484733333333,-171.9441815,616.151975,32.368124,-37.880481,435.1026885,152.4376205,-42.769282,-48.30554900000004,-32.411045
-50.771527999999996,787.6411896666667,274.916576,-172.595777,616.7141365,32.7648275,-37.4151725,437.823844,154.87838299999999,-42.537163,-48.91570999999999,-31.825643999999983
-50.84139566666666,788.1343653333333,274.98698233333334,-173.22419150000002,617.2625615,33.179646500000004,-36.9585785,440.543811,157.2846705,-42.309257,-49.51145199999996,-31.234206999999998
-50.910081999999996,788.6337006666666,275.05970133333335,-173.829501,617.7970885,33.611745,-36.510731,443.261527,159.6566155,-42.084987999999996,-50.09268799999995,-30.637644999999992
-50.97751366666666,789.138786,275.13473833333336,-174.411969,618.3176295,34.060282,-36.071627,445.97598849999997,161.9945195,-41.86376800000001,-50.659379,-30.03682900000001
-51.04362033333333,789.6492046666667,275.21209799999997,-174.972013,618.8241525,34.5244235,-35.641234,448.6862445,164.298833,-41.645008,-51.21153700000002,-29.43258800000001
-51.108335333333336,790.1645363333333,275.29178099999996,-175.510175,619.3166625,35.003350499999996,-35.219497,451.39137949999997,166.570132,-41.428122,-51.74921499999999,-28.825706000000025
-51.171594666666664,790.6843603333333,275.3737873333333,-176.0270935,619.7951840000001,35.496276,-34.806341,454.09051,168.8090965,-41.212538,-52.272512000000006,-28.216916999999995
-51.233338333333336,791.2082506666667,275.458115,-176.52347350000002,620.2597455,36.0024465,-34.401677500000005,456.7827675,171.01649,-40.997711,-52.781563000000006,-27.606903999999986
-51.29350766666666,791.7357826666666,275.54476033333333,-177.0000665,620.710366,36.521155,-34.0054085,459.4672965,173.19314300000002,-40.783123,-53.276535000000024,-26.996297999999996
-51.35204866666666,792.2665310000001,275.6337183333333,-177.4576475,621.147041,37.0517435,-33.6174295,462.143241,175.3399315,-40.568291,-53.757630000000006,-26.385676999999987
-51.408908999999994,792.8000723333334,275.7249836666667,-177.8969965,621.5697365,37.5936125,-33.2376355,464.80973700000004,177.4577605,-40.352775,-54.225074000000006,-25.775565
-51.46403833333333,793.335985,275.81854933333335,-178.31888550000002,621.9783795000001,38.14622,-32.8659215,467.4659085,179.547552,-40.136185,-54.679119000000014,-25.166431999999986
-51.51739033333334,793.8738496666666,275.9144083333333,-178.7240665,622.3728544999999,38.709089500000005,-32.502185499999996,470.110859,181.61023,-39.918175,-55.12003600000003,-24.558695999999998
-51.568919666666666,794.413253,276.012553,-179.1132615,622.7530025,39.2818085,-32.1463315,472.74367099999995,183.6467085,-39.698459,-55.54811599999999,-23.952720999999997
-51.618583,794.9537839999999,276.11297566666667,-179.48716050000002,623.1186164999999,39.864031499999996,-31.798271,475.3633965,185.6578825,-39.4768,-55.963663,-23.34882299999998
-51.666339666666666,795.4950383333334,276.215668,-179.84641499999998,623.4694460000001,40.455478500000005,-31.457922,477.969062,187.6446225,-39.253018000000004,-56.36699399999998,-22.747269000000017
-51.71215066666667,796.0366180000001,276.3206226666667,-180.1916375,623.8051989999999,41.055935500000004,-31.125211999999998,480.5596625,189.607764,-39.02699,-56.75843099999997,-22.14828
-51.75597833333333,796.5781309999999,276.42783133333336,-180.523403,624.125547,41.6652535,-30.8000755,483.134164,191.54810550000002,-38.798641,-57.13830800000005,-21.552037000000013
-51.79778733333333,797.1191926666667,276.53728699999994,-180.8422525,624.430128,42.2833435,-30.4824555,485.69150649999995,193.466408,-38.567950999999994,-57.506957,-20.95867800000002
-51.83754233333334,797.6594283333334,276.6489823333333,-181.14869149999998,624.7185545,42.9101785,-30.1723015,488.230603,195.36338949999998,-38.334945,-57.86471599999999,-20.368308999999982
-51.87521066666667,798.1984689999999,276.76290966666664,-181.4431975,624.9904205,43.545787000000004,-29.8695695,490.75034800000003,197.2397295,-38.099689000000005,-58.211918000000026,-19.781003
-51.910761,798.7359563333333,276.8790633333333,-181.726224,625.245307,44.1902495,-29.5742195,493.24961799999994,199.096067,-37.862293,-58.54889599999996,-19.196803999999986
-51.94416133333334,799.2715403333333,276.997437,-181.998202,625.4827905,44.8436995,-29.2862145,495.72727899999995,200.93300449999998,-37.622896999999995,-58.875973999999985,-18.615736999999996
-51.97538266666667,799.8048806666666,277.1180246666667,-182.2595465,625.702448,45.506311499999995,-29.005519,498.1821925,202.7511115,-37.38167,-59.19347099999993,-18.03780499999999
-52.004395666666674,800.3356483333333,277.24082100000004,-182.5106585,625.9038654999999,46.17830549999999,-28.732096,500.6132225,204.5509285,-37.138808,-59.50169699999998,-17.462994999999978
-52.03117233333334,800.8635216666667,277.36582,-182.751931,626.0866450000001,46.8599355,-28.4659075,503.01924099999997,206.33297199999998,-36.894519,-59.80095399999999,-16.891288000000003
-52.055686,801.3881916666666,277.49301699999995,-182.9837455,626.2504054999999,47.5514895,-28.2069105,505.399138,208.0977375,-36.649029,-60.09152999999998,-16.322651000000008
-52.07790933333333,801.9093586666667,277.622407,-183.2064805,626.3947955000001,48.2532835,-27.955056,507.7518265,209.8457065,-36.40257,-60.37369699999999,-15.757055000000008
-52.097817,802.4267329999999,277.75398399999995,-183.42050899999998,626.5194915,48.965658000000005,-27.7102875,510.07625,211.57735100000002,-36.155377,-60.647718000000054,-15.194466000000006
-52.115382666666676,802.9400366666667,277.88774233333334,-183.62619949999998,626.6242045,49.688970000000005,-27.4725405,512.371393,213.293139,-35.907685,-60.913838,-14.634851999999995
-52.130583666666666,803.449002,278.0236763333333,-183.823915,626.7086815,50.423593499999996,-27.241741,514.6362825,214.993538,-35.659726,-61.17228700000004,-14.078188000000011
-52.14339433333333,803.9533713333334,278.161779,-184.014016,626.7727104999999,51.169912499999995,-27.017802,516.8699995,216.6790215,-35.411722000000005,-61.42327499999999,-13.524454999999989
-52.153792333333335,804.4528966666667,278.302043,-184.1968535,626.8161195,51.928314,-26.800626,519.0716815,218.35006950000002,-35.163888,-61.66699699999998,-12.97363900000002
-52.161755666666664,804.9473423333334,278.44445966666666,-184.3727725,626.8387789999999,52.69919,-26.590104500000002,521.2405285,220.00717500000002,-34.916427,-61.90362900000002,-12.425737999999996
-52.16726166666666,805.4364810000001,278.58901933333334,-184.542107,626.8406024999999,53.482926,-26.386114499999998,523.37581,221.6508455,-34.669533,-62.13332799999995,-11.880752999999999
-52.170290666666666,805.920097,278.7357103333333,-184.705178,626.8215459999999,54.279902,-26.188522,525.476864,223.28160250000002,-34.423382000000004,-62.35623000000004,-11.338696999999996
-52.17082233333334,806.397983,278.884521,-184.862295,626.7816085,55.090487499999995,-25.99718,527.5431035,224.8999865,-34.178146,-62.57245500000005,-10.799587000000002
-52.16883766666666,806.869943,279.0354353333333,-185.013748,626.720829,55.915035,-25.8119305,529.5740175,226.506556,-33.933980999999996,-62.78209899999996,-10.263444000000021
-52.16431933333333,807.335788,279.1884376666667,-185.15981,626.639289,56.753879999999995,-25.6326045,531.569172,228.10188549999998,-33.691039,-62.985239999999976,-9.730292999999989
-52.15725133333333,807.7953416666666,279.343508,-185.300734,626.5371075,57.6073345,-25.459021,533.528208,229.686565,-33.449464000000006,-63.18193800000006,-9.200157999999988
-52.147618666666666,808.2484343333334,279.5006256666666,-185.4367515,626.4144415000001,58.475685,-25.290993,535.4508450000001,231.261201,-33.209396,-63.372232000000054,-8.673062000000016
-52.135408000000005,808.6949056666666,279.659766,-185.5680695,626.271484,59.359189,-25.1283205,537.336877,232.826409,-32.970974999999996,-63.55614000000003,-8.149017999999984
-52.120608000000004,809.1346043333333,279.820902,-185.6948725,626.1084619999999,60.258073,-24.9708015,539.1861705,234.382814,-32.734345000000005,-63.73366299999998,-7.628032000000019
-52.10320866666667,809.5673873333334,279.9840033333333,-185.8173195,625.9256345,61.172529,-24.818223,540.99866,235.931046,-32.499654,-63.90478400000001,-7.110097999999994
-52.083203,809.9931193333333,280.1490366666667,-185.9355465,625.7232905000001,62.1027115,-24.6703705,542.774348,237.4717335,-32.267063,-64.06946599999998,-6.595192999999995
-52.060585333333336,810.4116736666666,280.31596466666673,-186.049665,625.501747,63.0487375,-24.527022,544.5132974999999,239.0055035,-32.036746,-64.22765500000003,-6.08327300000002
-52.03535300000001,810.822931,280.48474733333336,-186.159762,625.26135,64.010681,-24.387955,546.2156299999999,240.5329715,-31.808889999999998,-64.37928199999999,-5.574275
-52.007506,811.2267796666666,280.65534033333336,-186.26590349999998,625.0024675,64.988576,-24.252944,547.881519,242.05473849999998,-31.583708,-64.52426000000003,-5.068107000000026
-51.977046666666666,811.6231146666668,280.82769533333334,-186.3681345,624.7254925,65.9824125,-24.1217615,549.5111855,243.57138700000002,-31.361432999999998,-64.66248700000006,-4.56465
-51.943980333333336,812.0118393333333,281.0017606666667,-186.466481,624.430839,66.992135,-23.994179,551.1048925,245.083473,-31.142322,-64.79384699999991,-4.063756000000012
-51.908316000000006,812.3928623333333,281.17748033333334,-186.5609505,624.118941,68.017643,-23.869968,552.6629415,246.591522,-30.926665999999997,-64.91820899999993,-3.565246000000002
-51.870065333333336,812.7661003333334,281.35479333333336,-186.65153650000002,623.790252,69.0587915,-23.7488995,554.185665,248.0960245,-30.714781000000002,-65.03543200000001,-3.068909000000019
-51.82924366666666,813.1314766666666,281.533636,-186.7382195,623.445241,70.1153885,-23.630746000000002,555.673423,249.5974295,-30.507014,-65.14535999999998,-2.574497000000008
-51.78586966666666,813.4889203333333,281.71394000000004,-186.820969,623.0843945,71.1871965,-23.515279500000002,557.1265995,251.0961415,-30.303745,-65.24782899999991,-2.081735000000009
-51.73996700000001,813.838367,281.8956316666667,-186.899746,622.7082125,72.273933,-23.402273,558.5455955,252.592515,-30.105386,-65.34266500000001,-1.5903140000000064
-51.69156,814.1797583333333,282.078635,-186.97450650000002,622.317209,73.3752715,-23.2915005,559.930828,254.08685,-29.912377,-65.42968399999995,-1.0998940000000061
-51.640681,814.5130423333334,282.26286766666664,-187.04520200000002,621.911908,74.49083999999999,-23.1827365,561.282727,255.57939299999998,-29.725191000000002,-65.50869799999998,-0.6101079999999968
-51.58736266666667,814.838173,282.4482453333333,-187.111783,621.4928474999999,75.620225,-23.0757585,562.6017285,257.07032949999996,-29.544325,-65.57951100000002,-0.12056499999999915
-51.53164433333333,815.15511,282.63467833333334,-187.17420149999998,621.0605705,76.76297199999999,-22.970343500000002,563.8882785000001,258.5597845,-29.370303,-65.64192500000001,0.369150999999988
-51.473567333333335,815.4638190000001,282.8220733333333,-187.232411,620.615632,77.918586,-22.866271500000003,565.1428249999999,260.047821,-29.203671000000003,-65.695738,0.8594699999999875
-51.41317899999999,815.764272,283.01033266666667,-187.28637,620.1585915,79.086533,-22.763324,566.3658235,261.534439,-29.044987999999996,-65.74075100000005,1.3508360000000152
-51.350529,816.0564466666668,283.199356,-187.3360425,619.6900155000001,80.266244,-22.661286,567.5577304999999,263.0195755,-28.894830000000006,-65.77676299999996,1.8437029999999481
-51.28567233333334,816.3403253333332,283.3890383333333,-187.38140099999998,619.2104735,81.45711299999999,-22.559946,568.7190075000001,264.5031055,-28.753775999999995,-65.80357700000002,2.338526999999999
-51.21866766666667,816.615898,283.57927233333334,-187.422425,618.7205389999999,82.658504,-22.459099000000002,569.8501200000001,265.9848425,-28.622410000000002,-65.821008,2.835760999999991
-51.14957733333333,816.8831596666668,283.7699466666667,-187.45910550000002,618.220788,83.8697465,-22.358544,570.9515375000001,267.46454200000005,-28.501309999999997,-65.82887300000004,3.3358499999999935
-51.078468333333326,817.1421110000001,283.96094700000003,-187.4914415,617.7117955,85.09014499999999,-22.258089000000002,572.023736,268.941903,-28.391038,-65.82700399999999,3.8392240000000015
-51.00541166666667,817.3927593333333,284.1521573333334,-187.5194445,617.1941380000001,86.318974,-22.157551499999997,573.0671995,270.416569,-28.292140999999997,-65.815247,4.346292000000005
-50.93048033333333,817.6351169999999,284.343458,-187.543137,616.6683889999999,87.5554845,-22.056761,574.08242,271.888135,-28.20514,-65.79346199999998,4.857436000000007
-50.853754,817.8692036666666,284.53472733333336,-187.56255199999998,616.1351199999999,88.798905,-21.95556,575.069901,273.35614899999996,-28.130516,-65.76153399999998,5.373005999999975
-50.77531333333334,818.0950443333332,284.72584233333333,-187.577735,615.5948989999999,90.04844349999999,-21.853809000000002,576.0301565,274.820117,-28.068716000000002,-65.71936500000004,5.893313999999975
-50.69524333333333,818.3126706666667,284.9166773333334,-187.588742,615.0482890000001,91.303289,-21.751386,576.9637164999999,276.27950599999997,-28.020131999999997,-65.66688699999997,6.418623999999966
-50.61363133333333,818.5221203333334,285.1071063333333,-187.5956415,614.495848,92.5626125,-21.6481925,577.871125,277.733751,-27.985099,-65.6040559999999,6.949156000000016
-50.530570000000004,818.723438,285.29700099999997,-187.5985115,613.938129,93.82557299999999,-21.544152999999998,578.752943,279.1822575,-27.96389,-65.53085999999996,7.485071000000005
-50.44615266666667,818.9166740000001,285.4862336666667,-187.597441,613.3756765,95.091313,-21.439222,579.609748,280.624407,-27.956704000000002,-65.44732199999999,8.026470000000018
-50.360477,819.101886,285.6746746666667,-187.5925295,612.809029,96.3589665,-21.333382,580.442135,282.059563,-27.963668,-65.35349599999995,8.573396000000002
-50.273641,819.2791379999999,285.86219566666665,-187.583886,612.2387180000001,97.6276575,-21.2266515,581.2507175000001,283.4870735,-27.984821,-65.24947499999996,9.125818999999979
-50.18574733333333,819.448501,286.04866699999997,-187.571629,611.6652664999999,98.896502,-21.1190815,582.0361250000001,284.9062775,-28.020115000000004,-65.13539000000003,9.683647000000008
-50.09689933333334,819.6100533333333,286.2339613333333,-187.555884,611.0891905,100.16460950000001,-21.010763,582.7990050000001,286.316508,-28.069416,-65.01140999999996,10.246710000000007
-50.00720200000001,819.7638783333333,286.4179503333333,-187.5367865,610.510998,101.43108699999999,-20.901826999999997,583.5400175,287.7170975,-28.132491999999996,-64.87774300000001,10.814771000000007
-49.91676366666667,819.9100686666667,286.60050833333327,-187.5144775,609.9311875000001,102.69503750000001,-20.7924435,584.2598375,289.107383,-28.209017,-64.73463700000002,11.387513999999953
-49.825691000000006,820.0487223333333,286.7815103333333,-187.4891065,609.3502535,103.95556299999998,-20.6828255,584.959149,290.48670500000003,-28.298570999999995,-64.58238000000006,11.96455599999996
-49.734095,820.1799453333333,286.96083300000004,-187.460829,608.7686795,105.2117685,-20.5732295,585.6386425000001,291.854418,-28.400641,-64.42129699999998,12.54543799999999
-49.642085333333334,820.3038503333333,287.1383553333333,-187.4298055,608.186944,106.4627585,-20.4639515,586.299015,293.209887,-28.514621,-64.25174600000003,13.129632000000015
-49.549772999999995,820.4205556666666,287.3139596666667,-187.3962035,607.6055185,107.70764450000001,-20.3553295,586.9409605000001,294.5524945,-28.639823,-64.07412499999998,13.716544999999996
-49.457269,820.5301893333334,287.48752966666666,-187.36019299999998,607.024868,108.94554199999999,-20.247739499999998,587.5651705,295.8816415,-28.775472999999998,-63.88885700000003,14.305519000000004
-49.36468466666667,820.632884,287.658953,-187.321951,606.4454515,110.175578,-20.141594,588.1723274999999,297.1967485,-28.92073,-63.69639700000005,14.895837000000029
-49.272132,820.7287806666667,287.82812033333335,-187.2816555,605.867722,111.396886,-20.037337500000003,588.7631005000001,298.497259,-29.074683000000004,-63.49722099999997,15.486730000000023
-49.17972066666666,820.8180259999999,287.994925,-187.2394905,605.292128,112.608613,-19.935443000000003,589.3381405,299.78263949999996,-29.236370000000004,-63.29182700000001,16.077381000000003
-49.08756033333333,820.9007740000001,288.159266,-187.1956395,604.719112,113.809922,-19.836408000000002,589.8980745,301.05238099999997,-29.404784000000003,-63.08072900000002,16.666934000000026
-48.995760999999995,820.9771853333333,288.32104466666664,-187.15029099999998,604.1491120000001,114.999989,-19.740745,590.4435035,302.3059985,-29.578886000000004,-62.86444699999993,17.254497000000015
-48.90442933333333,821.0474256666666,288.480168,-187.103633,603.5825609999999,116.178012,-19.6489815,590.9749945,303.5430325,-29.757619000000002,-62.643512999999984,17.839157
-48.813672000000004,821.111669,288.63654599999995,-187.0558565,603.0198875,117.343208,-19.561646,591.4930775,304.7630495,-29.939922000000003,-62.418453,18.419983000000002
-48.72359333333333,821.1700936666666,288.7900946666666,-187.0071495,602.4615155,118.4948165,-19.479267,591.9982435,305.965638,-30.124741999999998,-62.1897909999999,18.996038
-48.634296000000006,821.222885,288.9407343333333,-186.95770199999998,601.9078615000001,119.632105,-19.4023615,592.4909365000001,307.1504135,-30.311049000000004,-61.95804099999998,19.56638700000002
-48.545880000000004,821.2702329999998,289.08839033333334,-186.907702,601.3593395,120.75436549999999,-19.331429,592.9715555,308.317012,-30.497848,-61.723701000000005,20.130106000000012
-48.458442,821.3123333333333,289.232994,-186.8573345,600.816356,121.86092249999999,-19.266943,593.4404475,309.4650955,-30.684198000000002,-61.487247000000025,20.686290999999983
-48.372078666666674,821.3493856666668,289.37448066666667,-186.8067825,600.2793095,122.951131,-19.2093435,593.897909,310.594345,-30.869217,-61.249134000000026,21.23407000000003
-48.286881,821.3815963333333,289.51279233333327,-186.7562245,599.748593,124.024381,-19.1590315,594.3441825,311.7044625,-31.052097,-61.00978699999996,21.772606999999994
-48.202937666666664,821.4091743333333,289.6478763333334,-186.70583399999998,599.2245909999999,125.0800995,-19.1163575,594.779458,312.79517150000004,-31.232117000000002,-60.76959599999998,22.301117000000033
-48.120335000000004,821.4323330000001,289.7796846666667,-186.6557795,598.707678,126.117749,-19.0816225,595.203872,313.86621349999996,-31.408647000000002,-60.52891800000009,22.818865000000017
-48.03915433333333,821.451289,289.9081773333333,-186.6062215,598.1982175,127.136834,-19.0550635,595.6175109999999,314.9173475,-31.581161,-60.28807399999994,23.325181000000043
-47.95947366666667,821.466264,290.0333176666667,-186.55731350000002,597.6965640000001,128.1369005,-19.0368565,596.020411,315.948353,-31.749233,-60.04734199999996,23.819462000000044
-47.88136766666667,821.4774796666667,290.15507733333334,-186.5092005,597.203057,129.117535,-19.0271075,596.412562,316.959025,-31.912553000000003,-59.806962,24.301180000000045
-47.80490633333333,821.4851610000001,290.273433,-186.462016,596.718023,130.0783705,-19.025852,596.7939115,317.9491755,-32.070916,-59.56712900000002,24.769880999999998
-47.730154999999996,821.4895366666666,290.38836599999996,-186.415885,596.2417740000001,131.0190835,-19.033054,597.1643684999999,318.9186355,-32.224232,-59.32800299999997,25.225198999999975
-47.657175333333335,821.4908343333333,290.49986566666666,-186.3709205,595.774606,131.9393955,-19.048603,597.5238105000001,319.8672525,-32.372513999999995,-59.08970099999999,25.66684299999997
-47.58602466666667,821.4892829999999,290.60792666666663,-186.3272225,595.3167965,132.83907399999998,-19.072315500000002,597.872086,320.794894,-32.515879,-58.85230200000001,26.094611999999984
-47.516754666666664,821.4851130000001,290.71254933333336,-186.2848785,594.8686055000001,133.7179345,-19.1039375,598.2090235000001,321.70144400000004,-32.654543000000004,-58.6158529999999,26.50838600000003
-47.449413333333325,821.4785536666667,290.81373966666666,-186.2439635,594.430274,134.57583549999998,-19.1431475,598.5344385,322.58681049999996,-32.788805,-58.38036499999998,26.90812699999998
-47.384042666666666,821.4698343333333,290.91151066666663,-186.20453750000001,594.002021,135.41268349999999,-19.189556500000002,598.8481380000001,323.450919,-32.919045,-58.14582400000006,27.29388
-47.32068066666667,821.4591823333334,291.0058803333334,-186.16664550000002,593.584046,136.228429,-19.242718,599.1499305,324.293723,-33.045708,-57.91219100000001,27.665763999999967
-47.259360333333326,821.446824,291.09687233333335,-186.13031999999998,593.1765264999999,137.023067,-19.302131,599.439632,325.1151965,-33.169295999999996,-57.67940399999998,28.023969000000022
-47.20010966666666,821.4329823333333,291.18451600000003,-186.0955785,592.779616,137.79663549999998,-19.367245,599.717074,325.915342,-33.29035,-57.44739000000004,28.368753999999967
-47.14295066666667,821.417879,291.268847,-186.062423,592.3934469999999,138.5492155,-19.437469,599.9821085000001,326.694189,-33.40944399999999,-57.21606299999996,28.700437999999963
-47.08790233333334,821.4017316666667,291.3499043333333,-186.030844,592.018129,139.280928,-19.512179,600.2346190000001,327.4517985,-33.527162,-56.98533400000008,29.01939100000004
-47.03497666666667,821.3847529999999,291.4277346666666,-186.0008155,591.653747,139.9919325,-19.590722,600.4745224999999,328.18826049999996,-33.644093999999996,-56.755111000000056,29.32603499999999
-46.98418166666667,821.3671526666667,291.502388,-185.97230100000002,591.3003635,140.682425,-19.672427499999998,600.7017794999999,328.9036985,-33.760817,-56.52530899999999,29.62082300000003
-46.93552066666667,821.3491346666666,291.57392000000004,-185.94525099999998,590.9580185,141.352639,-19.756615500000002,600.916396,329.5982705,-33.877887,-56.29584999999997,29.904246999999998
-46.888992333333334,821.3308976666667,291.6423896666667,-185.9196045,590.6267295,142.0028385,-19.8426,601.1184275,330.27216699999997,-33.995822,-56.06666899999993,30.17681799999997
-46.844590000000004,821.3126350000001,291.70786233333337,-185.895291,590.306491,142.63332,-19.9297,601.307988,330.9256145,-34.115100000000005,-55.83771999999999,30.439067000000023
-46.802303,821.2945329999999,291.7704066666667,-185.8722315,589.9972769999999,143.244407,-20.0172455,601.485247,331.55887299999995,-34.236143,-55.608971999999994,30.69153
-46.76211633333333,821.2767716666667,291.83009466666664,-185.85033850000002,589.6990410000001,143.8364505,-20.104582999999998,601.6504325000001,332.172238,-34.359312,-55.380420999999956,30.93474600000002
-46.72400966666667,821.2595233333333,291.88700266666666,-185.829519,589.4117154999999,144.40982400000001,-20.191082,601.8038369999999,332.766036,-34.484904,-55.152083999999945,31.16925199999997
-46.687960333333336,821.2429529999999,291.941211,-185.809674,589.135215,144.9649235,-20.276139500000003,601.9458095,333.3406275,-34.613143,-54.92400500000008,31.395573000000013
-46.65394066666667,821.2272176666667,291.9928013333333,-185.7907025,588.8694345,145.502162,-20.3591865,602.0767615,333.89639999999997,-34.744179,-54.696252999999956,31.614217999999994
-46.621918666666666,821.2124666666667,292.04186,-185.772501,588.614253,146.0219705,-20.4396895,602.1971605,334.43376950000004,-34.878091,-54.468922999999904,31.825676999999985
-46.59186066666667,821.1988396666667,292.08847533333335,-185.7549655,588.3695335,146.52479399999999,-20.517155,602.3075305,334.95317550000004,-35.01488,-54.24213499999996,32.030417
-46.563727666666665,821.1864689999999,292.132738,-185.7379925,588.1351235,147.0110865,-20.591130500000002,602.408447,335.4550775,-35.154475,-54.016035999999986,32.228881
-46.53747933333333,821.1754763333333,292.1747403333333,-185.7214815,587.9108555,147.481314,-20.661209,602.5005325,335.939953,-35.296735999999996,-53.79079100000001,32.42147799999998
-46.51307166666667,821.1659746666668,292.2145766666667,-185.705335,587.696551,147.9359475,-20.727027,602.5844515,336.40829299999996,-35.441458,-53.56658900000002,32.60859199999999
-46.49045766666668,821.1580686666666,292.25234266666666,-185.689459,587.4920179999999,148.375463,-20.7882655,602.6609065,336.8605955,-35.588375,-53.343636999999944,32.79057499999999
-46.469589000000006,821.1518516666666,292.288135,-185.673766,587.2970535,148.8003395,-20.844652500000002,602.73063,337.297365,-35.737167,-53.12215800000001,32.96774599999998
-46.450414333333335,821.1474086666667,292.32205,-185.658175,587.111446,149.2110555,-20.895960499999997,602.7943789999999,337.7191045,-35.887465,-52.90238600000009,33.14039500000001
-46.432881333333334,821.1448136666668,292.3541863333333,-185.6426115,586.934972,149.608088,-20.9420045,602.8529295,338.12631550000003,-36.038861000000004,-52.684567000000015,33.30878100000001
-46.41693466666666,821.1441326666667,292.3846413333333,-185.627007,586.767402,149.99191150000001,-20.982643500000002,602.907068,338.51949,-36.190911,-52.46895399999994,33.47313600000001
-46.40251966666667,821.1454203333333,292.41351233333336,-185.6113025,586.608498,150.36299350000002,-21.0177775,602.957584,338.8991095,-36.343149,-52.2558039999999,33.63366099999996
-46.38957933333333,821.1487233333332,292.4408956666667,-185.59544449999999,586.4580149999999,150.72179749999998,-21.047344,603.005265,339.26564,-36.495084,-52.04537600000003,33.790531999999985
-46.37805533333333,821.1540763333334,292.4668883333333,-185.579389,586.315703,151.06877550000002,-21.07132,603.050888,339.61953,-36.646218000000005,-51.83792799999992,33.943903999999975
-46.367889999999996,821.1615066666667,292.49158400000005,-185.5630975,586.1813045,151.404373,-21.089715,603.095215,339.961206,-36.796046,-51.633711999999946,34.09390399999995
-46.359023666666666,821.1710313333333,292.51507599999997,-185.5465375,586.05456,151.729022,-21.1025735,603.1389825,340.29107450000004,-36.944067000000004,-51.43298099999993,34.240643000000034
-46.35139833333333,821.1826593333334,292.53745599999996,-185.52968449999997,585.935203,152.043143,-21.109969,603.182901,340.609515,-37.089783999999995,-51.23597399999994,34.38421199999999
-46.344955,821.1963883333334,292.5588133333333,-185.5125165,585.822965,152.347145,-21.1120045,603.2276425,340.916883,-37.232717,-51.04292499999997,34.524681999999984
-46.33963433333333,821.2122106666666,292.579235,-185.4950155,585.7175745,152.64142099999998,-21.1088055,603.273841,341.213509,-37.372401,-50.85405400000002,34.662113999999974
-46.335378666666664,821.2301076666668,292.598805,-185.4771675,585.618757,152.9263495,-21.100524,603.3220855,341.4996975,-37.508396000000005,-50.66957500000001,34.796550999999965
-46.33213033333333,821.2500536666666,292.61760666666663,-185.4589585,585.526235,153.2022945,-21.087331,603.3729149999999,341.7757275,-37.640288,-50.48968400000001,34.92802499999999
-46.329832333333336,821.272015,292.635717,-185.44037550000002,585.4397329999999,153.4696035,-21.069415000000003,603.4268145000001,342.041855,-37.767688,-50.31456700000001,35.056556
-46.328428,821.2959513333334,292.65321266666666,-185.4214025,585.3589695000001,153.7286065,-21.046982500000002,603.484215,342.2983155,-37.890245,-50.14439600000003,35.18215699999996
-46.32786333333333,821.3218143333334,292.67016666666666,-185.402022,585.2836665,153.979617,-21.0202505,603.5454870000001,342.5453225,-38.007636999999995,-49.979332,35.304827000000046
-46.32808400000001,821.3495493333334,292.686647,-185.38221149999998,585.2135445,154.222934,-20.9894495,603.6109415000001,342.783075,-38.119579,-49.819515000000024,35.42456000000004
-46.32903766666667,821.3790956666666,292.7027196666667,-185.361943,585.148324,154.458836,-20.9548165,603.680827,343.0117565,-38.225819,-49.66507999999999,35.54134299999998
-46.330673,821.4103866666668,292.7184466666667,-185.3411825,585.087728,154.6875855,-20.916596000000002,603.7553325,343.2315395,-38.326146,-49.516143000000056,35.655151000000046
-46.33294,821.4433503333333,292.73388500000004,-185.3198875,585.0314794999999,154.90943000000001,-20.875034499999998,603.8345815,343.44259,-38.420379,-49.37280899999996,35.765957999999955
-46.33579066666667,821.4779103333334,292.7490903333333,-185.298005,584.9793045,155.124598,-20.8303835,603.9186385,343.64506900000003,-38.508377,-49.23516899999993,35.87372799999997
-46.33917833333334,821.5139846666666,292.764113,-185.2754745,584.9309304999999,155.333303,-20.782889,604.007509,343.8391365,-38.590032,-49.10329999999999,35.97842300000002
-46.343058000000006,821.5514876666667,292.77899900000006,-185.2522235,584.886088,155.535743,-20.732798,604.10114,344.024957,-38.66527,-48.97726799999998,36.079994
-46.347386,821.5903303333333,292.793792,-185.22816799999998,584.844511,155.7321005,-20.6803515,604.1994245,344.2026985,-38.734050999999994,-48.85712699999999,36.17839300000003
-46.352121000000004,821.6304196666666,292.80853033333335,-185.2032145,584.8059385,155.92254400000002,-20.625781999999997,604.3022035,344.37254099999996,-38.796366,-48.74291500000004,36.27356600000002
-46.35722233333333,821.6716603333333,292.82325066666664,-185.1772575,584.7701119999999,156.1072275,-20.569315,604.409269,344.5346745,-38.852234,-48.634661999999935,36.365455
-46.36265233333333,821.7139543333333,292.83798299999995,-185.15017949999998,584.7367770000001,156.2862935,-20.511165000000002,604.5203705,344.6893035,-38.901706,-48.53238099999999,36.45399699999996
-46.368372666666666,821.757201,292.85275666666666,-185.1218535,584.705686,156.45987150000002,-20.451535,604.635219,344.8366505,-38.944857999999996,-48.43607399999996,36.539131
-46.374349333333335,821.8012986666666,292.867596,-185.0921435,584.676596,156.6280825,-20.390614,604.753489,344.976955,-38.981790000000004,-48.345732,36.62079399999999
-46.38054833333334,821.8461436666666,292.88252166666666,-185.0609045,584.649268,156.79103500000002,-20.328577,604.8748264999999,345.110475,-39.012628,-48.261329000000046,36.69892200000004
-46.386936999999996,821.8916316666667,292.8975516666667,-185.027984,584.6234715,156.94883,-20.265583499999998,604.998853,345.237491,-39.037519,-48.18282600000009,36.77345199999996
-46.39348566666666,821.9376560000001,292.91270066666664,-184.993224,584.5989804999999,157.101561,-20.201778,605.1251715,345.358301,-39.056627999999996,-48.11017500000003,36.84432399999997
-46.400164,821.9841116666666,292.9279803333333,-184.95646299999999,584.5755755,157.249315,-20.137289,605.2533695,345.47322399999996,-39.070142,-48.04330700000003,36.91148400000003
-46.406945,822.0308923333333,292.94339966666666,-184.917536,584.5530444999999,157.392174,-20.072227,605.3830270000001,345.58259599999997,-39.078262,-47.98214199999995,36.974882000000036
-46.413801666666664,822.0778903333334,292.95896400000004,-184.8762815,584.531183,157.530214,-20.0066885,605.513722,345.68677249999996,-39.081207,-47.92658600000004,37.03447299999999
-46.42070966666666,822.1250003333334,292.9746773333333,-184.8325375,584.5097920000001,157.66350899999998,-19.940753,605.64503,345.786122,-39.079204000000004,-47.87652800000001,37.09022399999998
-46.427643999999994,822.1721160000001,292.9905406666667,-184.786148,584.4886815,157.79213049999998,-19.8744865,605.7765355,345.881026,-39.072499,-47.831842999999935,37.14211
-46.43458233333333,822.2191320000001,293.006553,-184.7369635,584.46767,157.91614750000002,-19.8079405,605.907832,345.971875,-39.061341,-47.79239200000006,37.190117999999984
-46.44150266666667,822.2659433333333,293.02271133333335,-184.684847,584.446583,158.0356285,-19.741153500000003,606.0385255000001,346.0590655,-39.045991,-47.758020999999985,37.23424700000004
-46.44838466666667,822.3124463333334,293.0390106666667,-184.629671,584.425254,158.1506415,-19.674154,606.168241,346.1429975,-39.02672,-47.728560000000016,37.27451100000002
-46.455208666666664,822.3585390000002,293.0554446666667,-184.5713235,584.403528,158.2612545,-19.606961,606.2966220000001,346.22406850000004,-39.003798,-47.70382600000005,37.31093900000002
-46.46195666666667,822.40412,293.072005,-184.50971099999998,584.381256,158.367536,-19.539585000000002,606.4233345,346.30267000000003,-38.977502,-47.68362300000001,37.34357600000004
-46.46860966666667,822.4490886666667,293.08868266666667,-184.4447585,584.358301,158.469556,-19.4720325,606.5480689999999,346.3791825,-38.948113,-47.667741999999976,37.37248299999999
-46.475151333333336,822.4933476666666,293.1054676666667,-184.37641200000002,584.3345340000001,158.5673845,-19.404305,606.6705415,346.4539745,-38.91591,-47.65596299999993,37.397740999999996
-46.481565999999994,822.5368010000001,293.1223483333333,-184.304642,584.3098379999999,158.661092,-19.3364045,606.790493,346.527393,-38.881175,-47.648054,37.419444
-46.487839,822.5793530000001,293.1393123333334,-184.2294435,584.2841065,158.75075049999998,-19.268333000000002,606.9076925,346.599763,-38.844186,-47.643775000000005,37.43770800000004
-46.493955,822.6209126666666,293.15634866666664,-184.1508375,584.257243,158.836432,-19.200095,607.0219335,346.671383,-38.805218,-47.642877,37.45266400000003
-46.499901,822.6613893333333,293.1734426666667,-184.068874,584.2291645,158.918208,-19.131701999999997,607.133036,346.74252,-38.764544,-47.645102000000065,37.464459999999974
-46.505664333333335,822.7006963333333,293.190582,-183.9836305,584.199799,158.9961495,-19.063171500000003,607.2408439999999,346.8134065,-38.722431,-47.65019199999995,37.47326099999998
-46.51123333333334,822.7387476666667,293.20775333333336,-183.8952125,584.1690865,159.070327,-18.9945305,607.345225,346.8842385,-38.679139,-47.65787999999998,37.479243
-46.516596333333325,822.775462,293.22494366666666,-183.803754,584.136981,159.1408075,-18.9258175,607.4460655,346.95517199999995,-38.634923,-47.66790100000003,37.482597999999996
-46.521742999999994,822.8107606666666,293.2421386666667,-183.7094205,584.1034495,159.20765799999998,-18.857082,607.5432745,347.0263205,-38.59003,-47.6799870000001,37.48353099999997
-46.526665333333334,822.8445673333334,293.2593263333333,-183.61240149999998,584.0684719999999,159.2709385,-18.788387,607.6367745,347.0977555,-38.544698,-47.693870999999945,37.48225500000001
-46.53135266666667,822.8768099999999,293.2764936666667,-183.512916,584.0320435,159.33070750000002,-18.7198105,607.726505,347.1695035,-38.499155,-47.709292000000005,37.47898900000001
-46.535799,822.9074193333335,293.2936286666666,-183.411207,583.9941705,159.38701650000002,-18.6514445,607.812416,347.24154550000003,-38.453621000000005,-47.72598800000003,37.47396299999997
-46.53999666666667,822.9363306666668,293.31071833333334,-183.3075405,583.9548765,159.439913,-18.5833965,607.894467,347.31381999999996,-38.408303000000004,-47.74370799999997,37.46740600000004
-46.54393966666667,822.9634823333334,293.327753,-183.202205,583.9141975,159.4894365,-18.515788,607.9726255,347.38622,-38.363404,-47.76220699999999,37.45954999999998
-46.547622999999994,822.9888173333333,293.3447203333333,-183.095509,583.8721835,159.53562,-18.448753500000002,608.0468635,347.4585985,-38.319109,-47.78124500000001,37.450627
-46.551043,823.012283,293.361611,-182.9877755,583.8288984999999,159.5784875,-18.382443000000002,608.1171545,347.53076599999997,-38.275598,-47.80059700000004,37.44086599999997
-46.55419700000001,823.0338316666666,293.378416,-182.8793425,583.7844210000001,159.6180565,-18.317016000000002,608.1834725,347.6024975,-38.233036,-47.82004299999994,37.43049100000002
-46.557082666666666,823.0534186666667,293.3951253333333,-182.770558,583.7388404999999,159.654333,-18.252644,608.2457905,347.6735325,-38.191579999999995,-47.83937900000001,37.41971699999999
-46.559699,823.071006,293.41173166666664,-182.6617775,583.6922605,159.687317,-18.189504,608.3040775,347.7435795,-38.151377999999994,-47.858411000000046,37.408754999999985
-46.56204666666667,823.0865596666667,293.42822700000005,-182.55336,583.6447965,159.716996,-18.127781000000002,608.3582965,347.8123195,-38.112564,-47.876955000000066,37.39780099999996
-46.564127000000006,823.100051,293.44460366666664,-182.445666,583.5965745000001,159.74335050000002,-18.067662000000002,608.408405,347.87941049999995,-38.075268,-47.89484399999992,37.387043000000006
-46.565943,823.111456,293.460856,-182.33905299999998,583.5477295000001,159.766351,-18.009337000000002,608.4543535,347.94449099999997,-38.039608,-47.91191700000002,37.376653999999974
-46.56749833333333,823.1207566666667,293.4769776666667,-182.233871,583.4984095,159.7859585,-17.952991,608.4960834999999,348.007185,-38.005694,-47.92803100000003,37.36679400000003
-46.568796999999996,823.1279403333333,293.49296333333336,-182.13046350000002,583.4487675,159.8021255,-17.898806,608.533529,348.06710799999996,-37.973634000000004,-47.94304999999997,37.357609999999966
-46.569847,823.1329989999999,293.5088073333333,-182.029158,583.3989635,159.8147965,-17.846956,608.5666140000001,348.12386649999996,-37.943522,-47.95684999999992,37.34923299999997
-46.570654999999995,823.1359310000001,293.5245056666667,-181.93027,583.349166,159.82390700000002,-17.797604,608.5952545,348.1770705,-37.915454,-47.96931900000004,37.341778999999974
-46.571230333333325,823.1367403333334,293.540053,-181.8340945,583.2995465,159.8293865,-17.750901,608.619358,348.22632999999996,-37.889517999999995,-47.98035200000004,37.335352
-46.571583,823.135435,293.55544533333335,-181.740907,583.2502804999999,159.831156,-17.7069815,608.6388235,348.271264,-37.865801,-47.989852999999925,37.330038
-46.57172466666666,823.1320296666667,293.5706783333333,-181.650959,583.201545,159.829133,-17.6659635,608.6535445,348.311503,-37.844384999999996,-47.997735000000034,37.32591200000002
-46.57166833333334,823.1265440000001,293.5857476666667,-181.5644805,583.153519,159.823227,-17.6279435,608.6634059999999,348.346692,-37.825351,-48.003916000000004,37.32303200000001
-46.57142833333334,823.119002,293.6006496666667,-181.481672,583.106381,159.813345,-17.5929995,608.6682900000001,348.37649450000004,-37.808781,-48.008320000000026,37.32144899999997
-46.57102033333334,823.1094343333334,293.61537833333335,-181.40270850000002,583.0603085,159.79938950000002,-17.5611855,608.6680735,348.4005945,-37.794754999999995,-48.01087899999993,37.32119499999999
-46.57046166666667,823.0978746666666,293.62992966666667,-181.32773600000002,583.015476,159.78125799999998,-17.532532999999997,608.6626325,348.41870100000006,-37.783352,-48.011527,37.322294
-46.56977,823.0843633333334,293.6442983333333,-181.25687349999998,582.972055,159.7588465,-17.5070515,608.651841,348.4305475,-37.774651,-48.010205999999926,37.32475699999998
-46.568965666666664,823.0689436666667,293.65847866666667,-181.1902105,582.9302130000001,159.7320485,-17.484726499999997,608.6355765000001,348.4358955,-37.768729,-48.00686099999996,37.328584999999975
-46.56807033333333,823.0516633333333,293.6724646666667,-181.12780700000002,582.8901115,159.7007565,-17.4655225,608.613716,348.43453450000004,-37.765663,-48.00144399999999,37.33376700000002
-46.567106,823.0325743333333,293.68624866666664,-181.0696975,582.851907,159.66486,-17.449382500000002,608.586145,348.4262825,-37.765527,-47.993909999999914,37.340281000000004
-46.566096666666674,823.0117319999999,293.69982333333337,-181.01588900000002,582.815749,159.6242455,-17.436231499999998,608.5527525,348.410988,-37.768393,-47.984224999999924,37.348096
-46.565068333333336,822.9891966666668,293.71318066666663,-180.9663605,582.7817815000001,159.5788015,-17.425976,608.513438,348.3885295,-37.774328,-47.972360000000094,37.35716500000001
-46.56404666666666,822.965028,293.72631099999995,-180.92107049999998,582.750141,159.5284115,-17.418511,608.4681115000001,348.358813,-37.783390000000004,-47.95829900000001,37.367434
-46.56306033333333,822.9392923333334,293.73920400000003,-180.8799525,582.720956,159.472958,-17.413717000000002,608.416693,348.321774,-37.795634,-47.94203399999992,37.37883199999999
-46.562139,822.912056,293.7518486666667,-180.842919,582.6943495,159.41232200000002,-17.4114675,608.3591195,348.27737549999995,-37.811099,-47.92357500000003,37.39127500000001
-46.56131333333334,822.8833876666666,293.7642316666666,-180.8098655,582.670436,159.3463795,-17.4116325,608.29534,348.225605,-37.829815,-47.902943999999934,37.40466599999996
-46.56061466666667,822.8533583333333,293.7763406666666,-180.780669,582.649325,159.27500300000003,-17.414078,608.2253235000001,348.16647550000005,-37.851796,-47.8801830000001,37.41888499999999
-46.56007666666667,822.8220396666667,293.78816,-180.75519300000002,582.6311195,159.198061,-17.418674,608.1490544999999,348.10002199999997,-37.877041999999996,-47.855357000000026,37.43379799999997
-46.55973433333333,822.7895033333333,293.79967366666665,-180.73328850000001,582.6159165,159.11541599999998,-17.425297,608.066538,348.0262995,-37.905528000000004,-47.828550000000064,37.449253
-46.55962333333334,822.755824,293.810864,-180.714797,582.603809,159.026923,-17.433830999999998,607.9777975,347.9453805,-37.937214,-47.79987700000004,37.465070999999966
-46.55978033333334,822.7210733333333,293.821713,-180.69955149999998,582.594885,158.9324295,-17.444173499999998,607.882876,347.85735550000004,-37.972031,-47.769477999999935,37.481055000000026
-46.56024399999999,822.685324,293.83219866666667,-180.68737950000002,582.5892305,158.831774,-17.456239,607.7818375,347.762326,-38.009888,-47.73752300000001,37.496982
-46.56105266666666,822.6486486666666,293.84230099999996,-180.6781065,582.5869295,158.7247835,-17.4699595,607.6747640000001,347.66040350000003,-38.050669,-47.704215999999974,37.51260499999995
-46.562247333333325,822.611119,293.851995,-180.67155350000002,582.5880629999999,158.61127499999998,-17.4852885,607.5617555,347.5517095,-38.094227,-47.66979300000003,37.527649
-46.56387,822.5728036666666,293.86125633333336,-180.66754550000002,582.592713,158.4910525,-17.502202,607.442931,347.43636749999996,-38.140390000000004,-47.63452599999994,37.54181699999998
-46.56596166666666,822.5337716666667,293.87005833333336,-180.6659065,582.6009635,158.3639035,-17.520702500000002,607.3184225,347.314506,-38.188955,-47.598719000000074,37.554782000000046
-46.568567,822.4940876666666,293.87837233333335,-180.666466,582.6128975,158.2296035,-17.540816,607.1883755,347.18625,-38.239695999999995,-47.562715000000026,37.56619600000005
-46.57173,822.4538166666666,293.886168,-180.6690575,582.628604,158.08790950000002,-17.562596499999998,607.0529465,347.051722,-38.292355,-47.52688499999999,37.57568600000002
-46.57549533333333,822.413019,293.89341433333334,-180.673521,582.648173,157.9385615,-17.586124,606.912299,346.911037,-38.346656,-47.491637999999966,37.582852
-46.57990900000001,822.3717526666666,293.90007633333335,-180.67970350000002,582.6717014999999,157.781283,-17.6115035,606.7665985000001,346.7642995,-38.402291,-47.45741099999998,37.58727899999997
-46.585017666666666,822.3300733333332,293.906119,-180.6874595,582.69929,157.61577649999998,-17.638866999999998,606.6160135,346.6116025,-38.45894,-47.424668999999994,37.588532999999984
-46.590868666666665,822.288032,293.9115043333333,-180.69665300000003,582.7310480000001,157.4417275,-17.668368,606.4607054999999,346.45302200000003,-38.516262,-47.39390100000003,37.586164
-46.59750966666667,822.2456769999999,293.9161933333333,-180.707156,582.7670889999999,157.258798,-17.7001835,606.300828,346.2886155,-38.573903,-47.36561800000004,37.57971299999997
-46.60498933333333,822.2030523333333,293.920144,-180.7188485,582.8075365,157.066634,-17.7345085,606.136523,346.1184195,-38.631497,-47.34034799999995,37.56871100000001
-46.613356333333336,822.1601986666666,293.923313,-180.73162200000002,582.852521,156.86485850000003,-17.7715575,605.9679134999999,345.9424455,-38.688677,-47.31862699999999,37.55268699999999
-46.622659999999996,822.1171513333334,293.92565399999995,-180.745374,582.9021825,156.6530755,-17.811559,605.7951005,345.76068050000003,-38.745067999999996,-47.30100300000004,37.53117100000003
-46.63294966666666,822.073943,293.92712,-180.76001250000002,582.9566689999999,156.4308685,-17.854753000000002,605.6181595,345.5730795,-38.800302,-47.28802299999995,37.50369699999999
-46.64427499999999,822.0306,293.92766066666667,-180.775453,583.0161385,156.1978025,-17.901388500000003,605.437135,345.3795695,-38.854017,-47.28022800000008,37.46981100000005
-46.65668566666667,821.9871453333334,293.9272236666667,-180.7916165,583.0807585,155.953422,-17.9517235,605.252037,345.180044,-38.905861,-47.27815199999998,37.42906800000003
-46.670232666666664,821.9435976666667,293.9257543333333,-180.8084335,583.150705,155.69725449999999,-18.006016499999998,605.0628375,344.974361,-38.955497,-47.28231699999992,37.38104199999998
-46.684964666666666,821.8999703333334,293.9231966666666,-180.825838,583.2261645000001,155.42881,-18.0645285,604.869468,344.7623435,-39.002607,-47.29322400000001,37.325327000000016
-46.700932,821.8562716666667,293.919491,-180.8437695,583.3073325,155.14758,-18.1275195,604.671816,344.543779,-39.046893,-47.311348000000066,37.26153800000003
-46.718184,821.8125063333333,293.91457633333334,-180.862172,583.3944135,154.8530435,-18.195243,604.4697229999999,344.31841599999996,-39.088084,-47.33713799999998,37.189318000000014
-46.73677033333333,821.7686723333333,293.90838766666667,-180.8809905,583.4876234999999,154.5446635,-18.2679485,604.2629850000001,344.0859655,-39.125931,-47.371013999999946,37.108333000000016
-46.75674033333333,821.7247653333334,293.90086033333336,-180.9001725,583.587185,154.2218895,-18.345878000000003,604.0513475,343.84610250000003,-39.160216,-47.413355000000024,37.01827499999996
-46.77814133333334,821.680774,293.8919246666667,-180.919666,583.6933315,153.88416,-18.4292605,603.8345095,343.59846300000004,-39.190749000000004,-47.46450900000002,36.91886600000004
-46.801021999999996,821.6366840000001,293.881511,-180.93941949999999,583.806304,153.5309035,-18.5183165,603.6121215000001,343.342646,-39.217369,-47.52478099999996,36.80984999999998
-46.82542933333334,821.5924749999999,293.86954433333335,-180.9593785,583.9263535,153.1615385,-18.613250999999998,603.3837865,343.0782145,-39.239942,-47.59443699999997,36.69099700000004
-46.85141066666667,821.548123,293.85594999999995,-180.9794865,584.0537400000001,152.775476,-18.7142575,603.1490625,342.804696,-39.258362999999996,-47.67370099999994,36.56209799999999
-46.879010666666666,821.503599,293.8406493333334,-180.9996835,584.1887320000001,152.3721205,-18.821514,602.9074625000001,342.521585,-39.272554,-47.76275300000009,36.42295999999999
-46.90827433333334,821.4588709999999,293.82356266666665,-181.019906,584.3316075,151.9508715,-18.935181,602.658458,342.2283425,-39.28246,-47.861740000000054,36.27340700000002
-46.93924666666667,821.4139006666668,293.8046073333333,-181.0400855,584.482653,151.511125,-19.055404,602.4014815,341.9243975,-39.288050000000005,-47.97075899999993,36.11327300000005
-46.971969,821.3686470000001,293.78369799999996,-181.060149,584.642163,151.052274,-19.182311000000002,602.1359305000001,341.6091505,-39.289312,-48.089877,35.94239500000003
-47.00648366666667,821.3230643333333,293.7607473333333,-181.0800175,584.8104445,150.573711,-19.316012999999998,601.861168,341.281974,-39.286248,-48.21911799999998,35.76061400000003
-47.042831,821.277105,293.735668,-181.0996055,584.987811,150.074829,-19.456601000000003,601.576528,340.942213,-39.278878,-48.358475999999996,35.567766000000006
-47.08104866666667,821.230715,293.7083676666667,-181.118823,585.174587,149.5550215,-19.604149500000002,601.2813215,340.58918800000004,-39.267227,-48.50790899999993,35.363674
-47.121175666666666,821.18384,293.67875499999997,-181.1375755,585.3711089999999,149.013685,-19.7587125,600.974834,340.2221955,-39.251329,-48.66734599999995,35.14815299999998
-47.16324733333334,821.1364199999999,293.64673466666665,-181.15576099999998,585.57772,148.45022,-19.920325,600.6563365,339.84050950000005,-39.231224,-48.83669100000009,34.920995000000005
-47.207297000000004,821.0883936666665,293.61221166666667,-181.1732765,585.7947765,147.864032,-20.089003,600.3250840000001,339.4433825,-39.20695,-49.01581799999997,34.681970999999976
-47.253358,821.0396963333334,293.575088,-181.19001400000002,586.0226445000001,147.25453349999998,-20.26474,599.9803234999999,339.0300485,-39.178543999999995,-49.20458300000007,34.430826999999965
-47.301460666666664,820.9902603333334,293.5352663333333,-181.205862,586.2617009999999,146.621145,-20.447511499999997,599.621296,338.5997195,-39.146039,-49.40281600000003,34.167281
-47.351633666666665,820.940017,293.49264633333337,-181.220709,586.5123325,145.963296,-20.637271,599.2472405000001,338.1515885,-39.109458000000004,-49.610334999999964,33.89102100000002
-47.40390299999999,820.888894,293.44712866666663,-181.234445,586.7749375000001,145.2804285,-20.833951,598.8574,337.68483200000003,-39.068822,-49.82693599999993,33.60170199999999
-47.458294,820.8368186666667,293.398613,-181.246959,587.0499219999999,144.571997,-21.037462,598.4510224999999,337.198605,-39.024138,-50.05240100000003,33.298951999999986
-47.514828,820.7837159999999,293.34699666666666,-181.2581455,587.337703,143.837472,-21.247693499999997,598.027368,336.6920465,-38.975403,-50.286500000000046,32.982366999999954
-47.57352566666666,820.7295096666667,293.2921806666667,-181.267902,587.638704,143.0763415,-21.4645135,597.5857120000001,336.164275,-38.922609,-50.52898399999992,32.65151799999995
-47.63440433333333,820.6741219999999,293.23406266666666,-181.2761345,587.9533555,142.288114,-21.6877685,597.1253465,335.61438999999996,-38.865731000000004,-50.77959699999997,32.305949999999996
-47.697478666666676,820.6174746666666,293.17254299999996,-181.282756,588.282093,141.4723225,-21.917282,596.6455880000001,335.0414735,-38.804742000000005,-51.03806599999996,31.945191000000023
-47.76276166666667,820.5594890000001,293.10752299999996,-181.2876925,588.6253545,140.628526,-22.1528585,596.1457785,334.4445855,-38.739605,-51.304104999999936,31.56875100000002
-47.830263333333335,820.5000843333333,293.0389036666666,-181.29087900000002,588.9835785,139.7563135,-22.394278999999997,595.6252905,333.8227675,-38.670276,-51.577414999999974,31.17613700000004
-47.89998966666667,820.4391813333333,292.96658899999994,-181.29226649999998,589.3572005,138.855311,-22.641305,595.0835294999999,333.1750395,-38.596712000000004,-51.857683000000065,30.766849000000036
-47.97194566666666,820.3767003333332,292.890484,-181.291821,589.7466509999999,137.9251805,-22.893677,594.5199385,332.500403,-38.518868000000005,-52.14457700000003,30.340396
-48.046132666666665,820.3125606666667,292.810497,-181.2895245,590.1523520000001,136.965629,-23.1511165,593.9340015,331.7978375,-38.436701,-52.437750999999935,29.896299
-48.122549666666664,820.2466836666666,292.7265383333333,-181.28538,590.5747105,135.9764125,-23.413326,593.3252445,331.0663025,-38.350176,-52.73683900000003,29.434101
-48.201190999999994,820.1789896666666,292.6385216666667,-181.2794065,591.014118,134.9573385,-23.6799905,592.6932405,330.3047395,-38.259267,-53.04145500000004,28.953373
-48.28204866666666,820.109401,292.5463646666667,-181.2716465,591.470944,133.9082745,-23.950776,592.0376125,329.51207,-38.163958,-53.35119099999997,28.45372599999996
-48.36511333333333,820.037841,292.44998933333335,-181.262163,591.9455335,132.829151,-24.2253345,591.3580334999999,328.6872005,-38.064254999999996,-53.665617,27.934815000000015
-48.450369333333335,819.964233,292.3493203333333,-181.25104,592.4382,131.7199675,-24.503303,590.6542315,327.82902,-37.960176,-53.984279000000015,27.396349999999984
-48.53780033333334,819.8885033333332,292.2442893333333,-181.238386,592.949223,130.58079650000002,-24.784304000000002,589.9259890000001,326.9364065,-37.851768,-54.30669599999999,26.838097000000005
-48.62738533333333,819.8105793333334,292.1348326666666,-181.2243305,593.4788435,129.4117885,-25.067948,589.1731465,326.0082265,-37.739096,-54.632363000000055,26.259890999999982
-48.719100000000005,819.7303906666666,292.02089199999995,-181.2090265,594.0272605,128.2131755,-25.353837000000002,588.3956029999999,325.0433395,-37.622256,-54.960746000000086,25.661639000000037
-48.812917,819.647868,291.9024153333333,-181.19265000000001,594.5946285,126.9852755,-25.6415615,587.593316,324.040603,-37.501373,-55.29128800000001,25.043319999999994
-48.908805,819.5629463333333,291.7793583333333,-181.1754,595.181051,125.7284925,-25.930707,586.7663044999999,322.998874,-37.3766,-55.62340299999994,24.404995999999983
-49.00673066666667,819.475562,291.65168166666666,-181.15749599999998,595.7865845,124.4433215,-26.220852,585.9146465,321.917016,-37.24812,-55.956478999999945,23.746807999999987
-49.10665500000001,819.3856546666666,291.5193556666667,-181.139183,596.4112325,123.130345,-26.5115735,585.0384815,320.7939035,-37.116144999999996,-56.28987899999993,23.068979000000013
-49.208536333333335,819.2931673333333,291.3823566666667,-181.120725,597.054949,121.790235,-26.802447,584.1380085000001,319.6284275,-36.98092,-56.62294499999996,22.371812999999975
-49.312331,819.198046,291.24067033333336,-181.1024095,597.717637,120.42375050000001,-27.0930495,583.2134845,318.41950099999997,-36.84271700000001,-56.95499499999994,21.655697999999973
-49.417988666666666,819.1002403333333,291.09429066666667,-181.0845445,598.399152,119.031733,-27.3829595,582.2652264999999,317.166068,-36.701835,-57.28532899999993,20.921096000000034
-49.52545866666666,818.9997046666667,290.94322,-181.06746049999998,599.099305,117.61510150000001,-27.6717635,581.2936070000001,315.867106,-36.558597,-57.61322800000005,20.168542000000002
-49.634684666666665,818.8963966666666,290.7874693333333,-181.05151,599.8178674999999,116.174847,-27.959056000000004,580.299052,314.521637,-36.413348,-57.937963999999965,19.398645999999985
-49.745608000000004,818.7902783333333,290.62706133333336,-181.03706499999998,600.554578,114.7120245,-28.244441000000002,579.2820425,313.128731,-36.266452,-58.25879299999997,18.612074000000007
-49.85816566666667,818.6813173333334,290.462025,-181.024522,601.309148,113.2277435,-28.5275375,578.2431079999999,311.68751699999996,-36.118291,-58.57496800000001,17.80955399999999
-49.97229266666667,818.5694846666667,290.29240166666665,-181.0143,602.081269,111.72315699999999,-28.8079785,577.182826,310.197185,-35.969255,-58.88573599999995,16.991859999999974
-50.087918333333334,818.454757,290.11824133333334,-181.006839,602.870624,110.199453,-29.0854175,576.101819,308.6569985,-35.819745,-59.19034399999998,16.159812999999986
-50.204970333333335,818.3371166666666,289.93960433333336,-181.00260500000002,603.676894,108.65784,-29.359527,575.000749,307.066297,-35.670165999999995,-59.48804400000006,15.314261999999985
-50.323373000000004,818.2165506666666,289.756561,-181.0020845,604.4997695,107.0995345,-29.630004,573.8803175,305.4245045,-35.520922,-59.77809500000001,14.45608500000003
-50.44304733333333,818.0930523333333,289.569193,-181.00579199999999,605.3389575,105.52575150000001,-29.896570500000003,572.7412595000001,303.7311355,-35.372417,-60.059765000000084,13.58617700000002
-50.56391133333333,817.9666193333334,289.37758966666667,-181.01426350000003,606.1941939999999,103.9376915,-30.158976,571.5843385000001,301.98580100000004,-35.225046,-60.33233699999994,12.705442000000005
-50.68588,817.8372576666667,289.18185266666666,-181.02805949999998,607.0652474999999,102.3365275,-30.4170005,570.4103465000001,300.188212,-35.07919699999999,-60.59511299999997,11.81478599999997
-50.808864666666665,817.7049766666665,288.9820936666667,-181.047763,607.95193,100.7233975,-30.670454,569.220096,298.338186,-34.935244,-60.84741400000007,10.915108000000032
-50.93277633333333,817.5697933333335,288.778432,-181.073979,608.8540969999999,99.09939750000001,-30.91918,568.014418,296.435651,-34.79355,-61.08858399999997,10.007295999999997
-51.057520666666655,817.4317299999999,288.5709993333333,-181.1073305,609.771655,97.465573,-31.1630555,566.7941565000001,294.4806475,-34.654459,-61.317994999999996,9.092220999999995
-51.18300366666667,817.2908156666666,288.359935,-181.148457,610.704557,95.822919,-31.4019945,565.5601664999999,292.47333349999997,-34.518299,-61.53504499999997,8.170727
-51.30912700000001,817.1470856666668,288.1453883333333,-181.19800850000001,611.6528015,94.1723795,-31.635943,564.3133075000001,290.413985,-34.385380000000005,-61.739163000000076,7.243631999999991
-51.43579133333333,817.0005809999999,287.9275176666667,-181.2566395,612.616424,92.51485199999999,-31.8648855,563.0544405,288.3029965,-34.255996999999994,-61.92980900000009,6.311725000000024
-51.56289533333334,816.8513499999999,287.70648933333337,-181.325006,613.595487,90.851193,-32.088840000000005,561.7844259999999,286.140885,-34.130422,-62.10647800000004,5.375757999999962
-51.690336333333335,816.699446,287.48247800000007,-181.4037505,614.590066,89.18223449999999,-32.307862,560.5041180000001,283.928288,-34.008914000000004,-62.26869599999998,4.436452000000031
-51.818010333333326,816.544929,287.25566699999996,-181.49349949999998,615.600227,87.5087935,-32.5220385,559.214363,281.66596100000004,-33.891717,-62.41602799999998,3.4944919999999797
-51.94581200000001,816.3878643333334,287.026245,-181.59484650000002,616.6260085,85.83169649999999,-32.7314915,557.9159955,279.3547795,-33.779059,-62.548074999999926,2.550526999999988
-52.07363466666666,816.2283243333333,286.7944093333333,-181.7083435,617.6673934999999,84.1518015,-32.9363725,556.609837,276.9957375,-33.671155,-62.664472000000046,1.6051749999999743
-52.201372,816.0663856666666,286.560363,-181.834485,618.7242785000001,82.4700215,-33.136863,555.296692,274.58994199999995,-33.56821600000001,-62.76489399999991,0.6590239999999881
-52.328916666666665,815.9021323333333,286.324315,-181.97369550000002,619.7964425,80.78735800000001,-33.333172,553.977349,272.1386125,-33.470438,-62.849050000000034,-0.2873690000000124
-52.456161333333334,815.735651,286.08648,-182.12631299999998,620.8835134999999,79.104928,-33.5255325,552.652576,269.643078,-33.378017,-62.91669200000001,-1.2334680000000162
-52.58299833333333,815.567035,285.847076,-182.2925765,621.9849335,77.4239955,-33.714197999999996,551.3231235000001,267.104771,-33.291144,-62.96760299999994,-2.1787599999999543
-52.70932066666666,815.3963826666667,285.606327,-182.4726055,623.099924,75.7460035,-33.8994425,549.989722,264.525227,-33.210007000000004,-63.00161000000003,-3.1227459999999496
-52.83502266666667,815.223795,285.3644596666666,-182.66639,624.2274525,74.0726025,-34.0815545,548.6530805,261.90607750000004,-33.134799,-63.01857300000006,-4.064943000000028
-52.95999866666666,815.0493783333333,285.1217040000001,-182.8737765,625.3662039999999,72.405676,-34.260832,547.313889,259.24904649999996,-33.065712000000005,-63.01839199999995,-5.004873000000032
-53.08414333333334,814.8732426666667,284.8782913333333,-183.094453,626.5145560000001,70.747361,-34.437585,545.9728210000001,256.5559455,-33.002942000000004,-63.001006000000075,-5.942060999999995
-53.20735466666667,814.6955006666667,284.634456,-183.327945,627.6705555,69.1000655,-34.612125,544.6305305000001,253.8286695,-32.946690000000004,-62.966387000000054,-6.876035000000002
-53.32953066666667,814.5162676666665,284.39043266666664,-183.5736035,628.8319114999999,67.4664745,-34.7847665,543.287657,251.069189,-32.897161,-62.91454599999997,-7.80631600000001
-53.45057166666667,814.3356616666666,284.14645733333333,-183.8306045,629.995992,65.849549,-34.95582,541.944825,248.2795485,-32.854562,-62.84553399999993,-8.732420999999988
-53.57038,814.1538033333333,283.9027653333333,-184.097951,631.159827,64.2525155,-35.1255915,540.6026485,245.461857,-32.81910500000001,-62.75943499999994,-9.65385599999999
-53.688861333333335,813.9708139999999,283.6595896666667,-184.37447650000001,632.3201305,62.6788435,-35.294376,539.26173,242.6182855,-32.791,-62.65637000000004,-10.57011700000001
-53.805921000000005,813.786817,283.417165,-184.658855,633.4733295000001,61.13221300000001,-35.462458,537.9226655,239.751058,-32.77046,-62.536497,-11.480685999999992
-53.92147,813.601935,283.1757216666667,-184.949618,634.615604,59.61646950000001,-35.630106,536.5860455,236.8624475,-32.757690000000004,-62.40001100000006,-12.385037000000011
-54.03542033333333,813.4162916666668,282.93548833333335,-185.245171,635.7429445,58.135567,-35.7975705,535.2524575,233.954769,-32.752891000000005,-62.24713700000001,-13.282623999999998
-54.14768833333333,813.230011,282.69669,-185.5438225,636.851214,56.6935025,-35.9650815,533.9224895,231.0303725,-32.756255,-62.078138999999965,-14.172894999999983
-54.25819200000001,813.043215,282.4595483333333,-185.84381150000002,637.9362245,55.294239,-36.1328475,532.5967295,228.091635,-32.767955,-61.893310999999926,-15.055285999999995
-54.36685433333333,812.8560253333334,282.2242796666667,-186.143338,638.9938205,53.9416245,-36.301053,531.275771,225.14095450000002,-32.788152,-61.69298399999997,-15.929223000000007
-54.47360066666667,812.6685616666667,281.9910966666667,-186.440604,640.019967,52.639300500000004,-36.4698575,529.960212,222.1807435,-32.816981,-61.47751600000004,-16.794132999999988
-54.57835933333334,812.4809429999999,281.760206,-186.73384800000002,641.0108435,51.390616,-36.639394,528.650656,219.213419,-32.854552,-61.247296000000006,-17.64943200000002
-54.681064666666664,812.293283,281.53180833333334,-187.02138300000001,641.9629355,50.1985365,-36.809769,527.3477175,216.241395,-32.900946,-61.002743000000066,-18.494545999999985
-54.781653,812.105696,281.3060986666667,-187.3016395,642.8731205,49.0655635,-36.981062,526.0520165,213.267077,-32.956208000000004,-60.744303,-19.328899999999976
-54.88006433333334,811.9182903333334,281.0832633333334,-187.5731945,643.7387504999999,47.993657999999996,-37.1533275,524.7641845,210.2928495,-33.020348999999996,-60.47244899999998,-20.15193100000002
-54.976243333333336,811.7311733333332,280.8634836666667,-187.834808,644.5577185,46.9841835,-37.326592,523.4848595000001,207.32107000000002,-33.093338,-60.18767700000001,-20.963089999999994
-55.07013966666667,811.5444466666668,280.6469323333333,-188.08544849999998,645.328512,46.037859999999995,-37.5008575,522.2146895,204.3540625,-33.175101,-59.890503000000024,-21.761841000000004
-55.161705000000005,811.358209,280.43377333333336,-188.32431,646.0502455000001,45.154737499999996,-37.676102,520.9543285,201.394103,-33.265525999999994,-59.581466999999975,-22.547669999999982
-55.25089666666667,811.1725540000001,280.224164,-188.55082950000002,646.7226754999999,44.334197,-37.852281,519.7044365,198.443418,-33.364450000000005,-59.26112900000004,-23.320088
-55.337674666666665,810.987572,280.018252,-188.764685,647.3461904999999,43.574965999999996,-38.02933,518.4656745,195.50417249999998,-33.47167,-58.93006099999997,-24.078631
-55.422005333333324,810.8033473333334,279.8161763333333,-188.9657965,647.9217854999999,42.8751585,-38.207163,517.2387075,192.5784635,-33.586938,-58.58885300000003,-24.82286099999999
-55.503857,810.6199603333333,279.6180663333334,-189.154311,648.4510104999999,42.2323335,-38.3856805,516.024193,189.66831150000002,-33.709965,-58.238107999999954,-25.552375000000012
-55.58320266666667,810.437487,279.42404400000004,-189.33058649999998,648.9359115,41.643568,-38.564766,514.8227850000001,186.7756565,-33.840424,-57.878438000000074,-26.266796999999997
-55.660020333333335,810.255996,279.234219,-189.495167,649.3789505,41.105541,-38.744293,513.6351265,183.90234750000002,-33.977952,-57.510467000000006,-26.96578500000001
-55.734291000000006,810.075554,279.048694,-189.648755,649.7829240000001,40.614630500000004,-38.924124000000006,512.4618425,181.0501415,-34.122154,-57.13482300000004,-27.64902699999999
-55.80599966666667,809.8962206666666,278.86756066666663,-189.792181,650.1508705,40.1670055,-39.104116499999996,511.303541,178.2206965,-34.272609,-56.752144000000044,-28.31624099999999
-55.875136999999995,809.718051,278.69090166666666,-189.9263705,650.4859845000001,39.758725,-39.2841225,510.160803,175.4155675,-34.428878999999995,-56.363068000000055,-28.967179000000016
-55.941695,809.5410959999999,278.5187896666667,-190.052313,650.791524,39.3858285,-39.4639935,509.034178,172.63620550000002,-34.590507,-55.968237999999985,-29.601613000000015
-56.00567066666667,809.3654003333332,278.351287,-190.1710305,651.0707299999999,39.0444265,-39.6435835,507.92418000000004,169.88395450000002,-34.757031,-55.56829600000003,-30.219345000000004
-56.067066000000004,809.191005,278.1884473333334,-190.283548,651.3267505,38.7307745,-39.82275,506.83128150000005,167.1600525,-34.927986000000004,-55.16388699999999,-30.820197000000007
-56.12588433333334,809.0179463333334,278.03031400000003,-190.39086650000002,651.5625755,38.4413385,-40.00136,505.755906,164.46563049999997,-35.102914,-54.755652,-31.404010999999997
-56.182134,808.8462556666667,277.87692066666665,-190.49394,651.78098,38.1728545,-40.179288,504.6984255,161.801716,-35.281368,-54.344228999999984,-31.970643999999993
-56.23582633333333,808.6759596666667,277.7282926666667,-190.593658,651.9844835,37.922364,-40.356424000000004,503.659155,159.169234,-35.462922,-53.93025399999999,-32.519968000000006
-56.28697666666667,808.5070823333334,277.58444533333335,-190.690827,652.175315,37.6872495,-40.5326735,502.6383425,156.56901449999998,-35.647171,-53.51435700000002,-33.051863
-56.33560266666667,808.3396426666667,277.44538366666666,-190.7861625,652.3553965,37.465248,-40.70796,501.63617350000004,154.0017925,-35.833742,-53.09716099999997,-33.566215
-56.38172566666666,808.1736563333334,277.3111063333333,-190.88028,652.5263285000001,37.2544575,-40.882228,500.65275899999995,151.46821899999998,-36.022296000000004,-52.679282,-34.06291999999999
-56.42536933333333,808.0091353333332,277.18160133333333,-190.9736895,652.6893984999999,37.0533315,-41.055447,499.688135,148.968866,-36.212536,-52.26132799999999,-34.54186999999999
-56.46656133333334,807.8460883333333,277.056849,-191.066799,652.8455825,36.860665499999996,-41.2276105,498.742261,146.5042335,-36.404205000000005,-51.843898000000024,-35.002961
-56.50533099999999,807.6845213333332,276.9368213333333,-191.1599155,652.9955705,36.675574,-41.398741,497.8150145,144.0747565,-36.597089999999994,-51.42757500000005,-35.446088999999986
-56.541711,807.5244373333334,276.821483,-191.25324899999998,653.139784,36.4974615,-41.5688895,496.9061915,141.68081850000002,-36.791025000000005,-51.012936999999965,-35.87115100000001
-56.575735666666674,807.3658366666667,276.71079000000003,-191.346922,653.278408,36.3259925,-41.73814,496.015504,139.322756,-36.98589199999999,-50.600540000000024,-36.27803999999999
-56.60744233333333,807.208717,276.6046933333334,-191.440978,653.4114225,36.161052,-41.906608,495.14258300000006,137.000869,-37.181613999999996,-50.19092800000004,-36.666653999999994
-56.636871000000006,807.0530743333334,276.503134,-191.535391,653.538636,36.002709,-42.074442,494.28697350000004,134.7154285,-37.378164,-49.78462900000005,-37.03689099999998
-56.664062666666666,806.8989026666667,276.4060503333333,-191.630075,653.659719,35.851179,-42.2418255,493.4481395,132.46668699999998,-37.575553,-49.38214700000003,-37.388656
-56.68905966666667,806.7461933333334,276.3133716666666,-191.7248995,653.77424,35.706786,-42.408975999999996,492.62546499999996,130.254888,-37.77383,-48.98396599999995,-37.72185999999999
-56.71190833333333,806.5949356666666,276.22502333333335,-191.819693,653.8816965,35.5699275,-42.576145,491.81825549999996,128.08026949999999,-37.973082,-48.59054899999995,-38.036424999999994
-56.732655333333334,806.4451193333333,276.14092466666665,-191.9142605,653.9815450000001,35.4410415,-42.743618,491.025742,125.9430735,-38.173424,-48.20232999999996,-38.332289
-56.75134800000001,806.2967306666668,276.06099033333334,-192.008388,654.0732304999999,35.320577,-42.911713,490.247083,123.843552,-38.374994,-47.819717999999966,-38.60941
-56.768036333333335,806.1497553333334,275.98513133333336,-192.101853,654.1562085,35.2089715,-43.0807795,489.48136949999997,121.7819705,-38.577951,-47.44309099999998,-38.867765000000006
-56.78277166666666,806.004178,275.91325366666666,-192.1944325,654.2299654999999,35.1066255,-43.2511965,488.7276285,119.75861599999999,-38.782467,-47.07279499999993,-39.107364000000004
-56.795605,805.8599813333334,275.8452613333333,-192.2859055,654.294036,35.013887,-43.423371,487.98483,117.7737925,-38.988721999999996,-46.70914600000003,-39.328247000000005
-56.80658966666667,805.717147,275.7810533333333,-192.37606449999998,654.348013,34.931039999999996,-43.597733,487.251888,115.827831,-39.196898000000004,-46.352423999999985,-39.530488000000005
-56.81577933333333,805.575656,275.72052733333334,-192.464712,654.391561,34.858294,-43.7747375,486.52767,113.92108350000001,-39.407171000000005,-46.00287000000003,-39.714207
-56.82322833333333,805.4354886666666,275.66357866666664,-192.5516675,654.424417,34.7957795,-43.954856,485.81099800000004,112.05392599999999,-39.619708,-45.66069199999998,-39.879564
-56.828991333333335,805.2966223333333,275.6100993333333,-192.63676800000002,654.446394,34.7435465,-44.138576,485.100659,110.226756,-39.834664000000004,-45.32605799999999,-40.02676799999999
-56.83312333333333,805.1590356666667,275.55998266666666,-192.71986800000002,654.4573800000001,34.701565,-44.326397,484.3954055,108.4399885,-40.05217400000001,-44.999097000000006,-40.156076999999996
-56.83568133333333,805.022704,275.513118,-192.800839,654.4573359999999,34.6697305,-44.5188265,483.6939655,106.694052,-40.272349,-44.67990299999997,-40.26780199999999
-56.83672066666667,804.8876033333332,275.4693956666667,-192.879568,654.4462905,34.6478665,-44.716375,482.995045,104.9893865,-40.495273999999995,-44.36852799999997,-40.362305000000006
-56.836297,804.7537073333333,275.42870500000004,-192.955957,654.42433,34.6357365,-44.919553,482.29733550000003,103.3264355,-40.721006,-44.06498700000003,-40.440000999999995
-56.834466666666664,804.6209883333335,275.39093533333335,-193.0299175,654.3915945,34.633049,-45.128867,481.5995185,101.70564,-40.94957199999999,-43.76926100000003,-40.50135399999999
-56.831285,804.4894183333332,275.355976,-193.10137400000002,654.3482685,34.6394685,-45.3448135,480.900272,100.127433,-41.18096499999999,-43.48129399999999,-40.546884000000006
-56.82680933333333,804.358968,275.323717,-193.1702535,654.2945685,34.6546255,-45.567876500000004,480.19827499999997,98.5922325,-41.415149,-43.200995999999975,-40.577149000000006
-56.821093,804.2296046666667,275.2940493333333,-193.2364895,654.2307395,34.678124,-45.798523,479.492213,97.10043250000001,-41.652054,-42.928246,-40.592755
-56.814192,804.1012963333333,275.26686466666666,-193.3000155,654.1570415,34.709552,-46.037197500000005,478.7807835,95.652399,-41.891581,-42.66289699999999,-40.594346
-56.80616066666666,803.974008,275.24205666666666,-193.3607635,654.0737445,34.748492,-46.28432,478.0627015,94.2484585,-42.133606,-42.40477099999998,-40.582593
-56.797052666666666,803.8477043333332,275.2195186666667,-193.41866199999998,653.98112,34.794524499999994,-46.540279999999996,477.3367035,92.888897,-42.377973999999995,-42.15367100000003,-40.558193999999986
-56.78692133333333,803.7223466666666,275.19914766666665,-193.473633,653.8794335,34.8472385,-46.805434,476.6015525,91.5739465,-42.624511999999996,-41.909377000000006,-40.521865000000005
-56.77581866666666,803.5978956666667,275.1808413333333,-193.525591,653.7689395,34.9062355,-47.080102499999995,475.8560445,90.30378350000001,-42.873028999999995,-41.67165499999999,-40.474327
-56.76379633333334,803.4743093333333,275.16450000000003,-193.574443,653.6498785,34.9711355,-47.364565,475.09901049999996,89.0785215,-43.12332000000001,-41.44025700000003,-40.416303
-56.750904999999996,803.3515436666667,275.15002566666664,-193.62008350000002,653.522471,35.041579,-47.65905599999999,474.3293215,87.89820850000001,-43.375167999999995,-41.214923,-40.348505
-56.73719400000001,803.2295533333332,275.13732166666665,-193.662399,653.386915,35.117231000000004,-47.963768,473.545894,86.762817,-43.628356,-40.995389999999986,-40.271626
-56.722712333333334,803.1082893333332,275.12629599999997,-193.70126249999998,653.2433854999999,35.1977815,-48.278838500000006,472.747694,85.6722475,-43.882667000000005,-40.781390000000044,-40.186330999999996
-56.707507,802.987702,275.1168563333333,-193.736538,653.0920345,35.282948,-48.604359,471.9337365,84.62632049999999,-44.137888000000004,-40.572655,-40.09324500000001
-56.69162433333333,802.8677373333334,275.10891433333336,-193.768079,652.9329875000001,35.3724745,-48.940363500000004,471.1030955,83.624777,-44.393821,-40.368921,-39.992946
-56.675109666666664,802.7483403333332,275.1023843333333,-193.7957275,652.766347,35.466129,-49.286834,470.25490049999996,82.667278,-44.650282000000004,-40.16993099999996,-39.885960000000004
-56.65800633333333,802.6294533333333,275.09718233333336,-193.8193165,652.5921920000001,35.5637055,-49.6436945,469.38834399999996,81.7534015,-44.907109000000005,-39.97543400000001,-39.772747
-56.640357,802.5110153333334,275.09322733333335,-193.838672,652.410581,35.66502,-50.010813,468.50268,80.88264699999999,-45.164162000000005,-39.78519200000005,-39.6537
-56.622203000000006,802.3929629999999,275.09044033333333,-193.853612,652.221552,35.769909,-50.38799899999999,467.5972295,80.05443600000001,-45.421333999999995,-39.598974999999996,-39.52914
-56.60358433333332,802.2752306666666,275.08874499999996,-193.863947,652.025126,35.8782285,-50.7750065,466.6713775,79.2681115,-45.678543,-39.41657299999997,-39.399308999999995
-56.58453933333333,802.15775,275.08806866666663,-193.8694845,651.8213095000001,35.9898485,-51.171531,465.724577,78.52294599999999,-45.935745999999995,-39.23778400000003,-39.26437
-56.56510466666666,802.0404493333334,275.088339,-193.870028,651.610095,36.104656,-51.5772155,464.756348,77.81814299999999,-46.192931,-39.062423999999965,-39.12441199999999
-56.545316333333325,801.923255,275.08948833333335,-193.8653775,651.3914649999999,36.2225465,-51.991646,463.766278,77.1528415,-46.450122,-38.89032199999997,-38.979441
-56.525209,801.8060903333334,275.0914493333333,-193.8553335,651.1653934999999,36.343427,-52.414361,462.75401999999997,76.52612099999999,-46.707378000000006,-38.72132200000004,-38.82939399999999
-56.504815,801.6888756666667,275.09415866666666,-193.839695,650.9318485,36.4672105,-52.844848999999996,461.719292,75.9370095,-46.964788,-38.555278000000044,-38.674141
-56.48416633333333,801.5715306666666,275.097554,-193.8182635,650.690793,36.5938165,-53.2825525,460.6618765,75.38448650000001,-47.222472999999994,-38.39205900000002,-38.513491
-56.46329266666667,801.453969,275.10157566666663,-193.7908415,650.442188,36.723169,-53.726875500000006,459.5816185,74.867491,-47.480583,-38.23154099999999,-38.347202
-56.44222266666666,801.3361053333333,275.106167,-193.757237,650.1859939999999,36.855194,-54.177184,458.47841900000003,74.3849295,-47.73928599999999,-38.073605999999984,-38.174994999999996
-56.420985,801.2178496666666,275.1112716666667,-193.7172605,649.9221705,36.989819999999995,-54.632812,457.352239,73.9356795,-47.99877000000001,-37.91814599999998,-37.996557
-56.39960500000001,801.0991106666667,275.11683766666664,-193.670728,649.6506804999999,37.126975,-55.093068,456.20309199999997,73.5185985,-48.259235999999994,-37.76504600000004,-37.811569000000006
-56.378107,800.9797946666667,275.1228126666667,-193.617463,649.371489,37.266588,-55.557238500000004,455.031041,73.1325305,-48.520887,-37.61419799999999,-37.619705
-56.35651566666667,800.8598053333334,275.12914900000004,-193.557294,649.084565,37.408589,-56.024596,453.8361995,72.77631,-48.783928,-37.465486999999996,-37.420657999999996
-56.33485366666667,800.7390456666667,275.1357986666667,-193.490059,648.7898815,37.552905,-56.49440250000001,452.61872300000005,72.4487715,-49.048553000000005,-37.31878999999998,-37.214147000000004
-56.313141333333334,800.6174143333334,275.14271633333334,-193.415604,648.4874179999999,37.6994635,-56.965916500000006,451.3788095,72.1487545,-49.31494300000001,-37.173974999999984,-36.999939000000005
-56.29139966666667,800.4948116666666,275.14985900000005,-193.333785,648.17716,37.8481905,-57.4384005,450.1166945,71.87510549999999,-49.583253000000006,-37.03090099999997,-36.777857
-56.269647666666664,800.3711333333334,275.1571863333333,-193.2444655,647.859099,37.999011499999995,-57.9111255,448.8326495,71.626687,-49.853611,-36.889407000000006,-36.547796000000005
-56.24790366666667,800.246276,275.164658,-193.1475225,647.533234,38.151851,-58.3833755,447.526978,71.4023795,-50.126107,-36.74932000000001,-36.309737
-56.226184999999994,800.120133,275.17223633333333,-193.042842,647.199572,38.3066305,-58.8544565,446.200016,71.2010855,-50.400791,-36.610446000000024,-36.063755
-56.204508,799.9925983333334,275.179887,-192.93032399999998,646.858129,38.4632735,-59.3237,444.8521265,71.021732,-50.677662,-36.472575000000006,-35.810030000000005
-56.18288866666666,799.8635640000001,275.187576,-192.809879,646.5089285,38.6216995,-59.79046700000001,443.4836995,70.863274,-50.956672000000005,-36.335474999999974,-35.548848
-56.16134066666667,799.7329220000001,275.1952713333333,-192.68143300000003,646.1520049999999,38.7818275,-60.254153,442.09515,70.7246935,-51.237716000000006,-36.19889599999999,-35.280615000000004
-56.13987933333333,799.600564,275.202943,-192.54492399999998,645.7874025000001,38.9435765,-60.714192,440.68692,70.60500350000001,-51.520632,-36.062569999999994,-35.005849
-56.11851766666666,799.4663806666667,275.2105646666667,-192.400305,645.4151765,39.1068635,-61.170061499999996,439.25947299999996,70.50324549999999,-51.805201,-35.92621200000002,-34.725183
-56.09726799999999,799.3302636666667,275.2181083333333,-192.247545,645.035392,39.271603,-61.621280999999996,437.8132985,70.41848949999999,-52.091146,-35.78952099999998,-34.439364999999995
-56.076143,799.1921046666666,275.22555200000005,-192.08662700000002,644.6481285,39.4377085,-62.0674185,436.3489105,70.349834,-52.378139000000004,-35.652187000000026,-34.14924
-56.05515433333333,799.0517956666666,275.2328723333333,-191.917551,644.2534765,39.605091,-62.5080875,434.86684549999995,70.2964015,-52.66579300000001,-35.51388700000001,-33.855754999999995
-56.034313,798.9092296666668,275.24005033333333,-191.74033500000002,643.8515405,39.7736605,-62.942952000000005,433.36766850000004,70.257339,-52.95368,-35.37429900000001,-33.559936
-56.01363,798.7643006666667,275.2470673333333,-191.55501099999998,643.4424385,39.9433245,-63.371724,431.8519685,70.2318135,-53.241324,-35.23309500000005,-33.262881
-55.99311533333333,798.6169043333333,275.25390699999997,-191.361631,643.026302,40.113986,-63.7941615,430.3203645,70.2190085,-53.52821699999999,-35.08995299999998,-32.965743
-55.972779,798.4669379999999,275.2605556666667,-191.16026399999998,642.6032789999999,40.2855475,-64.21007,428.7735025,70.21812,-53.813818,-34.94456300000002,-32.66970800000001
-55.952631,798.3143006666666,275.2670003333333,-190.9509955,642.1735315000001,40.4579075,-64.6192985,427.2120595,70.2283545,-54.097570999999995,-34.796625000000006,-32.375985
-55.932680000000005,798.158894,275.27323099999995,-190.73393199999998,641.7372365,40.6309615,-65.021739,425.63674249999997,70.24892349999999,-54.378904,-34.645861000000025,-32.08577699999999
-55.91293533333334,798.0006223333334,275.2792386666667,-190.50919349999998,641.2945875,40.8046025,-65.4173215,424.048292,70.2790385,-54.657242999999994,-34.492016000000035,-31.800269000000007
-55.893405333333334,797.8393930000001,275.28501666666665,-190.276922,640.8457935,40.9787205,-65.80601250000001,422.4474805,70.3179085,-54.932023,-34.33486499999998,-31.520609000000007
-55.874099,797.6751163333333,275.2905593333333,-190.037275,640.391078,41.1532015,-66.18781,420.835114,70.36473749999999,-55.202687999999995,-34.174216,-31.247880999999992
-55.85502333333333,797.5077066666666,275.29586333333333,-189.79042800000002,639.930681,41.3279305,-66.56274049999999,419.212032,70.41871649999999,-55.468711,-34.00991200000004,-30.983098999999996
-55.836186999999995,797.3370823333335,275.30092599999995,-189.536572,639.4648565,41.5027885,-66.9308555,417.57910749999996,70.47902450000001,-55.729591000000006,-33.84184299999998,-30.727185000000006
-55.81759733333333,797.1631659999999,275.3057483333333,-189.275916,638.993874,41.677655,-67.292227,415.9372465,70.5448255,-55.98487,-33.669937000000004,-30.480953
-55.799261,796.985885,275.31033,-189.00868400000002,638.518016,41.852407,-67.646942,414.2873885,70.615262,-56.234132,-33.494169,-30.245103999999998
-55.78118533333333,796.8051713333334,275.314673,-188.735114,638.0375785,42.02692,-67.9951015,412.630501,70.6894595,-56.47701300000001,-33.31456199999997,-30.02021100000001
-55.763376333333326,796.620963,275.31878166666667,-188.45545900000002,637.5528705,42.201068,-68.336814,410.967583,70.7665195,-56.71320000000001,-33.131186000000014,-29.806717
-55.74584066666666,796.4332033333334,275.322659,-188.1699845,637.064211,42.374725,-68.6721945,409.29966,70.84552500000001,-56.94243900000001,-32.944158000000016,-29.604932000000005
-55.72858399999999,796.2418416666666,275.3263113333333,-187.878968,636.5719305,42.547763,-69.001358,407.62778249999997,70.9255355,-57.164532,-32.75363699999997,-29.415027000000002
-55.71161133333334,796.046833,275.3297446666666,-187.5826975,636.076368,42.720055,-69.324419,405.95302100000004,71.00559200000001,-57.37934,-32.55982999999998,-29.237046000000007
-55.69492766666667,795.8481396666666,275.33296466666667,-187.2814715,635.577873,42.891473500000004,-69.6414865,404.276468,71.0847165,-57.586781,-32.36298400000004,-29.07090300000001
-55.67853733333334,795.6457316666666,275.3359803333333,-186.975596,635.076798,43.0618915,-69.952666,402.5992285,71.161914,-57.786826000000005,-32.163381000000015,-28.916393999999997
-55.66244466666666,795.4395843333333,275.33879733333333,-186.66538450000002,634.5735045,43.2311835,-70.2580495,400.92242150000004,71.23617949999999,-57.979499,-31.96133500000002,-28.773210999999996
-55.64665266666666,795.2296816666667,275.341424,-186.351157,634.0683575,43.399224000000004,-70.5577215,399.247174,71.3064955,-58.164866999999994,-31.757191999999975,-28.640947000000004
-55.63116433333334,795.0160143333334,275.34386866666665,-186.033238,633.561725,43.5658885,-70.851754,397.57461850000004,71.3718405,-58.34304,-31.551318999999978,-28.519117
-55.615981999999995,794.7985813333333,275.346138,-185.711955,633.0539765000001,43.731054,-71.140204,395.905887,71.431193,-58.514162,-31.34409800000003,-28.407171999999996
-55.60110633333333,794.5773903333334,275.34823966666664,-185.387637,632.5454844999999,43.894598,-71.423116,394.242112,71.4835335,-58.678408000000005,-31.13592799999998,-28.304514999999995
-55.586539666666674,794.3524563333334,275.3501803333333,-185.0606165,632.0366195,44.056400000000004,-71.7005195,392.58442,71.52785349999999,-58.835967000000004,-30.927210000000002,-28.210518999999998
-55.57228133333333,794.1238026666666,275.351966,-184.731223,631.5277515,44.2163385,-71.972427,390.9339275,71.5631585,-58.98705,-30.718350999999984,-28.124542999999996
-55.55833066666667,793.8914603333333,275.3536016666667,-184.3997865,631.0192475,44.374294,-72.238838,389.29174049999995,71.588474,-59.131871999999994,-30.509747000000004,-28.045952000000007
-55.54468666666667,793.655471,275.355092,-184.0666335,630.5114725,44.530147,-72.4997355,387.658953,71.60285049999999,-59.270649,-30.301789999999983,-27.974126999999996
-55.531347333333336,793.415884,275.3564406666667,-183.73208799999998,630.004787,44.683777500000005,-72.755087,386.0366395,71.60537099999999,-59.403594000000005,-30.094854999999995,-27.90848799999999
-55.51830966666666,793.1727563333334,275.35764866666665,-183.39647,629.499547,44.835065,-73.004847,384.425859,71.595152,-59.53090600000001,-29.88930000000005,-27.8485
-55.505570666666664,792.9261546666667,275.3587176666667,-183.0600925,628.9961025,44.983889,-73.2489535,382.8276495,71.5713535,-59.65277499999999,-29.685461000000032,-27.793689
-55.49312533333333,792.6761546666667,275.35964599999994,-182.723265,628.4947985,45.1301285,-73.487333,381.243029,71.5331805,-59.769368,-29.48364799999996,-27.743647000000003
-55.48096833333333,792.4228396666667,275.36043166666667,-182.386289,627.9959739999999,45.2736595,-73.7198965,379.672992,71.47989,-59.88082899999999,-29.284144000000026,-27.698042000000008
-55.46909399999999,792.166302,275.36107066666665,-182.0494595,627.499959,45.4143575,-73.946545,378.11851049999996,71.4107915,-59.987283999999995,-29.087200999999993,-27.656625
-55.457495333333334,791.9066433333332,275.36155733333334,-181.71306349999998,627.0070800000001,45.5520975,-74.1671655,376.580535,71.325255,-60.088829,-28.893042000000037,-27.61923000000001
-55.446165,791.6439716666667,275.36188400000003,-181.37738000000002,626.5176524999999,45.686751,-74.3816365,375.0599915,71.222711,-60.185537000000004,-28.70185699999996,-27.585770000000004
-55.43509366666666,791.3784059999999,275.36204133333337,-181.04268050000002,626.0319875,45.818189,-74.58982449999999,373.557781,71.102655,-60.277461,-28.513803999999993,-27.556241999999997
-55.42427366666667,791.1100703333333,275.362018,-180.709226,625.5503865000001,45.9462805,-74.79158849999999,372.07478249999997,70.964649,-60.364627,-28.329012999999975,-27.530719999999995
-55.413694,790.8390990000001,275.361801,-180.377271,625.0731435,46.070894,-74.986779,370.6118505,70.808324,-60.447044,-28.14757899999995,-27.509350000000005
-55.40334433333334,790.5656326666667,275.361375,-180.0470575,624.600546,46.191896,-75.1752395,369.16981599999997,70.6333805,-60.524705,-27.969570000000033,-27.492337
-55.39321433333333,790.2898203333334,275.36072333333334,-179.7188225,624.132872,46.3091545,-75.3568075,367.749485,70.43959100000001,-60.597589,-27.795028000000002,-27.479945999999998
-55.38329066666666,790.0118160000001,275.35982766666666,-179.392791,623.6703930000001,46.422537000000005,-75.5313175,366.35164,70.2267965,-60.665669,-27.623968000000048,-27.472481000000002
-55.373562,789.7317830000001,275.358667,-179.0691795,623.213371,46.531911,-75.698601,364.97703950000005,69.9949115,-60.728910000000006,-27.456383000000017,-27.470281
-55.364014999999995,789.4498893333333,275.3572193333334,-178.748195,622.762062,46.637147999999996,-75.8584875,363.626415,69.7439195,-60.787279,-27.292245999999977,-27.473706999999997
-55.354636,789.16631,275.3554616666666,-178.4300365,622.3167125,46.73812,-76.010808,362.300472,69.4738725,-60.840744,-27.131511999999987,-27.483126999999996
-55.34541166666667,788.8812253333332,275.353368,-178.114894,621.877561,46.834706,-76.1553965,360.99989,69.184893,-60.889284999999994,-26.97411999999997,-27.498908
-55.33632766666667,788.5948213333332,275.35091166666666,-177.802947,621.4448375,46.9267865,-76.292091,359.725317,68.877166,-60.932894000000005,-26.819998,-27.521402000000002
-55.32736966666666,788.3072876666666,275.3480656666666,-177.4943665,621.018765,47.014252,-76.420736,358.4773725,68.55094199999999,-60.971574000000004,-26.66906300000005,-27.550933999999998
-55.31852266666667,788.0188199999999,275.3448,-177.1893175,620.5995565000001,47.096996000000004,-76.54118600000001,357.256642,68.206532,-61.005352,-26.521225999999956,-27.587795999999997
-55.309772333333335,787.729617,275.34108599999996,-176.887954,620.1874164999999,47.174924000000004,-76.653307,356.063677,67.84430599999999,-61.03427200000001,-26.37639200000001,-27.632233999999997
-55.30110299999999,787.4398810000001,275.33689233333337,-176.590421,619.7825405000001,47.24795,-76.756978,354.898992,67.464688,-61.058404,-26.234464000000003,-27.684435999999998
-55.29250066666666,787.1498183333333,275.33218733333337,-176.296858,619.3851155,47.315996,-76.85209499999999,353.76306,67.06815449999999,-61.077839999999995,-26.095346000000006,-27.744535
-55.28394933333333,786.8596356666667,275.32694,-176.007395,618.9953165,47.379,-76.938572,352.656314,66.6552305,-61.092698,-25.958939999999984,-27.812594999999995
-55.275434999999995,786.5695446666665,275.32111833333335,-175.7221545,618.6133115,47.4369085,-77.0163445,351.5791405,66.2264845,-61.103125000000006,-25.825153,-27.888609000000002
-55.26694266666667,786.279755,275.3146903333333,-175.4412515,618.2392560000001,47.489684,-77.08537,350.531879,65.782528,-61.109283999999995,-25.693895999999995,-27.972498
-55.258458,785.9904806666667,275.30762366666664,-175.1647925,617.873296,47.537301,-77.14563150000001,349.514819,65.32400899999999,-61.111373,-25.565084000000013,-28.064105999999995
-55.249966666666666,785.7019333333333,275.2998876666667,-174.8928785,617.5155645,47.5797485,-77.1971395,348.528196,64.8516075,-61.109601000000005,-25.43864000000002,-28.163205000000005
-55.24145566666667,785.4143256666666,275.29145033333333,-174.62560200000001,617.1661855,47.617031000000004,-77.2399305,347.57219299999997,64.36603550000001,-61.104207,-25.314494000000025,-28.269491000000002
-55.232911333333334,785.1278706666667,275.28228233333334,-174.3630495,616.82527,47.649168,-77.2740735,346.646935,63.868030000000005,-61.095440999999994,-25.192578000000026,-28.382591999999995
-55.22432033333333,784.8427776666666,275.27235433333334,-174.1053005,616.492916,47.6761935,-77.2996655,345.75248899999997,63.358351,-61.083571000000006,-25.07283799999999,-28.502068
-55.215670666666675,784.5592563333333,275.2616376666667,-173.852429,616.169211,47.6981555,-77.316836,344.88886449999995,62.8377775,-61.068878,-24.95522299999999,-28.627421
-55.206951,784.2775133333333,275.250106,-173.6045015,615.854228,47.715118499999996,-77.325745,344.05600749999996,62.3071035,-61.051649999999995,-24.839688999999964,-28.758092999999995
-55.198149666666666,783.9977516666667,275.237734,-173.361579,615.548028,47.727159,-77.3265845,343.253806,61.76713600000001,-61.03218499999999,-24.72619999999995,-28.893486000000003
-55.189257,783.7201723333333,275.2244973333334,-173.1237165,615.2506585000001,47.734367500000005,-77.31957750000001,342.48208750000003,61.2186915,-61.010777000000004,-24.61472699999996,-29.032955
-55.180262666666664,783.4449716666667,275.21037500000006,-172.8909645,614.962153,47.736849,-77.30497700000001,341.7406195,60.6625925,-60.987725999999995,-24.505245000000002,-29.175825000000003
-55.171157333333326,783.172341,275.195347,-172.6633685,614.6825335000001,47.734716999999996,-77.28306500000001,341.0291105,60.0996655,-60.963326,-24.397733000000017,-29.321398999999992
-55.16193333333334,782.9024676666667,275.17939500000006,-172.440967,614.411807,47.728100000000005,-77.254153,340.34721149999996,59.5307385,-60.93786599999999,-24.29217699999998,-29.468964999999997
-55.152583666666665,782.635534,275.16250433333335,-172.223795,614.1499675,47.717132,-77.2185765,339.69452049999995,58.956638,-60.91162500000001,-24.188562999999988,-29.617802000000005
-55.143101,782.3717153333333,275.1446613333333,-172.0118825,613.896996,47.7019595,-77.176698,339.07058099999995,58.3781865,-60.884872,-24.086883999999998,-29.767195000000008
-55.133479666666666,782.1111813333333,275.12585566666667,-171.80525599999999,613.6528605,47.682734499999995,-77.1289005,338.4748855,57.796201999999994,-60.857865000000004,-23.987131000000034,-29.916437999999992
-55.12371466666667,781.8540946666667,275.10607966666663,-171.603937,613.4175164999999,47.659616,-77.0755885,337.906883,57.211496,-60.830845000000004,-23.889297999999997,-30.064842
-55.113802,781.6006120000001,275.085328,-171.4079415,613.190906,47.6327685,-77.017183,337.3659765,56.62486749999999,-60.804038,-23.79337700000002,-30.211745
-55.103738666666665,781.350881,275.06359833333335,-171.217284,612.9729600000001,47.602360499999996,-76.95412350000001,336.85153,56.037108,-60.777653,-23.699362000000008,-30.356514000000004
-55.09352233333333,781.1050433333334,275.04089100000004,-171.0319725,612.763597,47.5685625,-76.886858,336.36287200000004,55.448995,-60.751884,-23.607245999999975,-30.498559999999998
-55.08315100000001,780.8632309999999,275.0172096666667,-170.8520135,612.562725,47.531548,-76.8158485,335.8992995,54.861291,-60.726903,-23.517019000000005,-30.637330000000006
-55.07262433333333,780.6255693333333,274.99256033333336,-170.67740700000002,612.370242,47.4914905,-76.7415615,335.460083,54.274744,-60.702869,-23.42866600000002,-30.772323999999998
-55.061942666666674,780.3921736666666,274.96695233333327,-170.5081515,612.1860335,47.448564,-76.66447099999999,335.0444685,53.690084999999996,-60.679918,-23.342174999999997,-30.903087999999997
-55.051107333333334,780.1631520000001,274.9403976666667,-170.34424,612.0099775,47.402941,-76.58505099999999,334.651683,53.108025,-60.658173999999995,-23.25752399999999,-31.029225999999994
-55.04012,779.9386023333333,274.9129116666667,-170.18566149999998,611.841943,47.354791500000005,-76.503777,334.28094150000004,52.529256000000004,-60.637742,-23.174689,-31.150394000000006
-55.028983000000004,779.7186153333332,274.88451200000003,-170.0324015,611.6817894999999,47.304284499999994,-76.4211205,333.9314455,51.9544475,-60.618707,-23.093643000000043,-31.266307000000005
-55.01770133333334,779.503271,274.85521866666664,-169.88444099999998,611.5293695,47.251583999999994,-76.3375495,333.602393,51.3842465,-60.601144999999995,-23.014354000000026,-31.376735000000004
-55.00627766666667,779.292641,274.8250566666666,-169.7417555,611.3845275,47.196851499999994,-76.2535225,333.292979,50.819275000000005,-60.58511300000001,-22.936781999999994,-31.481506000000003
-54.994718999999996,779.0867873333333,274.79405033333336,-169.60431799999998,611.247104,47.140245500000006,-76.16949100000001,333.00239799999997,50.2601305,-60.570652,-22.860884,-31.580504999999995
-54.98303033333334,778.8857636666668,274.762229,-169.4720955,611.1169315,47.0819185,-76.0858935,332.729851,49.707383,-60.557796999999994,-22.78661199999999,-31.673668000000006
-54.97121933333333,778.689614,274.729623,-169.345051,610.9938365,47.0220185,-76.0031565,332.474548,49.16157199999999,-60.546563,-22.71391,-31.760985999999995
-54.959293,778.4983736666667,274.696266,-169.2231405,610.8776439999999,46.9606905,-75.92169,332.23570800000005,48.6232105,-60.536955999999996,-22.642719999999997,-31.842501
-54.94726,778.3120686666667,274.6621936666666,-169.106317,610.7681709999999,46.898074,-75.8418905,332.0125635,48.092777500000004,-60.528971,-22.572977000000037,-31.918299000000005
-54.935128999999996,778.1307163333335,274.62744200000003,-168.994528,610.6652345,46.834304,-75.7641335,331.8043645,47.5707235,-60.522593,-22.50461100000001,-31.988511000000003
-54.922910333333334,777.9543253333333,274.59205099999997,-168.8877155,610.5686450000001,46.769512500000005,-75.6887785,331.61037799999997,47.0574635,-60.517793000000005,-22.43754800000005,-32.053311
-54.910614333333335,777.7828956666667,274.5560613333333,-168.78581450000001,610.478213,46.703826,-75.6161635,331.429891,46.5533805,-60.514534999999995,-22.371712000000002,-32.112907
-54.89825166666666,777.6164196666667,274.5195156666667,-168.688757,610.393746,46.6373665,-75.546606,331.262211,46.0588245,-60.512775999999995,-22.307022000000018,-32.167541
-54.885834666666675,777.4548806666667,274.48245633333335,-168.59646850000001,610.3150485,46.570254,-75.480402,331.106668,45.5741095,-60.512458,-22.243398000000013,-32.217484999999996
-54.87337533333334,777.2982546666667,274.44492933333333,-168.50887,610.241925,46.502604999999996,-75.4178235,330.96261400000003,45.099515499999995,-60.513518999999995,-22.18075600000003,-32.263034999999995
-54.86088633333333,777.1465103333334,274.40698033333337,-168.4258755,610.174177,46.4345315,-75.3591225,330.8294245,44.63529,-60.51588900000001,-22.119012999999995,-32.304506
-54.84838133333333,776.9996070000001,274.3686553333333,-168.3473955,610.1116079999999,46.366145,-75.3045245,330.7065005,44.181645,-60.519487,-22.058087,-32.342232
-54.83587333333333,776.8575006666666,274.3300023333333,-168.27333499999997,610.054018,46.297551500000004,-75.254232,330.593264,43.7387595,-60.524228,-21.997900000000016,-32.376554999999996
-54.823377,776.7201366666667,274.29106866666666,-168.203595,610.0012079999999,46.2288585,-75.208423,330.48916099999997,43.306781,-60.530021999999995,-21.938378,-32.407830000000004
-54.81090733333334,776.5874566666666,274.25190233333336,-168.138072,609.9529789999999,46.160168500000005,-75.16725,330.393661,42.885825,-60.536767999999995,-21.879448000000025,-32.43641
-54.79847766666666,776.459394,274.2125516666667,-168.0766575,609.9091305,46.0915835,-75.1308415,330.3062555,42.4759755,-60.544367,-21.821049000000016,-32.462647000000004
-54.786104333333334,776.335878,274.1730646666667,-168.01924,609.8694645,46.0232045,-75.0993005,330.226457,42.0772895,-60.55271100000001,-21.763126,-32.486889000000005
-54.77380233333333,776.2168310000001,274.1334903333333,-167.9657055,609.8337815,45.955130000000004,-75.072704,330.1537995,41.689796,-60.561693999999996,-21.705630999999983,-32.509474
-54.761586666666666,776.102171,274.0938753333333,-167.9159365,609.8018835,45.8874585,-75.05110400000001,330.0878355,41.313497999999996,-60.571206000000004,-21.648528999999996,-32.530724
-54.749473,775.99181,274.0542673333333,-167.8698125,609.7735725,45.820287,-75.034527,330.028138,40.9483755,-60.58113600000001,-21.591793999999993,-32.550945
-54.73747666666667,775.8856566666667,274.0147133333333,-167.82721199999997,609.748651,45.753711,-75.022974,329.97429550000004,40.594384000000005,-60.59138,-21.535413000000005,-32.570422
-54.725614,775.7836146666667,273.975258,-167.78801149999998,609.7269229999999,45.687826,-75.016422,329.92591400000003,40.251461,-60.60183200000001,-21.479386000000034,-32.589411999999996
-54.713898666666665,775.6855836666667,273.93594766666666,-167.7520865,609.7081935,45.622725,-75.0148215,329.882616,39.919525,-60.612390999999995,-21.423727999999983,-32.608146000000005
-54.70234766666667,775.5914596666667,273.89682466666665,-167.719312,609.692269,45.5585015,-75.0181,329.844036,39.598476000000005,-60.622966,-21.368464000000017,-32.626826
-54.690975333333334,775.5011356666668,273.8579333333334,-167.689563,609.6789555,45.495247,-75.0261605,329.8098245,39.288202,-60.633467,-21.31363699999997,-32.64562
-54.679796333333336,775.4145016666666,273.81931433333335,-167.6627145,609.6680615,45.4330515,-75.0388845,329.7796425,38.9885735,-60.643819,-21.259300999999994,-32.664660999999995
-54.66882533333333,775.3314443333334,273.7810076666667,-167.6386415,609.6593985,45.3720035,-75.0561285,329.7531645,38.6994525,-60.653953,-21.205523000000028,-32.68404700000001
-54.658076,775.251848,273.74305166666664,-167.6172205,609.6527775,45.3121905,-75.07773,329.730074,38.4206885,-60.66380999999999,-21.15238199999999,-32.703843
-54.647562666666666,775.1755953333333,273.70548333333335,-167.59833049999997,609.6480125,45.2536965,-75.1035055,329.710066,38.1521215,-60.673348999999995,-21.09997199999998,-32.724070999999995
-54.63729833333334,775.1025676666667,273.6683376666667,-167.58184999999997,609.64492,45.1966045,-75.133252,329.69284400000004,37.8935825,-60.682534000000004,-21.04839599999997,-32.744725
-54.627295333333336,775.0326443333333,273.6316483333333,-167.567661,609.6433175,45.1409945,-75.1667505,329.6781225,37.644897,-60.691345,-20.99776300000002,-32.765758000000005
-54.617567,774.9657026666667,273.5954463333333,-167.555647,609.6430275,45.0869435,-75.2037645,329.665623,37.4058805,-60.699777,-20.948194,-32.787094999999994
-54.60812333333333,774.901621,273.55976100000004,-167.5456935,609.643873,45.034524999999995,-75.2440425,329.6550775,37.176345,-60.707835,-20.899812999999995,-32.808626000000004
-54.59897633333333,774.8402753333334,273.52462033333336,-167.53769,609.6456835,44.983808499999995,-75.28732149999999,329.6462255,36.956095,-60.715537,-20.852749000000017,-32.830218
-54.590136333333334,774.781543,273.4900493333334,-167.53152699999998,609.648289,44.93486,-75.3333285,329.638816,36.7449295,-60.72291499999999,-20.807131999999967,-32.851709
-54.581613,774.7253003333334,273.4560716666667,-167.5270985,609.651526,44.887741,-75.3817785,329.632606,36.542642,-60.730011000000005,-20.76309600000002,-32.872918
-54.573415000000004,774.6714243333332,273.422708,-167.52430199999998,609.6552345,44.842507499999996,-75.4323825,329.627364,36.349021,-60.736875000000005,-20.72076800000002,-32.893646000000004
-54.565551,774.619793,273.389977,-167.523037,609.6592595,44.799211,-75.4848445,329.62286500000005,36.163850499999995,-60.743570999999996,-20.680272000000002,-32.913683
-54.558028666666665,774.5702846666667,273.35789600000004,-167.52320650000001,609.6634515000001,44.757896,-75.538867,329.61889599999995,35.986908,-60.750166,-20.641726000000006,-32.932807999999994
-54.55085333333333,774.5227799999999,273.326479,-167.5247165,609.667666,44.7186035,-75.59415,329.615255,35.8179655,-60.756736,-20.605241999999976,-32.950799
-54.54403233333334,774.4771596666666,273.295738,-167.52747549999998,609.6717659999999,44.681365,-75.650396,329.6117495,35.6567915,-60.763355999999995,-20.570919000000004,-32.967431000000005
-54.53757033333333,774.4333069999999,273.2656836666667,-167.5313955,609.675621,44.646208,-75.7073105,329.608199,35.5031485,-60.770111,-20.538845999999978,-32.982489
-54.531471333333336,774.3911083333334,273.236323,-167.53639149999998,609.6791065,44.613151,-75.76460349999999,329.604435,35.3567925,-60.777080999999995,-20.509097999999994,-32.995763000000004
-54.525738999999994,774.3504506666667,273.20766199999997,-167.54238099999998,609.682106,44.582206,-75.8219915,329.6003015,35.2174775,-60.784347,-20.481736999999953,-33.007057
-54.520375666666666,774.3112243333334,273.1797043333333,-167.5492845,609.684512,44.5533785,-75.8792015,329.5956565,35.084950500000005,-60.791985,-20.456808999999964,-33.016195
-54.51538366666667,774.273323,273.15245066666665,-167.5570255,609.6862229999999,44.5266645,-75.93597,329.5903705,34.9589545,-60.800072,-20.434343000000013,-33.023019000000005
-54.51076333333334,774.236642,273.12590066666667,-167.565529,609.687148,44.5020545,-75.9920455,329.58432700000003,34.839229,-60.808673000000006,-20.41435199999995,-33.027395999999996
-54.506514333333335,774.2010819999999,273.100051,-167.574724,609.6872035,44.479529,-76.047191,329.577424,34.725511,-60.817848,-20.396832000000018,-33.029216000000005
-54.50263566666666,774.1665456666666,273.0748976666667,-167.5845415,609.6863155,44.4590625,-76.1011825,329.569574,34.617532999999995,-60.827648999999994,-20.381763999999976,-33.0284
-54.49912633333333,774.1329396666666,273.05043300000006,-167.594914,609.6844195,44.4406215,-76.1538145,329.560702,34.515026,-60.838117000000004,-20.369107999999983,-33.024894
-54.49598233333334,774.1001759999999,273.02664933333335,-167.6057775,609.681459,44.424164499999996,-76.20489599999999,329.550749,34.4177205,-60.849284,-20.358813999999995,-33.018677
-54.49320066666667,774.0681683333333,273.00353633333333,-167.6170695,609.6773885,44.4096435,-76.2542555,329.5396665,34.325345,-60.861169,-20.35081100000002,-33.009755999999996
-54.490776333333336,774.0368360000001,272.981082,-167.6287295,609.67217,44.3970035,-76.301739,329.527422,34.2376305,-60.873782,-20.345017999999982,-32.998166999999995
-54.488702999999994,774.0061033333333,272.95927333333333,-167.64069899999998,609.6657755,44.3861825,-76.3472105,329.51399449999997,34.154309,-60.887116999999996,-20.341339000000005,-32.983976
-54.48697466666667,773.9758983333335,272.93809533333337,-167.652922,609.6581855,44.377112499999996,-76.3905535,329.49937550000004,34.0751155,-60.901160999999995,-20.33966700000002,-32.967275
-54.48558233333333,773.9461533333333,272.91753166666666,-167.665344,609.64939,44.3697195,-76.43167,329.4835665,33.999787999999995,-60.915887999999995,-20.33988499999998,-32.948181999999996
-54.48451933333333,773.9168063333333,272.8975663333333,-167.677911,609.6393865,44.363926,-76.47048,329.466582,33.928071,-60.93126,-20.341865999999982,-32.92684
-54.48377300000001,773.8878003333333,272.87818066666665,-167.6905725,609.6281805,44.3596485,-76.5069215,329.44844550000005,33.8597145,-60.947229,-20.345477000000017,-32.903408999999996
-54.483335000000004,773.8590823333334,272.8593563333333,-167.703279,609.615785,44.3567995,-76.5409495,329.42918799999995,33.7944755,-60.963737,-20.350577999999985,-32.878073
-54.48319133333333,773.830605,272.841073,-167.715982,609.602221,44.3552895,-76.572536,329.40885049999997,33.732121,-60.980717999999996,-20.35702699999996,-32.851026000000005
-54.48333,773.802326,272.82331100000005,-167.7286345,609.587514,44.355026,-76.601668,329.38748,33.672425000000004,-60.998098000000006,-20.36468000000002,-32.82248
-54.483736,773.7742079999999,272.8060503333333,-167.741192,609.571697,44.3559155,-76.628346,329.36513,33.615175,-61.01579399999999,-20.37339000000003,-32.792654
-54.48439333333334,773.746219,272.78927,-167.75361049999998,609.554807,44.357862499999996,-76.65258399999999,329.341858,33.560167,-61.033722,-20.383014000000003,-32.761774
-54.48528666666667,773.718331,272.77294966666665,-167.7658475,609.536887,44.360772499999996,-76.6744075,329.3177265,33.507211,-61.05179100000001,-20.39340500000003,-32.73007
-54.48639666666667,773.6905229999999,272.7570693333334,-167.777862,609.5179820000001,44.3645515,-76.6938515,329.29280100000005,33.45613,-61.069905,-20.404427999999996,-32.697773999999995
-54.487705000000005,773.6627776666668,272.7416093333334,-167.789614,609.498141,44.3691065,-76.7109605,329.267149,33.4067595,-61.08796900000001,-20.415948000000014,-32.665115
-54.489190666666666,773.6350830000001,272.7265496666667,-167.8010655,609.4774155,44.3743475,-76.7257845,329.2408385,33.358948999999996,-61.105887,-20.427832999999964,-32.63232
-54.49083166666666,773.6074323333333,272.71187233333336,-167.8121795,609.4558589999999,44.380188,-76.7383815,329.21394,33.3125625,-61.12356499999999,-20.43996199999998,-32.599605
-54.49260533333334,773.5798233333335,272.69755933333334,-167.82292,609.4335255,44.386544,-76.74881,329.18652050000003,33.267479,-61.140908,-20.452218999999957,-32.567182
-54.49448733333333,773.5522583333333,272.683594,-167.83325250000001,609.4104689999999,44.3933375,-76.7571335,329.1586495,33.2235915,-61.157824999999995,-20.464496999999994,-32.535249
-54.496451666666665,773.5247453333333,272.66996133333333,-167.843145,609.386745,44.4004945,-76.763417,329.130393,33.1808075,-61.174231999999996,-20.476696000000004,-32.503992999999994
-54.498472,773.497296,272.65664666666663,-167.852565,609.3624075,44.4079475,-76.767723,329.101816,33.1390495,-61.190046,-20.488725999999986,-32.473589000000004
-54.500519,773.4699266666667,272.6436376666666,-167.861483,609.3375085,44.415635,-76.770115,329.07298000000003,33.098253,-61.205194000000006,-20.50050200000004,-32.444192
-54.50256366666667,773.4426586666667,272.6309243333333,-167.869871,609.3120994999999,44.423502,-76.77065250000001,329.043945,33.058369,-61.219609000000005,-20.511952000000008,-32.415946000000005
-54.50457466666666,773.415517,272.6184966666667,-167.8777025,609.2862305,44.431501,-76.76939250000001,329.014769,33.019360500000005,-61.23322900000001,-20.52301,-32.388973
-54.50651933333333,773.3885310000001,272.6063486666667,-167.884953,609.259949,44.439592,-76.76638750000001,328.985505,32.9812045,-61.246007000000006,-20.533619999999985,-32.363381000000004
-54.50836466666667,773.3617336666666,272.59447400000005,-167.89160049999998,609.2333,44.447742,-76.7616855,328.9562065,32.943889999999996,-61.257899,-20.543732999999975,-32.339256
-54.51007533333333,773.3351623333333,272.5828706666667,-167.8976255,609.2063264999999,44.455926,-76.75533,328.926922,32.907418,-61.268876000000006,-20.55331000000001,-32.31666800000001
-54.511616000000004,773.3088573333334,272.571538,-167.9030105,609.1790695,44.4641275,-76.74735849999999,328.8977005,32.871799,-61.27891699999999,-20.562319000000002,-32.295666
-54.51294866666667,773.2828633333334,272.5604773333334,-167.90774249999998,609.151567,44.4723375,-76.737804,328.8685885,32.8370565,-61.288012,-20.570735000000013,-32.276277
-54.514035,773.257228,272.5496933333333,-167.9118105,609.1238565,44.4805535,-76.7266935,328.839631,32.803221,-61.296167,-20.578539999999975,-32.258511999999996
-54.51483566666667,773.2320016666666,272.53919233333335,-167.915209,609.0959735,44.4887825,-76.71405,328.810874,32.7703335,-61.303392,-20.585724000000027,-32.242357
-54.515311,773.207238,272.52898366666665,-167.917935,609.067951,44.4970365,-76.6998935,328.782365,32.738442500000005,-61.309719,-20.592286,-32.227781
-54.515418000000004,773.1829943333333,272.5190783333333,-167.91999249999998,609.0398230000001,44.5053365,-76.68423899999999,328.754152,32.7076045,-61.315186,-20.59822600000001,-32.214729
-54.51511633333333,773.1593296666666,272.50949166666663,-167.92138949999998,609.011623,44.5137075,-76.6671025,328.7262865,32.677882,-61.31984500000001,-20.60355900000002,-32.203124
-54.514362000000006,773.1363053333333,272.50024,-167.9221405,608.983384,44.5221825,-76.64849699999999,328.6988235,32.6493435,-61.323764,-20.608296999999993,-32.192869
-54.51311166666667,773.1139863333333,272.4913426666667,-167.92226749999998,608.9551409999999,44.530798,-76.6284375,328.67182349999996,32.6220615,-61.327021,-20.61246699999998,-32.183842999999996
-54.511321333333335,773.0924383333332,272.48282233333333,-167.9217985,608.9269314999999,44.539595999999996,-76.6069435,328.645353,32.596116,-61.329709,-20.616097999999965,-32.175901999999994
-54.508947,773.0717303333334,272.47470300000003,-167.920771,608.8987955,44.548621499999996,-76.584039,328.619486,32.571588,-61.331934,-20.61922800000002,-32.168881999999996
-54.505943,773.051932,272.4670126666667,-167.9192305,608.870776,44.557923,-76.559755,328.594306,32.548563,-61.333814000000004,-20.621899999999982,-32.162589999999994
-54.502265333333334,773.0331149999998,272.45977999999997,-167.91723100000002,608.842922,44.5675515,-76.5341335,328.5699045,32.5271305,-61.33547900000001,-20.624165000000005,-32.156815
-54.49786866666667,773.0153530000001,272.453037,-167.9148385,608.8152865,44.577559,-76.50722999999999,328.5463865,32.50738,-61.337073999999994,-20.626082999999994,-32.15132
-54.492709,772.9987203333334,272.4468186666667,-167.9121285,608.7879305,44.587997,-76.47911500000001,328.5238675,32.4894045,-61.33875200000001,-20.627718999999956,-32.14584500000001
-54.48674166666666,772.9832926666667,272.4411606666667,-167.909188,608.7609225,44.598918499999996,-76.4498795,328.502478,32.473298,-61.34067699999999,-20.629147999999986,-32.140108
-54.479922666666674,772.9691473333332,272.436102,-167.906116,608.7343384999999,44.6103725,-76.4196365,328.482361,32.459157,-61.343023,-20.630449999999996,-32.133808
-54.47220933333333,772.956361,272.43168266666663,-167.90302400000002,608.708265,44.6224085,-76.3885265,328.46367599999996,32.447078,-61.34597300000001,-20.631718000000035,-32.126616
-54.46355933333333,772.9450126666667,272.4279456666667,-167.900037,608.6827989999999,44.63507,-76.356717,328.4465995,32.437158499999995,-61.349716,-20.633047000000033,-32.118193
-54.45393166666667,772.9351813333333,272.4249336666667,-167.897292,608.658048,44.648398,-76.324412,328.4313225,32.4294985,-61.354445999999996,-20.634541000000013,-32.10817899999999
-54.443286666666665,772.9269456666666,272.42269266666665,-167.89494200000001,608.634133,44.662428,-76.291849,328.418056,32.4241975,-61.36036000000001,-20.636316000000022,-32.096197000000004
-54.431586,772.9203859999999,272.4212693333333,-167.89315249999999,608.6111874999999,44.6771885,-76.2593095,328.40702699999997,32.421357,-61.367657,-20.638487999999995,-32.081863999999996
-54.418792,772.9155823333334,272.4207103333333,-167.892103,608.5893590000001,44.692702499999996,-76.2271155,328.398481,32.4210805,-61.376532999999995,-20.641181999999958,-32.064786999999995
-54.40487166666666,772.9126149999998,272.42106566666666,-167.8919885,608.568809,44.7089835,-76.195638,328.39268300000003,32.423473,-61.387182,-20.644529999999975,-32.04456999999999
-54.38979066666666,772.9115636666666,272.42238333333336,-167.89301749999998,608.549715,44.7260385,-76.165298,328.389915,32.428642499999995,-61.399792000000005,-20.648663999999997,-32.020818999999996
-54.37351900000001,772.9125096666667,272.4247143333334,-167.89541400000002,608.5322699999999,44.743863499999996,-76.13656950000001,328.39047800000003,32.4367,-61.414539000000005,-20.653719999999964,-31.993142
-54.356029,772.9155323333333,272.42810733333334,-167.89941399999998,608.516682,44.762445,-76.109981,328.39468999999997,32.44776,-61.43159000000001,-20.65983399999999,-31.961166
