Sh_x,Sh_y,Sh_z,El_x,El_y,El_z,Wr_x,Wr_y,Wr_z,WrVec_x,WrVec_y,WrVec_z
-14.528517333333333,883.836893,354.612877,-107.116948,645.0487410000001,79.310272,-90.1722215,365.0882695,46.0612625,-56.187946999999994,6.509658999999999,-53.996699
-14.489699,883.7953756666666,354.6362056666667,-107.11217549999999,645.157954,79.2425075,-89.94208649999999,365.1703185,46.070954,-56.115821,6.447697000000005,-54.069806
-14.450468999999998,883.7591983333333,354.65981533333337,-107.12126749999999,645.2816760000001,79.168827,-89.714404,365.26678749999996,46.092619,-56.04755599999999,6.3786269999999945,-54.13807
-14.410900333333332,883.7283183333334,354.6836536666667,-107.14449049999999,645.4199845,79.0889635,-89.488656,365.3780325,46.127488,-55.98314800000001,6.301940999999999,-54.20151200000001
-14.371066,883.7026890000001,354.7076706666667,-107.182094,645.5729555,79.0026625,-89.264321,365.5044155,46.1768465,-55.922548,6.217138999999975,-54.260203000000004
-14.331038000000001,883.6822606666666,354.7318153333334,-107.2343075,645.7406639999999,78.909684,-89.04087150000001,365.6463015,46.242035,-55.86565900000001,6.1237370000000055,-54.314268
-14.290887,883.666979,354.7560393333333,-107.30133900000001,645.9231815,78.80980650000001,-88.8177785,365.8040575,46.3244385,-55.812345,6.021266999999966,-54.36387500000001
-14.250684333333334,883.6567883333333,354.7802953333333,-107.3833745,646.1205735000001,78.7028225,-88.594507,365.978052,46.425486,-55.762423999999996,5.909279999999967,-54.40924199999999
-14.210498333333334,883.6516280000001,354.80453766666665,-107.48057550000001,646.332901,78.588546,-88.37051650000001,366.16864999999996,46.54664,-55.715681000000004,5.787348000000009,-54.450626
-14.170398666666665,883.651437,354.82872233333336,-107.5930785,646.560215,78.466809,-88.145261,366.3762155,46.689391,-55.67186199999999,5.655063000000041,-54.48832200000001
-14.130451666666666,883.656149,354.85280566666665,-107.72099349999999,646.802557,78.3374635,-87.9181895,366.60111,46.8552535,-55.630681,5.512039999999956,-54.522661
-14.090724333333332,883.6656969999999,354.87674699999997,-107.86440350000001,647.0599575,78.200385,-87.688746,366.84368800000004,47.0457545,-55.591822,5.357919999999979,-54.55399700000001
-14.05128,883.6800096666666,354.9005066666666,-108.023365,647.332433,78.0554695,-87.4563665,367.1042995,47.2624285,-55.554947,5.192367000000047,-54.582713000000005
-14.012182333333334,883.6990163333334,354.924047,-108.1979045,647.6199859999999,77.9026355,-87.2204835,367.383289,47.5068115,-55.519690999999995,5.015074000000027,-54.60920899999999
-13.973492333333333,883.7226416666667,354.94733233333335,-108.388024,647.9226015,77.7418265,-86.9805245,367.6809945,47.780431,-55.485673,4.825756999999953,-54.63389600000001
-13.935269666666665,883.7508093333332,354.9703286666666,-108.5936925,648.2402480000001,77.5730085,-86.735911,367.9977455,48.0847985,-55.452498,4.624158999999963,-54.657199000000006
-13.897571333333333,883.7834416666668,354.993004,-108.8148545,648.572874,77.3961745,-86.486063,368.3338655,48.421405,-55.419758,4.410052999999948,-54.679536
-13.860453999999999,883.820459,355.01532833333334,-109.0514265,648.9204065,77.211339,-86.23039800000001,368.689669,48.7917105,-55.387038000000004,4.183234000000027,-54.701330999999996
-13.823969333333332,883.8617806666667,355.03727399999997,-109.3032935,649.2827520000001,77.018545,-85.96833050000001,369.06546449999996,49.197141,-55.353921,3.9435249999999655,-54.722995999999995
-13.788170333333332,883.9073236666667,355.0588146666667,-109.5703175,649.6597919999999,76.8178595,-85.69927750000001,369.46155150000004,49.6390775,-55.319987000000005,3.6907749999999737,-54.744929000000006
-13.753105333333332,883.957006,355.0799266666667,-109.85233149999999,650.0513845,76.609378,-85.422657,369.8782215,50.118853,-55.284822,3.4248589999999695,-54.767516
-13.718820333333332,884.0107433333334,355.1005886666667,-110.1491425,650.4573605,76.3932205,-85.137891,370.3157585,50.637746,-55.248016,3.145670999999993,-54.79111400000001
-13.685360666666668,884.0684503333333,355.1207816666667,-110.460533,650.8775255,76.1695355,-84.8444075,370.7744385,51.196974,-55.209169,2.853135000000009,-54.816058
-13.652766999999999,884.1300420000001,355.140488,-110.786258,651.3116565,75.93849800000001,-84.5416415,371.2545295,51.797689999999996,-55.16789299999999,2.547189000000003,-54.842652
-13.621079333333332,884.1954326666668,355.1596926666667,-111.12605099999999,651.759502,75.7003115,-84.229038,371.75629,52.440977,-55.123816000000005,2.227798000000007,-54.871166
-13.590333666666666,884.264536,355.17838333333333,-111.4796205,652.2207805,75.4552065,-83.9060565,372.2799735,53.1278445,-55.07658099999999,1.894943000000012,-54.901832999999996
-13.560562666666664,884.3372673333333,355.1965486666666,-111.846654,652.6951825,75.203442,-83.5721685,372.8258215,53.859226,-55.02585499999999,1.5486250000000155,-54.93484600000001
-13.531799,884.41354,355.2141823333333,-112.226814,653.1823645,74.94530549999999,-83.22686300000001,373.3940685,54.635973500000006,-54.971322,1.1888589999999795,-54.970359
-13.504069333333334,884.4932686666667,355.23127666666664,-112.61974649999999,653.6819559999999,74.6811135,-82.86965000000001,373.98494000000005,55.458857,-54.91269200000001,0.8156779999999912,-55.008480000000006
-13.477399,884.576369,355.2478293333333,-113.025074,654.1935515,74.41121000000001,-82.50005999999999,374.5986505,56.328563,-54.8497,0.42912699999999404,-55.049272
-13.451810666666667,884.6627556666667,355.2638386666667,-113.4424015,654.7167175,74.135968,-82.117648,375.2354055,57.245691,-54.782106,0.029267000000004373,-55.092754
-13.427323000000001,884.7523466666667,355.2793053333333,-113.871317,655.2509865,73.8557875,-81.721994,375.8953995,58.2107555,-54.70969999999999,-0.3838309999999865,-55.138897
-13.403952333333335,884.8450583333333,355.294234,-114.31138949999999,655.7958615,73.5710995,-81.312708,376.5788155,59.224179500000005,-54.632296,-0.810085000000015,-55.187625000000004
-13.381712,884.9408103333334,355.30862866666666,-114.762173,656.3508135,73.28236,-80.88943,377.285822,60.2863025,-54.549741999999995,-1.249400000000037,-55.238817
-13.360610999999999,885.039522,355.3224993333333,-115.223208,656.9152845,72.99005249999999,-80.451832,378.0165765,61.3973735,-54.461907999999994,-1.701675000000023,-55.292306999999994
-13.340656333333333,885.141115,355.3358539999999,-115.694018,657.4886865000001,72.69468950000001,-79.9996195,378.77122099999997,62.55755550000001,-54.36869900000001,-2.1667960000000335,-55.347883
-13.321852,885.2455126666667,355.3487076666667,-116.17411750000001,658.0704005,72.396807,-79.5325345,379.549881,63.766923,-54.27004300000001,-2.644642000000033,-55.405289999999994
-13.304198333333332,885.3526396666666,355.36107366666664,-116.6630065,658.6597830000001,72.0969675,-79.050356,380.352666,65.02546749999999,-54.16590000000001,-3.1350820000000112,-55.46423299999999
-13.287692,885.4624226666666,355.372969,-117.1601785,659.2561615,71.79575750000001,-78.55290000000001,381.1796675,66.333095,-54.056254,-3.637976999999978,-55.524378000000006
-13.272326999999999,885.5747903333335,355.38441400000005,-117.665114,659.8588385,71.493786,-78.0400225,382.030958,67.6896275,-53.941117,-4.153178000000025,-55.585353
-13.258094333333332,885.6896740000001,355.39542966666664,-118.177289,660.4670925,71.191685,-77.5116195,382.906588,69.0948085,-53.820524999999996,-4.680523999999991,-55.646753
-13.244982,885.807006,355.40603933333335,-118.69617149999999,661.0801805000001,70.8901055,-76.9676275,383.80658800000003,70.54830050000001,-53.694537000000004,-5.219848000000013,-55.708139
-13.232972666666667,885.9267213333334,355.416269,-119.2212265,661.6973385,70.5897195,-76.408023,384.730964,72.0496905,-53.563233999999994,-5.770969999999977,-55.769048999999995
-13.222049,886.0487586666667,355.4261463333333,-119.7519135,662.317783,70.291214,-75.8328255,385.6797,73.598489,-53.426715,-6.333699999999965,-55.828990000000005
-13.212188333333332,886.173057,355.435702,-120.28769199999999,662.9407155,69.995294,-75.24209400000001,386.65275299999996,75.194137,-53.285104000000004,-6.907836000000032,-55.887451999999996
-13.203365,886.2995593333334,355.4449666666667,-120.8280195,663.565323,69.7026765,-74.6359295,387.6500555,76.836003,-53.138533,-7.493160999999986,-55.943904
-13.195550333333335,886.4282106666666,355.45397499999996,-121.3723555,664.1907795,69.4140905,-74.0144725,388.671512,78.523392,-52.987154999999994,-8.089448000000004,-55.99779999999999
-13.188713,886.558959,355.46276233333333,-121.920162,664.8162505,69.130276,-73.3779045,389.7170005,80.25554199999999,-52.831134999999996,-8.69645300000002,-56.04858399999999
-13.182818666666668,886.6917540000001,355.471366,-122.470905,665.4408940000001,68.85198,-72.7264455,390.7863695,82.0316325,-52.670649,-9.313920999999993,-56.095690999999995
-13.177828666666665,886.8265486666666,355.47982533333334,-123.024056,666.063864,68.5799555,-72.0603535,391.8794415,83.850785,-52.505879,-9.94157899999999,-56.13855000000001
-13.173703666666666,886.9632986666667,355.4881816666666,-123.5790945,666.6843125,68.3149585,-71.3799255,392.99600799999996,85.71206550000001,-52.337019,-10.57914199999999,-56.176593000000004
-13.170398666666665,887.1019616666666,355.4964766666667,-124.13550749999999,667.3013940000001,68.057746,-70.685491,394.135833,87.61449,-52.16426799999999,-11.226304000000027,-56.209248
-13.167867666666666,887.242499,355.50475400000005,-124.69279300000001,667.9142635000001,67.8090755,-69.977418,395.298652,89.557027,-51.987828,-11.882747999999992,-56.235954
-13.16606166666667,887.3848726666666,355.51306,-125.2504605,668.5220865,67.5696995,-69.256103,396.484173,91.5386015,-51.807905999999996,-12.54813999999999,-56.256153000000005
-13.164928666666668,887.5290496666667,355.52144033333326,-125.808033,669.124035,67.3403665,-68.521978,397.6920745,93.5580965,-51.62471,-13.222128999999995,-56.269301
-13.164413333333334,887.6749970000001,355.52994366666667,-126.36504550000001,669.7192955,67.121817,-67.775502,398.922012,95.614361,-51.438448,-13.904350000000022,-56.274868
-13.164459666666668,887.8226863333333,355.5386193333333,-126.921051,670.3070665,66.914781,-67.017162,400.1736115,97.7062095,-51.24933000000001,-14.594423000000006,-56.27233699999999
-13.165007000000001,887.9720896666666,355.54751699999997,-127.475619,670.886567,66.7199765,-66.2474705,401.44647699999996,99.83242849999999,-51.057561,-15.291953999999976,-56.26121099999999
-13.165994,888.1231823333333,355.55668799999995,-128.028335,671.457033,66.5381075,-65.4669655,402.740189,101.99177900000001,-50.863349,-15.996535999999992,-56.241016000000016
-13.167356333333332,888.2759423333333,355.56618499999996,-128.578804,672.0177265,66.36986200000001,-64.676205,404.054305,104.18300049999999,-50.666896,-16.707748000000038,-56.21129699999999
-13.169027666666667,888.4303486666666,355.5760603333333,-129.12665049999998,672.5679319999999,66.215909,-63.8757665,405.3883655,106.4048155,-50.468401,-17.425161000000003,-56.17162299999998
-13.170939333333331,888.5863833333333,355.5863683333334,-129.6715195,673.1069620000001,66.076898,-63.066246,406.741891,108.65593199999999,-50.268062,-18.148331999999982,-56.12159
-13.173021999999998,888.74403,355.5971626666667,-130.213077,673.634158,65.95345449999999,-62.248254,408.1143855,110.935049,-50.066072,-18.876813000000027,-56.06082000000001
-13.175202666666666,888.903273,355.60849866666666,-130.75100799999998,674.1488939999999,65.8461815,-61.422415,409.5053405,113.2408575,-49.86262,-19.61014499999999,-55.98896100000002
-13.177408999999999,889.0641003333334,355.6204313333333,-131.285022,674.6505764999999,65.755655,-60.5893645,410.9142355,115.5720465,-49.657893,-20.347869000000003,-55.90569099999999
-13.179564666666666,889.2265013333332,355.6330163333334,-131.81484749999998,675.138646,65.6824245,-59.749747,412.3405395,117.92730499999999,-49.452074,-21.08951300000001,-55.810716
-13.181593999999999,889.3904656666667,355.64630933333336,-132.340237,675.612582,65.627009,-58.9042135,413.783714,120.305325,-49.245340999999996,-21.834608000000003,-55.70377199999999
-13.183419333333333,889.555985,355.6603666666667,-132.860962,676.071899,65.5898985,-58.053421,415.2432165,122.7048045,-49.03787,-22.58268300000003,-55.58462100000001
-13.184961333333334,889.7230533333333,355.6752443333333,-133.3768175,676.516152,65.57155,-57.1980305,416.7185,125.12445199999999,-48.82983099999999,-23.333263999999986,-55.453057999999984
-13.186141333333333,889.8916646666667,355.6909973333333,-133.887618,676.9449354999999,65.5723885,-56.338703499999994,418.20901749999996,127.562987,-48.621396999999995,-24.08588100000003,-55.30890600000001
-13.186878666666665,890.0618153333334,355.70768233333337,-134.3932,677.3578855,65.5928035,-55.476101,419.714222,130.0191425,-48.41273,-24.840063999999984,-55.152013
-13.187092333333334,890.233501,355.72535466666665,-134.893419,677.754678,65.63315,-54.6108825,421.23357150000004,132.4916685,-48.203995,-25.595347000000004,-54.982260999999994
-13.186701333333334,890.40672,355.74406833333336,-135.38815,678.1350305000001,65.6937485,-53.743705000000006,422.7665275,134.9793335,-47.99535,-26.351270999999997,-54.799553
-13.185623666666666,890.5814713333333,355.76387866666664,-135.877285,678.4987035,65.7748825,-52.8752195,424.31255699999997,137.48092450000001,-47.786955000000006,-27.107377999999983,-54.603823000000006
-13.183777,890.7577536666668,355.78483966666664,-136.360737,678.845499,65.87679750000001,-52.0060725,425.871138,139.9952505,-47.578961,-27.863220000000013,-54.39502900000001
-13.181080666666666,890.9355673333333,355.807004,-136.8384325,679.17526,65.9997045,-51.13690149999999,427.4417565,142.521143,-47.371520999999994,-28.618357000000003,-54.173154
-13.177452333333335,891.114913,355.8304236666666,-137.310315,679.4878719999999,66.1437755,-50.268336000000005,429.023907,145.057456,-47.164784000000004,-29.372353999999973,-53.93820799999999
-13.172811666666668,891.295791,355.855151,-137.7763435,679.7832595,66.309147,-49.400996,430.6171005,147.6030665,-46.958894,-30.12478699999997,-53.690218999999985
-13.167077333333333,891.478204,355.88123566666667,-138.236489,680.06139,66.49591749999999,-48.535492,432.22085549999997,150.1568785,-46.753992,-30.875239000000022,-53.429241000000005
-13.160169333333334,891.6621536666667,355.9087273333333,-138.690737,680.3222679999999,66.7041505,-47.6724215,433.83470650000004,152.717817,-46.550219,-31.623305000000016,-53.155345999999994
-13.152008,891.8476416666666,355.9376736666666,-139.1390835,680.5659370000001,66.933873,-46.812371500000005,435.45820000000003,155.284833,-46.347707,-32.36858799999999,-52.868629999999996
-13.142516333333333,892.0346706666666,355.9681216666666,-139.581534,680.792479,67.1850775,-45.9559145,437.09089600000004,157.856901,-46.146587,-33.110702,-52.56920600000001
-13.131616666666666,892.223243,356.00011700000005,-140.0181055,681.0020105000001,67.4577225,-45.1036095,438.7323665,160.433019,-45.946983,-33.84927099999999,-52.257206
-13.119233333333332,892.413361,356.03370333333334,-140.4488225,681.1946845,67.751734,-44.256002499999994,440.382199,163.0122075,-45.749019,-34.583928000000014,-51.932781000000006
-13.105291666666666,892.6050273333334,356.0689233333333,-140.8737155,681.3706855,68.0670055,-43.413623,442.03999,165.59351049999998,-45.552806000000004,-35.31432000000001,-51.596097000000015
-13.089719666666667,892.7982443333334,356.10581700000006,-141.292823,681.530232,68.4033995,-42.576986500000004,443.7053495,168.1759915,-45.358455,-36.04010099999999,-51.24733899999998
-13.072445666666667,892.9930133333334,356.1444236666667,-141.706187,681.6735705,68.7607495,-41.746590999999995,445.3778975,170.7587355,-45.166067999999996,-36.76093700000001,-50.886707
-13.053401333333333,893.1893376666667,356.184781,-142.113856,681.8009775,69.138862,-40.922920500000004,447.0572635,173.340847,-44.975739,-37.47650300000004,-50.51441599999998
-13.032518999999999,893.3872176666667,356.22692433333333,-142.5158805,681.912757,69.537517,-40.106438499999996,448.7430835,175.9214475,-44.787557,-38.186487,-50.13069899999999
-13.009734333333332,893.5866556666666,356.2708863333333,-142.91231399999998,682.009237,69.956468,-39.2975935,450.4350025,178.49967700000002,-44.601601,-38.89058499999999,-49.73580200000001
-12.984983999999999,893.787652,356.31669933333336,-143.303212,682.090768,70.395447,-38.496817,452.1326695,181.074691,-44.41794,-39.588505,-49.32998600000002
-12.958207999999999,893.9902076666667,356.36439233333334,-143.688631,682.1577245000001,70.8541635,-37.70452,453.83573750000005,183.64566000000002,-44.236636,-40.27996300000001,-48.913528000000014
-12.929349,894.1943219999999,356.4139926666667,-144.068628,682.210498,71.3323075,-36.921096500000004,455.5438605,186.21177,-44.057741,-40.964687000000026,-48.48672399999998
-12.898352000000001,894.3999949999999,356.46552533333335,-144.4432605,682.2494995,71.8295485,-36.146922,457.2566935,188.772218,-43.881296,-41.64241499999997,-48.04987800000001
-12.865164333333334,894.6072250000001,356.51901266666664,-144.8125855,682.275155,72.3455415,-35.382352499999996,458.97389,191.3262165,-43.707327,-42.31289399999997,-47.603316999999976
-12.829737,894.8160103333333,356.57447666666667,-145.1766575,682.2879055,72.879924,-34.6277255,460.695101,193.8729875,-43.535857,-42.97588400000001,-47.147377000000006
-12.792023,895.0263476666668,356.6319333333333,-145.53553250000002,682.2882035,73.43232,-33.883358,462.41997200000003,196.411767,-43.36689,-43.63114999999999,-46.68241599999999
-12.751979666666665,895.2382343333334,356.6913996666667,-145.8892615,682.276513,74.0023405,-33.149550500000004,464.148142,198.9417995,-43.200419000000004,-44.27846999999997,-46.208804999999984
-12.709566,895.4516656666666,356.7528883333334,-146.237896,682.253305,74.589584,-32.426581,465.87924399999997,201.46234299999998,-43.036426000000006,-44.917633999999964,-45.726932000000005
-12.664746,895.6666369999999,356.816409,-146.581484,682.219061,75.19363899999999,-31.7147115,467.6128995,203.9726655,-42.874881,-45.54844099999997,-45.237202999999994
-12.617484333333332,895.8831413333334,356.881971,-146.920072,682.174265,75.8140855,-31.014183499999998,469.3487225,206.47204599999998,-42.715737,-46.17069700000002,-44.74003999999999
-12.567752333333331,896.101172,356.94957800000003,-147.2537035,682.119406,76.450492,-30.32522,471.086314,208.9597775,-42.558938,-46.784223999999995,-44.235881000000006
-12.515521666666666,896.3207206666666,357.0192333333334,-147.58242,682.0549775,77.102423,-29.6480275,472.8252635,211.435161,-42.404411,-47.388851000000045,-43.72518199999999
-12.460768999999999,896.5417776666667,357.09093666666666,-147.90626,681.9814725000001,77.76943299999999,-28.982792999999997,474.5651485,213.8975155,-42.252074,-47.984419,-43.208415
-12.403475,896.7643326666666,357.1646846666667,-148.225261,681.899384,78.4510715,-28.329687500000002,476.30553299999997,216.3461705,-42.101829,-48.57077799999996,-42.68606699999998
-12.343622666666667,896.9883736666667,357.240472,-148.539456,681.8092045,79.146881,-27.6888655,478.0459675,218.78047149999998,-41.953569,-49.147790999999984,-42.15864500000001
-12.281199333333333,897.2138876666668,357.31829,-148.8488775,681.7114260000001,79.85640000000001,-27.060465,479.78598999999997,221.199779,-41.80717,-49.715332000000046,-41.626664000000005
-12.216195333333333,897.4408596666667,357.39812766666665,-149.15355699999998,681.6065335000001,80.579161,-26.4446085,481.5251255,223.603471,-41.662503,-50.27328499999999,-41.090659999999986
-12.148604666666666,897.669274,357.4799703333333,-149.45352200000002,681.4950114999999,81.31469150000001,-25.841405,483.2628855,225.990943,-41.519424,-50.82154700000001,-40.551176
-12.078426333333333,897.8991133333334,357.56380266666673,-149.74880000000002,681.377337,82.0625155,-25.250949,484.9987725,228.36161099999998,-41.377781999999996,-51.36002500000001,-40.00877199999999
-12.005660999999998,898.130358,357.6496046666666,-150.0394165,681.2539835,82.8221505,-24.673322499999998,486.7322755,230.71490999999997,-41.237415,-51.88863900000001,-39.464012
-11.930314000000001,898.3629893333333,357.73735400000004,-150.3253985,681.1254154999999,83.59311249999999,-24.1085935,488.4628745,233.050297,-41.098159,-52.40731699999998,-38.91747400000003
-11.852393999999999,898.5969840000001,357.82702666666665,-150.60676949999998,680.9920935,84.374911,-23.55682,490.190042,235.3672505,-40.959838,-52.91600600000004,-38.36973900000001
-11.771914,898.8323190000001,357.9185953333333,-150.883555,680.854468,85.167052,-23.0180475,491.913243,237.665274,-40.822277,-53.41465400000004,-37.82138999999998
-11.688888666666665,899.0689686666666,358.0120306666666,-151.1557795,680.7129825,85.969038,-22.492311,493.63193650000005,239.9438935,-40.685298,-53.90322900000007,-37.27301499999999
-11.603338666666668,899.306907,358.10730033333334,-151.42346750000002,680.5680725,86.780366,-21.979633500000002,495.3455785,242.20266,-40.548719,-54.381707000000006,-36.72520000000003
-11.515286666666668,899.5461053333333,358.20436966666665,-151.686647,680.4201645,87.600533,-21.4800305,497.053624,244.4411495,-40.412365,-54.850074000000006,-36.17852500000001
-11.424759333333332,899.7865343333333,358.30320266666666,-151.9453445,680.2696755,88.429027,-20.993503999999998,498.755526,246.65896350000003,-40.276058,-55.308329999999955,-35.63356300000001
-11.331786,900.0281620000001,358.40376,-152.199588,680.1170135,89.265337,-20.520049,500.4507425,248.8557285,-40.139632000000006,-55.756483,-35.09087699999998
-11.236399666666665,900.2709556666667,358.506001,-152.4494095,679.962577,90.108946,-20.059647000000002,502.13873349999994,251.031095,-40.002924,-56.19455099999999,-34.551016000000004
-11.138637666666668,900.5148803333335,358.6098816666667,-152.694841,679.8067544999999,90.95933600000001,-19.6122705,503.8189655,253.1847385,-39.865785,-56.622565000000066,-34.01451100000003
-11.038539333333333,900.7599003333333,358.7153573333333,-152.93591750000002,679.6499245,91.81598550000001,-19.1778815,505.49091450000003,255.316359,-39.728075,-57.040561000000025,-33.48187200000001
-10.936147666666665,901.0059776666667,358.822381,-153.1726775,679.4924550000001,92.678372,-18.756428500000002,507.1540665,257.425678,-39.589671,-57.44858900000003,-32.953584000000006
-10.831508666666666,901.2530733333333,358.930904,-153.4051595,679.334704,93.545971,-18.347849500000002,508.80791899999997,259.51244099999997,-39.450463,-57.84670599999998,-32.43010799999999
-10.724671666666667,901.5011466666666,359.04087499999997,-153.63340749999998,679.1770174999999,94.4182575,-17.9520685,510.4519855,261.5764115,-39.310363,-58.234977000000015,-31.911869000000024
-10.615688,901.7501556666666,359.15224233333333,-153.85746799999998,679.019732,95.29470599999999,-17.568996000000002,512.085796,263.617375,-39.1693,-58.61347399999994,-31.399261999999993
-10.504613333333333,902.000058,359.26495233333327,-154.0773895,678.8631715,96.174792,-17.198529999999998,513.7088985,265.635134,-39.027226,-58.982280999999944,-30.892641999999995
-10.391504333333332,902.2508080000001,359.37894966666664,-154.2932255,678.7076500000001,97.05799400000001,-16.840551,515.320861,267.6295085,-38.884116,-59.34148400000004,-30.39232899999999
-10.27642233333333,902.5023606666667,359.49417866666664,-154.5050305,678.5534675,97.9437915,-16.494925499999997,516.9212755000001,269.6003335,-38.739967,-59.69118100000003,-29.89859899999996
-10.159429000000001,902.7546683333334,359.61058,-154.7128645,678.4009149999999,98.83166800000001,-16.1615025,518.5097555,271.5474585,-38.594801,-60.031473000000005,-29.411685000000034
-10.040590333333332,903.0076833333333,359.7280966666667,-154.916789,678.2502685,99.7211115,-15.8401135,520.0859425,273.47074499999997,-38.448662999999996,-60.36247099999997,-28.93177399999996
-9.919973666666666,903.2613563333334,359.84666799999997,-155.1168695,678.1017925,100.611616,-15.5305745,521.649502,275.3700675,-38.301625,-60.68428999999992,-28.459015000000022
-9.797649333333334,903.515637,359.9662336666666,-155.313174,677.955739,101.50268200000001,-15.232681000000001,523.2001315,277.24531,-38.153782,-60.997051,-27.993501999999978
-9.673688333333333,903.7704746666667,360.08673233333326,-155.5057745,677.8123475,102.3938185,-14.946212500000001,524.7375545,279.096366,-38.005251,-61.300883000000056,-27.535292000000027
-9.548165333333333,904.0258173333333,360.208102,-155.6947445,677.671842,103.284541,-14.670929499999998,526.2615284999999,280.9231395,-37.856168999999994,-61.59591899999998,-27.084390999999982
-9.421156333333334,904.2816116666667,360.33027999999996,-155.8801605,677.5344345,104.1743775,-14.406574000000003,527.77184,282.725542,-37.706696,-61.88230199999998,-26.640765999999985
-9.292738666666667,904.5378046666666,360.45320300000003,-156.0621025,677.400324,105.0628665,-14.152871000000001,529.2683095,284.503492,-37.557008,-62.16017499999998,-26.204341999999997
-9.162991333333332,904.7943423333332,360.5768086666667,-156.2406525,677.2696925,105.9495575,-13.9095285,530.7507895,286.256917,-37.407297,-62.42969300000004,-25.775001999999972
-9.031996,905.0511696666667,360.70103166666667,-156.4158925,677.1427100000001,106.8340135,-13.676238499999998,532.2191665,287.98575300000005,-37.257767,-62.691013,-25.352596000000005
-8.899833666666666,905.308232,360.82581,-156.5879095,677.0195315,107.7158125,-13.452675499999998,533.6733595,289.68994299999997,-37.108633,-62.94430099999994,-24.936936000000003
-8.766588666666665,905.5654733333334,360.9510783333333,-156.75679,676.9002975000001,108.5945455,-13.2385025,535.1133235,291.3694385,-36.960115,-63.18972699999995,-24.527809000000047
-8.632345,905.822838,361.07677433333333,-156.9226225,676.7851324999999,109.4698205,-13.0333665,536.5390445,293.0242015,-36.812439,-63.42746900000003,-24.12497099999996
-8.497188333333334,906.08027,361.202833,-157.0854965,676.6741475,110.341261,-12.8369055,537.9505425,294.6542035,-36.665829,-63.657711000000006,-23.72815700000001
-8.361205666666669,906.3377126666668,361.3291916666667,-157.245503,676.5674375,111.208508,-12.6487455,539.347869,296.2594255,-36.520505,-63.880641999999966,-23.337085000000002
-8.224483,906.5951093333333,361.45578700000004,-157.40273299999998,676.465083,112.0712195,-12.4685045,540.7311085,297.839862,-36.376685,-64.09645700000004,-22.951458000000002
-8.087109,906.8524039999999,361.582556,-157.5572795,676.36715,112.9290705,-12.295793999999999,542.100374,299.3955185,-36.234573999999995,-64.30536000000001,-22.570965
-7.949170666666667,907.1095396666666,361.7094363333333,-157.70923249999998,676.273688,113.7817575,-12.130220000000001,543.455809,300.926416,-36.094364,-64.50755600000008,-22.195295999999985
-7.810757666666667,907.3664603333333,361.83636700000005,-157.85868499999998,676.1847335,114.6289915,-11.971385999999999,544.797583,302.4325885,-35.956234,-64.703258,-21.82413299999996
-7.671958333333333,907.6231093333332,361.9632853333333,-158.0057285,676.1003065,115.470505,-11.818893,546.1258935000001,303.914087,-35.820344,-64.89268099999993,-21.45716200000004
-7.532860666666667,907.879431,362.0901313333334,-158.1504535,676.0204140000001,116.306047,-11.6723445,547.4409595,305.3709785,-35.686835,-65.07604700000002,-21.094075000000032
-7.393553999999999,908.1353686666666,362.21684466666665,-158.29295150000002,675.945048,117.13538750000001,-11.531343,548.743023,306.80334700000003,-35.555824,-65.25357800000006,-20.734572000000014
-7.254126666666667,908.3908673333332,362.34336733333333,-158.43331,675.874187,117.958314,-11.395497500000001,550.0323465,308.2112955,-35.427411,-65.42550099999994,-20.37836500000003
-7.114666,908.6458713333333,362.469639,-158.5716185,675.8077949999999,118.77463,-11.2644205,551.3092085000001,309.594945,-35.301665,-65.59204299999999,-20.025177999999983
-6.975260666666666,908.9003266666667,362.59560366666665,-158.707964,675.7458240000001,119.5841605,-11.137732,552.5739025,310.9544355,-35.178638,-65.75342899999998,-19.67475300000001
-6.835996333333334,909.1541780000001,362.721204,-158.84242949999998,675.6882125,120.38674549999999,-11.0150615,553.826736,312.28992800000003,-35.058351,-65.90989000000002,-19.326851999999974
-6.696960666666667,909.407372,362.846384,-158.9751005,675.6348865,121.1822425,-10.896044999999999,555.0680245,313.60159999999996,-34.940808,-66.06164899999999,-18.981251999999984
-6.558237999999999,909.6598543333333,362.97108933333334,-159.1060565,675.5857605,121.9705245,-10.7803315,556.298094,314.889652,-34.825985,-66.20892800000001,-18.637753999999973
-6.419913333333334,909.9115726666668,363.0952663333333,-159.235377,675.540737,122.75148150000001,-10.6675805,557.517272,316.15430100000003,-34.713839,-66.351946,-18.296177999999998
-6.282069333333333,910.162475,363.218862,-159.363138,675.4997095,123.52501799999999,-10.557464,558.725891,317.395784,-34.604306,-66.49091600000008,-17.956364000000008
-6.144789,910.4125089999999,363.34182433333336,-159.489414,675.4625599999999,124.2910505,-10.4496675,559.924284,318.6143565,-34.497303,-66.62604399999998,-17.618175000000008
-6.008153,910.6616233333334,363.4641033333333,-159.6142745,675.429161,125.049511,-10.3438895,561.1127819999999,319.81029049999995,-34.392733,-66.75752999999997,-17.28149300000001
-5.872240666666667,910.9097676666667,363.58564899999993,-159.737788,675.399377,125.800343,-10.2398435,562.2917110000001,320.983876,-34.290483,-66.88556400000004,-16.946219999999983
-5.737130333333333,911.1568910000001,363.70641333333333,-159.860019,675.373064,126.5435,-10.137258,563.4613915,322.1354185,-34.19043,-67.01032899999996,-16.612277000000006
-5.602898333333333,911.4029453333333,363.82634866666666,-159.9810285,675.3500710000001,127.27894799999999,-10.035876,564.6221390000001,323.2652385,-34.092439999999996,-67.13199599999996,-16.27959900000002
-5.469619333333334,911.6478803333333,363.9454093333334,-160.100874,675.3302395000001,128.0066615,-9.935456,565.7742565000001,324.3736685,-33.996374,-67.25072499999999,-15.948140999999964
-5.337366,911.891649,364.06355,-160.2196105,675.3134065,128.7266215,-9.835772500000001,566.9180369999999,325.461056,-33.902091,-67.36666600000001,-15.617869999999982
-5.206210666666666,912.1342026666666,364.1807263333333,-160.3372875,675.2994035,129.438819,-9.736615,568.053764,326.527758,-33.809446,-67.4799579999999,-15.28876600000001
-5.076221666666667,912.3754953333333,364.2968966666667,-160.45395150000002,675.288057,130.143251,-9.6377895,569.1817055,327.574141,-33.718297,-67.59072500000002,-14.960822000000007
-4.947466666666666,912.61548,364.4120183333334,-160.569646,675.279192,130.8399175,-9.5391175,570.3021175,328.60058100000003,-33.628501,-67.69908099999998,-14.63403599999998
-4.820011,912.854111,364.5260513333333,-160.68440900000002,675.2726279999999,131.528827,-9.4404365,571.41524,329.6074595,-33.539927,-67.80512599999997,-14.308420999999953
-4.693917666666667,913.091344,364.6389566666667,-160.7982755,675.2681855000001,132.209988,-9.3416,572.521299,330.5951645,-33.452446,-67.908952,-13.983991000000003
-4.569248333333333,913.3271343333334,364.7506956666667,-160.91127749999998,675.265682,132.88341400000002,-9.2424775,573.6205044999999,331.56408650000003,-33.365939,-68.01063299999998,-13.660769000000016
-4.446061333333334,913.5614383333333,364.8612313333333,-161.0234425,675.2649349999999,133.54912000000002,-9.142953,574.7130505,332.51462100000003,-33.280298,-68.11023699999998,-13.33878199999998
-4.324413,913.794213,364.97052833333333,-161.134795,675.265764,134.2071225,-9.042928,575.7991145,333.447162,-33.195422,-68.20781699999998,-13.018057999999996
-4.204358333333333,914.0254163333334,365.07855133333334,-161.24535450000002,675.2679885,134.857438,-8.942318,576.8788575000001,334.362103,-33.111228,-68.30341699999997,-12.698631999999975
-4.085949333333333,914.2550070000001,365.185267,-161.3551395,675.2714295,135.500083,-8.841055,577.9524255,335.2598365,-33.02764,-68.39707300000009,-12.380537000000004
-3.9692356666666666,914.482944,365.290642,-161.464165,675.2759125,136.135075,-8.7390835,579.019945,336.1407515,-32.944595,-68.48880800000006,-12.063810999999987
-3.854264666666667,914.7091880000002,365.394647,-161.572441,675.2812655,136.7624275,-8.636367,580.0815279999999,337.00522950000004,-32.862044,-68.57864000000006,-11.748489000000006
-3.7410813333333337,914.9337,365.49725000000007,-161.6799785,675.287321,137.3821555,-8.532880500000001,581.1372685,337.85365,-32.779947,-68.66657899999996,-11.43461000000002
-3.629728333333333,915.1564403333332,365.5984226666667,-161.786784,675.2939165,137.994271,-8.4286125,582.1872435,338.68638,-32.698279,-68.75262499999997,-11.12221199999999
-3.520246333333333,915.3773729999999,365.6981366666667,-161.89286299999998,675.300894,138.5987825,-8.323568999999999,583.2315120000001,339.5037805,-32.617022,-68.83677599999999,-10.81133299999999
-3.412672666666666,915.5964610000001,365.7963663333333,-161.998219,675.308103,139.195699,-8.217766000000001,584.2701185000001,340.3062005,-32.536172,-68.91902300000004,-10.502013000000034
-3.307043,915.8136683333332,365.893085,-162.10285399999998,675.3153995,139.78502400000002,-8.111234499999998,585.3030865000001,341.0939775,-32.455731,-68.99935300000004,-10.194291000000021
-3.2033900000000006,916.0289606666666,365.988269,-162.2067705,675.322647,140.36676,-8.004017000000001,586.330426,341.867437,-32.37571,-69.07774999999992,-9.888207999999963
-3.1017453333333336,916.2423033333334,366.081895,-162.30996900000002,675.3297150000001,140.94090649999998,-7.896168500000001,587.352126,342.62689,-32.296127,-69.15419199999997,-9.583801999999991
-3.0021359999999997,916.4536643333334,366.173941,-162.412451,675.336483,141.50746099999998,-7.7877565,588.3681595,343.3726335,-32.217007,-69.22866099999999,-9.281115
-2.9045886666666667,916.6630103333333,366.26438566666667,-162.514217,675.3428385,142.066417,-7.678857,589.378481,344.104947,-32.13838,-69.30113199999994,-8.980187999999998
-2.809127333333333,916.8703116666666,366.3532096666666,-162.6152685,675.3486780000001,142.6177655,-7.569558,590.3830284999999,344.824096,-32.060278,-69.37158099999999,-8.681061999999997
-2.7157723333333337,917.0755383333334,366.440395,-162.7156075,675.3539065,143.1614965,-7.4599575,591.381721,345.5303285,-31.982741,-69.43998399999998,-8.383779000000004
-2.6245433333333335,917.2786603333334,366.5259233333333,-162.81523700000002,675.358439,143.6975965,-7.3501615,592.374462,346.223874,-31.905805,-69.50631799999996,-8.088379999999972
-2.5354570000000005,917.4796506666667,366.60977866666667,-162.91416099999998,675.3622,144.22605000000001,-7.240285500000001,593.3611350000001,346.9049455,-31.829513000000002,-69.57055600000001,-7.7949069999999665
-2.4485273333333333,917.6784826666667,366.69194666666664,-163.012385,675.365123,144.74684,-7.1304505,594.3416085,347.5737395,-31.753907,-69.63267900000005,-7.503400999999997
-2.3637673333333336,917.8751306666667,366.772413,-163.1099165,675.3671515000001,145.259948,-7.020788499999999,595.315735,348.2304335,-31.679029,-69.69266199999993,-7.213898999999969
-2.281186333333333,918.0695713333334,366.851165,-163.206763,675.3682395000001,145.7653545,-6.911433999999999,596.283349,348.875188,-31.604923999999997,-69.75048600000002,-6.926442000000009
-2.2007926666666666,918.2617803333333,366.92819099999997,-163.302936,675.368349,146.263037,-6.80253,597.244272,349.5081475,-31.531633999999997,-69.80613199999993,-6.641065000000026
-2.1225916666666667,918.4517363333333,367.00348099999997,-163.39844749999997,675.367452,146.752975,-6.6942224999999995,598.198311,350.12944,-31.459203000000002,-69.85958200000005,-6.357801999999992
-2.046588,918.6394186666666,367.07702566666666,-163.49331,675.36553,147.235146,-6.5866635,599.1452595000001,350.7391785,-31.387675,-69.91081900000006,-6.076679000000013
-1.9727829999999997,918.8248083333333,367.1488166666666,-163.58754,675.362574,147.709527,-6.480009,600.0849000000001,351.337461,-31.317092000000002,-69.9598299999999,-5.7977260000000115
-1.9011760000000002,919.0078870000001,367.21884700000004,-163.6811545,675.3585825,148.176096,-6.374416999999999,601.0170035,351.9243735,-31.2475,-70.00660300000004,-5.520961
-1.831766,919.1886380000001,367.28711200000004,-163.7741715,675.353563,148.63483200000002,-6.270049500000001,601.941333,352.499989,-31.178943,-70.05112800000006,-5.246397999999999
-1.764548666666667,919.3670456666667,367.35360633333335,-163.8666115,675.3475315000001,149.0857135,-6.1670695,602.857643,353.0643695,-31.111469,-70.0933940000001,-4.9740450000000465
-1.6995176666666663,919.543096,367.41832633333337,-163.9584945,675.34051,149.528721,-6.065642499999999,603.7656845,353.6175705,-31.045125,-70.13339500000006,-4.703902999999968
-1.6366656666666668,919.7167763333333,367.48127,-164.049843,675.332529,149.9638365,-5.9659335,604.6652035,354.15963650000003,-30.979961,-70.17112699999996,-4.435964999999953
-1.5759833333333326,919.8880749999998,367.542436,-164.14067749999998,675.323625,150.391044,-5.868107999999999,605.555943,354.6906095,-30.91603,-70.20658400000002,-4.17021299999999
-1.5174599999999998,920.0569813333333,367.60182533333335,-164.231022,675.3138409999999,150.810328,-5.772332,606.437649,355.2105255,-30.853388000000002,-70.23976600000003,-3.9066250000000196
-1.4610823333333336,920.2234863333333,367.65943799999997,-164.320897,675.303225,151.221678,-5.678769,607.310067,355.719417,-30.792096,-70.2706720000001,-3.6451639999999657
-1.4068370000000001,920.3875830000001,367.7152766666666,-164.4103255,675.2918295,151.62508400000002,-5.587581,608.1729479999999,356.21731950000003,-30.732216,-70.29930200000001,-3.3857869999999934
-1.3547076666666669,920.5492639999999,367.769345,-164.4993275,675.279713,152.02054099999998,-5.4989285,609.0260485,356.70426499999996,-30.673815,-70.32566100000008,-3.128440000000012
-1.304677666666666,920.7085243333335,367.8216466666667,-164.587921,675.2669355,152.4080465,-5.412966999999999,609.8691329999999,357.180292,-30.616968,-70.34975199999997,-2.8730580000000145
-1.2567283333333332,920.8653599999999,367.8721883333333,-164.6761255,675.2535625,152.7876015,-5.329846999999999,610.7019745,357.64544,-30.56175,-70.3715830000001,-2.61957000000001
-1.210839,921.019768,367.9209766666667,-164.763954,675.23966,153.1592115,-5.2497169999999995,611.524359,358.099756,-30.508241999999996,-70.3911599999999,-2.3678919999999835
-1.166989666666667,921.1717463333334,367.9680183333333,-164.85142050000002,675.2252955,153.5228865,-5.1727175,612.336083,358.543294,-30.456531,-70.40849400000002,-2.117933999999991
-1.1251563333333336,921.3212946666667,368.013324,-164.938534,675.2105395,153.87864,-5.098982,613.1369589999999,358.976115,-30.406708000000002,-70.42359799999997,-1.8695979999999963
-1.0853159999999997,921.4684133333334,368.05690200000004,-165.02530000000002,675.1954615,154.226493,-5.028635999999999,613.9268135,359.39829,-30.358866,-70.43648499999995,-1.6227799999999775
-1.0474439999999998,921.613104,368.09876499999996,-165.1117215,675.180132,154.56646849999998,-4.961797999999999,614.7054885,359.8099015,-30.313102,-70.44717100000003,-1.3773669999999925
-1.011513333333333,921.7553693333333,368.13892400000003,-165.197796,675.1646195000001,154.8985965,-4.898574999999999,615.4728445000001,360.21104,-30.269516,-70.45567500000004,-1.1332460000000424
-0.9774973333333336,921.8952136666667,368.1773933333333,-165.28351650000002,675.1489919999999,155.2229135,-4.839062500000001,616.2287575,360.601811,-30.228211,-70.46201900000005,-0.8903000000000247
-0.9453683333333336,922.03264,368.2141866666666,-165.3688715,675.1333139999999,155.5394605,-4.7833475,616.9731225,360.982331,-30.189289,-70.46622500000001,-0.6484080000000176
-0.9150966666666666,922.1676553333333,368.24932033333334,-165.4538445,675.11765,155.8482845,-4.7315005,617.7058515,361.352728,-30.152853,-70.46832100000006,-0.4074560000000247
-0.886651666666667,922.3002660000001,368.28281,-165.5384125,675.102059,156.1494395,-4.6835805,618.426874,361.7131445,-30.119004999999998,-70.46833599999991,-0.16732500000000528
-0.8600039999999997,922.4304793333334,368.3146733333333,-165.6225485,675.0865975,156.442985,-4.639632999999999,619.1361365,362.0637345,-30.087843999999997,-70.46630099999993,0.0720929999999953
-0.8351200000000002,922.5583036666667,368.34493000000003,-165.7062185,675.0713175,156.72898849999999,-4.599686,619.8336025000001,362.404664,-30.059468,-70.46225500000003,0.31090399999999363
-0.8119679999999997,922.6837489999999,368.37359833333335,-165.789383,675.056266,157.0075215,-4.563752,620.5192515,362.736112,-30.033966,-70.4562370000001,0.5492020000000366
-0.7905146666666667,922.8068243333333,368.40070033333336,-165.87199700000002,675.0414860000001,157.278663,-4.531828,621.1930765,363.058269,-30.011423999999998,-70.44828700000005,0.7870759999999564
-0.7707256666666668,922.9275416666666,368.42625666666663,-165.954008,675.0270135000001,157.5424995,-4.503892500000001,621.855086,363.3713355,-29.991921,-70.43845199999998,1.0245969999999716
-0.7525653333333336,923.045913,368.45029099999994,-166.0353605,675.0128804999999,157.799122,-4.479908,622.5053,363.675522,-29.975528,-70.426782,1.2618260000000419
-0.7359990000000005,923.1619503333333,368.472826,-166.1159895,674.9991124999999,158.048629,-4.459818,623.1437490000001,363.971049,-29.962304,-70.41332799999998,1.4988079999999968
-0.7209896666666668,923.2756673333333,368.4938873333333,-166.195829,674.985728,158.291124,-4.443548,623.7704755,364.25814449999996,-29.9523,-70.398147,1.735572999999988
-0.7075016666666661,923.3870786666666,368.51349966666663,-166.274803,674.9727395,158.5267165,-4.4310065000000005,624.3855265,364.537044,-29.945555000000002,-70.38129700000002,1.9721299999999928
-0.6954973333333333,923.496199,368.5316903333333,-166.3528345,674.9601540000001,158.755523,-4.4220835,624.988959,364.807988,-29.942097000000004,-70.36283800000001,2.208469999999977
-0.6849369999999997,923.6030436666666,368.5484853333333,-166.4298395,674.947971,158.977663,-4.416652,625.5808334999999,365.0712215,-29.941938,-70.34283300000004,2.4445690000000013
-0.6757846666666664,923.7076296666665,368.5639136666667,-166.5057315,674.9361835,159.1932615,-4.414568000000001,626.1612135,365.3269935,-29.94508,-70.32134699999995,2.6803770000000213
-0.6680000000000005,923.8099743333332,368.5780036666667,-166.5804195,674.9247785,159.4024485,-4.4156715,626.7301655,365.5755535,-29.951511,-70.2984469999999,2.9158310000000256
-0.6615436666666671,923.9100943333333,368.5907853333333,-166.65380900000002,674.9137370000001,159.60535850000002,-4.4197880000000005,627.2877565,365.817152,-29.961204000000002,-70.27419899999995,3.1508440000000064
-0.6563760000000004,924.008009,368.6022883333333,-166.72580449999998,674.9030319999999,159.80212799999998,-4.4267265,627.8340515,366.0520385,-29.974120999999997,-70.24866700000007,3.3853129999999965
-0.652456333333333,924.103737,368.6125446666667,-166.7963085,674.8926335,159.9928985,-4.436284499999999,628.3691145,366.2804595,-29.990206999999998,-70.22191899999996,3.619119000000012
-0.6497449999999999,924.1972976666666,368.62158500000004,-166.8652215,674.882504,160.1778125,-4.448247,628.8930065,366.5026575,-30.009398,-70.19401899999991,3.852123000000006
-0.6481999999999998,924.2887113333333,368.62944266666665,-166.932445,674.8726015,160.357015,-4.462388000000001,629.4057829999999,366.7188695,-30.031616,-70.16502600000001,4.084175000000016
-0.6477803333333337,924.3779973333334,368.63614966666665,-166.99788,674.8628785000001,160.530653,-4.478473999999999,629.9074965,366.929327,-30.056772000000002,-70.134999,4.315111999999999
-0.6484446666666663,924.4651776666666,368.641739,-167.06143,674.8532845,160.6988735,-4.496262,630.398194,367.1342505,-30.084768,-70.10399200000006,4.544758999999999
-0.6501506666666671,924.5502723333333,368.64624533333335,-167.1229995,674.8437650000001,160.861826,-4.5155045,630.8779155,367.33385499999997,-30.115493,-70.07205299999998,4.772934000000021
-0.6528560000000002,924.633304,368.64970300000004,-167.1824975,674.8342614999999,161.0196575,-4.535949,631.3466960000001,367.5283425,-30.148834,-70.03922599999999,4.999451000000022
-0.6565193333333333,924.714293,368.65214599999996,-167.23983700000002,674.8247145,161.172516,-4.557342,631.8045649999999,367.717904,-30.184664,-70.00554799999998,5.224118000000033
-0.6610970000000004,924.7932626666667,368.6536096666666,-167.294934,674.815061,161.3205475,-4.579428,632.2515475,367.90271900000005,-30.222856,-69.971049,5.446748000000014
-0.6665466666666665,924.8702346666665,368.6541296666667,-167.3477125,674.8052375,161.463897,-4.6019535,632.687662,368.082952,-30.263278999999997,-69.93575199999998,5.667149999999992
-0.6728256666666669,924.945231,368.65374133333336,-167.3981015,674.795181,161.6027075,-4.6246685,633.112925,368.2587565,-30.305795,-69.89967200000001,5.885144999999966
-0.6798913333333333,925.0182746666666,368.652481,-167.446038,674.784827,161.737119,-4.6473275,633.527349,368.4302685,-30.350267000000002,-69.86281399999996,6.100556999999981
-0.6877006666666663,925.0893886666667,368.65038366666664,-167.491468,674.7741145,161.8672695,-4.669691500000001,633.9309445,368.59761149999997,-30.396561000000002,-69.82518099999993,6.31322300000005
-0.6962100000000003,925.1585953333333,368.64748733333334,-167.53434499999997,674.7629810000001,161.993293,-4.691530499999999,634.3237234999999,368.76089249999995,-30.444539,-69.78676099999996,6.522992999999985
-0.7053773333333337,925.225918,368.6438273333333,-167.5746325,674.75137,162.115321,-4.712622499999999,634.7056984999999,368.9202045,-30.494067,-69.74754100000007,6.729731000000015
-0.7151596666666666,925.2913793333333,368.63944100000003,-167.612303,674.7392265,162.2334805,-4.7327595,635.0768834999999,369.075625,-30.545017,-69.70749699999999,6.933317999999986
-0.7255139999999999,925.3550033333335,368.634364,-167.647342,674.7264984999999,162.3478945,-4.751744499999999,635.4373005,369.227217,-30.597261,-69.66660100000001,7.133651999999984
-0.7363976666666666,925.4168133333334,368.6286336666667,-167.6797425,674.713141,162.458684,-4.769394500000001,635.786976,369.3750295,-30.650677,-69.624818,7.330652999999984
-0.7477689999999999,925.4768326666666,368.622287,-167.70951150000002,674.6991135000001,162.565963,-4.785542500000001,636.125947,369.519097,-30.705149,-69.58211200000005,7.524258000000032
-0.7595850000000001,925.535085,368.6153596666666,-167.736666,674.6843799999999,162.669844,-4.800036999999999,636.45426,369.659443,-30.760565999999997,-69.53844000000004,7.714426000000003
-0.7718046666666671,925.5915943333333,368.60788866666667,-167.761234,674.668913,162.7704335,-4.8127435,636.771975,369.79607550000003,-30.816823,-69.49376000000007,7.901137000000006
-0.7843853333333328,925.6463853333335,368.59990999999997,-167.783256,674.65269,162.86783450000001,-4.8235455,637.0791655,369.928996,-30.873819,-69.44803100000001,8.084389999999985
-0.7972866666666665,925.6994816666667,368.5914603333333,-167.802782,674.635698,162.96214550000002,-4.832343999999999,637.3759239999999,370.0581935,-30.931458,-69.4012100000001,8.264203000000009
-0.8104670000000004,925.7509083333334,368.58257533333335,-167.81987500000002,674.6179305,163.0534615,-4.839059499999999,637.6623575,370.1836495,-30.989651,-69.35326099999997,8.440612999999985
-0.8238869999999997,925.8006893333335,368.5732906666667,-167.8346065,674.599388,163.141874,-4.8436295000000005,637.9385955,370.30533849999995,-31.048311,-69.30414900000005,8.613673000000006
-0.8375056666666666,925.8488506666666,368.56364133333335,-167.8470595,674.580082,163.22746949999998,-4.846012,638.204786,370.4232295,-31.107356,-69.25384800000006,8.783451000000014
-0.8512843333333328,925.8954166666666,368.55366266666664,-167.857325,674.560029,163.310332,-4.846183,638.461101,370.537288,-31.166708,-69.20234000000005,8.95002999999997
-0.8651836666666665,925.9404129999999,368.5433893333333,-167.8655045,674.5392565,163.390543,-4.844136,638.7077320000001,370.647477,-31.226286,-69.14961400000004,9.113499999999988
-0.8791653333333335,925.9838656666667,368.5328546666667,-167.87170600000002,674.517798,163.46817800000002,-4.839884,638.9448955,370.75376,-31.286016,-69.09567300000003,9.273961999999983
-0.8931916666666672,926.0258006666667,368.52209266666665,-167.87604549999998,674.4956975,163.543313,-4.833455,639.172829,370.8561005,-31.345819999999996,-69.04052999999999,9.431519000000037
-0.907226,926.066244,368.5111356666667,-167.8786445,674.473004,163.6160185,-4.824894999999999,639.391794,370.954465,-31.405622,-68.98421400000007,9.58628200000004
-0.9212316666666668,926.1052226666667,368.500017,-167.87963000000002,674.4497759999999,163.6863655,-4.814265,639.6020725000001,371.0488265,-31.465342,-68.92676500000005,9.738359000000003
-0.9351730000000001,926.142763,368.488767,-167.87913350000002,674.4260785,163.7544205,-4.8016404999999995,639.803969,371.1391605,-31.524897,-68.8682379999999,9.887855000000002
-0.9490153333333332,926.1788923333334,368.47741700000006,-167.87728850000002,674.4019820000001,163.82025,-4.7871115,639.9978054999999,371.225454,-31.584205,-68.80870700000003,10.034874000000002
-0.9627246666666668,926.2136376666667,368.465997,-167.874232,674.3775639999999,163.883917,-4.770777999999999,640.1839239999999,371.3077005,-31.643175999999997,-68.74825999999996,10.179507000000001
-0.9762676666666664,926.247027,368.4545366666666,-167.87010099999998,674.3529075,163.945485,-4.752752499999999,640.3626815,371.38590350000004,-31.701718999999997,-68.68699700000002,10.321841000000006
-0.9896123333333332,926.2790876666667,368.44306400000005,-167.865031,674.3280995,164.0050145,-4.733156,640.534449,371.4600805,-31.759738,-68.6250399999999,10.461949000000004
-1.002726666666667,926.3098476666668,368.4316063333333,-167.8591595,674.3032304999999,164.0625675,-4.712117999999999,640.6996105000001,371.530257,-31.817127999999997,-68.56251899999995,10.59988999999996
-1.0155809999999998,926.339335,368.4201903333333,-167.852618,674.2783945,164.1182035,-4.689773999999999,640.8585555,371.596476,-31.873787999999998,-68.49958300000003,10.735712000000035
-1.028145333333333,926.3675786666666,368.40884200000005,-167.8455365,674.2536875000001,164.17198050000002,-4.666264999999999,641.0116845,371.6587905,-31.929606,-68.43639099999996,10.86944299999999
-1.0403919999999998,926.394606,368.397585,-167.8380405,674.2292075,164.22395849999998,-4.641735000000001,641.159396,371.717269,-31.98447,-68.37311599999998,11.001098000000013
-1.052292333333333,926.4204456666666,368.386444,-167.8302495,674.205052,164.27419600000002,-4.6163289999999995,641.3020925,371.7719945,-32.038264,-68.30993699999999,11.130674999999997
-1.0638213333333333,926.445127,368.37544133333336,-167.82227699999999,674.1813185,164.3227505,-4.590193500000001,641.4401735,371.8230635,-32.090869,-68.24704700000007,11.258152999999993
-1.0749523333333333,926.4686776666667,368.36459799999994,-167.8142295,674.1581034999999,164.3696815,-4.563473,641.5740295,371.8705855,-32.142168,-68.18464099999994,11.383497000000034
-1.0856626666666662,926.4911273333333,368.353934,-167.80620549999998,674.1355014999999,164.41504550000002,-4.53631,641.704045,371.914685,-32.192042,-68.1229219999999,11.506658000000016
-1.0959286666666663,926.5125033333334,368.34346966666664,-167.7982955,674.113603,164.4589015,-4.508843,641.8305925,371.9554985,-32.240372,-68.062093,11.627565000000004
-1.1057283333333334,926.5328356666668,368.3332226666667,-167.790582,674.092496,164.5013065,-4.4812045,641.9540285,371.9931735,-32.287045,-68.00235899999996,11.746143000000018
-1.1150413333333338,926.5521520000001,368.3232103333333,-167.78313550000001,674.0722635,164.5423195,-4.453522499999999,642.074693,372.027871,-32.331949,-67.94392200000004,11.86229800000001
-1.1238486666666663,926.5704810000001,368.3134483333333,-167.77602000000002,674.0529835,164.5819975,-4.425916000000001,642.192906,372.059759,-32.37498,-67.88698399999998,11.975930000000005
-1.1321316666666668,926.5878509999999,368.30395200000004,-167.76928700000002,674.0347275,164.620398,-4.398496499999999,642.308966,372.08901549999996,-32.416039,-67.83173199999999,12.086928999999998
-1.1398736666666662,926.6042899999999,368.29473466666667,-167.762981,674.01756,164.657579,-4.371366500000001,642.423147,372.115825,-32.455033,-67.77835600000003,12.195179999999993
-1.1470596666666664,926.6198260000001,368.28580933333336,-167.7571345,674.001541,164.6935965,-4.344619499999999,642.5356975,372.140379,-32.491884999999996,-67.72702500000003,12.300564000000008
-1.1536753333333334,926.6344866666667,368.277188,-167.75177,673.9867205,164.72850849999998,-4.3183365,642.646839,372.162871,-32.526523,-67.6779039999999,12.402958000000012
-1.1597069999999998,926.6482996666667,368.26888099999996,-167.7469025,673.9731415,164.7623695,-4.292590999999999,642.7567644999999,372.183499,-32.558886,-67.63113899999996,12.502246000000014
-1.1651440000000004,926.6612913333333,368.260898,-167.742535,673.9608384999999,164.795235,-4.2674449999999995,642.8656385,372.20245950000003,-32.588932,-67.586861,12.598309000000029
-1.1699763333333335,926.6734886666667,368.2532473333333,-167.738664,673.9498375000001,164.827161,-4.242948500000001,642.9735955,372.21995000000004,-32.616627,-67.54518499999995,12.691035999999997
-1.1741946666666667,926.6849183333334,368.2459366666667,-167.735276,673.9401565000001,164.8581995,-4.2191425,643.080739,372.23616400000003,-32.641951,-67.50620400000003,12.780324000000007
-1.1777923333333336,926.6956053333333,368.2389726666667,-167.73235,673.9318035,164.888405,-4.1960560000000005,643.1871444999999,372.251292,-32.664902,-67.46999700000003,12.86608000000001
-1.1807623333333337,926.7055756666667,368.23236033333336,-167.729859,673.924779,164.9178275,-4.1737085,643.292856,372.265517,-32.685491,-67.43661599999996,12.948221999999987
-1.1831016666666665,926.7148543333333,368.226105,-167.7277675,673.919073,164.946518,-4.1521099999999995,643.3978910000001,372.27901599999996,-32.703742,-67.40609600000005,13.026679999999999
-1.184806,926.7234643333333,368.2202096666667,-167.726035,673.9146695,164.9745255,-4.1312595000000005,643.5022365,372.29195649999997,-32.719697,-67.37844700000005,13.101400999999953
-1.185874,926.7314306666667,368.214677,-167.7246155,673.9115405,165.00189699999999,-4.111150000000001,643.6058535,372.3044965,-32.73341,-67.353659,13.172347000000002
-1.186305666666667,926.7387756666667,368.20950833333336,-167.72346,673.9096529999999,165.0286785,-4.0917635,643.708678,372.316782,-32.744951,-67.33170200000006,13.239496000000031
-1.186101333333333,926.7455216666667,368.20470500000005,-167.722513,673.908964,165.0549145,-4.073075500000001,643.8106204999999,372.328946,-32.754399,-67.31252099999995,13.302845999999988
-1.1852643333333333,926.75169,368.200267,-167.7217195,673.909424,165.0806465,-4.0550545,643.9115695,372.3411105,-32.761849,-67.29604099999995,13.362411000000009
-1.1837973333333336,926.7573023333334,368.19619300000005,-167.7210205,673.910975,165.10591649999998,-4.037662999999999,644.011394,372.353381,-32.767406,-67.28216799999996,13.41822400000001
-1.1817066666666667,926.7623783333333,368.19248100000004,-167.7203555,673.9135545,165.1307635,-4.0208575,644.1099425,372.36585,-32.771185,-67.27078699999993,13.470338000000027
-1.178998,926.7669383333333,368.1891293333333,-167.7196645,673.9170919999999,165.155223,-4.004590499999999,644.2070475,372.3785945,-32.773311,-67.26176700000008,13.518821000000003
-1.1756793333333333,926.7710000000001,368.18613366666665,-167.718888,673.921512,165.179331,-3.9888105000000005,644.302527,372.3916765,-32.773915,-67.2549580000001,13.563759000000005
-1.1717596666666663,926.7745823333333,368.1834906666667,-167.717966,673.9267345000001,165.2031215,-3.9734605000000007,644.3961875,372.40514199999996,-32.773137,-67.25019700000007,13.605257999999992
-1.1672493333333334,926.7777023333333,368.1811956666666,-167.7168415,673.9326725000001,165.2266245,-3.9584840000000012,644.487825,372.41902300000004,-32.771116,-67.24730399999999,13.643436000000008
-1.1621596666666674,926.7803763333333,368.1792423333333,-167.715458,673.939239,165.2498695,-3.9438195,644.577227,372.4333365,-32.768003,-67.24609200000009,13.678425000000004
-1.1565033333333332,926.7826220000001,368.177626,-167.7137635,673.9463405,165.272885,-3.9294069999999994,644.6641775,372.448084,-32.763943999999995,-67.2463590000001,13.710374000000002
-1.150294,926.7844526666667,368.17633866666665,-167.711707,673.9538825,165.2956965,-3.9151834999999995,644.7484549999999,372.463254,-32.759089,-67.24789799999996,13.739440000000002
-1.1435463333333338,926.7858836666668,368.175374,-167.7092435,673.9617675,165.318328,-3.9010854999999998,644.8298405,372.4788225,-32.753586999999996,-67.250495,13.765792999999974
-1.1362766666666666,926.7869296666668,368.17472433333336,-167.70632999999998,673.9698989999999,165.340802,-3.8870509999999996,644.9081125,372.494752,-32.747586,-67.25393099999997,13.789608000000044
-1.128500333333333,926.7876033333332,368.1743813333333,-167.70292849999998,673.9781765,165.363139,-3.8730174999999996,644.9830565,372.51099450000004,-32.741231,-67.25798499999996,13.811071000000027
-1.1202366666666663,926.787918,368.17433600000004,-167.6990055,673.9865024999999,165.385358,-3.858923999999999,645.0544600000001,372.527492,-32.734662,-67.26243800000009,13.830370000000016
-1.1115036666666667,926.7878856666666,368.17458000000005,-167.6945325,673.994778,165.407477,-3.8447109999999993,645.1221215,372.54417750000005,-32.728016,-67.26707099999999,13.847696999999982
-1.1023196666666664,926.7875176666666,368.175104,-167.6894845,674.0029055,165.4295125,-3.8303190000000003,645.1858475,372.560975,-32.721422000000004,-67.27166899999997,13.863247999999999
-1.0927056666666666,926.786826,368.1758973333333,-167.6838435,674.0107915,165.451478,-3.815692500000001,645.245453,372.5778035,-32.715007,-67.27602200000001,13.877214999999978
-1.0826830000000003,926.7858216666667,368.17695066666664,-167.677595,674.0183414999999,165.4733875,-3.8007775000000006,645.3007695,372.5945755,-32.708887000000004,-67.27993100000003,13.889792999999997
-1.0722716666666665,926.7845143333334,368.178254,-167.6707295,674.0254665,165.495253,-3.785522499999999,645.3516395,372.6112,-32.703173,-67.28320099999996,13.901171999999974
-1.0614940000000004,926.7829143333333,368.17979666666673,-167.66324300000002,674.03208,165.517086,-3.7698789999999995,645.3979214999999,372.62758399999996,-32.69797,-67.28565300000002,13.911536000000012
-1.0503726666666668,926.7810316666665,368.18156799999997,-167.655136,674.038098,165.538895,-3.7538,645.43949,372.64363149999997,-32.693372,-67.28711799999996,13.92106700000005
-1.0389303333333337,926.7788756666665,368.1835573333333,-167.6464135,674.0434425,165.56068900000002,-3.7372445,645.4762375,372.6592485,-32.689469,-67.28744099999994,13.929936999999995
-1.0271903333333336,926.7764549999998,368.18575366666664,-167.637085,674.0480405,165.5824755,-3.720172,645.508072,372.67434049999997,-32.686341999999996,-67.28648399999997,13.93831300000005
-1.0151763333333335,926.7737783333333,368.188146,-167.627165,674.051823,165.6042595,-3.7025485000000007,645.5349205,372.68881650000003,-32.684065000000004,-67.28412099999991,13.946348999999998
-1.0029123333333334,926.7708553333333,368.1907233333333,-167.6166715,674.0547265,165.62604549999998,-3.684342000000001,645.556728,372.702588,-32.682704,-67.28025000000002,13.954196000000024
-0.9904216666666663,926.7676933333332,368.19347500000003,-167.605627,674.0566945,165.6478375,-3.6655255,645.5734580000001,372.715572,-32.682319,-67.27478200000007,13.96198800000002
-0.9777290000000001,926.764301,368.19639,-167.59405650000002,674.0576755,165.669636,-3.6460755000000002,645.585091,372.72769000000005,-32.682964999999996,-67.26764800000001,13.969852000000003
-0.9648589999999997,926.7606853333333,368.19945633333333,-167.58199000000002,674.0576245,165.691442,-3.625975499999999,645.5916235,372.738871,-32.684689,-67.25880100000006,13.977902000000029
-0.9518353333333339,926.7568550000001,368.20266366666664,-167.5694595,674.0565045000001,165.713253,-3.6052115000000002,645.59307,372.74905049999995,-32.687533,-67.24821199999997,13.986243000000002
-0.9386823333333334,926.752817,368.2060013333333,-167.5565015,674.054284,165.735066,-3.5837770000000004,645.5894585000001,372.7581715,-32.691536,-67.23587299999997,13.994962999999984
-0.9254246666666667,926.7485786666666,368.2094573333334,-167.5431535,674.0509385,165.7568755,-3.5616699999999994,645.580833,372.7661865,-32.696728,-67.22179800000004,14.00413900000001
-0.9120859999999998,926.744147,368.21302166666663,-167.52945799999998,674.0464525,165.7786725,-3.5388959999999994,645.5672465,372.7730575,-32.703137999999996,-67.20601699999997,14.013836999999967
-0.8986913333333332,926.7395286666666,368.2166833333333,-167.515456,674.040816,165.8004475,-3.5154644999999993,645.5487645000001,372.77875400000005,-32.710789,-67.18858699999998,14.024108000000012
-0.8852636666666666,926.7347303333332,368.22043133333335,-167.501194,674.034028,165.82218849999998,-3.4913954999999994,645.525459,372.7832565,-32.719701,-67.16958,14.034988999999996
-0.8718269999999997,926.7297583333334,368.2242556666667,-167.486719,674.0260940000001,165.843878,-3.4667139999999996,645.4974075,372.786556,-32.72989,-67.149093,14.046501999999975
-0.8584046666666664,926.7246186666666,368.2281443333333,-167.4720785,674.017028,165.865498,-3.441453,645.464691,372.7886525,-32.741368,-67.12723400000004,14.058656999999982
-0.8450196666666668,926.719316,368.23208800000003,-167.45732249999998,674.0068515,165.887026,-3.415654999999999,645.4273885,372.7895565,-32.754144,-67.10413900000003,14.071447000000035
-0.8316950000000002,926.7138570000001,368.23607633333336,-167.4425025,673.9955935,165.908437,-3.389370500000001,645.385578,372.7892885,-32.768223,-67.07995600000004,14.084846999999968
-0.8184529999999995,926.7082453333334,368.2400973333333,-167.42766949999998,673.983291,165.9296995,-3.3626595000000004,645.339328,372.787879,-32.783605,-67.05485199999998,14.09881999999999
-0.8053156666666667,926.702486,368.2441426666667,-167.41287549999998,673.9699880000001,165.9507805,-3.3355930000000003,645.2886985,372.785367,-32.800288,-67.02900700000009,14.11330799999996
-0.7923050000000001,926.6965833333334,368.2482013333333,-167.39817299999999,673.9557365000001,165.971641,-3.3082505000000006,645.2337335,372.78180299999997,-32.818265000000004,-67.00262099999998,14.128235999999958
-0.7794419999999999,926.6905406666666,368.252263,-167.383614,673.9405975,165.99223899999998,-3.280723,645.17446,372.777244,-32.837524,-66.97590200000002,14.143511999999987
-0.7667473333333333,926.684361,368.2563176666667,-167.36925000000002,673.924636,166.01252549999998,-3.2531125000000003,645.1108815,372.771755,-32.858049,-66.949071,14.159019999999998
-0.7542420000000005,926.678046,368.26035533333334,-167.355133,673.9079274999999,166.032447,-3.2255320000000003,645.0429750000001,372.76540950000003,-32.879818,-66.92235999999991,14.174627000000044
-0.7419453333333331,926.6715989999999,368.2643666666666,-167.341314,673.8905525,166.0519455,-3.198107499999999,644.9706874999999,372.758288,-32.902803,-66.89600899999994,14.190174000000013
-0.7298769999999998,926.6650206666667,368.2683416666667,-167.32784099999998,673.872599,166.0709565,-3.170975000000001,644.89393,372.750475,-32.926972,-66.87026400000002,14.205483999999956
-0.7180560000000004,926.6583119999999,368.2722703333334,-167.314764,673.8541615,166.0894085,-3.144285,644.8125745,372.7420615,-32.952286,-66.84537499999999,14.220350999999994
-0.7065003333333332,926.6514716666667,368.276144,-167.30212799999998,673.8353414999999,166.1072255,-3.1181975,644.726449,372.73314,-32.978699,-66.821596,14.234546000000023
-0.6952290000000003,926.6445003333333,368.2799526666666,-167.28997850000002,673.816246,166.1243245,-3.092887,644.6353345,372.72380699999997,-33.006158,-66.79918100000009,14.247814000000005
-0.6842586666666666,926.6373960000001,368.2836873333333,-167.278358,673.7969885,166.140616,-3.0685375000000006,644.5389594999999,372.714159,-33.034605,-66.77837899999997,14.259873999999968
-0.6736063333333334,926.6301559999998,368.2873386666667,-167.26730600000002,673.7776875,166.156004,-3.0453470000000005,644.436999,372.704292,-33.063974,-66.75944200000004,14.270414000000017
-0.6632893333333332,926.6227773333334,368.2908976666667,-167.25686050000002,673.7584664999999,166.170386,-3.0235234999999996,644.3290665,372.6943,-33.094195,-66.74260900000002,14.279097999999976
-0.6533223333333332,926.6152553333335,368.29435600000005,-167.2470555,673.739454,166.1836515,-3.0032875000000008,644.214717,372.6842725,-33.125187,-66.728116,14.285558999999978
-0.6437220000000003,926.6075846666666,368.2977036666667,-167.237922,673.7207845,166.1956835,-2.9848675,644.0934385,372.674293,-33.156867,-66.716185,14.289401999999995
-0.6345023333333332,926.5997590000001,368.300933,-167.229488,673.702595,166.20636000000002,-2.9685034999999997,643.964654,372.664437,-33.189144999999996,-66.70702800000004,14.290201999999965
-0.6256789999999999,926.5917716666667,368.30403499999994,-167.221778,673.6850274999999,166.215548,-2.9544445,643.8277155000001,372.6547715,-33.221925,-66.70084299999996,14.287509
-0.6172656666666665,926.5836126666667,368.30700166666674,-167.214812,673.6682255000001,166.22311100000002,-2.9429479999999995,643.681906,372.6453485,-33.25511,-66.69781,14.280839000000014
-0.6092756666666664,926.5752736666667,368.30982466666666,-167.208606,673.652338,166.2289045,-2.9342770000000007,643.526439,372.6362075,-33.288596,-66.69809399999997,14.269688999999971
-0.6017223333333334,926.5667426666668,368.3124943333333,-167.203173,673.637514,166.2327765,-2.928702500000001,643.360454,372.6273695,-33.322279,-66.70183799999995,14.253522999999973
-0.5946186666666667,926.558008,368.3150043333333,-167.19851999999997,673.6239049999999,166.23456850000002,-2.9265,643.183021,372.618836,-33.356052,-66.70916599999998,14.231784000000005
-0.5879763333333331,926.5490553333334,368.317346,-167.1946515,673.6116655000001,166.234117,-2.9279494999999995,642.9931395000001,372.6105885,-33.389807,-66.72017900000003,14.203890999999999
-0.5818079999999997,926.53987,368.31951166666664,-167.19156500000003,673.6009485,166.2312485,-2.933333499999999,642.789741,372.60258150000004,-33.423441,-66.734958,14.169241
-0.5761249999999999,926.5304353333335,368.32149266666664,-167.189256,673.5919085,166.225787,-2.9429369999999997,642.5716890000001,372.5947435,-33.456846,-66.753556,14.127214999999978
-0.5709376666666666,926.520733,368.32328233333334,-167.187714,673.5846994999999,166.21754850000002,-2.9570454999999995,642.3377855,372.5869725,-33.489925,-66.77600499999994,14.077175000000011
-0.5662579999999998,926.5107443333333,368.3248716666667,-167.186924,673.5794745000001,166.2063435,-2.975941999999999,642.08677,372.579135,-33.52258,-66.80231200000003,14.01846999999998
-0.5620949999999999,926.5004479999999,368.3262536666666,-167.1868665,673.5763830000001,166.191977,-2.9999114999999996,641.817327,372.571063,-33.554721,-66.83245799999997,13.95043800000002
-0.5584599999999998,926.4898216666667,368.32742099999996,-167.1875175,673.5755765,166.1742505,-3.0292329999999996,641.5280889999999,372.562551,-33.586265999999995,-66.8664,13.872411999999997
-0.5553616666666666,926.4788416666667,368.3283656666667,-167.188848,673.5771995,166.1529585,-3.0641820000000006,641.2176420000001,372.553354,-33.617138,-66.90406999999993,13.783718000000022
-0.5528106666666671,926.4674813333335,368.32908,-167.19082550000002,673.5813955,166.127893,-3.1050299999999993,640.8845295,372.543186,-33.647276,-66.94537700000001,13.683683999999971
-0.550815,926.4557146666666,368.32955599999997,-167.1934115,673.5883015,166.0988415,-3.1520410000000005,640.5272620000001,372.5317175,-33.676622,-66.99020400000006,13.57163700000001
-0.5493839999999999,926.4435126666667,368.32978699999995,-167.1965645,673.5980515,166.065588,-3.2054719999999994,640.1443200000001,372.5185735,-33.705135999999996,-67.038412,13.44691499999999
-0.5485259999999995,926.4308456666668,368.3297646666667,-167.20023750000001,673.6107735,166.027914,-3.265574,639.7341625,372.503334,-33.732788,-67.08983899999998,13.308865999999966
-0.5482496666666666,926.4176806666668,368.3294813333334,-167.204381,673.626589,165.9856005,-3.3325855000000004,639.2952335,372.48552700000005,-33.759563,-67.14430100000004,13.156852000000015
-0.548563666666667,926.4039859999999,368.3289296666667,-167.208939,673.6456115,165.938423,-3.406737999999999,638.8259680000001,372.46463500000004,-33.785461999999995,-67.201594,12.990253999999993
-0.5494750000000002,926.389726,368.328101,-167.213853,673.6679495000001,165.88616000000002,-3.488252,638.324803,372.440089,-33.810498,-67.26149199999998,12.808476000000041
-0.5509923333333333,926.3748653333333,368.32698800000003,-167.219062,673.693701,165.8285875,-3.577336,637.7901804999999,372.4112695,-33.834704,-67.32375300000001,12.61094700000001
-0.5531219999999998,926.359366,368.32558266666666,-167.22449699999999,673.7229554999999,165.765482,-3.674188000000001,637.2205575,372.37750600000004,-33.858128,-67.38811099999998,12.39712800000001
-0.555872666666667,926.3431896666666,368.3238763333333,-167.23009000000002,673.755794,165.6966235,-3.7789930000000007,636.614413,372.3380765,-33.880836,-67.45428800000002,12.166511000000014
-0.5592513333333331,926.3262953333333,368.3218616666666,-167.235766,673.7922865,165.62179,-3.8919239999999995,635.9702560000001,372.2922095,-33.902912,-67.52198600000008,11.91862900000001
-0.5632646666666666,926.3086426666665,368.3195293333333,-167.241447,673.8324935,165.54076500000002,-4.013141,635.2866305,372.239083,-33.924456,-67.59089300000005,11.653052000000002
-0.5679196666666666,926.2901876666666,368.31687166666666,-167.247053,673.8764630000001,165.453335,-4.1427915,634.5621229999999,372.17782550000004,-33.945589,-67.66068000000007,11.369394999999997
-0.5732243333333331,926.2708876666666,368.31387966666665,-167.2524995,673.924233,165.35929,-4.281008000000001,633.795372,372.1075195,-33.96645,-67.73100199999999,11.067318999999998
-0.5791840000000003,926.2506970000001,368.3105443333334,-167.2576985,673.9758285,165.258426,-4.427912,632.98507,372.0272,-33.987192,-67.80150399999991,10.746533999999997
-0.5858059999999995,926.2295703333334,368.30685700000004,-167.262559,674.031262,165.1505435,-4.583611,632.1299735,371.9358595,-34.00799,-67.87181299999997,10.406798999999978
-0.5930970000000005,926.20746,368.3028080000001,-167.26698549999998,674.090533,165.0354505,-4.748197500000001,631.2289049999999,371.8324465,-34.029037,-67.9415459999999,10.047926999999959
-0.6010633333333333,926.1843196666665,368.29838866666665,-167.270881,674.1536295000001,164.912964,-4.9217545,630.280761,371.715873,-34.050539,-68.01030600000001,9.669785999999988
-0.6097113333333333,926.1601,368.29358933333333,-167.27414399999998,674.2205255,164.7829065,-5.1043495,629.284515,371.585013,-34.072722999999996,-68.07768399999998,9.272295999999983
-0.6190470000000005,926.1347523333334,368.28839966666663,-167.27666950000003,674.291179,164.64511149999998,-5.2960395,628.2392235,371.438708,-34.095829,-68.14325699999995,8.855435999999997
-0.6290766666666666,926.1082263333334,368.2828103333333,-167.278351,674.3655385,164.4994225,-5.4968675000000005,627.144029,371.27577099999996,-34.120111,-68.206594,8.419241999999997
-0.6398066666666669,926.080473,368.276811,-167.2790775,674.4435364999999,164.345691,-5.706867999999999,625.9981640000001,371.094989,-34.145838,-68.26724999999999,7.963801999999987
-0.651242666666667,926.051442,368.2703916666667,-167.278733,674.525091,164.1837835,-5.926063499999999,624.8009545,370.895126,-34.173293,-68.32477100000006,7.4892639999999915
-0.6633906666666668,926.0210823333333,368.26354066666664,-167.277202,674.6101074999999,164.013576,-6.154466000000001,623.5518205000001,370.67493049999996,-34.202766,-68.378693,6.995829000000015
-0.6762563333333332,925.989344,368.25624799999997,-167.274363,674.6984775000001,163.8349575,-6.392079999999999,622.2502825,370.433137,-34.234562,-68.428539,6.483751999999981
-0.6898453333333334,925.9561763333335,368.24850266666664,-167.27009249999998,674.7900790000001,163.64783,-6.638901500000001,620.8959595,370.168471,-34.268989000000005,-68.47383100000002,5.9533440000000155
-0.7041629999999998,925.9215296666666,368.2402933333333,-167.26426400000003,674.884777,163.4521095,-6.894919,619.4885750000001,369.8796565,-34.306364,-68.51407600000005,5.404963000000009
-0.7192153333333332,925.8853533333332,368.2316083333333,-167.25674800000002,674.9824215000001,163.247725,-7.160114500000001,618.0279515,369.56541649999997,-34.347007000000005,-68.54877699999997,4.839014999999961
-0.7350070000000001,925.847598,368.2224363333333,-167.2474105,675.082852,163.03462000000002,-7.4344665,616.5140205,369.2244825,-34.391241,-68.57743099999993,4.2559570000000235
-0.7515430000000002,925.8082156666666,368.2127646666667,-167.23611849999998,675.1858945,162.8127535,-7.717949999999999,614.946815,368.8555955,-34.439388,-68.59953399999995,3.6562870000000203
-0.7688286666666663,925.7671576666667,368.20258200000006,-167.2227325,675.2913619999999,162.582098,-8.010535,613.3264745,368.45751299999995,-34.491768,-68.61457300000006,3.0405440000000112
-0.7868683333333332,925.7243766666667,368.1918763333333,-167.2071125,675.3990575,162.3426415,-8.312193,611.6532445,368.0290155,-34.548698,-68.62203899999997,2.4093050000000176
-0.8056673333333336,925.6798266666666,368.18063466666666,-167.189117,675.5087719999999,162.09438749999998,-8.622893000000001,609.9274745,367.5689095,-34.610484,-68.62142300000005,1.7631829999999695
-0.8252293333333333,925.6334626666667,368.168845,-167.1686005,675.620286,161.8373525,-8.942605499999999,608.149619,367.076032,-34.677427,-68.61221799999998,1.1028199999999515
-0.8455593333333334,925.5852396666666,368.1564943333333,-167.145417,675.7333685000001,161.571569,-9.271304,606.320237,366.5492565,-34.749812,-68.59392000000003,0.42889100000002145
-0.8666606666666666,925.5351156666666,368.1435706666667,-167.11942,675.847782,161.29708449999998,-9.608964,604.4399915,365.9874985,-34.827914,-68.56603700000005,-0.2579109999999787
-0.8885366666666666,925.4830483333334,368.1300613333333,-167.0904595,675.963278,161.013959,-9.955565499999999,602.509645,365.3897185,-34.911985,-68.52808000000005,-0.9568669999999884
-0.9111923333333337,925.4289986666666,368.1159533333334,-167.05838699999998,676.0796,160.722269,-10.3110925,600.530062,364.754927,-35.002265,-68.47957800000006,-1.6672399999999925
-0.9346296666666664,925.3729266666666,368.10123433333337,-167.023052,676.1964855000001,160.422102,-10.675535,598.502206,364.082188,-35.098968,-68.42007199999989,-2.388282000000004
-0.9588519999999997,925.3147973333333,368.085892,-166.984305,676.313665,160.113561,-11.048888000000002,596.4271369999999,363.37062349999997,-35.202284,-68.34911799999998,-3.1192309999999566
-0.983862666666667,925.254573,368.0699136666667,-166.94199650000002,676.4308625,159.79676,-11.4311545,594.30601,362.6194185,-35.312381,-68.26629200000002,-3.8593190000000277
-1.0096636666666672,925.1922216666667,368.0532866666667,-166.89597700000002,676.5477985,159.4718245,-11.8223425,592.1400705000001,361.827821,-35.429397,-68.17119300000002,-4.607772000000011
-1.0362566666666666,925.1277106666666,368.035999,-166.84610049999998,676.66419,159.1388945,-12.222466,589.9306570000001,360.99514650000003,-35.553444,-68.063444,-5.363816999999983
-1.063644666666667,925.0610109999999,368.018038,-166.79222,676.779749,158.7981165,-12.631546,587.6791920000001,360.12078299999996,-35.6846,-67.94269199999997,-6.126678000000027
-1.0918286666666663,924.9920933333333,367.99939266666667,-166.734192,676.894188,158.4496515,-13.049609499999999,585.3871819999999,359.2041885,-35.822915,-67.80861199999993,-6.895588999999973
-1.1208099999999999,924.9209326666665,367.98005033333334,-166.6718765,677.0072164999999,158.09366649999998,-13.476685999999999,583.0562145,358.2448975,-35.968408,-67.66091299999994,-7.66978499999999
-1.1505896666666666,924.847504,367.96000000000004,-166.605135,677.1185455,157.7303395,-13.912812500000001,580.6879515,357.24252049999996,-36.121063,-67.4993310000001,-8.448512999999991
-1.1811683333333332,924.771787,367.93923033333334,-166.53383200000002,677.2278875,157.3598565,-14.358026500000001,578.2841285,356.1967445,-36.280833,-67.32363900000007,-9.231030999999973
-1.2125463333333328,924.6937596666667,367.9177296666667,-166.457839,677.3349545,156.9824085,-14.812368,575.8465495,355.10733500000003,-36.447638,-67.13363900000002,-10.016607999999962
-1.2447236666666666,924.6134053333334,367.89548799999994,-166.3770275,677.4394635,156.598198,-15.275877000000001,573.37708,353.974136,-36.621368000000004,-66.92917599999998,-10.804531999999995
-1.2776996666666662,924.5307086666667,367.87249533333335,-166.291279,677.5411355,156.207428,-15.748592000000002,570.877646,352.7970715,-36.801878,-66.71012399999995,-11.594103000000018
-1.311474333333333,924.4456566666667,367.84874066666663,-166.20047499999998,677.639696,155.810311,-16.2305485,568.3502255000001,351.576143,-36.988997000000005,-66.47639700000002,-12.38463999999999
-1.3460463333333337,924.3582373333334,367.8242149999999,-166.10450550000002,677.7348764999999,155.4070625,-16.7217765,565.796846,350.31142950000003,-37.182522999999996,-66.22794399999998,-13.175483000000042
-1.3814146666666673,924.2684436666667,367.7989089999999,-166.0032655,677.8264160000001,154.9979025,-17.222299500000002,563.2195765,349.0030885,-37.382225,-65.96475299999997,-13.965991000000031
-1.417577666666667,924.1762673333333,367.77281366666665,-165.896655,677.9140595,154.583055,-17.7321305,560.6205239999999,347.651352,-37.587849,-65.68684599999995,-14.755542000000048
-1.4545336666666664,924.0817053333334,367.745921,-165.7845825,677.9975635000001,154.1627465,-18.251272,558.0018259999999,346.256529,-37.799116,-65.3942800000001,-15.543538000000012
-1.4922800000000003,923.9847556666667,367.71822233333336,-165.66696000000002,678.076691,153.73720600000001,-18.7797115,555.3656465,344.8189975,-38.015724999999996,-65.08714899999995,-16.32940100000002
-1.5308149999999998,923.8854190000001,367.68971133333326,-165.543708,678.1512185,153.3066645,-19.317422500000003,552.7141655,343.339209,-38.237355,-64.765579,-17.11257599999999
-1.5701349999999998,923.7836976666667,367.6603803333333,-165.41475200000002,678.22093,152.8713545,-19.864359,550.0495785,341.817682,-38.463672,-64.42972700000007,-17.892532000000017
-1.6102379999999996,923.679597,367.63022333333333,-165.28002550000002,678.2856240000001,152.43151,-20.4204555,547.3740875000001,340.2550015,-38.694323000000004,-64.07978500000002,-18.668757000000028
-1.6511206666666662,923.573125,367.59923366666663,-165.13946700000002,678.3451090000001,151.9873665,-20.985624,544.689892,338.65181600000005,-38.928945999999996,-63.71596999999997,-19.440764
-1.692779333333333,923.4642906666667,367.567407,-164.9930225,678.3992095,151.5391575,-21.559753,541.999188,337.008833,-39.16717,-63.338528,-20.208086000000037
-1.7352106666666665,923.3531056666667,367.5347376666667,-164.8406425,678.4477595000001,151.0871195,-22.142705,539.3041575,335.3268195,-39.408618000000004,-62.94773299999997,-20.970279000000005
-1.7784103333333334,923.2395849999999,367.5012223333333,-164.68228449999998,678.490609,150.6314865,-22.7343155,536.606966,333.60659350000003,-39.652907,-62.54387800000001,-21.72691900000001
-1.8223753333333335,923.123744,367.46685700000006,-164.51791250000002,678.5276220000001,150.1724945,-23.3343915,533.9097515,331.849027,-39.899657,-62.12728499999997,-22.47760199999999
-1.867101333333333,923.0056013333333,367.431638,-164.34749499999998,678.5586765,149.710377,-23.942709,531.214625,330.055038,-40.148488,-61.69828799999999,-23.221946000000003
-1.9125829999999997,922.885178,367.3955633333333,-164.17100449999998,678.5836650000001,149.2453675,-24.5590155,528.523659,328.22558849999996,-40.399023,-61.257248000000004,-23.95958300000001
-1.9588173333333334,922.7624959999999,367.35863033333334,-163.9884215,678.6024950000001,148.77769849999999,-25.183026,525.838887,326.36168250000003,-40.650894,-60.80453400000005,-24.69016700000003
-2.005799666666667,922.63758,367.32083800000004,-163.79972750000002,678.6150875000001,148.3076015,-25.8144235,523.1622935,324.4643605,-40.903741000000004,-60.340535000000045,-25.41336899999999
-2.053525,922.5104563333334,367.2821853333333,-163.60491100000002,678.6213795,147.835307,-26.452861499999997,520.4958145,322.5346955,-41.157213,-59.86565099999996,-26.128873
-2.1019893333333335,922.3811536666666,367.24267133333336,-163.403963,678.621322,147.361044,-27.097959,517.841329,320.573795,-41.410974,-59.380292,-26.83638000000002
-2.1511883333333333,922.2497013333333,367.2022963333334,-163.19687850000003,678.614881,146.885039,-27.7493075,515.200656,318.5827905,-41.664703,-58.88488000000001,-27.535607000000027
-2.201117,922.1161323333334,367.161061,-162.9836565,678.6020355,146.407519,-28.406467,512.5755535000001,316.562838,-41.918092,-58.37984300000005,-28.22628199999997
-2.2517709999999997,921.9804800000001,367.118966,-162.7642975,678.582779,145.928706,-29.068967999999998,509.9677095,314.5151155,-42.17085,-57.86561500000005,-28.908146999999985
-2.303145666666666,921.8427793333334,367.0760123333334,-162.53880750000002,678.557118,145.448823,-29.7363165,507.37874550000004,312.44081800000004,-42.422707,-57.342637000000025,-29.580955999999958
-2.3552369999999994,921.703067,367.03220200000004,-162.30719299999998,678.5250725000001,144.9680875,-30.40799,504.810208,310.341157,-42.673408,-56.81135399999994,-30.244475999999963
-2.4080403333333336,921.561382,366.9875366666667,-162.069465,678.486674,144.486718,-31.0834445,502.263572,308.21735550000005,-42.922717000000006,-56.27221199999997,-30.898483
-2.4615519999999997,921.4177633333333,366.9420196666667,-161.825636,678.4419674999999,144.004926,-31.7621145,499.74023450000004,306.070647,-43.170419,-55.725661,-31.542768000000024
-2.515767333333333,921.2722520000001,366.89565266666665,-161.57572199999998,678.3910075,143.522923,-32.4434165,497.2415165,303.9022725,-43.416317,-55.17215299999998,-32.177126999999984
-2.5706826666666664,921.1248919999999,366.8484396666667,-161.31974150000002,678.3338604999999,143.0409155,-33.12675,494.7686615,301.7134785,-43.660232,-54.61213700000002,-32.80137300000001
-2.626294,920.9757250000001,366.8003826666666,-161.0577165,678.2706025,142.55910550000002,-33.8115025,492.3228325,299.5055145,-43.902001,-54.046065,-33.41532700000005
-2.6825976666666667,920.824796,366.7514863333333,-160.7896725,678.2013185000001,142.077691,-34.4970525,489.90511449999997,297.2796335,-44.141483,-53.474384999999984,-34.018821
-2.7395903333333336,920.6721513333333,366.7017536666667,-160.515638,678.1261025,141.596865,-35.182770500000004,487.51651449999997,295.037086,-44.378547000000005,-52.89754499999998,-34.61170400000003
-2.7972679999999994,920.5178380000001,366.6511893333333,-160.2356445,678.0450565,141.1168155,-35.868025,485.15796049999994,292.77912200000003,-44.613082,-52.315989,-35.19382999999999
-2.855628333333333,920.3619026666667,366.5997966666667,-159.9497295,677.9582889999999,140.637723,-36.5521855,482.83030399999996,290.506988,-44.844989,-51.73016200000001,-35.76506999999998
-2.914668333333333,920.2043943333333,366.54757966666665,-159.6579345,677.8659145,140.159764,-37.2346235,480.534318,288.2219265,-45.074181,-51.140499999999975,-36.325311
-2.9743836666666663,920.0453613333333,366.4945433333334,-159.360307,677.7680545000001,139.6831055,-37.9147175,478.27070349999997,285.9251735,-45.300585,-50.547439,-36.874450999999965
-3.034774,919.8848533333334,366.4406916666667,-159.0568975,677.664835,139.20790749999998,-38.5918585,476.04008550000003,283.61795800000004,-45.524133,-49.951408999999956,-37.41240399999998
-3.0958346666666663,919.7229213333334,366.3860293333334,-158.747766,677.556386,138.7343225,-39.265448,473.84301700000003,281.30150100000003,-45.744772,-49.35283399999997,-37.939098
-3.157564666666667,919.5596146666667,366.3305603333333,-158.432977,677.44284,138.262493,-39.934906999999995,471.679982,278.977013,-45.96245,-48.75213199999996,-38.45448399999998
-3.2199613333333335,919.3949856666667,366.27429,-158.1126025,677.3243345000001,137.792554,-40.5996725,469.551395,276.6456955,-46.177125000000004,-48.14971600000001,-38.958523000000014
-3.2830220000000003,919.2290840000001,366.21722266666666,-157.7867225,677.201007,137.32462850000002,-41.2592075,467.457606,274.308735,-46.388757,-47.54598999999996,-39.451198000000005
-3.346745666666667,919.0619620000001,366.15936166666665,-157.455424,677.072999,136.858831,-41.912996,465.39889800000003,271.967308,-46.597312,-46.94135,-39.93250999999998
-3.41113,918.8936706666667,366.10071266666665,-157.118804,676.9404509999999,136.3952645,-42.560553,463.375495,269.622574,-46.802758000000004,-46.336184,-40.40247599999998
-3.4761729999999997,918.7242616666667,366.04128,-156.7769655,676.803506,135.9340205,-43.201419,461.3875595,267.2756765,-47.005064000000004,-45.73087099999998,-40.86113299999997
-3.5418733333333328,918.5537856666666,365.981068,-156.430023,676.6623065,135.47518050000002,-43.8351665,459.43519749999996,264.9277425,-47.204201000000005,-45.12577700000003,-41.30853700000003
-3.6082289999999997,918.382295,365.9200806666667,-156.0780975,676.5169940000001,135.0188135,-44.4614015,457.518458,262.579877,-47.400141000000005,-44.52125799999999,-41.74476199999998
-3.6752380000000002,918.2098396666667,365.8583223333333,-155.7213205,676.3677104999999,134.5649765,-45.079761500000004,455.637339,260.2331675,-47.592853,-43.917659999999955,-42.16989699999996
-3.742899,918.036471,365.795797,-155.3598315,676.214597,134.113716,-45.689919,453.79178750000005,257.88867600000003,-47.78231,-43.315313,-42.584051999999986
-3.8112096666666666,917.862239,365.732509,-154.99377900000002,676.0577925,133.6650655,-46.291582500000004,451.98169900000005,255.5474405,-47.968483,-42.714534000000015,-42.98735099999999
-3.8801686666666666,917.6871943333332,365.6684626666667,-154.623319,675.8974350000001,133.2190475,-46.884495,450.2069265,253.2104735,-48.151346,-42.11562700000002,-43.379932999999994
-3.9497736666666667,917.5113850000001,365.60366099999993,-154.2486175,675.7336614999999,132.77567349999998,-47.4684355,448.46727599999997,250.878757,-48.330867000000005,-41.518880000000024,-43.76195199999998
-4.020022333333333,917.3348613333334,365.53810866666663,-153.8698455,675.566605,132.334944,-48.043217999999996,446.76251249999996,248.553244,-48.507022,-40.92456299999998,-44.13357399999998
-4.090912333333334,917.1576709999999,365.4718083333334,-153.48718150000002,675.3963994999999,131.8968485,-48.608692,445.0923595,246.234856,-48.679782,-40.332933000000025,-44.494978
-4.1624403333333335,916.9798626666667,365.4047636666667,-153.10081200000002,675.2231735,131.461366,-49.164741,443.456504,243.924478,-48.84912200000001,-39.744230000000016,-44.84634999999997
-4.234604333333333,916.801482,365.3369783333333,-152.710926,675.0470545000001,131.0284685,-49.7112825,441.8545955,241.62296,-49.015021000000004,-39.15867300000002,-45.18788799999999
-4.307400666666667,916.6225760000001,365.26845499999996,-152.317719,674.868169,130.5981165,-50.2482665,440.286252,239.33111399999999,-49.177459,-38.57646799999998,-45.51979399999999
-4.380825,916.443191,365.19919699999997,-151.921389,674.686638,130.1702645,-50.7756745,438.751056,237.049712,-49.33641899999999,-37.997799999999984,-45.842276
-4.454874666666667,916.263371,365.12920699999995,-151.5221365,674.502583,129.74485900000002,-51.2935175,437.248564,234.779486,-49.491889,-37.42283800000001,-46.15554800000001
-4.529543666666667,916.08316,365.05848833333334,-151.120164,674.3161195,129.3218405,-51.8018345,435.778301,232.5211235,-49.643863,-36.851733999999965,-46.459821000000005
-4.604827666666666,915.9026020000001,364.98704266666664,-150.7156735,674.1273625,128.901145,-52.300694,434.3397695,230.2752695,-49.79234000000001,-36.284621000000016,-46.755311000000006
-4.6807213333333335,915.7217386666666,364.91487266666667,-150.30886600000002,673.936424,128.48270349999999,-52.790186500000004,432.93244649999997,228.0425245,-49.937323,-35.72161699999998,-47.04223299999998
-4.757218333333333,915.5406113333333,364.84198166666664,-149.8999425,673.743412,128.0664425,-53.2704285,431.5557895,225.8234415,-50.078827000000004,-35.16282100000001,-47.320797
-4.834312333333333,915.359261,364.76837099999995,-149.4890985,673.5484329999999,127.652288,-53.741555000000005,430.20923500000004,223.61852950000002,-50.216872,-34.60831999999999,-47.59121300000001
-4.911995666666667,915.1777270000001,364.6940436666667,-149.076528,673.3515895,127.2401625,-54.203723,428.892205,221.4282475,-50.351485999999994,-34.05818199999999,-47.853684999999984
-4.990260999999999,914.9960476666666,364.61900199999997,-148.6624185,673.1529820000001,126.82999,-54.6571055,427.6041045,219.253012,-50.482707000000005,-33.51246500000002,-48.108412000000015
-5.069099333333333,914.814261,364.54324799999995,-148.24695300000002,672.9527085,126.4216925,-55.10189200000001,426.34432849999996,217.0931885,-50.610580000000006,-32.97121099999998,-48.355587000000014
-5.148502333333333,914.6324036666666,364.4667846666666,-147.830306,672.750863,126.01519300000001,-55.538285,425.112262,214.9490985,-50.735162,-32.43445200000002,-48.59539699999999
-5.2284593333333325,914.4505106666667,364.38961466666666,-147.412647,672.547537,125.610417,-55.966496500000005,423.9072805,212.82101799999998,-50.856517000000004,-31.902206999999976,-48.82802000000001
-5.308959333333333,914.2686176666666,364.31173999999993,-146.994136,672.3428205,125.20729,-56.386751000000004,422.72875799999997,210.7091765,-50.97472,-31.37448999999998,-49.053629
-5.389992333333333,914.086757,364.2331653333333,-146.574926,672.136801,124.805743,-56.799277000000004,421.576063,208.6137605,-51.089856,-30.85129999999998,-49.27238700000001
-5.4715446666666665,913.9049626666666,364.1538933333334,-146.15516,671.929562,124.40570650000001,-57.2043105,420.44856649999997,206.5349145,-51.202017,-30.33263500000004,-49.484453
-5.553604666666666,913.723265,364.07392733333336,-145.7349735,671.721187,124.0071165,-57.602090000000004,419.345638,204.47274149999998,-51.311308000000004,-29.818486000000007,-49.68997299999998
-5.636158666666667,913.5416956666668,363.9932723333333,-145.314492,671.5117545,123.6099105,-57.992856,418.266655,202.427305,-51.417836,-29.308835999999985,-49.88908999999998
-5.719191333333334,913.360284,363.91193266666664,-144.8938325,671.3013435,123.214031,-58.37684899999999,417.2109995,200.39863150000002,-51.521724,-28.80366700000002,-50.08193700000001
-5.802688333333333,913.179058,363.8299133333333,-144.47310199999998,671.0900305,122.819423,-58.7543065,416.1780625,198.386713,-51.623095,-28.302960999999982,-50.26864400000002
-5.886633333333333,912.9980463333333,363.747221,-144.0524005,670.877889,122.426035,-59.125462999999996,415.167246,196.3915065,-51.72208199999999,-27.806693999999993,-50.449332999999996
-5.971009666666667,912.8172756666667,363.6638613333333,-143.631819,670.6649935,122.0338195,-59.4905495,414.177964,194.4129405,-51.818823,-27.314846000000045,-50.624121
-6.055800333333333,912.6367716666667,363.5798413333334,-143.21143999999998,670.4514154999999,121.6427315,-59.84979,413.209645,192.450914,-51.91345799999999,-26.827391999999975,-50.79311800000002
-6.140986333333334,912.4565593333333,363.49517,-142.791338,670.2372250000001,121.2527285,-60.2034005,412.2617315,190.5052995,-52.006135,-26.344313,-50.956435
-6.226549333333334,912.276663,363.40985466666666,-142.37158250000002,670.0224929999999,120.863772,-60.5515895,411.333685,188.57594799999998,-52.096999,-25.865589999999997,-51.11417400000002
-6.312469666666666,912.0971056666667,363.32390566666663,-141.952234,669.8072875,120.4758245,-60.894556,410.424983,186.662689,-52.18619600000001,-25.39120200000002,-51.26643999999999
-6.398727,911.91791,363.23733266666665,-141.53334949999999,669.5916785,120.0888515,-61.2324885,409.535123,184.7653335,-52.273875000000004,-24.921134000000052,-51.413332999999994
-6.485300666666666,911.7390976666667,363.15014766666667,-141.114978,669.3757335,119.70282,-61.5655655,408.66362200000003,182.883678,-52.360179,-24.455371999999954,-51.55495400000001
-6.572168666666667,911.5606906666667,363.06236233333334,-140.6971665,669.159521,119.3177,-61.8939545,407.810016,181.017506,-52.445251,-23.99390199999999,-51.69139999999999
-6.659309,911.3827076666666,362.97398999999996,-140.279956,668.9431079999999,118.93346100000001,-62.217811,406.973863,179.16658999999999,-52.529225999999994,-23.53671399999996,-51.822772000000015
-6.746699,911.2051696666666,362.8850446666667,-139.8633855,668.726564,118.55007499999999,-62.5372785,406.154739,177.3306955,-52.612233,-23.083796000000007,-51.94916900000001
-6.834315666666668,911.028096,362.7955416666667,-139.44748800000002,668.5099565,118.1675145,-62.8524895,405.3522435,175.5095835,-52.694396999999995,-22.635140999999976,-52.070693000000006
-6.922134333333333,910.8515040000001,362.70549766666664,-139.032298,668.2933545000001,117.7857545,-63.163565,404.5659935,173.70301,-52.77583,-22.190737000000013,-52.187445999999994
-7.010132,910.6754123333334,362.6149293333333,-138.617845,668.0768265,117.40477050000001,-63.470614,403.79562599999997,171.9107315,-52.856638,-21.75057799999996,-52.299531
-7.098283333333332,910.4998383333333,362.5238563333333,-138.2041575,667.8604425000001,117.02453849999999,-63.773733500000006,403.040798,170.1325075,-52.936915000000006,-21.314652000000024,-52.407055000000014
-7.186563333333332,910.3247996666668,362.432297,-137.79126300000001,667.6442724999999,116.6450375,-64.07301050000001,402.30118400000003,168.3681,-53.016743000000005,-20.882949999999994,-52.510122000000024
-7.274946666666666,910.1503123333333,362.34027399999997,-137.3791875,667.4283865,116.26624799999999,-64.368522,401.5764775,166.6172755,-53.096194,-20.455457000000024,-52.608840999999984
-7.363407333333334,909.9763926666668,362.2478076666667,-136.96795600000002,667.2128554999999,115.888151,-64.660334,400.8663865,164.87981100000002,-53.175326,-20.03216100000003,-52.703321999999986
-7.4519199999999985,909.8030576666666,362.154922,-136.557594,666.997752,115.51073249999999,-64.9485045,400.1706365,163.15549149999998,-53.254183000000005,-19.613040999999953,-52.79367499999998
-7.540457666666666,909.630322,362.061641,-136.148124,666.7831464999999,115.133979,-65.2330805,399.488967,161.44411300000002,-53.332798999999994,-19.19807800000001,-52.880011999999994
-7.628994333333334,909.4582023333334,361.96798999999993,-135.73957049999999,666.5691115,114.7578815,-65.5141035,398.8211305,159.745485,-53.411191,-18.78724900000003,-52.96244200000001
-7.717503666666666,909.286713,361.8739963333333,-135.3319565,666.355721,114.3824345,-65.7916065,398.1668935,158.05943100000002,-53.489369,-18.380524999999977,-53.041079999999994
-7.805957666666667,909.1158696666666,361.7796863333333,-134.9253045,666.143046,114.0076375,-66.0656155,397.526034,156.38579049999998,-53.567325,-17.97787599999998,-53.11603699999998
-7.894330666666666,908.9456880000001,361.68508966666667,-134.51963750000002,665.931161,113.63349350000001,-66.3361505,396.8983385,154.7244205,-53.645041,-17.579267000000016,-53.187422999999995
-7.982595333333333,908.7761820000001,361.5902356666666,-134.1149785,665.7201375,113.26001199999999,-66.6032265,396.2836045,153.075195,-53.72248700000001,-17.184661000000006,-53.25534999999999
-8.070724333333333,908.607368,361.4951556666667,-133.71134849999999,665.5100485,112.88720800000002,-66.866853,395.68163949999996,151.438007,-53.799624,-16.794016999999997,-53.319928000000004
-8.158690666666667,908.4392603333334,361.39988,-133.308771,665.3009655000001,112.5151025,-67.127037,395.092256,149.8127715,-53.8764,-16.407291999999984,-53.38126299999999
-8.246467666666666,908.2718736666667,361.30444199999994,-132.9072665,665.0929615,112.1437235,-67.383779,394.515275,148.199422,-53.952757999999996,-16.024441999999965,-53.439465999999996
-8.334028333333334,908.1052236666666,361.20887500000003,-132.50685950000002,664.8861059999999,111.7731055,-67.63708,393.95052350000003,146.5979145,-54.02862999999999,-15.645417000000009,-53.494641
-8.421345333333333,907.9393246666667,361.11321233333337,-132.1075715,664.6804695000001,111.4032915,-67.886935,393.397834,145.0082275,-54.103944,-15.270172000000002,-53.54689100000002
-8.508392666666667,907.7741923333333,361.0174896666667,-131.7094265,664.4761195,111.0343305,-68.13333800000001,392.857042,143.4303595,-54.178622000000004,-14.898658000000012,-53.596321
-8.595142666666666,907.6098413333333,360.9217416666667,-131.31244850000002,664.2731245,110.6662795,-68.3762815,392.327989,141.86433449999998,-54.252579000000004,-14.530826000000047,-53.64303099999999
-8.68157,907.4462876666666,360.8260046666667,-130.9166635,664.071549,110.2992035,-68.61575500000001,391.8105205,140.3101955,-54.325732,-14.166633000000047,-53.68712099999999
-8.767647333333334,907.2835453333333,360.73031466666663,-130.5220975,663.8714575,109.9331755,-68.85174699999999,391.3044825,138.76801,-54.397994,-13.806032999999957,-53.72868799999999
-8.853349000000001,907.1216303333334,360.63470899999993,-130.12878,663.6729105,109.568274,-69.084245,390.809726,137.237866,-54.46928,-13.448983999999996,-53.767830000000004
-8.938649333333332,906.9605580000001,360.5392243333333,-129.7367415,663.475968,109.2045865,-69.3132355,390.326103,135.719873,-54.539503,-13.095450000000028,-53.804640000000006
-9.023522666666667,906.8003426666666,360.4438986666667,-129.34601600000002,663.2806865,108.842206,-69.538703,389.853468,134.21416,-54.608584,-12.745395999999971,-53.839212
-9.107944333333334,906.6410003333334,360.34876899999995,-128.9566395,663.08712,108.481233,-69.76063049999999,389.3916765,132.720877,-54.67644299999999,-12.398793000000012,-53.87163600000001
-9.191888333333333,906.4825460000001,360.25387333333333,-128.56865299999998,662.8953185,108.121773,-69.9790005,388.9405845,131.2401905,-54.743009,-12.055618999999979,-53.902001
-9.275331333333334,906.324995,360.159249,-128.1821015,662.7053305,107.7639365,-70.193794,388.50004950000005,129.7722845,-54.808216,-11.715852999999981,-53.930395000000004
-9.358248,906.1683630000001,360.06493466666666,-127.797033,662.5172005,107.40784049999999,-70.40499200000001,388.069929,128.317359,-54.872006000000006,-11.379482000000053,-53.95689999999999
-9.440615999999999,906.0126643333333,359.97096600000003,-127.4135025,662.330968,107.05360350000001,-70.612573,387.65008,126.875626,-54.93433,-11.046502000000032,-53.981599999999986
-9.522410333333333,905.8579143333333,359.87738199999995,-127.031567,662.146671,106.701348,-70.8165145,387.2403595,125.44731100000001,-54.995146999999996,-10.716908999999987,-54.004570000000015
-9.60361,905.7041286666666,359.78421799999995,-126.65129350000001,661.9643424999999,106.351202,-71.0167925,386.8406245,124.0326475,-55.054427,-10.39071100000001,-54.025885
-9.684191,905.551321,359.69151200000005,-126.272752,661.784011,106.003291,-71.213383,386.45073,122.631879,-55.112151999999995,-10.067916000000025,-54.045615999999995
-9.764132333333333,905.3995073333334,359.5992986666667,-125.8960185,661.6057020000001,105.657744,-71.4062605,386.0705295,121.245252,-55.16831299999999,-9.748540999999989,-54.06382599999999
-9.843413333333332,905.248702,359.5076146666667,-125.521177,661.429436,105.31469000000001,-71.595399,385.699876,119.8730185,-55.222914,-9.432608000000016,-54.080573000000015
-9.922012,905.0989193333334,359.416494,-125.1483175,661.255229,104.97425799999999,-71.78077,385.3386185,118.51543050000001,-55.275968000000006,-9.120138999999995,-54.09591300000001
-9.999909666666667,904.9501733333333,359.32597166666665,-124.7775365,661.0830940000001,104.63657549999999,-71.962347,384.986606,117.17273850000001,-55.327501999999996,-8.811165999999957,-54.109891000000005
-10.077085,904.8024793333334,359.2360813333333,-124.40893500000001,660.9130385000001,104.301768,-72.140101,384.643683,115.845191,-55.377554,-8.505719999999997,-54.122547999999995
-10.153520666666665,904.6558503333332,359.1468556666667,-124.042624,660.7450664999999,103.96995899999999,-72.31400450000001,384.30969300000004,114.53303,-55.426169,-8.203835999999967,-54.133914000000004
-10.229198333333335,904.5102999999999,359.0583266666667,-123.67871600000001,660.5791764999999,103.641268,-72.48402999999999,383.98447550000003,113.2364895,-55.473406,-7.905549000000008,-54.144019000000014
-10.304099666666668,904.3658423333333,358.970526,-123.317334,660.415365,103.315813,-72.65015,383.667867,111.9557945,-55.51933,-7.61089800000002,-54.15287699999999
-10.378208666666668,904.2224903333332,358.88348399999995,-122.9586025,660.2536230000001,102.993706,-72.812339,383.3597015,110.691158,-55.564018,-7.31991899999997,-54.160498000000004
-10.451508666666667,904.0802570000001,358.7972296666667,-122.6026535,660.0939395,102.6750545,-72.970573,383.05980950000003,109.4427805,-55.60755,-7.032651000000044,-54.16688700000002
-10.523985000000001,903.939154,358.71179233333334,-122.2496205,659.9362974999999,102.3599605,-73.124829,382.768019,108.2108465,-55.650016,-6.74912999999998,-54.172037
-10.595622333333333,903.7991946666666,358.6271993333333,-121.8996435,659.7806785,102.0485235,-73.275087,382.4841545,106.9955265,-55.691508,-6.469388999999978,-54.175939
-10.666407,903.6603903333333,358.54347766666666,-121.5528635,659.62706,101.74083250000001,-73.4213295,382.208039,105.7969725,-55.732121,-6.193462000000011,-54.178574999999995
-10.736326,903.5227526666667,358.46065300000004,-121.20942399999998,659.475419,101.43697399999999,-73.5635425,381.93949250000003,104.6153185,-55.771952999999996,-5.92137699999995,-54.17992299999999
-10.805366999999999,903.3862916666667,358.3787503333333,-120.8694715,659.325727,101.13702699999999,-73.7017155,381.67833299999995,103.45068,-55.811105000000005,-5.653160000000014,-54.17995400000001
-10.873518333333335,903.2510186666667,358.297793,-120.53315,659.1779550000001,100.8410625,-73.8358425,381.4243775,102.3031535,-55.849672999999996,-5.388834999999972,-54.178641
-10.940769000000001,903.116943,358.21780366666667,-120.2006065,659.032073,100.54914600000001,-73.9659205,381.1774415,101.1728165,-55.887755,-5.128421000000003,-54.17594699999998
-11.007109333333332,902.9840746666665,358.1388043333333,-119.871984,658.8880495,100.2613355,-74.0919515,380.9373405,100.059725,-55.925441,-4.871933000000013,-54.17184
-11.07253,902.852422,358.0608153333333,-119.5474255,658.7458505,99.97768099999999,-74.2139435,380.70389,98.9639185,-55.962818999999996,-4.619383999999968,-54.166285
-11.137022333333334,902.7219933333334,357.9838563333333,-119.227069,658.6054429999999,99.6982275,-74.3319065,380.476905,97.88541599999999,-55.999970999999995,-4.370779999999968,-54.15925
-11.200578333333334,902.5927963333334,357.907946,-118.91105099999999,658.4667945,99.4230095,-74.445859,380.256204,96.824217,-56.03697199999999,-4.126125999999999,-54.150701999999995
-11.263191666666666,902.4648383333333,357.83310066666667,-118.5995025,658.329871,99.152056,-74.55582150000001,380.041605,95.7803055,-56.073887,-3.8854220000000055,-54.140613
-11.324855333333332,902.3381246666667,357.7593376666667,-118.29254850000001,658.1946399999999,98.8853885,-74.661821,379.8329305,94.753647,-56.110775999999994,-3.648668999999984,-54.128962
-11.385564333333333,902.2126626666667,357.6866713333334,-117.9903085,658.0610704999999,98.62302,-74.763889,379.630005,93.744191,-56.147688,-3.4158580000000143,-54.11573
-11.445313666666665,902.0884553333332,357.61511666666667,-117.69289549999999,657.9291315,98.3649575,-74.8620615,379.43265699999995,92.7518715,-56.184659,-3.1869820000000004,-54.100905
-11.504099333333334,901.9655083333333,357.544685,-117.40041400000001,657.7987945,98.1111995,-74.9563775,379.2407185,91.7766085,-56.221721,-2.9620330000000195,-54.084485
-11.561918,901.843824,357.4753886666667,-117.11296250000001,657.670033,97.861738,-75.046883,379.0540275,90.818309,-56.25889399999999,-2.740998999999988,-54.066472000000005
-11.618766999999998,901.7234063333334,357.407238,-116.83062899999999,657.542822,97.616557,-75.1336245,378.872426,89.876869,-56.296186999999996,-2.523865999999998,-54.046879999999994
-11.674643666666666,901.6042566666666,357.3402423333334,-116.553494,657.4171395,97.375635,-75.2166535,378.6957615,88.95217149999999,-56.333601,-2.310620999999969,-54.025729
-11.729547666666667,901.4863770000001,357.27441066666665,-116.281629,657.292966,97.13894250000001,-75.296023,378.5238885,88.044091,-56.371128000000006,-2.1012490000000525,-54.003048
-11.783477333333332,901.369767,357.2097493333333,-116.015095,657.1702825,96.90644449999999,-75.371789,378.35666549999996,87.1524925,-56.408752,-1.895735000000002,-53.978877
-11.836433,901.2544273333333,357.146265,-115.75394299999999,657.049077,96.6780985,-75.44401,378.1939585,86.277235,-56.446450000000006,-1.6940650000000232,-53.953262
-11.888415,901.1403566666668,357.08396166666665,-115.4982165,656.9293359999999,96.453857,-75.512743,378.0356395,85.41816800000001,-56.48419200000001,-1.4962229999999863,-53.92626
-11.939424,901.0275533333333,357.022845,-115.24794700000001,656.811052,96.2336665,-75.5780485,377.88158599999997,84.5751365,-56.52194099999999,-1.3021940000000427,-53.897932999999995
-11.989462000000001,900.9160153333333,356.9629166666667,-115.00315799999998,656.694219,96.01746800000001,-75.639985,377.73168350000003,83.7479795,-56.559658,-1.1119649999999979,-53.868351
-12.038530999999999,900.8057396666667,356.90417933333333,-114.76386199999999,656.5788339999999,95.80519799999999,-75.698613,377.585822,82.9365325,-56.597300000000004,-0.9255200000000059,-53.837591
-12.086633333333333,900.696723,356.8466333333334,-114.530063,656.4648965,95.59678650000001,-75.75399,377.443899,82.140626,-56.63482,-0.7428459999999859,-53.805735999999996
-12.133772666666667,900.5889606666666,356.79028,-114.30175500000001,656.35241,95.392162,-75.8061725,377.3058155,81.360087,-56.672171,-0.563931000000025,-53.772872
-12.179951666666666,900.4824486666666,356.73511733333333,-114.0789235,656.2413785,95.191248,-75.85521700000001,377.17148050000003,80.59474,-56.70930800000001,-0.38876099999998814,-53.73908800000001
-12.225175666666667,900.3771813333333,356.6811446666666,-113.8615465,656.1318105,94.99396200000001,-75.901177,377.040807,79.844407,-56.746182000000005,-0.21732200000002422,-53.704478
-12.269447666666666,900.273153,356.62835866666666,-113.649593,656.0237159999999,94.8002225,-75.9441035,376.91371300000003,79.10890549999999,-56.782748999999995,-0.04960199999999304,-53.66913699999999
-12.312773666666665,900.1703566666666,356.5767563333334,-113.44302350000001,655.917107,94.6099425,-75.984046,376.7901215,78.388053,-56.818966,0.11441100000001825,-53.63315600000001
-12.355158333333334,900.0687866666666,356.5263336666667,-113.2417925,655.811997,94.4230335,-76.0210515,376.6699595,77.6816645,-56.854794999999996,0.2747349999999642,-53.596633
-12.396607666666666,899.9684360000001,356.47708566666665,-113.0458495,655.7084015,94.2394045,-76.05516399999999,376.553157,76.9895515,-56.890202,0.43138199999998506,-53.559657
-12.437127333333335,899.869296,356.4290066666667,-112.85513449999999,655.606338,94.058964,-76.08642499999999,376.43965049999997,76.31152399999999,-56.925156,0.584370999999976,-53.52231999999999
-12.476723999999999,899.7713596666666,356.38209,-112.6695855,655.5058245,93.8816175,-76.1148745,376.32937549999997,75.6473915,-56.959629,0.7337170000000128,-53.48470700000001
-12.515403999999998,899.6746193333333,356.3363283333333,-112.4891355,655.4068795000001,93.707272,-76.14055,376.222273,74.9969595,-56.993604000000005,0.8794439999999781,-53.446901000000004
-12.553174,899.5790656666667,356.29171433333335,-112.31371049999998,655.3095245,93.5358305,-76.163486,376.1182855,74.36003249999999,-57.027064,1.0215729999999894,-53.408981
-12.590042000000002,899.4846903333333,356.2482386666666,-112.143237,655.2137775000001,93.3671995,-76.183718,376.017357,73.736414,-57.06,1.160127999999986,-53.37101800000001
-12.626015,899.3914840000001,356.20589266666667,-111.97763699999999,655.1196605,93.20128249999999,-76.2012785,375.919434,73.125904,-57.09240700000001,1.2951380000000086,-53.33308
-12.6611,899.2994383333333,356.16466666666673,-111.816829,655.0271925,93.0379845,-76.21619899999999,375.82446400000003,72.5283015,-57.124286,1.4266339999999786,-53.295227000000004
-12.695306,899.2085426666666,356.1245503333333,-111.66073399999999,654.9363940000001,92.877211,-76.2285115,375.7323945,71.943404,-57.155640999999996,1.5546490000000404,-53.257516
-12.728640666666669,899.1187883333333,356.08553133333334,-111.50926749999999,654.8472835,92.718868,-76.238248,375.6431735,71.37100699999999,-57.186484,1.679222999999979,-53.219995999999995
-12.761112333333335,899.030165,356.04760000000005,-111.3623465,654.759879,92.562862,-76.245442,375.5567505,70.810906,-57.216826,1.8003970000000322,-53.18270999999999
-12.792729333333332,898.9426630000002,356.010743,-111.2198885,654.674197,92.40910249999999,-76.250128,375.4730735,70.2628935,-57.246688000000006,1.918217000000027,-53.145694999999996
-12.823500666666666,898.8562713333334,355.974949,-111.081811,654.5902535,92.257498,-76.2523425,375.392091,69.7267625,-57.276087000000004,2.032730000000015,-53.108983
-12.853434666666667,898.7709799999999,355.9402043333334,-110.94803150000001,654.508061,92.1079605,-76.252125,375.31375,69.2023055,-57.305048000000006,2.143991999999969,-53.072601000000006
-12.882541000000002,898.6867783333333,355.9064956666666,-110.8184675,654.427631,91.960403,-76.249518,375.2379955,68.6893145,-57.33359599999999,2.252059000000031,-53.036569
-12.910828333333333,898.6036553333333,355.8738093333333,-110.6930385,654.3489715000001,91.814741,-76.2445685,375.1647735,68.187581,-57.361757000000004,2.3569909999999936,-53.000904000000006
-12.938306000000003,898.5216003333334,355.8421316666667,-110.5716655,654.2720905,91.670893,-76.237329,375.094027,67.696898,-57.389559999999996,2.4588540000000307,-52.96561799999999
-12.964982666666666,898.4406006666667,355.8114483333334,-110.454269,654.19699,91.528779,-76.2278545,375.02569700000004,67.21705850000001,-57.417030999999994,2.557715999999971,-52.930718999999996
-12.990868666666666,898.3606466666666,355.7817436666666,-110.34077,654.1236710000001,91.3883225,-76.2162095,374.959722,66.747857,-57.444199000000005,2.6536499999999705,-52.896209999999996
-13.015973666666667,898.2817256666667,355.753004,-110.23109149999999,654.05213,91.24945149999999,-76.2024615,374.89603950000003,66.28909,-57.471091,2.746729000000016,-52.86209600000001
-13.040306999999999,898.2038263333334,355.725213,-110.12515499999999,653.982362,91.11209500000001,-76.1866875,374.834584,65.840554,-57.49773499999999,2.837032000000022,-52.828374
-13.063878,898.1269356666667,355.69835566666666,-110.0228835,653.9143564999999,90.9761895,-76.1689695,374.7752865,65.402049,-57.52415500000001,2.9246390000000133,-52.79504000000001
-13.086697333333333,898.0510423333334,355.67241566666667,-109.9241985,653.8481005,90.8416725,-76.149399,374.718076,64.973377,-57.550374000000005,3.0096340000000055,-52.762088
-13.108774666666667,897.9761346666668,355.6473773333333,-109.8290195,653.7835765,90.708488,-76.1280745,374.66287850000003,64.554342,-57.576415,3.0921050000000037,-52.72951200000001
-13.130120333333332,897.9021993333332,355.62322366666666,-109.737266,653.7207625,90.5765845,-76.1051015,374.609618,64.1447505,-57.602298999999995,3.172136000000023,-52.697303000000005
-13.150744333333334,897.8292246666666,355.599939,-109.6488545,653.659635,90.445916,-76.080596,374.5582135,63.7444115,-57.62804199999999,3.2498190000000022,-52.66545099999999
-13.170656666666666,897.7571973333334,355.5775066666667,-109.56369899999999,653.6001635,90.3164415,-76.05467949999999,374.5085835,63.3531355,-57.653659,3.3252449999999953,-52.633945
-13.189867999999999,897.686106,355.555909,-109.48171099999999,653.5423165,90.188126,-76.02748199999999,374.4606425,62.970737,-57.679164,3.398505,-52.602774000000004
-13.208388,897.615938,355.53512900000004,-109.4027975,653.4860555,90.0609405,-75.9991435,374.414302,62.597031,-57.704567000000004,3.469692000000009,-52.571923999999996
-13.226228666666666,897.5466813333333,355.5151496666667,-109.326863,653.4313405,89.934862,-75.9698075,374.36947299999997,62.2318355,-57.729875,3.5388999999999555,-52.541383
-13.2434,897.4783229999999,355.495954,-109.253806,653.3781265,89.8098725,-75.939627,374.3260625,61.874970000000005,-57.75509600000001,3.606221000000005,-52.511136
-13.259912333333332,897.4108516666666,355.47752399999996,-109.1835225,653.3263675000001,89.6859625,-75.9087615,374.2839775,61.52625450000001,-57.780233,3.671748999999977,-52.481169
-13.275776333333335,897.3442553333334,355.4598413333333,-109.1159025,653.2760115,89.5631265,-75.877374,374.24312199999997,61.185511999999996,-57.805286,3.7355779999999754,-52.451465999999996
-13.291003666666668,897.278522,355.44288866666665,-109.0508325,653.2270045,89.44136449999999,-75.84563349999999,374.20340050000004,60.852562500000005,-57.830257,3.7977970000000028,-52.422011000000005
-13.305605333333332,897.2136403333334,355.42664833333333,-108.9881955,653.179291,89.320684,-75.8137135,374.16471750000005,60.5272305,-57.855145,3.858498999999995,-52.392785
-13.319591333333333,897.1495983333333,355.4111023333333,-108.927869,653.1328125,89.20109500000001,-75.781789,374.126976,60.2093355,-57.879948,3.9177720000000136,-52.363771
-13.332973999999998,897.0863853333334,355.39623133333333,-108.869728,653.0875085,89.08261300000001,-75.75003650000001,374.090082,59.898700500000004,-57.904663000000006,3.9757019999999557,-52.33494700000001
-13.345764333333335,897.0239896666667,355.38201733333335,-108.813646,653.0433195,88.9652575,-75.718635,374.0539415,59.5951455,-57.929286000000005,4.032376999999997,-52.306293000000004
-13.357973333333334,896.9624013333333,355.3684426666667,-108.75949349999999,653.0001815,88.849051,-75.68776,374.01846450000005,59.29848750000001,-57.953816,4.087874999999997,-52.277785
-13.369613,896.901609,355.35548833333337,-108.70714050000001,652.9580344999999,88.73401799999999,-75.6575875,373.983563,59.0085435,-57.978253,4.142280000000028,-52.24939899999999
-13.380694999999998,896.8416026666667,355.343135,-108.65645749999999,652.916817,88.620185,-75.628289,373.94915349999997,58.725128,-58.002594,4.1956670000000145,-52.22110599999999
-13.39123,896.7823723333332,355.331365,-108.607317,652.8764685,88.507578,-75.600031,373.9151555,58.4480515,-58.026841999999995,4.2481089999999995,-52.19287899999999
-13.401231333333333,896.7239073333334,355.3201593333333,-108.559593,652.8369315,88.3962245,-75.57297349999999,373.88149699999997,58.1771225,-58.051001,4.299674000000039,-52.164687
-13.410709666666667,896.6661979999999,355.30949833333335,-108.5131645,652.7981500000001,88.2861485,-75.5472695,373.84811,57.912147000000004,-58.07507699999999,4.350428000000022,-52.136496
-13.419677666666667,896.6092356666667,355.2993636666667,-108.467916,652.7600709999999,88.177374,-75.5230645,373.8149335,57.652927,-58.099081,4.400433000000021,-52.10826999999999
-13.428147666666666,896.55301,355.28973633333334,-108.4237395,652.7226459999999,88.0699195,-75.50049150000001,373.781916,57.39926,-58.123025,4.449743999999953,-52.07997399999999
-13.436131333333334,896.4975129999999,355.280597,-108.3805325,652.68583,87.9638005,-75.479674,373.749012,57.150943,-58.146928,4.498414000000025,-52.051566
-13.443641666666664,896.442735,355.2719266666666,-108.33820449999999,652.6495845,87.859028,-75.460722,373.716186,56.907768000000004,-58.170809999999996,4.546490000000006,-52.023008000000004
-13.450690666666667,896.3886676666667,355.263706,-108.2966745,652.6138739999999,87.7556075,-75.443734,373.68341350000003,56.6695245,-58.194698,4.594012999999961,-51.994254999999995
-13.457291333333332,896.335303,355.255916,-108.2558715,652.5786714999999,87.6535385,-75.428793,373.65067799999997,56.435998000000005,-58.218622,4.641021999999964,-51.965266
-13.463456333333333,896.2826336666667,355.24853766666666,-108.2157395,652.543955,87.5528125,-75.4159675,373.617974,56.206973000000005,-58.242614999999994,4.6875479999999925,-51.935992000000006
-13.469198666666665,896.2306506666667,355.24155133333335,-108.1762315,652.5097089999999,87.453417,-75.405311,373.585307,55.9822305,-58.266718,4.733617999999979,-51.906391000000006
-13.474530666666666,896.1793473333333,355.23493833333333,-108.137316,652.4759275,87.3553305,-75.3968615,373.55269450000003,55.76155,-58.290973,4.779254999999978,-51.876416000000006
-13.479466666666667,896.1287166666667,355.22867866666667,-108.098973,652.4426085,87.2585265,-75.390641,373.5201625,55.5447085,-58.315426,4.824477000000002,-51.846019000000005
-13.484018666666666,896.0787523333333,355.22275433333334,-108.061195,652.40976,87.1629705,-75.386656,373.48775,55.331483500000004,-58.340126,4.869295999999963,-51.815157
-13.4882,896.0294479999999,355.2171456666667,-108.023988,652.3773965,87.068623,-75.384897,373.4555065,55.1216505,-58.365126,4.9137210000000096,-51.783787
-13.492025,895.9807963333333,355.2118336666667,-107.9873685,652.345541,86.9754385,-75.3853395,373.423491,54.914984499999996,-58.390479,4.957756000000018,-51.751863
-13.495506666666666,895.9327933333334,355.2068,-107.9513645,652.314223,86.883367,-75.387946,373.391775,54.7112605,-58.416239999999995,5.001401999999985,-51.71934900000001
-13.498658999999998,895.8854326666666,355.20202500000005,-107.9160115,652.2834795,86.7923545,-75.3926625,373.3604375,54.510256,-58.442463000000004,5.044659000000024,-51.686206
-13.501494666666666,895.83871,355.1974906666667,-107.88135550000001,652.2533545,86.7023435,-75.3994255,373.3295675,54.311747499999996,-58.469203,5.087517000000048,-51.652398999999996
-13.504028333333332,895.7926203333333,355.19317866666665,-107.84744649999999,652.2238995,86.613275,-75.4081555,373.299262,54.115514000000005,-58.496511000000005,5.1299699999999575,-51.6179
-13.506273,895.7471593333333,355.1890700000001,-107.81434150000001,652.19517,86.5250895,-75.4187665,373.2696265,53.921336999999994,-58.524435,5.172009000000003,-51.582682
-13.508243333333334,895.7023233333334,355.1851473333333,-107.782099,652.1672295,86.437725,-75.4311605,373.2407735,53.7290005,-58.553023,5.213620999999989,-51.546725
-13.509952666666669,895.658108,355.1813926666667,-107.750779,652.140144,86.351123,-75.445233,373.21281899999997,53.538293,-58.58231000000001,5.254792000000009,-51.510012
-13.511415,895.6145103333333,355.17778833333335,-107.7204405,652.113987,86.2652265,-75.4608715,373.185886,53.349005,-58.612331000000005,5.295509999999979,-51.472536000000005
-13.512644,895.571527,355.1743166666667,-107.69114200000001,652.0888335,86.1799805,-75.4779605,373.1600995,53.1609325,-58.64311299999999,5.335761000000048,-51.434291
-13.513653333333332,895.5291553333333,355.17096066666664,-107.662935,652.0647615,86.09533400000001,-75.49638,373.135588,52.9738785,-58.67467,5.375532000000021,-51.395281000000004
-13.514457666666667,895.4873926666666,355.16770433333335,-107.6358655,652.0418514999999,86.0112405,-75.516009,373.1124785,52.78765,-58.707012000000006,5.414810999999986,-51.355515999999994
-13.51507,895.4462366666667,355.1645306666667,-107.6099735,652.020186,85.927659,-75.53672399999999,373.0909015,52.602061500000005,-58.74013599999999,5.453587000000027,-51.315011000000005
-13.515504333333334,895.4056843333333,355.16142466666673,-107.58528849999999,651.9998475,85.844554,-75.55840549999999,373.0709825,52.4169355,-58.774030999999994,5.491849000000002,-51.273791
-13.515774,895.3657346666665,355.15836966666666,-107.5618305,651.9809184999999,85.761895,-75.580934,373.052846,52.232102999999995,-58.80867,5.529593999999975,-51.231885999999996
-13.515892,895.326385,355.155352,-107.539608,651.9634795,85.679658,-75.604195,373.036612,52.0474045,-58.84402000000001,5.566814000000022,-51.189335
-13.515872666666667,895.2876346666667,355.15235666666666,-107.51861699999999,651.947611,85.597826,-75.6280795,373.0223945,51.862691000000005,-58.880031,5.603508999999974,-51.14618
-13.515728333333334,895.2494813333333,355.14937033333337,-107.4988425,651.933389,85.51638650000001,-75.65248299999999,373.01030049999997,51.677825,-58.916646,5.639678999999944,-51.102475999999996
-13.515472,895.2119246666667,355.146379,-107.4802555,651.920887,85.4353345,-75.677308,373.0004305,51.4926815,-58.95379199999999,5.675327000000038,-51.058279
-13.515116666666666,895.1749633333334,355.14337066666667,-107.462814,651.910173,85.35467,-75.7024655,372.992875,51.307148999999995,-58.991389,5.710459999999955,-51.013656
-13.514674,895.1385966666667,355.140334,-107.44646399999999,651.9013110000001,85.27439849999999,-75.727874,372.987714,51.121133,-59.02934200000001,5.745090000000005,-50.96867800000001
-13.514156666666665,895.1028243333334,355.13725633333337,-107.431139,651.8943595,85.194531,-75.75346049999999,372.985016,50.934553,-59.067550999999995,5.779228000000046,-50.923422
-13.513576333333333,895.0676463333333,355.134128,-107.41675949999998,651.8893705,85.115083,-75.7791605,372.98483899999997,50.74734599999999,-59.105900999999996,5.812887999999987,-50.87797199999999
-13.512944666666664,895.0330623333333,355.13093933333334,-107.4032375,651.886387,85.0360745,-75.804919,372.987226,50.559468,-59.144273999999996,5.846091999999999,-50.83241600000001
-13.512272000000001,894.9990726666666,355.127681,-107.390473,651.8854465,84.957529,-75.830689,372.992208,50.370897,-59.18254399999999,5.878856000000042,-50.78684799999999
-13.511569,894.9656786666666,355.124345,-107.3783585,651.8865765,84.8794745,-75.856431,372.9998015,50.181628,-59.220576,5.911204999999995,-50.741364000000004
-13.510846333333333,894.9328810000001,355.120924,-107.366779,651.8897959999999,84.8019425,-75.8821155,373.01000650000003,49.99168,-59.258237,5.94316299999997,-50.696066
-13.510113666666669,894.9006820000001,355.11741133333334,-107.3556125,651.8951155,84.724968,-75.9077195,373.0228095,49.8010955,-59.295387,5.974752999999964,-50.651059000000004
-13.509379333333333,894.8690826666667,355.11380166666663,-107.3447345,651.9025340000001,84.648588,-75.93322500000001,373.038181,49.609939000000004,-59.331886000000004,6.006003999999962,-50.606452000000004
-13.508652666666665,894.8380860000001,355.1100896666667,-107.334016,651.912039,84.572844,-75.9586225,373.0560765,49.4182995,-59.367595,6.036939000000018,-50.56235100000001
-13.507941333333335,894.8076940000001,355.1062716666667,-107.3233265,651.9236105,84.4977805,-75.9839055,373.0764345,49.226292,-59.402379,6.067587000000003,-50.518868
-13.507252,894.777911,355.10234599999995,-107.31253799999999,651.9372135000001,84.423445,-76.0090725,373.099179,49.034055,-59.436105,6.097970000000032,-50.47611400000001
-13.506592333333332,894.7487403333334,355.09830966666664,-107.301522,651.9528035000001,84.34988949999999,-76.034126,373.1242185,48.841752,-59.46864600000001,6.128117000000032,-50.434202
-13.505967333333333,894.7201873333333,355.0941623333333,-107.2901545,651.9703225000001,84.2771705,-76.05906949999999,373.151446,48.6495715,-59.499883,6.158050000000003,-50.39323900000001
-13.505382333333335,894.6922559999999,355.0899043333334,-107.27831599999999,651.9897025,84.2053475,-76.08390800000001,373.18074,48.4577265,-59.529703999999995,6.187790000000007,-50.353335
-13.504841999999998,894.6649530000001,355.085537,-107.265895,652.0108605,84.13448550000001,-76.10864600000001,373.2119645,48.266452,-59.55801,6.217356999999993,-50.314595999999995
-13.504349666666664,894.638284,355.08106200000003,-107.25278549999999,652.0337030000001,84.064656,-76.1332895,373.2449715,48.076005,-59.584711000000006,6.246769000000029,-50.277122000000006
-13.503908000000001,894.6122573333333,355.0764843333333,-107.2388915,652.0581235,83.995935,-76.15784049999999,373.2795995,47.8866635,-59.609731,6.276041000000021,-50.241013
-13.503518999999999,894.5868796666667,355.071808,-107.22412600000001,652.0840025,83.928405,-76.182301,373.3156725,47.698724999999996,-59.63300600000001,6.3051849999999945,-50.206357999999994
-13.503182666666666,894.562161,355.0670383333333,-107.208414,652.1112105,83.8621545,-76.2066685,373.353008,47.5125015,-59.654489,6.3342119999999795,-50.17324500000001
-13.502899333333332,894.5381103333334,355.062183,-107.19169,652.139604,83.797281,-76.230937,373.3914095,47.328321,-59.674144000000005,6.363126999999963,-50.14175
-13.502668666666665,894.5147386666666,355.05725,-107.1739015,652.169028,83.7338855,-76.2550975,373.4306735,47.1465225,-59.69195499999999,6.3919349999999895,-50.111941
-13.502487666666667,894.4920576666667,355.0522483333334,-107.15500899999999,652.1993190000001,83.672079,-76.27913649999999,373.47058749999997,46.9674525,-59.707919,6.420636999999999,-50.08387900000001
-13.502353333333332,894.4700796666666,355.0471883333333,-107.134984,652.230301,83.61197849999999,-76.30303550000001,373.51093249999997,46.791464999999995,-59.722051,6.449232999999992,-50.05761
-13.502261666666667,894.4488186666667,355.042082,-107.113812,652.2617889999999,83.5537065,-76.32677100000001,373.5514845,46.618915,-59.73438,6.477718999999979,-50.03317200000001
-13.502208000000001,894.42829,355.0369413333333,-107.0914895,652.2935895,83.497394,-76.35031649999999,373.5920135,46.450157,-59.744952999999995,6.5060889999999745,-50.010588
-13.502185333333335,894.408509,355.03178,-107.0680265,652.325501,83.443176,-76.3736395,373.63228849999996,46.285539,-59.753831000000005,6.534334999999999,-49.989868
-13.502186333333333,894.3894933333332,355.02661400000005,-107.04344449999999,652.3573155,83.39119450000001,-76.396705,373.672075,46.125403999999996,-59.761089999999996,6.562446000000023,-49.971008
-13.502202333333335,894.3712623333332,355.0214576666667,-107.0177775,652.38882,83.341594,-76.4194745,373.7111385,45.970079500000004,-59.766819000000005,6.590413000000012,-49.953987
-13.502223666666666,894.3538346666668,355.01632866666665,-106.99106800000001,652.419797,83.294523,-76.44190449999999,373.7492465,45.819881499999994,-59.771123,6.618223,-49.938770999999996
-13.502240333333333,894.3372326666668,355.01124533333336,-106.9633735,652.4500255,83.2501325,-76.463952,373.78616850000003,45.6751045,-59.774116,6.64586300000002,-49.925307000000004
-13.502239666666666,894.3214783333333,355.0062256666667,-106.93475699999999,652.4792845,83.2085745,-76.4855715,373.821677,45.5360245,-59.775927,6.673317999999995,-49.913527
-13.502208999999999,894.3065966666667,355.00129,-106.905294,652.5073535,83.1699995,-76.506717,373.855551,45.402891,-59.776689999999995,6.700574000000017,-49.903346
-13.502134333333332,894.2926116666667,354.9964586666667,-106.875067,652.534013,83.134558,-76.5273435,373.8875755,45.2759275,-59.77655300000001,6.7276149999999575,-49.894662999999994
-13.501999,894.2795523333334,354.9917536666667,-106.844169,652.559049,83.1023945,-76.5474085,373.91754449999996,45.155328,-59.775667000000006,6.754429000000016,-49.887356000000004
-13.501788666666668,894.267446,354.98719666666665,-106.812699,652.5822525000001,83.0736515,-76.566871,373.94526099999996,45.0412575,-59.774192000000006,6.781000000000006,-49.881293
-13.501485,894.2563233333334,354.982811,-106.7807645,652.603423,83.0484635,-76.585696,373.97054049999997,44.933847,-59.77229400000001,6.807312999999965,-49.87631999999999
-13.501068666666667,894.2462153333335,354.97861966666665,-106.7484795,652.622368,83.02695700000001,-76.603854,373.99321,44.8331955,-59.770136,6.833351999999991,-49.87227300000001
-13.500521333333333,894.2371549999999,354.97464800000006,-106.715965,652.6389099999999,83.00924950000001,-76.62132199999999,374.0131095,44.73937,-59.767892,6.859105,-49.868970000000004
-13.499821666666667,894.2291776666666,354.97091900000004,-106.68334949999999,652.6528825,82.995447,-76.638086,374.0300975,44.6524025,-59.76573199999999,6.8845549999999776,-49.866215
-13.498948333333333,894.2223186666666,354.9674596666666,-106.650768,652.664135,82.9856435,-76.654144,374.04404750000003,44.572294,-59.763826,6.909689000000014,-49.863803999999995
-13.497879,894.216616,354.9642946666666,-106.6183625,652.6725369999999,82.97991999999999,-76.66950349999999,374.0548505,44.499013999999995,-59.762344999999996,6.93449099999998,-49.86152
-13.496590333333335,894.2121080000001,354.9614496666666,-106.586282,652.677974,82.9783415,-76.684185,374.062419,44.4325025,-59.761456,6.958944000000031,-49.859135
-13.495057333333333,894.2088359999999,354.958951,-106.55468350000001,652.680357,82.980958,-76.6982265,374.0666845,44.372671999999994,-59.76132500000001,6.983032999999978,-49.856413999999994
-13.493256,894.2068413333333,354.95682533333337,-106.523731,652.679617,82.9878025,-76.7116805,374.0676025,44.3194115,-59.762113,7.006738999999982,-49.853117
-13.491159666666666,894.2061673333333,354.9550993333333,-106.49359799999999,652.675712,82.9988915,-76.72461799999999,374.065149,44.272586499999996,-59.763976,7.030039999999985,-49.849001
-13.488742333333334,894.2068593333333,354.95379900000006,-106.46446699999998,652.668625,83.0142215,-76.7371305,374.059327,44.232045,-59.767067000000004,7.052915999999982,-49.843818
-13.485976666666666,894.2089616666667,354.952951,-106.43652900000001,652.6583685,83.0337725,-76.74932849999999,374.050162,44.1976215,-59.771530999999996,7.075341999999978,-49.837323
-13.482834000000002,894.2125226666667,354.95258233333334,-106.409987,652.6449835000001,83.05750499999999,-76.761347,374.03770699999995,44.1691385,-59.77751000000001,7.097289999999987,-49.829271000000006
-13.479287333333332,894.2175896666668,354.95271899999995,-106.385054,652.6285419999999,83.08536050000001,-76.7733425,374.022043,44.146412,-59.785135,7.118730000000028,-49.81942
-13.475307666666666,894.2242133333333,354.9533876666667,-106.3619555,652.609147,83.1172615,-76.785499,374.00327649999997,44.129257,-59.794536,7.139628999999957,-49.80753800000001
