Sh_x,Sh_y,Sh_z,El_x,El_y,El_z,Wr_x,Wr_y,Wr_z,WrVec_x,WrVec_y,WrVec_z
-15.672353999999999,890.6098213333333,353.63590466666665,-109.97347500000001,652.0904415,79.5538085,-90.9093585,373.277356,40.5146535,-59.381279,5.5384840000000395,-50.43696100000001
-15.664850666666666,890.5764833333334,353.627592,-110.035852,652.2487954999999,79.41548399999999,-90.8312255,373.41772549999996,40.498836,-59.296899,5.465157000000033,-50.537778
-15.657492,890.5469703333333,353.61953133333327,-110.10976550000001,652.4153685,79.2755255,-90.75255200000001,373.564867,40.5096315,-59.210842,5.383236000000011,-50.640331
-15.650300000000001,890.5212753333334,353.61171433333334,-110.195187,652.589941,79.1339855,-90.67279049999999,373.7187355,40.5483095,-59.123172999999994,5.292406999999969,-50.74452500000001
-15.643296999999999,890.4993879999998,353.604134,-110.29208349999999,652.772289,78.9909285,-90.5914,373.8792925,40.6161425,-59.03396600000001,5.192361000000005,-50.850251
-15.636504,890.4812943333333,353.5967843333333,-110.4004175,652.9621865,78.846428,-90.5078525,374.0465135,40.7144115,-58.94330300000001,5.082799000000023,-50.957389
-15.62994,890.46698,353.58965800000004,-110.52014799999999,653.1594055,78.7005705,-90.421634,374.220381,40.844395,-58.851271999999994,4.963427999999965,-51.06580799999999
-15.623624999999999,890.456425,353.5827506666667,-110.6512295,653.3637125,78.553453,-90.332245,374.400889,41.007368,-58.757968000000005,4.833964000000037,-51.17536799999999
-15.617577666666667,890.4496089999999,353.57605566666666,-110.7936115,653.5748745000001,78.40518800000001,-90.239201,374.588039,41.204599,-58.663487999999994,4.6941360000000145,-51.28591800000001
-15.611813666666668,890.4465076666667,353.5695686666666,-110.94724000000001,653.7926500000001,78.255899,-90.1420375,374.78184350000004,41.4373435,-58.567938999999996,4.543685000000039,-51.397297
-15.606350666666666,890.447095,353.563285,-111.1120535,654.0167985,78.105727,-90.0403085,374.98232199999995,41.7068395,-58.471425,4.38236599999999,-51.509335
-15.601202666666666,890.4513416666667,353.55720133333335,-111.287987,654.2470705000001,77.9548245,-89.9335905,375.1895045,42.014306999999995,-58.37405499999999,4.209944999999948,-51.621854
-15.596385,890.459218,353.5513143333333,-111.4749685,654.483215,77.80336199999999,-89.8214815,375.4034275,42.360936499999994,-58.275935000000004,4.026210999999989,-51.734666999999995
-15.591909333333334,890.47069,353.5456203333333,-111.672921,654.7249744999999,77.6515235,-89.703604,375.6241365,42.747890500000004,-58.177176,3.830962999999997,-51.847581000000005
-15.587787999999998,890.4857226666667,353.54011833333334,-111.8817595,654.9720875,77.49951,-89.579604,375.85168550000003,43.17629650000001,-58.077881999999995,3.6240250000000174,-51.960399
-15.584031333333334,890.504278,353.5348053333334,-112.1013925,655.224287,77.347538,-89.44915449999999,376.086137,43.647240999999994,-57.978156999999996,3.405234000000007,-52.072911999999995
-15.580648333333334,890.5263176666667,353.5296813333334,-112.33172150000001,655.4813005,77.19583850000001,-89.3119545,376.3275605,44.161768,-57.87809899999999,3.1744509999999764,-52.184914000000006
-15.577647999999998,890.5518000000001,353.52474600000005,-112.57264,655.742849,77.0446595,-89.1677305,376.576035,44.720871,-57.77780299999999,2.9315599999999904,-52.296188
-15.575035999999999,890.5806823333332,353.5199993333333,-112.824035,656.008651,76.8942625,-89.016235,376.83164650000003,45.325492999999994,-57.67735799999999,2.6764609999999607,-52.406518
-15.572818333333332,890.6129203333334,353.5154413333333,-113.0857835,656.2784174999999,76.7449245,-88.8572515,377.094491,45.9765175,-57.576843000000004,2.409080000000017,-52.51568700000001
-15.570999999999998,890.648468,353.511074,-113.35775699999999,656.5518565,76.596936,-88.6905905,377.364671,46.6747695,-57.476333000000004,2.1293660000000045,-52.623470999999995
-15.569583,890.6872776666665,353.5068996666667,-113.639817,656.8286700000001,76.450601,-88.51609,377.642299,47.4210075,-57.375892,1.8372899999999959,-52.729651
-15.568569666666667,890.7293013333334,353.50292033333335,-113.931817,657.1085565000001,76.3062365,-88.3336175,377.927496,48.2159235,-57.275575,1.5328440000000114,-52.834002999999996
-15.567959000000002,890.7744876666667,353.499139,-114.2336035,657.3912115,76.16417100000001,-88.1430685,378.2203905,49.060137499999996,-57.175431,1.2160489999999982,-52.936308999999994
-15.567751666666666,890.8227866666666,353.49556,-114.545014,657.6763265,76.024743,-87.9443665,378.521122,49.954197,-57.075493,0.8869439999999713,-53.036345999999995
-15.567944333333335,890.8741456666667,353.49218733333333,-114.86587800000001,657.9635905,75.8883015,-87.737461,378.82983750000005,50.8985725,-56.975787999999994,0.5455929999999967,-53.13390100000001
-15.568534,890.9285126666667,353.48902599999997,-115.19601750000001,658.2526915,75.755202,-87.522332,379.146694,51.893656,-56.87633,0.19208399999996573,-53.22875599999999
-15.569514666666668,890.9858323333333,353.48608066666674,-115.535247,658.5433145,75.6258095,-87.298981,379.4718575,52.939761499999996,-56.77712400000001,-0.17347500000005311,-53.320702999999995
-15.570881333333332,891.0460516666666,353.4833576666667,-115.88337200000001,658.8351455,75.500494,-87.06743800000001,379.8055025,54.0371215,-56.678162,-0.5509529999999927,-53.409533
-15.572625333333335,891.1091143333333,353.48086366666666,-116.240193,659.12787,75.3796285,-86.827757,380.1478135,55.185885,-56.57943000000001,-0.9401970000000119,-53.49504400000001
-15.574738333333334,891.1749653333333,353.47860433333335,-116.6055025,659.4211735,75.263592,-86.580015,380.4989855,56.386121499999994,-56.480898,-1.3410350000000335,-53.577039
-15.577210333333333,891.2435486666667,353.4765883333334,-116.979085,659.7147445,75.1527615,-86.32431199999999,380.859221,57.6378165,-56.382529999999996,-1.753274000000033,-53.655323
-15.58003,891.3148073333333,353.4748216666667,-117.36072,660.0082715000001,75.0475165,-86.060768,381.2287325,58.94087449999999,-56.284279999999995,-2.1767050000000268,-53.729713
-15.583184333333334,891.3886856666667,353.4733136666667,-117.7501815,660.3014485,74.94823500000001,-85.789526,381.6077425,60.295119,-56.186091999999995,-2.6110990000000243,-53.800028
-15.586659666666668,891.4651266666666,353.472072,-118.14723599999999,660.593971,74.855292,-85.510744,381.996481,61.700292499999996,-56.08790199999999,-3.0562140000000113,-53.866091
-15.590440333333333,891.544073,353.471105,-118.5516455,660.8855395,74.769057,-85.22460050000001,382.3951885,63.1560615,-55.989639,-3.5117890000000216,-53.92773699999999
-15.594511666666667,891.6254690000001,353.4704216666667,-118.963167,661.1758605,74.68989499999999,-84.931289,382.8041125,64.662014,-55.891224,-3.9775510000000054,-53.984802
-15.598854666666668,891.7092573333333,353.470031,-119.381553,661.464643,74.61816300000001,-84.631018,383.22351,66.217664,-55.792574,-4.453214000000003,-54.037134
-15.603451999999999,891.7953819999999,353.46994366666667,-119.80655099999998,661.7516055000001,74.55421,-84.32400849999999,383.653647,67.8224555,-55.69359899999999,-4.938481999999965,-54.084585000000004
-15.608284,891.8837870000001,353.470168,-120.23790499999998,662.036471,74.498375,-84.0104965,384.09479450000003,69.4757615,-55.594204999999995,-5.4330490000000395,-54.12701500000001
-15.613329666666667,891.9744166666666,353.4707143333333,-120.6753545,662.318971,74.4509845,-83.6907235,384.5472335,71.1768905,-55.494295,-5.936599000000001,-54.16429099999999
-15.618567666666666,892.067216,353.4715926666667,-121.1186385,662.5988435,74.412353,-83.36494400000001,385.011251,72.9250885,-55.39376800000001,-6.448811999999975,-54.196284999999996
-15.623975333333334,892.1621293333333,353.47281266666664,-121.5674905,662.8758365000001,74.3827825,-83.03341850000001,385.4871415,74.7195405,-55.292523,-6.969358999999997,-54.222879
-15.629529666666665,892.2591036666666,353.4743853333334,-122.021642,663.1497045,74.3625585,-82.6964135,385.97520499999996,76.559379,-55.190456999999995,-7.497907999999995,-54.24396
-15.635206000000002,892.3580856666667,353.47632100000004,-122.480824,663.4202124999999,74.351951,-82.3542,386.4757465,78.443683,-55.08746800000001,-8.034127000000012,-54.259421999999994
-15.640979666666667,892.4590216666667,353.4786296666666,-122.94476449999999,663.6871335,74.3512135,-82.0070525,386.989078,80.3714835,-54.983451,-8.577675999999997,-54.269167
-15.646823666666668,892.5618596666667,353.481323,-123.41319050000001,663.950253,74.3605815,-81.655247,387.51551500000005,82.341769,-54.878308000000004,-9.128219999999999,-54.2731
-15.652712333333332,892.6665493333334,353.4844106666667,-123.885828,664.2093629999999,74.38027249999999,-81.299059,388.055378,84.3534875,-54.771938000000006,-9.685422000000017,-54.271137
-15.658617666666666,892.77304,353.4879036666666,-124.3624035,664.4642685,74.410484,-80.9387645,388.608991,86.40555,-54.664246999999996,-10.248950000000036,-54.263196
-15.664511666666668,892.8812819999999,353.49181300000004,-124.8426415,664.714783,74.451395,-80.574636,389.176682,88.496837,-54.555139999999994,-10.818471999999986,-54.249202
-15.670366333333334,892.991228,353.49615,-125.326268,664.960731,74.503163,-80.206942,389.7587805,90.62620050000001,-54.44452799999999,-11.393658999999957,-54.22908700000001
-15.676150666666667,893.1028303333333,353.5009243333334,-125.8130085,665.201949,74.565926,-79.835948,390.3556185,92.7924675,-54.332326,-11.974191000000019,-54.202787
-15.681837000000002,893.216042,353.50614833333333,-126.30259000000001,665.4382835,74.639801,-79.461911,390.9675315,94.9944465,-54.218456,-12.559747000000016,-54.170243
-15.687394,893.3308196666667,353.5118316666667,-126.79474049999999,665.6695910000001,74.7248835,-79.0850825,391.5948545,97.23092650000001,-54.102838999999996,-13.150021000000038,-54.13140299999999
-15.692791,893.4471196666667,353.51798499999995,-127.28918949999999,665.8957415,74.821249,-78.705705,392.23792349999997,99.500685,-53.985408,-13.74470500000001,-54.086214
-15.697997,893.5648976666666,353.5246196666667,-127.78566749999999,666.1166145,74.928951,-78.32401250000001,392.8970765,101.8024875,-53.866099000000006,-14.343504999999993,-54.03463500000001
-15.702981,893.6841143333332,353.53174633333333,-128.2839065,666.3320995,75.048022,-77.94022749999999,393.5726485,104.135094,-53.744851,-14.946128999999985,-53.97662199999999
-15.707710999999998,893.8047293333334,353.539375,-128.783642,666.5420995,75.1784745,-77.5545635,394.2649765,106.497259,-53.621612999999996,-15.55229700000001,-53.912139999999994
-15.712155666666666,893.926704,353.5475163333333,-129.284611,666.7465265000001,75.3203015,-77.1672205,394.9743945,108.887737,-53.496337000000004,-16.16173900000001,-53.84115399999999
-15.716282666666666,894.0500013333334,353.5561803333333,-129.7865535,666.945305,75.473473,-76.778388,395.7012355,111.305281,-53.368982,-16.77418899999998,-53.763633999999996
-15.720060333333334,894.1745856666666,353.5653776666666,-130.2892125,667.1383695,75.63794250000001,-76.38824149999999,396.445831,113.74865,-53.239513,-17.38939000000005,-53.679552
-15.723455999999999,894.3004223333334,353.57511666666664,-130.79233299999999,667.3256670000001,75.813643,-75.9969425,397.2085085,116.21660549999999,-53.107903,-18.00709900000004,-53.588882999999996
-15.726438000000002,894.427479,353.58540833333336,-131.2956635,667.507152,76.000489,-75.6046405,397.989594,118.70791750000001,-52.974124999999994,-18.627073999999993,-53.49160500000001
-15.728974,894.5557239999999,353.59626099999997,-131.798957,667.682793,76.19837799999999,-75.211469,398.78940850000004,121.22136449999999,-52.838162,-19.249086999999975,-53.387699
-15.731031999999999,894.6851270000001,353.60768466666667,-132.301968,667.8525669999999,76.4071895,-74.817548,399.6082695,123.75573449999999,-52.70000199999999,-19.87291700000003,-53.277145000000004
-15.732581000000001,894.8156596666668,353.6196866666667,-132.804457,668.0164609999999,76.626788,-74.422983,400.4464885,126.3098265,-52.55963800000001,-20.49834900000002,-53.15992700000001
-15.733588333333335,894.9472946666666,353.6322766666667,-133.3061865,668.1744755,76.857021,-74.02786499999999,401.3043745,128.882451,-52.417063999999996,-21.125179000000003,-53.03603
-15.734022666666666,895.080006,353.64546233333334,-133.80692299999998,668.3266155,77.0977235,-73.6322705,402.182229,131.4724325,-52.272287000000006,-21.753207999999972,-52.905440999999996
-15.733853333333334,895.21377,353.65925100000004,-134.306439,668.4729005,77.348715,-73.236261,403.08034499999997,134.078606,-52.125310000000006,-22.382243999999957,-52.76814800000001
-15.733049666666668,895.348562,353.6736506666667,-134.8045085,668.6133575,77.609803,-72.8398845,403.9990125,136.69982249999998,-51.976144999999995,-23.012103000000025,-52.624138999999985
-15.731580666666666,895.4843613333333,353.6886686666667,-135.3009115,668.748022,77.88078300000001,-72.443175,404.938511,139.3349445,-51.824808000000004,-23.642607999999996,-52.473405000000014
-15.729417,895.6211480000001,353.7043106666667,-135.795432,668.876941,78.1614405,-72.046153,405.8991115,141.98284999999998,-51.671314,-24.273585000000026,-52.315935999999994
-15.726529333333332,895.7589013333333,353.7205843333333,-136.287859,669.000168,78.4515505,-71.64882499999999,406.881077,144.642429,-51.515688,-24.90486599999997,-52.15172399999999
-15.722887666666667,895.8976043333332,353.7374946666667,-136.7779845,669.1177654999999,78.75088,-71.25118599999999,407.88466,147.3125855,-51.35795399999999,-25.536290000000008,-51.980761
-15.718465,896.0372403333332,353.755048,-137.265608,669.229806,79.0591875,-70.853219,408.910102,149.9922345,-51.198139999999995,-26.167699999999968,-51.80304099999999
-15.713232666666665,896.1777936666667,353.7732496666667,-137.750532,669.336368,79.3762255,-70.454895,409.957634,152.6803055,-51.036276,-26.798940000000016,-51.61855700000001
-15.707163,896.3192506666668,353.7921043333333,-138.2325645,669.4375385000001,79.70174,-70.056175,411.027472,155.3757375,-50.872396,-27.42986000000002,-51.42730500000002
-15.700230666666668,896.4615973333333,353.81161633333335,-138.7115185,669.533411,80.035473,-69.657009,412.1198225,158.077482,-50.706534000000005,-28.06031299999995,-51.22928000000002
-15.692409666666668,896.6048226666667,353.83179033333334,-139.187213,669.6240895,80.3771625,-69.2573405,413.2348735,160.78450049999998,-50.538729000000004,-28.69015300000001,-51.024479000000014
-15.683674666666667,896.748915,353.85262966666664,-139.6594725,669.7096805,80.726545,-68.8571015,414.37280050000004,163.495763,-50.369019,-29.319238999999982,-50.81290199999998
-15.674001666666667,896.893865,353.8741376666667,-140.1281255,669.7903,81.083353,-68.456218,415.53376249999997,166.2102505,-50.197444000000004,-29.947427000000005,-50.59454699999998
-15.663366666666667,897.0396636666668,353.896318,-140.5930085,669.8660685,81.447319,-68.054611,416.71790050000004,168.92695,-50.02404800000001,-30.57457900000003,-50.369416
-15.651748,897.1863036666667,353.91917233333334,-141.053963,669.937115,81.8181765,-67.652193,417.925338,171.6448565,-49.848872,-31.200556000000006,-50.13751300000001
-15.639123666666668,897.3337776666667,353.942704,-141.5108365,670.0035714999999,82.195658,-67.2488745,419.1561785,174.362972,-49.671961,-31.825219000000004,-49.89884600000002
-15.625473,897.4820803333333,353.96691400000003,-141.9634825,670.0655770000001,82.5794995,-66.8445605,420.410505,177.080304,-49.49336099999999,-32.44843000000003,-49.65342000000001
-15.610775666666667,897.6312056666666,353.9918043333333,-142.4117625,670.123274,82.9694375,-66.4391545,421.68838,179.795866,-49.313115,-33.07005000000004,-49.401250000000005
-15.595013333333334,897.7811506666667,354.017376,-142.855543,670.1768115,83.3652135,-66.0325575,422.989843,182.50867449999998,-49.13127300000001,-33.68994399999997,-49.142348999999996
-15.578168666666665,897.9319113333332,354.0436293333334,-143.2946985,670.2263425,83.766571,-65.6246695,424.31491,185.21775200000002,-48.94787899999999,-34.307969999999955,-48.87673800000002
-15.560224,898.0834846666667,354.0705653333334,-143.7291095,670.2720234999999,84.173259,-65.2153905,425.6635725,187.922124,-48.762980999999996,-34.923989000000006,-48.60444000000001
-15.541164333333333,898.2358690000001,354.09818366666667,-144.15866549999998,670.3140145,84.585031,-64.8046225,427.035797,190.62081999999998,-48.576626999999995,-35.53786200000002,-48.325481999999994
-15.520974333333333,898.389063,354.12648433333334,-144.583261,670.35248,85.001646,-64.3922675,428.4315225,193.312871,-48.38886299999999,-36.14944499999996,-48.039897999999994
-15.499641000000002,898.543065,354.1554656666667,-145.0028,670.3875855,85.4228695,-63.978232000000006,429.850661,195.9973145,-48.199738,-36.758598000000006,-47.747727
-15.477151333333333,898.697875,354.185128,-145.417194,670.419502,85.8484725,-63.56242449999999,431.2930975,198.67318849999998,-48.009297,-37.36517500000002,-47.44901300000001
-15.453493666666667,898.853493,354.215469,-145.826362,670.4484004999999,86.278233,-63.14475899999999,432.7586855,201.33953400000001,-47.81758799999999,-37.96903099999997,-47.14380800000001
-15.428659000000001,899.0099193333334,354.2464876666666,-146.230231,670.474455,86.711937,-62.7251535,434.24725,203.995397,-47.624658999999994,-38.57002,-46.83217000000002
-15.402636333333334,899.1671536666666,354.2781806666667,-146.6287365,670.4978404999999,87.14937649999999,-62.303532000000004,435.75858600000004,206.6398275,-47.43055400000001,-39.16799199999997,-46.514162999999996
-15.375419333333333,899.325198,354.3105473333333,-147.02182299999998,670.5187344999999,87.59035250000001,-61.87982600000001,437.292456,209.27187800000002,-47.235322000000004,-39.762797999999975,-46.18986199999998
-15.347,899.4840519999999,354.3435833333333,-147.4094425,670.537313,88.0346715,-61.453971499999994,438.8485925,211.8906075,-47.03900699999999,-40.354287,-45.85934499999999
-15.317373666666668,899.6437179999999,354.37728666666663,-147.7915565,670.5537555,88.482151,-61.025915999999995,440.4266945,214.4950805,-46.841654,-40.94230700000003,-45.522700999999984
-15.286534666666668,899.8041956666666,354.4116536666666,-148.1681345,670.568239,88.932614,-60.595612,442.026428,217.08436749999998,-46.643308,-41.526703999999995,-45.18002900000002
-15.254480666666668,899.9654866666666,354.44668133333334,-148.5391555,670.5809415,89.385892,-60.163022,443.64742950000004,219.6575475,-46.444014,-42.10732300000001,-44.83143100000001
-15.221208666666667,900.1275916666667,354.482365,-148.904606,670.5920404999999,89.841825,-59.728117999999995,445.2893,222.213708,-46.243816,-42.68401,-44.477024
-15.186717999999999,900.2905116666667,354.51870099999996,-149.264483,670.6017119999999,90.3002605,-59.2908825,446.9516095,224.75194449999998,-46.04275700000001,-43.25660899999997,-44.116929
-15.151009,900.454247,354.555685,-149.61879150000001,670.610131,90.761055,-58.851306,448.633895,227.2713665,-45.84088200000001,-43.82496400000002,-43.751277000000016
-15.114082666666667,900.618798,354.59331233333336,-149.9675455,670.6174705000001,91.22407050000001,-58.4093905,450.335662,229.7710945,-45.63823299999999,-44.388915999999995,-43.38020899999998
-15.075941666666665,900.7841653333334,354.631578,-150.3107675,670.6239025,91.689178,-57.965149499999995,452.056383,232.25026450000001,-45.434853,-44.94831199999999,-43.003870999999975
-15.036589666666666,900.9503473333334,354.6704766666667,-150.64848849999998,670.6295955,92.1562565,-57.518607,453.7955015,234.7080265,-45.230786,-45.502995000000055,-42.62242299999997
-14.996030666666668,901.1173446666667,354.710003,-150.980748,670.6347149999999,92.6251905,-57.069799,455.55242899999996,237.14354799999998,-45.026074,-46.052809999999965,-42.23602599999998
-14.954271999999998,901.2851559999999,354.75015133333335,-151.3075945,670.6394255,93.0958725,-56.61877199999999,457.3265485,239.5560175,-44.820761999999995,-46.597605000000044,-41.84485300000003
-14.911319,901.453779,354.79091633333337,-151.629084,670.6438860000001,93.568201,-56.1655845,459.117213,241.94464250000001,-44.61489300000001,-47.137226,-41.449085000000025
-14.867180999999997,901.6232126666667,354.83229033333333,-151.94528,670.6482525,94.04208249999999,-55.7103075,460.92375,244.308654,-44.408513,-47.67152199999998,-41.04890599999999
-14.821867333333335,901.7934536666667,354.8742683333333,-152.256254,670.6526779999999,94.5174275,-55.253023,462.745459,246.647307,-44.201665999999996,-48.200346000000025,-40.644508
-14.775387666666667,901.9644993333335,354.91684333333336,-152.5620845,670.6573105,94.99415350000001,-54.7938255,464.5816145,248.959883,-43.99439699999999,-48.72355300000004,-40.23608999999999
-14.727753666666667,902.1363456666668,354.960008,-152.86285800000002,670.6622930000001,95.4721835,-54.332821,466.431468,251.24569150000002,-43.786758000000006,-49.24099799999999,-39.823857000000004
-14.678978333333333,902.3089880000001,355.00375499999996,-153.15866599999998,670.6677655000001,95.9514445,-53.8701285,468.2942485,253.504073,-43.578795,-49.752543,-39.40801400000001
-14.629074666666668,902.482421,355.0480783333333,-153.44960700000001,670.673861,96.4318705,-53.405877,470.169165,255.734397,-43.370558,-50.258051999999964,-38.98877400000001
-14.578057666666666,902.6566389999999,355.09296866666665,-153.73578600000002,670.6807085,96.913398,-52.9402085,472.055407,257.93606950000003,-43.162103,-50.75738999999999,-38.566351
-14.525943333333332,902.8316346666666,355.1384196666666,-154.017312,670.6884315,97.395969,-52.473276,473.95214699999997,260.108529,-42.953482,-51.250433999999984,-38.140964
-14.472747,903.0074,355.1844223333333,-154.29430000000002,670.6971464999999,97.879528,-52.0052445,475.8585425,262.25125249999996,-42.744755,-51.737055,-37.712830999999994
-14.418487666666666,903.1839266666667,355.2309686666667,-154.5668685,670.706966,98.3640245,-51.536288,477.77373750000004,264.36375350000003,-42.535979999999995,-52.21713900000003,-37.282171000000005
-14.363183666666666,903.3612053333333,355.27805033333334,-154.8351415,670.7179965,98.84940950000001,-51.0665945,479.6968645,266.445586,-42.327220999999994,-52.69056899999998,-36.84920599999998
-14.306854333333334,903.539224,355.325658,-155.0992445,670.730335,99.33563850000002,-50.596359,481.627048,268.496344,-42.118542000000005,-53.15724,-36.414153999999996
-14.249519999999999,903.7179723333334,355.373783,-155.359308,670.7440765,99.82266899999999,-50.125789000000005,483.563403,270.5156645,-41.910014000000004,-53.61704599999996,-35.977232999999984
-14.191202666666667,903.8974359999999,355.42241633333333,-155.6154635,670.759307,100.3104605,-49.6551005,485.50504,272.503226,-41.701709,-54.06989199999998,-35.53866000000002
-14.131923999999998,904.077602,355.47154833333326,-155.8678455,670.7761055,100.79897500000001,-49.184518,487.45106649999997,274.458751,-41.493704,-54.51568699999996,-35.098648000000026
-14.071706999999998,904.2584543333334,355.5211696666667,-156.1165905,670.7945460000001,101.288175,-48.7142755,489.40058899999997,276.38200700000004,-41.286077000000006,-54.95434799999998,-34.657403999999985
-14.010576666666665,904.4399766666667,355.57127033333336,-156.3618335,670.8146945000001,101.77802550000001,-48.2446145,491.3527135,278.272807,-41.078913,-55.38579500000003,-34.215134000000035
-13.948556333333334,904.6221523333334,355.6218403333333,-156.6037135,670.836611,102.26849250000001,-47.7757845,493.3065505,280.13100799999995,-40.872299,-55.809957000000054,-33.77203800000001
-13.885672999999999,904.8049616666667,355.67287000000005,-156.8423665,670.8603465,102.75954250000001,-47.3080415,495.2612145,281.956513,-40.666326999999995,-56.22676899999999,-33.328310000000045
-13.821951333333331,904.9883846666668,355.7243486666667,-157.07792999999998,670.8859485,103.251143,-46.841647,497.215825,283.7492705,-40.461091999999994,-56.63617199999999,-32.88413700000001
-13.757420000000002,905.1724006666667,355.77626633333335,-157.3105405,670.9134545,103.74326149999999,-46.3768685,499.1695125,285.5092735,-40.256693000000006,-57.038115000000005,-32.43969900000002
-13.692105666666665,905.3569866666667,355.82861199999996,-157.540332,670.942896,104.23586599999999,-45.913977,501.12141699999995,287.236562,-40.053234,-57.43255199999993,-31.995168000000035
-13.62603666666667,905.5421193333333,355.881375,-157.7674375,670.9742985,104.728925,-45.453249,503.0706905,288.9312185,-39.85082,-57.81944499999997,-31.55071099999998
-13.559242333333335,905.727774,355.934545,-157.9919885,671.0076795,105.2224055,-44.994963,505.01649899999995,290.59337,-39.649564,-58.19876199999993,-31.106482000000028
-13.491752333333332,905.9139246666667,355.98811066666667,-158.2141135,671.04305,105.716276,-44.5393995,506.95802299999997,292.2231855,-39.449579,-58.57047799999998,-30.662629000000038
-13.42359633333333,906.1005436666668,356.04206066666666,-158.4339375,671.0804155000001,106.2105025,-44.0868405,508.894461,293.8208755,-39.250980999999996,-58.934574000000055,-30.219291
-13.354805333333331,906.2876029999999,356.096385,-158.65158350000002,671.119772,106.70505299999999,-43.637568,510.82503099999997,295.38669300000004,-39.053894,-59.291038000000015,-29.776595999999984
-13.28541066666667,906.4750733333334,356.1510713333334,-158.86717000000002,671.1611125,107.199891,-43.191864,512.7489674999999,296.9209265,-38.858436,-59.63986299999999,-29.334662999999978
-13.215443333333333,906.6629233333333,356.20610899999997,-159.080813,671.2044215000001,107.69498300000001,-42.750009,514.6655295,298.423904,-38.664736000000005,-59.98104900000004,-28.893601999999987
-13.144936,906.8511223333331,356.2614853333334,-159.292623,671.2496775,108.190293,-42.3122805,516.5739960000001,299.895989,-38.472922999999994,-60.314602000000036,-28.45351199999999
-13.073920999999999,907.0396356666666,356.3171896666667,-159.50270799999998,671.296853,108.68578249999999,-41.878953,518.4736695,301.33757849999995,-38.283124,-60.640533000000005,-28.01448099999999
-13.002431333333334,907.2284306666667,356.37321000000003,-159.71117049999998,671.3459155,109.181414,-41.4502965,520.3638775,302.7491005,-38.095471,-60.95885899999996,-27.576591000000008
-12.930500333333335,907.4174709999999,356.4295346666666,-159.918109,671.3968265000001,109.67714899999999,-41.0265775,522.2439725,304.131014,-37.91009699999999,-61.26960100000002,-27.139909999999986
-12.858161,907.6067223333334,356.48615133333334,-160.123617,671.4495405,110.1729455,-40.6080525,524.1133325,305.4838035,-37.727135000000004,-61.572787000000005,-26.704497000000003
-12.785447666666668,907.7961449999999,356.543048,-160.3277845,671.504009,110.6687625,-40.1949755,525.9713615,306.8079815,-37.546719,-61.868449,-26.270404999999982
-12.712394333333336,907.9857013333334,356.600212,-160.5306955,671.5601770000001,111.1645565,-39.787589499999996,527.8174935,308.104081,-37.368981,-62.15662299999997,-25.837670000000003
-12.639035666666667,908.1753526666666,356.65763166666665,-160.73242950000002,671.6179855,111.66028349999999,-39.3861305,529.6511869999999,309.3726565,-37.194055000000006,-62.43734800000004,-25.406329000000028
-12.565405333333333,908.3650576666665,356.71529333333336,-160.933063,671.6773705,112.15589800000001,-38.990823500000005,531.4719305,310.614281,-37.022073,-62.71067099999999,-24.976400000000012
-12.491538666666665,908.5547756666666,356.77318466666674,-161.1326655,671.7382640000001,112.6513535,-38.6018845,533.279241,311.829542,-36.853163,-62.976639999999975,-24.547898000000032
-12.417469666666667,908.7444636666665,356.83129333333335,-161.3313035,671.8005945,113.1466015,-38.219516999999996,535.072664,313.019041,-36.687458,-63.23530400000004,-24.120830000000012
-12.343234666666666,908.9340786666667,356.8896056666667,-161.5290385,671.864286,113.6415925,-37.8439145,536.851774,314.18339149999997,-36.525081,-63.48672000000005,-23.69519299999996
-12.268867333333333,909.123576,356.94810866666666,-161.7259265,671.929259,114.136276,-37.4752575,538.6161744999999,315.3232125,-36.366157,-63.73094499999996,-23.270977000000016
-12.194403333333335,909.3129113333334,357.0067893333333,-161.922022,671.995431,114.63060100000001,-37.113712500000005,540.3654994999999,316.4391315,-36.210805,-63.96804099999997,-22.848163
-12.119877666666667,909.5020383333334,357.0656333333333,-162.11737349999999,672.062717,115.124514,-36.759433,542.099411,317.53178,-36.059144,-64.19806999999997,-22.426729999999964
-12.045325,909.690911,357.1246283333333,-162.312025,672.1310285,115.6179625,-36.4125595,543.8176015,318.601789,-35.91128499999999,-64.42109699999997,-22.006646000000046
-11.970780666666668,909.8794816666667,357.183759,-162.50601799999998,672.2002765,116.11089,-36.0732165,545.5197905,319.6497915,-35.767337,-64.63718900000003,-21.587874999999997
-11.896279666666667,910.0677023333334,357.24301266666663,-162.6993905,672.2703675,116.6032425,-35.7415155,547.205729,320.676415,-35.627403,-64.84641799999997,-21.17037799999997
-11.821856333333335,910.255525,357.3023746666667,-162.8921755,672.341208,117.09496250000001,-35.417551,548.8751945,321.68228450000004,-35.491582,-65.04885300000001,-20.754105000000038
-11.747545333333333,910.4429003333333,357.361831,-163.0844045,672.412702,117.5859925,-35.101403499999996,550.527994,322.6680175,-35.359965,-65.24456799999996,-20.339008999999976
-11.673381333333333,910.6297786666668,357.421368,-163.276106,672.484753,118.07627500000001,-34.7931385,552.1639614999999,323.6342235,-35.232639000000006,-65.43363699999998,-19.925032999999985
-11.599398333333333,910.8161103333333,357.4809706666667,-163.46730300000002,672.5572629999999,118.56575050000001,-34.492805000000004,553.7829595000001,324.581502,-35.109686,-65.6161350000001,-19.512121999999977
-11.525630999999999,911.0018446666667,357.54062433333337,-163.658019,672.630134,119.05436,-34.2004365,555.3848774999999,325.510441,-34.991175,-65.79214100000002,-19.100212
-11.452112666666666,911.1869316666667,357.60031533333336,-163.8482735,672.7032655,119.542044,-33.916052,556.96963,326.421616,-34.877176000000006,-65.9617320000001,-18.689243999999974
-11.378876666666665,911.3713200000001,357.6600283333334,-164.038083,672.77656,120.0287415,-33.639655,558.53716,327.3155875,-34.767746,-66.12498800000003,-18.279153000000008
-11.305957333333334,911.5549586666667,357.71974833333337,-164.2274635,672.849918,120.51439199999999,-33.3712325,560.0874329999999,328.192902,-34.662937,-66.28199200000006,-17.86987399999998
-11.233386333333334,911.7377966666667,357.77946066666664,-164.416427,672.92324,120.998933,-33.1107585,561.62044,329.054089,-34.562789,-66.43282399999998,-17.461340000000007
-11.161195999999999,911.9197829999999,357.8391506666667,-164.6049855,672.9964279999999,121.482305,-32.858192,563.1361975,329.89966,-34.46734,-66.57756900000004,-17.053488000000016
-11.089420333333335,912.1008660000001,357.89880366666665,-164.793147,673.0693845,121.9644445,-32.613477,564.634742,330.7301105,-34.376612,-66.71631000000002,-16.646253
-11.018088999999998,912.2809946666666,357.95840300000003,-164.98092,673.1420125,122.445291,-32.376545,566.1161334999999,331.5459165,-34.290626,-66.84913700000004,-16.239573000000007
-10.947234666666667,912.460118,358.0179346666667,-165.168309,673.2142165,122.92478200000001,-32.147313499999996,567.5804535,332.347536,-34.209387,-66.976135,-15.833386000000019
-10.876887666666667,912.6381856666667,358.07738266666667,-165.355319,673.2859025,123.40285449999999,-31.9256875,569.027803,333.135406,-34.132895,-67.09739400000001,-15.427636000000007
-10.807078666666667,912.8151466666667,358.136732,-165.54195149999998,673.3569765,123.8794475,-31.7115595,570.458301,333.909946,-34.061137,-67.21300599999995,-15.022266000000002
-10.73783766666667,912.9909513333333,358.19596666666666,-165.7282075,673.427349,124.354498,-31.504812,571.8720865,334.671555,-33.994096,-67.32306300000005,-14.617230000000006
-10.669193333333334,913.16555,358.2550713333333,-165.914086,673.496929,124.8279445,-31.3053145,573.2693145000001,335.420614,-33.931737,-67.42766100000006,-14.212478000000033
-10.601175333333332,913.338893,358.3140303333333,-166.0995855,673.56563,125.2997245,-31.112929,574.6501545,336.1574815,-33.874022,-67.52689499999997,-13.807971000000009
-10.533811333333333,913.5109316666667,358.372828,-166.28470099999998,673.633366,125.76977550000001,-30.927506,576.0147905,336.8825005,-33.820899999999995,-67.6208650000001,-13.403675000000021
-10.467129666666667,913.6816186666666,358.43144833333326,-166.469426,673.700053,126.23803649999999,-30.7488885,577.3634215,337.59599249999997,-33.77230900000001,-67.70967299999995,-12.999561000000028
-10.401157,913.8509056666667,358.4898753333334,-166.653755,673.76561,126.70444549999999,-30.5769105,578.696256,338.29826249999996,-33.728179000000004,-67.79342000000008,-12.59560700000003
-10.335920333333334,914.0187466666666,358.54809266666666,-166.83767699999999,673.8299589999999,127.1689395,-30.4114,580.0135135,338.98959649999995,-33.68843,-67.87221499999998,-12.191799000000003
-10.271444666666667,914.1850956666667,358.60608499999995,-167.021181,673.8930215,127.63145850000001,-30.2521795,581.3154225000001,339.67026250000004,-33.652969000000006,-67.94616299999996,-11.788130999999964
-10.207755666666666,914.3499073333332,358.66383566666667,-167.2042545,673.9547245,128.09194,-30.099063,582.6022195,340.34051250000005,-33.621694000000005,-68.01537700000006,-11.384605000000022
-10.144878666666665,914.5131373333334,358.721329,-167.3868825,674.0149954999999,128.550322,-29.951863,583.874146,341.000583,-33.594496,-68.07997,-10.981229999999982
-10.082836333333333,914.674743,358.77854866666667,-167.5690465,674.0737644999999,129.0065435,-29.8103865,585.131449,341.6506935,-33.571253,-68.14005799999995,-10.57802700000002
-10.021652333333332,914.8346813333333,358.8354786666667,-167.75072749999998,674.1309655,129.460543,-29.674438000000002,586.374378,342.2910495,-33.551834,-68.19575800000007,-10.175025000000005
-9.961349,914.992912,358.8921023333333,-167.931904,674.186533,129.9122585,-29.5438185,587.6031855,342.92184199999997,-33.536101,-68.24719499999992,-9.772262000000012
-9.901948666666668,915.1493933333333,358.9484036666667,-168.1125515,674.2404045000001,130.3616295,-29.4183285,588.8181235,343.5432495,-33.523905,-68.294489,-9.369782999999984
-9.843471666666666,915.304088,359.004367,-168.2926425,674.2925205,130.808593,-29.297767,590.0194429999999,344.155438,-33.515088000000006,-68.33776799999998,-8.967650000000049
-9.785937666666667,915.4569566666668,359.05997566666673,-168.472148,674.342823,131.2530875,-29.181933,591.207394,344.75856,-33.509485999999995,-68.37716,-8.565927999999985
-9.729367666666667,915.6079629999999,359.115214,-168.651036,674.391258,131.6950515,-29.070626,592.3822205,345.35275950000005,-33.506926,-68.41279699999996,-8.164694999999995
-9.673779000000001,915.7570716666668,359.1700656666667,-168.8292705,674.43777,132.134422,-28.963645500000002,593.544164,345.938169,-33.507229,-68.44480999999996,-7.764035999999976
-9.619190666666666,915.9042486666667,359.22451533333333,-169.006814,674.48231,132.57113800000002,-28.860795000000003,594.693459,346.51491150000004,-33.51021,-68.47333400000002,-7.364046999999971
-9.565618666666667,916.0494600000001,359.2785463333333,-169.1836265,674.524829,133.005136,-28.7618785,595.8303335,347.083102,-33.515677,-68.4985069999999,-6.964835999999991
-9.51308,916.192676,359.33214300000003,-169.359663,674.5652809999999,133.4363535,-28.666702,596.955006,347.6428465,-33.523436000000004,-68.52046399999995,-6.566512999999986
-9.461590333333334,916.3338650000001,359.38528966666667,-169.5348775,674.6036205,133.86472650000002,-28.575077,598.0676874999999,348.19424449999997,-33.533283999999995,-68.53934500000003,-6.169202999999982
-9.411164,916.4729986666666,359.4379706666667,-169.70922,674.6398055,134.2901915,-28.486816,599.1685775000001,348.737388,-33.54502,-68.55528900000002,-5.773033999999996
-9.361814333333333,916.6100499999999,359.49017066666664,-169.8826375,674.6737965,134.7126855,-28.401738,600.2578655,349.272364,-33.558437999999995,-68.56843500000002,-5.37814400000002
-9.313555333333333,916.7449936666667,359.541874,-170.0550745,674.705554,135.13214299999999,-28.319665,601.3357295000001,349.79925349999996,-33.57333,-68.57892299999992,-4.9846769999999765
-9.266398333333333,916.8778050000001,359.5930653333333,-170.226472,674.735043,135.548499,-28.2404235,602.4023345,350.31813150000005,-33.589489,-68.58689300000003,-4.592782999999997
-9.220355333333332,917.0084619999999,359.64372933333334,-170.396769,674.7622275000001,135.96168849999998,-28.1638455,603.4578329999999,350.82907,-33.606708999999995,-68.5924819999999,-4.20261400000004
-9.175436,917.1369436666668,359.693851,-170.5659015,674.7870760000001,136.371645,-28.089768,604.5023645,351.332136,-33.624784000000005,-68.5958290000001,-3.814332000000036
-9.131650666666665,917.2632303333334,359.743416,-170.7338015,674.8095575,136.778302,-28.018033000000003,605.536055,351.82739300000003,-33.643512,-68.59706600000004,-3.428098000000034
-9.089007333333333,917.3873053333333,359.79240933333335,-170.9004005,674.8296425000001,137.18159200000002,-27.948487999999998,606.559017,352.3149015,-33.662694,-68.59632999999997,-3.0440770000000157
-9.047514333333334,917.5091516666666,359.84081599999996,-171.0656265,674.8473055,137.581447,-27.8809865,607.5713485,352.79471850000004,-33.682135,-68.59374899999989,-2.6624350000000163
-9.007179,917.6287556666666,359.88862233333333,-171.22940549999998,674.8625195,137.977799,-27.815387,608.573133,353.26689899999997,-33.701646,-68.58945199999994,-2.2833400000000097
-8.968006,917.7461053333333,359.9358143333334,-171.391662,674.875263,138.37057950000002,-27.7515535,609.5644414999999,353.7314955,-33.721047,-68.58356100000003,-1.906959000000029
-8.930002333333332,917.8611890000001,359.98237766666665,-171.552318,674.8855145,138.759718,-27.689355499999998,610.54533,354.188558,-33.740161,-68.57619799999998,-1.533454000000006
-8.893172333333334,917.9739986666667,360.0283,-171.7112945,674.893254,139.145145,-27.628669,611.515841,354.6381345,-33.758824,-68.56747599999994,-1.1629909999999768
-8.857518,918.0845263333334,360.07356699999997,-171.868511,674.898465,139.52679,-27.5693735,612.476005,355.0802715,-33.776879,-68.55750799999998,-0.7957289999999944
-8.823043,918.1927653333333,360.11816633333336,-172.0238865,674.901132,139.9045825,-27.511355,613.425838,355.515014,-33.794182,-68.54639599999996,-0.43182200000001103
-8.789748666666666,918.2987136666667,360.16208499999993,-172.17733950000002,674.901243,140.2784505,-27.454505,614.3653449999999,355.942406,-33.810594,-68.53424000000007,-0.07142199999998411
-8.757637,918.4023673333332,360.2053113333333,-172.32878649999998,674.898786,140.648324,-27.398718499999998,615.2945179999999,356.36248750000004,-33.825995,-68.52113399999996,0.2853289999999902
-8.726706666666667,918.5037259999999,360.2478336666666,-172.47814599999998,674.8937530000001,141.01413050000002,-27.343898000000003,616.2133385,356.7753015,-33.840272,-68.50716499999999,0.638292999999976
-8.696958,918.6027909999999,360.28963999999996,-172.6253355,674.8861395,141.375799,-27.289946999999998,617.1217785,357.1808865,-33.853328000000005,-68.49241099999995,0.9873410000000149
-8.668388333333333,918.6995643333333,360.33071966666665,-172.770274,674.875941,141.7332585,-27.236778,618.019798,357.579281,-33.865076,-68.476948,1.3323540000000094
-8.640996,918.7940506666667,360.371062,-172.9128815,674.863157,142.0864365,-27.184304,618.9073490000001,357.97052199999996,-33.875446000000004,-68.46084000000008,1.673215999999968
-8.614777,918.8862543333333,360.41065700000007,-173.0530775,674.84779,142.43526400000002,-27.132445,619.7843760000001,358.354647,-33.884378000000005,-68.44414599999993,2.0098279999999704
-8.589727666666667,918.9761833333333,360.4494946666666,-173.190786,674.8298465,142.77967,-27.081124000000003,620.6508145,358.73169099999996,-33.89183,-68.426919,2.3420980000000213
-8.565843,919.0638463333333,360.48756599999996,-173.3259305,674.8093335000001,143.119584,-27.030268,621.5065950000001,359.101688,-33.897769999999994,-68.40920199999994,2.669941999999992
-8.543116666666666,919.1492533333334,360.5248623333334,-173.4584385,674.7862640000001,143.4549385,-26.979809,622.351641,359.4646735,-33.902182,-68.39103399999999,2.9932909999999993
-8.521543,919.232415,360.561375,-173.588239,674.760653,143.785665,-26.929681000000002,623.185872,359.82068000000004,-33.905062,-68.37244599999997,3.3120839999999703
-8.501113000000002,919.3133446666666,360.5970973333333,-173.715265,674.73252,144.111697,-26.879824,624.0092030000001,360.16974,-33.906418,-68.35345999999993,3.6262719999999717
-8.481819,919.3920563333332,360.63202133333334,-173.8394525,674.7018869999999,144.4329695,-26.830180499999997,624.821546,360.511887,-33.906273,-68.33409400000005,3.9358160000000453
-8.463652666666666,919.4685660000001,360.66614033333326,-173.96074049999999,674.668782,144.749418,-26.780696,625.6228100000001,360.8471515,-33.904662,-68.31435999999997,4.24068699999998
-8.446603666666666,919.5428896666666,360.6994496666667,-174.0790725,674.633235,145.0609815,-26.731322,626.412904,361.1755665,-33.90163,-68.294264,4.540869000000043
-8.430660666666666,919.615046,360.73194199999995,-174.19439649999998,674.595282,145.3676,-26.682011499999998,627.1917344999999,361.4971635,-33.897231,-68.27380299999993,4.836355000000026
-8.415813666666667,919.6850546666666,360.7636133333333,-174.3066635,674.5549619999999,145.669215,-26.6327225,627.959209,361.81197399999996,-33.891532999999995,-68.25297599999999,5.127143999999987
-8.402050333333333,919.752935,360.7944596666667,-174.4158305,674.51232,145.96577150000002,-26.5834155,628.7152355000001,362.12003200000004,-33.884609,-68.2317710000001,5.41324800000001
-8.389356666666666,919.8187096666667,360.82447700000006,-174.5218585,674.4674024999999,146.2572165,-26.5340565,629.4597245,362.421369,-33.876543,-68.21017699999993,5.69468599999999
-8.37772,919.8824006666667,360.8536623333334,-174.62471449999998,674.420265,146.5435005,-26.4846145,630.1925865,362.7160185,-33.867423,-68.188177,5.971482999999978
-8.367126333333333,919.944032,360.88201399999997,-174.724369,674.370964,146.8245755,-26.435063,630.9137370000001,363.00401650000003,-33.857344,-68.165752,6.243673000000001
-8.35756,920.0036293333333,360.909529,-174.82080000000002,674.3195625000001,147.10039849999998,-26.38538,631.6230929999999,363.285398,-33.846408000000004,-68.14288199999999,6.511296000000016
-8.349006333333334,920.0612179999999,360.93620733333336,-174.91398850000002,674.266128,147.370928,-26.335545500000002,632.3205760000001,363.560201,-33.834717,-68.11954400000002,6.774394000000029
-8.341448666666667,920.1168250000001,360.9620483333333,-175.0039225,674.210732,147.63612799999999,-26.2855475,633.0061125,363.828464,-33.822379,-68.09571700000004,7.033015999999975
-8.33487,920.170478,360.98705133333334,-175.090596,674.153451,147.895965,-26.235376000000002,633.6796335,364.090229,-33.8095,-68.07137699999998,7.287212000000011
-8.329253333333334,920.2222053333334,361.01121800000004,-175.174006,674.0943675000001,148.1504095,-26.1850265,634.3410745,364.3455385,-33.796189,-68.04650100000003,7.537038999999993
-8.324580666666668,920.2720376666666,361.03455,-175.25415850000002,674.033565,148.39943699999998,-26.1344995,634.990377,364.5944385,-33.782553,-68.02107000000001,7.7825469999999655
-8.320833666666667,920.320004,361.05704833333334,-175.3310615,673.971135,148.6430265,-26.083799,635.627488,364.8369775,-33.768699999999995,-67.99506199999996,8.023797000000002
-8.317992333333335,920.366136,361.07871666666665,-175.40473150000003,673.9071710000001,148.8811625,-26.0329365,636.2523605,365.073207,-33.754731,-67.96846099999993,8.260837999999978
-8.316037666666666,920.4104649999999,361.0995586666666,-175.4751885,673.841771,149.1138325,-25.981927,636.864954,365.3031815,-33.740747999999996,-67.94125200000008,8.49372900000003
-8.314949666666667,920.4530236666666,361.11957766666666,-175.542458,673.7750364999999,149.3410295,-25.930790000000002,637.4652345,365.52695800000004,-33.726844,-67.91342500000007,8.72251799999998
-8.314707333333333,920.4938443333334,361.13877866666667,-175.6065725,673.7070739999999,149.562752,-25.879551,638.053174,365.7445985,-33.713111999999995,-67.88497000000007,8.947255000000041
-8.31529,920.5329616666668,361.1571676666667,-175.66756700000002,673.6379905,149.7790025,-25.828241,638.6287505,365.95616800000005,-33.699636,-67.85588699999994,9.16798399999999
-8.316676,920.5704083333334,361.1747496666667,-175.7254825,673.567898,149.9897875,-25.7768955,639.1919505000001,366.161735,-33.686495,-67.82617500000003,9.384748000000002
-8.318843333333332,920.60622,361.191532,-175.780365,673.4969105,150.195122,-25.725555,639.7427645,366.361372,-33.67376,-67.795839,9.597581999999989
-8.321770333333333,920.64043,361.2075213333333,-175.832264,673.4251445,150.39502249999998,-25.674265499999997,640.2811925,366.555156,-33.661495,-67.76489100000003,9.806517999999983
-8.325433666666667,920.6730746666667,361.2227256666667,-175.881235,673.352718,150.5895125,-25.6230765,640.8072374999999,366.74316650000003,-33.649758999999996,-67.73334499999999,10.011581000000035
-8.329810333333333,920.7041886666666,361.237154,-175.92733600000003,673.2797499999999,150.778619,-25.5720435,641.3209125,366.9254895,-33.638599,-67.70122300000003,10.212790999999982
-8.334877666666666,920.7338086666667,361.25081466666666,-175.970629,673.2063625000001,150.962376,-25.521225,641.8222345,367.1022135,-33.628057999999996,-67.66855099999998,10.410163000000011
-8.340611666666666,920.7619693333335,361.2637173333333,-176.0111805,673.1326765,151.1408215,-25.470684000000002,642.3112275000001,367.2734315,-33.61817,-67.635357,10.60370499999999
-8.346989,920.7887076666666,361.27587300000005,-176.0490585,673.0588130000001,151.313998,-25.420488499999998,642.787921,367.4392395,-33.608959,-67.60167999999999,10.793416999999977
-8.353985,920.8140596666667,361.28729066666665,-176.084336,672.9848945,151.4819545,-25.370707499999998,643.2523524999999,367.5997395,-33.600445,-67.56755899999996,10.979296999999974
-8.361575666666667,920.8380613333334,361.29798266666666,-176.1170875,672.9110415,151.6447425,-25.321415,643.7045625000001,367.755035,-33.592638,-67.53303900000003,11.161336000000006
-8.369736333333334,920.8607499999999,361.30795966666665,-176.147389,672.8373735,151.80242,-25.272686999999998,644.1446000000001,367.9052335,-33.585542000000004,-67.49816999999996,11.339517
-8.378442999999999,920.8821606666667,361.317235,-176.1753205,672.7640100000001,151.9550485,-25.2246005,644.5725175,368.0504475,-33.579155,-67.46300500000007,11.513821000000007
-8.387670333333334,920.9023306666667,361.32582,-176.200962,672.6910660000001,152.102695,-25.1772355,644.9883745,368.190791,-33.573467,-67.42760099999998,11.684223999999972
-8.397393666666668,920.9212966666665,361.33372899999995,-176.224396,672.618657,152.245429,-25.130673,645.392235,368.3263805,-33.568462,-67.39201800000001,11.85069500000003
-8.407588333333333,920.9390946666667,361.3409746666667,-176.245705,672.5468920000001,152.3833255,-25.084993500000003,645.7841685,368.457335,-33.564121,-67.35631899999998,12.013203999999973
-8.418228666666666,920.9557599999999,361.3475706666666,-176.2649735,672.47588,152.5164625,-25.040278,646.16425,368.583777,-33.560418,-67.32056799999998,12.171713999999952
-8.429290666666667,920.9713296666667,361.35353166666664,-176.282285,672.405724,152.6449225,-24.9966075,646.532559,368.7058305,-33.557323000000004,-67.28483200000005,12.326189
-8.440748333333334,920.9858386666666,361.3588723333333,-176.297725,672.336525,152.76879,-24.9540615,646.88918,368.823618,-33.554805,-67.24917800000003,12.476589999999987
-8.452577666666667,920.9993233333333,361.36360799999994,-176.311376,672.268377,152.888154,-24.912718,647.234203,368.937267,-33.552826,-67.21367399999997,12.622875999999962
-8.464752666666667,921.0118183333334,361.36775333333327,-176.32332300000002,672.20137,153.0031045,-24.872652,647.5677235,369.04690300000004,-33.551348,-67.17838900000004,12.765010000000018
-8.477248666666666,921.0233590000001,361.371325,-176.33364849999998,672.13559,153.11373650000002,-24.833937,647.8898405,369.152652,-33.55033,-67.14338700000008,12.902950000000033
-8.490041666666668,921.03398,361.374338,-176.342434,672.071115,153.220145,-24.7966415,648.2006590000001,369.25464,-33.549730999999994,-67.10873800000002,13.036659999999983
-8.503105666666666,921.0437153333332,361.37680900000004,-176.3497605,672.0080195,153.3224285,-24.760831,648.5002885,369.35299150000003,-33.549507999999996,-67.07450500000004,13.166106999999954
-8.516417333333335,921.0525993333334,361.3787556666666,-176.3557075,671.946369,153.42068700000002,-24.726567,648.7888435,369.447831,-33.549618,-67.040749,13.291255999999976
-8.529950999999999,921.0606653333333,361.38019333333335,-176.36035149999998,671.8862255,153.5150205,-24.693905,649.0664435,369.5392795,-33.55002,-67.00752899999998,13.412079000000006
-8.543683666666666,921.067947,361.38114,-176.3637675,671.8276430000001,153.605532,-24.662896,649.3332135,369.6274575,-33.550670000000004,-66.97490299999993,13.528552999999988
-8.557591,921.0744760000001,361.38161233333335,-176.366029,671.770668,153.692324,-24.633585000000004,649.589284,369.71248149999997,-33.55153,-66.94292199999995,13.640658999999971
-8.571649,921.0802853333333,361.3816283333333,-176.3672065,671.7153415,153.7754995,-24.606011000000002,649.834789,369.7944655,-33.55256,-66.91163600000004,13.74838299999999
-8.585834,921.085407,361.38120499999997,-176.3673685,671.6616979999999,153.855162,-24.580205,650.0698705,369.8735205,-33.553724,-66.88108699999998,13.851719000000003
-8.600123,921.089872,361.38036033333333,-176.36658,671.6097629999999,153.93141450000002,-24.556193999999998,650.2946744999999,369.94975250000005,-33.554986,-66.851315,13.950665000000015
-8.614493,921.0937116666668,361.379112,-176.364904,671.5595565,154.00436000000002,-24.533994999999997,650.5093509999999,370.0232645,-33.556314,-66.82235400000002,14.045229000000006
-8.628921333333334,921.0969556666665,361.37747766666666,-176.36239899999998,671.5110915,154.0741005,-24.5136195,650.714059,370.094154,-33.557679,-66.79423199999997,14.135425999999995
-8.643386,921.0996346666667,361.375475,-176.359123,671.4643739999999,154.1407355,-24.495071000000003,650.9089615,370.1625145,-33.559056,-66.766975,14.221276999999986
-8.657864333333332,921.1017783333333,361.37312199999997,-176.35512899999998,671.4194035,154.204365,-24.4783445,651.0942259999999,370.2284335,-33.560418999999996,-66.74059999999997,14.302813000000015
-8.672335333333335,921.1034149999999,361.3704373333333,-176.350467,671.3761724999999,154.2650865,-24.46343,651.2700279999999,370.29199400000005,-33.561749999999996,-66.71511999999996,14.380071999999984
-8.686777333333334,921.1045736666666,361.3674373333333,-176.3451855,671.3346675,154.3229955,-24.4503065,651.4365485000001,370.35327199999995,-33.563031,-66.69054300000005,14.453102000000001
-8.701169333333334,921.1052826666665,361.36414066666674,-176.339327,671.29487,154.378186,-24.438948,651.5939735,370.41234,-33.564249999999994,-66.66687100000001,14.521959999999979
-8.715491666666667,921.105569,361.3605646666667,-176.3329335,671.256754,154.430748,-24.429319,651.7424934999999,370.4692625,-33.56539600000001,-66.64410099999998,14.58670699999999
-8.729724,921.1054606666667,361.3567273333333,-176.3260425,671.2202890000001,154.48077,-24.421378500000003,651.882308,370.524099,-33.566463,-66.62222599999996,14.647420000000011
-8.743846666666668,921.1049836666667,361.352645,-176.3186875,671.1854384999999,154.5283375,-24.415076499999998,652.0136205,370.576904,-33.567447,-66.6012330000001,14.704178000000013
-8.757840666666667,921.1041650000001,361.3483356666666,-176.310901,671.152163,154.5735325,-24.410356999999998,652.136638,370.6277235,-33.568348,-66.58110599999998,14.757070999999996
-8.771686666666666,921.1030289999999,361.34381666666667,-176.30271,671.120416,154.616434,-24.4071565,652.251575,370.6766005,-33.569169,-66.561824,14.806196999999997
-8.785368333333333,921.1016026666666,361.33910466666674,-176.294142,671.0901495,154.657118,-24.405406999999997,652.3586495,370.7235695,-33.569918,-66.543361,14.85166300000003
-8.798866,921.0999093333334,361.3342156666666,-176.2852165,671.0613109999999,154.69565599999999,-24.4050315,652.4580845,370.7686615,-33.570603000000006,-66.52569099999994,14.893578999999988
-8.812164000000001,921.0979740000001,361.3291663333334,-176.2759545,671.0338445,154.732116,-24.405949,652.5501065,370.8119005,-33.571237999999994,-66.508783,14.932067000000018
-8.825245,921.0958196666667,361.3239733333333,-176.266373,671.007691,154.766562,-24.4080735,652.6349465000001,370.853306,-33.571837,-66.49260300000003,14.967251999999974
-8.838093,921.0934700000001,361.318652,-176.256485,670.982791,154.799054,-24.4113135,652.7128355,370.8928915,-33.572417,-66.47711700000002,14.999266999999975
-8.850693,921.0909473333332,361.3132176666666,-176.2463025,670.9590825,154.829649,-24.4155745,652.7840100000001,370.9306675,-33.573001,-66.46228600000006,15.028251000000012
-8.863029333333333,921.0882733333333,361.30768566666666,-176.235835,670.936502,154.8583975,-24.4207555,652.848705,370.966638,-33.573611,-66.4480759999999,15.054344000000015
-8.875087666666667,921.0854693333334,361.30207033333335,-176.225089,670.9149864999999,154.885348,-24.4267565,652.9071575,371.00080449999996,-33.574273,-66.43444499999998,15.07769300000001
-8.886854333333334,921.0825566666666,361.2963863333334,-176.2140685,670.8944704999999,154.91054400000002,-24.4334705,652.959604,371.033164,-33.575013,-66.42135800000005,15.098449999999957
-8.898316,921.0795543333334,361.29064766666664,-176.202777,670.8748925,154.93402350000002,-24.4407915,653.0062774999999,371.0637115,-33.575860999999996,-66.40877499999999,15.116764999999987
-8.90946,921.0764826666667,361.28486799999996,-176.191215,670.8561895,154.955822,-24.448612,653.0474115,371.0924375,-33.57685,-66.396661,15.132792999999992
-8.920273666666667,921.0733606666668,361.2790603333333,-176.17938149999998,670.838301,154.9759685,-24.4568215,653.0832325,371.11933250000004,-33.578011,-66.38497899999993,15.14668899999998
-8.930746000000001,921.0702056666668,361.27323666666666,-176.16727500000002,670.8211670000001,154.994489,-24.4653125,653.113963,371.1443815,-33.579381000000005,-66.373696,15.15860699999996
-8.940865666666667,921.0670353333331,361.2674103333334,-176.15489,670.8047329999999,155.011405,-24.473977,653.1398194999999,371.1675725,-33.580994,-66.36278099999993,15.168700999999999
-8.950622000000001,921.0638666666667,361.26159233333334,-176.1422225,670.788944,155.026733,-24.4827085,653.1610085,371.18889,-33.582888999999994,-66.35220700000002,15.177120000000002
-8.960006,921.0607163333334,361.25579466666665,-176.1292655,670.773751,155.0404855,-24.491401999999997,653.1777294999999,371.2083195,-33.585102,-66.341949,15.184014999999988
-8.969007333333332,921.0575986666666,361.25002866666665,-176.116012,670.7591075,155.0526695,-24.499955500000002,653.1901685,371.225846,-33.587673,-66.33198500000003,15.189527999999996
-8.977618333333334,921.0545293333333,361.2443033333334,-176.102454,670.744972,155.06329,-24.508273,653.1984984999999,371.24145450000003,-33.590641999999995,-66.32229900000004,15.193796999999961
-8.98583,921.0515226666666,361.23862966666667,-176.088583,670.731308,155.072345,-24.5162595,653.2028795,371.2551335,-33.594049000000005,-66.31287900000007,15.196953000000008
-8.993636333333333,921.0485913333333,361.2330173333333,-176.074388,670.718082,155.07982950000002,-24.5238275,653.2034545,371.2668715,-33.597933000000005,-66.303717,15.199118999999996
-9.001028666666667,921.045749,361.22747533333336,-176.0598605,670.7052695,155.0857355,-24.530894500000002,653.200347,371.2766595,-33.602333,-66.29480999999998,15.200411000000031
-9.008002,921.0430066666668,361.222012,-176.04498999999998,670.6928485000001,155.0900475,-24.537384,653.1936615,371.28449,-33.60729,-66.28616299999999,15.200929999999971
-9.014550666666667,921.0403766666667,361.21663599999994,-176.0297655,670.6808055,155.092749,-24.543228499999998,653.183481,371.29035999999996,-33.612841,-66.27778599999999,15.200771999999972
-9.020669,921.0378693333333,361.21135466666664,-176.01417750000002,670.669131,155.093818,-24.548367499999998,653.1698630000001,371.294269,-33.619023,-66.26969199999996,15.200012000000015
-9.026353666666667,921.0354943333333,361.2061753333334,-175.99821500000002,670.6578245000001,155.093228,-24.552748,653.152841,371.2962205,-33.625872,-66.26190399999996,15.198716999999988
-9.031599666666667,921.033261,361.20110466666665,-175.981868,670.6468905,155.09095050000002,-24.556329,653.1324205,371.296221,-33.633422,-66.25444900000002,15.196938000000046
-9.036404333333333,921.0311776666667,361.1961496666667,-175.965126,670.6363409999999,155.08695,-24.559078,653.108577,371.294281,-33.641704000000004,-66.24736199999995,15.194705999999996
-9.040765333333333,921.0292516666667,361.1913153333333,-175.9479795,670.626195,155.08119,-24.560973,653.0812565,371.290416,-33.650746000000005,-66.24068299999999,15.192038000000025
-9.04468,921.0274903333333,361.18660700000004,-175.93042,670.6164785,155.07362849999998,-24.5620035,653.0503699999999,371.284645,-33.660575,-66.23445800000002,15.188928000000033
-9.048148,921.0258996666666,361.18203066666666,-175.912438,670.607225,155.064221,-24.562171,653.0157955,371.2769915,-33.671212,-66.22874100000001,15.185352999999964
-9.051167666666666,921.024484,361.1775886666667,-175.8940245,670.5984745000001,155.05291749999998,-24.5614895,652.977376,371.26748150000003,-33.682675,-66.22359199999994,15.181266999999991
-9.053739666666667,921.0232486666667,361.1732866666666,-175.87517400000002,670.590274,155.0396675,-24.559985,652.9349145,371.256148,-33.694976000000004,-66.21907899999997,15.176603999999998
-9.055863333333333,921.0221966666667,361.16912699999995,-175.85587800000002,670.582679,155.024413,-24.557696999999997,652.888177,371.24302450000005,-33.708128,-66.21527000000003,15.171268999999995
-9.057540333333334,921.0213303333334,361.16511266666674,-175.83613050000002,670.5757504999999,155.0070955,-24.554678499999998,652.83689,371.22815,-33.722131,-66.21224599999994,15.165151999999978
-9.058772333333334,921.0206513333334,361.1612466666667,-175.815927,670.5695555,154.9876535,-24.550996,652.7807379999999,371.211566,-33.736984,-66.21008799999993,15.15810799999997
-9.059562,921.02016,361.1575306666667,-175.795262,670.5641694999999,154.96601950000002,-24.546731,652.7193629999999,371.193315,-33.752678,-66.20888400000001,15.149973999999986
-9.059911,921.0198566666668,361.153966,-175.7741315,670.559673,154.9421255,-24.541977,652.6523665,371.173444,-33.769197999999996,-66.20872899999995,15.140556000000004
-9.059823333333332,921.0197396666666,361.150554,-175.7525325,670.556152,154.915899,-24.536844,652.5793045,371.152,-33.786522,-66.20971900000006,15.129636000000005
-9.059303333333334,921.0198059999999,361.1472953333334,-175.730463,670.5537005,154.887266,-24.531454500000002,652.4996905,371.1290305,-33.804621,-66.21195499999999,15.116967000000045
-9.058354333333332,921.0200533333333,361.14419,-175.707922,670.552415,154.85614850000002,-24.525947000000002,652.4129935,371.10458300000005,-33.823458,-66.21554100000003,15.102278000000013
-9.056982666666666,921.020476,361.14123866666665,-175.684908,670.552398,154.82246700000002,-24.520473,652.31864,371.078703,-33.842988,-66.22058400000003,15.08526599999999
-9.055193666666668,921.0210696666667,361.1384396666667,-175.66142100000002,670.5537569999999,154.786138,-24.515197,652.2160114999999,371.0514355,-33.86315999999999,-66.22719300000006,15.065605000000005
-9.052993333333333,921.0218263333333,361.1357923333333,-175.6374635,670.5566025,154.747077,-24.5102985,652.1044455,371.022822,-33.883913,-66.23547699999995,15.042937999999992
-9.050388,921.022739,361.133296,-175.61303600000002,670.5610505,154.7051975,-24.5059705,651.9832385,370.9928995,-33.905179,-66.24554899999998,15.016885000000002
-9.047386,921.0237986666666,361.13094866666665,-175.588141,670.5672179999999,154.6604105,-24.502417,651.8516440000001,370.961699,-33.92688,-66.257518,14.987039999999979
-9.043994333333332,921.0249950000001,361.12874766666664,-175.5627815,670.5752255,154.6126255,-24.499856,651.7088745,370.9292465,-33.948930000000004,-66.27149299999996,14.952967000000001
-9.040222333333334,921.026317,361.126691,-175.5369605,670.585196,154.56175149999999,-24.498516,651.5541035,370.895559,-33.97124,-66.28758300000004,14.91421200000002
-9.036078,921.0277516666666,361.12477599999994,-175.5106825,670.5972535,154.5076935,-24.498638,651.386465,370.86064450000003,-33.993708,-66.30589399999997,14.870293000000004
-9.031571666666666,921.0292856666666,361.122999,-175.4839515,670.611524,154.450358,-24.5004715,651.205058,370.8245015,-34.01622699999999,-66.32652400000006,14.820708999999965
-9.026712666666667,921.0309043333333,361.1213563333333,-175.456773,670.628132,154.38965050000002,-24.504277,651.0089439999999,370.7871155,-34.038682,-66.34957399999996,14.764936999999975
-9.021512,921.0325906666667,361.11984433333333,-175.4291495,670.647203,154.32547399999999,-24.510323,650.797155,370.74845949999997,-34.060952,-66.37513200000001,14.70243499999998
-9.015981,921.0343290000001,361.11845866666664,-175.401088,670.6688625,154.257734,-24.5188855,650.5686885,370.70849150000004,-34.082913,-66.4032850000001,14.632644999999968
-9.010130666666667,921.0360996666667,361.1171953333333,-175.372591,670.693234,154.186333,-24.5302475,650.322518,370.66715450000004,-34.104433,-66.43411000000003,14.554993000000024
-9.003973,921.037883,361.1160483333333,-175.3436645,670.7204385,154.111176,-24.544698,650.057588,370.6243725,-34.125375999999996,-66.46767399999999,14.468890999999985
-8.997521666666666,921.0396583333333,361.11501266666664,-175.314312,670.7505954999999,154.03216650000002,-24.5625305,649.772821,370.580051,-34.145605,-66.50403800000004,14.37374200000005
-8.990788333333333,921.0414033333333,361.11408366666666,-175.284537,670.78382,153.949211,-24.5840425,649.46712,370.534077,-34.164977,-66.54324999999994,14.268939999999986
-8.983787999999999,921.0430946666667,361.1132546666667,-175.2543415,670.820226,153.8622145,-24.6095335,649.1393714999999,370.4863135,-34.183353000000004,-66.58534500000007,14.153872999999976
-8.976533666666667,921.044708,361.11252033333335,-175.223729,670.8599205,153.771085,-24.639304,648.7884465,370.436602,-34.200588,-66.63034900000002,14.02792599999998
-8.96904,921.0462166666666,361.111873,-175.1926995,670.9030075000001,153.67573149999998,-24.673656,648.4132065,370.3847595,-34.216544,-66.678271,13.89048299999996
-8.961322333333333,921.0475936666667,361.1113066666667,-175.161253,670.9495845,153.576064,-24.712888500000002,648.012506,370.330578,-34.231079,-66.729106,13.740930000000048
-8.953396,921.0488106666667,361.11081433333334,-175.129389,670.9997435,153.4719965,-24.757299500000002,647.5851955,370.2738235,-34.244061,-66.7828330000001,13.578661000000011
-8.945276666666667,921.049838,361.11038833333333,-175.097104,671.0535709999999,153.3634435,-24.807184499999998,647.130126,370.2142325,-34.255357000000004,-66.83941600000003,13.403075000000001
-8.936980666666667,921.0506446666667,361.11002133333335,-175.0643935,671.111146,153.25032349999998,-24.8628325,646.6461515,370.15151549999996,-34.264845,-66.89879700000006,13.213583000000028
-8.928525,921.0511983333332,361.1097056666667,-175.0312525,671.172539,153.132557,-24.9245285,646.1321325,370.08535099999995,-34.272407,-66.96090499999991,13.009614
-8.919926333333335,921.051466,361.109432,-174.997672,671.237815,153.0100685,-24.992551,645.5869425000001,370.015389,-34.277936,-67.02564700000005,12.790607999999963
-8.911202333333334,921.051413,361.1091926666666,-174.9636425,671.3070285,152.8827855,-25.0671685,645.009468,369.94124750000003,-34.281335,-67.09290999999996,12.556031000000019
-8.902371333333333,921.0510029999999,361.10897900000003,-174.929152,671.380227,152.75063849999998,-25.1486425,644.398613,369.86251400000003,-34.282517,-67.16255999999998,12.305369999999982
-8.893450333333332,921.0502,361.108782,-174.8941855,671.4574475,152.6135635,-25.2372245,643.753307,369.778744,-34.281411,-67.23444200000006,12.038138000000004
-8.884459666666666,921.0489653333334,361.1085926666667,-174.858726,671.5387185,152.4715005,-25.3331555,643.072501,369.6894585,-34.277955,-67.30837999999994,11.753878999999984
-8.875416666666666,921.0472599999999,361.1084006666667,-174.8227545,671.624059,152.324392,-25.4366645,642.3551785,369.59414949999996,-34.272104999999996,-67.38417700000002,11.452166999999974
-8.866341333333333,921.0450433333334,361.108197,-174.786248,671.713478,152.172187,-25.547967,641.6003525,369.492273,-34.263834,-67.46161099999995,11.13261
-8.857253333333334,921.0422746666667,361.10797133333335,-174.74918250000002,671.806972,152.0148385,-25.667268,640.8070765,369.38325499999996,-34.253131999999994,-67.54043899999999,10.794856000000038
-8.848172666666667,921.038912,361.107714,-174.7115285,671.9045295,151.8523035,-25.7947575,639.97444,369.2664875,-34.240002999999994,-67.62039600000003,10.438588999999979
-8.839118666666666,921.0349116666666,361.10741466666667,-174.6732555,672.006128,151.6845465,-25.930611499999998,639.101578,369.1413315,-34.224475,-67.70119399999999,10.063535000000002
-8.830112333333334,921.0302296666667,361.1070623333333,-174.634329,672.1117335,151.51153349999998,-26.07499,638.187668,369.00711750000005,-34.206590000000006,-67.78252199999997,9.669465000000002
-8.821174333333333,921.024821,361.10664633333334,-174.59471200000002,672.2212995,151.3332385,-26.22804,637.2319415,368.86314400000003,-34.186415999999994,-67.86404899999991,9.256193999999994
-8.812325666666668,921.0186399999999,361.10615633333333,-174.5543625,672.3347715,151.14964,-26.3898925,636.2336775,368.70868,-34.164032999999996,-67.9454209999999,8.823581999999988
-8.803587,921.0116403333333,361.10558033333336,-174.513238,672.452081,150.960722,-26.560661,635.1922125,368.542967,-34.139548,-68.02626499999997,8.371538000000044
-8.794979666666668,921.0037746666667,361.10490799999997,-174.4712905,672.5731495,150.76647250000002,-26.740447000000003,634.1069395,368.36521749999997,-34.113084,-68.10618499999998,7.900018999999986
-8.786525666666668,920.9949956666666,361.10412733333334,-174.428468,672.6978865,150.5668865,-26.929332499999997,632.9773115,368.1746185,-34.084787,-68.18476900000007,7.409033000000022
-8.778246666666668,920.9852543333333,361.1032266666666,-174.3847175,672.826192,150.3619625,-27.1273875,631.8028425,367.970333,-34.054821,-68.26158699999996,6.89863600000001
-8.770163,920.974503,361.102194,-174.339981,672.957952,150.151706,-27.334663,630.5831115000001,367.75149999999996,-34.023368000000005,-68.33618899999999,6.368936000000019
-8.762298,920.9626910000001,361.10101699999996,-174.294197,673.0930445,149.936126,-27.551197,629.317763,367.51723749999996,-33.990632,-68.40811200000007,5.820088999999996
-8.754673333333335,920.9497696666667,361.0996843333333,-174.2473015,673.2313340000001,149.7152385,-27.777013,628.006509,367.266644,-33.956832,-68.47688000000005,5.252299999999991
-8.747310666666667,920.9356886666668,361.098183,-174.199226,673.3726755,149.4890625,-28.012117,626.6491305,366.99880099999996,-33.922205999999996,-68.54199899999992,4.665829999999971
-8.740232666666666,920.9203973333333,361.0964993333334,-174.1499,673.5169145,149.2576225,-28.2565035,625.2454795,366.71277599999996,-33.887007,-68.60297100000003,4.060980000000029
-8.733460333333333,920.9038446666667,361.0946216666666,-174.099249,673.6638845,149.020948,-28.510153000000003,623.795478,366.4076215,-33.851501999999996,-68.65928400000007,3.4381029999999555
-8.727017,920.885981,361.0925363333333,-174.0471945,673.8134084999999,148.77907199999999,-28.773032999999998,622.2991215,366.0823805,-33.815974,-68.710419,2.797598999999991
-8.720924,920.8667546666667,361.0902303333333,-173.99365699999998,673.965303,148.5320335,-29.045097,620.756477,365.7360895,-33.780716,-68.755854,2.1399089999999887
-8.715203666666666,920.8461153333334,361.0876896666667,-173.93855250000001,674.119372,148.2798735,-29.326289000000003,619.1676865,365.3677775,-33.746032,-68.79506099999992,1.4655230000000188
-8.709877666666666,920.8240113333335,361.08490133333333,-173.881795,674.275412,148.022639,-29.61654,617.5329635,364.97647300000006,-33.712238,-68.82751300000007,0.7749680000000012
-8.704969,920.800393,361.0818503333333,-173.823295,674.43321,147.7603785,-29.915771499999998,615.8525975,364.5612025,-33.679653,-68.85267900000008,0.06880899999998746
-8.700497666666665,920.7752096666667,361.0785236666666,-173.76296050000002,674.5925455,147.4931455,-30.223895,614.1269485,364.120996,-33.648604000000006,-68.87003700000002,-0.6523459999999659
-8.696486666666667,920.7484113333334,361.07490666666666,-173.700697,674.7531905000001,147.2209975,-30.540814,612.3564515,363.654891,-33.619424,-68.87906299999997,-1.3878599999999892
-8.692957,920.719948,361.0709853333333,-173.63640900000001,674.9149085,146.94399199999998,-30.866421,610.541614,363.161931,-33.592446,-68.87924599999997,-2.1370600000000195
-8.68993,920.689771,361.0667446666667,-173.569997,675.0774584999999,146.6621935,-31.200604,608.6830135,362.64117250000004,-33.568004,-68.87007900000003,-2.8992450000000076
-8.687427,920.6578313333333,361.06217100000003,-173.50136,675.24059,146.3756655,-31.5432425,606.7812994999999,362.091685,-33.546433,-68.85106899999994,-3.673685999999975
-8.685468333333334,920.6240809999999,361.0572486666667,-173.430396,675.4040494999999,146.0844765,-31.894209500000002,604.8371905,361.512556,-33.528065,-68.82173499999999,-4.459630000000004
-8.684074333333333,920.5884733333334,361.05196266666667,-173.357,675.567577,145.788696,-32.253372,602.8514725,360.902892,-33.513224,-68.78161100000011,-5.256302000000005
-8.683266666666666,920.550961,361.04629900000003,-173.2810665,675.730909,145.4883955,-32.6205935,600.8249985,360.2618235,-33.502233000000004,-68.73024699999996,-6.0629089999999906
-8.683063666666667,920.5114993333333,361.0402423333333,-173.202489,675.8937765000001,145.1836485,-32.9957305,598.758687,359.5885045,-33.495407,-68.66721400000006,-6.878639000000021
-8.683486,920.4700443333332,361.0337776666667,-173.12115799999998,676.0559075,144.874531,-33.3786355,596.6535180000001,358.8821185,-33.493049,-68.59209999999996,-7.702671000000009
-8.684552333333334,920.4265513333334,361.02689000000004,-173.036966,676.2170275000001,144.5611185,-33.769159,594.510534,358.141878,-33.495456,-68.50451799999996,-8.534167999999966
-8.686281666666668,920.3809793333334,361.01956366666667,-172.94980199999998,676.3768605,144.2434905,-34.167145500000004,592.3308345,357.36703,-33.502911,-68.40410299999996,-9.372288000000026
-8.688693,920.333286,361.011784,-172.859556,676.535127,143.9217255,-34.572435999999996,590.1155765000001,356.556856,-33.515686,-68.29051300000003,-10.216183999999998
-8.691803333333333,920.2834333333334,361.0035353333333,-172.7661175,676.6915485,143.595903,-34.9848705,587.865971,355.71067500000004,-33.53403900000001,-68.16343799999993,-11.065001999999993
-8.695631,920.2313816666666,360.99480266666666,-172.669375,676.845845,143.266106,-35.4042825,585.5832800000001,354.82784649999996,-33.558215000000004,-68.02258799999993,-11.917890999999997
-8.700192333333334,920.1770946666667,360.98557066666666,-172.56921849999998,676.997738,142.9324145,-35.830504,583.268814,353.90777,-33.588442,-67.867708,-12.774002000000053
-8.705504333333334,920.1205370000001,360.97582333333327,-172.46553799999998,677.1469485,142.5949115,-36.263363500000004,580.923929,352.94989150000004,-33.624933,-67.69856399999992,-13.632487000000026
-8.711582333333332,920.0616753333334,360.96554599999996,-172.358223,677.293201,142.2536805,-36.702684500000004,578.550024,351.95369900000003,-33.667887,-67.51496199999997,-14.492505999999992
-8.718443,920.000477,360.954724,-172.2471645,677.43622,141.908805,-37.1482875,576.148539,350.91873,-33.717483,-67.31673,-15.353226000000006
-8.726099333333332,919.9369116666667,360.9433413333333,-172.132254,677.5757349999999,141.5603685,-37.59999,573.7209485000001,349.84456950000003,-33.773886000000005,-67.10373100000004,-16.213824999999986
-8.734566666666666,919.8709513333333,360.93138266666665,-172.01338500000003,677.7114785,141.208455,-38.057603,571.2687625,348.73085149999997,-33.837242,-66.87585899999999,-17.073491000000047
-8.743858000000001,919.8025690000001,360.91883366666667,-171.89045099999998,677.8431865,140.853151,-38.520934,568.7935195,347.577263,-33.907682,-66.63303900000005,-17.931427999999983
-8.753986333333334,919.7317396666666,360.9056786666667,-171.7633475,677.9706000000001,140.49454,-38.989784,566.296787,346.3835405,-33.985316,-66.375226,-18.786853000000008
-8.764963666666667,919.6584406666667,360.8919036666666,-171.63197100000002,678.093467,140.13270799999998,-39.4639495,563.7801555000001,345.1494745,-34.070241,-66.10240899999997,-19.638999000000013
-8.776801666666666,919.5826513333333,360.8774936666667,-171.496222,678.2115375000001,139.7677415,-39.943220000000004,561.2452335,343.8749075,-34.162538,-65.81460700000002,-20.487119000000007
-8.789510666666667,919.5043529999999,360.8624336666667,-171.356,678.3245724999999,139.39972600000002,-40.4273795,558.6936495,342.5597385,-34.262265,-65.51186899999993,-21.33048100000002
-8.803100333333333,919.423529,360.84671099999997,-171.2112085,678.432338,139.028748,-40.916204,556.1270445,341.2039175,-34.36946999999999,-65.19427500000006,-22.16837700000002
-8.817581,919.3401646666666,360.83031066666666,-171.0617535,678.5346059999999,138.6548955,-41.409462,553.547069,339.80745149999996,-34.484184,-64.86193400000002,-23.00011699999999
-8.832959666666666,919.2542483333333,360.8132196666667,-170.9075425,678.6311595,138.2782565,-41.906915,550.955379,338.37040049999996,-34.60642,-64.51498599999991,-23.82503300000002
-8.849245000000002,919.1657696666667,360.7954236666667,-170.748486,678.721787,137.898919,-42.4083155,548.3536369999999,336.892879,-34.73617899999999,-64.15359799999999,-24.642481999999973
-8.866442999999999,919.0747213333334,360.7769113333334,-170.584497,678.8062885,137.5169735,-42.913408000000004,545.7435029999999,335.375056,-34.873444,-63.777962,-25.451842
-8.88456,918.9810979999999,360.75766866666663,-170.4154925,678.884472,137.132509,-43.421928,543.1266325,333.8171545,-35.018187999999995,-63.38830100000001,-26.252515000000017
-8.903600333333333,918.8848966666666,360.737684,-170.241393,678.9561545,136.74561749999998,-43.933603500000004,540.504677,332.2194495,-35.170367,-62.98485800000003,-27.04392900000005
-8.923568666666666,918.7861163333333,360.716946,-170.06212,679.0211644999999,136.3563915,-44.4481505,537.879276,330.58227,-35.329925,-62.567904,-27.825537999999995
-8.944469,918.6847586666667,360.695442,-169.877601,679.079341,135.9649235,-44.96528,535.2520565,328.905996,-35.496796,-62.137730999999974,-28.596817999999985
-8.966302666666666,918.580829,360.67316200000005,-169.687766,679.1305315,135.571309,-45.484691,532.624629,327.191058,-35.670896,-61.69465199999996,-29.357271999999966
-8.989071666666668,918.4743330000001,360.6500956666667,-169.492549,679.174597,135.175645,-46.006074999999996,529.9985849999999,325.4379365,-35.852134,-61.238999999999976,-30.10643299999998
-9.012776333333333,918.36528,360.626232,-169.291889,679.2114085000001,134.778027,-46.529115499999996,527.375493,323.64716050000004,-36.040407,-60.77112800000003,-30.84385500000002
-9.037417,918.2536813333332,360.60156166666667,-169.08572850000002,679.2408485,134.3785555,-47.0534885,524.7568985,321.819306,-36.235601,-60.291405,-31.569121999999993
-9.062992,918.1395506666668,360.576076,-168.874014,679.262811,133.9773305,-47.578860000000006,522.1443165000001,319.9549965,-36.43759000000001,-59.80021700000003,-32.281844999999976
-9.089499,918.0229046666667,360.54976600000003,-168.656698,679.2772035,133.5744545,-48.104892500000005,519.539235,318.05489750000004,-36.646241,-59.297961999999984,-32.981660999999974
-9.116935666666667,917.9037613333334,360.52262366666673,-168.4337365,679.283944,133.1700315,-48.6312395,516.943107,316.11972000000003,-36.861408999999995,-58.785054,-33.66823400000004
-9.145297666666666,917.7821426666666,360.49464166666667,-168.205091,679.282962,132.7641665,-49.1575515,514.357351,314.150213,-37.082941,-58.261915999999985,-34.34125599999999
-9.174579666666666,917.658071,360.46581233333336,-167.970729,679.274201,132.3569665,-49.683474000000004,511.7833505,312.1471675,-37.310674000000006,-57.72897899999998,-35.00044499999996
-9.204776666666667,917.5315726666666,360.43613,-167.73062249999998,679.257616,131.9485415,-50.2086465,509.222447,310.111411,-37.54443900000001,-57.186688000000004,-35.645546000000024
-9.235881333333333,917.402676,360.40558833333336,-167.48474900000002,679.233174,131.53900000000002,-50.7327095,506.675943,308.043807,-37.784054999999995,-56.63548800000001,-36.276332000000025
-9.267886666666667,917.2714116666666,360.3741823333333,-167.2330925,679.2008539999999,131.128456,-51.255302,504.14509799999996,305.9452525,-38.029337999999996,-56.07583399999993,-36.89259900000002
-9.300783666666666,917.1378123333334,360.34190766666666,-166.975643,679.16065,130.71702150000002,-51.776059000000004,501.6311285,303.81667600000003,-38.280094,-55.50818300000003,-37.49417199999999
-9.334562666666667,917.0019126666666,360.3087596666667,-166.7123955,679.1125655,130.3048115,-52.2946225,499.1352025,301.65903549999996,-38.536123,-54.93299500000006,-38.08090299999998
-9.369214000000001,916.863751,360.27473566666663,-166.4433515,679.0566165,129.8919425,-52.810632,496.65844649999997,299.4733165,-38.79721800000001,-54.35073099999994,-38.65266300000002
-9.404726333333334,916.7233666666667,360.23983400000003,-166.168521,678.992833,129.4785315,-53.323734,494.2019345,297.26053,-39.063168,-53.761852999999974,-39.209356000000014
-9.441086666666667,916.5808013333334,360.2040513333333,-165.887918,678.9212554999999,129.0646965,-53.833579,491.76669649999997,295.0217095,-39.333754,-53.16682099999997,-39.750901
-9.478283000000001,916.4360993333333,360.1673876666667,-165.601564,678.8419369999999,128.650556,-54.339823499999994,489.35371,292.757909,-39.608754999999995,-52.56609199999997,-40.27724999999998
-9.516301666666667,916.2893066666667,360.12984233333333,-165.309487,678.7549435,128.2362305,-54.842133000000004,486.963905,290.47020150000003,-39.887944000000005,-51.960120000000074,-40.788369000000046
-9.555127333333333,916.140471,360.09141633333337,-165.011723,678.66035,127.82183950000001,-55.3401815,484.598163,288.15967550000005,-40.171091,-51.349356,-41.28425099999998
-9.594744333333333,915.9896439999999,360.0521106666667,-164.70831299999998,678.5582465,127.4075015,-55.833654499999994,482.257313,285.827435,-40.457963,-50.73424399999999,-41.76490799999999
-9.635137333333335,915.8368766666666,360.0119273333333,-164.39930650000002,678.448731,126.9933375,-56.3222475,479.9421365,283.47459249999997,-40.748326999999996,-50.11522100000002,-42.23037100000005
-9.676288666666666,915.6822226666667,359.97086966666666,-164.08475900000002,678.331915,126.579466,-56.805671000000004,477.65336449999995,281.1022725,-41.041946,-49.49272100000002,-42.68069299999996
-9.718181,915.5257379999999,359.9289416666666,-163.764733,678.2079205,126.166005,-57.283649,475.39168,278.7116055,-41.338581999999995,-48.867164,-43.115940999999964
-9.760795333333332,915.3674803333333,359.886147,-163.439298,678.0768785,125.753072,-57.7559195,473.157716,276.3037275,-41.63799899999999,-48.238968,-43.53620099999998
-9.804112333333334,915.2075086666667,359.8424916666666,-163.10853,677.938933,125.340782,-58.22224,470.9520585,273.8797755,-41.939962,-47.60853900000001,-43.94157500000003
-9.848112333333333,915.0458836666667,359.7979823333333,-162.772512,677.7942355,124.9292495,-58.68238100000001,468.7752465,271.440888,-42.244238,-46.976271,-44.332175999999976
-9.892775,914.8826673333333,359.752625,-162.4313335,677.6429495,124.518586,-59.136134999999996,466.62777300000005,268.988203,-42.550596000000006,-46.34255200000001,-44.708135999999996
-9.938079,914.7179226666667,359.7064286666667,-162.0850895,677.4852465,124.1088995,-59.583310999999995,464.5100855,266.522852,-42.858808,-45.70775900000001,-45.06959199999997
-9.984001666666666,914.551715,359.65940133333334,-161.7338805,677.321308,123.7002975,-60.023737499999996,462.422588,264.0459635,-43.168651000000004,-45.07225599999998,-45.41669700000003
-10.030521333333335,914.3841103333334,359.6115526666667,-161.377815,677.151323,123.29288199999999,-60.457265,460.365641,261.55865700000004,-43.479910000000004,-44.436398,-45.74961000000002
-10.077615666666667,914.2151749999999,359.5628933333333,-161.017006,676.975492,122.8867525,-60.883761500000006,458.3395655,259.0620425,-43.79237100000001,-43.80052899999998,-46.068501
-10.125260333333333,914.0449779999999,359.51343433333335,-160.651571,676.7940205,122.48200399999999,-61.303117,456.344641,256.55721900000003,-44.10583,-43.16497799999996,-46.37354399999998
-10.173431333333333,913.873588,359.4631866666667,-160.281633,676.607123,122.078728,-61.7152435,454.38110900000004,254.0452735,-44.420091000000006,-42.53006599999998,-46.66492299999996
-10.222104333333334,913.7010753333334,359.412164,-159.907319,676.4150215,121.6770095,-62.120071,452.4491745,251.52727750000003,-44.734964000000005,-41.89610099999999,-46.942823000000004
-10.271254999999998,913.5275109999999,359.36037933333336,-159.528761,676.2179445,121.2769305,-62.5175525,450.549007,249.00428549999998,-45.050269,-41.263379999999984,-47.207435000000004
-10.320857666666667,913.352966,359.30784666666665,-159.146094,676.0161275,120.878567,-62.907662,448.68074349999995,246.4773375,-45.36583400000001,-40.63218499999999,-47.458955
-10.370887333333334,913.177513,359.2545813333333,-158.759457,675.809812,120.4819885,-63.290392,446.844487,243.947452,-45.681496,-40.002790000000005,-47.69757800000002
-10.421318000000001,913.0012243333334,359.2005986666666,-158.368991,675.5992444999999,120.0872605,-63.665755499999996,445.040312,241.41562900000002,-45.997102999999996,-39.37545400000005,-47.92350200000001
-10.472122666666667,912.8241733333334,359.14591433333334,-157.97484,675.384678,119.694441,-64.033786,443.26826400000004,238.88284850000002,-46.312514,-38.750428,-48.13692900000004
-10.523275666666668,912.6464336666667,359.0905463333333,-157.5771505,675.1663685000001,119.30358149999999,-64.394535,441.528361,236.350066,-46.627592,-38.12794600000001,-48.33805799999999
-10.574751000000001,912.4680793333333,359.03451166666673,-157.17606899999998,674.944577,118.914729,-64.7480725,439.82059649999997,233.8182165,-46.94221700000001,-37.50823499999996,-48.52709100000001
-10.626521,912.2891840000001,358.9778283333333,-156.7717445,674.71957,118.52792099999999,-65.094485,438.14493949999996,231.288211,-47.256274,-36.891508999999985,-48.704229999999995
-10.678559,912.1098216666668,358.92051599999996,-156.3643255,674.491614,118.1431915,-65.4338775,436.5013375,228.76093550000002,-47.569657,-36.27796900000004,-48.869676999999996
-10.730838666666665,911.9300666666667,358.86259333333334,-155.9539625,674.26098,117.760565,-65.7663695,434.889717,226.2372525,-47.882269,-35.66780799999998,-49.023634999999985
-10.783332666666666,911.7499933333334,358.8040813333334,-155.540803,674.0279415,117.38006,-66.092094,433.30998550000004,223.71799900000002,-48.194024,-35.06120500000003,-49.16630799999999
-10.836012666666667,911.5696743333333,358.7449996666667,-155.1249955,673.792773,117.00169,-66.4112,431.762032,221.203985,-48.504838,-34.458331999999984,-49.297898
-10.888853333333332,911.389184,358.6853696666667,-154.7066875,673.5557504999999,116.625459,-66.723848,430.245731,218.695998,-48.814638,-33.859346000000016,-49.418611999999996
-10.941827000000002,911.2085956666666,358.6252136666667,-154.2860235,673.31715,116.25136750000001,-67.03021,428.7609385,216.1947965,-49.123355999999994,-33.264399000000026,-49.52865700000001
-10.994906333333333,911.027982,358.56455366666665,-153.8631475,673.0772475,115.87940549999999,-67.330468,427.3074995,213.70111550000001,-49.430924,-32.67362700000001,-49.628243000000026
-11.048065,910.8474146666666,358.5034123333333,-153.4382005,672.836319,115.50956,-67.6248135,425.885244,211.215663,-49.73728499999999,-32.08716400000003,-49.71758
-11.101275999999999,910.6669656666667,358.4418123333333,-153.011321,672.59464,115.1418115,-67.913446,424.49399,208.739123,-50.042378,-31.505128000000013,-49.796886
-11.154513,910.486706,358.379778,-152.58264400000002,672.352482,114.776133,-68.196571,423.133546,206.272153,-50.34614800000001,-30.927629999999965,-49.86637999999999
-11.207749999999999,910.3067056666667,358.317333,-152.152302,672.1101175,114.4124925,-68.474401,421.8037075,203.8153865,-50.648538,-30.35477499999996,-49.92628499999998
-11.260960333333335,910.1270343333332,358.2545016666666,-151.720425,671.867814,114.0508545,-68.747152,420.504262,201.3694315,-50.94949,-29.786655999999994,-49.976834999999994
-11.314119,909.9477596666666,358.1913093333333,-151.287137,671.6258359999999,113.69117599999998,-69.0150415,419.234987,198.9348735,-51.248945000000006,-29.223355999999967,-50.01826299999999
-11.367199666666666,909.7689496666667,358.12778,-150.85256049999998,671.3844435000001,113.33341100000001,-69.2782925,417.9956515,196.512275,-51.54684100000001,-28.664957000000015,-50.050816
-11.420178,909.5906706666666,358.0639396666667,-150.4168135,671.1438949999999,112.97751,-69.537125,416.7860165,194.102175,-51.84311,-28.111527000000024,-50.07474399999998
-11.473028666666666,909.4129883333334,357.999814,-149.9800095,670.90444,112.623418,-69.7917615,415.6058345,191.7050905,-52.137681,-27.563129000000004,-50.090306999999996
-11.525727333333334,909.2359663333333,357.93542899999994,-149.542259,670.6663255,112.2710795,-70.042421,414.4548505,189.321519,-52.430476000000006,-27.01981699999999,-50.09777600000001
-11.578250666666667,909.0596683333333,357.8708096666667,-149.103668,670.429791,111.9204335,-70.2893215,413.33280149999996,186.951937,-52.721410999999996,-26.481641000000025,-50.09742600000001
-11.630575,908.8841556666666,357.80598299999997,-148.66433999999998,670.1950695,111.57141949999999,-70.532677,412.239418,184.5968015,-53.010392,-25.94864199999995,-50.08954699999998
-11.682676666666666,908.7094886666667,357.74097466666666,-148.2243725,669.9623875,111.2239745,-70.7726965,411.1744215,182.256553,-53.297319,-25.420856999999955,-50.07443599999999
-11.734533666666666,908.5357266666666,357.67581100000007,-147.7838625,669.7319635,110.87803349999999,-71.00958349999999,410.137527,179.93161350000003,-53.582083,-24.89831399999997,-50.052401
-11.786124000000001,908.3629273333332,357.61051833333335,-147.342902,669.504008,110.5335335,-71.243537,409.128442,177.622389,-53.864564,-24.381035999999995,-50.02375999999998
-11.837426,908.191148,357.54512300000005,-146.9015795,669.278723,110.1904095,-71.47474700000001,408.146865,175.3292715,-54.144638,-23.86904400000003,-49.98884100000001
-11.888418999999999,908.020442,357.47965066666666,-146.459983,669.056302,109.8485995,-71.7033965,407.1924885,173.0526375,-54.422165,-23.362348999999995,-49.947979000000004
-11.939082666666666,907.850864,357.4141276666667,-146.018196,668.8369285,109.50804199999999,-71.9296605,406.264995,170.792852,-54.697001,-22.860959999999977,-49.901522
-11.989397333333335,907.6824646666668,357.34858033333336,-145.5763005,668.620776,109.168677,-72.153705,405.36406,168.55026800000002,-54.96899199999999,-22.36488399999996,-49.849823999999984
-12.039343666666667,907.5152950000002,357.28303400000004,-145.1343775,668.4080085,108.83044749999999,-72.3756855,404.4893495,166.3252275,-55.237975000000006,-21.87411899999995,-49.793249
-12.088903333333334,907.3494036666666,357.2175143333333,-144.69250599999998,668.198781,108.4933015,-72.5957485,403.64052200000003,164.1180635,-55.503779,-21.38866200000001,-49.73216500000001
-12.138057666666668,907.1848376666667,357.15204666666665,-144.250764,667.9932335000001,108.15718849999999,-72.81403,402.817226,161.9291005,-55.76623000000001,-20.90850599999999,-49.66694699999999
-12.186791,907.0216416666666,357.08665633333334,-143.80922950000001,667.7915,107.82206350000001,-73.0306545,402.01910050000004,159.758656,-56.025141000000005,-20.433643000000018,-49.59797800000001
-12.235085666666668,906.8598596666667,357.02136866666666,-143.36798,667.5937,107.487887,-73.245738,401.245777,157.607039,-56.280326,-19.964061999999956,-49.52563999999998
-12.282926333333334,906.6995336666665,356.95620733333334,-142.9270935,667.3999425,107.154623,-73.4593815,400.4968765,155.4745565,-56.531593,-19.499747000000013,-49.450321
-12.330297666666667,906.5407033333335,356.891198,-142.4866485,667.2103235,106.822244,-73.671679,399.77201,153.36151,-56.778746000000005,-19.040685999999994,-49.37240800000001
-12.377185000000003,906.3834066666667,356.8263636666666,-142.0467255,667.02493,106.49072749999999,-73.882711,399.0707785,151.2681955,-57.02159,-18.586861,-49.29228900000001
-12.423574333333333,906.227681,356.761729,-141.607405,666.843835,106.1600575,-74.092547,398.39277649999997,149.1949085,-57.259927999999995,-18.138255000000015,-49.210348999999994
-12.469453333333334,906.0735599999999,356.6973163333334,-141.168771,666.6670995,105.8302255,-74.3012465,397.73758499999997,147.1419425,-57.493565,-17.69485400000002,-49.12697100000001
-12.514809333333332,905.9210766666666,356.6331493333334,-140.73091,666.4947725,105.50123099999999,-74.508857,397.10477749999995,145.109589,-57.72231,-17.256637000000012,-49.04253
-12.559629666666666,905.7702626666666,356.56925100000007,-140.2939095,666.326893,105.1730795,-74.715416,396.4939185,143.09814,-57.94597399999999,-16.823590999999965,-48.957396
-12.603904666666667,905.621147,356.5056436666667,-139.857861,666.1634855,104.845786,-74.9209505,395.9045625,141.107886,-58.16437500000001,-16.395699000000036,-48.87193199999999
-12.647623000000001,905.4737563333333,356.442349,-139.422861,666.0045634999999,104.5193725,-75.12547749999999,395.3362555,139.13912,-58.377337,-15.972948999999971,-48.78649
-12.690775666666667,905.328117,356.3793883333333,-138.98900700000002,665.8501289999999,104.193871,-75.329004,394.78853449999997,137.1921345,-58.584696,-15.555326999999977,-48.70141100000001
-12.733353,905.1842523333333,356.3167833333334,-138.5564025,665.700173,103.8693185,-75.5315295,394.26092900000003,135.2672225,-58.78629300000001,-15.142823999999962,-48.61702100000001
-12.775348000000001,905.0421846666667,356.25455400000004,-138.125154,665.554674,103.5457625,-75.7330415,393.752961,133.3646815,-58.98198300000001,-14.735432000000003,-48.53363499999999
-12.816751333333334,904.9019343333333,356.19272133333334,-137.69537400000002,665.4136005,103.223259,-75.93352300000001,393.26414450000004,131.484806,-59.171632,-14.333146999999997,-48.45155
-12.857557333333332,904.7635196666666,356.1313043333334,-137.2671775,665.2769095,102.90187,-76.1329455,392.793988,129.6278945,-59.355121000000004,-13.935966000000008,-48.37104900000001
-12.897759,904.6269576666667,356.07032266666664,-136.8406855,665.1445475,102.58166700000001,-76.3312765,392.341992,127.79424750000001,-59.532345,-13.543890000000033,-48.29239500000001
-12.937351333333334,904.492264,356.009795,-136.4160235,665.0164525,102.262728,-76.5284745,391.907655,125.98416350000001,-59.703213000000005,-13.156924000000004,-48.215833
-12.976329,904.3594509999999,355.94973966666663,-135.993322,664.89255,101.9451395,-76.7244945,391.4904675,124.197944,-59.867651,-12.775074999999958,-48.14158800000001
-13.014687,904.2285313333333,355.89017366666667,-135.5727165,664.7727580000001,101.6289945,-76.9192835,391.089919,122.43589,-60.025601,-12.398356000000035,-48.06986599999999
-13.052422666666667,904.099515,355.8311143333333,-135.1543455,664.656986,101.314392,-77.112785,390.7054935,120.69830199999998,-60.177023999999996,-12.026781000000028,-48.000851999999995
-13.089531666666668,903.9724110000001,355.7725786666667,-134.7383545,664.545134,101.0014385,-77.304937,390.336676,118.9854795,-60.321896,-11.660368000000005,-47.93471099999999
-13.126012666666668,903.847226,355.71458233333334,-134.324892,664.437094,100.69024449999999,-77.4956755,389.9829465,117.2977205,-60.460211,-11.29914100000002,-47.87158299999999
-13.161862,903.7239650000001,355.6571406666667,-133.914111,664.332753,100.38092800000001,-77.684932,389.6437885,115.635321,-60.591982,-10.943124999999952,-47.81158999999998
-13.197079666666667,903.6026333333333,355.6002676666667,-133.5061685,664.231988,100.07361,-77.872636,389.3186835,113.998573,-60.717238,-10.592349000000013,-47.754834
-13.231664333333335,903.4832326666668,355.54397866666665,-133.101225,664.134672,99.7684165,-78.0587135,389.0071155,112.387763,-60.836025,-10.246847000000002,-47.70139200000001
-13.265614666666666,903.3657643333332,355.4882866666667,-132.6994455,664.0406700000001,99.46547749999999,-78.243092,388.7085695,110.80317550000001,-60.94840800000001,-9.906655,-47.651323000000005
-13.298932333333333,903.2502276666668,355.43320466666665,-132.3009965,663.9498455,99.16492500000001,-78.4256935,388.4225365,109.24508499999999,-61.054467,-9.571810999999968,-47.604665999999995
-13.331616333333335,903.136622,355.3787446666667,-131.906049,663.862055,98.8668945,-78.606443,388.148509,107.7137605,-61.15429600000001,-9.242355999999972,-47.56143700000001
-13.363668666666667,903.0249436666667,355.3249183333333,-131.5147735,663.777151,98.57152149999999,-78.785264,387.8859865,106.209463,-61.248008,-8.918334999999956,-47.521637999999996
-13.395090999999999,902.9151876666666,355.2717373333333,-131.127346,663.6949835,98.27894500000001,-78.96208,387.634473,104.732441,-61.335725999999994,-8.599793999999974,-47.48524999999999
-13.425884333333334,902.8073493333333,355.21921100000003,-130.7439405,663.6153995,97.989304,-79.1368145,387.393481,103.28293450000001,-61.417589,-8.286778000000027,-47.452239000000006
-13.456052,902.7014216666666,355.1673496666667,-130.3647325,663.5382440000001,97.70273499999999,-79.309393,387.162529,101.86117,-61.493748000000004,-7.979337999999984,-47.42255399999999
-13.485596000000001,902.5973966666667,355.1161623333333,-129.9898995,663.4633615,97.4193775,-79.47974149999999,386.941146,100.4673605,-61.564364999999995,-7.677519999999959,-47.396129
-13.51452,902.4952646666666,355.065658,-129.6196165,663.390594,97.139366,-79.64778849999999,386.7288675,99.1017045,-61.629611,-7.381376999999986,-47.372883
-13.542826666666665,902.3950159999999,355.0158443333333,-129.25405800000001,663.3197845,96.862837,-79.8134635,386.525241,97.764386,-61.68966700000001,-7.090954000000011,-47.35272599999999
-13.570521333333334,902.296639,354.9667283333333,-128.893398,663.250776,96.58991950000001,-79.9766965,386.329825,96.455569,-61.744723,-6.8063020000000165,-47.335556
-13.597607000000002,902.200121,354.91831666666667,-128.5378065,663.1834114999999,96.3207445,-80.1374225,386.142186,95.17540199999999,-61.794974999999994,-6.527467999999999,-47.32126000000001
-13.624088333333333,902.1054483333334,354.87061566666665,-128.1874525,663.1175365,96.055436,-80.295578,385.961906,93.924012,-61.840624,-6.254496000000017,-47.309718000000004
-13.649970333333334,902.012607,354.823631,-127.8425005,663.052998,95.794115,-80.451101,385.78857600000003,92.70150699999999,-61.881876,-5.987429999999961,-47.300799999999995
-13.675257666666667,901.9215816666666,354.77736766666663,-127.50311099999999,662.989646,95.5368985,-80.603933,385.621801,91.50797349999999,-61.91893999999999,-5.726312000000007,-47.29437299999999
-13.699956333333333,901.8323556666668,354.73183,-127.16944000000001,662.9273315,95.2838965,-80.754019,385.4612,90.34347600000001,-61.952028000000006,-5.471178000000009,-47.29029799999999
-13.724071,901.7449113333333,354.68702133333335,-126.8416375,662.8659115,95.035216,-80.9013065,385.30640200000005,89.2080535,-61.981353,-5.222061999999994,-47.28843500000001
-13.747608333333332,901.659232,354.64294533333333,-126.519848,662.8052445000001,94.7909565,-81.0457455,385.15705249999996,88.10172349999999,-62.007127,-4.978993000000003,-47.28863700000001
-13.770574000000002,901.5752980000001,354.59960499999994,-126.20421,662.7451945,94.55121249999999,-81.1872905,385.012808,87.0244785,-62.029561,-4.741997999999967,-47.290761
-13.792974000000001,901.4930893333334,354.5570026666667,-125.89485450000001,662.6856295,94.316071,-81.32589899999999,384.873341,85.976284,-62.048866,-4.511096000000009,-47.29466
-13.814815000000001,901.4125866666667,354.5151393333333,-125.5919035,662.6264225,94.085613,-81.46153050000001,384.7383355,84.957081,-62.06524900000001,-4.286302999999975,-47.30018999999999
-13.836103666666666,901.333769,354.4740166666667,-125.29547149999999,662.5674515000001,93.85991200000001,-81.594151,384.6074905,83.96678299999999,-62.078914,-4.067627000000016,-47.307207999999996
-13.856845999999999,901.2566143333333,354.43363500000004,-125.0056655,662.5086,93.639035,-81.723727,384.4805185,83.0052775,-62.090058,-3.8550730000000044,-47.31557300000001
-13.877049333333332,901.181101,354.3939950000001,-124.72258149999999,662.4497575,93.42304250000001,-81.8502315,384.3571435,82.0724235,-62.098877,-3.648635000000013,-47.325149
-13.896720333333334,901.107206,354.35509500000006,-124.446306,662.3908185,93.2119855,-81.973639,384.237105,81.1680545,-62.105560000000004,-3.4483040000000074,-47.335801
-13.915867,901.0349066666668,354.3169353333333,-124.1769165,662.3316855,93.005909,-82.09393,384.1201535,80.2919755,-62.110288,-3.2540629999999737,-47.347403
-13.93449533333333,900.9641786666667,354.2795143333333,-123.9144785,662.2722650000001,92.804851,-82.2110875,384.0060535,79.4439635,-62.113239,-3.06588499999998,-47.359829000000005
-13.952613333333332,900.8949990000001,354.2428296666667,-123.65904649999999,662.2124715,92.6088415,-82.32510049999999,383.894581,78.6237685,-62.114581,-2.883739999999989,-47.372963
-13.970228333333333,900.827342,354.206879,-123.41066699999999,662.1522255,92.417902,-82.43596050000001,383.7855245,77.8311135,-62.114477,-2.7075869999999895,-47.386689
-13.987347666666665,900.7611836666666,354.1716596666667,-123.16937150000001,662.0914545,92.23204899999999,-82.5436645,383.6786835,77.0656945,-62.113079000000006,-2.537376999999992,-47.400905
-14.003979666666666,900.6964986666667,354.13716833333336,-122.9351815,662.0300924999999,92.051289,-82.6482135,383.573868,76.32718,-62.110535,-2.3730540000000246,-47.41550599999999
-14.020130666666667,900.6332606666666,354.103401,-122.70810650000001,661.9680795,91.875624,-82.749614,383.47090049999997,75.615213,-62.106986,-2.2145549999999616,-47.43039999999999
-14.035809,900.5714456666666,354.0703536666667,-122.488145,661.905364,91.7050475,-82.8478765,383.3696125,74.9294115,-62.102561,-2.0618069999999875,-47.445499000000005
-14.051021999999998,900.5110256666667,354.0380206666667,-122.275283,661.8418999999999,91.5395455,-82.9430165,383.269847,74.26936699999999,-62.097383,-1.914728000000025,-47.460719999999995
-14.065778,900.451976,354.006398,-122.06949550000002,661.777647,91.379098,-83.035055,383.171453,73.634647,-62.091567999999995,-1.7732300000000123,-47.475988
-14.08008466666667,900.3942696666667,353.975479,-121.870745,661.7125735,91.2236785,-83.1240165,383.07429249999996,73.024797,-62.085225,-1.637217000000021,-47.491234000000006
-14.093949333333333,900.33788,353.945259,-121.678983,661.6466525000001,91.07325449999999,-83.2099335,382.9782345,72.439337,-62.078453,-1.5065850000000296,-47.50639600000001
-14.107380666666666,900.2827809999999,353.9157313333333,-121.494149,661.5798645,90.9277855,-83.2928395,382.8831555,71.8777685,-62.071345,-1.3812209999999823,-47.521413
-14.120385666666666,900.228945,353.886888,-121.31617299999999,661.5121959999999,90.787227,-83.3727765,382.78894049999997,71.3395695,-62.063987,-1.2610070000000064,-47.536235
-14.132972666666666,900.1763453333333,353.85872266666667,-121.1449725,661.44364,90.651527,-83.44979000000001,382.6954825,70.8241995,-62.056458000000006,-1.1458150000000273,-47.55081500000001
-14.14515,900.1249553333333,353.83122766666673,-120.98045549999999,661.374194,90.5206285,-83.523931,382.6026815,70.33109999999999,-62.048828,-1.0355169999999703,-47.56511
-14.156924333333334,900.0747473333334,353.8043956666667,-120.82252,661.3038624999999,90.3944695,-83.595255,382.510444,69.859694,-62.041164,-0.9299700000000257,-47.579084
-14.168305333333334,900.0256943333334,353.77821766666665,-120.6710535,661.2326559999999,90.2729815,-83.6638225,382.418683,69.4093895,-62.033522999999995,-0.8290319999999838,-47.592703
-14.179299,899.977769,353.75268566666665,-120.525935,661.1605890000001,90.156092,-83.7296985,382.32731850000005,68.979579,-62.025959,-0.7325529999999958,-47.605940000000004
-14.189915,899.9309443333333,353.72779066666664,-120.3870345,661.0876825,90.043722,-83.7929525,382.23627650000003,68.5696425,-62.018519,-0.6403809999999908,-47.61876899999999
-14.200159666666666,899.8851926666666,353.70352299999996,-120.2542145,661.013963,89.93579,-83.853658,382.145489,68.17894749999999,-62.011244,-0.5523540000000366,-47.631167
-14.210042666666666,899.8404863333334,353.67987366666665,-120.1273295,660.9394595,89.83220800000001,-83.9118915,382.0548945,67.8068505,-62.004171,-0.46831299999996645,-47.643119000000006
-14.21957,899.7967986666666,353.65683266666673,-120.0062275,660.8642090000001,89.7328855,-83.967736,381.964436,67.4526995,-61.997332,-0.3880919999999719,-47.65460900000001
-14.228751666666668,899.754102,353.63439,-119.8907495,660.7882495,89.637725,-84.0212735,381.87406350000003,67.1158355,-61.990753,-0.31152500000001737,-47.665623
-14.237594333333334,899.7123693333333,353.6125363333333,-119.7807315,660.7116265,89.546628,-84.072592,381.783732,66.7955915,-61.984458,-0.23844200000002047,-47.676151000000004
-14.246106,899.671573,353.5912603333333,-119.6760045,660.6343875,89.4594905,-84.1217805,381.693403,66.4912995,-61.978465,-0.16867400000000998,-47.686184999999995
-14.254294999999999,899.6316863333333,353.5705516666667,-119.576395,660.5565845,89.376205,-84.1689305,381.60304399999995,66.202284,-61.972791,-0.10205000000001974,-47.69572
-14.262169,899.5926826666667,353.5504,-119.48172600000001,660.4782725,89.2966615,-84.2141335,381.5126265,65.92787200000001,-61.967445000000005,-0.03840100000002167,-47.704748
-14.269736,899.5545346666668,353.53079366666674,-119.3918185,660.3995105,89.220745,-84.25748300000001,381.4221305,65.667389,-61.96244,0.02244300000000976,-47.713268
-14.277004666666665,899.5172160000001,353.5117216666667,-119.30649,660.3203619999999,89.14833899999999,-84.2990725,381.331541,65.4201615,-61.957779,0.0806479999999965,-47.721277
-14.283981666666667,899.4807,353.49317333333335,-119.22555750000001,660.2408905,89.07932249999999,-84.338995,381.240848,65.185521,-61.95346800000001,0.13638199999996914,-47.728774
-14.290676,899.4449603333333,353.4751366666667,-119.148837,660.1611654999999,89.013573,-84.3773425,381.15004999999996,64.962802,-61.949509,0.18980600000003278,-47.735756
-14.297095333333333,899.4099716666668,353.4575996666667,-119.076144,660.0812559999999,88.9509655,-84.41420600000001,381.0591505,64.7513465,-61.9459,0.24108100000000832,-47.74222700000001
-14.303248000000002,899.3757076666666,353.440552,-119.007296,660.0012360000001,88.891372,-84.4496745,380.96816,64.55050299999999,-61.942641,0.290362000000016,-47.748186
-14.309141333333335,899.3421436666667,353.42398166666663,-118.9421095,659.9211795,88.83466100000001,-84.4838325,380.8770955,64.3596295,-61.93972699999999,0.3377970000000232,-47.753633
-14.314783999999998,899.3092533333333,353.407876,-118.880405,659.841165,88.780702,-84.516764,380.785981,64.178095,-61.937156,0.3835379999999873,-47.75856999999999
-14.320184,899.2770123333333,353.3922236666667,-118.82200399999999,659.7612695,88.72936,-84.5485465,380.6948465,64.0052775,-61.934921,0.42772100000001956,-47.76299899999999
-14.325348666666665,899.2453956666667,353.37701233333337,-118.76673149999999,659.681574,88.6805,-84.5792545,380.60373000000004,63.840571499999996,-61.93301900000001,0.470483999999999,-47.766920999999996
-14.330286333333333,899.21438,353.3622306666667,-118.714416,659.6021595,88.633985,-84.6089575,380.5126765,63.68338299999999,-61.93144100000001,0.5119550000000004,-47.77034
-14.335005666666666,899.18394,353.3478656666666,-118.6648895,659.523109,88.589677,-84.637719,380.42173549999995,63.533132499999994,-61.930184000000004,0.5522569999999973,-47.773255
-14.339514,899.1540526666666,353.333906,-118.61798950000001,659.444505,88.547437,-84.6655975,380.330966,63.389259,-61.929239,0.5915039999999863,-47.775670000000005
-14.343819333333334,899.124694,353.3203393333333,-118.5735565,659.3664325,88.5071255,-84.6926445,380.240433,63.2512155,-61.92860099999999,0.6298060000000305,-47.777584999999995
-14.347930333333332,899.095841,353.30715333333336,-118.531437,659.288975,88.468603,-84.71890350000001,380.15020749999996,63.1184745,-61.928263,0.6672649999999862,-47.779005
-14.351853999999998,899.0674703333333,353.29433666666665,-118.49148399999999,659.2122175,88.4317295,-84.744414,380.0603675,62.9905255,-61.928219999999996,0.703975000000014,-47.779928999999996
-14.355599666666668,899.03956,353.2818763333333,-118.4535535,659.1362429999999,88.396364,-84.7692055,379.97099549999996,62.8668785,-61.928467000000005,0.7400230000000079,-47.780361
-14.359174333333334,899.0120866666666,353.2697606666666,-118.41751,659.0611365,88.362369,-84.793302,379.8821825,62.7470615,-61.928998,0.7754889999999932,-47.780303
-14.362586,898.985028,353.2579786666667,-118.383222,658.9869805,88.329605,-84.816718,379.7940235,62.6306235,-61.929808,0.8104450000000156,-47.779757
-14.365842666666666,898.9583630000001,353.24651766666665,-118.3505655,658.9138585000001,88.297934,-84.839463,379.706618,62.5171325,-61.93089400000001,0.8449560000000247,-47.77872299999999
-14.368953,898.9320693333334,353.23536633333333,-118.3194215,658.8418515000001,88.2672205,-84.861536,379.6200725,62.4061775,-61.932254,0.8790809999999851,-47.777207
-14.371924,898.9061263333333,353.22451299999994,-118.2896785,658.771039,88.237329,-84.8829305,379.534496,62.297368,-61.93388099999999,0.912871999999993,-47.77521
-14.374764,898.8805120000001,353.213946,-118.26122949999998,658.701499,88.2081275,-84.9036325,379.45,62.190332999999995,-61.93577500000001,0.9463739999999916,-47.772736
-14.377480666666665,898.8552056666667,353.2036553333333,-118.23397600000001,658.633309,88.179485,-84.9236195,379.36670300000003,62.084723999999994,-61.937932999999994,0.9796259999999961,-47.769788
-14.380082000000002,898.830187,353.1936283333334,-118.2078225,658.566543,88.1512735,-84.9428635,379.2847225,61.9802095,-61.940351,1.01266099999998,-47.766371
-14.382575333333333,898.8054363333334,353.18385533333327,-118.182681,658.5012725,88.123368,-84.96133,379.2041805,61.87648,-61.943028000000005,1.0455070000000433,-47.76248999999999
-14.384968999999998,898.7809326666666,353.17432433333335,-118.1584695,658.4375675,88.0956465,-84.978978,379.12519799999995,61.773246,-61.945962,1.0781900000000064,-47.75815
-14.387269333333334,898.7566579999999,353.16502633333334,-118.1351115,658.3754935,88.06799000000001,-84.995762,379.04789949999997,61.670235,-61.949148,1.110727000000054,-47.75336
-14.389485333333333,898.7325926666666,353.15595,-118.11253350000001,658.3151150000001,88.040283,-85.0116305,378.97240650000003,61.567195,-61.952583,1.1431349999999725,-47.748126000000006
-14.391623333333333,898.7087186666666,353.14708566666667,-118.09067,658.25649,88.0124155,-85.0265285,378.898841,61.463891000000004,-61.956265,1.1754260000000158,-47.742458000000006
-14.393690999999999,898.6850169999999,353.1384233333333,-118.0694585,658.1996764999999,87.9842795,-85.04039800000001,378.82732450000003,61.360104500000006,-61.96018600000001,1.2076089999999908,-47.73636700000001
-14.395695666666668,898.6614713333333,353.12995299999994,-118.0488405,658.1447255,87.95577349999999,-85.05317600000001,378.7579745,61.255636,-61.964342,1.2396929999999884,-47.729864000000006
-14.397644333333332,898.6380636666667,353.121666,-118.0287625,658.091686,87.92679799999999,-85.06479999999999,378.69090800000004,61.1503,-61.968723999999995,1.2716839999999934,-47.722964
-14.399543666666668,898.6147776666667,353.11355299999997,-118.0091745,658.0406005,87.897262,-85.0752045,378.6262355,61.0439275,-61.97332299999999,1.3035869999999932,-47.715683
-14.401400666666666,898.5915976666666,353.10560499999997,-117.99002899999999,657.9915095,87.867076,-85.084325,378.564065,60.9363635,-61.978128000000005,1.3354099999999676,-47.70803900000001
-14.403222,898.5685073333334,353.097814,-117.971282,657.9444475,87.836158,-85.0920955,378.5044995,60.827467,-61.983126999999996,1.3671550000000252,-47.70005
-14.405014333333334,898.5454920000001,353.0901713333333,-117.95289249999999,657.899443,87.80443149999999,-85.098453,378.4476355,60.71710949999999,-61.98830400000001,1.398828999999978,-47.691742999999995
-14.406783666666668,898.522538,353.08266900000007,-117.934822,657.8565225,87.7718245,-85.103335,378.39356499999997,60.605175,-61.99364,1.4304400000000328,-47.68313799999999
-14.408536333333332,898.4996303333334,353.07529999999997,-117.9170325,657.8157045,87.738271,-85.1066825,378.3423705,60.49156000000001,-61.999117,1.4619969999999967,-47.674264
-14.410278333333332,898.476756,353.06805699999995,-117.89948899999999,657.7770035000001,87.703712,-85.10844,378.294129,60.376169,-62.004709999999996,1.4935100000000148,-47.66515199999999
-14.412014666666666,898.4539026666666,353.060933,-117.882158,657.7404280000001,87.668093,-85.10855649999999,378.248909,60.25892,-62.010395,1.5249900000000025,-47.655834000000006
-14.413752,898.4310576666667,353.05392233333333,-117.865005,657.7059830000001,87.6313665,-85.1069855,378.2067715,60.1397375,-62.016141,1.5564550000000281,-47.646347000000006
-14.415494333333333,898.4082096666666,353.04701833333337,-117.84799849999999,657.673665,87.59349,-85.1036865,378.16776749999997,60.0185565,-62.021916999999995,1.5879189999999994,-47.63672700000001
-14.417246999999998,898.3853473333332,353.0402163333333,-117.83110599999999,657.6434675,87.5544295,-85.0986255,378.13194,59.8953185,-62.02768700000001,1.6194060000000263,-47.627017
-14.419015666666667,898.3624606666667,353.03351000000004,-117.81429550000001,657.6153770000001,87.5141545,-85.0917755,378.0993215,59.769974,-62.033412999999996,1.650935000000004,-47.61726
-14.420803999999999,898.3395393333334,353.0268956666667,-117.7975345,657.5893759999999,87.472641,-85.0831175,378.069936,59.64248,-62.039055,1.6825339999999755,-47.607502
-14.422616333333332,898.3165743333333,353.02036966666674,-117.780791,657.5654405,87.429873,-85.072639,378.04379700000004,59.5127995,-62.04456799999999,1.7142319999999813,-47.597795
-14.424456,898.2935576666665,353.01392733333336,-117.764032,657.543541,87.385839,-85.060336,378.02090799999996,59.380902500000005,-62.049904000000005,1.74606,-47.58818900000001
-14.426327333333333,898.27048,353.00756666666666,-117.74722449999999,657.5236425,87.3405335,-85.046214,378.0012625,59.246764,-62.055016,1.778051000000005,-47.57873800000001
-14.428233333333333,898.2473356666666,353.00128433333333,-117.7303335,657.5057059999999,87.2939565,-85.030287,377.984845,59.1103655,-62.059850000000004,1.8102420000000166,-47.56949900000001
-14.430176333333335,898.2241166666666,352.995078,-117.713324,657.489687,87.246115,-85.0125765,377.9716285,58.971693,-62.064351,1.8426709999999957,-47.560532
-14.432160000000001,898.2008183333334,352.98894766666666,-117.69615999999999,657.4755345000001,87.1970205,-84.9931145,377.96157800000003,58.830738,-62.068465,1.875378000000012,-47.551894
-14.434185333333332,898.1774346666667,352.9828913333333,-117.67880349999999,657.4631935,87.146691,-84.97193999999999,377.95464649999997,58.6874965,-62.072131999999996,1.9084029999999643,-47.543649
-14.436255000000001,898.1539613333334,352.9769086666667,-117.661217,657.4526055,87.0951485,-84.94910300000001,377.950779,58.541969,-62.075294,1.9417920000000208,-47.535858000000005
-14.438369999999999,898.130395,352.9709996666666,-117.6433615,657.4437065,87.04242049999999,-84.92466,377.9499115,58.3941625,-62.077892,1.9755850000000237,-47.52858500000001
-14.440532,898.1067333333334,352.9651646666666,-117.6251965,657.4364275,86.9885405,-84.898675,377.9519695,58.244087,-62.07986400000001,2.0098290000000247,-47.521891999999994
-14.442740333333333,898.0829733333334,352.95940566666667,-117.60668150000001,657.430696,86.933545,-84.8712225,377.95687150000003,58.091758500000005,-62.081151000000006,2.0445629999999824,-47.515843000000004
-14.444997,898.0591146666667,352.95372333333336,-117.5877735,657.4264370000001,86.877476,-84.8423805,377.9645265,57.937196,-62.08169300000001,2.079833000000008,-47.510502
-14.447300333333336,898.0351569999999,352.94812,-117.568431,657.4235695,86.8203795,-84.812237,377.974836,57.780426,-62.081430000000005,2.1156780000000026,-47.505928
-14.44965,898.0111003333333,352.9425986666667,-117.54861,657.422011,86.7623055,-84.7808835,377.9876935,57.621477999999996,-62.080309,2.152138999999977,-47.50218
-14.452046000000001,897.986947,352.93716166666667,-117.5282675,657.421675,86.703308,-84.748418,378.002987,57.460387000000004,-62.07827,2.1892540000000054,-47.499318
-14.454485666666665,897.962699,352.9318133333333,-117.50736,657.4224725,86.643444,-84.714943,378.02059499999996,57.297194499999996,-62.07526399999999,2.2270560000000046,-47.497395
-14.456967333333333,897.9383600000001,352.92655766666667,-117.48584249999999,657.4243125,86.582774,-84.6805645,378.0403935,57.1319455,-62.07124099999999,2.2655790000000025,-47.496463000000006
-14.459489333333332,897.9139343333333,352.9213986666667,-117.463673,657.4271000000001,86.52136250000001,-84.6453915,378.062248,56.9646915,-62.06615500000001,2.3048499999999876,-47.496569
-14.462047666666669,897.8894266666666,352.9163413333333,-117.4408075,657.430742,86.459275,-84.6095355,378.08602299999995,56.795489,-62.05996700000001,2.3448960000000056,-47.497758000000005
-14.464639666666665,897.8648440000001,352.9113916666667,-117.417204,657.4351389999999,86.39658,-84.5731085,378.111577,56.62440099999999,-62.052639000000006,2.3857360000000085,-47.500066
-14.467261666666667,897.8401936666666,352.90655566666663,-117.392821,657.440195,86.333348,-84.536224,378.13876200000004,56.4514955,-62.044142,2.4273860000000127,-47.503527000000005
-14.469908666666667,897.8154836666668,352.90183900000005,-117.36761849999999,657.4458095,86.269654,-84.49899350000001,378.1674305,56.276847,-62.034451000000004,2.4698569999999904,-47.508168
-14.472576333333334,897.7907233333334,352.8972496666667,-117.341557,657.4518845,86.20557,-84.4615285,378.197428,56.100535,-62.023545000000006,2.513157999999976,-47.51401
-14.47526,897.7659226666666,352.8927946666667,-117.314601,657.4583195,86.14117350000001,-84.4239385,378.22859900000003,55.9226455,-62.01141500000001,2.5572860000000333,-47.521066999999995
-14.477953333333334,897.741093,352.88848233333334,-117.28671600000001,657.4650165,86.07654050000001,-84.38632700000001,378.2607855,55.7432705,-61.998054,2.602241000000049,-47.52934499999999
-14.480650333333335,897.716247,352.8843206666667,-117.257869,657.4718775,86.0117495,-84.34879699999999,378.2938285,55.5625075,-61.983468,2.6480129999999917,-47.538844999999995
-14.483343999999997,897.691397,352.88031900000004,-117.228031,657.4788035,85.946879,-84.3114445,378.32756600000005,55.38046,-61.967663,2.6945860000000152,-47.549555999999995
-14.486027666666667,897.6665576666668,352.8764866666667,-117.19717700000001,657.4857005,85.8820065,-84.2743615,378.3618385,55.197237,-61.950661,2.741942999999992,-47.561462000000006
-14.488693333333332,897.641744,352.87283299999996,-117.16528350000002,657.4924745000001,85.8172115,-84.2376335,378.39648450000004,55.0129535,-61.932489000000004,2.7900549999999953,-47.57453700000001
-14.491333,897.6169723333334,352.8693693333333,-117.13233149999999,657.499033,85.752573,-84.20133799999999,378.4313425,54.8277305,-61.91318,2.8388950000000364,-47.58874900000001
-14.493938333333332,897.5922593333333,352.86610533333334,-117.098307,657.5052885,85.688169,-84.165548,378.466254,54.641692500000005,-61.892778,2.8884279999999762,-47.604053
-14.496500333333335,897.5676233333334,352.86305366666664,-117.0631995,657.5111545,85.624076,-84.1303265,378.50106,54.454971,-61.871335,2.9386120000000346,-47.6204
-14.499009666666666,897.5430836666668,352.8602246666667,-117.0270035,657.51655,85.560371,-84.095729,378.5356055,54.2677005,-61.84891399999999,2.9894049999999766,-47.63772899999999
-14.501456,897.5186596666666,352.857631,-116.9897195,657.521397,85.49713,-84.0618045,378.5697375,54.0800225,-61.82558099999999,3.040755000000047,-47.655970999999994
-14.503829333333334,897.4943726666667,352.85528466666665,-116.951351,657.5256214999999,85.4344255,-84.0285915,378.603306,53.8920815,-61.801415,3.092609999999979,-47.675049
-14.506119333333336,897.4702453333333,352.8531986666667,-116.91190950000001,657.5291555,85.37233,-83.996121,378.636165,53.7040255,-61.776502,3.1449139999999716,-47.69487899999999
-14.508314333333333,897.4462990000001,352.85138566666666,-116.8714115,657.531936,85.3109155,-83.9644165,378.66817349999997,53.5160075,-61.750933,3.197603000000015,-47.71536499999999
-14.510403000000002,897.422559,352.84985933333337,-116.8298805,657.533905,85.2502475,-83.9334925,378.69919500000003,53.328183,-61.724810999999995,3.2506139999999846,-47.736408
-14.512373333333334,897.399049,352.84863333333334,-116.78734500000002,657.5350129999999,85.190393,-83.903355,378.729098,53.140711,-61.698242,3.3038799999999924,-47.757898
-14.514213666666668,897.3757949999999,352.84772133333337,-116.743841,657.535215,85.131415,-83.8740045,378.75775899999996,52.953753000000006,-61.67133900000001,3.3573279999999954,-47.779720000000005
-14.515911000000001,897.3528239999999,352.84713766666664,-116.6994115,657.534474,85.0733735,-83.845433,378.7850595,52.7674735,-61.644224,3.4108870000000024,-47.801753000000005
-14.517452333333333,897.3301623333333,352.8468963333333,-116.65410700000001,657.5327605,85.01632649999999,-83.8176275,378.81089,52.582038,-61.617022999999996,3.4644780000000424,-47.82387
-14.518824666666669,897.3078393333334,352.847012,-116.60798400000002,657.5300534999999,84.9603275,-83.790568,378.835148,52.3976155,-61.589865999999994,3.5180239999999685,-47.84593699999999
-14.520014666666667,897.285883,352.84749966666664,-116.561108,657.5263395,84.905427,-83.764231,378.85774000000004,52.214372999999995,-61.562886000000006,3.5714439999999854,-47.867818
-14.521008333333333,897.264323,352.848374,-116.513552,657.521615,84.851671,-83.73859,378.8785825,52.032482,-61.536224000000004,3.6246529999999666,-47.889374000000004
-14.521792,897.24319,352.84965033333333,-116.465396,657.515885,84.7991035,-83.71361399999999,378.897602,51.8521115,-61.510017999999995,3.677570000000003,-47.91045899999999
-14.522351,897.2225153333333,352.85134300000004,-116.4167285,657.5091645,84.7477625,-83.689272,378.914736,51.673432500000004,-61.484413999999994,3.730105999999978,-47.930929
-14.522671,897.20233,352.85346799999996,-116.367646,657.501478,84.6976825,-83.665532,378.929933,51.496615500000004,-61.459554,3.7821720000000028,-47.950639
-14.522738333333331,897.182666,352.85604033333334,-116.318253,657.4928620000001,84.648892,-83.642364,378.9431545,51.3218285,-61.435582000000004,3.833678999999961,-47.969441
-14.522536666666667,897.1635570000002,352.8590753333333,-116.2686635,657.4833615,84.601418,-83.619739,378.9543745,51.149241,-61.41264399999999,3.884536999999966,-47.98719
-14.522052666666667,897.1450363333333,352.86258799999996,-116.218998,657.473035,84.555279,-83.5976335,378.96358050000003,50.979019,-61.39088100000001,3.934650999999974,-48.003742
-14.521270666666666,897.1271366666666,352.866593,-116.169386,657.46195,84.51049,-83.576029,378.970776,50.811328,-61.370434,3.9839279999999917,-48.018956
-14.520176,897.1098926666667,352.87110666666666,-116.1199655,657.450187,84.46706,-83.5549115,378.975977,50.6463295,-61.351439,4.0322740000000294,-48.032695000000004
-14.518752999999998,897.0933383333335,352.8761423333333,-116.0708815,657.437838,84.424994,-83.5342795,378.9792185,50.4841835,-61.334029,4.079588999999999,-48.04482899999999
-14.516987333333333,897.0775093333333,352.8817153333334,-116.0222895,657.425007,84.3842895,-83.514137,378.980549,50.3250465,-61.318332000000005,4.125777999999968,-48.055229
-14.514863666666665,897.0624393333334,352.88784100000004,-115.97435,657.4118100000001,84.34493900000001,-83.4945015,378.98003600000004,50.169070999999995,-61.304469000000005,4.170737999999972,-48.063778
-14.512367666666668,897.0481643333333,352.894532,-115.927233,657.3983765,84.306929,-83.4754035,378.97776350000004,50.0164055,-61.292553,4.2143709999999714,-48.070364999999995
-14.509483333333334,897.0347196666667,352.90180366666664,-115.88111549999999,657.3848455,84.2702415,-83.456887,378.973835,49.867194500000004,-61.282689999999995,4.2565740000000005,-48.074889
-14.506197,897.02214,352.90966899999995,-115.83618299999999,657.3713705,84.2348485,-83.439011,378.9683715,49.7215765,-61.27497999999999,4.29724299999998,-48.077259
-14.502493000000001,897.0104613333333,352.9181413333333,-115.79262599999998,657.358117,84.200721,-83.4218525,378.961514,49.579685,-61.269507000000004,4.336275999999998,-48.077394
-14.498357666666665,896.9997189999999,352.9272343333334,-115.750643,657.3452609999999,84.1678195,-83.405505,378.9534225,49.441646,-61.26635,4.373564999999985,-48.075226
-14.493777333333334,896.9899486666667,352.93696,-115.7104385,657.332993,84.136101,-83.3900835,378.944277,49.307582000000004,-61.265572999999996,4.409003999999982,-48.070702
-14.488737,896.9811843333333,352.947331,-115.672223,657.321512,84.1055145,-83.3757205,378.9342765,49.177604,-61.267227,4.442489000000023,-48.06378000000001
-14.483223666666667,896.9734623333334,352.95835933333336,-115.636212,657.311032,84.076005,-83.3625705,378.923642,49.051819,-61.271353000000005,4.473909999999989,-48.054432000000006
-14.477223666666665,896.9668156666667,352.97005599999994,-115.602626,657.301774,84.04751,-83.35081100000001,378.9126115,48.9303235,-61.277976,4.503161000000034,-48.042651000000006
-14.470724333333331,896.9612803333333,352.9824316666666,-115.5716905,657.2939715,84.019961,-83.3406405,378.90144599999996,48.8132055,-61.287107,4.530136000000027,-48.028441
-14.463712999999998,896.9568893333334,352.995498,-115.5436355,657.2878685000001,83.9932855,-83.332281,378.8904235,48.7005435,-61.298742,4.554726999999957,-48.01182300000001
-14.456177333333335,896.9536763333334,353.009263,-115.5186915,657.2837165,83.967403,-83.32597750000001,378.8798415,48.5924055,-61.312861000000005,4.576832999999965,-47.992837
-14.448106000000001,896.9516743333334,353.0237376666667,-115.4970945,657.2817775000001,83.94223099999999,-83.321998,378.87001699999996,48.48885,-61.329428,4.596345999999983,-47.971538
-14.439487666666665,896.9509153333333,353.038929,-115.4790805,657.2823205,83.91767850000001,-83.32063550000001,378.86128299999996,48.3899215,-61.348393,4.613170000000025,-47.948003
-14.430312,896.9514316666667,353.0548463333333,-115.464887,657.2856205,83.8936525,-83.322205,378.853991,48.2956555,-61.369685999999994,4.627206000000001,-47.922321
-14.420568333333334,896.9532536666667,353.0714963333333,-115.454752,657.291961,83.870055,-83.3270435,378.8485065,48.206073,-61.393223000000006,4.638360999999975,-47.894602
-14.410247666666669,896.9564116666667,353.08888533333334,-115.4489135,657.3016279999999,83.846784,-83.3355125,378.84521099999995,48.121182,-61.41890299999999,4.646546000000001,-47.864976
-14.399340666666667,896.9609353333334,353.10702,-115.447607,657.3149145,83.8237355,-83.347994,378.84449900000004,48.040978499999994,-61.446608,4.651678000000004,-47.83358499999999
-14.387839333333332,896.9668519999999,353.1259043333334,-115.451066,657.3321135,83.800799,-83.36489,378.8467755,47.965442,-61.476204,4.653683000000001,-47.800594000000004
-14.37573633333333,896.97419,353.1455436666667,-115.4595225,657.3535214999999,83.7778665,-83.3866235,378.85245699999996,47.894539,-61.507543,4.652491999999995,-47.76617800000001
-14.363024666666666,896.9829743333333,353.16594133333336,-115.4732015,657.3794355,83.7548245,-83.4136355,378.861966,47.828221,-61.540456999999996,4.648044000000027,-47.730532000000004
