Sh_x,Sh_y,Sh_z,El_x,El_y,El_z,Wr_x,Wr_y,Wr_z,WrVec_x,WrVec_y,WrVec_z
-103.063326,669.8845313333334,346.5387123333333,-209.3131855,569.301151,49.345710000000004,-123.22426949999999,322.39091399999995,39.0499665,-54.280756999999994,-15.795272000000011,-33.427755
-103.02705533333335,669.7888033333334,346.57228299999997,-209.254773,569.018597,49.519563500000004,-122.98447949999999,322.260941,39.059517,-54.236711,-15.835173999999995,-33.479258
-102.99133533333334,669.6942436666667,346.6065489999999,-209.20365199999998,568.734682,49.6946665,-122.7442215,322.129586,39.075585,-54.19091499999999,-15.877834000000007,-33.53322
-102.95616,669.6008693333332,346.64150366666667,-209.159653,568.4494319999999,49.870677,-122.50269300000001,321.99675,39.097365,-54.143314000000004,-15.923112000000003,-33.58981
-102.92152266666666,669.508697,346.67713899999995,-209.1225905,568.1629055000001,50.047236,-122.25915900000001,321.86233649999997,39.124031,-54.09386400000001,-15.970850999999982,-33.64917
-102.88741566666666,669.4177456666666,346.7134476666667,-209.0922725,567.8751945,50.22397049999999,-122.012961,321.7262485,39.154745500000004,-54.04253600000001,-16.020872999999995,-33.711411
-102.853831,669.3280333333333,346.7504226666667,-209.068498,567.586427,50.400493999999995,-121.76351650000001,321.588396,39.188674000000006,-53.989309000000006,-16.072986000000014,-33.776614
-102.82075800000001,669.239582,346.78805566666665,-209.051059,567.2967625,50.5764095,-121.5103235,321.4486905,39.224990500000004,-53.93417699999999,-16.126982999999996,-33.844837
-102.78818666666666,669.152413,346.8263383333333,-209.039746,567.006393,50.7513115,-121.25296,321.3070515,39.262890999999996,-53.877138,-16.182650999999964,-33.916102
-102.75610566666666,669.06655,346.865264,-209.034344,566.715543,50.9247875,-120.9910835,321.16340449999996,39.3016035,-53.818203,-16.239762999999982,-33.990411
-102.72450433333334,668.982019,346.904825,-209.0346375,566.4244659999999,51.0964245,-120.724434,321.017683,39.3403975,-53.75738799999999,-16.298093999999992,-34.067735
-102.69336866666667,668.8988466666667,346.9450133333333,-209.0404125,566.133444,51.2658095,-120.45282900000001,320.869831,39.378597,-53.694711999999996,-16.357414000000006,-34.14802400000001
-102.66268633333334,668.817063,346.9858226666667,-209.05145249999998,565.8427839999999,51.432535,-120.176164,320.7198035,39.4155905,-53.6302,-16.41749500000003,-34.231202999999994
-102.63244366666667,668.7366993333334,347.02724599999993,-209.067546,565.5528135,51.596202,-119.89440900000001,320.5675675,39.450842,-53.56388200000001,-16.478115000000003,-34.31717999999999
-102.60262633333332,668.6577893333333,347.06927733333333,-209.0884805,565.263882,51.756426,-119.60760300000001,320.413105,39.4838995,-53.49578800000002,-16.539060000000006,-34.405840999999995
-102.57322,668.5803686666667,347.1119103333333,-209.1140485,564.9763515,51.9128415,-119.315854,320.25641199999995,39.514407,-53.42594600000001,-16.600123999999994,-34.497062
-102.54421,668.5044760000001,347.15514033333335,-209.144044,564.6905975,52.065104,-119.019329,320.097502,39.5421135,-53.354383999999996,-16.661113999999998,-34.590699
-102.51558033333333,668.4301526666667,347.19896199999994,-209.178265,564.4070025,52.212899500000006,-118.718254,319.936407,39.566880999999995,-53.281130000000005,-16.721856000000002,-34.686602
-102.48731566666665,668.3574413333333,347.24337233333335,-209.21651,564.1259514999999,52.355943499999995,-118.412902,319.77317949999997,39.588694000000004,-53.206204000000014,-16.782186999999965,-34.784614
-102.45939966666667,668.286388,347.28836699999994,-209.25858449999998,563.8478299999999,52.493992,-118.1035925,319.607891,39.607667,-53.129627,-16.841970000000003,-34.884568
-102.43181666666668,668.2170423333333,347.33394433333325,-209.3042925,563.573017,52.6268385,-117.790681,319.4406385,39.6240495,-53.05140999999999,-16.901087000000018,-34.986299
-102.40455066666668,668.1494536666667,347.3801026666667,-209.353444,563.301882,52.7543255,-117.4745535,319.2715395,39.638235,-52.97155699999999,-16.95944300000002,-35.08964
-102.37758366666667,668.0836773333333,347.42684133333336,-209.405849,563.0347815,52.8763415,-117.155619,319.10073950000003,39.650763,-52.890069999999994,-17.016966999999966,-35.194426
-102.35089966666665,668.0197686666667,347.47416066666665,-209.461322,562.7720535000001,52.9928305,-116.8343045,318.92841,39.6623255,-52.806939,-17.073620000000005,-35.300495
-102.32448166666666,667.9577866666667,347.52206133333334,-209.519679,562.514015,53.1037895,-116.511043,318.754749,39.6737695,-52.722148000000004,-17.12938399999996,-35.407691
-102.29831200000001,667.897793,347.5705476666667,-209.580739,562.2609575,53.2092735,-116.186272,318.5799835,39.686099,-52.635672,-17.18427300000002,-35.51587000000001
-102.27237333333333,667.8398513333333,347.619621,-209.644325,562.013144,53.309396,-115.8604235,318.4043725,39.7004755,-52.547481000000005,-17.23833099999996,-35.624888999999996
-102.24664933333334,667.7840279999999,347.66928766666666,-209.7102615,561.770807,53.404332499999995,-115.533918,318.228202,39.71822,-52.457532,-17.291629999999998,-35.734622
-102.22112233333333,667.7303913333334,347.71955299999996,-209.7783785,561.5341455,53.4943155,-115.20715750000001,318.051792,39.7408095,-52.365779,-17.344277999999974,-35.844949
-102.19577400000001,667.6790123333334,347.7704243333333,-209.848511,561.3033235,53.579641,-114.8805215,317.875495,39.769878,-52.27216899999999,-17.39640799999995,-35.95576
-102.17058766666666,667.6299636666666,347.82190966666667,-209.920501,561.078467,53.660662,-114.554361,317.69969449999996,39.807210999999995,-52.17663800000001,-17.448189000000013,-36.066962
-102.14554566666668,667.583321,347.87402,-209.994194,560.859665,53.7377895,-114.228992,317.5248085,39.8547415,-52.079122,-17.499820999999997,-36.178464999999996
-102.12063066666667,667.5391596666667,347.9267653333333,-210.069447,560.646967,53.811489,-113.904693,317.35128699999996,39.914547,-51.97954999999999,-17.551534000000004,-36.290192000000005
-102.09582466666666,667.4975596666667,347.980159,-210.14612599999998,560.440385,53.882279499999996,-113.5816995,317.179615,39.9888415,-51.877847,-17.603591999999992,-36.402073
-102.07111100000002,667.4586003333334,348.0342143333333,-210.2241075,560.239891,53.950728,-113.26020349999999,317.01031,40.0799665,-51.77393499999998,-17.656290000000013,-36.514047000000005
-102.04647133333333,667.4223633333334,348.0889463333333,-210.303281,560.0454195,54.0174475,-112.940347,316.843922,40.190388,-51.667738,-17.709951999999987,-36.626056000000005
-102.02188866666665,667.3889316666667,348.1443729999999,-210.383551,559.8568665,54.083090999999996,-112.622224,316.681034,40.322680500000004,-51.55917400000001,-17.764936000000034,-36.738047
-101.997346,667.3583886666667,348.200511,-210.4648365,559.6740930000001,54.148349499999995,-112.30587599999998,316.5222605,40.4795215,-51.448167999999995,-17.821624999999983,-36.849969
-101.972826,667.3308196666667,348.2573803333333,-210.5470755,559.496924,54.2139445,-111.9912935,316.3682465,40.66368,-51.334641000000005,-17.880435000000034,-36.961768000000006
-101.94831133333334,667.3063099999999,348.315002,-210.630223,559.325152,54.280623500000004,-111.678415,316.21966699999996,40.878002,-51.21852200000001,-17.941805999999985,-37.073387999999994
-101.92378433333333,667.2849453333333,348.3733973333333,-210.714257,559.1585375,54.349157500000004,-111.36712650000001,316.0772235,41.1253995,-51.099743000000004,-18.006207000000018,-37.184769
-101.89922866666666,667.2668113333333,348.4325906666666,-210.799173,558.99681,54.420333,-111.057265,315.9416445,41.4088375,-50.97823799999999,-18.07412899999997,-37.295839
-101.87462699999999,667.251995,348.4926063333333,-210.884992,558.8396705,54.4949465,-110.74861899999999,315.81368299999997,41.7313175,-50.85395199999999,-18.146086000000025,-37.406518999999996
-101.84996266666667,667.2405823333334,348.55347,-210.9717565,558.686794,54.573803,-110.44092850000001,315.6941135,42.095865,-50.72683300000001,-18.22261500000002,-37.516712
-101.82521899999999,667.2326586666667,348.61520966666666,-211.059532,558.53783,54.657707,-110.133891,315.58373,42.5055125,-50.596838000000005,-18.30426799999998,-37.626311
-101.80037933333334,667.2283093333334,348.67785299999997,-211.148409,558.3924045,54.747461,-109.82716250000001,315.483343,42.963284,-50.46393300000001,-18.391616,-37.735184000000004
-101.77542666666666,667.227618,348.7414293333333,-211.2385005,558.250119,54.8438595,-109.5203615,315.3937785,43.47218,-50.328090999999986,-18.485240999999974,-37.843182
-101.75034466666666,667.2306693333334,348.8059686666666,-211.32994250000002,558.110557,54.947685,-109.213072,315.3158715,44.035161,-50.18929399999999,-18.58573899999999,-37.950134
-101.72511733333333,667.2375436666666,348.8715033333333,-211.4228925,557.9732795,55.059704999999994,-108.90484900000001,315.2504665,44.655129,-50.047532000000004,-18.693709000000013,-38.055842
-101.69972766666666,667.2483223333334,348.938064,-211.51753100000002,557.8378295,55.180668,-108.59522150000001,315.1984115,45.334913,-49.90280700000001,-18.809754999999996,-38.160084000000005
-101.67415999999999,667.2630843333333,349.005685,-211.614058,557.7037305,55.311301,-108.28369749999999,315.1605555,46.077253999999996,-49.755129,-18.934484999999995,-38.262609999999995
-101.64839766666667,667.2819056666666,349.07439866666664,-211.7126905,557.5704885,55.45230600000001,-107.9697675,315.137746,46.884786,-49.604517000000016,-19.068499999999972,-38.363138000000006
-101.62242466666667,667.3048623333333,349.1442386666667,-211.81366300000002,557.4375924999999,55.60435699999999,-107.652911,315.1308225,47.760023999999994,-49.450998,-19.212394999999958,-38.46136
-101.596225,667.3320256666667,349.21524,-211.9172245,557.3045125,55.768100499999996,-107.3326,315.1406165,48.7053465,-49.294610000000006,-19.366755000000012,-38.556934999999996
-101.56978166666666,667.3634653333334,349.28743699999995,-212.023636,557.170705,55.9441515,-107.00830450000001,315.1679455,49.7229825,-49.13539900000001,-19.532151,-38.64949300000001
-101.54307999999999,667.3992493333334,349.36086466666666,-212.1331685,557.0356065000001,56.1330935,-106.679496,315.213609,50.814999,-48.973417999999995,-19.709134000000006,-38.73863399999999
-101.51610233333334,667.4394406666667,349.4355573333333,-212.2460995,556.8986385,56.3354755,-106.3456545,315.2783875,51.9832875,-48.80873100000001,-19.898235,-38.82392300000001
-101.488833,667.4841,349.51154966666667,-212.362712,556.7592065,56.5518145,-106.00627,315.3630365,53.229552999999996,-48.64140800000001,-20.09995299999997,-38.9049
-101.46125566666666,667.5332853333333,349.5888763333333,-212.4832905,556.616699,56.782592,-105.6608505,315.4682845,54.555305,-48.471529000000004,-20.314765000000023,-38.981072
-101.43335400000001,667.58705,349.6675706666667,-212.6081185,556.4704899999999,57.028255,-105.30892250000001,315.594829,55.9618485,-48.299181000000004,-20.543105999999966,-39.051921
-101.40511066666666,667.645444,349.7476669999999,-212.73747450000002,556.3199365,57.289216499999995,-104.95003750000001,315.7433345,57.450275500000004,-48.124459,-20.785379000000034,-39.116899
-101.37651033333334,667.7085126666666,349.82919799999996,-212.8716325,556.1643835,57.5658535,-104.583776,315.91442900000004,59.021459500000006,-47.947466000000006,-21.041944,-39.175435
-101.34753533333333,667.7762983333333,349.91219533333333,-213.010856,556.00316,57.8585115,-104.2097495,316.1087,60.6760525,-47.76831100000001,-21.31311800000003,-39.226932999999995
-101.31816933333334,667.8488390000001,349.9966903333334,-213.1553985,555.8355825,58.167500000000004,-103.8276055,316.3266955,62.41448,-47.587115,-21.599167000000023,-39.270778
-101.28839466666666,667.9261666666666,350.0827126666666,-213.305497,555.6609555,58.493098,-103.437029,316.568917,64.2369405,-47.404004,-21.900311999999985,-39.306335
-101.25819466666667,668.0083106666666,350.1702916666666,-213.46137299999998,555.4785725,58.835551,-103.037745,316.8358225,66.1434055,-47.21911,-22.216719000000012,-39.332953
-101.227552,668.095294,350.25945466666667,-213.6232295,555.28772,59.195074000000005,-102.629524,317.127821,68.13362000000001,-47.032578,-22.54849999999999,-39.34997
-101.19644899999999,668.187136,350.35022699999996,-213.7912475,555.0876745,59.5718535,-102.2121785,317.445272,70.20710650000001,-46.844555,-22.895712000000003,-39.356711000000004
-101.164868,668.2838513333332,350.4426336666667,-213.96558599999997,554.8777075,59.9660475,-101.78556950000001,317.7884865,72.3631695,-46.65520099999999,-23.258351000000005,-39.352497
-101.13279066666666,668.3854483333333,350.536697,-214.146379,554.657087,60.377786,-101.3496055,318.15772200000004,74.6009,-46.464679000000004,-23.636360000000025,-39.336648
-101.10020000000002,668.491931,350.63243800000004,-214.3337335,554.42508,60.8071765,-100.904244,318.55318450000004,76.919182,-46.273162,-24.029616999999973,-39.308482000000005
-101.067077,668.603299,350.72987566666666,-214.52772900000002,554.180955,61.254301999999996,-100.44949,318.975027,79.31670150000001,-46.08082999999999,-24.437944000000016,-39.267327
-101.03340366666667,668.7195453333333,350.8290266666667,-214.728417,553.923982,61.719224,-99.9854,319.4233495,81.791956,-45.887866,-24.86110100000002,-39.212517999999996
-100.999162,668.8406586666666,350.9299056666666,-214.935817,553.653438,62.201985,-99.512077,319.8982,84.34326250000001,-45.694462,-25.298789999999997,-39.143409000000005
-100.96433233333333,668.9666226666667,351.03252633333335,-215.149918,553.3686085,62.7026105,-99.029675,320.3995715,86.9687685,-45.500811999999996,-25.750654999999995,-39.059371
-100.92889666666667,669.0974146666666,351.13689800000003,-215.370677,553.0687925,63.2211115,-98.53839199999999,320.92740549999996,89.6664655,-45.307114,-26.216283000000033,-38.959801
-100.89283599999999,669.2330086666667,351.24302966666664,-215.5980185,552.753299,63.757486,-98.03847400000001,321.481592,92.4341995,-45.113569999999996,-26.69520399999999,-38.844127
-100.856131,669.373371,351.35092699999996,-215.83183350000002,552.4214565,64.311721,-97.53021100000001,322.061969,95.26968199999999,-44.92038000000001,-27.186897999999985,-38.711811999999995
-100.81876266666666,669.5184646666667,351.4605936666667,-216.071979,552.0726119999999,64.8837975,-97.013934,322.668324,98.17050449999999,-44.727744,-27.690789999999993,-38.562360999999996
-100.78071166666666,669.6682466666666,351.57203166666665,-216.31828000000002,551.7061355000001,65.4736895,-96.4900145,323.30039650000003,101.134152,-44.53586100000001,-28.206260999999984,-38.39532199999999
-100.74195933333334,669.8226683333334,351.68523866666663,-216.570526,551.3214195,66.081368,-95.95886250000001,323.95787600000006,104.15801400000001,-44.34492300000001,-28.732642,-38.21029800000001
-100.70248599999998,669.981678,351.80021200000004,-216.8284735,550.917886,66.706804,-95.42092199999999,324.6404065,107.2393985,-44.15511600000001,-29.269225000000006,-38.00694499999999
-100.66227166666665,670.1452166666667,351.916946,-217.0918465,550.4949839999999,67.349969,-94.8766685,325.347587,110.37554599999999,-43.966618999999994,-29.81526200000002,-37.784982
-100.62129699999998,670.313222,352.0354326666666,-217.360335,550.0521954999999,68.0108385,-94.326607,326.07897249999996,113.56364049999999,-43.77959800000001,-30.36997100000002,-37.544191
-100.57954266666667,670.4856256666667,352.155661,-217.633598,549.589036,68.6893935,-93.77126799999999,326.83407750000003,116.80082200000001,-43.594207999999995,-30.932538999999963,-37.28442600000001
-100.53698933333334,670.6623556666667,352.27761899999996,-217.9112625,549.105056,69.385621,-93.21120350000001,327.6123735,120.08419950000001,-43.41058700000001,-31.502126999999973,-37.005611
-100.49361700000001,670.8433356666666,352.40129133333335,-218.192925,548.5998435,70.0995195,-92.6469855,328.4132965,123.410863,-43.228859,-32.07787099999996,-36.707747999999995
-100.44940566666666,671.0284826666667,352.5266603333334,-218.47815400000002,548.0730245,70.8310955,-92.0792015,329.236246,126.77789100000001,-43.049125000000004,-32.65889200000004,-36.39091600000002
-100.40433666666667,671.2177126666667,352.65370766666666,-218.76648899999998,547.5242675,71.5803675,-91.50845050000001,330.0805875,130.182366,-42.871469000000005,-33.24429700000002,-36.055274
-100.35838966666667,671.410934,352.78241,-219.057443,546.9532790000001,72.3473655,-90.93534,330.945655,133.6213805,-42.695954,-33.83317999999997,-35.701063000000005
-100.31154533333334,671.6080536666667,352.91274466666664,-219.3505065,546.3598115,73.1321325,-90.3604835,331.83075199999996,137.092048,-42.522617,-34.42463600000002,-35.328602000000004
-100.26378433333333,671.8089733333334,353.044686,-219.64514400000002,545.7436594999999,73.9347255,-89.7844965,332.7351565,140.5915105,-42.351473,-35.01775500000002,-34.93829699999999
-100.215087,672.0135916666667,353.17820566666666,-219.94080150000002,545.1046625,74.755211,-89.207992,333.6581225,144.116947,-42.182512,-35.61163499999998,-34.530626
-100.165434,672.2218036666667,353.31327400000004,-220.236906,544.442704,75.59367,-88.6315795,334.598881,147.6655805,-42.015703,-36.205381999999986,-34.106149000000016
-100.11480633333333,672.4335003333334,353.44985966666667,-220.5328685,543.757715,76.45019450000001,-88.055861,335.556644,151.23468400000002,-41.85098599999999,-36.798112,-33.665493999999995
-100.06318399999999,672.6485693333333,353.5879293333333,-220.828085,543.0496720000001,77.32488599999999,-87.481428,336.5306075,154.821587,-41.688283999999996,-37.38896100000005,-33.209363999999994
-100.01054833333335,672.8668963333333,353.7274476666667,-221.121943,542.318597,78.21785349999999,-86.90885800000001,337.519954,158.423679,-41.52749200000001,-37.97708399999999,-32.73852199999999
-99.956881,673.0883636666666,353.868379,-221.413819,541.56456,79.1292145,-86.3387155,338.523856,162.038415,-41.368489,-38.56166200000001,-32.25379000000001
-99.90216199999999,673.3128499999999,354.0106846666667,-221.7030855,540.7876775,80.0590895,-85.77154300000001,339.54147750000004,165.663318,-41.211134,-39.14190100000002,-31.756045999999998
-99.84637333333335,673.5402323333333,354.15432566666664,-221.9891115,539.988112,81.00760149999999,-85.20786749999999,340.571979,169.29598449999997,-41.055268999999996,-39.71704199999999,-31.246207
-99.78949666666666,673.7703849999999,354.2992616666667,-222.27126800000002,539.166075,81.974874,-84.648191,341.61451950000003,172.93408449999998,-40.900724,-40.286355000000015,-30.72523099999998
-99.73151366666666,674.0031796666666,354.44545100000005,-222.548927,538.3218225,82.96102450000001,-84.09299200000001,342.66826000000003,176.57536299999998,-40.747314,-40.84914999999995,-30.194106000000005
-99.67240566666668,674.2384873333333,354.5928516666666,-222.82146849999998,537.455659,83.9661665,-83.5427255,343.732366,180.217643,-40.594851000000006,-41.404773999999975,-29.653835999999984
-99.61215599999998,674.476175,354.741419,-223.088282,536.567933,84.9904015,-82.997818,344.806014,183.85882650000002,-40.443138,-41.95261400000004,-29.105441000000013
-99.55074566666667,674.716109,354.8911103333333,-223.3487685,535.65904,86.03381949999999,-82.4586695,345.8883885,187.496892,-40.291975,-42.49210099999999,-28.549943999999982
-99.48815866666666,674.9581549999999,355.0418803333334,-223.60234400000002,534.7294215,87.0964915,-81.925651,346.97869249999997,191.129898,-40.141168,-43.022707000000025,-27.98836
-99.42437766666667,675.2021753333333,355.1936836666667,-223.8484435,533.7795625,88.178471,-81.39910499999999,348.0761455,194.755981,-39.99052,-43.54395099999999,-27.421692000000007
-99.35938633333332,675.4480323333333,355.34647533333333,-224.0865225,532.8099915,89.2797865,-80.8793435,349.1799875,198.373354,-39.839845000000004,-44.05539299999998,-26.850921999999997
-99.293168,675.695587,355.50020966666665,-224.316059,531.821282,90.4004395,-80.36664950000001,350.2894845,201.98030699999998,-39.688965,-44.55664300000001,-26.277000000000015
-99.225707,675.9446993333335,355.6548403333333,-224.53655750000001,530.8140475,91.5404025,-79.86127450000001,351.4039295,205.57520449999998,-39.537715000000006,-45.04735100000005,-25.700839000000002
-99.156988,676.1952293333333,355.81032166666665,-224.7475505,529.7889439999999,92.6996135,-79.36344199999999,352.52264449999996,209.1564845,-39.385937999999996,-45.52721500000001,-25.123311
-99.08699633333333,676.4470346666666,355.9666086666666,-224.9485995,528.746666,93.87797499999999,-78.8733435,353.64498549999996,212.7226575,-39.233501,-45.99597499999999,-24.54523499999999
-99.015717,676.699974,356.12365466666665,-225.1392985,527.6879485,95.075353,-78.391143,354.77034349999997,216.2723035,-39.080279999999995,-46.453417,-23.96738099999999
-98.94313633333333,676.9539060000001,356.28141533333337,-225.319274,526.61356,96.29156950000001,-77.916975,355.8981465,219.80407150000002,-38.926172,-46.899362999999994,-23.390453000000008
-98.86924066666667,677.2086876666667,356.43984500000005,-225.4881885,525.524307,97.526406,-77.45094549999999,357.027863,223.3166765,-38.771091,-47.33368200000001,-22.815101000000027
-98.79401766666666,677.4641776666666,356.5989006666666,-225.645738,524.4210270000001,98.779599,-76.993133,358.159003,226.8088985,-38.614971999999995,-47.75627800000001,-22.241905000000003
-98.71745399999999,677.7202333333333,356.75853766666665,-225.79165749999999,523.304589,100.0508405,-76.5435895,359.291119,230.279579,-38.457764999999995,-48.16708999999997,-21.671384000000018
-98.63953866666667,677.976714,356.91871199999997,-225.9257155,522.175891,101.3397765,-76.102342,360.423809,233.7276225,-38.299437999999995,-48.566096000000016,-21.103987000000018
-98.56026066666668,678.2334786666667,357.07938299999995,-226.0477215,521.035856,102.646005,-75.6693915,361.5567155,237.1519905,-38.139976999999995,-48.953303000000005,-20.540103000000016
-98.479609,678.4903869999999,357.24050800000003,-226.15752000000003,519.885432,103.9690805,-75.244718,362.6895295,240.551702,-37.979382,-49.32875100000001,-19.980050000000006
-98.397575,678.747299,357.402046,-226.254993,518.725585,105.30851050000001,-74.828276,363.82198700000004,243.925832,-37.81767,-49.69250800000003,-19.424090000000007
-98.31414933333333,679.0040766666667,357.5639566666667,-226.3400575,517.5572999999999,106.6637585,-74.4200015,364.953872,247.273509,-37.654865,-50.04466600000001,-18.872420000000005
-98.22932466666667,679.2605826666667,357.72620133333334,-226.412669,516.381576,108.0342465,-74.019811,366.085017,250.59391449999998,-37.491008,-50.38534000000004,-18.32518300000001
-98.14309300000001,679.5166803333333,357.88874133333337,-226.4728135,515.1994225000001,109.4193525,-73.6276005,367.21529999999996,253.8862795,-37.326147,-50.71467000000001,-17.782470999999987
-98.05544966666666,679.772235,358.05153966666666,-226.52051450000002,514.011857,110.818419,-73.243252,368.344647,257.149886,-37.160334,-51.032812000000035,-17.244325999999973
-97.966388,680.0271130000001,358.2145593333333,-226.55582299999998,512.8199,112.23075,-72.86663,369.473028,260.3840635,-36.993632,-51.33993799999996,-16.710746999999998
-97.87590466666666,680.2811836666666,358.37776533333334,-226.578824,511.624573,113.6556195,-72.4975855,370.6004575,263.588189,-36.826100999999994,-51.636239000000046,-16.181693999999993
-97.78399766666666,680.5343166666667,358.54112299999997,-226.5896275,510.426894,115.09226749999999,-72.135959,371.726993,266.7616855,-36.657810000000005,-51.921914000000015,-15.657093000000032
-97.69066333333332,680.7863843333333,358.70459933333336,-226.588372,509.22787400000004,116.53991149999999,-71.7815765,372.852734,269.9040205,-36.488823,-52.19717400000002,-15.136842999999999
-97.59590266666667,681.0372603333334,358.8681613333333,-226.575219,508.0285145,117.9977425,-71.4342575,373.97781599999996,273.0147075,-36.319207000000006,-52.462242,-14.620818999999983
-97.49971566666666,681.2868213333333,359.0317786666667,-226.550352,506.829801,119.464935,-71.093813,375.102414,276.093301,-36.149024,-52.717344000000026,-14.108878000000004
-97.40210366666668,681.534946,359.1954203333333,-226.513974,505.63270250000005,120.940648,-70.760046,376.2267345,279.139398,-35.97833599999999,-52.962715,-13.600863999999945
-97.30307066666667,681.7815153333332,359.35905766666673,-226.46630649999997,504.438169,122.4240265,-70.43275600000001,377.35101599999996,282.152638,-35.807202000000004,-53.19859200000002,-13.096609999999998
-97.20262100000001,682.026413,359.5226616666667,-226.4075855,503.247124,123.9142085,-70.1117385,378.4755235,285.1326995,-35.635675,-53.42521899999997,-12.595949000000019
-97.10076066666666,682.2695246666667,359.6862063333333,-226.33805850000002,502.0604655,125.41032999999999,-69.796786,379.600546,288.079301,-35.463808,-53.64283799999998,-12.098709999999983
-96.99749666666668,682.5107403333333,359.84966433333335,-226.2579855,500.879062,126.911524,-69.48769,380.726394,290.9921985,-35.291648,-53.851692000000014,-11.604728999999963
-96.89283766666667,682.7499513333333,360.0130113333333,-226.167633,499.70374949999996,128.4169265,-69.1842425,381.853394,293.8711855,-35.11923899999999,-54.05202800000001,-11.113843000000031
-96.786794,682.9870523333333,360.1762223333333,-226.0672745,498.5353305,129.92568,-68.8862375,382.98188400000004,296.7160905,-34.946627,-54.24408799999998,-10.625904999999989
-96.679378,683.2219416666667,360.33927466666665,-225.95718699999998,497.3745695,131.4369365,-68.5934705,384.112211,299.5267785,-34.773852999999995,-54.428116000000045,-10.140777000000014
-96.57060200000001,683.4545193333333,360.5021453333333,-225.837651,496.2221955,132.9498585,-68.30574150000001,385.24472449999996,302.3031455,-34.600959,-54.60434700000002,-9.658333000000027
-96.46048133333333,683.6846906666666,360.66481300000004,-225.7089455,495.078896,134.46362449999998,-68.022853,386.379774,305.04512150000005,-34.427989999999994,-54.77302199999997,-9.178467000000012
-96.34903200000001,683.9123623333334,360.827257,-225.5713495,493.94531800000004,135.9774285,-67.7446165,387.51770350000004,307.75266450000004,-34.254991000000004,-54.934369000000004,-8.701082999999983
-96.23627166666667,684.1374453333334,360.98945766666674,-225.425139,492.822068,137.49048299999998,-67.4708455,388.658846,310.42576299999996,-34.082010999999994,-55.088618,-8.226112
-96.12222066666668,684.3598543333334,361.15139500000004,-225.27058549999998,491.70971099999997,139.002023,-67.201365,389.80352,313.064431,-33.909106,-55.235990000000015,-7.753491999999994
-96.00689866666666,684.5795066666666,361.3130516666667,-225.1079565,490.608768,140.5113015,-66.9360055,390.952024,315.6687095,-33.736339,-55.37670400000002,-7.283185000000003
-95.89033033333334,684.7963239999999,361.4744093333333,-224.937511,489.519719,142.017599,-66.6746055,392.10463200000004,318.238661,-33.563779000000004,-55.51096799999999,-6.815168000000028
-95.772538,685.0102310000001,361.63545100000005,-224.759504,488.4430015,143.520216,-66.417014,393.26159099999995,320.774371,-33.39150600000001,-55.63898599999999,-6.349434000000031
-95.65354933333333,685.2211563333334,361.79616000000004,-224.574181,487.379012,145.0184805,-66.16309050000001,394.423113,323.2759445,-33.219609000000005,-55.760955999999965,-5.88599099999999
-95.533391,685.4290326666668,361.95651966666674,-224.3817795,486.3281065,146.5117445,-65.9127025,395.589373,325.743505,-33.048189,-55.87706199999997,-5.424862000000019
-95.41209266666665,685.633796,362.116515,-224.1825295,485.2906,147.99938500000002,-65.665731,396.760506,328.1771905,-32.877362,-55.987487999999985,-4.966085000000021
-95.28968566666667,685.8353856666666,362.27613033333336,-223.976652,484.2667705,149.4808055,-65.4220655,397.9366005,330.5771545,-32.70725300000001,-56.092400999999995,-4.509703000000002
-95.166203,686.0337466666666,362.4353513333333,-223.7643605,483.2568575,150.9554345,-65.181609,399.117698,332.9435625,-32.538002,-56.19196199999999,-4.055772999999988
-95.04167833333334,686.2288246666667,362.5941619999999,-223.545859,482.261066,152.422726,-64.9442765,400.3037895,335.2765915,-32.369765,-56.28632300000004,-3.604359000000045
-94.916148,686.4205723333333,362.7525493333333,-223.321344,481.2795645,153.8821575,-64.7099945,401.49481149999997,337.5764265,-32.20271100000001,-56.37562299999996,-3.1555290000000014
-94.78965033333333,686.608944,362.91049733333335,-223.0910065,480.312491,155.333232,-64.4787025,402.690644,339.843262,-32.03701900000001,-56.459992,-2.709358000000009
-94.662224,686.7938979999999,363.06799299999994,-222.855028,479.359952,156.77547700000002,-64.2503515,403.891111,342.0772955,-31.872887000000006,-56.539548000000025,-2.2659209999999916
-94.533911,686.975398,363.225021,-222.6135845,478.4220255,158.208441,-64.0249075,405.09597699999995,344.278732,-31.710522999999995,-56.614397999999994,-1.8252939999999853
-94.40475266666665,687.1534099999999,363.38156699999996,-222.366848,477.498762,159.6316975,-63.802347,406.304946,346.44777899999997,-31.550148,-56.68463800000001,-1.387553999999966
-94.274794,687.3279036666667,363.5376166666667,-222.114985,476.5901865,161.044839,-63.582661,407.5176645,348.5846465,-31.391996000000006,-56.75035299999996,-0.9527709999999843
-94.14408099999999,687.4988529999999,363.693155,-221.8581575,475.696301,162.44748199999998,-63.365852,408.73371799999995,350.689546,-31.236307999999994,-56.811616000000015,-0.5210160000000315
-94.01266033333333,687.666235,363.84816699999993,-221.596527,474.81708749999996,163.8392615,-63.15193549999999,409.95263250000005,352.7626895,-31.083336999999993,-56.868491000000006,-0.09235100000000784
-93.88058066666667,687.8300306666666,364.0026373333333,-221.330251,473.95250550000003,165.219833,-62.9409385,411.1738775,354.8042885,-30.933343000000008,-56.92102699999998,0.3331670000000031
-93.74789233333335,687.990224,364.1565503333333,-221.059488,473.10249899999997,166.58887,-62.732898999999996,412.39686600000005,356.8145545,-30.786592,-56.969268,0.7554870000000165
-93.61464633333334,688.146803,364.30989,-220.7843965,472.266995,167.9460665,-62.5278675,413.62095750000003,358.7936965,-30.643357,-57.01324500000004,1.1745670000000246
-93.48089599999999,688.299758,364.46264033333335,-220.505137,471.4459055,169.2911305,-62.325903000000004,414.845459,360.741924,-30.503910000000005,-57.05297999999999,1.590373999999997
-93.346695,688.4490846666667,364.61478400000004,-220.22187150000002,470.639131,170.623791,-62.127075000000005,416.0696305,362.6594425,-30.36853,-57.08848899999998,2.002881000000002
-93.21209833333334,688.594779,364.7663043333334,-219.934766,469.8465585,171.9437905,-61.931461999999996,417.292687,364.54645700000003,-30.237491999999996,-57.119778,2.4120720000000233
-93.07716333333333,688.7368423333334,364.9171833333333,-219.643993,469.06806700000004,173.2508895,-61.739148,418.5138015,366.40317,-30.111070000000005,-57.146848999999975,2.8179380000000265
-92.94194633333332,688.8752783333333,365.067403,-219.3497265,468.30352400000004,174.544862,-61.5502255,419.73211100000003,368.229782,-29.989535000000004,-57.16969799999998,3.2204799999999523
-92.80650666666668,689.0100933333333,365.2169456666666,-219.0521515,467.55279099999996,175.8254995,-61.364791999999994,420.9467185,370.02649199999996,-29.873150000000003,-57.18831300000005,3.619706000000008
-92.67090366666666,689.1412966666667,365.365791,-218.75145700000002,466.8157235,177.0926065,-61.182947500000004,422.156701,371.793498,-29.762173000000004,-57.20268599999997,4.015627999999992
-92.53519766666666,689.2689,365.5139203333333,-218.447841,466.09216849999996,178.3460025,-61.0047965,423.3611105,373.530996,-29.656848999999994,-57.21280100000001,4.408268000000021
-92.39945,689.3929189999999,365.66131333333334,-218.14151049999998,465.38197049999997,179.585521,-60.830444,424.55898249999996,375.23918249999997,-29.557415999999996,-57.218642999999986,4.79765100000003
-92.26372266666665,689.51337,365.80795000000006,-217.8326815,464.684969,180.8110105,-60.6599955,425.7493395,376.918253,-29.464093000000005,-57.22019900000004,5.183806000000004
-92.128078,689.6302733333333,365.9538093333333,-217.521579,464.001,182.0223315,-60.4935555,426.9311965,378.5684035,-29.377086999999996,-57.21745899999996,5.566765000000032
-91.99257966666666,689.74365,366.09887000000003,-217.208439,463.3298965,183.21936,-60.331226,428.103567,380.18983249999997,-29.296585999999998,-57.21041200000002,5.946559000000036
-91.85729166666665,689.8535256666665,366.2431106666666,-216.893507,462.67149,184.401984,-60.173105500000005,429.265468,381.782738,-29.222759000000003,-57.19905600000004,6.323221999999987
-91.722278,689.959926,366.38650866666666,-216.577039,462.0256085,185.570107,-60.019287,430.415926,383.347323,-29.155751999999993,-57.183392000000026,6.69678399999998
-91.58760333333333,690.0628796666666,366.52904166666667,-216.259302,461.3920795,186.7236465,-59.869859000000005,431.553983,384.88379150000003,-29.095689999999998,-57.163430000000005,7.067270999999948
-91.453333,690.1624166666667,366.67068666666665,-215.940573,460.7707295,187.8625315,-59.724903499999996,432.6787005,386.392353,-29.042671000000006,-57.139185,7.434706000000006
-91.31953166666665,690.25857,366.81142,-215.6211395,460.161384,188.98670700000002,-59.584492,433.7891655,387.8732215,-28.996767999999996,-57.110682999999995,7.799105000000054
-91.18626433333334,690.3513733333334,366.951219,-215.30129799999997,459.5638675,190.096132,-59.448691000000004,434.884496,389.3266175,-28.958026000000004,-57.077962000000014,8.16047500000002
-91.05359599999998,690.4408623333334,367.09005866666666,-214.981356,458.9780045,191.19077900000002,-59.317557,435.963846,390.7527675,-28.926460000000006,-57.041067999999996,8.518817000000013
-90.92159199999999,690.5270743333334,367.22791566666666,-214.6616285,458.403618,192.27063750000002,-59.191136,437.0264085,392.151905,-28.902055999999995,-57.00005699999997,8.874117999999953
-90.79031733333333,690.6100483333333,367.3647653333334,-214.3424395,457.840534,193.335709,-59.0694655,438.07142250000004,393.5242725,-28.884766999999997,-56.95500099999998,9.226359000000002
-90.65983566666667,690.6898246666666,367.50058233333334,-214.024122,457.28857500000004,194.386012,-58.9525725,439.0981765,394.870121,-28.874517000000004,-56.905979,9.575506000000019
-90.53021199999999,690.7664443333333,367.6353433333333,-213.7070145,456.747566,195.4215795,-58.8404735,440.1060105,396.189713,-28.871195,-56.85308900000001,9.921512000000007
-90.40150899999999,690.8399503333334,367.7690226666667,-213.391462,456.2173305,196.4424605,-58.733176,441.0943205,397.483317,-28.874662,-56.796437000000026,10.264319999999998
-90.27378966666667,690.9103863333333,367.901595,-213.0778135,455.6976935,197.44871899999998,-58.6306755,442.062563,398.75121750000005,-28.884743,-56.73614199999997,10.603859
-90.14711666666666,690.9777976666668,368.0330363333333,-212.7664245,455.18848,198.4404355,-58.532959,443.0102545,399.99370650000003,-28.901234000000002,-56.67233700000003,10.940044999999998
-90.02155066666667,691.0422293333335,368.16332166666666,-212.457651,454.6895145,199.417706,-58.4400045,443.9369765,401.2110905,-28.923902999999996,-56.605166999999994,11.272784999999999
-89.89715266666667,691.103729,368.292426,-212.151851,454.20062299999995,200.3806425,-58.3517785,444.8423755,402.403686,-28.952487000000005,-56.534786999999994,11.60197199999999
-89.77398199999999,691.1623433333334,368.420325,-211.8493835,453.72163,201.32937249999998,-58.268240500000005,445.7261645,403.571822,-28.986695000000005,-56.461365,11.927490000000034
-89.65209599999999,691.2181216666668,368.5469946666667,-211.55060450000002,453.2523625,202.26403950000002,-58.189341,446.5881225,404.71584099999995,-29.026215999999998,-56.38507500000003,12.249213999999995
-89.53155299999999,691.2711116666668,368.67241033333335,-211.25586900000002,452.7926455,203.1848,-58.1150225,447.428097,405.836096,-29.070711000000003,-56.306106,12.567011999999977
-89.41240799999999,691.3213643333332,368.7965483333333,-210.9655255,452.3423045,204.09182900000002,-58.04522,448.246001,406.932954,-29.119825999999996,-56.22465,12.88074800000004
-89.29471566666666,691.3689293333333,368.91938566666664,-210.67991899999998,451.901165,204.98531300000002,-57.979862,449.04181500000004,408.00679149999996,-29.173188000000003,-56.140908000000024,13.190278999999975
-89.17852866666665,691.4138569999999,369.04089933333336,-210.3993845,451.469053,205.865454,-57.9188695,449.815581,409.057999,-29.230411000000004,-56.055083999999965,13.495461999999975
-89.06389833333333,691.4561989999999,369.1610666666667,-210.1242485,451.04579149999995,206.732465,-57.8621605,450.5674055,410.086976,-29.291099000000003,-55.96739100000002,13.796155999999996
-88.950874,691.4960063333333,369.27986533333336,-209.854827,450.631206,207.586573,-57.809645,451.29745449999996,411.094134,-29.354850000000006,-55.878039,14.092221999999992
-88.83950433333332,691.5333313333334,369.397274,-209.591422,450.2251185,208.428016,-57.761229,452.00595,412.0798945,-29.421259999999997,-55.78724399999999,14.38352500000002
-88.72983466666666,691.5682256666665,369.51327266666664,-209.334322,449.82735,209.25704100000002,-57.716817500000005,452.693169,413.044688,-29.489925000000007,-55.695216000000016,14.669939999999997
-88.62190933333333,691.6007423333334,369.6278403333333,-209.083798,449.437722,210.07390650000002,-57.6763085,453.359438,413.9889545,-29.560446999999996,-55.60217,14.951348999999993
-88.51577099999999,691.630933,369.7409583333333,-208.840105,449.056053,210.8788765,-57.6396015,454.00513149999995,414.91314150000005,-29.632437000000003,-55.50831099999999,15.22764699999999
-88.41146033333332,691.6588506666667,369.8526073333333,-208.603478,448.682159,211.6722225,-57.606591,454.63066349999997,415.817704,-29.705517999999998,-55.41384099999999,15.498743999999988
-88.30901433333334,691.6845486666667,369.962771,-208.374131,448.3158545,212.454223,-57.5771725,455.23648849999995,416.70310600000005,-29.779328999999997,-55.31895700000001,15.764564000000007
-88.20847066666666,691.7080783333334,370.071431,-208.152256,447.9569525,213.22515950000002,-57.551241,455.82309150000003,417.5698145,-29.853527999999997,-55.22384500000004,16.025048999999967
-88.10986166666665,691.7294936666667,370.1785726666667,-207.93802349999999,447.605261,213.985316,-57.528691499999994,456.390989,418.41830400000003,-29.927794999999996,-55.12868400000002,16.280159999999967
-88.013221,691.748847,370.2841803333333,-207.7315785,447.260588,214.734979,-57.5094225,456.940718,419.2490545,-30.001835,-55.033637999999996,16.529877000000056
-87.91857666666665,691.766191,370.3882413333333,-207.533042,446.922736,215.474435,-57.49333300000001,457.472837,420.062548,-30.075380000000003,-54.938864000000024,16.774200000000008
-87.82595666666668,691.781578,370.49074133333335,-207.3425095,446.591507,216.203969,-57.480324499999995,457.9879165,420.8592725,-30.14819099999999,-54.84450099999998,17.013153000000045
-87.73538566666667,691.7950609999999,370.59166999999997,-207.160051,446.26669749999996,216.92386449999998,-57.470305499999995,458.486537,421.639717,-30.22005699999999,-54.750676,17.24678
-87.64688633333333,691.806692,370.69101666666666,-206.9857105,445.948103,217.63440200000002,-57.463187,458.969284,422.4043745,-30.290803999999994,-54.657497999999975,17.475144999999998
-87.56047966666667,691.8165233333334,370.78877200000005,-206.8195065,445.6355145,218.335857,-57.458886,459.436742,423.15373950000003,-30.360283999999993,-54.56506200000001,17.698334999999986
-87.47618266666667,691.8246076666668,370.884928,-206.6614315,445.32872050000003,219.0285,-57.4573275,459.88949149999996,423.888307,-30.428387,-54.47344500000003,17.916458000000034
-87.39401166666669,691.830996,370.97947833333336,-206.51145250000002,445.02750649999996,219.712595,-57.458442500000004,460.328105,424.608574,-30.495028999999995,-54.382705999999985,18.129639999999995
-87.31397866666667,691.8357406666668,371.0724173333333,-206.369513,444.7316565,220.3884,-57.46217,460.75314149999997,425.315037,-30.560163999999993,-54.292889,18.33802400000002
-87.23609533333332,691.8388933333332,371.1637406666667,-206.2355325,444.4409505,221.05616550000002,-57.468458999999996,461.165145,426.0081935,-30.623771999999995,-54.204016000000024,18.54177500000003
-87.16036966666667,691.8405056666667,371.2534463333334,-206.1094075,444.155168,221.71613250000001,-57.477267,461.564641,426.68853950000005,-30.685865999999997,-54.11609199999998,18.74106899999998
-87.08680700000001,691.8406293333334,371.34153299999997,-205.9910135,443.87408600000003,222.368536,-57.4885625,461.952132,427.35657000000003,-30.746480999999996,-54.02910800000001,18.936095999999964
-87.01541066666665,691.8393143333333,371.42800033333333,-205.880206,443.59748149999996,223.0136,-57.5023225,462.3280955,428.01277949999997,-30.805683000000002,-53.943033000000014,19.12706099999997
-86.94618233333334,691.8366126666666,371.51285,-205.77682149999998,443.325131,223.6515425,-57.518536499999996,462.692985,428.6576595,-30.863559000000002,-53.857820000000004,19.314175000000034
-86.87911933333334,691.8325746666666,371.59608499999996,-205.6806805,443.0568095,224.282571,-57.537205,463.047224,429.2917,-30.920213999999994,-53.77340799999996,19.497656000000006
-86.81421833333333,691.827251,371.67771,-205.5915875,442.79229499999997,224.9068855,-57.558339000000004,463.391207,429.9153885,-30.975776000000003,-53.68971799999997,19.677730999999994
-86.75147299999999,691.8206923333333,371.75773,-205.5093325,442.5313655,225.524677,-57.58196100000001,463.7252985,430.52920900000004,-31.030384000000005,-53.606659000000036,19.854625999999996
-86.69087333333334,691.81295,371.83615366666663,-205.4336965,442.2738015,226.13612899999998,-57.608105,464.04983300000004,431.133642,-31.084187999999997,-53.52412399999997,20.028566000000012
-86.63240866666666,691.8040730000001,371.912989,-205.36444899999998,442.0193875,226.741417,-57.636815,464.365115,431.72916499999997,-31.137351999999993,-53.44199800000001,20.19977799999998
-86.57606566666668,691.7941116666667,371.98824600000006,-205.30135,441.76790900000003,227.340711,-57.6681455,464.671418,432.31624899999997,-31.190039,-53.36015400000002,20.36848200000003
-86.52182699999999,691.7831156666666,372.0619373333334,-205.24415699999997,441.519159,227.93417300000002,-57.702161,464.9689885,432.89536250000003,-31.242419999999996,-53.278457,20.53489099999996
-86.46967500000001,691.7711353333333,372.13407566666666,-205.1926195,441.27293399999996,228.52195899999998,-57.738936,465.2580435,433.466968,-31.294662000000002,-53.196762999999976,20.69921199999999
-86.41958899999999,691.7582203333333,372.20467633333334,-205.14648599999998,441.029037,229.104221,-57.7785515,465.53877750000004,434.0315215,-31.346930999999998,-53.11492700000002,20.86163899999997
-86.37154466666668,691.7444196666667,372.2737553333333,-205.1055045,440.78727749999996,229.6811055,-57.821098000000006,465.8113595,434.5894735,-31.399386,-53.03279900000001,21.022352999999953
-86.32551699999999,691.7297829999999,372.341331,-205.069423,440.54747299999997,230.25275449999998,-57.86667,466.0759385,435.141266,-31.452178000000004,-52.95022700000004,21.181524000000024
-86.28147933333332,691.7143590000001,372.4074223333334,-205.0379915,440.309449,230.81930899999998,-57.915368,466.3326445,435.6873355,-31.505448,-52.86706099999998,21.339305000000024
-86.23940033333334,691.698197,372.4720503333333,-205.0109645,440.07304,231.380906,-57.967297,466.581595,436.228109,-31.559319999999992,-52.78315599999996,21.495834000000002
-86.19924866666668,691.6813453333334,372.5352373333333,-204.98809949999998,439.8380905,231.93768,-58.02256199999999,466.82289349999996,436.764005,-31.613909999999997,-52.69836700000002,21.651229999999998
-86.16099033333334,691.663853,372.5970076666667,-204.969163,439.604454,232.48976599999997,-58.0812715,467.05663549999997,437.2954315,-31.669315000000005,-52.61256099999997,21.80559500000004
-86.12458933333333,691.645768,372.65738600000003,-204.953927,439.3719965,233.03729700000002,-58.143531499999995,467.282912,437.8227865,-31.725614999999998,-52.52561000000003,21.959015000000022
-86.090007,691.6271386666667,372.7164,-204.942171,439.1405945,233.5804065,-58.209445,467.50181499999997,438.346457,-31.782871999999998,-52.43739799999997,22.111556000000007
-86.057204,691.6080133333334,372.77407666666664,-204.933685,438.910137,234.119228,-58.2791135,467.7134345,438.8668175,-31.84112900000001,-52.34781899999996,22.26326499999999
-86.02613733333334,691.5884386666667,372.83044700000005,-204.9282675,438.6805245,234.65389549999998,-58.35263,467.91787050000005,439.384228,-31.900413999999998,-52.256778999999995,22.414175999999998
-85.99676466666666,691.5684633333334,372.88554066666666,-204.925728,438.45167000000004,235.18454499999999,-58.430082999999996,468.115229,439.899037,-31.960733999999995,-52.164202000000046,22.564301999999998
-85.96904066666666,691.548134,372.9393906666666,-204.925887,438.2235,235.71131300000002,-58.511551000000004,468.3056305,440.4115755,-32.02208,-52.07002299999999,22.71364299999999
-85.94291866666667,691.5274973333334,372.99203033333333,-204.92857600000002,437.995955,236.23433749999998,-58.597104,468.48921,440.92215999999996,-32.08442399999999,-51.97419400000001,22.86218200000002
-85.91834966666666,691.5066006666666,373.043494,-204.9336365,437.76898700000004,236.7537575,-58.686797999999996,468.66612,441.43109000000004,-32.147724000000004,-51.87668600000001,23.00989199999998
-85.895284,691.4854896666666,373.09381866666666,-204.940925,437.54256250000003,237.269714,-58.7806805,468.83653200000003,441.938647,-32.21192500000001,-51.777480000000025,23.156732000000034
-85.87367166666667,691.4642116666668,373.1430393333333,-204.95030500000001,437.316661,237.782349,-58.878782,469.0006425,442.4450945,-32.276953999999996,-51.676581,23.302651000000026
-85.85345933333333,691.4428113333333,373.1911956666666,-204.9616545,437.091276,238.291805,-58.981122,469.15866800000003,442.950677,-32.342729999999996,-51.574004,23.44758999999999
-85.834594,691.4213346666666,373.2383256666667,-204.974862,436.86641399999996,238.7982265,-59.0877025,469.3108505,443.4556185,-32.409161,-51.469785,23.591482999999982
-85.81702133333333,691.3998266666667,373.284469,-204.989827,436.64209400000004,239.3017565,-59.198513000000005,469.45745850000003,443.96012299999995,-32.47614600000001,-51.363973000000044,23.73425800000001
-85.800686,691.3783316666667,373.329667,-205.00646,436.41834800000004,239.8025405,-59.313524,469.598783,444.46437449999996,-32.54358,-51.25663400000002,23.87584099999998
-85.78553133333332,691.3568946666666,373.3739596666667,-205.024681,436.1952215,240.30071949999999,-59.4326935,469.7351405,444.968535,-32.611351000000006,-51.14784499999996,24.016155999999967
-85.77150133333333,691.3355593333334,373.41739,-205.04442,435.97277,240.7964375,-59.555961,469.866871,445.472745,-32.679344,-51.03769799999998,24.155125999999996
-85.75853866666667,691.3143683333333,373.45999966666665,-205.0656175,435.7510625,241.28983449999998,-59.683251999999996,469.99433750000003,445.9771245,-32.747446,-50.92629900000003,24.292677000000026
-85.74658433333333,691.2933646666667,373.5018313333333,-205.0882205,435.53017650000004,241.781048,-59.814476,470.117922,446.481772,-32.81554199999999,-50.813762,24.428736000000015
-85.73558099999998,691.2725906666666,373.5429286666667,-205.112185,435.310203,242.270214,-59.949529999999996,470.238027,446.9867645,-32.88352,-50.70020999999997,24.56323699999996
-85.72546933333332,691.2520883333333,373.58333466666664,-205.137475,435.09123950000003,242.757463,-60.088295,470.3550685,447.492159,-32.951271999999996,-50.58577700000001,24.696116000000018
-85.71619199999999,691.2318973333334,373.6230926666667,-205.16406,434.8733935,243.24292300000002,-60.230639,470.4694775,447.9979915,-33.018696,-50.47060099999999,24.82731899999999
-85.707689,691.2120583333334,373.66224600000004,-205.191917,434.65678149999997,243.726717,-60.3764195,470.581694,448.50427950000005,-33.08569299999999,-50.354828,24.956795
-85.69990266666666,691.1926116666667,373.7008389999999,-205.221026,434.441525,244.20896199999999,-60.525482,470.692166,449.0110205,-33.152176,-50.238606000000004,25.08450499999998
-85.69277466666666,691.173594,373.738914,-205.2513735,434.2277535,244.6897695,-60.677662,470.80134250000003,449.518195,-33.218061999999996,-50.12208500000003,25.210414000000014
-85.686247,691.1550440000001,373.77651399999996,-205.282949,434.015601,245.1692455,-60.8327865,470.909675,450.025767,-33.28327899999999,-50.00541799999996,25.334497999999996
-85.68026233333335,691.136998,373.81368233333336,-205.315745,433.805205,245.64748699999998,-60.9906765,471.01761,450.5336835,-33.347763,-49.888757999999996,25.456740999999965
-85.67476433333333,691.1194913333334,373.8504606666666,-205.3497575,433.5967065,246.12458750000002,-61.151145,471.125586,451.041877,-33.411462,-49.77225199999998,25.57713799999999
-85.669696,691.1025586666666,373.88689066666666,-205.3849835,433.3902495,246.60063,-61.314001,471.23403299999995,451.5502675,-33.474328,-49.656048,25.695686999999964
-85.66500233333333,691.0862333333333,373.9230136666667,-205.421422,433.185978,247.0756925,-61.47905,471.3433655,452.0587615,-33.53633,-49.540291000000025,25.812399000000028
-85.66063000000001,691.0705476666667,373.9588693333333,-205.4590725,432.984036,247.5498435,-61.6460965,471.453981,452.5672565,-33.597441,-49.425116,25.927291000000025
-85.65652466666667,691.055532,373.99449699999997,-205.49793449999999,432.78456600000004,248.023145,-61.814942,471.566257,453.07563849999997,-33.657644000000005,-49.310654,26.040386999999953
-85.65263433333332,691.0412163333334,374.0299353333333,-205.5380075,432.58770949999996,248.495651,-61.9853905,471.68054900000004,453.5837865,-33.716933,-49.197029999999984,26.151719000000014
-85.64890833333334,691.0276286666667,374.06522166666673,-205.579292,432.393603,248.967408,-62.1572465,471.797187,454.0915715,-33.775307,-49.08435800000001,26.261325
-85.64529699999999,691.014795,374.10039133333333,-205.621786,432.2023795,249.4384545,-62.33031700000001,471.916473,454.598861,-33.832776,-48.97274600000003,26.369245999999976
-85.64175233333333,691.0027416666667,374.13548033333336,-205.6654865,432.0141675,249.908824,-62.504414,472.038681,455.1055155,-33.889351999999995,-48.86228600000004,26.47553099999999
-85.63822733333335,690.9914913333333,374.1705213333333,-205.7103895,431.8290885,250.3785395,-62.6793535,472.16405399999996,455.611395,-33.945059,-48.75306800000004,26.580229999999972
-85.63467700000001,690.9810663333334,374.205547,-205.75648999999999,431.6472555,250.8476215,-62.8549575,472.2928045,456.116355,-33.999921,-48.645163000000025,26.683400000000006
-85.63105766666666,690.9714876666667,374.24058799999995,-205.80378100000001,431.4687765,251.3160805,-63.031054499999996,472.4251115,456.6202525,-34.05396699999999,-48.538636999999994,26.785095000000013
-85.62732799999999,690.9627729999999,374.27567433333337,-205.85225250000002,431.2937485,251.783924,-63.2074805,472.561122,457.12294399999996,-34.10723099999999,-48.433539999999994,26.885378000000003
-85.623447,690.95494,374.31083233333334,-205.901894,431.12226050000004,252.2511515,-63.3840785,472.7009515,457.624287,-34.159749000000005,-48.329912999999976,26.984308
-85.61937766666667,690.9480033333333,374.34608899999995,-205.952693,430.95439,252.7177605,-63.5606995,472.8446815,458.124141,-34.211557,-48.22778499999998,27.08194400000002
-85.61508300000001,690.9419773333333,374.3814683333333,-206.0046345,430.7902065,253.183741,-63.7372055,472.992363,458.622369,-34.262691,-48.12717199999997,27.178350000000023
-85.61052866666667,690.936873,374.416993,-206.057701,430.629767,253.64908100000002,-63.913463500000006,473.1440175,459.118837,-34.313189,-48.028080999999986,27.27358399999997
-85.60568266666667,690.9327006666666,374.45268400000003,-206.111875,430.473117,254.113763,-64.089353,473.2996335,459.61341649999997,-34.36308399999999,-47.93050899999997,27.367704999999944
-85.60051433333335,690.9294683333334,374.48856,-206.16713499999997,430.3202925,254.5777685,-64.2647595,473.45917499999996,460.10598200000004,-34.412413,-47.83444000000003,27.460769999999968
-85.59499533333333,690.9271813333334,374.52463800000004,-206.2234585,430.171316,255.04107549999998,-64.43957950000001,473.62257850000003,460.59641650000003,-34.461203,-47.73985099999999,27.55283300000002
-85.58909999999999,690.9258456666666,374.56093400000003,-206.2808215,430.0262,255.503658,-64.61371600000001,473.789754,461.084605,-34.509482000000006,-47.64671199999998,27.643948000000023
-85.58280433333334,690.9254629999999,374.597461,-206.339198,429.88494549999996,255.9654905,-64.78708,473.9605925,461.5704425,-34.557272,-47.55498299999999,27.734160999999972
-85.57608533333332,690.9260343333334,374.634231,-206.398561,429.7475415,256.42654400000004,-64.959591,474.13496150000003,462.053827,-34.60459,-47.46461700000003,27.82352000000003
-85.56892366666666,690.9275590000001,374.671253,-206.45888050000002,429.6139665,256.886791,-65.1311745,474.3127115,462.534667,-34.65144900000001,-47.375564999999995,27.91206599999998
-85.56130266666666,690.930034,374.7085353333334,-206.5201255,429.484188,257.3462005,-65.30176300000001,474.493677,463.012875,-34.697858000000004,-47.28777200000002,27.99983800000001
-85.55320533333334,690.9334553333333,374.74608433333333,-206.582265,429.3581635,257.80474100000004,-65.4712925,474.677678,463.488372,-34.74381699999999,-47.20117800000003,28.086872000000028
-85.54461933333333,690.937817,374.7839036666667,-206.645265,429.23584,258.2623835,-65.639705,474.8645235,463.961085,-34.789322000000006,-47.115725,28.17319600000002
-85.53553233333334,690.943111,374.8219956666667,-206.7090905,429.11715649999996,258.719094,-65.80694650000001,475.0540135,464.4309485,-34.834365000000005,-47.03134699999998,28.258838999999966
-85.52593533333334,690.949329,374.8603606666666,-206.7737035,429.00204199999996,259.1748425,-65.972965,475.2459405,464.8979055,-34.878930000000004,-46.94798700000001,28.343822999999986
-85.51582166666667,690.9564593333333,374.89899799999995,-206.839069,428.89041899999995,259.6295965,-66.13771,475.440091,465.361903,-34.922996000000005,-46.86558200000002,28.42816799999997
-85.50518566666666,690.9644906666667,374.93790399999995,-206.905145,428.782201,260.083323,-66.30113349999999,475.63625149999996,465.8228965,-34.966539,-46.78407499999997,28.51189099999999
-85.49402400000001,690.9734096666667,374.977075,-206.971892,428.677296,260.53598999999997,-66.4631865,475.834204,466.280847,-35.009527,-46.70340799999997,28.595000000000027
-85.48233533333332,690.983201,375.016504,-207.039268,428.5756065,260.987563,-66.62382,476.03373350000004,466.7357215,-35.05192999999999,-46.623531000000014,28.677508999999986
-85.47012033333334,690.9938493333333,375.056183,-207.10722850000002,428.47702949999996,261.438009,-66.7829845,476.234626,467.187492,-35.093706999999995,-46.54439400000001,28.75942200000003
-85.45738166666666,691.0053369999999,375.096103,-207.1757285,428.38145799999995,261.887291,-66.940627,476.4366715,467.63613699999996,-35.134820000000005,-46.465957,28.840742000000034
-85.44412333333334,691.0176459999999,375.13625366666673,-207.2447215,428.288783,262.335372,-67.096694,476.6396655,468.0816365,-35.175226,-46.38817899999998,28.92147299999999
-85.43035166666668,691.030757,375.17662233333334,-207.31415850000002,428.198891,262.7822115,-67.251128,476.8434085,468.5239765,-35.214884,-46.31102900000002,29.001611000000025
-85.41607333333333,691.0446496666667,375.21719533333334,-207.38398899999999,428.11166949999995,263.22776749999997,-67.4038685,477.04771,468.963144,-35.253749,-46.23447799999997,29.081155999999964
-85.40129866666666,691.0593033333333,375.2579583333333,-207.454162,428.02700400000003,263.6719945,-67.554851,477.252385,469.39912949999996,-35.291779999999996,-46.15850799999998,29.160102999999992
-85.38603733333333,691.0746946666667,375.2988946666667,-207.524623,427.94478100000003,264.114842,-67.70401,477.457258,469.8319235,-35.328934,-46.0831,29.238449000000003
-85.37030299999999,691.0908023333335,375.339988,-207.595317,427.864888,264.55625499999996,-67.851272,477.6621635,470.26151600000003,-35.365171999999994,-46.00824499999999,29.31618999999995
-85.35410866666666,691.1076013333333,375.3812193333333,-207.66618749999998,427.7872145,264.996174,-67.9965645,477.866943,470.687898,-35.40046099999999,-45.93393800000001,29.393317999999965
-85.33746966666666,691.125069,375.422569,-207.73717549999998,427.7116525,265.434531,-68.1398085,478.0714485,471.111056,-35.434765,-45.86017899999996,29.46983
-85.32040266666667,691.1431793333333,375.46401799999995,-207.8082215,427.638098,265.871254,-68.2809255,478.2755395,471.530974,-35.468059000000004,-45.786970999999994,29.545722000000012
-85.302925,691.1619076666667,375.5055443333333,-207.879263,427.56645100000003,266.30626,-68.4198305,478.4790865,471.947634,-35.50032099999999,-45.714323000000036,29.620990000000006
-85.28505566666666,691.181228,375.547126,-207.950238,427.496616,266.7394595,-68.55644000000001,478.681967,472.3610085,-35.53153400000001,-45.642246,29.695628999999997
-85.266815,691.2011133333334,375.58874066666664,-208.02108149999998,427.428503,267.1707525,-68.690668,478.8840675,472.771066,-35.561688000000004,-45.570753000000025,29.76963999999998
-85.24822400000001,691.2215379999999,375.63036399999993,-208.09172949999999,427.362028,267.6000295,-68.822428,479.085281,473.17776649999996,-35.590782,-45.499864,29.84301899999997
-85.22930433333333,691.2424746666667,375.671973,-208.162115,427.29711299999997,268.027169,-68.951634,479.28550700000005,473.581061,-35.61882,-45.429596000000004,29.915768000000014
-85.21008,691.2638963333334,375.71354199999996,-208.232172,427.2336875,268.452039,-69.078202,479.48465350000004,473.980891,-35.64581199999999,-45.359969000000035,29.987889999999993
-85.19057333333335,691.285775,375.7550456666667,-208.3018335,427.17168649999996,268.8744945,-69.202049,479.68263149999996,474.3771875,-35.671777999999996,-45.291004999999984,30.059383000000025
-85.17081033333334,691.3080836666667,375.7964586666667,-208.371032,427.11105299999997,269.2943795,-69.323097,479.87935600000003,474.76986850000003,-35.696744,-45.22272400000003,30.130252999999982
-85.15081533333334,691.330795,375.83775433333335,-208.439702,427.0517385,269.711523,-69.44127,480.074747,475.1588415,-35.720744,-45.15515000000005,30.20050500000002
-85.13061366666666,691.3538813333334,375.87890666666664,-208.50777549999998,426.993699,270.125742,-69.556499,480.268726,475.544,-35.74381600000001,-45.088302,30.270140000000026
-85.11023233333333,691.3773143333333,375.91988799999996,-208.5751875,426.93690100000003,270.536839,-69.6687215,480.4612175,475.925224,-35.766009000000004,-45.02220300000005,30.339163999999982
-85.089698,691.4010669999999,375.9606716666667,-208.6418735,426.8813165,270.94460399999997,-69.77788,480.65214449999996,476.3023815,-35.787372,-44.956871000000035,30.407580999999993
-85.069037,691.4251116666668,376.00123,-208.70776999999998,426.8269265,271.348813,-69.8839275,480.8414325,476.67532400000005,-35.807964999999996,-44.89232500000003,30.47539599999999
-85.048277,691.4494223333332,376.041535,-208.77281549999998,426.77371700000003,271.7492285,-69.9868245,481.029005,477.04389100000003,-35.82784900000001,-44.82858399999998,30.542610000000025
-85.027445,691.4739703333333,376.08155966666664,-208.8369495,426.72168350000004,272.1456,-70.08654250000001,481.2147835,477.407908,-35.847087,-44.76566500000001,30.609223999999983
-85.00656933333333,691.4987303333334,376.1212763333333,-208.900115,426.6708265,272.537665,-70.18306150000001,481.3986885,477.7671865,-35.86574900000001,-44.703580999999986,30.675238999999976
-84.985677,691.5236753333334,376.1606563333333,-208.96225700000002,426.6211525,272.925149,-70.276374,481.580637,478.12152649999996,-35.88390199999999,-44.64235000000002,30.74064900000002
-84.964795,691.54878,376.199673,-209.023323,426.5726765,273.3077665,-70.366484,481.76054150000004,478.4707145,-35.901616,-44.58198299999998,30.805451000000005
-84.94395133333333,691.5740180000001,376.238298,-209.083263,426.525417,273.6852215,-70.4534065,481.93831450000005,478.814526,-35.918963,-44.52249499999999,30.869636000000014
-84.92317366666667,691.5993643333333,376.2765043333333,-209.1420315,426.4793985,274.0572095,-70.537167,482.113862,479.15272600000003,-35.93601,-44.46389599999998,30.93318800000003
-84.90248866666666,691.6247950000001,376.3142643333333,-209.19958450000001,426.43465000000003,274.42341650000003,-70.6178055,482.287085,479.4850715,-35.952821,-44.40620000000001,30.996092999999973
-84.88192300000001,691.650286,376.35155133333336,-209.2558825,426.391206,274.7835245,-70.6953725,482.4578845,479.811309,-35.969463,-44.349418999999955,31.058329999999955
-84.86150266666667,691.6758133333333,376.38833800000003,-209.3108895,426.34910349999996,275.137207,-70.76992899999999,482.62615400000004,480.13117950000003,-35.985991999999996,-44.293566,31.11987300000004
-84.84125499999999,691.7013543333334,376.42459833333334,-209.364574,426.3083835,275.4841365,-70.841548,482.791785,480.4444195,-36.002464,-44.238652,31.180692999999962
-84.82120400000001,691.7268869999999,376.460306,-209.4169065,426.269091,275.8239805,-70.910312,482.95466550000003,480.75076,-36.018927999999995,-44.18469299999998,31.24075399999998
-84.80137599999999,691.7523903333332,376.49543466666665,-209.467862,426.231271,276.156409,-70.9763135,483.11468049999996,481.04993049999996,-36.035427000000006,-44.131700999999964,31.30001699999997
-84.781795,691.777843,376.5299596666666,-209.5174215,426.19497249999995,276.48109,-71.0396545,483.271713,481.3416605,-36.051998999999995,-44.079691999999966,31.35843699999998
-84.76248533333334,691.8032256666667,376.563856,-209.5655665,426.1602455,276.797695,-71.10044350000001,483.425643,481.625681,-36.068673000000004,-44.028684,31.415966000000026
-84.74347033333333,691.8285193333332,376.5970986666666,-209.6122845,426.127139,277.105901,-71.158796,483.5763505,481.9017225,-36.085474,-43.97869300000002,31.47255100000001
-84.72477266666668,691.8537059999999,376.629665,-209.6575665,426.0957055,277.4053895,-71.214833,483.7237145,482.16952549999996,-36.102418,-43.929738999999984,31.528134999999963
-84.70641433333333,691.8787679999999,376.6615306666667,-209.70140750000002,426.06599500000004,277.6958505,-71.268681,483.8676145,482.428831,-36.119516000000004,-43.881843,31.582658000000038
-84.68841666666667,691.9036896666667,376.69267433333334,-209.743807,426.0380585,277.976984,-71.3204685,484.00793,482.67939249999995,-36.136768999999994,-43.83502599999997,31.636055
-84.67080033333333,691.9284553333333,376.72307333333333,-209.7847665,426.01194499999997,278.2484985,-71.3703265,484.1445435,482.92097,-36.154173,-43.789311,31.68826200000001
-84.65358566666667,691.9530513333333,376.7527073333333,-209.824293,425.987703,278.5101185,-71.418386,484.2773385,483.15333499999997,-36.17171999999999,-43.74472300000002,31.739210000000014
-84.63679133333333,691.9774639999999,376.78155599999997,-209.8623975,425.965379,278.76158,-71.4647775,484.4062045,483.376272,-36.189392999999995,-43.70128699999998,31.78883000000002
-84.620436,692.0016816666666,376.8095993333333,-209.899094,425.9450175,279.002634,-71.509631,484.53103150000004,483.58957899999996,-36.20717200000001,-43.65902699999998,31.837054000000023
-84.60453666666666,692.025693,376.8368193333333,-209.9344005,425.9266615,279.23305100000005,-71.553072,484.6517165,483.793069,-36.225030000000004,-43.617973000000006,31.88381000000004
-84.58911033333334,692.049489,376.86319899999995,-209.9683405,425.9103505,279.4526145,-71.59522150000001,484.7681605,483.98657000000003,-36.242937,-43.578148999999996,31.929029999999955
-84.57417299999999,692.0730606666666,376.88872100000003,-210.000938,425.896121,279.6611305,-71.63619750000001,484.8802715,484.16992700000003,-36.260858999999996,-43.53958299999999,31.972647999999992
-84.55973933333333,692.0964006666667,376.9133693333333,-210.03222549999998,425.884009,279.85842249999996,-71.6761085,484.9879625,484.343003,-36.278759,-43.50230299999998,32.01459599999998
-84.54582366666666,692.119503,376.9371303333333,-210.062236,425.8740445,280.0443345,-71.7150585,485.09115299999996,484.505679,-36.29659699999999,-43.46633400000002,32.05481400000002
-84.53244000000001,692.1423629999999,376.95999033333334,-210.091008,425.86625649999996,280.21873,-71.753142,485.1897715,484.6578535,-36.314330000000005,-43.431704999999965,32.09324099999998
-84.51959966666668,692.1649776666667,376.9819356666667,-210.118586,425.86067,280.38149549999997,-71.7904465,485.28375100000005,484.7994445,-36.33191500000001,-43.398439999999994,32.12982299999999
-84.50731466666667,692.1873446666667,377.00295600000004,-210.1450155,425.85730750000005,280.532536,-71.82704799999999,485.37303399999996,484.930388,-36.34930799999999,-43.36656399999998,32.16450599999996
-84.49559566666666,692.2094633333332,377.02303966666665,-210.1703485,425.85618850000003,280.671779,-71.86301499999999,485.4575685,485.05063900000005,-36.36646399999999,-43.33609899999999,32.19724400000001
-84.48445266666666,692.2313343333334,377.042178,-210.194642,425.8573295,280.799171,-71.898404,485.5373115,485.1601695,-36.38333600000001,-43.30707100000001,32.22799299999997
-84.47389500000001,692.2529593333334,377.0603616666667,-210.21795600000002,425.8607435,280.91468050000003,-71.933265,485.612226,485.25896950000003,-36.39988,-43.27949799999999,32.25671700000004
-84.463931,692.274343,377.0775833333334,-210.24035700000002,425.866443,281.0182935,-71.9676335,485.682282,485.34704650000003,-36.416049,-43.253401999999994,32.283383000000015
-84.45456766666666,692.2954896666666,377.0938363333333,-210.261915,425.874437,281.1100155,-72.001538,485.747458,485.4244215,-36.4318,-43.22879999999998,32.30796099999998
-84.44581133333334,692.3164053333334,377.10911566666664,-210.2827045,425.884733,281.1898695,-72.034997,485.80773650000003,485.4911325,-36.447087999999994,-43.20570900000001,32.33042899999998
-84.43766933333333,692.3370980000001,377.12341599999996,-210.302806,425.897336,281.25789499999996,-72.06801899999999,485.86310849999995,485.54723,-36.46187,-43.184143000000006,32.35077000000001
-84.43014533333333,692.3575766666667,377.13673366666666,-210.3223045,425.9122515,281.314146,-72.1006045,485.9135705,485.592776,-36.476103,-43.16411700000003,32.368967999999995
-84.42324466666666,692.3778520000001,377.1490656666667,-210.34128800000002,425.9294835,281.35868949999997,-72.1327455,485.959123,485.627845,-36.489748999999996,-43.14564200000001,32.38501200000002
-84.41697066666667,692.3979353333333,377.16040999999996,-210.3598515,425.94903550000004,281.3916065,-72.16442699999999,485.999775,485.65251850000004,-36.502764,-43.128728000000024,32.39889699999998
-84.411326,692.4178403333332,377.17076533333335,-210.37809199999998,425.970911,281.4129845,-72.1956285,486.0355355,485.666886,-36.51511300000001,-43.113383,32.410619999999994
-84.40631433333334,692.4375813333332,377.180131,-210.396113,425.995115,281.42292150000003,-72.226324,486.06642350000004,485.671045,-36.52675599999999,-43.09961500000003,32.42017999999996
-84.40193666666666,692.457174,377.1885066666667,-210.41402,426.021652,281.42152050000004,-72.256483,486.09245799999997,485.6650925,-36.537658,-43.08742799999999,32.42757899999998
-84.39819466666667,692.4766353333334,377.1958936666667,-210.4319225,426.05053,281.408889,-72.2860725,486.11366399999997,485.6491325,-36.547785000000005,-43.076828000000035,32.432822999999985
-84.39508833333333,692.4959836666667,377.202292,-210.4499335,426.0817575,281.385135,-72.31505899999999,486.1300695,485.6232655,-36.557103999999995,-43.06781699999999,32.43591500000002
-84.39261866666666,692.515238,377.20770433333337,-210.468168,426.115347,281.3503685,-72.343408,486.141705,485.5875935,-36.565583999999994,-43.06039599999997,32.43686299999996
-84.39078566666667,692.534419,377.21213233333333,-210.4867445,426.15131299999996,281.3046935,-72.3710855,486.148604,485.542213,-36.573195000000005,-43.05456799999996,32.435671999999954
-84.38958833333334,692.5535476666668,377.21557733333333,-210.5057825,426.18967499999997,281.2482115,-72.3980615,486.1508045,485.487216,-36.579913,-43.05033300000002,32.432349999999985
-84.38902533333334,692.5726470000001,377.21804266666663,-210.52540249999998,426.2304545,281.181016,-72.424308,486.1483435,485.42269,-36.58571,-43.047690999999986,32.426901999999984
-84.38909566666666,692.5917403333333,377.219531,-210.5457275,426.27368,281.10319300000003,-72.4498045,486.141263,485.348712,-36.59056699999999,-43.04664199999996,32.41933399999999
-84.38979833333333,692.6108513333334,377.2200453333333,-210.566878,426.31938349999996,281.0148155,-72.4745345,486.1296055,485.26534949999996,-36.594465,-43.04718699999995,32.40964700000001
-84.39113033333332,692.630006,377.2195873333333,-210.588976,426.36760300000003,280.9159445,-72.4984895,486.11341300000004,485.17266,-36.597387000000005,-43.04932600000001,32.397843999999964
-84.39309033333333,692.6492293333334,377.218161,-210.6121425,426.4183835,280.806626,-72.5216695,486.0927315,485.070688,-36.599323,-43.053061000000014,32.383924000000036
-84.39567566666666,692.6685476666667,377.21576866666663,-210.63649550000002,426.47177350000004,280.686889,-72.5440845,486.067605,484.9594655,-36.600263000000005,-43.058396000000016,32.36788100000001
-84.39888433333334,692.6879883333335,377.21241166666664,-210.6621515,426.527831,280.5567445,-72.565754,486.038078,484.83900900000003,-36.60020600000001,-43.065336,32.349710000000016
-84.40271299999999,692.7075776666667,377.20809333333335,-210.68922400000002,426.5866205,280.4161865,-72.58670699999999,486.0041955,484.70932,-36.599149999999995,-43.07388900000001,32.329399999999964
-84.40716066666666,692.7273446666667,377.2028153333333,-210.717824,426.648212,280.265184,-72.606986,485.9659995,484.57038550000004,-36.59710199999999,-43.08406500000001,32.306937000000005
-84.41222333333333,692.7473166666667,377.1965786666667,-210.74805650000002,426.71268499999996,280.10368800000003,-72.626643,485.923532,484.4221745,-36.594069999999995,-43.09587600000003,32.28230500000001
-84.41789999999999,692.7675213333333,377.1893850000001,-210.780024,426.780126,279.931626,-72.6457425,485.87682900000004,484.264641,-36.590070999999995,-43.10934200000003,32.25547999999998
-84.42418733333334,692.787987,377.181235,-210.81382250000001,426.85062800000003,279.7489035,-72.6643615,485.825926,484.09772050000004,-36.585123,-43.124482,32.226436999999976
-84.43108333333333,692.808742,377.17212866666665,-210.849544,426.92429500000003,279.555401,-72.682586,485.770852,483.921334,-36.579252,-43.14132599999999,32.19514400000003
-84.43858733333333,692.829814,377.16206566666665,-210.887272,427.0012355,279.350976,-72.700515,485.71163,483.7353845,-36.57248800000001,-43.15990199999999,32.16156699999999
-84.44669633333334,692.8512306666667,377.15104533333334,-210.92708549999998,427.08157,279.1354655,-72.718258,485.648276,483.53976,-36.56486400000001,-43.180251999999996,32.125662000000034
-84.45540900000002,692.8730196666667,377.1390653333333,-210.969057,427.1654225,278.90867849999995,-72.7359345,485.58079699999996,483.33433249999996,-36.556419,-43.20242000000002,32.08738499999998
-84.46472533333333,692.8952069999999,377.1261246666666,-211.0132505,427.252928,278.6704065,-72.753672,485.5091905,483.11896049999996,-36.547194000000005,-43.22645499999999,32.04668099999998
-84.47464433333333,692.9178189999999,377.11221900000004,-211.05972350000002,427.3442295,278.42041600000005,-72.771607,485.43344,482.89348800000005,-36.53723600000001,-43.25241799999998,32.00349399999999
-84.48516500000001,692.9408813333333,377.0973456666666,-211.10852599999998,427.43947649999996,278.1584525,-72.789883,485.353519,482.65774550000003,-36.526593999999996,-43.28037599999999,31.957754999999963
-84.49628833333333,692.964418,377.08149933333334,-211.1596995,427.53882550000003,277.8842435,-72.8086495,485.269384,482.411554,-36.515319000000005,-43.31040399999995,31.909393999999963
-84.50801433333334,692.9884529999999,377.0646746666667,-211.213279,427.642442,277.59749550000004,-72.82806049999999,485.180972,482.1547235,-36.503461,-43.34258599999998,31.858329000000026
-84.520345,693.0130086666667,377.0468656666667,-211.26928900000001,427.7504985,277.297899,-72.848274,485.08820449999996,481.88705500000003,-36.491074000000005,-43.37701299999998,31.804471999999976
-84.53328133333333,693.038106,377.0280643333333,-211.3277475,427.8631735,276.9851275,-72.86945,484.99098000000004,481.608342,-36.47821199999999,-43.41378800000001,31.747726
-84.546826,693.0637660000001,377.008263,-211.388663,427.98065199999996,276.658841,-72.8917485,484.88917449999997,481.3183735,-36.464925,-43.45302099999998,31.687985000000026
-84.56098200000001,693.0900063333333,376.987452,-211.45203600000002,428.103126,276.31868599999996,-72.9153295,484.782638,481.016934,-36.451267,-43.49483200000003,31.625135999999998
-84.57575166666668,693.116844,376.96562066666667,-211.517859,428.2307925,275.964299,-72.94035149999999,484.6711945,480.703805,-36.437282999999994,-43.53934700000002,31.559050000000013
-84.59114,693.144295,376.9427576666667,-211.5861145,428.363855,275.595306,-72.9669695,484.55463899999995,480.3787685,-36.423019,-43.586702,31.48959500000001
-84.60715133333333,693.172373,376.9188506666667,-211.6567775,428.502522,275.211327,-72.9953345,484.432735,480.0416065,-36.408519000000005,-43.63704000000001,31.416624999999954
-84.623791,693.2010903333334,376.8938856666667,-211.7298125,428.6470055,274.81197599999996,-73.0255925,484.305215,479.692104,-36.39381900000001,-43.69051400000001,31.339984000000015
-84.64106433333335,693.2304559999999,376.8678476666667,-211.8051775,428.797524,274.396863,-73.057883,484.171775,479.33005,-36.378954,-43.747277999999994,31.25950400000005
-84.65897833333332,693.2604793333334,376.8407203333333,-211.88281999999998,428.95429750000005,273.965599,-73.09233900000001,484.0320785,478.9552395,-36.36395,-43.80749500000002,31.175009000000045
-84.67754033333334,693.291166,376.8124873333333,-211.96267899999998,429.11755,273.5177925,-73.129086,483.8857505,478.567474,-36.348831999999994,-43.871331,31.086310000000026
-84.69675766666667,693.3225196666666,376.78312933333336,-212.04468450000002,429.28751,273.053055,-73.168243,483.7323785,478.1665665,-36.333618,-43.938953000000026,30.99320899999998
-84.71663933333333,693.3545413333333,376.752627,-212.1287585,429.464406,272.571003,-73.209919,483.571512,477.7523365,-36.318321999999995,-44.01053000000002,30.895494999999983
-84.737194,693.3872316666666,376.7209586666666,-212.214813,429.64847050000003,272.071258,-73.254217,483.402661,477.3246155,-36.302952,-44.08623,30.792951000000016
-84.758432,693.4205873333334,376.68810299999996,-212.302753,429.8399345,271.5534495,-73.301231,483.22529799999995,476.883248,-36.287512,-44.166222000000005,30.685350000000028
-84.780364,693.4546019999999,376.6540356666667,-212.3924725,430.039033,271.01721399999997,-73.351047,483.03885249999996,476.42809,-36.272002,-44.250666999999964,30.572452
-84.803001,693.4892686666666,376.61873233333336,-212.48386,430.24599950000004,270.4622025,-73.403747,482.84271950000004,475.95901100000003,-36.256418,-44.339721,30.454013999999972
-84.82635466666666,693.5245766666667,376.58216666666664,-212.576793,430.461067,269.88807399999996,-73.45940350000001,482.6362535,475.4758945,-36.240751,-44.433535000000006,30.329785000000015
-84.850438,693.5605123333333,376.5443116666667,-212.6711425,430.68446800000004,269.29450299999996,-73.518085,482.418771,474.9786365,-36.22499,-44.53224599999999,30.199504999999988
-84.87526433333333,693.5970603333332,376.50513833333326,-212.766772,430.9164345,268.681178,-73.5798555,482.1895555,474.467148,-36.209123,-44.635981000000015,30.062911999999983
-84.90084833333334,693.6342013333333,376.46461700000003,-212.863536,431.1571955,268.047802,-73.64477550000001,481.947854,473.94135100000005,-36.193135,-44.74485800000002,29.919737999999995
-84.92720366666667,693.6719143333333,376.42271566666665,-212.96128449999998,431.40697750000004,267.394097,-73.7129025,481.6928825,473.4011815,-36.177009,-44.858971,29.769713000000024
-84.95434633333333,693.7101753333333,376.37940299999997,-213.05985900000002,431.666005,266.71979999999996,-73.78429249999999,481.42382599999996,472.846586,-36.160725,-44.97840400000001,29.61256400000002
-84.98229233333332,693.7489563333332,376.3346446666667,-213.15909599999998,431.9344985,266.02466749999996,-73.85900050000001,481.13984500000004,472.27752150000003,-36.144265000000004,-45.10322200000002,29.448016999999993
-85.01105766666667,693.788228,376.28840599999995,-213.258826,432.212674,265.30847600000004,-73.9370845,480.84007299999996,471.693954,-36.127607000000005,-45.233465999999964,29.275800000000004
-85.04066066666667,693.827957,376.24065033333335,-213.3588765,432.500744,264.57101950000003,-74.01860099999999,480.5236255,471.095854,-36.110733999999994,-45.369159000000025,29.095640000000003
-85.071119,693.868108,376.1913406666667,-213.4590705,432.7989155,263.812113,-74.1036105,480.189598,470.48319949999996,-36.093619,-45.510302000000024,28.90726699999999
-85.10245066666667,693.9086416666665,376.1404380000001,-213.55922700000002,433.10739049999995,263.0315925,-74.19217549999999,479.837076,469.8559695,-36.076240999999996,-45.65687399999996,28.710413000000017
-85.134675,693.949516,376.0879033333333,-213.659166,433.4263645,262.2293155,-74.284364,479.46513300000004,469.2141425,-36.05857399999999,-45.808828000000005,28.504818999999998
-85.16781133333332,693.9906866666666,376.0336953333333,-213.7587025,433.75602749999996,261.405159,-74.3802455,479.07284,468.55769599999996,-36.040593,-45.966094,28.290224000000023
-85.20188033333334,694.0321053333333,375.9777716666667,-213.8576565,434.096563,260.559023,-74.4798955,478.659267,467.886599,-36.022267,-46.12858200000005,28.06637599999999
-85.23690166666667,694.073723,375.92008933333335,-213.955845,434.4481475,259.6908275,-74.583394,478.22348850000003,467.2008145,-36.003564000000004,-46.29617300000001,27.833031000000005
-85.27289733333333,694.1154843333334,375.8606046666667,-214.0530905,434.810949,258.800516,-74.69082399999999,477.7645885,466.500293,-35.984446000000005,-46.46873100000005,27.58994800000005
-85.30988766666667,694.1573346666668,375.79927233333336,-214.14921800000002,435.18512999999996,257.8880525,-74.802274,477.28166699999997,465.7849685,-35.964874,-46.64609200000001,27.336895000000027
-85.347895,694.1992136666668,375.7360456666666,-214.2440585,435.5708435,256.953422,-74.9178345,476.7738415,465.05475950000005,-35.944799,-46.82807700000001,27.07364899999999
-85.38694166666666,694.2410606666666,375.670877,-214.337449,435.968235,255.99663350000003,-75.037599,476.24025600000004,464.3095605,-35.924168,-47.01447999999999,26.799991000000034
-85.42704933333334,694.2828096666667,375.60372,-214.4292325,436.37744250000003,255.017715,-75.1616625,475.68008299999997,463.549243,-35.902923,-47.20508000000001,26.515714000000003
-85.46824166666666,694.3243946666666,375.534524,-214.5192635,436.79859350000004,254.016717,-75.290121,475.0925305,462.7736525,-35.88099400000001,-47.39963899999998,26.220617000000004
-85.51054033333332,694.3657466666667,375.4632403333333,-214.607405,437.2318095,252.993711,-75.423069,474.47684749999996,461.9826015,-35.858306,-47.597901000000036,25.91450900000001
-85.55396966666666,694.4067926666667,375.38981766666666,-214.693531,437.6772015,251.9487895,-75.560599,473.83232599999997,461.17587149999997,-35.834776,-47.79959400000001,25.597204999999974
-85.598552,694.4474583333334,375.3142056666666,-214.77752850000002,438.13487150000003,250.8820645,-75.7028005,473.15830900000003,460.353208,-35.810311,-48.00443799999999,25.26853
-85.64431166666667,694.4876676666667,375.2363516666667,-214.85929750000003,438.604915,249.79367000000002,-75.849756,472.4541925,459.51432,-35.784811999999995,-48.21213700000004,24.928319999999985
-85.69127066666665,694.527342,375.15620399999995,-214.93875200000002,439.0874155,248.683758,-76.0015425,471.719431,458.658876,-35.758169,-48.42238800000001,24.576415999999995
-85.73945266666668,694.5664006666667,375.07370999999995,-215.0158205,439.58245150000005,247.552501,-76.1582265,470.95354050000003,457.7865045,-35.73026899999999,-48.63487700000002,24.212672999999995
-85.78888133333334,694.604761,374.9888163333333,-215.09044749999998,440.0900885,246.40009050000003,-76.3198645,470.1561035,456.8967925,-35.700991,-48.84928499999995,23.836951
-85.839579,694.6423396666665,374.90147,-215.16259200000002,440.6103865,245.22673550000002,-76.4865,469.326771,455.9892835,-35.670210000000004,-49.065290000000005,23.449126999999976
-85.891569,694.6790510000001,374.81161733333334,-215.2322315,441.1433965,244.0326645,-76.658163,468.4652655,455.06347949999997,-35.63779600000001,-49.28255899999999,23.049080999999944
-85.94487333333335,694.7148083333333,374.71920500000004,-215.29935749999999,441.689159,242.81812150000002,-76.8348665,467.571384,454.118838,-35.603623000000006,-49.500764000000004,22.636713999999984
-85.99951366666666,694.7495236666667,374.62417966666663,-215.36397699999998,442.247709,241.58336699999998,-77.016607,466.6449985,453.1547765,-35.567561999999995,-49.719566999999984,22.211932999999988
-86.05551266666667,694.7831076666666,374.526489,-215.42611499999998,442.819071,240.32867850000002,-77.2033615,465.68606,452.17066950000003,-35.529489000000005,-49.93863399999998,21.77466499999997
-86.11289066666666,694.8154713333333,374.42607933333335,-215.4858105,443.4032615,239.054347,-77.39508649999999,464.6945965,451.165852,-35.489289,-50.15762699999999,21.324850000000026
-86.17166833333333,694.8465236666667,374.3228993333333,-215.543117,444.0002905,237.76067899999998,-77.591719,463.6707165,450.13962200000003,-35.446854,-50.37620899999996,20.862446000000034
-86.23186633333334,694.8761743333334,374.2168966666666,-215.59810099999999,444.610158,236.4479935,-77.793172,462.61460550000004,449.091242,-35.40209000000001,-50.594043,20.38743199999999
-86.29350199999999,694.9043323333334,374.108021,-215.650842,445.2328565,235.116621,-77.99933850000001,461.52653,448.01994,-35.354919,-50.81079,19.899806000000012
-86.35659533333335,694.9309066666666,373.9962233333333,-215.7014325,445.868372,233.7669045,-78.2100875,460.406833,446.924915,-35.305283,-51.02611200000001,19.39959399999998
-86.42116399999999,694.9558063333334,373.8814546666667,-215.749972,446.51668,232.3991965,-78.425266,459.255933,445.80534,-35.253146,-51.239671999999985,18.886843999999996
-86.48722266666668,694.9789413333333,373.76366733333333,-215.7965705,447.177749,231.01385949999997,-78.6446985,458.07432500000004,444.6603645,-35.198497,-51.45112999999998,18.361632999999983
-86.55478833333332,695.0002210000001,373.64281666666665,-215.8413445,447.85154,229.61126299999998,-78.868189,456.86257550000005,443.4891195,-35.141356,-51.660146999999995,17.824071000000004
-86.62387466666667,695.0195573333334,373.5188573333333,-215.884416,448.5380045,228.19178499999998,-79.09552,455.62132099999997,442.29072099999996,-35.081771999999994,-51.86638399999998,17.274297999999987
-86.694496,695.0368619999999,373.3917483333333,-215.9259085,449.237086,226.755809,-79.3264575,454.351265,441.064276,-35.019828999999994,-52.06949800000001,16.712490000000003
-86.76666266666666,695.0520473333332,373.26144866666664,-215.9659495,449.94871950000004,225.3037245,-79.560748,453.053174,439.8088845,-34.95565,-52.26914599999998,16.138862999999958
-86.84038600000001,695.0650293333333,373.1279206666666,-216.004665,450.67283050000003,223.8359245,-79.798123,451.7278765,438.5236475,-34.88939,-52.46498500000001,15.553669000000014
-86.91567500000001,695.0757229999999,372.991129,-216.04218,451.4093365,222.35280649999999,-80.038301,450.376256,437.20766949999995,-34.821248000000004,-52.65666599999997,14.957202999999993
-86.99253833333334,695.0840466666667,372.8510406666667,-216.078615,452.158144,220.8547705,-80.2809905,448.99925,435.86006599999996,-34.751461000000006,-52.843841999999995,14.349804000000006
-87.07098133333334,695.0899203333333,372.7076253333333,-216.114085,452.919151,219.3422185,-80.525892,447.597842,434.4799635,-34.680308,-53.026162,13.731853000000001
-87.15100833333332,695.0932663333333,372.56085533333334,-216.148698,453.6922455,217.81555400000002,-80.772701,446.17306199999996,433.06651,-34.608104,-53.20327400000002,13.103778000000034
-87.23262233333332,695.094009,372.4107073333333,-216.18255549999998,454.4773045,216.27518149999997,-81.0211095,444.7259785,431.6188785,-34.535205000000005,-53.37482699999998,12.466047000000003
-87.31582566666667,695.0920753333334,372.25715999999994,-216.21574700000002,455.27419599999996,214.7215065,-81.270814,443.25769549999995,430.13626899999997,-34.46200400000001,-53.54046299999999,11.819180000000017
-87.40061600000001,695.0873946666667,372.10019600000004,-216.2483525,456.0827755,213.1549345,-81.521511,441.7693475,428.6179165,-34.38892800000001,-53.69983100000002,11.163735000000031
-87.48699166666665,695.0799003333333,371.93980200000004,-216.28044,456.9028885,211.5758715,-81.772909,440.262094,427.0630945,-34.31643600000001,-53.852577999999994,10.500316999999995
-87.57494866666666,695.0695276666667,371.77596833333337,-216.312065,457.734369,209.9847235,-82.0247235,438.737118,425.471118,-34.245013,-53.998354000000006,9.829567999999995
-87.66447966666665,695.0562156666666,371.6086886666667,-216.34327000000002,458.57704049999995,208.3818975,-82.27668800000001,437.1956175,423.8413505,-34.175169999999994,-54.13681300000002,9.152169000000015
-87.755577,695.0399056666666,371.43796133333336,-216.3740845,459.43071399999997,206.7678005,-82.5285485,435.638803,422.173205,-34.10743500000001,-54.267611999999986,8.46884
-87.84823033333333,695.020544,371.26378900000003,-216.40452299999998,460.295189,205.14284049999998,-82.7800755,434.067894,420.46614999999997,-34.042351,-54.390420000000006,7.780324000000007
-87.94242666666668,694.9980803333333,371.0861786666667,-216.43458750000002,461.1702545,203.507427,-83.0310575,432.4841115,418.719712,-33.980467000000004,-54.504909,7.0873960000000125
-88.03815200000001,694.9724656666667,370.9051416666667,-216.4642675,462.05568700000003,201.86197199999998,-83.2813125,430.88867600000003,416.9334765,-33.922335000000004,-54.610765999999956,6.390850999999998
-88.13539000000002,694.9436586666667,370.72069400000004,-216.493538,462.951252,200.2068895,-83.5306815,429.282803,415.1070955,-33.86850100000001,-54.70768999999996,5.691501000000017
-88.23412133333333,694.911619,370.5328573333333,-216.522362,463.85670500000003,198.5425975,-83.77903649999999,427.667698,413.2402855,-33.819497,-54.79539600000004,4.9901629999999955
-88.33432566666666,694.8763116666668,370.34165633333333,-216.550691,464.7717895,196.8695175,-84.0262795,426.044554,411.332831,-33.77584300000001,-54.873613999999975,4.287661999999955
-88.43597933333335,694.8377043333334,370.1471226666667,-216.5784655,465.69623850000005,195.18807800000002,-84.27234200000001,424.41454650000003,409.384587,-33.738026000000005,-54.94209700000005,3.5848179999999843
-88.53905733333333,694.7957713333334,369.9492916666666,-216.605617,466.6297765,193.49871050000002,-84.5171905,422.77882950000003,407.39547949999996,-33.70650499999999,-55.00061899999997,2.8824390000000335
-88.64353333333332,694.7504893333333,369.7482043333334,-216.6320655,467.5721165,191.80185649999999,-84.7608205,421.1385325,405.36550450000004,-33.68170099999999,-55.04897500000004,2.1813169999999786
-88.749377,694.7018393333334,369.54390700000005,-216.65772650000002,468.522965,190.0979625,-85.003262,419.494758,403.294733,-33.66398600000001,-55.08698800000002,1.482217999999989
-88.85655666666666,694.649808,369.33645,-216.6825065,469.48202000000003,188.387486,-85.2445735,417.8485775,401.183305,-33.653684999999996,-55.11451099999999,0.7858759999999734
-88.96503933333334,694.5943856666667,369.1258906666667,-216.706306,470.44897000000003,186.670892,-85.484846,416.2010285,399.031433,-33.651067999999995,-55.131418999999994,0.09298999999998614
-89.07478966666667,694.5355676666667,368.91229066666665,-216.72902349999998,471.42350050000005,184.94865800000002,-85.7241975,414.553112,396.83939999999996,-33.656341,-55.13762399999996,-0.5957920000000172
-89.18576966666667,694.4733526666668,368.69571633333334,-216.750551,472.4052885,183.22127,-85.9627745,412.905792,394.6075575,-33.66964900000001,-55.13306399999999,-1.2798670000000243
-89.29794,694.4077456666668,368.47624033333335,-216.770781,473.3940075,181.4892265,-86.200747,411.2599905,392.33632450000005,-33.69107000000001,-55.11770899999999,-1.9586929999999825
-89.41125800000002,694.3387546666667,368.25394033333333,-216.789602,474.389329,179.7530385,-86.438308,409.616588,390.0261835,-33.72061000000001,-55.091560000000015,-2.6317850000000362
-89.52568133333334,694.2663936666668,368.028898,-216.806904,475.390919,178.01322850000003,-86.675669,407.9764195,387.6776795,-33.75820999999999,-55.05465099999998,-3.2987249999999904
-89.64116466666667,694.190681,367.80120200000005,-216.8225755,476.398444,176.2703325,-86.913059,406.34027849999995,385.29141500000003,-33.803736,-55.00704300000001,-3.959166000000039
-89.75766033333333,694.1116386666666,367.570945,-216.836508,477.41156850000004,174.5248985,-87.15071800000001,404.70891,382.86804900000004,-33.856984,-54.948830000000044,-4.612827999999979
-89.87512,694.0292946666665,367.33822433333336,-216.8485925,478.429959,172.7774885,-87.38889950000001,403.0830145,380.4082895,-33.91768499999999,-54.880127000000016,-5.259505000000047
-89.993493,693.9436803333333,367.10314266666666,-216.858723,479.4532825,171.028676,-87.627859,401.463247,377.9128935,-33.985502,-54.80108200000001,-5.899065000000007
-90.11272733333332,693.8548323333333,366.86580733333335,-216.86679750000002,480.48120800000004,169.279048,-87.867858,399.8502165,375.38265750000005,-34.060036,-54.711861,-6.531449000000009
-90.23277,693.7627920000001,366.62633066666666,-216.8727135,481.51341,167.529203,-88.1091555,398.244487,372.8184185,-34.140829,-54.61265400000002,-7.156668999999965
-90.353566,693.6676039999999,366.38482833333336,-216.8763755,482.54956500000003,165.7797535,-88.352008,396.6465805,370.2210435,-34.227372,-54.503671,-7.77480700000001
-90.47505866666665,693.5693190000001,366.141421,-216.877688,483.5893565,164.0313205,-88.596663,395.0569765,367.5914285,-34.319108,-54.385132999999996,-8.386012999999991
-90.59719133333333,693.4679903333332,365.896234,-216.87656049999998,484.6324735,162.284538,-88.8433585,393.476114,364.93049,-34.41543499999999,-54.25727800000004,-8.990499999999997
-90.71990533333333,693.3636763333334,365.64939566666663,-216.8729055,485.678611,160.54005,-89.0923185,391.90439549999996,362.23916499999996,-34.515719000000004,-54.120348999999976,-9.588540000000023
-90.84314133333334,693.2564393333333,365.4010386666667,-216.866639,486.72747100000004,158.798509,-89.343752,390.3421865,359.51839900000004,-34.619298,-53.97460099999995,-10.180457999999987
-90.966839,693.1463456666667,365.1512976666666,-216.857681,487.778765,157.060577,-89.5978485,388.789822,356.769147,-34.725488999999996,-53.82028600000001,-10.76663000000002
-91.09093666666666,693.0334646666666,364.900312,-216.845953,488.8322095,155.3269245,-89.8547775,387.247606,353.992365,-34.83359300000001,-53.65766000000002,-11.347474000000034
-91.21537366666666,692.917871,364.648224,-216.83138250000002,489.8875325,153.5982275,-90.114686,385.715818,351.1890075,-34.942908,-53.486973999999975,-11.923441000000025
-91.34008666666666,692.7996406666666,364.3951773333333,-216.813898,490.94446700000003,151.8751695,-90.377698,384.194714,348.3600195,-35.05273,-53.308471999999995,-12.495015000000024
-91.465013,692.678856,364.1413196666667,-216.793432,492.002757,150.158439,-90.643911,382.68453,345.506339,-35.16236599999999,-53.12239199999999,-13.062700000000007
-91.59008999999999,692.5555989999999,363.88679933333333,-216.7699215,493.06215199999997,148.4487285,-90.913399,381.18548799999996,342.62888599999997,-35.27113399999999,-52.92895600000003,-13.627017999999964
-91.715254,692.4299576666666,363.6317673333333,-216.74330550000002,494.1224105,146.746734,-91.1862095,379.6977965,339.7285625,-35.378375000000005,-52.72837900000002,-14.188496999999984
-91.84044166666666,692.302021,363.376376,-216.713528,495.1832995,145.053154,-91.46236300000001,378.221656,336.80625,-35.483459999999994,-52.52085199999999,-14.747664000000043
-91.96558966666667,692.1718816666666,363.12077833333336,-216.68053550000002,496.24458949999996,143.36868750000002,-91.7418555,376.7572625,333.86280550000004,-35.58578700000001,-52.306555,-15.305045000000007
-92.09063466666667,692.0396343333333,362.8651296666667,-216.64427949999998,497.3060605,141.69403499999999,-92.02465699999999,375.304809,330.89905899999997,-35.68479599999999,-52.085650000000044,-15.86115000000001
-92.21551366666665,691.905376,362.609584,-216.6047165,498.36749499999996,140.029896,-92.31071299999999,373.8644915,327.9158145,-35.77996800000001,-51.85827499999999,-16.416472999999996
-92.34016366666667,691.7692063333334,362.354296,-216.561806,499.428682,138.376967,-92.5999465,372.4365085,324.9138435,-35.87083100000001,-51.624549,-16.971478999999988
-92.464523,691.6312253333334,362.09942133333334,-216.515515,500.4894125,136.735942,-92.892258,371.021067,321.8938905,-35.956962000000004,-51.384573999999986,-17.526605000000018
-92.58853066666666,691.491537,361.84511433333336,-216.465816,501.549482,135.1075105,-93.1875245,369.6183825,318.85666749999996,-36.03799099999999,-51.138428999999974,-18.08225299999998
-92.71212433333335,691.3502446666668,361.59152866666665,-216.4126865,502.6086855,133.4923575,-93.48560699999999,368.228682,315.802858,-36.113602,-50.88617399999998,-18.638779999999997
-92.83524533333333,691.2074536666665,361.3388166666667,-216.3561135,503.66682000000003,131.891158,-93.7863475,366.85220549999997,312.7331135,-36.18353499999999,-50.627849000000026,-19.196501000000012
-92.95783433333334,691.0632706666667,361.0871293333333,-216.2960905,504.7236805,130.30458050000001,-94.089571,365.489207,309.648058,-36.24758999999999,-50.36347599999999,-19.755679999999984
-93.07983300000001,690.9178033333333,360.8366156666666,-216.2326185,505.7790615,128.7332835,-94.3950885,364.13995750000004,306.54828899999995,-36.30561900000001,-50.09306099999998,-20.316531999999995
-93.20118466666668,690.7711583333333,360.58742333333333,-216.16571,506.8327555,127.17791249999999,-94.7026985,362.804741,303.43437700000004,-36.357539,-49.816596000000004,-20.87921
-93.32183400000001,690.6234450000001,360.33969666666667,-216.09538600000002,507.8845485,125.63909950000001,-95.01218800000001,361.48386,300.30687,-36.403319999999994,-49.534055999999964,-21.443817999999965
-93.44172633333335,690.4747706666666,360.0935776666667,-216.021678,508.9342245,124.11746049999999,-95.323335,360.177632,297.166295,-36.44299000000001,-49.245408,-22.010392000000024
-93.56080933333334,690.325244,359.84920566666665,-215.94462800000002,509.981562,122.613594,-95.6359095,358.8863885,294.0131615,-36.47663299999999,-48.95060699999999,-22.57891699999999
-93.679031,690.1749726666667,359.6067156666666,-215.86429099999998,511.0263295,121.12807900000001,-95.94967650000001,357.610477,290.8479635,-36.504386999999994,-48.64960199999996,-23.149309000000017
-93.79634233333333,690.0240646666666,359.3662393333334,-215.780732,512.0682925,119.661473,-96.26439450000001,356.3502585,287.67118400000004,-36.52644099999999,-48.34233700000004,-23.721428000000003
-93.912695,689.8726266666666,359.127906,-215.6940305,513.1072055,118.21430699999999,-96.5798185,355.10610399999996,284.4832985,-36.543035,-48.02875599999999,-24.295071000000007
-94.02804166666665,689.7207643333332,358.8918383333334,-215.60427700000002,514.142816,116.787087,-96.895704,353.8783955,281.28477699999996,-36.554456,-47.708799,-24.86997600000001
-94.14233899999999,689.5685823333333,358.658157,-215.5115755,515.1748620000001,115.3802895,-97.2118035,352.66752199999996,278.0760915,-36.561037,-47.38241199999999,-25.44582300000002
-94.25554366666667,689.4161843333333,358.426977,-215.416041,516.203071,113.99436,-97.5278685,351.47387949999995,274.857716,-36.563153,-47.04954700000002,-26.02223399999997
-94.367615,689.2636723333334,358.1984096666667,-215.317803,517.227162,112.62970999999999,-97.843654,350.2978665,271.630133,-36.561216,-46.710158999999976,-26.598776000000043
-94.478514,689.1111466666666,357.9725596666667,-215.21700149999998,518.246843,111.28671499999999,-98.15891500000001,349.139882,268.3938375,-36.55568000000001,-46.36421800000005,-27.174968999999976
-94.58820333333334,688.9587053333333,357.74952866666666,-215.113789,519.261812,109.96571349999999,-98.473409,348.000324,265.149339,-36.54702399999999,-46.01170400000001,-27.75027799999998
-94.696648,688.8064453333333,357.5294116666667,-215.008328,520.271756,108.667003,-98.7868965,346.879587,261.897168,-36.535765,-45.65261400000003,-28.324126000000007
-94.80381499999999,688.6544600000001,357.312299,-214.9007915,521.2763525,107.39084199999999,-99.099141,345.778057,258.637879,-36.522442,-45.28695800000003,-28.895892000000003
-94.90967266666667,688.5028413333333,357.098277,-214.791361,522.275268,106.1374435,-99.409909,344.6961125,255.372055,-36.50761800000001,-44.914769000000035,-29.464917999999983
-95.01419233333333,688.351678,356.8874246666667,-214.680227,523.2681585,104.90697850000001,-99.71897100000001,343.6341185,252.10030849999998,-36.491876000000005,-44.53609700000004,-30.030513000000013
-95.117346,688.2010569999999,356.679816,-214.5675845,524.254672,103.69957249999999,-100.02610150000001,342.5924265,248.823288,-36.47581699999999,-44.15101500000003,-30.591955999999982
-95.21910933333334,688.0510613333332,356.4755206666666,-214.45363500000002,525.2344445,102.51530650000001,-100.331077,341.571371,245.54168099999998,-36.46005000000001,-43.75962000000004,-31.14849799999999
-95.31945833333333,687.901772,356.2746016666667,-214.338582,526.2071045,101.354217,-100.633679,340.5712685,242.2562135,-36.4452,-43.362033,-31.699375000000003
-95.41837066666666,687.753266,356.07711766666665,-214.22263249999997,527.172271,100.216294,-100.9336925,339.5924135,238.967657,-36.43189099999999,-42.95840100000004,-32.24380400000001
-95.515828,687.6056176666666,355.8831206666666,-214.10599150000002,528.1295534999999,99.1014865,-101.230905,338.63507849999996,235.6768295,-36.42075200000001,-42.548892999999964,-32.78099500000002
-95.61181133333332,687.4588973333333,355.692658,-213.98886249999998,529.0785559999999,98.0096995,-101.52510749999999,337.69951000000003,232.384596,-36.412411000000006,-42.13370800000001,-33.31015199999999
-95.70630433333334,687.313173,355.5057716666667,-213.871446,530.018873,96.940797,-101.816095,336.78593,229.09187150000002,-36.407488,-41.71307200000001,-33.830479
-95.79929299999999,687.1685083333333,355.3224983333333,-213.7539345,530.950094,95.89460600000001,-102.10366450000001,335.8945305,225.7996225,-36.406591000000006,-41.28723099999996,-34.34118699999999
-95.890765,687.0249626666667,355.1428693333333,-213.636516,531.8718015,94.8709155,-102.387618,335.025476,222.508867,-36.41032,-40.85646600000001,-34.841498
-95.98070766666667,686.882594,354.9669106666667,-213.519365,532.7835725,93.8694825,-102.6677585,334.1788995,219.220676,-36.419251,-40.42107299999998,-35.33065399999998
-96.06911266666667,686.7414533333334,354.79464333333334,-213.4026485,533.684981,92.8900345,-102.9438955,333.3549025,215.9361735,-36.433943,-39.981379000000004,-35.807912999999985
-96.15597133333334,686.601591,354.6260843333334,-213.2865195,534.575597,91.93226999999999,-103.215839,332.553555,212.65653550000002,-36.454927999999995,-39.537732000000005,-36.27256700000001
-96.24127666666668,686.4630510000001,354.46124533333335,-213.17111549999998,535.4549865,90.9958675,-103.483407,331.774893,209.38299,-36.48270400000001,-39.09049799999997,-36.72393600000001
-96.325024,686.3258756666668,354.3001323333333,-213.0565605,536.3227155,90.080483,-103.74642,331.01891950000004,206.1168145,-36.51774,-38.64006699999999,-37.161381000000006
-96.40720866666668,686.1901013333332,354.14274866666665,-212.94296100000003,537.178349,89.1857605,-104.0047065,330.2856005,202.85933899999998,-36.560467,-38.186845000000005,-37.584304
-96.48782833333333,686.0557616666666,353.98909166666664,-212.83040749999998,538.0214515,88.3113305,-104.25810050000001,329.57487100000003,199.611937,-36.611271,-37.731251999999984,-37.992155999999994
-96.56688100000001,685.9228866666667,353.8391556666666,-212.7189715,538.8515904999999,87.456817,-104.50644399999999,328.88662850000003,196.37603000000001,-36.670496,-37.273724999999956,-38.38443600000002
-96.64436633333334,685.7915013333335,353.69293066666665,-212.6087065,539.6683370000001,86.6218375,-104.749589,328.2207355,193.153081,-36.73843600000001,-36.81470899999999,-38.76070200000001
-96.72028566666667,685.6616283333333,353.5504016666667,-212.4996495,540.4712645,85.80601300000001,-104.9873965,327.5770205,189.944593,-36.815335000000005,-36.35465899999997,-39.12056999999999
-96.79464066666667,685.533285,353.4115513333333,-212.3918195,541.259954,85.00896399999999,-105.2197405,326.95527549999997,186.75210449999997,-36.901381,-35.89403699999997,-39.463719
-96.86743366666667,685.4064863333333,353.27635833333335,-212.2852175,542.033993,84.23031900000001,-105.446508,326.3552595,183.577188,-36.996708,-35.43330900000001,-39.78989200000001
-96.93866833333334,685.2812423333334,353.1447983333333,-212.179828,542.7929775,83.46971450000001,-105.6676,325.7766955,180.421445,-37.101389999999995,-34.972939,-40.09889799999999
-97.00834966666666,685.15756,353.01684300000005,-212.075622,543.536515,82.7267975,-105.882936,325.21927400000004,177.2865,-37.21544,-34.513394000000005,-40.390619999999984
-97.07648333333334,685.035444,352.8924606666667,-211.9725565,544.264224,82.0012285,-106.09245,324.6826515,174.174,-37.33881199999999,-34.05513500000001,-40.665006000000005
-97.14307466666666,684.9148936666667,352.77161866666665,-211.8705735,544.9757365,81.2926825,-106.2960985,324.166453,171.085607,-37.471401,-33.59861599999999,-40.922078
-97.20813133333333,684.795906,352.65428,-211.7696075,545.6707005,80.6008495,-106.493856,323.670273,168.02299349999998,-37.61303600000001,-33.14428399999997,-41.16192700000002
-97.27166033333333,684.678475,352.540406,-211.669583,546.34878,79.925436,-106.6857225,323.19367450000004,164.98783650000001,-37.76348899999999,-32.69257499999998,-41.384715
-97.333671,684.5625913333333,352.4299556666667,-211.570417,547.009659,79.266166,-106.8717175,322.7361925,161.98181549999998,-37.92247499999999,-32.24391300000002,-41.590675000000005
-97.39417133333332,684.4482429999999,352.32288566666665,-211.47202249999998,547.6530395,78.62277900000001,-107.0518855,322.297335,159.0066035,-38.08964900000001,-31.79870599999998,-41.780103
-97.45317166666666,684.3354143333332,352.2191506666666,-211.37430899999998,548.278646,77.9950315,-107.226298,321.8765835,156.063863,-38.264613999999995,-31.35734500000001,-41.95336400000002
-97.51068133333332,684.2240883333334,352.1187036666667,-211.277185,548.8862275,77.38269650000001,-107.3950495,321.4733965,153.15524,-38.446923,-30.920207000000005,-42.110882000000004
-97.56671133333333,684.1142446666668,352.02149733333334,-211.1805615,549.475556,76.7855605,-107.558261,321.08721,150.282357,-38.63607999999999,-30.487645999999984,-42.25314
-97.62127266666668,684.0058613333334,351.92748,-211.084352,550.0464294999999,76.20342450000001,-107.71607900000001,320.717439,147.44681,-38.83155000000001,-30.059998000000007,-42.380675999999994
-97.674376,683.8989136666665,351.83660133333336,-210.9884735,550.5986735,75.636102,-107.8686745,320.363482,144.650158,-39.032757000000004,-29.637576000000024,-42.494078
-97.72603500000001,683.7933746666668,351.7488086666667,-210.892852,551.1321425,75.0834165,-108.016245,320.02472,141.893921,-39.239096,-29.220672000000036,-42.59397800000001
-97.77626099999999,683.6892170000001,351.66404966666664,-210.7974205,551.6467195,74.5452035,-108.15901149999999,319.700521,139.1795715,-39.44993100000001,-28.809559999999976,-42.68104699999999
-97.82506633333333,683.5864103333333,351.582269,-210.70212199999997,552.1423165000001,74.021303,-108.297216,319.3902415,136.508528,-39.664608000000015,-28.404483000000027,-42.755992000000006
-97.872464,683.4849233333333,351.50341266666663,-210.6069095,552.6188795,73.51156449999999,-108.43112500000001,319.0932295,133.882152,-39.882458,-28.005667000000017,-42.81954599999999
-97.91846833333334,683.3847233333332,351.427425,-210.5117495,553.0763815,73.0158405,-108.561023,318.8088255,131.301739,-40.10280200000001,-27.613316999999995,-42.87246600000002
-97.96309166666667,683.2857776666666,351.35424966666665,-210.416619,553.5148320000001,72.5339875,-108.6872115,318.53636700000004,128.768512,-40.32495900000001,-27.22760999999997,-42.91552399999999
-98.006349,683.1880516666666,351.2838306666667,-210.32151,553.934269,72.0658645,-108.8100095,318.27519,126.28361950000001,-40.54825100000001,-26.848705999999993,-42.94950300000001
-98.048253,683.0915100000001,351.2161116666667,-210.226427,554.334764,71.61133050000001,-108.9297485,318.024631,123.848128,-40.772009,-26.47673999999995,-42.975188
-98.08881933333333,682.996117,351.1510356666666,-210.131389,554.7164215,71.1702445,-109.046772,317.78403149999997,121.4630135,-40.99558200000001,-26.111829,-42.993363000000016
-98.128062,682.901837,351.0885456666667,-210.036428,555.079375,70.7424645,-109.161431,317.552738,119.1291645,-41.21833400000001,-25.754068000000018,-43.004802999999995
-98.16599666666666,682.808635,351.02858466666663,-209.9415885,555.4237929999999,70.3278455,-109.274081,317.3301075,116.847368,-41.43966,-25.40353300000004,-43.01027000000002
-98.202637,682.7164733333334,350.9710963333334,-209.84693099999998,555.7498725,69.92623950000001,-109.38508250000001,317.115506,114.618314,-41.658981,-25.060281999999972,-43.01050600000001
-98.23799966666667,682.625318,350.91602400000005,-209.7525255,556.0578419999999,69.537496,-109.494794,316.90831649999996,112.44258549999999,-41.875755999999996,-24.724355000000003,-43.006226999999996
-98.27209933333334,682.5351326666666,350.86331033333335,-209.6584555,556.3479585,69.16145900000001,-109.60357,316.707936,110.3206585,-42.089478000000014,-24.395778000000007,-42.99812499999999
-98.30495233333333,682.4458833333333,350.81290033333335,-209.564815,556.6205095,68.7979685,-109.711762,316.513781,108.25289899999999,-42.299684,-24.07455600000003,-42.98684999999999
-98.336574,682.3575353333333,350.764738,-209.47170699999998,556.8758075000001,68.4468605,-109.8197095,316.325289,106.23955900000001,-42.50595100000001,-23.760685999999964,-42.973022
-98.36698166666667,682.2700553333334,350.718767,-209.379246,557.1141925,68.10796500000001,-109.9277415,316.14191900000003,104.2807795,-42.70790299999999,-23.45414599999998,-42.957217
-98.396191,682.1834113333333,350.6749326666666,-209.2875515,557.336031,67.78110749999999,-110.03617349999999,315.96315549999997,102.37658400000001,-42.905210999999994,-23.154905000000042,-42.93996800000001
-98.42421966666666,682.097572,350.63317966666665,-209.196752,557.541712,67.466108,-110.145303,315.7885115,100.5268835,-43.09759,-22.862918999999977,-42.921761000000004
-98.451084,682.0125066666666,350.593455,-209.1069805,557.7316455,67.1627835,-110.25540849999999,315.6175235,98.73147349999999,-43.284803,-22.57813299999998,-42.903035
-98.47680166666667,681.928186,350.55570400000005,-209.0183735,557.9062655,66.87094400000001,-110.366748,315.44976199999996,96.9900375,-43.46665999999999,-22.300486000000035,-42.88417899999999
-98.50139,681.8445830000001,350.5198746666667,-208.9310715,558.0660224999999,66.5903945,-110.479555,315.284825,95.302148,-43.643012,-22.029901999999993,-42.865532
-98.52486800000001,681.76167,350.48591366666665,-208.8452165,558.2113865,66.320937,-110.5940405,315.122343,93.667269,-43.813759000000005,-21.76630399999999,-42.847381999999996
-98.54725333333333,681.6794226666666,350.45376966666663,-208.7609495,558.342843,66.0623675,-110.710387,314.96197900000004,92.084761,-43.978837999999996,-21.509604000000024,-42.82996800000001
-98.56856466666666,681.597817,350.42339066666665,-208.6784125,558.4608905,65.814479,-110.8287515,314.8034275,90.5538815,-44.138227,-21.259709000000043,-42.813479
-98.58882133333334,681.516831,350.3947266666667,-208.59774249999998,558.5660419999999,65.5770575,-110.949262,314.646417,89.0737945,-44.291938000000016,-21.016520000000014,-42.798057
-98.60804300000001,681.4364433333334,350.36772766666667,-208.51907649999998,558.6588200000001,65.3498865,-111.07202050000001,314.4907075,87.64357150000001,-44.44001900000001,-20.779937000000018,-42.78379299999999
-98.62624899999999,681.3566350000001,350.34234466666663,-208.4425425,558.7397555,65.132746,-111.197098,314.3360925,86.26219950000001,-44.58254600000001,-20.54985099999999,-42.77073700000001
-98.64346033333334,681.2773880000001,350.3185276666666,-208.368266,558.809388,64.9254095,-111.32453799999999,314.1823965,84.928586,-44.71962599999999,-20.326153000000033,-42.75889600000001
-98.65969666666666,681.1986866666667,350.29623033333337,-208.29636349999998,558.868262,64.727648,-111.45435650000002,314.0294755,83.6415685,-44.85138500000001,-20.108728999999983,-42.748237
-98.67498033333334,681.1205156666666,350.27540433333337,-208.226944,558.9169245,64.5392265,-111.586542,313.877215,82.39991549999999,-44.97797,-19.89746600000001,-42.738691
-98.68933133333333,681.0428623333333,350.25600299999996,-208.16010799999998,558.9559254999999,64.3599095,-111.7210575,313.7255295,81.2023415,-45.099551000000005,-19.69224700000001,-42.730153
-98.70277266666666,680.9657146666667,350.237981,-208.0959445,558.9858135,64.1894525,-111.85784050000001,313.57436299999995,80.04750849999999,-45.21630499999999,-19.492953999999997,-42.722493
-98.71532633333334,680.8890623333333,350.2212913333333,-208.034533,559.0071365,64.0276115,-111.996806,313.42368250000004,78.93403699999999,-45.32842400000001,-19.299466999999993,-42.71554999999999
-98.727015,680.8128966666667,350.205891,-207.975942,559.02044,63.874134999999995,-112.1378465,313.27348,77.8605145,-45.43610899999999,-19.11166800000001,-42.709145
-98.73786199999999,680.7372103333333,350.19173499999994,-207.920226,559.0262625,63.7287695,-112.28083600000001,313.123772,76.825498,-45.53956600000001,-18.929438000000005,-42.703078
-98.74788999999998,680.661998,350.178779,-207.8674285,559.025136,63.5912575,-112.42563000000001,312.974593,75.8275295,-45.63900600000001,-18.75265399999995,-42.69713899999999
-98.75712299999999,680.587254,350.1669813333333,-207.81758,559.0175859999999,63.461337,-112.572069,312.825998,74.8651385,-45.73463600000001,-18.58119800000003,-42.691101
-98.76558566666667,680.5129756666666,350.15629800000005,-207.77069749999998,559.0041269999999,63.338743,-112.7199805,312.67805799999996,73.9368515,-45.826671000000005,-18.414950000000033,-42.684741
-98.77330166666667,680.439161,350.14668800000004,-207.7267845,558.985264,63.2232075,-112.8691805,312.53085799999997,73.041199,-45.91531500000001,-18.253790000000038,-42.677824
-98.78029533333331,680.3658083333333,350.1381093333334,-207.685832,558.961487,63.114459499999995,-113.0194765,312.384498,72.1767225,-46.00077500000002,-18.0976,-42.670125000000006
-98.786592,680.292919,350.13052100000004,-207.647817,558.9332765,63.0122245,-113.1706695,312.2390855,71.341982,-46.08325100000002,-17.946258999999998,-42.66142
-98.79221633333333,680.2204933333334,350.1238826666667,-207.6127055,558.9010949999999,62.91622699999999,-113.32255749999999,312.094741,70.535562,-46.16293499999999,-17.799648000000047,-42.651498000000004
-98.79719333333333,680.1485333333334,350.118154,-207.5804485,558.8653915,62.826189,-113.474934,311.9515895,69.756077,-46.240016,-17.657650999999987,-42.640158
-98.80154866666668,680.0770426666667,350.113296,-207.5509865,558.826597,62.741832,-113.6275935,311.80976150000004,69.0021795,-46.314673,-17.520149000000004,-42.627215
-98.80530766666668,680.0060246666667,350.10926900000004,-207.524249,558.785126,62.662876499999996,-113.7803325,311.669394,68.2725595,-46.387079,-17.387023999999997,-42.612503000000004
-98.80849533333333,679.935485,350.1060353333334,-207.500154,558.7413750000001,62.589042000000006,-113.9329485,311.530624,67.5659565,-46.457396999999986,-17.25815799999998,-42.595877
-98.81113699999999,679.8654280000001,350.1035563333333,-207.478611,558.695721,62.520052,-114.08524450000002,311.39359,66.881158,-46.525783000000004,-17.133436000000017,-42.577214
-98.813259,679.7958600000001,350.10179466666665,-207.4595195,558.6485225,62.455628000000004,-114.23702800000001,311.25843150000003,66.2170055,-46.59238599999999,-17.01274099999995,-42.55641299999999
-98.814887,679.7267873333333,350.100714,-207.4427725,558.6001174999999,62.39549649999999,-114.3881145,311.1252865,65.572397,-46.65734300000001,-16.89595700000001,-42.53340200000001
-98.81604533333332,679.6582163333334,350.10027766666667,-207.42825499999998,558.550824,62.3393855,-114.5383225,310.994289,64.94628700000001,-46.72078500000001,-16.782970000000034,-42.508132
-98.81676,679.590155,350.10045033333336,-207.41584799999998,558.50094,62.2870285,-114.6874815,310.86557300000004,64.337694,-46.78283300000001,-16.67366599999997,-42.480578
-98.81705700000002,679.5226106666668,350.10119633333335,-207.405426,558.4507415,62.2381625,-114.8354255,310.7392655,63.745695999999995,-46.843603,-16.567930999999987,-42.450748
-98.81696033333333,679.455591,350.10248199999995,-207.3968625,558.400487,62.192533,-114.9819965,310.61548949999997,63.169433999999995,-46.903199,-16.465655000000027,-42.418665999999995
-98.81649566666665,679.3891036666665,350.10427333333337,-207.390027,558.3504105,62.1498895,-115.12704249999999,310.49436449999996,62.6081125,-46.961719,-16.366727000000026,-42.384384999999995
-98.81568799999998,679.323157,350.10653699999995,-207.3847905,558.3007275,62.1099905,-115.2704195,310.37600150000003,62.060997,-47.01925299999999,-16.27104300000002,-42.34798000000001
-98.81456133333332,679.2577586666666,350.1092403333334,-207.3810225,558.2516330000001,62.072604,-115.41198700000001,310.260506,61.527415999999995,-47.07588,-16.178494,-42.309546
-98.81314033333332,679.192917,350.11235200000004,-207.37859450000002,558.2033015,62.0375065,-115.5516105,310.147978,61.00675700000001,-47.13167899999999,-16.088979999999992,-42.269196
-98.811449,679.12864,350.11584066666666,-207.37738050000002,558.155887,62.004484500000004,-115.68916050000001,310.03850650000004,60.498466500000006,-47.18671300000001,-16.002403000000015,-42.227061
-98.809511,679.064935,350.11967599999997,-207.37725799999998,558.1095250000001,61.9733365,-115.82450850000001,309.932177,60.002048,-47.241045,-15.918665999999973,-42.18328399999999
-98.80734933333333,679.0018093333333,350.1238283333333,-207.3781095,558.0643315,61.943871,-115.957531,309.8290645,59.5170585,-47.294726,-15.837680999999975,-42.138019
-98.80498733333333,678.939271,350.1282683333333,-207.3798215,558.0204034999999,61.915910499999995,-116.08810450000001,309.729236,59.0431045,-47.34780500000001,-15.75936200000001,-42.091429
-98.80244666666665,678.8773259999999,350.13296833333334,-207.38228850000002,557.977821,61.889289,-116.21610749999999,309.6327505,58.5798445,-47.400323,-15.683628999999996,-42.043683
-98.79975,678.8159820000001,350.13790033333333,-207.38540949999998,557.9366454999999,61.8638525,-116.341417,309.53965800000003,58.126977000000004,-47.452314,-15.61040799999995,-41.99495
-98.79691866666667,678.7552440000001,350.14303666666666,-207.389093,557.8969219999999,61.839462499999996,-116.463912,309.4499995,57.6842455,-47.50380799999999,-15.539630999999986,-41.945403
-98.793973,678.6951186666666,350.14835266666665,-207.39325350000001,557.8586805,61.815991499999996,-116.58346800000001,309.363807,57.251428000000004,-47.554829999999995,-15.471237999999971,-41.895206
-98.790934,678.6356103333334,350.153822,-207.39781499999998,557.8219345,61.793327500000004,-116.6999625,309.2811035,56.828338,-47.605401000000015,-15.405173000000048,-41.84452400000001
-98.78782133333334,678.5767246666667,350.15942033333334,-207.40270800000002,557.7866845000001,61.771369,-116.8132685,309.20190249999996,56.414818,-47.655539000000005,-15.341390999999987,-41.79351
-98.78465333333334,678.5184653333334,350.1651233333334,-207.407873,557.752916,61.75003,-116.92326,309.1262085,56.01073699999999,-47.705256000000006,-15.279853000000003,-41.742309999999996
-98.78144933333333,678.4608353333333,350.170908,-207.41325799999998,557.720603,61.7292355,-117.029808,309.0540175,55.61598599999999,-47.754564000000016,-15.22052500000001,-41.691055999999996
-98.77822666666668,678.4038386666666,350.1767516666667,-207.41881899999998,557.689708,61.7089235,-117.13278600000001,308.98531449999996,55.230474,-47.80347200000001,-15.163385000000005,-41.63987
-98.77500333333334,678.3474759999999,350.1826326666667,-207.4245215,557.6601825,61.6890435,-117.2320635,308.9200775,54.854124999999996,-47.851984999999985,-15.108415000000036,-41.588854
-98.77179533333333,678.29175,350.1885293333333,-207.4303375,557.6319675,61.669554500000004,-117.32751250000001,308.8582755,54.4868745,-47.900110999999995,-15.055607000000009,-41.538103
-98.76861866666667,678.2366616666667,350.19442200000003,-207.43624599999998,557.6049965,61.6504285,-117.419007,308.7998675,54.128666,-47.94785399999999,-15.00495699999999,-41.487688000000006
-98.76548866666667,678.1822096666667,350.20029066666666,-207.44223399999998,557.579196,61.631643499999996,-117.50642149999999,308.74480600000004,53.779447000000005,-47.995221,-14.956470000000024,-41.437670000000004
-98.76242033333334,678.128394,350.2061153333334,-207.448295,557.5544845,61.6131895,-117.58963449999999,308.6930355,53.439168499999994,-48.042214999999985,-14.910155000000032,-41.388090999999996
-98.75942666666667,678.075213,350.211879,-207.4544265,557.5307755,61.595060000000004,-117.668529,308.6444925,53.1077785,-48.088842,-14.866029000000026,-41.33897900000001
-98.75652133333334,678.0226646666666,350.21756366666665,-207.4606335,557.507979,61.577259,-117.74299300000001,308.599107,52.785223,-48.13511000000001,-14.824110000000019,-41.290346
-98.753717,677.970746,350.22315133333336,-207.4669235,557.4860005,61.5597925,-117.8129205,308.55680299999995,52.471442499999995,-48.181025000000005,-14.784424000000001,-41.242188999999996
-98.75102566666665,677.9194526666666,350.2286266666667,-207.4733085,557.464744,61.542674000000005,-117.8782145,308.5174975,52.166371500000004,-48.226595,-14.746999000000017,-41.194495
-98.74845866666665,677.8687803333333,350.2339733333333,-207.479804,557.4441125000001,61.525919,-117.93878649999999,308.4811035,51.869932,-48.27182900000001,-14.711860999999999,-41.14723600000001
-98.74602599999999,677.8187233333333,350.2391763333333,-207.486427,557.424008,61.509544500000004,-117.99455750000001,308.4475285,51.5820405,-48.316737,-14.67904100000004,-41.100376999999995
-98.74373800000001,677.769277,350.244221,-207.493196,557.404333,61.4935705,-118.04545949999999,308.4166765,51.302597,-48.36133099999999,-14.648569000000009,-41.053872
-98.74160366666666,677.7204333333334,350.2490936666666,-207.500131,557.384992,61.4780175,-118.09143700000001,308.38844700000004,51.031494,-48.40562000000001,-14.620475999999996,-41.007670000000005
-98.73963266666668,677.6721856666667,350.25378133333334,-207.507251,557.3658925,61.46290449999999,-118.13244700000001,308.362738,50.768608,-48.449616000000006,-14.594784000000004,-40.961714
-98.73783166666665,677.624526,350.2582703333333,-207.51457449999998,557.346944,61.4482495,-118.168461,308.3394435,50.5138035,-48.493329999999986,-14.571521000000018,-40.91594500000001
-98.73620899999999,677.5774463333333,350.2625496666667,-207.52211799999998,557.3280595,61.4340695,-118.19946350000001,308.318458,50.2669325,-48.536773,-14.550703999999996,-40.870301
-98.734772,677.5309373333333,350.26660666666663,-207.529898,557.3091589999999,61.4203775,-118.22545500000001,308.29967150000004,50.027832499999995,-48.579954,-14.53234500000002,-40.824721
-98.73352633333332,677.4849903333333,350.270432,-207.5379255,557.2901655000001,61.4071835,-118.24645,308.28297699999996,49.796329,-48.62287999999998,-14.516452000000015,-40.77914799999999
-98.732479,677.4395949999999,350.27401366666663,-207.5462105,557.2710075,61.394494,-118.26248,308.2682635,49.572234,-48.665558000000004,-14.50302499999998,-40.733524
-98.731635,677.3947426666667,350.2773426666667,-207.5547575,557.251621,61.3823115,-118.27359000000001,308.25542299999995,49.3553485,-48.707992000000004,-14.492055999999991,-40.68780099999999
-98.73099966666666,677.350422,350.28041,-207.5635675,557.231948,61.3706315,-118.279842,308.2443465,49.1454625,-48.75018399999999,-14.483528999999976,-40.64193300000001
-98.73057733333333,677.306623,350.2832066666667,-207.572637,557.2119365,61.359448,-118.28131350000001,308.234926,48.942355,-48.79213299999999,-14.477416000000005,-40.595884
-98.73037199999999,677.2633346666667,350.2857246666667,-207.5819575,557.191541,61.348746999999996,-118.278095,308.2270545,48.745796,-48.833833999999996,-14.473682999999994,-40.549623999999994
-98.73038833333332,677.2205473333332,350.28795633333334,-207.5915155,557.1707255,61.33851,-118.270293,308.2206275,48.555546500000005,-48.875280000000004,-14.472285,-40.503131
-98.73062966666664,677.1782489999999,350.28989466666667,-207.6012915,557.149458,61.328713500000006,-118.2580275,308.2155395,48.371361,-48.91646300000001,-14.47316699999999,-40.45639200000001
-98.73109866666668,677.13643,350.2915326666666,-207.6112625,557.127716,61.3193285,-118.2414315,308.21169050000003,48.192988,-48.957368999999986,-14.47626299999996,-40.40940599999999
-98.73179833333334,677.0950793333333,350.2928646666667,-207.6213975,557.1054825,61.310321,-118.22064950000001,308.2089795,48.0201705,-48.99798299999999,-14.48150099999998,-40.362173
-98.73273166666667,677.0541863333333,350.293885,-207.6316625,557.082748,61.301652499999996,-118.195837,308.2073085,47.852648,-49.038286,-14.488796999999977,-40.31471
-98.73390066666667,677.01374,350.29458900000003,-207.6420175,557.0595095,61.293278,-118.16716249999999,308.206583,47.690157,-49.07825899999999,-14.49806000000001,-40.26703599999999
-98.73530666666666,676.9737306666667,350.2949716666667,-207.6524195,557.0357695,61.2851505,-118.1347995,308.2067085,47.532432,-49.11787899999999,-14.509188999999992,-40.219178
-98.73695233333332,676.9341476666667,350.2950283333333,-207.66281800000002,557.0115395,61.277218000000005,-118.09893199999999,308.2075955,47.3792095,-49.15712599999999,-14.52207900000002,-40.171170999999994
-98.73883866666665,676.894982,350.294756,-207.6731615,556.986834,61.2694245,-118.0597505,308.209156,47.230223499999994,-49.195972999999995,-14.53661599999998,-40.12305299999999
-98.74096766666666,676.8562226666668,350.29415166666666,-207.6833925,556.9616735,61.261713,-118.0174495,308.2113045,47.085212,-49.234398999999996,-14.552681000000007,-40.074868
-98.743339,676.817861,350.29321166666665,-207.69345249999998,556.9360845,61.25402,-117.97223,308.2139595,46.9439155,-49.27238,-14.570153000000005,-40.026661
-98.74595433333333,676.7798883333334,350.2919336666667,-207.7032805,556.9100980000001,61.2462845,-117.9242945,308.21704250000005,46.806076999999995,-49.309893,-14.588907000000006,-39.978482
-98.748814,676.742295,350.290316,-207.71281199999999,556.8837484999999,61.238440499999996,-117.873848,308.2204775,46.671446,-49.34691999999998,-14.608811000000003,-39.930378
-98.75191866666667,676.7050743333333,350.28835733333335,-207.72198450000002,556.8570745,61.2304235,-117.82109550000001,308.2241935,46.539777,-49.383443000000014,-14.629738999999972,-39.882397999999995
-98.75526833333333,676.6682173333334,350.2860556666667,-207.7307315,556.8301200000001,61.2221665,-117.7662425,308.228122,46.410828,-49.419444999999996,-14.651560000000018,-39.834590000000006
-98.75886366666667,676.6317169999999,350.2834103333333,-207.73899,556.8029285,61.213603500000005,-117.709492,308.2321985,46.2843685,-49.454916,-14.67414500000001,-39.78699900000001
-98.76270433333333,676.5955673333334,350.28042166666665,-207.74669699999998,556.775549,61.2046705,-117.65104550000001,308.236363,46.160171500000004,-49.48984700000001,-14.697367999999983,-39.739665
-98.76678966666667,676.5597616666666,350.277088,-207.75379149999998,556.7480310000001,61.1953015,-117.59110150000001,308.2405605,46.038021,-49.52423499999999,-14.721105000000023,-39.69262799999999
-98.77112033333333,676.5242943333334,350.2734116666666,-207.76021500000002,556.720427,61.1854345,-117.529853,308.24474,45.9177065,-49.55807799999998,-14.745234000000039,-39.645921
-98.77569466666667,676.4891613333333,350.269391,-207.765914,556.6927895,61.1750095,-117.4674885,308.248855,45.7990285,-49.59138100000001,-14.769637999999986,-39.59957300000001
-98.780513,676.4543573333334,350.26502899999997,-207.77083649999997,556.6651735,61.163968000000004,-117.404193,308.252865,45.681797,-49.62415200000001,-14.794208000000026,-39.553608
-98.78557366666666,676.4198793333334,350.26032566666663,-207.7749375,556.6376325,61.152255999999994,-117.34014199999999,308.2567335,45.565831,-49.656402,-14.818839000000025,-39.50804600000001
-98.79087699999998,676.3857253333332,350.25528333333335,-207.7781765,556.610223,61.139821,-117.2755075,308.260431,45.450959000000005,-49.688147000000015,-14.843428000000017,-39.462900000000005
-98.79642066666668,676.3518926666667,350.249904,-207.78052,556.5829985,61.1266155,-117.2104545,308.263932,45.3370215,-49.719404999999995,-14.867885999999999,-39.418178999999995
-98.802204,676.3183803333333,350.2441893333334,-207.7819395,556.5560145,61.112596,-117.1451395,308.2672175,45.223868,-49.750197,-14.892123000000026,-39.37389
-98.80822533333333,676.285188,350.23814266666665,-207.78241400000002,556.5293240000001,61.0977225,-117.079714,308.2702745,45.111359,-49.780547999999996,-14.916060999999956,-39.330034
-98.81448333333333,676.252316,350.2317666666667,-207.78193199999998,556.5029795,61.08196,-117.01432100000001,308.273094,44.99936700000001,-49.81048200000001,-14.939628000000027,-39.28660800000001
-98.82097600000002,676.219766,350.2250649999999,-207.7804855,556.477032,61.065279000000004,-116.9490975,308.2756745,44.887775,-49.840027000000006,-14.962759000000005,-39.243610000000004
-98.827702,676.1875403333333,350.218041,-207.7780775,556.4515309999999,61.0476545,-116.884173,308.27801850000003,44.776477,-49.869208000000015,-14.985396999999978,-39.20103399999999
-98.83465933333332,676.1556420000001,350.2106983333333,-207.7747175,556.426524,61.0290665,-116.8196715,308.28013450000003,44.66538,-49.898053000000004,-15.007487000000026,-39.158874
-98.84184499999999,676.1240743333334,350.2030413333334,-207.7704235,556.402056,61.009501,-116.7557095,308.282036,44.5544025,-49.926586999999984,-15.028988000000027,-39.11712300000001
-98.849258,676.0928423333334,350.195074,-207.76522,556.3781690000001,60.988946999999996,-116.692398,308.2837395,44.443473,-49.954834000000005,-15.049861000000021,-39.075776000000005
-98.85689466666666,676.0619513333334,350.1868016666667,-207.759139,556.354903,60.96740249999999,-116.629843,308.28526750000003,44.3325355,-49.982816,-15.070073000000036,-39.034831
-98.864754,676.0314086666666,350.17822900000004,-207.75222050000002,556.332294,60.944868,-116.5681445,308.286644,44.221545,-50.01055099999999,-15.089597999999967,-38.994286
-98.87283166666667,676.00122,350.16936100000004,-207.7445105,556.3103745000001,60.921351,-116.50739800000001,308.2878965,44.110468999999995,-50.03805800000001,-15.10841499999998,-38.954142
-98.881126,675.9713946666667,350.16020299999997,-207.736062,556.2891745,60.8968635,-116.447694,308.2890555,43.9992875,-50.06534400000001,-15.126508999999999,-38.91440899999999
-98.88963333333334,675.94194,350.15076033333327,-207.726932,556.2687185,60.87142300000001,-116.38912099999999,308.290151,43.887992999999994,-50.09241999999999,-15.143866000000003,-38.875094
-98.898351,675.9128666666667,350.14103900000003,-207.717184,556.2490275,60.845053500000006,-116.3317625,308.2912145,43.7765925,-50.11928899999998,-15.160481000000004,-38.836213
-98.90727500000001,675.8841843333333,350.13104433333336,-207.706883,556.230118,60.81778249999999,-116.2756985,308.292277,43.6651045,-50.14594899999999,-15.176350000000014,-38.797787
-98.916403,675.855904,350.120783,-207.696101,556.2120005,60.789643,-116.22100700000001,308.293367,43.5535605,-50.17239400000001,-15.191469999999981,-38.759841
-98.92573033333332,675.8280370000001,350.110261,-207.68491,556.1946825,60.760673,-116.16776399999999,308.29451300000005,43.442004,-50.19861399999999,-15.205846000000008,-38.722406
-98.93525366666667,675.800596,350.0994846666667,-207.673384,556.1781655,60.7309155,-116.116044,308.2957365,43.3304915,-50.224593999999996,-15.21948100000003,-38.685517000000004
-98.94496833333334,675.773593,350.08845933333333,-207.6615985,556.1624449999999,60.7004175,-116.06591850000001,308.2970585,43.21909,-50.250313000000006,-15.232383000000027,-38.649214
-98.95486999999999,675.7470416666666,350.07719266666663,-207.649628,556.1475125,60.669230500000005,-116.017457,308.2984925,43.1078795,-50.27574799999999,-15.244558999999981,-38.613541
-98.96495433333332,675.720956,350.06569099999996,-207.63754749999998,556.1333529999999,60.637409500000004,-115.9707305,308.3000475,42.996948,-50.30087300000001,-15.256021000000032,-38.578548
-98.97521533333334,675.695351,350.0539596666667,-207.6254285,556.119946,60.6050135,-115.92580650000001,308.3017255,42.8863955,-50.32565500000001,-15.266778999999985,-38.54428300000001
-98.98564866666668,675.6702393333334,350.042007,-207.61334,556.1072665,60.572104499999995,-115.88275150000001,308.3035215,42.77633,-50.350061,-15.27684499999998,-38.510802
-98.99624766666666,675.6456373333334,350.0298383333334,-207.6013495,556.0952844999999,60.5387485,-115.8416325,308.30542149999997,42.666866999999996,-50.374055,-15.286232999999982,-38.47816
-99.00700633333332,675.6215606666666,350.01746133333336,-207.589519,556.0839625,60.505013500000004,-115.802513,308.30740549999996,42.558127,-50.39760000000001,-15.294955000000016,-38.44641
-99.01791733333334,675.5980246666667,350.004882,-207.57790599999998,556.073261,60.4709695,-115.765457,308.30944350000004,42.4502385,-50.420658,-15.303026999999986,-38.415607
-99.028975,675.5750443333333,349.992108,-207.5665635,556.0631335,60.4366885,-115.730526,308.3114975,42.343331,-50.443188000000006,-15.310460999999975,-38.385806
-99.04017033333332,675.5526376666667,349.979145,-207.5555375,556.053531,60.402245,-115.6977805,308.3135215,42.237537,-50.46515299999999,-15.317274999999995,-38.357054
-99.05149566666667,675.5308186666667,349.966001,-207.544869,556.044399,60.367712499999996,-115.66727800000001,308.315462,42.132988999999995,-50.486514000000014,-15.323481999999956,-38.3294
-99.06294266666667,675.5096046666666,349.95268200000004,-207.534594,556.0356795,60.3331675,-115.6390745,308.3172565,42.0298185,-50.507237,-15.329098999999985,-38.302881
-99.07450166666666,675.4890123333333,349.9391953333334,-207.52474,556.0273139999999,60.298685000000006,-115.61322100000001,308.3188375,41.928154,-50.52728800000001,-15.334140999999988,-38.277534
-99.086164,675.4690573333334,349.9255473333333,-207.5153295,556.0192380000001,60.264340000000004,-115.58976700000001,308.3201295,41.828119,-50.54663600000001,-15.338624999999979,-38.25338599999999
-99.09791833333334,675.449756,349.911746,-207.50637799999998,556.011388,60.2302065,-115.5687565,308.321054,41.729828499999996,-50.565253,-15.342568000000028,-38.230455
-99.10975433333334,675.4311243333333,349.89779733333336,-207.497896,556.003698,60.1963575,-115.5502295,308.3215275,41.6333925,-50.583121000000006,-15.345989000000031,-38.20875100000001
-99.12166133333334,675.413179,349.883709,-207.4898865,555.9961025,60.1628645,-115.53422,308.321463,41.5389095,-50.60021999999999,-15.348906,-38.188271
-99.13362766666667,675.3959346666667,349.86948766666666,-207.482349,555.988535,60.1297955,-115.5207565,308.320775,41.4464665,-50.616539,-15.351339999999993,-38.16900700000001
-99.14564066666667,675.3794073333333,349.8551403333334,-207.475277,555.9809319999999,60.0972175,-115.5098585,308.31937700000003,41.3561395,-50.632073000000005,-15.353312000000017,-38.150931
-99.15768766666667,675.363612,349.840675,-207.4686595,555.9732300000001,60.06519300000001,-115.501541,308.3171835,41.26799,-50.646822,-15.354844999999955,-38.134008
-99.169756,675.3485636666666,349.8260983333333,-207.46248250000002,555.96537,60.033782,-115.49580900000001,308.314115,41.182066,-50.66079400000001,-15.355964000000029,-38.11819200000001
-99.18183166666665,675.3342763333334,349.811418,-207.456727,555.9572955,60.0030405,-115.492657,308.3100965,41.0984015,-50.674004,-15.356695000000002,-38.103419
-99.19390066666666,675.3207636666666,349.79664066666663,-207.451373,555.9489545,59.973019,-115.4920725,308.30506049999997,41.017013500000004,-50.68647499999999,-15.357066999999972,-38.089615
-99.20594799999999,675.3080393333333,349.781775,-207.44639949999998,555.9403004999999,59.9437655,-115.4940295,308.2989475,40.9379085,-50.69823499999998,-15.357113000000027,-38.076693000000006
-99.21795966666667,675.2961153333334,349.76682733333337,-207.4417825,555.9312924999999,59.9153215,-115.49849400000001,308.2917095,40.861075,-50.70932400000001,-15.356865000000028,-38.064554
-99.22991966666666,675.285004,349.7518056666667,-207.4374995,555.9218960000001,59.887725,-115.5054175,308.283311,40.78649,-50.71978499999999,-15.356358,-38.053084
-99.24181133333333,675.2747173333333,349.73671800000005,-207.433527,555.9120849999999,59.8610075,-115.51474100000001,308.273728,40.714119,-50.72967200000001,-15.355632000000014,-38.04216
-99.25361966666667,675.2652646666667,349.7215716666667,-207.4298435,555.90184,59.835196499999995,-115.5263935,308.2629535,40.643913999999995,-50.739047,-15.354728999999963,-38.031648
-99.26532666666667,675.2566556666667,349.70637400000004,-207.42642949999998,555.8911505,59.810314000000005,-115.540289,308.2509955,40.5758215,-50.747975999999994,-15.353693000000021,-38.021401
-99.27691599999999,675.2488993333333,349.6911336666667,-207.4232685,555.880015,59.7863765,-115.5563325,308.237877,40.5097785,-50.75653699999998,-15.352569999999957,-38.011269
-99.28837,675.2420040000001,349.6758576666666,-207.4203465,555.8684424999999,59.763396,-115.57441299999999,308.2236415,40.445718,-50.76481,-15.35140899999999,-38.001086
-99.29967099999999,675.2359753333334,349.6605543333333,-207.4176535,555.85645,59.7413795,-115.594409,308.2083465,40.383570999999996,-50.772887999999995,-15.35026300000004,-37.990684
-99.31080000000001,675.2308203333333,349.6452316666667,-207.415185,555.8440665,59.720329500000005,-115.6161865,308.19207,40.3232685,-50.780865000000006,-15.349182000000042,-37.979891
-99.32173933333333,675.2265433333333,349.62989666666664,-207.412941,555.8313285,59.700241500000004,-115.639601,308.17490699999996,40.264744,-50.788844,-15.348226000000011,-37.968524
-99.33246933333334,675.2231476666666,349.614558,-207.41092700000002,555.8182875,59.681110499999996,-115.6644965,308.15697,40.207938,-50.796932999999996,-15.34744999999998,-37.956404000000006
-99.34297199999999,675.2206366666667,349.5992233333333,-207.4091545,555.8050015,59.6629255,-115.6907085,308.13838699999997,40.1527985,-50.80524700000001,-15.346912000000032,-37.943345
-99.35322766666667,675.2190116666667,349.58390099999997,-207.407643,555.7915419999999,59.64567100000001,-115.7180645,308.1193045,40.099284,-50.81390299999998,-15.346671000000015,-37.929164
-99.36321633333334,675.218273,349.5685983333333,-207.406416,555.7779885,59.6293295,-115.7463865,308.09988250000004,40.047368,-50.82302499999999,-15.346789000000001,-37.913678000000004
-99.37291933333334,675.21842,349.55332433333325,-207.4055075,555.7644335,59.613879000000004,-115.77549149999999,308.08029450000004,39.99704,-50.832740999999984,-15.347323000000017,-37.896706
-99.38231633333334,675.2194506666666,349.538086,-207.4049575,555.7509785,59.5992955,-115.8051935,308.060727,39.9483085,-50.843179000000006,-15.348336000000018,-37.878068999999996
-99.39138866666667,675.2213623333333,349.5228923333334,-207.4048155,555.737736,59.585552,-115.83530950000001,308.041376,39.901199500000004,-50.85447500000001,-15.349883999999975,-37.857593
-99.40011533333332,675.224151,349.50775066666665,-207.4051385,555.724828,59.5726195,-115.8656555,308.022447,39.855762999999996,-50.86676299999999,-15.352028000000018,-37.835112
-99.408477,675.2278110000001,349.492669,-207.4059925,555.7123875,59.560466000000005,-115.89605650000001,308.004153,39.812070999999996,-50.880183,-15.354821999999956,-37.810462
-99.416454,675.232336,349.477656,-207.4074545,555.7005565,59.549057499999996,-115.9263455,307.98671,39.7702195,-50.894869000000014,-15.358321999999987,-37.783491
-99.42402699999998,675.2377193333333,349.46271899999994,-207.409609,555.689486,59.538359,-115.9563685,307.97033650000003,39.730327,-50.91096299999998,-15.36257900000004,-37.754052
-99.43117666666666,675.2439516666667,349.44786700000003,-207.412552,555.6793375,59.528332000000006,-115.9859855,307.95525399999997,39.692538,-50.928601,-15.36764199999999,-37.72200600000001
-99.437883,675.2510236666667,349.43310733333334,-207.41639,555.6702805,59.518936,-116.0150805,307.941679,39.6570175,-50.94792099999998,-15.373558000000003,-37.687225
-99.44412699999998,675.2589243333333,349.41844799999996,-207.4212395,555.662495,59.510130000000004,-116.043558,307.9298255,39.623954,-50.969054,-15.380370999999968,-37.649594
-99.44988966666666,675.2676419999999,349.40389766666664,-207.427228,555.6561675,59.501870000000004,-116.071353,307.91990050000004,39.5935555,-50.992132,-15.388115000000028,-37.609003
-99.45515366666666,675.2771636666666,349.389463,-207.434496,555.651494,59.494108,-116.098432,307.912103,39.5660495,-51.01728200000001,-15.396828000000028,-37.565357000000006
-99.45989866666666,675.287475,349.375153,-207.4431945,555.6486805,59.4867965,-116.1247985,307.9066215,39.5416785,-51.044619,-15.40653900000001,-37.518571
-99.46410900000001,675.2985620000001,349.36097566666666,-207.4534855,555.6479375,59.479882,-116.150498,307.903632,39.520698,-51.074259999999995,-15.417271999999969,-37.468576
-99.467766,675.3104079999999,349.3469373333333,-207.46554400000002,555.6494875000001,59.473310999999995,-116.1756205,307.9032955,39.5033755,-51.10630499999999,-15.429047000000025,-37.415311
-99.47085299999999,675.3229953333333,349.3330466666667,-207.479558,555.653558,59.467023999999995,-116.20030700000001,307.9057585,39.4899835,-51.140850000000015,-15.441878999999972,-37.358733
-99.47335333333335,675.3363066666667,349.31931099999997,-207.4957245,555.6603845,59.4609595,-116.2247515,307.91114849999997,39.480796999999995,-51.177972999999994,-15.45577499999996,-37.298809999999996
