Sh_x,Sh_y,Sh_z,El_x,El_y,El_z,Wr_x,Wr_y,Wr_z,WrVec_x,WrVec_y,WrVec_z
-70.33446266666665,525.648677,303.45687599999997,-211.9061495,392.8508055,21.873963,-95.433331,165.23979450000002,43.8591905,-70.578632,-37.69689500000001,-2.684644999999996
-70.27093,525.590394,303.478012,-211.94887999999997,392.7404835,21.9258585,-95.305839,165.1954475,43.911905,-70.51648800000001,-37.73635100000001,-2.9727859999999993
-70.20993566666665,525.5369770000001,303.49915200000004,-211.9911845,392.635281,21.976579,-95.1770035,165.160398,44.0071055,-70.453317,-37.777694000000025,-3.2550530000000037
-70.15150033333333,525.4886396666667,303.52036300000003,-212.033242,392.535326,22.026493,-95.04641900000001,165.13556699999998,44.147168,-70.38925400000001,-37.82106999999999,-3.530614
-70.09564166666667,525.4455936666667,303.54171533333334,-212.0752355,392.440752,22.075968,-94.913699,165.1218965,44.3344555,-70.32442,-37.866623000000004,-3.7987210000000005
-70.04237366666666,525.4080486666667,303.5632846666667,-212.117356,392.351697,22.125373500000002,-94.7784795,165.1203505,44.571301000000005,-70.25893500000001,-37.91449699999998,-4.058714000000002
-69.991707,525.3762109999999,303.58515000000006,-212.1597975,392.2683025,22.175075,-94.64041700000001,165.1319095,44.8599955,-70.19290600000001,-37.964834999999994,-4.310016999999995
-69.94364866666666,525.3502843333334,303.6073953333333,-212.202756,392.1907135,22.2254355,-94.499189,165.15757150000002,45.2027675,-70.12642799999999,-38.01778299999998,-4.552153000000004
-69.89820199999998,525.330469,303.630106,-212.2464275,392.11907599999995,22.276815499999998,-94.354499,165.1983475,45.601772499999996,-70.05958199999999,-38.07349100000002,-4.784731000000001
-69.855367,525.3169613333333,303.65337300000004,-212.29100699999998,392.05353649999995,22.329572,-94.20607000000001,165.255258,46.059074499999994,-69.99243600000001,-38.132112000000006,-5.007455
-69.81514033333333,525.3099540000001,303.67729,-212.33668649999998,391.994242,22.384056,-94.0536505,165.3293305,46.5766335,-69.92503699999999,-38.193803,-5.220118999999997
-69.77751366666668,525.3096353333333,303.701954,-212.38365249999998,391.9413365,22.440618,-93.89701199999999,165.42159800000002,47.1562895,-69.857412,-38.25872799999999,-5.422599000000005
-69.742477,525.3161909999999,303.72746466666666,-212.432087,391.8949605,22.4996035,-93.735949,165.5330915,47.799751,-69.78957400000002,-38.32705300000001,-5.614856000000003
-69.710015,525.329798,303.753924,-212.482163,391.85524699999996,22.561354,-93.57028050000001,165.6648395,48.508582000000004,-69.721507,-38.398955,-5.796923999999997
-69.68011000000001,525.350633,303.781437,-212.534044,391.82232450000004,22.62621,-93.3998485,165.8178625,49.2841885,-69.653179,-38.47461100000001,-5.9689049999999995
-69.65273866666668,525.3788646666667,303.8101096666667,-212.587884,391.796311,22.6945105,-93.2245175,165.99316850000002,50.127812,-69.584533,-38.554204999999996,-6.130966000000001
-69.62787633333333,525.414657,303.8400503333333,-212.643824,391.777311,22.766592,-93.0441755,166.1917505,51.040518,-69.515491,-38.637923,-6.283321999999998
-69.60549433333334,525.458168,303.871369,-212.70199200000002,391.7654175,22.842792,-92.858734,166.4145795,52.0231885,-69.445952,-38.725953000000004,-6.4262390000000025
-69.58555866666666,525.5095500000001,303.904176,-212.7625005,391.76070649999997,22.923447499999998,-92.66812350000001,166.6626,53.076518,-69.375795,-38.81848600000001,-6.5600160000000045
-69.568034,525.5689486666666,303.9385833333333,-212.825447,391.7632355,23.008899500000002,-92.472298,166.93672800000002,54.201004999999995,-69.304878,-38.91570800000002,-6.684980000000003
-69.552881,525.6365040000001,303.9747016666667,-212.89091100000002,391.77304300000003,23.099487500000002,-92.271231,167.2378425,55.3969525,-69.23303999999999,-39.01780100000002,-6.8014810000000026
-69.54005566666667,525.712348,304.012643,-212.9589525,391.790143,23.1955575,-92.0649155,167.566783,56.664463,-69.160101,-39.124945999999994,-6.909877999999999
-69.529513,525.7966070000001,304.05251866666663,-213.0296145,391.814526,23.297456999999998,-91.8533635,167.92434400000002,58.0034415,-69.08586700000001,-39.237312,-7.010535000000004
-69.521203,525.8893993333334,304.094439,-213.102918,391.8461555,23.4055385,-91.636603,168.3112725,59.413593000000006,-69.01013,-39.35505699999999,-7.103816000000002
-69.51507333333335,525.9908356666666,304.138513,-213.1788615,391.8849665,23.5201605,-91.4146815,168.72825749999998,60.8944275,-68.932669,-39.478329,-7.190071000000003
-69.51106833333333,526.1010190000001,304.18484800000004,-213.25742300000002,391.9308645,23.6416845,-91.187658,169.1759345,62.4452615,-68.85325600000002,-39.607257000000004,-7.269639000000005
-69.50913000000001,526.2200446666667,304.23355,-213.33855799999998,391.983721,23.770478999999998,-90.9556075,169.6548735,64.065226,-68.77165300000001,-39.741952999999995,-7.342839999999995
-69.509197,526.3479993333334,304.28472200000004,-213.42219649999998,392.04337699999996,23.906916000000002,-90.718616,170.1655805,65.75327,-68.68762000000001,-39.88251300000002,-7.409967999999999
-69.511206,526.4849613333334,304.338465,-213.50824799999998,392.1096385,24.0513735,-90.47678099999999,170.70849199999998,67.508168,-68.600916,-40.02900600000001,-7.471290000000003
-69.51509066666667,526.630999,304.39487533333335,-213.59659599999998,392.1822765,24.204234000000003,-90.2302085,171.283974,69.3285285,-68.511299,-40.18148000000002,-7.527046999999996
-69.520782,526.7861733333333,304.45404766666667,-213.6871025,392.261028,24.3658825,-89.9790125,171.892317,71.2128045,-68.418533,-40.339957999999996,-7.577444999999997
-69.52820966666667,526.9505343333334,304.51607199999995,-213.7796045,392.345594,24.536707,-89.72331199999999,172.5337385,73.1592995,-68.322388,-40.504440999999986,-7.622660999999994
-69.53730033333333,527.1241243333334,304.58103366666666,-213.873917,392.43564200000003,24.717099,-89.4632295,173.20837649999999,75.1661815,-68.22264100000001,-40.67489900000001,-7.662842999999995
-69.547979,527.3069743333332,304.6490146666667,-213.9698335,392.530804,24.9074485,-89.198891,173.916294,77.231491,-68.119086,-40.85127800000001,-7.698104000000001
-69.560169,527.4991056666667,304.72009166666663,-214.0671255,392.630679,25.108143499999997,-88.93042249999999,174.657476,79.353154,-68.01152499999999,-41.033500000000004,-7.728530000000006
-69.57379166666668,527.7005293333333,304.7943356666667,-214.1655445,392.73483699999997,25.319572,-88.65794700000001,175.43183199999999,81.528993,-67.899778,-41.22146000000001,-7.754179999999991
-69.588768,527.9112463333335,304.871813,-214.264823,392.842815,25.5421135,-88.3815875,176.2391955,83.75673850000001,-67.783685,-41.415031,-7.775086999999999
-69.60501533333333,528.1312469999999,304.95258433333333,-214.364676,392.95412450000003,25.776143,-88.101459,177.0793275,86.0340405,-67.663102,-41.61406299999999,-7.791261000000006
-69.62245266666666,528.36051,305.03670366666665,-214.464804,393.0682505,26.022024000000002,-87.817673,177.95191849999998,88.35848,-67.53790799999999,-41.818387,-7.8026920000000075
-69.64099566666665,528.5990043333333,305.12421966666665,-214.5648915,393.184656,26.2801105,-87.530333,178.85659099999998,90.727582,-67.40800200000001,-42.027814000000006,-7.809356000000008
-69.66056100000002,528.8466873333333,305.215175,-214.6646115,393.302785,26.55074,-87.239532,179.7929045,93.1388245,-67.273306,-42.242141000000004,-7.811213000000009
-69.68106366666667,529.103504,305.309605,-214.76362699999999,393.422065,26.834234,-86.945356,180.7603585,95.5896525,-67.133768,-42.461151,-7.80821499999999
-69.70241833333334,529.3693893333334,305.4075383333333,-214.861592,393.541911,27.1308945,-86.6478795,181.758398,98.07748649999999,-66.989351,-42.684619999999995,-7.8003049999999945
-69.72453933333333,529.6442673333335,305.5089986666667,-214.958155,393.6617295,27.441001,-86.3471655,182.786416,100.59973500000001,-66.840049,-42.91231399999998,-7.7874240000000015
-69.747342,529.9280496666667,305.6140003333333,-215.05295999999998,393.78092200000003,27.764806500000002,-86.04326449999999,183.8437615,103.153802,-66.685873,-43.14399700000001,-7.769511999999992
-69.770741,530.2206363333333,305.7225516666667,-215.1456495,393.8988875,28.102539,-85.736219,184.929744,105.737098,-66.526856,-43.379434,-7.746508000000006
-69.794651,530.5219163333333,305.834654,-215.235866,394.015029,28.454394,-85.42605549999999,186.04363899999998,108.3470495,-66.363053,-43.61838800000001,-7.718361000000002
-69.81898733333333,530.8317683333333,305.9503033333333,-215.323253,394.128757,28.820536,-85.112793,187.184694,110.9811065,-66.194536,-43.86063200000001,-7.685023000000001
-69.843667,531.1500573333333,306.0694853333334,-215.40745950000002,394.2394905,29.2010935,-84.796438,188.35213149999998,113.63675,-66.02139600000001,-44.105942999999996,-7.646456000000001
-69.86860666666666,531.4766393333333,306.1921806666667,-215.4881405,394.34666500000003,29.596156,-84.47698749999999,189.54516,116.3115,-65.843737,-44.354112000000015,-7.602632
-69.89372533333334,531.8113579999999,306.3183626666667,-215.5649585,394.4497335,30.005777,-84.154431,190.7629735,119.0029215,-65.661678,-44.604939,-7.553537000000006
-69.918942,532.1540463333334,306.4479973333333,-215.6375845,394.54817,30.4299665,-83.8287505,192.004762,121.708631,-65.47535300000001,-44.85824000000002,-7.499169999999992
-69.94417800000001,532.504527,306.5810443333333,-215.7057015,394.641474,30.868692,-83.499922,193.2697125,124.426301,-65.284898,-45.11384700000002,-7.439540000000008
-69.969356,532.8626113333333,306.71745566666664,-215.769004,394.7291745,31.3218775,-83.1679195,194.5570155,127.15366549999999,-65.090465,-45.37160699999998,-7.374679
-69.9944,533.228101,306.85717700000004,-215.827198,394.810828,31.7894015,-82.8327125,195.865869,129.88852400000002,-64.89220700000001,-45.63138600000002,-7.304628000000008
-70.01923633333332,533.6007880000001,307.0001476666667,-215.8800075,394.886028,32.271097,-82.49427349999999,197.19548099999997,132.6287425,-64.690279,-45.893068,-7.229444999999998
-70.04379433333334,533.980454,307.14630033333333,-215.9271675,394.95440099999996,32.766748,-82.1525775,198.545075,135.3722595,-64.484843,-46.156552000000005,-7.149203
-70.06800333333334,534.366872,307.29556166666663,-215.968431,395.01561200000003,33.276096,-81.807604,199.91389149999998,138.1170875,-64.27605600000001,-46.42175499999999,-7.063990999999987
-70.09179633333333,534.759806,307.44785133333335,-216.00356499999998,395.0693655,33.798832,-81.459339,201.30119000000002,140.861311,-64.064074,-46.688612000000006,-6.973911999999984
-70.11510866666667,535.1590110000001,307.6030846666667,-216.0323535,395.115405,34.3346025,-81.1077805,202.70625,143.603093,-63.849051,-46.95706800000002,-6.879079999999988
-70.13787833333333,535.564236,307.76117,-216.054596,395.15351599999997,34.8830085,-80.7529375,204.1283725,146.3406705,-63.631135,-47.22708500000002,-6.779624999999982
-70.16004600000001,535.9752193333334,307.92201133333333,-216.0701085,395.1835255,35.4436045,-80.394834,205.56688350000002,149.072357,-63.41046599999999,-47.49863300000001,-6.675686000000013
-70.18155433333334,536.3916946666667,308.085507,-216.078722,395.2053035,36.0159055,-80.033511,207.02112799999998,151.7965415,-63.18718,-47.771694,-6.567413000000016
-70.20234933333334,536.8133893333334,308.2515506666667,-216.080283,395.21875950000003,36.59938149999999,-79.6690275,208.490474,154.511686,-62.96140299999999,-48.046249999999986,-6.454964000000018
-70.22237933333334,537.2400230000001,308.42003099999994,-216.0746525,395.223846,37.1934635,-79.301466,209.9743095,157.216328,-62.733252,-48.322295,-6.338505999999995
-70.24159566666667,537.671311,308.59083366666664,-216.06170600000002,395.22055750000004,37.797547,-78.9309275,211.472042,159.909072,-62.50283699999999,-48.599818,-6.218211999999994
-70.25995433333333,538.1069653333334,308.7638386666667,-216.0413315,395.208926,38.4109905,-78.55754,212.983094,162.588593,-62.270254,-48.87880999999999,-6.094257999999996
-70.27741166666667,538.5466906666667,308.9389243333333,-216.013431,395.189024,39.033121,-78.1814555,214.50690400000002,165.25363299999998,-62.035596999999996,-49.159254000000004,-5.9668259999999975
-70.293928,538.9901903333333,309.11596433333335,-215.977917,395.160959,39.6632355,-77.8028515,216.04292199999998,167.902997,-61.798945,-49.441134000000005,-5.836097999999993
-70.309467,539.4371643333333,309.2948293333333,-215.93471399999999,395.12487699999997,40.300606,-77.4219325,217.59060599999998,170.53555,-61.560369,-49.72441599999999,-5.7022580000000005
-70.32399533333334,539.8873100000001,309.4753886666667,-215.8837565,395.080955,40.944480999999996,-77.0389295,219.14941950000002,173.150215,-61.319933000000006,-50.009063,-5.565492000000006
-70.337481,540.3403226666667,309.65750833333334,-215.82498800000002,395.029403,41.5940895,-76.6540995,220.7188295,175.7459715,-61.077693000000004,-50.29502100000002,-5.425981000000007
-70.349898,540.7958976666666,309.8410533333334,-215.758361,394.970459,42.2486465,-76.2677255,222.2983005,178.321849,-60.833697,-50.582223,-5.28391000000002
-70.36122,541.2537276666667,310.0258856666667,-215.68383649999998,394.904389,42.907354,-75.8801165,223.8872935,180.8769255,-60.58798899999999,-50.870587,-5.139456999999993
-70.37142566666667,541.713507,310.21186766666665,-215.601382,394.83148400000005,43.569406,-75.491604,225.485262,183.4103265,-60.340604,-51.160011999999995,-4.992798999999991
-70.38049533333333,542.174931,310.3988603333334,-215.51097149999998,394.75205500000004,44.233993999999996,-75.1025435,227.09164950000002,185.9212195,-60.091573000000004,-51.450383000000016,-4.844112999999993
-70.388413,542.637695,310.58672533333333,-215.4125865,394.666432,44.9003075,-74.71330900000001,228.705883,188.4088115,-59.840928000000005,-51.74156399999998,-4.6935689999999965
-70.395164,543.101497,310.7753216666667,-215.30621200000002,394.5749635,45.567543,-74.3242945,230.327378,190.8723485,-59.588693,-52.03340400000002,-4.541339000000022
-70.40073766666667,543.566037,310.96451099999996,-215.191841,394.47800900000004,46.234903,-73.93590950000001,231.95552750000002,193.311112,-59.334895,-52.325733000000014,-4.387585999999999
-70.405125,544.0310183333332,311.15415466666667,-215.06947000000002,394.37593949999996,46.9016035,-73.548577,233.58970549999998,195.7244155,-59.079558000000006,-52.61836500000001,-4.232479000000012
-70.40831966666667,544.4961476666666,311.34411566666665,-214.939101,394.269133,47.566874999999996,-73.16273100000001,235.229264,198.1116055,-58.822706,-52.911096000000015,-4.076177000000001
-70.41031766666667,544.9611353333333,311.534257,-214.800741,394.15797299999997,48.229969499999996,-72.778812,236.873531,200.4720575,-58.564368,-53.20371400000002,-3.9188409999999863
-70.41111766666667,545.4256973333332,311.72444466666667,-214.6544035,394.0428445,48.8901605,-72.397267,238.521811,202.80517650000002,-58.304576,-53.495986000000016,-3.760631000000018
-70.41071966666668,545.889553,311.91454633333336,-214.50010550000002,393.92413150000004,49.5467505,-72.0185425,240.1733845,205.11039499999998,-58.04336299999999,-53.78767300000001,-3.6017040000000122
-70.40912666666667,546.3524286666667,312.10443133333337,-214.3378715,393.8022135,50.199070500000005,-71.6430845,241.82750749999997,207.38717250000002,-57.780769,-54.078524999999985,-3.4422169999999994
-70.40634233333333,546.8140549999999,312.2939716666667,-214.1677315,393.6774645,50.846484499999995,-71.2713335,243.483411,209.6349945,-57.516839,-54.36828399999999,-3.282322999999991
-70.40237366666668,547.2741703333332,312.4830426666667,-213.98972250000003,393.550248,51.488394,-70.90372149999999,245.140308,211.85337299999998,-57.251628999999994,-54.656686000000036,-3.122175999999996
-70.397229,547.732519,312.6715226666667,-213.80389100000002,393.42091800000003,52.1242375,-70.5406695,246.7973865,214.04184800000002,-56.985199,-54.943467,-2.961925999999977
-70.390917,548.188852,312.8592923333333,-213.61028900000002,393.289813,52.7534955,-70.18258349999999,248.45382,216.199983,-56.717619,-55.228357999999986,-2.801719999999989
-70.38345,548.6429286666666,313.0462376666667,-213.40898049999998,393.15725499999996,53.375692,-69.8298535,250.1087635,218.327371,-56.448967,-55.51109499999998,-2.6417020000000093
-70.37484,549.0945146666667,313.23224666666664,-213.2000375,393.023549,53.990393499999996,-69.48284749999999,251.761361,220.4236315,-56.179334999999995,-55.79141199999998,-2.48200700000001
-70.365101,549.5433846666667,313.41721233333334,-212.9835455,392.888979,54.5972145,-69.14191199999999,253.4107475,222.4884135,-55.908823999999996,-56.06905099999997,-2.322766999999999
-70.35424833333333,549.9893206666667,313.60103166666664,-212.7596015,392.753807,55.195817000000005,-68.80736999999999,255.05605200000002,224.5213935,-55.637546,-56.34376399999999,-2.164102999999983
-70.34229833333335,550.4321133333333,313.783605,-212.52831600000002,392.61827300000004,55.785909000000004,-68.4795145,256.696401,226.5222805,-55.365627,-56.615306000000004,-2.006126999999992
-70.32926833333333,550.8715619999999,313.96483866666665,-212.28981399999998,392.48259099999996,56.36725,-68.1586125,258.33092550000003,228.490812,-55.093205,-56.883444999999995,-1.8489339999999856
-70.31517633333333,551.3074746666666,314.14464266666664,-212.0442355,392.346951,56.9396455,-67.8449,259.958763,230.4267615,-54.82043,-57.14795999999998,-1.6926090000000045
-70.30004166666667,551.7396673333334,314.322932,-211.791739,392.2115165,57.5029525,-67.5385805,261.5790615,232.32993199999999,-54.547465,-57.40864100000002,-1.5372139999999774
-70.283884,552.1679663333333,314.4996263333333,-211.5324995,392.076422,58.0570735,-67.2398265,263.1909855,234.200165,-54.274487,-57.66529300000002,-1.3827959999999848
-70.26672266666667,552.592206,314.67465,-211.26671,391.941779,58.601960500000004,-66.94877699999999,264.7937195,236.037334,-54.001686,-57.91773700000002,-1.2293780000000254
-70.24857966666667,553.012231,314.847932,-210.994585,391.80766900000003,59.1376105,-66.665537,266.386473,237.841352,-53.729264,-58.16580400000001,-1.0769599999999855
-70.229475,553.4278929999999,315.019408,-210.71635650000002,391.674148,59.6640675,-66.390182,267.9684835,239.612167,-53.457435999999994,-58.40934300000001,-0.925514000000021
-70.20943133333333,553.8390546666666,315.1890163333333,-210.43228,391.5412455,60.181417499999995,-66.122749,269.5390195,241.34976799999998,-53.186428,-58.64821700000002,-0.7749859999999842
-70.18847033333334,554.245587,315.356702,-210.1426295,391.4089675,60.6897885,-65.8632475,271.097387,243.054181,-52.916479,-58.882304000000005,-0.6252920000000017
-70.166613,554.6473713333334,315.52241399999997,-209.847701,391.277294,61.1893485,-65.6116535,272.642928,244.7254715,-52.64783499999999,-59.11149799999998,-0.4763229999999794
-70.14388233333334,555.0442956666666,315.6861073333333,-209.54781300000002,391.14618199999995,61.680302499999996,-65.3679135,274.1750285,246.363747,-52.38075499999999,-59.33570499999999,-0.327935999999994
-70.1203,555.4362596666666,315.8477413333333,-209.243304,391.015569,62.162891,-65.1319455,275.693114,247.969152,-52.115505000000006,-59.55484599999997,-0.17996199999998908
-70.09588866666667,555.8231703333332,316.00728000000004,-208.9345335,390.88537,62.637387,-64.90364,277.1966575,249.5418745,-51.852356,-59.768857000000025,-0.03220099999998638
-70.07067033333334,556.2049443333333,316.164693,-208.6218805,390.75548549999996,63.104091499999996,-64.682864,278.6851755,251.08213999999998,-51.591586,-59.977682999999985,0.11557200000001444
-70.044666,556.581506,316.3199543333333,-208.3057435,390.6257985,63.563333,-64.4694595,280.158231,252.590215,-51.333476999999995,-60.18128200000001,0.2636059999999816
-70.01789866666667,556.9527893333333,316.473042,-207.9865395,390.49617850000004,64.015465,-64.2632495,281.6154325,254.066404,-51.078315,-60.37962300000001,0.41217399999999316
-69.99039,557.3187363333333,316.623941,-207.66470099999998,390.366484,64.4608595,-64.064038,283.056433,255.511051,-50.82637999999999,-60.572688,0.5615679999999941
-69.96216033333333,557.6792966666666,316.7726373333333,-207.34067750000003,390.2365655,64.8999065,-63.8716135,284.480928,256.924537,-50.57795900000001,-60.760463999999985,0.7120919999999842
-69.93323166666666,558.0344286666666,316.91912533333334,-207.0149315,390.106266,65.333012,-63.6857515,285.8886545,258.307278,-50.333329000000006,-60.942946999999975,0.8640659999999798
-69.903625,558.3840993333333,317.0634006666666,-206.68793549999998,389.97542550000003,65.7605905,-63.506215499999996,287.2793895,259.65972750000003,-50.092767,-61.120142999999985,1.0178129999999896
-69.873361,558.7282816666667,317.20546466666667,-206.3601745,389.84388249999995,66.183067,-63.332762,288.6529435,260.9823685,-49.856542,-61.29206099999999,1.1736589999999865
-69.84246033333334,559.0669566666667,317.3453223333333,-206.032138,389.7114755,66.6008705,-63.165141500000004,290.0091625,262.27571750000004,-49.624909,-61.458718999999974,1.3319270000000074
-69.810943,559.4001123333334,317.4829823333333,-205.7043225,389.57804699999997,67.014432,-63.0031015,291.347918,263.54032,-49.398121,-61.620138,1.492933999999991
-69.778829,559.7277446666667,317.618457,-205.3772265,389.4434455,67.424183,-62.8463885,292.6691085,264.7767475,-49.176413000000004,-61.77634499999999,1.6569809999999734
-69.74613799999999,560.049855,317.75176400000004,-205.05134900000002,389.3075255,67.8305505,-62.6947505,293.972652,265.9855955,-48.96000900000001,-61.927366000000006,1.8243549999999686
-69.71288933333334,560.3664513333333,317.882922,-204.7271865,389.170153,68.2339565,-62.547938,295.2584845,267.1674835,-48.749115999999994,-62.07323500000001,1.995317
-69.679102,560.6775476666667,318.011954,-204.40523050000002,389.03120349999995,68.634814,-62.4057085,296.526552,268.32304750000003,-48.543929,-62.21398399999998,2.1701029999999832
-69.64479566666667,560.9831636666667,318.13888633333335,-204.08596699999998,388.8905665,69.033525,-62.2678235,297.7768095,269.45294,-48.344621000000004,-62.349647000000004,2.348920000000021
-69.60998766666667,561.2833256666667,318.263748,-203.76987000000003,388.748145,69.43047949999999,-62.134056,299.0092165,270.55782750000003,-48.151352,-62.48025899999999,2.5319390000000226
-69.57469766666667,561.578063,318.3865706666667,-203.4574035,388.603858,69.826052,-62.0041875,300.223731,271.63838499999997,-47.964259,-62.60585600000002,2.7192960000000426
-69.53894333333334,561.8674116666667,318.507388,-203.1490175,388.45764,70.2206015,-61.878009,301.420308,272.69529650000004,-47.783463999999995,-62.726470000000006,2.911089000000004
-69.50274266666666,562.1514113333333,318.62623633333334,-202.8451445,388.309444,70.614469,-61.755324,302.59889350000003,273.729246,-47.60907,-62.84213300000005,3.107373999999993
-69.46611299999999,562.430105,318.74315466666667,-202.546201,388.1592385,71.007974,-61.6359475,303.75942699999996,274.740921,-47.441159,-62.952876,3.3081680000000233
-69.42907333333333,562.7035406666666,318.85818333333333,-202.25258250000002,388.007011,71.401419,-61.5197065,304.9018325,275.731003,-47.279797,-63.058726999999976,3.5134479999999826
-69.39163966666666,562.9717703333334,318.971363,-201.964664,387.852766,71.795082,-61.40644,306.0260205,276.70016899999996,-47.125032000000004,-63.15970900000002,3.7231479999999806
-69.353831,563.2348466666667,319.08273866666667,-201.6827975,387.6965265,72.18922,-61.2959985,307.131884,277.649087,-46.976893000000004,-63.25584600000002,3.9371679999999856
-69.315663,563.492828,319.19235266666664,-201.407312,387.5383315,72.5840675,-61.188244999999995,308.2193025,278.5784115,-46.835394,-63.34715499999999,4.1553650000000175
-69.27715366666666,563.7457736666667,319.300252,-201.1385125,387.37823649999996,72.97983500000001,-61.083051999999995,309.28813449999996,279.488783,-46.70053599999999,-63.433651,4.377566000000002
-69.23832066666667,563.993745,319.4064816666667,-200.876677,387.21631349999996,73.37671,-60.980304499999995,310.3382235,280.380824,-46.572300999999996,-63.51534699999996,4.603567999999996
-69.19918033333333,564.2368056666667,319.511089,-200.62206049999998,387.052648,73.7748555,-60.87989400000001,311.369395,281.255136,-46.450662,-63.59224800000004,4.833133999999973
-69.15975000000002,564.4750213333333,319.61412,-200.3748895,386.8873395,74.17441199999999,-60.781724,312.381462,282.1123005,-46.335578,-63.66435999999999,5.066009000000008
-69.12004666666667,564.7084583333334,319.715622,-200.1353665,386.7205005,74.5754955,-60.6857035,313.37422100000003,282.952872,-46.226994999999995,-63.731686000000025,5.301914000000011
-69.080088,564.9371833333333,319.81564099999997,-199.90366749999998,386.55225299999995,74.9782,-60.5917475,314.347459,283.77738150000005,-46.124851,-63.794223999999986,5.5405529999999885
-69.03989033333333,565.1612650000001,319.9142243333334,-199.67994099999999,386.38273000000004,75.382596,-60.499778500000005,315.30095400000005,284.58633199999997,-46.02907700000001,-63.85197199999999,5.781622000000027
-68.99947200000001,565.380772,320.0114173333334,-199.4643115,386.2120725,75.788731,-60.409723,316.23447899999996,285.380199,-45.93958800000001,-63.90492999999998,6.024802000000022
-68.95884966666667,565.5957723333332,320.1072643333334,-199.25688000000002,386.040426,76.19663249999999,-60.3215105,317.147806,286.159429,-45.85629900000001,-63.953093999999965,6.269775999999979
-68.918041,565.806336,320.20181,-199.05772100000002,385.8679445,76.606306,-60.235074999999995,318.0407065,286.9244395,-45.77911199999999,-63.99646299999995,6.516218999999978
-68.87706366666667,566.0125296666666,320.295097,-198.866885,385.69478100000003,77.017736,-60.15035,318.9129605,287.67562,-45.707924,-64.03504299999997,6.763813999999968
-68.835936,566.2144223333333,320.3871676666667,-198.6844015,385.5210955,77.43088900000001,-60.067273,319.764356,288.41333050000003,-45.642624000000005,-64.06883799999997,7.01224499999995
-68.79467533333333,566.4120806666666,320.4780616666667,-198.5102765,385.347044,77.84571199999999,-59.9857815,320.5946975,289.1379045,-45.583093,-64.09786499999996,7.261205000000018
-68.75330033333334,566.6055713333334,320.56781766666666,-198.3444945,385.17278250000004,78.262134,-59.9058135,321.40380700000003,289.849648,-45.529207,-64.122142,7.510396000000014
-68.71182900000001,566.7949593333333,320.6564733333333,-198.1870195,384.998466,78.68006700000001,-59.8273085,322.1915315,290.5488435,-45.480830999999995,-64.14170100000001,7.759530999999981
-68.67027966666667,566.9803083333333,320.7440626666667,-198.037797,384.82424349999997,79.0994075,-59.7502035,322.95774500000005,291.2357475,-45.437823,-64.156586,8.008332999999993
-68.62867233333334,567.1616813333334,320.83062033333334,-197.8967525,384.6502605,79.5200365,-59.6744385,323.702353,291.910598,-45.400029,-64.166852,8.256541999999968
-68.58702533333333,567.3391399999999,320.9161766666667,-197.763792,384.476654,79.941821,-59.5999525,324.42530050000005,292.5736105,-45.367290999999994,-64.17256900000001,8.50390699999997
-68.54535833333334,567.5127423333332,321.0007616666667,-197.63880749999998,384.30355499999996,80.3646145,-59.5266855,325.12657,293.2249865,-45.339431,-64.17382600000002,8.750190999999973
-68.50368966666666,567.6825476666667,321.08440133333335,-197.5216705,384.1310845,80.78825850000001,-59.454578,325.80618949999996,293.8649105,-45.316268,-64.170729,8.995169000000033
-68.46204066666667,567.848611,321.167122,-197.41224,383.9593545,81.2125835,-59.3835725,326.46423649999997,294.49355649999995,-45.297603,-64.16340299999996,9.238629000000003
-68.42042966666666,568.010987,321.248946,-197.310357,383.7884675,81.63740949999999,-59.313612500000005,327.10083699999996,295.111089,-45.283223,-64.151996,9.480366000000004
-68.378878,568.169728,321.3298933333333,-197.2158495,383.6185125,82.0625465,-59.244645,327.71617100000003,295.7176655,-45.27290599999999,-64.13667600000002,9.720189000000005
-68.33740466666667,568.324884,321.4099826666666,-197.1285305,383.4495675,82.487798,-59.176617500000006,328.31047550000005,296.313439,-45.26641300000001,-64.117635,9.957912000000022
-68.296031,568.4765033333333,321.48923066666663,-197.048201,383.2817005,82.912959,-59.109483499999996,328.88404249999996,296.898561,-45.263487,-64.09508899999997,10.193358000000046
-68.25477666666666,568.6246326666666,321.567651,-196.9746475,383.114963,83.337818,-59.0431975,329.43722449999996,297.473185,-45.263863,-64.069275,10.426351999999952
-68.213662,568.7693153333333,321.6452553333333,-196.9076445,382.9493955,83.7621595,-58.977720000000005,329.9704315,298.037466,-45.267256,-64.04045300000001,10.656730000000039
-68.17270766666667,568.9105953333334,321.7220546666667,-196.84695599999998,382.785024,84.18576300000001,-58.913014000000004,330.4841315,298.591564,-45.27337000000001,-64.00890700000002,10.884329999999977
-68.13193466666667,569.048512,321.79805600000003,-196.7923325,382.621863,84.608404,-58.8490485,330.9788525,299.1356475,-45.281895000000006,-63.974939000000006,11.108991000000003
-68.09136233333334,569.1831036666666,321.873266,-196.743515,382.45991100000003,85.02985699999999,-58.785796000000005,331.45517600000005,299.6698895,-45.29251,-63.93887000000001,11.330556999999999
-68.05101166666667,569.3144076666667,321.947689,-196.700235,382.299155,85.4498955,-58.7232335,331.9137395,300.194476,-45.304883000000004,-63.90104100000002,11.548878000000002
-68.01090233333333,569.4424583333333,322.02132766666665,-196.662214,382.1395685,85.8682915,-58.661342499999996,332.3552305,300.70960049999996,-45.318676999999994,-63.861805000000004,11.763802999999996
-67.97105433333333,569.5672893333334,322.094184,-196.6291635,381.981111,86.284819,-58.600107,332.78038449999997,301.2154675,-45.333544,-63.82152500000001,11.975189
-67.93148733333334,569.688932,322.16625633333337,-196.600788,381.82373,86.699253,-58.539515,333.189981,301.7122925,-45.349136,-63.780575999999996,12.182897000000025
-67.89222000000001,569.8074153333333,322.2375436666667,-196.5767845,381.667362,87.1113725,-58.479558,333.584837,302.2003005,-45.365102,-63.739333999999985,12.38679499999995
-67.85327199999999,569.922767,322.30804400000005,-196.5568435,381.5119295,87.5209585,-58.4202285,333.965804,302.6797275,-45.381097,-63.69817599999999,12.586756999999977
-67.814661,570.0350156666667,322.3777523333333,-196.540648,381.357346,87.927799,-58.361519,334.33376,303.1508165,-45.396775999999996,-63.65748000000002,12.782670999999993
-67.776405,570.144185,322.446664,-196.527878,381.2035135,88.3316855,-58.30342399999999,334.6896045,303.6138205,-45.411809999999996,-63.61760899999996,12.974433000000033
-67.73852133333332,570.2502993333334,322.51477466666665,-196.51820850000001,381.05032500000004,88.732418,-58.2459355,335.0342505,304.06899699999997,-45.425875,-63.57892099999998,13.16195399999998
-67.70102733333333,570.3533813333333,322.58207666666664,-196.511312,380.8976635,89.12980300000001,-58.189043999999996,335.36861899999997,304.51660849999996,-45.438668,-63.541750000000036,13.345163000000014
-67.66393799999999,570.4534533333334,322.648564,-196.506859,380.7454055,89.5236565,-58.132737500000005,335.69363050000004,304.9569225,-45.44990500000001,-63.506417,13.524002999999993
-67.62726966666666,570.5505353333333,322.7142293333333,-196.50451850000002,380.5934185,89.9138025,-58.0769985,336.0101985,305.3902045,-45.459320999999996,-63.47321099999999,13.698442999999997
-67.59103633333332,570.6446473333333,322.77906533333334,-196.5039605,380.4415655,90.300076,-58.021807,336.31922,305.81672100000003,-45.466682000000006,-63.44239799999997,13.86846799999995
-67.55525166666666,570.7358083333334,322.8430643333333,-196.5048575,380.2897035,90.6823215,-57.967135,336.62157,306.2367345,-45.471778,-63.41420599999998,14.03409099999999
-67.51992833333334,570.8240373333333,322.9062186666667,-196.50688350000001,380.13768500000003,91.0603975,-57.912949499999996,336.9180965,306.6505035,-45.474433,-63.38882899999999,14.195349000000022
-67.48507866666667,570.909352,322.9685216666667,-196.509717,379.98536,91.434173,-57.859211,337.209607,307.05828,-45.474504,-63.366423999999995,14.352305999999999
-67.45071266666666,570.9917703333333,323.02996566666667,-196.51304249999998,379.8325755,91.80353,-57.8058705,337.49686899999995,307.4603065,-45.47188299999999,-63.347104,14.505052999999975
-67.41684099999999,571.071309,323.0905436666667,-196.516551,379.6791785,92.168364,-57.75287350000001,337.7805995,307.856816,-45.466499000000006,-63.330940999999996,14.65370999999999
-67.38347233333333,571.1479856666666,323.1502503333333,-196.51994100000002,379.525016,92.5285845,-57.7001595,338.0614615,308.24802999999997,-45.458316999999994,-63.31795899999997,14.798422000000016
-67.35061333333333,571.2218186666668,323.20907966666664,-196.522922,379.369934,92.884116,-57.64765800000001,338.340058,308.6341575,-45.447340000000004,-63.30814399999997,14.939363000000014
-67.31827166666666,571.2928236666667,323.2670263333334,-196.525213,379.213783,93.23489649999999,-57.5952945,338.61692949999997,309.0153955,-45.433609000000004,-63.30142900000004,15.076730999999995
-67.28645200000001,571.3610196666667,323.32408733333335,-196.5265445,379.05641549999996,93.580879,-57.54298899999999,338.89254800000003,309.39192549999996,-45.417201999999996,-63.297709999999995,15.210751000000016
-67.25515866666667,571.4264246666667,323.38025899999997,-196.526662,378.897689,93.922033,-57.4906555,339.167318,309.7639165,-45.39822899999999,-63.29683800000004,15.34166700000003
-67.22439366666667,571.4890563333333,323.4355386666667,-196.525324,378.7374645,94.2583425,-57.43820650000001,339.4415725,310.1315235,-45.37683500000001,-63.29862300000002,15.469744999999989
-67.19415966666666,571.5489343333334,323.4899256666667,-196.52230450000002,378.5756105,94.5898065,-57.385553,339.7155725,310.494888,-45.353194,-63.30283700000001,15.595268000000033
-67.164456,571.606078,323.54341933333336,-196.51739450000002,378.41200100000003,94.91644099999999,-57.3326045,339.989507,310.8541395,-45.327509,-63.30921799999999,15.718529000000046
-67.13528266666667,571.6605083333333,323.596021,-196.5104035,378.2465185,95.238275,-57.279272500000005,340.26349500000003,311.20939599999997,-45.300007,-63.317474000000004,15.839836000000048
-67.106636,571.712247,323.647733,-196.5011555,378.0790525,95.55535549999999,-57.225472499999995,340.5375855,311.560765,-45.270935,-63.32728100000003,15.959502000000043
-67.07851333333333,571.7613153333333,323.698558,-196.4894985,377.909503,95.86774249999999,-57.171124000000006,340.8117625,311.908346,-45.240558,-63.338299000000006,16.077840000000037
-67.050909,571.8077373333333,323.748501,-196.475297,377.7377775,96.1755105,-57.116155,341.0859455,312.2522305,-45.209154,-63.35016300000001,16.195164999999974
-67.02381633333333,571.8515373333333,323.79756733333335,-196.4584355,377.56379400000003,96.47874949999999,-57.060500000000005,341.359997,312.592506,-45.17700800000001,-63.362498000000016,16.311785999999984
-66.997229,571.892741,323.8457636666667,-196.438821,377.3874805,96.7775615,-57.004104999999996,341.6337225,312.9292545,-45.144416,-63.374919000000034,16.428000999999995
-66.97113633333333,571.931375,323.89309933333334,-196.416379,377.208776,97.072063,-56.946926000000005,341.9068795,313.26255849999995,-45.111670000000004,-63.38703499999997,16.544101000000012
-66.94552933333334,571.9674673333334,323.9395816666667,-196.39105849999999,377.027629,97.3623825,-56.8889335,342.1791815,313.592498,-45.079063000000005,-63.39845699999995,16.660356000000036
-66.92039566666666,572.0010476666666,323.9852226666667,-196.36282849999998,376.8440005,97.64866,-56.830111,342.45030399999996,313.919156,-45.046879999999994,-63.408799999999985,16.777023999999983
-66.89572266666666,572.0321469999999,324.03003333333334,-196.33167600000002,376.65786,97.9310465,-56.770455,342.71989,314.242619,-45.015401999999995,-63.417688,16.89433600000001
-66.87149733333332,572.0607966666666,324.07402666666667,-196.297614,376.46919,98.20970249999999,-56.7099775,342.9875585,314.5629765,-44.98489500000001,-63.424755000000005,17.012507000000028
-66.84770300000001,572.0870313333334,324.1172163333333,-196.260671,376.277983,98.484798,-56.648708,343.2529075,314.88032450000003,-44.955614,-63.42965300000003,17.131725000000017
-66.82432466666667,572.1108846666666,324.1596176666667,-196.22089749999998,376.08424049999996,98.75651049999999,-56.586686,343.51552449999997,315.1947645,-44.927797999999996,-63.43205500000005,17.25215099999997
-66.80134466666668,572.132394,324.201246,-196.178363,375.88797850000003,99.0250245,-56.523970000000006,343.774988,315.506405,-44.90167,-63.43165399999998,17.37392200000005
-66.77874433333334,572.1515973333334,324.242119,-196.1331545,375.6892195,99.29052949999999,-56.4606285,344.03088,315.8153615,-44.87743499999999,-63.42816799999997,17.49715500000002
-66.75650533333332,572.1685339999999,324.2822536666667,-196.085378,375.4879985,99.5532205,-56.396745,344.282785,316.121757,-44.855282,-63.42134199999998,17.62193400000001
-66.73460733333333,572.183244,324.32166966666665,-196.035155,375.28436,99.81329550000001,-56.3324135,344.53030049999995,316.42572,-44.835377,-63.41095100000001,17.74832200000003
-66.71302933333334,572.1957699999999,324.3603856666667,-195.982623,375.078357,100.070954,-56.267738,344.7730415,316.72738400000003,-44.817876,-63.39679699999999,17.87636200000003
-66.69175066666666,572.2061560000001,324.39842266666665,-195.927935,374.870055,100.32639449999999,-56.202831,345.01064299999996,317.0268895,-44.802910000000004,-63.378716,18.006073000000015
-66.67074766666667,572.2144463333333,324.435801,-195.8712565,374.659526,100.5798175,-56.1378105,345.2427675,317.324378,-44.790601,-63.356573000000026,18.137455999999986
-66.64999933333333,572.2206876666667,324.47254233333337,-195.812766,374.4468525,100.831419,-56.0728005,345.469106,317.61999349999996,-44.781051,-63.330265999999995,18.270497000000034
-66.629481,572.224928,324.508669,-195.7526525,374.232127,101.08139299999999,-56.007926000000005,345.68938349999996,317.913879,-44.774354,-63.29972300000003,18.40516600000001
-66.60917066666667,572.2272156666667,324.54420366666665,-195.691115,374.015448,101.329926,-55.9433145,345.903362,318.206175,-44.770589,-63.264905999999996,18.541426
-66.58904366666667,572.2276013333334,324.579168,-195.62836049999999,373.79692550000004,101.577201,-55.8790885,346.1108395,318.4970165,-44.76982700000001,-63.22580300000004,18.67922900000002
-66.56907633333334,572.2261363333333,324.61358633333333,-195.564604,373.57667749999996,101.82339099999999,-55.81537,346.31165599999997,318.7865315,-44.772134,-63.182435999999996,18.818524999999966
-66.549245,572.2228736666667,324.647482,-195.5000655,373.354829,102.0686605,-55.752274,346.5056895,319.074838,-44.777568,-63.13485300000002,18.959257999999977
-66.52952566666666,572.217867,324.6808786666667,-195.434969,373.1315135,102.313163,-55.6899085,346.692862,319.36203850000004,-44.786184999999996,-63.08312799999999,19.10137900000001
-66.50989366666666,572.2111713333334,324.7138,-195.369542,372.906875,102.5570415,-55.628370499999996,346.873133,319.64822300000003,-44.798041,-63.027360000000044,19.24484000000001
-66.49032633333333,572.2028423333334,324.74627000000004,-195.3040135,372.681063,102.800425,-55.567749000000006,347.046504,319.93346099999997,-44.81319,-62.967674000000045,19.389602000000025
-66.47079966666666,572.1929363333334,324.77831199999997,-195.2386105,372.454236,103.043429,-55.50811899999999,347.213014,320.217801,-44.831692,-62.904214000000024,19.535631999999964
-66.45129133333333,572.1815123333332,324.80995033333335,-195.1735615,372.22656,103.28615300000001,-55.449543999999996,347.37273749999997,320.501269,-44.853607999999994,-62.83714100000003,19.682916000000034
-66.43177833333333,572.168628,324.8412083333333,-195.10909099999998,371.99820850000003,103.5286825,-55.392071,347.52578500000004,320.783864,-44.87900400000001,-62.766638,19.831446000000028
-66.41223933333333,572.1543433333334,324.8721096666667,-195.04541949999998,371.7693625,103.7710835,-55.3357345,347.672296,321.065559,-44.907951,-62.69289600000002,19.981233999999972
-66.392652,572.1387186666667,324.902678,-194.982762,371.540211,104.013407,-55.28055450000001,347.8124385,321.3462965,-44.940529000000005,-62.616123000000016,20.132304999999974
-66.372997,572.121814,324.93293466666665,-194.92132800000002,371.3109485,104.255685,-55.226534,347.946406,321.62599,-44.97681800000001,-62.53653400000002,20.284704000000033
-66.35325366666666,572.1036913333334,324.9629036666667,-194.8613165,371.0817765,104.4979315,-55.17366249999999,348.074411,321.9045215,-45.016906999999996,-62.45434999999998,20.43848700000001
-66.33340366666667,572.0844126666667,324.9926066666667,-194.8029215,370.8529025,104.7401405,-55.121916999999996,348.19668449999995,322.18174350000004,-45.060888,-62.369797000000005,20.59373099999999
-66.31342833333333,572.0640403333333,325.02206466666667,-194.74632400000002,370.62454,104.98228950000001,-55.071259999999995,348.313468,322.45747600000004,-45.108854,-62.283105999999975,20.750523999999984
-66.29331133333334,572.0426366666667,325.05129966666664,-194.69169499999998,370.3969085,105.224336,-55.021641,348.4250145,322.73151099999995,-45.1609,-62.194503,20.908968000000016
-66.27303666666667,572.0202646666667,325.08033133333333,-194.63919249999998,370.1702295,105.46621999999999,-54.973001,348.5315805,323.00361250000003,-45.217118,-62.104217000000006,21.069173000000035
-66.252589,571.9969876666667,325.109179,-194.58896349999998,369.94473,105.7078635,-54.9252715,348.633423,323.27351799999997,-45.277595000000005,-62.01246800000001,21.231255999999973
-66.23195533333333,571.9728693333333,325.1378623333333,-194.5411385,369.7206395,105.9491695,-54.8783765,348.730799,323.5409445,-45.342409,-61.91947400000004,21.395336999999984
-66.21112266666667,571.9479723333334,325.166399,-194.4958365,369.49818849999997,106.1900265,-54.832235999999995,348.8239585,323.80558499999995,-45.411628,-61.82544299999995,21.561533999999995
-66.19007933333334,571.92236,325.19480733333336,-194.4531575,369.27761150000003,106.430307,-54.786766,348.9131425,324.0671225,-45.485304000000006,-61.730579000000034,21.729959000000008
-66.16881566666667,571.8960946666667,325.223103,-194.413189,369.05914,106.669868,-54.7418835,348.9985835,324.325224,-45.563467,-61.635073000000034,21.900712
-66.14732133333332,571.8692403333333,325.25130199999995,-194.376,368.843005,106.9085525,-54.6975075,349.0804995,324.57955300000003,-45.646125000000005,-61.539107,22.07387799999998
-66.12559033333334,571.841858,325.279419,-194.341644,368.6294365,107.14619400000001,-54.65356,349.1590945,324.8297685,-45.73326,-61.442857000000004,22.249518999999964
-66.103615,571.81401,325.307468,-194.3101555,368.41866,107.382612,-54.6099715,349.234558,325.0755365,-45.82482099999999,-61.34648600000003,22.427669000000037
-66.08139,571.785758,325.335462,-194.28155349999997,368.2108965,107.61761800000001,-54.5666805,349.30706250000003,325.31653,-45.920721,-61.25014700000003,22.60833200000002
-66.05891066666668,571.757162,325.3634123333333,-194.25583899999998,368.0063605,107.8510165,-54.523636999999994,349.37676650000003,325.5524365,-46.020835999999996,-61.15398699999997,22.791471
-66.03617466666667,571.7282823333334,325.39133166666664,-194.232996,367.80526050000003,108.0826055,-54.4808035,349.443811,325.78296450000005,-46.125005,-61.05814400000003,22.977011000000005
-66.01317933333333,571.699178,325.4192286666667,-194.2129905,367.60779549999995,108.31217699999999,-54.438157499999996,349.508323,326.007846,-46.233019,-60.962747999999976,23.16483199999999
-65.98992433333333,571.6699073333333,325.447113,-194.1957725,367.4141545,108.5395235,-54.395691,349.570417,326.226844,-46.344628,-60.86792399999996,23.35476399999999
-65.96640833333333,571.6405263333334,325.47499266666665,-194.1812745,367.2245155,108.76443450000001,-54.3534155,349.6301945,326.4397535,-46.459541,-60.77378900000002,23.54658900000004
-65.94263466666666,571.611092,325.5028753333333,-194.1694135,367.039046,108.98669999999998,-54.311356,349.687748,326.646408,-46.57742,-60.680462000000034,23.740038000000027
-65.91860333333334,571.5816586666666,325.5307666666667,-194.1600905,366.857898,109.20611349999999,-54.269557,349.74316250000004,326.846682,-46.69788799999999,-60.58805100000001,23.934792000000016
-65.89431766666667,571.5522793333333,325.55867366666666,-194.1531925,366.68121,109.422472,-54.228080000000006,349.7965155,327.04049050000003,-46.820528,-60.496667,24.13048299999997
-65.86978166666667,571.5230066666667,325.58660000000003,-194.148592,366.509107,109.635579,-54.187003000000004,349.847883,327.22779449999996,-46.944888,-60.40641599999998,24.32669900000002
-65.84500033333333,571.493891,325.6145503333334,-194.1461495,366.34169599999996,109.8452435,-54.1464175,349.8973385,327.40859950000004,-47.07048499999999,-60.31740500000001,24.522981000000016
-65.81997833333334,571.4649806666666,325.642528,-194.1457125,366.179069,110.05128500000001,-54.1064305,349.944958,327.5829555,-47.196809,-60.229738,24.71883699999995
-65.79472133333333,571.4363233333333,325.67053533333336,-194.1471185,366.0213005,110.253532,-54.0671605,349.9908185,327.75095650000003,-47.32333299999999,-60.14351899999997,24.91374300000001
-65.76923633333332,571.4079646666668,325.698575,-194.1501955,365.868448,110.451824,-54.028734,350.0350055,327.912739,-47.449512,-60.05884900000001,25.10714999999999
-65.74352966666667,571.3799476666667,325.726648,-194.1547635,365.7205515,110.64601300000001,-53.991288000000004,350.077607,328.0684775,-47.574798,-59.97582999999997,25.29848899999996
-65.71761033333333,571.3523143333333,325.75475566666665,-194.160635,365.577634,110.8359635,-53.9549605,350.1187225,328.21838449999996,-47.698641,-59.894559000000015,25.487189
-65.69148466666667,571.325105,325.782899,-194.1676195,365.439699,111.02155499999999,-53.9198935,350.15846,328.362704,-47.82050100000001,-59.81513000000001,25.672672000000034
-65.66516166666666,571.2983559999999,325.81107833333334,-194.1755205,365.3067365,111.20268050000001,-53.8862285,350.1969345,328.5017105,-47.939853,-59.737634999999955,25.854371000000015
-65.638651,571.2721046666667,325.83929266666667,-194.1841405,365.178717,111.3792485,-53.8541035,350.23427549999997,328.6356995,-48.05619299999999,-59.66215900000003,26.03173700000002
-65.61196,571.2463833333334,325.8675426666667,-194.1932815,365.0555955,111.55118350000001,-53.8236495,350.27062,328.764988,-48.169049,-59.588779999999986,26.204246000000012
-65.585099,571.2212233333333,325.89582733333333,-194.2027455,364.937312,111.7184265,-53.7949895,350.306116,328.889906,-48.277978999999995,-59.517570000000035,26.371403999999984
-65.55807733333334,571.1966543333333,325.92414633333334,-194.212339,364.823791,111.880932,-53.768236,350.34092,329.0107935,-48.382588,-59.44859200000002,26.532764999999984
-65.53090433333334,571.1727023333333,325.9524983333333,-194.221871,364.7149445,112.03867349999999,-53.743489000000004,350.3751975,329.127993,-48.482524,-59.38190099999997,26.687921999999958
-65.50358999999999,571.1493919999999,325.9808826666667,-194.2311575,364.61067,112.191638,-53.720833,350.4091205,329.2418485,-48.577484,-59.317538999999954,26.836527000000046
-65.47614399999999,571.126746,326.00929866666667,-194.2400205,364.510854,112.33983,-53.700337499999996,350.4428665,329.35269700000003,-48.667219,-59.255537000000004,26.978287999999964
-65.44857633333334,571.1047833333333,326.03774500000003,-194.248291,364.415374,112.483269,-53.6820545,350.4766175,329.4608675,-48.75153300000001,-59.19591699999995,27.11296900000002
-65.42089666666668,571.083522,326.066221,-194.25581,364.324095,112.6219885,-53.666019000000006,350.5105565,329.56667500000003,-48.830288,-59.138687000000004,27.24040599999995
-65.39311533333334,571.0629766666666,326.0947253333333,-194.2624295,364.2368755,112.75603699999999,-53.6522485,350.5448655,329.67041900000004,-48.90339900000001,-59.08383900000001,27.360491999999965
-65.36524166666668,571.0431596666666,326.12325733333336,-194.2680125,364.153567,112.88547750000001,-53.6407425,350.5797255,329.772379,-48.970836999999996,-59.031361000000004,27.47318800000005
-65.33728666666667,571.0240813333334,326.151816,-194.272437,364.074015,113.010386,-53.631482000000005,350.6153115,329.8728135,-49.032626,-58.98121900000001,27.578517000000033
-65.30925866666666,571.0057496666667,326.1804006666667,-194.275594,363.9980605,113.13085050000001,-53.6244315,350.651792,329.97195750000003,-49.088841,-58.93337399999996,27.676563000000044
-65.281169,570.9881693333333,326.20901133333336,-194.2773895,363.9255415,113.2469715,-53.619541,350.6893265,330.070021,-49.139602,-58.88777300000004,27.767470000000003
-65.25302599999999,570.9713443333334,326.23764600000004,-194.277745,363.856292,113.35885999999999,-53.616743500000005,350.72806349999996,330.167189,-49.185073,-58.84435300000001,27.85143400000004
-65.22484066666668,570.9552753333334,326.2663053333333,-194.2765965,363.7901475,113.46663749999999,-53.61596,350.768136,330.26362200000005,-49.22546,-58.80303999999995,27.928697999999997
-65.19662133333334,570.93996,326.29498766666666,-194.273897,363.72694149999995,113.570434,-53.6170985,350.809664,330.3594535,-49.260997,-58.76375399999995,27.999555000000043
-65.16837866666667,570.9253946666666,326.3236943333334,-194.2696165,363.6665095,113.6703905,-53.620056,350.85275,330.4547925,-49.29195,-58.726406,28.06433100000004
-65.14012166666667,570.9115746666666,326.35242266666666,-194.26374049999998,363.6086875,113.766652,-53.624722,350.89747750000004,330.54972399999997,-49.31860999999999,-58.690899,28.123384000000044
-65.111859,570.8984906666666,326.38117366666665,-194.2562705,363.553316,113.8593735,-53.6309765,350.9439115,330.644312,-49.341283000000004,-58.65713499999998,28.177099999999996
-65.08360033333334,570.8861326666666,326.409947,-194.24722350000002,363.5002375,113.948713,-53.6386955,350.9920945,330.73859649999997,-49.360288999999995,-58.62500699999998,28.225885000000005
-65.05535533333334,570.8744886666667,326.43874166666666,-194.236632,363.4492985,114.03483499999999,-53.647748500000006,351.04204849999996,330.83259999999996,-49.37595700000001,-58.59441099999998,28.270155999999986
-65.027132,570.8635439999999,326.467558,-194.224545,363.400351,114.1179085,-53.6580055,351.093774,330.926326,-49.388619000000006,-58.56523800000002,28.310336000000007
-64.99894066666667,570.8532833333333,326.4963943333333,-194.2110235,363.353252,114.198104,-53.66933,351.147248,331.019763,-49.398604000000006,-58.537379999999985,28.346852000000013
-64.97078866666666,570.8436883333334,326.5252513333333,-194.1961425,363.307863,114.27559500000001,-53.6815895,351.2024265,331.112886,-49.406239,-58.510730999999964,28.38012600000002
-64.94268566666666,570.834739,326.554127,-194.17999,363.264052,114.3505565,-53.6946515,351.25924150000003,331.2056585,-49.411837000000006,-58.48518700000005,28.410568999999953
-64.91463933333334,570.8264136666667,326.58302133333336,-194.162665,363.2216935,114.423165,-53.708383,351.317606,331.298032,-49.415702,-58.46064799999999,28.43858
-64.88665966666666,570.8186900000001,326.611934,-194.144277,363.1806675,114.4935955,-53.722656,351.377411,331.38995250000005,-49.418119999999995,-58.43701599999997,28.464540999999997
-64.85875399999999,570.8115416666667,326.6408626666667,-194.1249435,363.1408615,114.562021,-53.737345000000005,351.43852749999996,331.48135950000005,-49.419364,-58.414198999999996,28.488811
-64.83093133333334,570.8049436666666,326.6698063333333,-194.1047915,363.1021675,114.6286155,-53.752329,351.5008075,331.57218750000004,-49.41968,-58.392111,28.511725000000013
-64.803199,570.798868,326.698764,-194.083954,363.064487,114.69354799999999,-53.7674905,351.5640875,331.6623685,-49.41929900000001,-58.370672999999954,28.53359499999999
-64.77556566666667,570.7932850000001,326.72773366666667,-194.0625695,363.0277255,114.75698599999998,-53.782717999999996,351.62818649999997,331.7518325,-49.418426,-58.34980899999999,28.55470299999996
-64.74803966666667,570.7881643333334,326.7567133333333,-194.04077949999999,362.991796,114.81909050000002,-53.7979045,351.69291150000004,331.8405095,-49.417249,-58.329453,28.575300999999968
-64.72062866666666,570.7834746666666,326.785701,-194.0187285,362.95661800000005,114.88002,-53.8129485,351.75805449999996,331.9283305,-49.415926999999996,-58.309545000000014,28.59561500000001
-64.69334033333332,570.7791826666668,326.814694,-193.9965635,362.92211699999996,114.93992650000001,-53.8277545,351.8234005,332.015228,-49.414599,-58.290031,28.61583999999999
-64.666182,570.7752533333334,326.8436896666667,-193.9744285,362.88822500000003,114.99895599999999,-53.8422305,351.88872200000003,332.1011365,-49.413383,-58.27086400000002,28.636138999999957
-64.639162,570.7716529999999,326.8726843333333,-193.9524695,362.854879,115.05724749999999,-53.856292999999994,351.9537875,332.185993,-49.41237399999999,-58.252005,28.65665200000001
-64.61228666666666,570.7683443333334,326.901675,-193.930827,362.822024,115.1149335,-53.8698625,352.018362,332.26973899999996,-49.411649,-58.23341999999997,28.677485999999988
-64.58556499999999,570.7652906666667,326.93065699999994,-193.9096385,362.789607,115.1721365,-53.8828635,352.0822045,332.35231650000003,-49.41126299999999,-58.215081,28.698725000000024
-64.55900266666667,570.7624533333334,326.959627,-193.8890365,362.7575845,115.22897350000001,-53.895229,352.145077,332.433674,-49.411258000000004,-58.19696800000003,28.72042799999997
-64.53260766666666,570.7597936666666,326.98857933333335,-193.8691475,362.7259155,115.2855495,-53.906895000000006,352.2067405,332.5137615,-49.411654000000006,-58.17906499999998,28.742631000000017
-64.506387,570.757272,327.01750866666663,-193.85009000000002,362.694565,115.341962,-53.917804000000004,352.26696100000004,332.5925325,-49.412462000000005,-58.16136,28.76534700000002
-64.48034633333333,570.7548473333333,327.04640966666665,-193.831975,362.66350350000005,115.39829650000001,-53.9279035,352.325507,332.6699425,-49.41367700000001,-58.14384799999999,28.788575000000037
-64.45449433333333,570.752479,327.0752753333333,-193.814904,362.6327035,115.45463050000001,-53.937147,352.382156,332.745951,-49.415284,-58.12652400000002,28.81228999999996
-64.42883566666667,570.7501243333332,327.1040983333333,-193.798969,362.60214499999995,115.51102900000001,-53.945491000000004,352.436694,332.820519,-49.417258000000004,-58.109392000000014,28.836457999999993
-64.40337833333334,570.7477416666667,327.13287133333336,-193.78425149999998,362.5718095,115.56754600000001,-53.9529,352.48891549999996,332.8936095,-49.419566,-58.092453000000035,28.86103099999997
-64.37812733333334,570.7452873333333,327.16158566666667,-193.7708225,362.5416845,115.624225,-53.959342,352.538628,332.9651855,-49.42217000000001,-58.075717999999995,28.885948999999982
-64.35309,570.7427176666666,327.1902316666667,-193.7587405,362.511759,115.68109799999999,-53.964791000000005,352.58564950000005,333.0352125,-49.425026,-58.05919299999999,28.911141000000043
-64.32827233333335,570.7399886666667,327.21879966666665,-193.748054,362.48202649999996,115.73818449999999,-53.969226,352.629814,333.1036565,-49.42808599999999,-58.042888000000005,28.936533000000054
-64.30367933333333,570.7370556666666,327.24727866666666,-193.7387975,362.45248349999997,115.795492,-53.972631,352.67097049999995,333.1704815,-49.431302,-58.026816999999994,28.96204499999999
-64.27931833333334,570.7338746666667,327.27565699999997,-193.7309955,362.4231285,115.85301749999999,-53.974996999999995,352.7089815,333.2356535,-49.434624,-58.01099099999999,28.987593000000004
-64.25519433333334,570.7303993333334,327.303921,-193.72465849999998,362.393963,115.91074499999999,-53.976318,352.7437295,333.29913650000003,-49.438,-57.99542300000002,29.013086999999985
-64.231314,570.7265843333333,327.332058,-193.719786,362.3649905,115.968648,-53.976594500000004,352.77511200000004,333.36089300000003,-49.441385000000004,-57.980125999999984,29.03844399999997
-64.20768199999999,570.7223846666667,327.36005233333333,-193.716366,362.3362155,116.02668800000001,-53.975832,352.803044,333.4208855,-49.44472999999999,-57.965111999999976,29.063575000000014
-64.184305,570.7177536666667,327.38788866666664,-193.7143735,362.307646,116.08481499999999,-53.9740415,352.8274615,333.4790755,-49.447993,-57.95039300000002,29.08839499999999
-64.16118766666666,570.7126460000001,327.41554966666666,-193.7137745,362.2792895,116.142968,-53.971239,352.8483155,333.53542000000004,-49.451133999999996,-57.935978999999975,29.11282399999999
-64.13833699999999,570.707015,327.44301766666666,-193.71452349999998,362.2511545,116.2010765,-53.967445,352.8655765,333.5898775,-49.454117999999994,-57.92188100000004,29.136781000000042
-64.11575733333333,570.7008136666667,327.47027299999996,-193.716563,362.223251,116.25905850000001,-53.9626845,352.879235,333.64240199999995,-49.456914999999995,-57.908105999999975,29.160191999999995
-64.093456,570.6939956666666,327.4972963333334,-193.719828,362.19559000000004,116.3168235,-53.956989,352.8892975,333.6929485,-49.45949800000001,-57.89466100000004,29.182987000000026
-64.07143766666667,570.6865156666667,327.524065,-193.724245,362.1681815,116.37427050000001,-53.950391499999995,352.89578900000004,333.7414675,-49.461847,-57.881550000000004,29.20510300000001
-64.04970866666667,570.6783256666666,327.55055699999997,-193.72973100000002,362.141036,116.43129,-53.942930999999994,352.898751,333.78790949999996,-49.46395,-57.86877800000002,29.22648099999998
-64.02827533333334,570.6693806666666,327.57674833333334,-193.7361965,362.11416399999996,116.487764,-53.934648,352.898242,333.8322215,-49.465796,-57.856345999999974,29.247067000000015
-64.00714266666667,570.6596326666667,327.6026136666667,-193.7435465,362.0875765,116.543568,-53.925587,352.8943345,333.87435100000005,-49.467382,-57.84425299999998,29.266816000000006
-63.986318000000004,570.6490366666667,327.62812733333334,-193.7516775,362.061283,116.598569,-53.9157965,352.887117,333.9142425,-49.46871300000001,-57.83249599999999,29.285684999999944
-63.965808,570.6375453333334,327.65326166666665,-193.76048450000002,362.035294,116.652627,-53.905323499999994,352.8766905,333.9518385,-49.469795,-57.821072999999956,29.30364099999997
-63.945617999999996,570.6251139999999,327.67798833333336,-193.769858,362.0096195,116.705597,-53.8942195,352.863168,333.987081,-49.470645000000005,-57.809978,29.320655999999985
-63.925756,570.611696,327.7022776666667,-193.77968600000003,361.984269,116.757327,-53.882535000000004,352.8466725,334.01991,-49.471282,-57.79920500000003,29.336703999999997
-63.906228666666664,570.5972459999999,327.72609900000003,-193.7898535,361.959253,116.8076615,-53.8703205,352.827337,334.05026499999997,-49.47173099999999,-57.788748000000055,29.351770000000045
-63.887042666666666,570.5817189999999,327.74941966666665,-193.8002475,361.934582,116.8564385,-53.857627,352.8053,334.078082,-49.47202,-57.77859599999999,29.36583999999999
-63.868207000000005,570.5650696666667,327.7722076666667,-193.810754,361.91026650000003,116.9034925,-53.844504,352.780708,334.1032965,-49.472185999999994,-57.76874399999997,29.37890500000003
-63.849728,570.5472536666666,327.7944283333333,-193.82126,361.8863195,116.94865300000001,-53.830998,352.753708,334.12584300000003,-49.472266000000005,-57.75918200000001,29.390960000000007
-63.83161466666667,570.5282266666667,327.8160476666667,-193.8316555,361.8627545,116.9917475,-53.817155,352.7244515,334.1456515,-49.472302000000006,-57.74990700000001,29.402004999999974
-63.813874999999996,570.5079453333334,327.83702900000003,-193.841835,361.8395875,117.032599,-53.803015,352.6930875,334.16265250000004,-49.47234,-57.74090899999999,29.412038999999993
-63.79651766666667,570.4863663333332,327.85733566666664,-193.851696,361.81683699999996,117.0710275,-53.788618,352.659763,334.1767725,-49.472426000000006,-57.73218799999995,29.421065
-63.77955166666667,570.4634463333333,327.8769296666666,-193.861142,361.794525,117.1068485,-53.773996499999996,352.6246215,334.187934,-49.472611,-57.72374300000001,29.429085999999984
-63.76298633333332,570.4391436666666,327.89577333333335,-193.870084,361.7726765,117.13987700000001,-53.7591805,352.58779749999997,334.1960575,-49.472947000000005,-57.715575,29.436104999999998
-63.746832000000005,570.4134170000001,327.913826,-193.87843850000002,361.7513215,117.16992300000001,-53.744195,352.5494185,334.201059,-49.473484,-57.70769299999995,29.442125999999973
-63.73109766666666,570.3862243333333,327.93104866666664,-193.88613149999998,361.730495,117.19679400000001,-53.729059,352.509599,334.20284949999996,-49.474273999999994,-57.700108,29.447149000000024
-63.71579366666666,570.357527,327.9473996666666,-193.893097,361.7102395,117.220295,-53.713786999999996,352.46844050000004,334.201334,-49.475368,-57.692837,29.45116999999999
-63.700932,570.3272833333334,327.9628386666667,-193.89928,361.69060249999995,117.24022649999999,-53.6983885,352.42602899999997,334.196413,-49.47681300000001,-57.685902,29.454183999999998
-63.686523,570.2954563333333,327.9773226666667,-193.904634,361.67164,117.256386,-53.6828675,352.3824305,334.187978,-49.478655,-57.67933500000004,29.456178000000023
-63.67257666666666,570.2620066666667,327.99080966666673,-193.90912550000002,361.65341550000005,117.2685675,-53.6672235,352.3376935,334.1759135,-49.480937,-57.67317300000002,29.45713699999999
-63.659107000000006,570.2268983333333,328.003256,-193.9127315,361.6360025,117.27655899999999,-53.6514515,352.291842,334.160096,-49.48369699999999,-57.66745999999995,29.45703400000002
-63.64612433333334,570.190094,328.014619,-193.915441,361.619485,117.280146,-53.6355425,352.24487550000003,334.14039,-49.486965,-57.66225300000002,29.45583800000003
-63.63364233333334,570.1515593333334,328.024854,-193.917257,361.6039555,117.27910750000001,-53.619485499999996,352.196766,334.11665100000005,-49.490767,-57.65761200000003,29.453506000000004
-63.62167300000001,570.1112593333334,328.03391700000003,-193.918194,361.5895205,117.27321699999999,-53.603266,352.14745849999997,334.0887205,-49.495121999999995,-57.65360700000002,29.449985000000027
-63.61022966666667,570.069161,328.041764,-193.91828,361.5762955,117.2622415,-53.586869,352.096865,334.056429,-49.500038,-57.65032200000002,29.44521000000003
-63.599326,570.0252323333333,328.04835,-193.9175565,361.564412,117.245943,-53.570278,352.0448665,334.019592,-49.505514000000005,-57.64784300000002,29.439103999999986
-63.58897533333334,569.979442,328.05363033333333,-193.9160785,361.5540125,117.224074,-53.5534795,351.9913075,333.97800900000004,-49.51154100000001,-57.646270999999956,29.431578000000002
-63.57919166666667,569.9317603333334,328.0575606666667,-193.913915,361.5452545,117.1963805,-53.53646,351.9359975,333.9314645,-49.518096,-57.645711000000006,29.422522999999956
-63.56998933333333,569.8821589999999,328.0600953333333,-193.9111465,361.53830849999997,117.162598,-53.5192095,351.8787075,333.87972449999995,-49.52514500000001,-57.64627899999999,29.411816999999985
-63.56138333333333,569.8306096666666,328.06119066666673,-193.907869,361.53336149999996,117.122456,-53.501725,351.819168,333.8225375,-49.532641999999996,-57.64809600000001,29.399320999999986
-63.553388000000005,569.7770873333334,328.0608013333333,-193.904189,361.5306145,117.075672,-53.484007000000005,351.75707,333.759632,-49.540528,-57.65129200000001,29.384878000000015
-63.546019,569.7215673333334,328.058883,-193.90022800000003,361.5302855,117.0219535,-53.4660655,351.692059,333.690718,-49.548731000000004,-57.656002,29.36830999999995
-63.539290666666666,569.6640266666667,328.0553923333334,-193.896117,361.532606,116.96099699999999,-53.447918,351.62374,333.6154825,-49.557162000000005,-57.662364000000025,29.34941900000001
-63.53321966666667,569.6044430000001,328.05028500000003,-193.891999,361.5378255,116.89248800000001,-53.4295945,351.551671,333.5335925,-49.565723000000006,-57.67052000000001,29.327987000000007
-63.52782066666666,569.542797,328.04351733333334,-193.88802750000002,361.54621,116.8161015,-53.411133500000005,351.475365,333.44469300000003,-49.574299,-57.68061399999999,29.303772000000038
-63.523110333333335,569.4790706666666,328.0350476666667,-193.8843675,361.5580405,116.73149749999999,-53.3925885,351.3942875,333.3484065,-49.582763,-57.692792999999995,29.276513000000023
-63.519105,569.4132473333333,328.02483333333333,-193.8811905,361.57361549999996,116.6383265,-53.3740255,351.30785749999995,333.24433250000004,-49.590979000000004,-57.70719700000001,29.245919000000015
-63.51581933333333,569.3453123333333,328.0128326666666,-193.87867649999998,361.5932495,116.5362245,-53.355526,351.215446,333.132048,-49.598794,-57.72396800000001,29.21168399999999
-63.51327033333333,569.2752533333334,327.99900533333334,-193.87701199999998,361.6172735,116.424816,-53.3371855,351.1163755,333.0111075,-49.606049,-57.74324100000001,29.173471000000006
-63.51147433333333,569.2030596666667,327.98331133333335,-193.8763905,361.646035,116.30371250000002,-53.319116,351.00992099999996,332.881042,-49.61257400000001,-57.765142000000026,29.130921999999998
-63.510447666666664,569.1287236666667,327.96571133333333,-193.877008,361.67989750000004,116.172514,-53.301446500000004,350.8953105,332.741362,-49.618193000000005,-57.78979100000004,29.083651999999972
-63.510206000000004,569.0522383333332,327.94616833333333,-193.879065,361.71924,116.03080899999999,-53.28432,350.77172299999995,332.59155350000003,-49.62272800000001,-57.817297999999994,29.031255000000044
-63.51076600000001,568.9736,327.92464500000006,-193.882763,361.7644555,115.878174,-53.267896,350.6382925,332.431084,-49.62599200000001,-57.84775500000001,28.97330199999999
-63.512143333333334,568.8928080000001,327.90110666666664,-193.8883035,361.815954,115.714176,-53.2523505,350.49410750000004,332.2593985,-49.627807000000004,-57.88124499999998,28.90933899999999
-63.514353666666665,568.809863,327.87551833333333,-193.89588650000002,361.87415599999997,115.538374,-53.237873,350.3382135,332.075923,-49.62799,-57.91783099999998,28.838893999999982
-63.51741333333333,568.724769,327.84784733333333,-193.9057105,361.939498,115.35031749999999,-53.224668,350.16961200000003,331.8800655,-49.626369999999994,-57.95755600000001,28.761473000000024
-63.52133733333333,568.6375320000001,327.818064,-193.9179675,362.012426,115.149551,-53.212950500000005,349.98726750000003,331.671216,-49.622783000000005,-58.00044699999995,28.676567999999975
-63.526141333333335,568.5481626666667,327.786138,-193.93284649999998,362.093397,114.93561600000001,-53.20295,349.79010700000003,331.44874649999997,-49.617079999999994,-58.04650399999997,28.58365299999997
-63.53183933333333,568.4566706666668,327.7520416666667,-193.95052650000002,362.18287599999996,114.70805,-53.1949015,349.5770215,331.2120165,-49.609127,-58.09570699999995,28.482192999999995
-63.53844566666667,568.3630723333332,327.7157496666667,-193.971179,362.281336,114.46639350000001,-53.18905049999999,349.3468745,330.96037049999995,-49.598814999999995,-58.148009,28.371643000000006
-63.545975,568.2673846666667,327.67723900000004,-193.99496349999998,362.389254,114.21018949999998,-53.1856475,349.0985015,330.69313999999997,-49.586053,-58.20333700000003,28.25145200000003
-63.554440666666665,568.1696286666667,327.6364873333334,-194.022029,362.50710849999996,113.938987,-53.18494749999999,348.8307165,330.409646,-49.570784999999994,-58.261593000000005,28.121072000000026
-63.563854666666664,568.0698276666667,327.5934763333334,-194.052511,362.63538,113.6523455,-53.1872045,348.54231500000003,330.1092005,-49.55298499999999,-58.32265000000001,27.979955000000018
-63.574229333333335,567.9680073333334,327.548189,-194.0865285,362.7745435,113.3498385,-53.192673,348.2320815,329.791108,-49.53265999999999,-58.386352999999986,27.827563999999995
-63.585576333333336,567.8641973333333,327.5006113333333,-194.1241875,362.92507,113.03105550000001,-53.201605,347.89879299999996,329.45466550000003,-49.50985800000001,-58.45251999999999,27.66337500000003
-63.597906,567.75843,327.4507316666666,-194.165574,363.08741899999995,112.695608,-53.214245,347.541226,329.0991665,-49.484672,-58.520939999999996,27.486882999999978
-63.61122833333334,567.6507399999999,327.398541,-194.2107585,363.262039,112.3431335,-53.230831499999994,347.158161,328.7239005,-49.457232999999995,-58.59137399999997,27.297609000000023
-63.62555166666666,567.541165,327.344034,-194.25979,363.4493605,111.9732975,-53.251591499999996,346.74839099999997,328.3281575,-49.427724999999995,-58.66355600000003,27.095102999999995
-63.640883333333335,567.4297456666667,327.28720733333336,-194.3126995,363.64979400000004,111.5858005,-53.276741,346.3107265,327.911226,-49.396376000000004,-58.73719699999998,26.87895000000003
-63.657231333333335,567.3165246666666,327.2280616666667,-194.369497,363.8637255,111.18038,-53.306481000000005,345.84400400000004,327.472398,-49.363464,-58.81197800000001,26.648779999999988
-63.674599666666666,567.2015473333333,327.1665996666667,-194.430172,364.09151299999996,110.75681599999999,-53.3409985,345.347091,327.010969,-49.329319,-58.88756000000001,26.404266000000007
-63.692993,567.0848633333334,327.102829,-194.49469349999998,364.3334845,110.314933,-53.380463,344.818892,326.52624149999997,-49.29431799999999,-58.963581999999974,26.14513500000004
-63.71241466666667,566.966521,327.0367583333333,-194.563009,364.58993050000004,109.8546045,-53.425025500000004,344.258358,326.017524,-49.258885,-59.03966200000002,25.871166000000017
-63.732865333333336,566.8465743333333,326.96840233333336,-194.6350465,364.861105,109.375757,-53.474819,343.6644935,325.48413600000003,-49.22349199999999,-59.11540100000002,25.58220399999999
-63.754345,566.7250773333333,326.8977773333333,-194.710713,365.1472205,108.8783695,-53.529959,343.0363575,324.925409,-49.188655999999995,-59.19038499999999,25.278151999999977
-63.776852999999996,566.6020863333333,326.82490433333334,-194.7898955,365.4484455,108.36247850000001,-53.590540499999996,342.3730775,324.3406885,-49.154928999999996,-59.26418699999999,24.95898299999999
-63.80038566666667,566.4776596666667,326.74980733333337,-194.872464,365.7649045,107.828177,-53.656641,341.673847,323.7293365,-49.12290399999999,-59.336370000000045,24.624732999999992
-63.82493833333333,566.351857,326.6725139999999,-194.95826899999997,366.096675,107.2756155,-53.7283185,340.93793949999997,323.090733,-49.09320099999999,-59.40648900000002,24.275514000000044
-63.850504,566.224739,326.593055,-195.0471465,366.443787,106.705001,-53.805616,340.16470449999997,322.42427899999996,-49.06646799999999,-59.47409499999998,23.911497999999995
-63.87707433333333,566.096368,326.51146566666665,-195.138915,366.80622600000004,106.11659750000001,-53.888561,339.35357999999997,321.7293995,-49.043368,-59.53873800000002,23.532932999999957
-63.90463966666666,565.9668063333334,326.42778500000003,-195.2333835,367.18393000000003,105.5107215,-53.977166,338.504091,321.0055445,-49.024582,-59.59996799999999,23.140127000000007
-63.933188333333334,565.8361186666666,326.34205433333335,-195.33034450000002,367.576794,104.8877385,-54.0714335,337.6158545,320.2521935,-49.010791000000005,-59.657340999999974,22.733454999999992
-63.962705,565.7043676666666,326.25431999999995,-195.429586,367.98467300000004,104.248063,-54.171352999999996,336.68858,319.46885399999996,-49.002676,-59.71041600000001,22.313349999999957
-63.993175,565.5716183333334,326.16463100000004,-195.53088400000001,368.407384,103.59214650000001,-54.27691,335.72207649999996,318.65506849999997,-49.00090800000001,-59.75876699999998,21.88030299999997
-64.02457866666667,565.4379346666666,326.073039,-195.634011,368.84470999999996,102.9204795,-54.388083,334.71624499999996,317.81041400000004,-49.00613800000001,-59.801976000000025,21.43485400000003
-64.05689766666667,565.30338,325.979601,-195.73873550000002,369.296407,102.23357850000001,-54.504848,333.671088,316.934504,-49.018997999999996,-59.839642000000026,20.977585999999974
-64.090109,565.168018,325.8843756666667,-195.84482400000002,369.76220650000005,101.5319835,-54.6271805,332.5867015,316.0269925,-49.040079000000006,-59.87137900000005,20.509123000000045
-64.12418866666667,565.0319113333334,325.7874253333334,-195.952045,370.2418225,100.816249,-54.7550585,331.46328000000005,315.087573,-49.069936999999996,-59.896817999999996,20.030122000000006
-64.15911033333333,564.8951213333333,325.68881533333337,-196.060167,370.734958,100.086937,-54.8884635,330.301109,314.11598100000003,-49.10908499999999,-59.915616,19.541262000000017
-64.19484533333333,564.7577083333333,325.5886136666667,-196.1689655,371.241308,99.3446095,-55.027384500000004,329.100568,313.11199650000003,-49.157979,-59.92744400000004,19.043241000000023
-64.23136333333333,564.6197316666667,325.4868916666667,-196.2782215,371.7605685,98.589823,-55.1718175,327.8621225,312.0754435,-49.217019,-59.932001000000014,18.536771000000044
-64.26863233333334,564.481248,325.3837226666667,-196.387723,372.2924365,97.82312300000001,-55.321768,326.58632450000005,311.0061895,-49.286546,-59.92900700000001,18.022564999999986
-64.30661633333334,564.3423126666667,325.2791836666667,-196.49726800000002,372.8366185,97.04503550000001,-55.477253,325.2738055,309.90414799999996,-49.366832,-59.918206999999995,17.50133599999998
-64.34528066666667,564.2029803333334,325.173352,-196.60666550000002,373.39283,96.2560675,-55.6383015,323.925275,308.769278,-49.458087,-59.89936799999998,16.973788000000013
-64.38458533333333,564.0633016666667,325.06630866666666,-196.7157345,373.9607975,95.4567035,-55.8049535,322.541512,307.60158,-49.560445,-59.87227999999999,16.440609999999992
-64.42449066666667,563.9233246666668,324.9581366666667,-196.824308,374.54026,94.647403,-55.977262,321.123363,306.4010995,-49.673975999999996,-59.83676200000002,15.902476999999976
-64.46495366666666,563.783097,324.8489196666667,-196.93223,375.13096499999995,93.8286075,-56.1552935,319.6717355,305.167923,-49.79867899999999,-59.79264899999998,15.360033999999985
-64.50593166666667,563.6426626666666,324.73874466666666,-197.039357,375.7326645,93.00073950000001,-56.3391235,318.187593,303.9021775,-49.934481000000005,-59.7398,14.813906999999972
-64.547377,563.5020623333334,324.627699,-197.1455585,376.345109,92.164211,-56.5288395,316.6719475,302.604026,-50.081249,-59.67809699999998,14.26468600000004
-64.58924466666667,563.361335,324.5158706666667,-197.250716,376.96804,91.319432,-56.7245395,315.125858,301.2736695,-50.238781,-59.607438,13.712933000000021
-64.63148433333333,563.2205163333333,324.40335,-197.35472,377.6011795,90.466821,-56.9263255,313.55042149999997,299.9113415,-50.406820999999994,-59.527739000000054,13.159175000000005
-64.67404633333334,563.0796393333334,324.29022833333335,-197.4574735,378.2442175,89.6068205,-57.134308499999996,311.9467695,298.5173045,-50.585053,-59.438935000000015,12.603906999999992
-64.71687866666666,562.9387336666667,324.1765966666667,-197.5588865,378.896796,88.73990699999999,-57.348601,310.31606150000005,297.09184849999997,-50.773115999999995,-59.340975000000014,12.04758899999996
-64.75993,562.797827,324.06254633333333,-197.6588755,379.5584965,87.8666135,-57.569317,308.65948349999996,295.635289,-50.97059999999999,-59.23381899999998,11.49064599999997
-64.803145,562.6569426666666,323.94816999999995,-197.7573645,380.2288225,86.987543,-57.7965685,306.97823900000003,294.14796149999995,-51.177059,-59.117444000000035,10.933472999999992
-64.84647,562.5161026666666,323.8335596666667,-197.85427950000002,380.90718200000003,86.1033895,-58.0304635,305.2735495,292.6302195,-51.392013000000006,-58.99183500000004,10.37643300000002
-64.88985000000001,562.375325,323.7188076666667,-197.9495495,381.592871,85.2149525,-58.271102,303.5466465,291.0824315,-51.614954000000004,-58.856987000000004,9.819859000000008
-64.93322766666667,562.2346259999999,323.60400566666664,-198.043103,382.28505900000005,84.3231585,-58.518575,301.79877250000004,289.504979,-51.845349999999996,-58.71290700000003,9.264055999999982
-64.97654766666666,562.0940180000001,323.4892446666667,-198.13486999999998,382.9827715,83.429073,-58.7729595,300.03117399999996,287.89824999999996,-52.082659,-58.559609999999964,8.709304000000031
-65.019752,561.9535109999999,323.37461533333334,-198.224775,383.68488,82.5339155,-59.034317,298.2451035,286.26264000000003,-52.326324,-58.39711900000003,8.155862000000013
-65.06278400000001,561.8131136666666,323.2602063333334,-198.31274150000002,384.39009550000003,81.63906850000001,-59.302691499999995,296.441812,284.598549,-52.575782999999994,-58.225468000000035,7.603962000000024
-65.10558666666667,561.67283,323.14610666666664,-198.3986885,385.0969595,80.7460825,-59.5781065,294.62255300000004,282.90637649999996,-52.830473,-58.04469999999998,7.053823000000023
-65.14810200000001,561.532664,323.0324023333333,-198.4825315,385.80384649999996,79.856676,-59.860560500000005,292.78857800000003,281.18652199999997,-53.089835,-57.85486999999995,6.505640000000028
-65.19027299999999,561.3926153333333,322.919179,-198.56418150000002,386.508968,78.9727315,-60.150028,290.94113749999997,279.43938349999996,-53.353314,-57.65604300000001,5.959596999999974
-65.23204299999999,561.2526826666667,322.80652000000003,-198.6435475,387.21038699999997,78.0962825,-60.4464555,289.081479,277.665352,-53.62036499999999,-57.44830000000002,5.415858000000014
-65.27335566666666,561.1128623333334,322.69450566666666,-198.720536,387.906029,77.229496,-60.749761500000005,287.2108485,275.86481549999996,-53.890457000000005,-57.23173699999995,4.874578999999983
-65.31415466666668,560.973149,322.5832163333334,-198.7950545,388.5937135,76.374647,-61.059833,285.330488,274.03815499999996,-54.163068,-57.006466000000046,4.335895999999991
-65.35438566666666,560.8335349999999,322.472727,-198.8670125,389.2711775,75.5340875,-61.376527,283.441639,272.185743,-54.43769400000001,-56.77261999999999,3.7999360000000024
-65.393994,560.694012,322.36311166666667,-198.9363245,389.9361155,74.710208,-61.699666500000006,281.5455425,270.307947,-54.713845,-56.53035300000002,3.266812000000016
-65.43292633333333,560.5545693333333,322.25444166666665,-199.002914,390.58622049999997,73.9053945,-62.029042499999996,279.643436,268.405124,-54.991046999999995,-56.279844000000026,2.736624000000006
-65.47113033333333,560.4151956666666,322.1467846666667,-199.06671599999999,391.219227,73.1219805,-62.364413,277.736559,266.477626,-55.268844,-56.02129400000001,2.2094559999999888
-65.508555,560.275878,322.0402046666666,-199.1276795,391.8329595,72.36219700000001,-62.705503,275.826149,264.525796,-55.546791999999996,-55.754936000000015,1.6853820000000042
-65.54514999999999,560.1366036666667,321.9347626666667,-199.18577349999998,392.425386,71.62812,-63.0520035,273.913445,262.54997249999997,-55.824465,-55.481029999999976,1.1644570000000272
-65.58086766666668,559.9973573333333,321.8305163333334,-199.24098800000002,392.994661,70.9216195,-63.403576,271.999687,260.55048550000004,-56.101452,-55.19986400000002,0.6467250000000035
-65.615661,559.858124,321.7275193333333,-199.2933375,393.5391765,70.2443105,-63.75984750000001,270.086114,258.527664,-56.377355,-54.91175799999999,0.1322099999999864
-65.649485,559.7188883333333,321.62582100000003,-199.3428635,394.057601,69.597509,-64.120418,268.173966,256.48183,-56.651790000000005,-54.61706400000003,-0.37907800000004954
-65.682295,559.579634,321.52546666666666,-199.3896365,394.548917,68.98219449999999,-64.484857,266.2644825,254.41330649999998,-56.924386000000005,-54.31616100000002,-0.8871450000000038
-65.71405033333333,559.440346,321.4264983333333,-199.43375450000002,395.0124435,68.3989885,-64.852708,264.358901,252.3224145,-57.194786,-54.00945999999999,-1.3920170000000098
-65.74470966666667,559.301007,321.32895333333335,-199.4753445,395.447855,67.84813150000001,-65.223491,262.4584575,250.209477,-57.462644000000004,-53.697397000000024,-1.893733999999995
-65.774236,559.1616023333332,321.23286466666667,-199.5145615,395.8551845,67.329481,-65.5967015,260.56438149999997,248.0748205,-57.727629,-53.38043299999998,-2.392350999999991
-65.80259266666667,559.0221153333333,321.138261,-199.551585,396.23481449999997,66.8425235,-65.9718165,258.677898,245.91877599999998,-57.989417,-53.05905000000001,-2.887939999999986
-65.82974566666667,558.8825310000001,321.0451666666666,-199.5866145,396.587462,66.38638900000001,-66.348294,256.8002225,243.741681,-58.24770399999999,-52.73375300000001,-3.380587999999989
-65.85566266666666,558.7428353333333,320.95360166666666,-199.6198685,396.9141455,65.95988700000001,-66.72558000000001,254.9325585,241.543884,-58.50219800000001,-52.405055000000004,-3.8703920000000096
-65.88031433333333,558.6030123333334,320.86358133333334,-199.651576,397.21614950000003,65.5615435,-67.10310799999999,253.0760955,239.3257425,-58.752618,-52.073481000000015,-4.357461000000001
-65.903672,558.4630506666666,320.77511766666663,-199.6819725,397.4949815,65.1896485,-67.480304,251.2320065,237.08763,-58.998704000000004,-51.73956100000001,-4.841910000000013
-65.92571066666666,558.3229366666667,320.6882166666667,-199.7112975,397.75232,64.8423075,-67.856589,249.40144300000003,234.82993299999998,-59.240207999999996,-51.403824000000014,-5.323863999999986
-65.94640700000001,558.182659,320.6028816666667,-199.739783,397.989966,64.51749650000001,-68.23138349999999,247.585532,232.553058,-59.476905,-51.06679,-5.803446000000008
-65.96573933333333,558.0422073333333,320.519111,-199.7676545,398.2097935,64.2131135,-68.6041125,245.7853735,230.2574305,-59.708586999999994,-50.728972999999996,-6.28078099999999
-65.983689,557.9015723333333,320.43689866666665,-199.795121,398.41369699999996,63.927032999999994,-68.9742055,244.002036,227.9434995,-59.935065,-50.39086200000003,-6.7559909999999945
-66.00024033333334,557.760746,320.35623533333336,-199.8223735,398.6035475,63.657152499999995,-69.3411035,242.236554,225.611738,-60.15617699999999,-50.05292799999998,-7.229190000000017
-66.01537833333333,557.6197213333334,320.27710766666667,-199.849582,398.781151,63.4014375,-69.704264,240.489925,223.26264650000002,-60.371781999999996,-49.71561000000003,-7.700480999999996
-66.029091,557.4784923333333,320.1994976666667,-199.87689,398.94821249999995,63.157959,-70.06315950000001,238.763105,220.8967525,-60.581765000000004,-49.37931800000001,-8.169952999999992
-66.04136966666667,557.3370556666667,320.1233853333333,-199.9044135,399.10630649999996,62.924924000000004,-70.417288,237.0570075,218.5146185,-60.786034,-49.04441900000003,-8.637676999999996
-66.05220633333333,557.1954083333334,320.048746,-199.932241,399.256855,62.700701,-70.7661725,235.372499,216.116837,-60.984529,-48.71124399999999,-9.103703999999993
-66.06159666666666,557.0535490000001,319.97555166666666,-199.960432,399.4011105,62.4838355,-71.109366,233.7104,213.704037,-61.17721199999999,-48.38007400000001,-9.568060000000003
-66.06953800000001,556.9114786666668,319.9037713333334,-199.9890145,399.5401465,62.2730615,-71.4464555,232.07148,211.2768845,-61.36407500000001,-48.05114600000002,-10.030743000000001
-66.07603,556.7691983333333,319.83337133333333,-200.0179905,399.674856,62.067305,-71.777064,230.4564595,208.83608600000002,-61.545138,-47.724647000000004,-10.491724000000005
-66.08107433333333,556.6267119999999,319.764316,-200.04733449999998,399.80595,61.865680999999995,-72.1008555,228.866005,206.382386,-61.720448999999995,-47.400713999999994,-10.950940000000003
-66.08467633333333,556.4840243333333,319.69656566666663,-200.076996,399.93397,61.66748700000001,-72.417535,227.300734,203.916572,-61.890080000000005,-47.07943599999999,-11.408296000000007
-66.08684233333334,556.3411426666667,319.63007866666663,-200.106902,400.05929649999996,61.4721915,-72.7268545,225.7612105,201.43947500000002,-62.05413099999999,-46.76084900000001,-11.86366000000001
-66.08758133333333,556.1980743333334,319.564812,-200.13696,400.1821635,61.279416499999996,-73.028613,224.247948,198.951971,-62.212723999999994,-46.44494599999999,-12.316868
-66.08690433333334,556.054829,319.50072066666667,-200.1670595,400.302679,61.08892350000001,-73.322658,222.76140800000002,196.45498,-62.366008,-46.131670000000014,-12.767719999999997
-66.08482433333334,555.9114183333334,319.4377573333333,-200.197078,400.42084,60.900592,-73.608888,221.302006,193.9494685,-62.514149999999994,-45.820925999999986,-13.215979000000004
-66.08135833333334,555.767855,319.375873,-200.22688,400.5365565,60.714394999999996,-73.887253,219.87010850000001,191.43644899999998,-62.657335999999994,-45.51257899999999,-13.661377999999985
-66.07652266666666,555.624154,319.31501966666673,-200.2563245,400.649671,60.5303865,-74.15775599999999,218.4660355,188.916981,-62.79577,-45.20646099999999,-14.103613999999993
-66.07033833333332,555.4803303333334,319.2551456666667,-200.28526449999998,400.75997600000005,60.348673500000004,-74.42045,217.0900655,186.39217000000002,-62.929668,-44.902375000000006,-14.542361999999997
-66.06282566666667,555.3364023333334,319.19620000000003,-200.31355150000002,400.867236,60.169402000000005,-74.6754415,215.742436,183.8631655,-63.059261,-44.60010199999999,-14.977262999999994
-66.05401066666667,555.1923886666667,319.138131,-200.3410385,400.9712045,59.992734999999996,-74.922887,214.42334649999998,181.3311655,-63.18478400000001,-44.29940300000001,-15.407940999999994
-66.043918,555.0483106666667,319.08088666666663,-200.36758,401.0716375,59.8188405,-75.1629925,213.132961,178.797407,-63.306481,-44.000027999999986,-15.833998000000008
-66.03257566666666,554.9041900000001,319.02441500000003,-200.3930375,401.168309,59.647876499999995,-75.39601049999999,211.8714105,176.2631725,-63.424595,-43.70172100000002,-16.25502499999999
-66.020014,554.76005,318.9686643333334,-200.4172785,401.261022,59.479979,-75.62223900000001,210.63879550000001,173.729784,-63.539372,-43.40422700000002,-16.670602000000002
-66.006264,554.6159166666666,318.913583,-200.4401795,401.3496175,59.315253,-75.8420185,209.435192,171.1986005,-63.651055,-43.107294000000024,-17.080303000000015
-65.99135866666667,554.4718163333333,318.85912099999996,-200.461627,401.4339815,59.1537675,-76.055728,208.260648,168.671017,-63.75987799999999,-42.81068399999998,-17.483706000000012
-65.97533466666667,554.327777,318.80522633333334,-200.481518,401.5140485,58.995549,-76.263781,207.11519149999998,166.1484605,-63.86607,-42.514173,-17.880392999999998
-65.95822666666668,554.1838296666666,318.7518516666667,-200.4997615,401.58980599999995,58.8405805,-76.4666215,205.9988295,163.632386,-63.969846999999994,-42.217558999999994,-18.269959999999998
-65.94007433333333,554.0400043333334,318.69894766666664,-200.5162775,401.66129249999994,58.688801999999995,-76.664723,204.9115505,161.124276,-64.071414,-41.92066299999999,-18.652016000000003
-65.92091633333332,553.8963346666666,318.64646833333336,-200.5309985,401.72859900000003,58.54011,-76.8585765,203.853328,158.6256305,-64.170961,-41.62333799999999,-19.026194999999973
-65.90079466666667,553.7528543333333,318.59436766666664,-200.543871,401.79186500000003,58.3943605,-77.048693,202.82412,156.1379695,-64.26866000000001,-41.325468,-19.392155000000002
-65.879751,553.6095993333333,318.54260166666666,-200.5548505,401.8512745,58.2513745,-77.2355935,201.8238705,153.6628215,-64.364669,-41.02696900000001,-19.749584999999996
-65.857829,553.4666070000001,318.49112866666667,-200.5639075,401.907053,58.110941999999994,-77.41980649999999,200.852512,151.2017235,-64.459125,-40.727795999999984,-20.098206999999974
-65.835074,553.323915,318.4399076666666,-200.57102099999997,401.9594615,57.9728265,-77.6018605,199.9099635,148.7562135,-64.55214899999999,-40.42793899999998,-20.437778999999978
-65.811531,553.1815646666668,318.38889966666665,-200.57618300000001,402.008788,57.836771999999996,-77.7822795,198.99613349999998,146.327825,-64.643843,-40.12742899999998,-20.768102
-65.78724666666666,553.0395963333334,318.3380683333333,-200.579395,402.0553475,57.7025085,-77.9615795,198.11091900000002,143.91808300000002,-64.734287,-39.82633200000001,-21.08901399999999
-65.76226933333334,552.8980523333333,318.2873783333334,-200.580669,402.09947,57.5697585,-78.1402595,197.2542055,141.528495,-64.82354900000001,-39.52475100000001,-21.400396
-65.736647,552.7569776666666,318.236797,-200.5800245,402.1414985,57.438240500000006,-78.3188005,196.42586599999998,139.1605475,-64.91167300000001,-39.22282800000002,-21.702172999999988
-65.71042833333333,552.6164163333333,318.186293,-200.577492,402.1817815,57.307679500000006,-78.4976585,195.625762,136.8157015,-64.998695,-38.920738,-21.994309000000015
-65.683663,552.4764153333334,318.13583800000004,-200.573107,402.2206685,57.17780449999999,-78.6772605,194.853742,134.495384,-65.084629,-38.618686,-22.27681000000001
-65.65640066666667,552.3370216666666,318.0854043333333,-200.5669145,402.2585045,57.04836,-78.8580015,194.10964,132.2009825,-65.169479,-38.31690999999998,-22.549723
-65.62869266666667,552.1982840000001,318.034968,-200.5589655,402.29562799999997,56.9191045,-79.04024,193.39327600000001,129.93384,-65.25324,-38.01567200000002,-22.813128000000006
-65.600588,552.060252,317.98450633333334,-200.549317,402.332364,56.7898165,-79.224296,192.704454,127.69525200000001,-65.335892,-37.715258000000006,-23.06714000000001
-65.57213899999999,551.922975,317.93399833333336,-200.5380305,402.36902399999997,56.6602955,-79.410447,192.0429615,125.4864575,-65.41740999999999,-37.415975,-23.31190500000001
-65.54339566666667,551.7865043333334,317.88342566666665,-200.5251735,402.405901,56.5303645,-79.5989285,191.4085685,123.30863500000001,-65.49776499999999,-37.11814700000002,-23.547594000000018
-65.514409,551.6508923333334,317.83277133333337,-200.510818,402.4432695,56.399871,-79.7899295,190.80102449999998,121.162901,-65.576921,-36.82210899999998,-23.774400000000014
-65.485229,551.516191,317.78202066666665,-200.49504050000002,402.481383,56.268688499999996,-79.9835945,190.22006199999998,119.0503025,-65.654841,-36.52820599999998,-23.992537
-65.45590666666668,551.3824523333334,317.731161,-200.4779185,402.520473,56.136713,-80.18002100000001,189.6653895,116.971815,-65.731486,-36.23678699999999,-24.202230000000014
-65.42649166666668,551.2497293333334,317.68018166666667,-200.459536,402.560748,56.003868,-80.37926250000001,189.13669549999997,114.92833949999999,-65.806821,-35.948205,-24.40371499999999
-65.397034,551.118075,317.62907233333334,-200.4399775,402.6023945,55.870101,-80.5813265,188.633646,112.92069649999999,-65.880811,-35.66280999999998,-24.597233000000003
-65.367583,550.987542,317.57782633333335,-200.4193305,402.6455765,55.735381000000004,-80.78617750000001,188.155883,110.9496285,-65.953425,-35.380945999999994,-24.783027000000004
-65.338186,550.8581836666667,317.5264373333333,-200.3976845,402.69043450000004,55.5996995,-80.9937395,187.7030235,109.015795,-66.024639,-35.102949000000024,-24.961337999999998
-65.30889166666667,550.7300516666666,317.474901,-200.375131,402.737087,55.46307,-81.203895,187.2746635,107.11977250000001,-66.09442999999999,-34.82914499999998,-25.132402999999996
-65.279747,550.6031979999999,317.42321466666664,-200.351763,402.7856325,55.325523000000004,-81.4164915,186.870372,105.262052,-66.162787,-34.559844,-25.296447999999998
-65.25079799999999,550.4776740000001,317.371377,-200.327674,402.83614750000004,55.1871065,-81.6313425,186.4896925,103.4430395,-66.229701,-34.29534100000001,-25.453690999999992
-65.22209,550.3535293333333,317.31938733333334,-200.302958,402.888689,55.0478845,-81.84823,186.132148,101.6630585,-66.295174,-34.035911999999996,-25.604335000000006
-65.19366733333334,550.2308133333332,317.26724733333333,-200.277711,402.943295,54.907934499999996,-82.066908,185.7972325,99.922346,-66.35921200000001,-33.781813,-25.748574000000005
-65.16557333333333,550.1095733333333,317.2149593333333,-200.2520275,402.99998500000004,54.767345999999996,-82.2871075,185.4844205,98.221056,-66.421829,-33.53327899999999,-25.886579999999995
-65.13785,549.9898563333333,317.16252733333334,-200.2260025,403.058761,54.626219,-82.5085365,185.1931615,96.55926199999999,-66.483047,-33.29052100000001,-26.018513999999996
-65.11053866666667,549.8717063333333,317.1099553333333,-200.19973,403.11960999999997,54.484661,-82.730889,184.9228845,94.93695600000001,-66.542892,-33.05372700000001,-26.14452200000001
-65.08367833333334,549.7551663333334,317.0572486666667,-200.17330399999997,403.1825,54.342788,-82.95384150000001,184.672997,93.354052,-66.601399,-32.82306199999999,-26.26473
-65.05730833333332,549.6402773333334,317.00441433333333,-200.146817,403.2473875,54.2007215,-83.17706100000001,184.4428865,91.8103895,-66.658606,-32.59866500000001,-26.379253000000006
-65.03146566666668,549.5270776666666,316.95145966666666,-200.120359,403.314213,54.058587,-83.400206,184.2319245,90.3057345,-66.71455800000001,-32.380651,-26.488189000000006
-65.00618566666667,549.4156039999999,316.89839266666667,-200.0940195,403.3829045,53.916513,-83.62293249999999,184.0394645,88.83978350000001,-66.769303,-32.169115000000005,-26.591625000000008
-64.98150299999999,549.3058896666666,316.84522166666665,-200.067885,403.45337600000005,53.774631,-83.844892,183.8648475,87.41216650000001,-66.822892,-31.964123,-26.689633
-64.957451,549.1979656666666,316.79195699999997,-200.042039,403.5255325,53.633072999999996,-84.0657375,183.7074,86.0224495,-66.875381,-31.765724000000006,-26.782277000000008
-64.93406066666667,549.0918606666667,316.738608,-200.0165625,403.5992655,53.491969499999996,-84.285125,183.566441,84.670139,-66.926828,-31.573941999999988,-26.869612000000004
-64.91136266666666,548.9876003333334,316.6851853333333,-199.991532,403.6744575,53.351451499999996,-84.5027145,183.441278,83.3546865,-66.97729100000001,-31.38878200000002,-26.951684999999998
-64.889385,548.885206,316.6317,-199.967022,403.7509825,53.211647,-84.7181755,183.33121599999998,82.075491,-67.02683099999999,-31.210229999999996,-27.028536000000003
-64.868155,548.784698,316.57816333333335,-199.943101,403.828705,53.0726825,-84.9311845,183.235555,80.8319015,-67.075511,-31.038253999999995,-27.100202999999993
-64.847698,548.6860916666668,316.5245876666667,-199.91983399999998,403.9074835,52.934679,-85.141429,183.153593,79.62322449999999,-67.123392,-30.872806000000026,-27.16671699999999
-64.82803833333332,548.5893993333333,316.4709843333333,-199.8972795,403.987169,52.7977555,-85.348609,183.08463,78.448724,-67.170534,-30.713821999999993,-27.22811200000001
-64.80919866666666,548.4946313333334,316.4173656666667,-199.8754925,404.067609,52.662025,-85.5524385,183.02796999999998,77.30762849999999,-67.217001,-30.56122400000001,-27.284420999999995
-64.79119866666667,548.401793,316.3637443333334,-199.8545225,404.14864550000004,52.527595500000004,-85.752644,182.98292049999998,76.1991325,-67.262852,-30.41492500000001,-27.335677000000004
-64.77405933333334,548.3108873333333,316.31013333333334,-199.8344105,404.2301175,52.3945695,-85.9489695,182.948799,75.12240249999999,-67.30814699999999,-30.274822,-27.381915000000006
-64.757797,548.221913,316.2565443333333,-199.81519550000002,404.3118635,52.263043,-86.141177,182.9249305,74.076577,-67.35294400000001,-30.140805,-27.423176000000005
-64.742429,548.1348653333333,316.20299100000005,-199.79690649999998,404.39372000000003,52.133105,-86.329043,182.91065300000002,73.06077499999999,-67.3973,-30.012755999999996,-27.459505999999998
-64.72796899999999,548.049738,316.14948566666664,-199.77956949999998,404.475525,52.0048385,-86.5123655,182.90531750000002,72.0740955,-67.441269,-29.890546999999998,-27.490950999999995
-64.714431,547.9665190000001,316.0960416666667,-199.76320199999998,404.557118,51.878319,-86.6909615,182.9082905,71.1156235,-67.484905,-29.774045,-27.517569
-64.701827,547.8851936666666,316.0426713333334,-199.747816,404.6383405,51.753614,-86.864667,182.91895449999998,70.184431,-67.528256,-29.663110999999986,-27.539422000000002
-64.69016633333334,547.8057453333333,315.9893876666667,-199.7334175,404.7190395,51.630784,-87.03334,182.9367105,69.2795835,-67.571372,-29.557601000000005,-27.556582999999996
-64.67945833333333,547.7281523333332,315.936203,-199.720007,404.79906500000004,51.509882000000005,-87.196861,182.960977,68.4001395,-67.61429799999999,-29.457364000000013,-27.569127
-64.66971066666667,547.6523916666666,315.88312933333333,-199.707578,404.8782745,51.390952999999996,-87.355131,182.991195,67.545157,-67.65707599999999,-29.362250000000017,-27.577144000000004
-64.660929,547.5784366666667,315.83018,-199.696118,404.9565315,51.2740335,-87.508074,183.026825,66.71369250000001,-67.699744,-29.272100000000023,-27.580729000000005
-64.65311733333333,547.5062563333333,315.77736600000003,-199.6856115,405.033707,51.159154,-87.655637,183.0673485,65.904808,-67.74234200000001,-29.186757,-27.579984000000003
-64.64628,547.43582,315.7247,-199.676036,405.10968,51.046336,-87.797789,183.11227100000002,65.1175715,-67.784902,-29.106055999999995,-27.575023
-64.640419,547.3670926666666,315.67219299999994,-199.66736400000002,405.18433949999996,50.935593499999996,-87.934523,183.161118,64.35106,-67.827452,-29.029836000000017,-27.565968000000005
-64.63553399999999,547.3000353333333,315.61985599999997,-199.65956549999999,405.257583,50.8269335,-88.065854,183.21344,63.604361,-67.870022,-28.95792800000001,-27.552948000000008
-64.63162533333333,547.2346106666668,315.567701,-199.6526055,405.3293165,50.720356,-88.1918185,183.26880949999997,62.876577999999995,-67.912633,-28.890164999999996,-27.536101999999993
-64.62869166666667,547.170776,315.515738,-199.646446,405.39945850000004,50.6158535,-88.312475,183.3268195,62.1668295,-67.955306,-28.826374999999985,-27.515573000000003
-64.62672933333333,547.108488,315.463978,-199.64104600000002,405.4679355,50.513413,-88.427903,183.3870885,61.4742535,-67.99805799999999,-28.766389000000004,-27.491513000000005
-64.62573533333334,547.0477023333333,315.4124306666667,-199.63636250000002,405.53468399999997,50.4130135,-88.538201,183.449255,60.798010000000005,-68.04090199999999,-28.710032000000012,-27.464080000000003
-64.62570433333333,546.9883716666667,315.36110633333334,-199.632349,405.59965050000005,50.3146285,-88.6434865,183.512979,60.137283499999995,-68.083847,-28.657129999999995,-27.43343699999999
-64.62663033333334,546.9304490000001,315.31001399999997,-199.628959,405.66279199999997,50.218227,-88.743893,183.577942,59.4912815,-68.1269,-28.607512000000014,-27.399751000000002
-64.62850666666667,546.8738846666666,315.25916366666667,-199.626145,405.72407350000003,50.123771500000004,-88.839569,183.643847,58.85924249999999,-68.17006599999999,-28.561002000000002,-27.363190999999993
-64.63132566666667,546.8186293333333,315.20856366666663,-199.623857,405.7834695,50.031221,-88.9306775,183.7104135,58.2404365,-68.21334300000001,-28.517426999999998,-27.323930999999995
-64.63507800000001,546.7646330000001,315.1582233333333,-199.622046,405.8409625,49.940527,-89.017391,183.777382,57.634164,-68.25673,-28.476614000000012,-27.28214400000001
-64.63975466666666,546.7118443333334,315.10815033333336,-199.6206635,405.896542,49.8516415,-89.099894,183.8445105,57.0397635,-68.300222,-28.43839299999999,-27.238005
-64.64534466666667,546.6602126666667,315.0583526666667,-199.61966,405.95020750000003,49.76451,-89.1783755,183.9115735,56.4566085,-68.34381099999999,-28.402597000000014,-27.191687
-64.65183766666667,546.609687,315.0088386666667,-199.618988,406.001961,49.679075499999996,-89.2530295,183.9783625,55.8841135,-68.387485,-28.369058999999993,-27.143362999999994
-64.65922166666667,546.560216,314.9596153333334,-199.61859950000002,406.051814,49.5952785,-89.3240545,184.04468300000002,55.3217365,-68.43123299999999,-28.337615999999997,-27.093202999999995
-64.66748366666667,546.5117493333333,314.91069,-199.61845,406.0997805,49.5130585,-89.39164650000001,184.1103555,54.7689785,-68.475035,-28.30811299999999,-27.041374999999995
-64.67661066666666,546.4642366666667,314.8620693333333,-199.6184935,406.1458805,49.432353000000006,-89.4560015,184.17521299999999,54.2253875,-68.518877,-28.280396000000025,-26.988045
-64.68658833333333,546.4176286666667,314.813759,-199.61868850000002,406.190136,49.353097500000004,-89.51731050000001,184.2391025,53.6905585,-68.562737,-28.25431900000001,-26.933373000000003
-64.69740333333333,546.371878,314.7657666666667,-199.6189925,406.232574,49.2752285,-89.57575800000001,184.30188049999998,53.1641385,-68.606588,-28.22974500000001,-26.877516999999997
-64.70903933333334,546.326936,314.71809666666667,-199.6193675,406.2732225,49.198682500000004,-89.631521,184.3634155,52.645824499999996,-68.650408,-28.206541000000016,-26.820634999999996
-64.72148133333333,546.2827566666666,314.67075500000004,-199.619776,406.31211199999996,49.123395,-89.684766,184.423585,52.1353685,-68.694166,-28.184581999999978,-26.762877000000003
-64.73471333333333,546.239295,314.62374700000004,-199.620183,406.349274,49.049305000000004,-89.7356495,184.482277,51.632575,-68.737829,-28.163756000000006,-26.704394000000008
-64.74871866666668,546.1965093333333,314.57707666666664,-199.6205555,406.38474099999996,48.976350499999995,-89.7843145,184.5393865,51.137303,-68.78136500000001,-28.143955000000005,-26.645332000000003
-64.76347966666667,546.1543566666667,314.530749,-199.6208625,406.418545,48.904474,-89.83089,184.5948195,50.6494695,-68.824734,-28.125085000000013,-26.585836999999998
-64.77897933333333,546.1127966666667,314.4847673333333,-199.621077,406.450719,48.833619,-89.875491,184.648485,50.169043,-68.867896,-28.10705999999999,-26.526054000000002
-64.79519933333333,546.0717926666666,314.43913633333335,-199.621172,406.4812945,48.763733,-89.918218,184.70030400000002,49.696048000000005,-68.91080600000001,-28.08980599999998,-26.466125999999996
-64.81212166666667,546.0313076666666,314.39385799999997,-199.621125,406.510303,48.6947655,-89.9591565,184.750202,49.230563000000004,-68.953419,-28.07325800000001,-26.406197999999996
-64.82972666666667,545.9913086666667,314.3489366666667,-199.620914,406.537775,48.6266715,-89.99837600000001,184.798111,48.772716,-68.995682,-28.057362000000012,-26.346414000000003
-64.84799633333334,545.9517626666667,314.30437366666666,-199.6205215,406.5637395,48.559408,-90.035932,184.843972,48.322685,-69.037542,-28.042078000000004,-26.286919999999995
-64.86691033333334,545.9126403333333,314.2601723333333,-199.6199325,406.5882255,48.492939500000006,-90.071864,184.88773049999998,47.880693,-69.07894399999999,-28.027368999999993,-26.227857999999998
-64.88644866666667,545.8739143333333,314.216333,-199.6191335,406.61125949999996,48.427232000000004,-90.106201,184.9293405,47.4470075,-69.11982800000001,-28.013215000000002,-26.169376999999997
-64.906592,545.8355586666667,314.1728586666666,-199.6181145,406.63286949999997,48.362258499999996,-90.138957,184.968763,47.021930499999996,-69.16013,-27.99960199999998,-26.111621000000007
-64.92731866666666,545.7975503333333,314.12974966666667,-199.6168685,406.6530785,48.2979975,-90.17013449999999,185.0059655,46.605799000000005,-69.199789,-27.986525,-26.054736
-64.94860866666666,545.7598686666666,314.08700666666664,-199.61539249999998,406.67191349999996,48.2344315,-90.1997285,185.04092550000001,46.1989765,-69.23873499999999,-27.973986999999994,-25.998864999999995
-64.97044066666666,545.7224953333333,314.0446303333333,-199.613685,406.689398,48.1715485,-90.227723,185.073626,45.801848,-69.276902,-27.961997999999994,-25.944148
-64.992794,545.685413,314.00262066666664,-199.6117495,406.705556,48.1093435,-90.2540955,185.1040595,45.414812,-69.314219,-27.95057700000001,-25.89072
-65.01564666666667,545.6486083333333,313.960977,-199.60959200000002,406.720411,48.047815,-90.2788205,185.13223,45.0382745,-69.350615,-27.939746000000014,-25.838711000000004
-65.038977,545.6120683333334,313.919699,-199.60722099999998,406.733988,47.9869685,-90.3018675,185.15814699999999,44.672641,-69.386021,-27.929532000000023,-25.78824
-65.06276333333334,545.575784,313.8787846666667,-199.6046515,406.7463115,47.926812999999996,-90.323206,185.18183349999998,44.3183095,-69.420364,-27.91996900000001,-25.739417
-65.08698433333333,545.5397466666667,313.83823266666667,-199.6018995,406.757408,47.8673645,-90.3428045,185.20332100000002,43.975662,-69.453575,-27.911087999999978,-25.692335999999997
-65.11161766666667,545.5039503333334,313.798041,-199.598986,406.7673035,47.808642,-90.3606365,185.22265199999998,43.6450555,-69.48558500000001,-27.902928000000003,-25.647077000000003
-65.13664133333333,545.4683913333333,313.758207,-199.595936,406.776027,47.7506695,-90.3766775,185.239881,43.326817,-69.51632699999999,-27.895526000000018,-25.603702
-65.16203266666666,545.4330673333334,313.718728,-199.5927765,406.783608,47.6934745,-90.39090999999999,185.25507299999998,43.021233,-69.54573599999999,-27.888920000000013,-25.562248
-65.18777133333333,545.3979776666666,313.67960066666666,-199.5895405,406.7900795,47.637088500000004,-90.4033245,185.268305,42.728545499999996,-69.573749,-27.883148000000006,-25.522732999999995
-65.21383466666667,545.3631240000001,313.6408206666667,-199.586263,406.79547549999995,47.581545,-90.41391999999999,185.279666,42.448943,-69.60031,-27.87824599999999,-25.485146
-65.24020033333333,545.3285089999999,313.602384,-199.5829825,406.799834,47.52688,-90.4227055,185.2892545,42.182554499999995,-69.625363,-27.874251000000015,-25.449453
-65.26684766666666,545.294137,313.5642863333333,-199.5797415,406.803194,47.4731315,-90.429702,185.2971835,41.9294475,-69.648856,-27.871195,-25.415587000000002
-65.29375466666666,545.2600140000001,313.52652133333333,-199.576585,406.80559800000003,47.4203385,-90.434943,185.30357600000002,41.689619,-69.670746,-27.869110000000006,-25.383456
-65.32090066666666,545.226146,313.4890843333333,-199.57356,406.807093,47.3685395,-90.4384735,185.308563,41.4629975,-69.69099299999999,-27.86802399999999,-25.352936999999997
-65.34826366666667,545.1925420000001,313.4519683333333,-199.570717,406.807726,47.317773,-90.44035199999999,185.31229050000002,41.2494365,-69.70956,-27.867961000000008,-25.323877
-65.37582466666667,545.159211,313.415166,-199.568108,406.807551,47.268074999999996,-90.4406515,185.3149105,41.048715,-69.72642099999999,-27.868943,-25.296096
-65.40356200000001,545.126163,313.37867033333333,-199.5657865,406.8066215,47.219481,-90.4394565,185.3165855,40.8605395,-69.741553,-27.870991000000004,-25.269387
-65.43145700000001,545.0934086666666,313.34247266666665,-199.563806,406.80499699999996,47.1720225,-90.4368645,185.3174845,40.684542,-69.754943,-27.874117000000012,-25.243522
-65.45949,545.0609593333334,313.30656466666665,-199.5622225,406.8027385,47.125727499999996,-90.432985,185.317786,40.520284000000004,-69.766582,-27.878334000000024,-25.218246
-65.48764200000001,545.028828,313.27093699999995,-199.5610905,406.7999095,47.0806195,-90.42793950000001,185.31767050000002,40.3672615,-69.776469,-27.883651000000015,-25.193291
-65.51589466666667,544.9970266666666,313.23557933333336,-199.56046400000002,406.7965785,47.036717499999995,-90.4218575,185.31732749999998,40.2249065,-69.78461300000001,-27.890071000000006,-25.168371
-65.54423033333335,544.9655686666666,313.20048066666664,-199.56039600000003,406.7928135,46.994034,-90.414879,185.31694549999997,40.0925965,-69.79103,-27.897594999999995,-25.143192999999997
-65.57263166666667,544.9344666666667,313.16562933333336,-199.56093800000002,406.78868750000004,46.952576,-90.4071505,185.31671799999998,39.969657,-69.79574299999999,-27.906221999999985,-25.11746
-65.60108166666667,544.903735,313.1310133333334,-199.5621385,406.784274,46.912343,-90.398825,185.31683750000002,39.855372,-69.79878399999998,-27.915943,-25.090871999999997
-65.62956466666667,544.8733856666666,313.0966193333333,-199.5640425,406.779648,46.873326,-90.390058,185.317495,39.74899,-69.800194,-27.92675,-25.063136
-65.65806533333334,544.843433,313.062434,-199.566693,406.77488700000004,46.8355125,-90.381009,185.3188805,39.649733,-69.800024,-27.93862899999999,-25.033970000000004
-65.68656933333334,544.8138903333333,313.02844366666665,-199.5701275,406.770068,46.7988775,-90.371838,185.32117799999997,39.5568055,-69.79832999999999,-27.951561999999996,-25.003107000000004
-65.71506166666667,544.7847696666666,312.99463233333336,-199.5743785,406.7652705,46.7633915,-90.36270250000001,185.3245665,39.469404499999996,-69.795179,-27.96552700000001,-24.970301
-65.74352933333334,544.756084,312.9609846666667,-199.5794745,406.76057149999997,46.7290155,-90.3537585,185.3292175,39.3867255,-69.790643,-27.98049900000001,-24.935329000000003
-65.77195966666666,544.7278456666667,312.9274843333333,-199.58543650000001,406.75604899999996,46.695702499999996,-90.3451575,185.335294,39.307973000000004,-69.784805,-27.99644599999999,-24.898001999999998
-65.80034,544.700066,312.89411433333333,-199.59228,406.75178,46.663399,-90.337045,185.342947,39.232372,-69.77775199999999,-28.01333199999999,-24.858159999999998
-65.82865966666667,544.6727556666666,312.8608583333334,-199.60001599999998,406.747839,46.6320425,-90.3295585,185.3523165,39.159171,-69.76958099999999,-28.03111899999999,-24.815682
-65.85690733333333,544.645925,312.827697,-199.608646,406.7443,46.601567,-90.322829,185.3635295,39.087652,-69.76039,-28.04976099999999,-24.770486000000002
-65.88507299999999,544.6195836666667,312.79461366666663,-199.61816499999998,406.74123199999997,46.5718965,-90.3169755,185.376697,39.017138,-69.75028700000001,-28.069209999999998,-24.722525999999995
-65.91314666666666,544.5937396666667,312.7615886666667,-199.628562,406.73870350000004,46.542951,-90.31210899999999,185.39191499999998,38.9469985,-69.73938,-28.089410000000015,-24.671805000000003
-65.94111866666667,544.5684006666667,312.728603,-199.639818,406.7367765,46.514646,-90.3083265,185.409262,38.876656,-69.727781,-28.110300000000024,-24.618361999999998
-65.968981,544.5435726666666,312.69563833333336,-199.651907,406.73551050000003,46.486892499999996,-90.305717,185.428799,38.8055865,-69.71560399999998,-28.131816000000015,-24.562279
-65.99672466666668,544.5192616666667,312.6626743333333,-199.6647965,406.734959,46.459599,-90.30435399999999,185.4505665,38.733329,-69.702964,-28.153886999999997,-24.503678
-66.024343,544.4954706666666,312.629692,-199.678446,406.7351705,46.4326705,-90.30430199999999,185.47458849999998,38.659482999999994,-69.689974,-28.176438999999988,-24.442715999999997
-66.05182733333334,544.4722033333333,312.5966716666667,-199.6928095,406.736187,46.4060125,-90.3056105,185.500866,38.583712500000004,-69.67674500000001,-28.19939199999999,-24.379589000000003
-66.07917066666666,544.4494606666667,312.5635936666667,-199.707835,406.738044,46.3795285,-90.308318,185.529383,38.5057455,-69.663386,-28.222662000000014,-24.314518999999997
-66.106366,544.4272426666666,312.53043899999994,-199.72346399999998,406.74077,46.353125500000004,-90.3124525,185.56009999999998,38.4253755,-69.649999,-28.246163999999993,-24.247759000000002
-66.13340699999999,544.4055473333334,312.497188,-199.7396335,406.744387,46.32671,-90.318028,185.5929595,38.3424575,-69.636684,-28.269802999999996,-24.179582999999997
-66.16028633333333,544.384371,312.46382266666666,-199.756275,406.7489075,46.3001945,-90.3250505,185.627884,38.2569085,-69.62353099999999,-28.29348999999999,-24.110281
-66.18699766666667,544.3637106666666,312.430323,-199.773317,406.754338,46.2734935,-90.3335115,185.66477550000002,38.168704,-69.610623,-28.317128999999994,-24.040153999999998
-66.21353366666666,544.343558,312.39667166666663,-199.790685,406.7606745,46.2465275,-90.34339449999999,185.70352,38.077873499999995,-69.598035,-28.34062399999999,-23.969513
-66.23988833333334,544.3239050000001,312.36285100000003,-199.8083005,406.7679055,46.219224499999996,-90.35467349999999,185.743982,37.9844985,-69.585833,-28.363878,-23.898668999999998
-66.26605433333333,544.3047419999999,312.328843,-199.82608449999998,406.7760105,46.191517000000005,-90.36731,185.7860145,37.888707,-69.574074,-28.386795000000006,-23.827925999999998
-66.29202533333334,544.2860566666667,312.29463133333337,-199.8439575,406.784962,46.163348,-90.38126,185.8294515,37.7906695,-69.562804,-28.409283000000016,-23.757581000000002
-66.317793,544.267836,312.260201,-199.86183899999997,406.79472,46.1346695,-90.3964675,185.87411450000002,37.6905915,-69.55206100000001,-28.431249000000008,-23.687913
-66.34335,544.2500633333333,312.225535,-199.879649,406.80524049999997,46.105441,-90.4128685,185.919813,37.588713,-69.54187300000001,-28.452604000000008,-23.619186
-66.36868833333334,544.2327216666666,312.19062033333336,-199.8973105,406.81646750000004,46.075633499999995,-90.43038949999999,185.96634699999998,37.485297,-69.532259,-28.473265999999995,-23.551634
-66.39379933333333,544.2157913333333,312.15544266666666,-199.91474649999998,406.828339,46.045228,-90.4489495,186.013506,37.3806315,-69.52323100000001,-28.493156,-23.485467
-66.41867433333333,544.1992503333333,312.11998933333336,-199.931886,406.84078550000004,46.0142165,-90.4684565,186.06107500000002,37.275017,-69.514791,-28.51219999999998,-23.42086
-66.44330366666667,544.1830766666667,312.084249,-199.948659,406.8537275,45.9826025,-90.4888095,186.108834,37.1687655,-69.50693899999999,-28.530335999999977,-23.357957
-66.46767733333333,544.1672433333333,312.04821000000004,-199.965002,406.867082,45.9503995,-90.50989949999999,186.15656,37.0621955,-69.499669,-28.547503999999975,-23.296863000000002
-66.491784,544.1517246666666,312.011863,-199.980855,406.880759,45.917632,-90.531606,186.2040295,36.955625999999995,-69.49297000000001,-28.563657000000006,-23.237642
-66.51561300000002,544.136491,311.9751986666667,-199.9961655,406.8946615,45.8843365,-90.553798,186.2510225,36.8493725,-69.48683199999999,-28.578755,-23.180323
-66.53915166666667,544.1215113333333,311.9382093333333,-200.01088499999997,406.90869050000003,45.85055800000001,-90.576336,186.29732,36.743742,-69.48124200000001,-28.592768000000007,-23.12489
-66.562388,544.1067536666666,311.9008896666666,-200.0249735,406.92274150000003,45.81635300000001,-90.5990685,186.342711,36.6390325,-69.476191,-28.60567599999999,-23.071286999999998
-66.58530733333333,544.092184,311.863232,-200.03839599999998,406.9367075,45.7817865,-90.6218335,186.38699150000002,36.5355245,-69.471675,-28.617470999999995,-23.019419
-66.60789666666666,544.077766,311.82523299999997,-200.051127,406.9504805,45.7469315,-90.6444595,186.429968,36.4334835,-69.46768900000001,-28.628153999999995,-22.969151
-66.63014033333333,544.063462,311.78688933333336,-200.0631455,406.9639515,45.711869,-90.666764,186.4714555,36.3331525,-69.46423999999999,-28.637736999999987,-22.920307
-66.65202233333333,544.0492343333334,311.74819866666667,-200.07444099999998,406.977011,45.676687,-90.68855549999999,186.51128599999998,36.2347545,-69.461341,-28.646243999999996,-22.872677
-66.67352633333333,544.0350413333333,311.7091603333334,-200.085008,406.9895525,45.6414775,-90.7096335,186.5493035,36.138484500000004,-69.459013,-28.653708999999992,-22.826015
-66.69463466666666,544.020843,311.66977433333335,-200.0948495,407.0014725,45.606338,-90.729789,186.58536850000002,36.044516,-69.45729,-28.660177000000004,-22.780041999999998
-66.71532966666666,544.0065956666666,311.630042,-200.103977,407.012671,45.571369000000004,-90.7488095,186.6193595,35.9529925,-69.456215,-28.665703000000008,-22.734450999999996
-66.73559166666666,543.9922566666668,311.58996633333334,-200.1124075,407.023054,45.5366705,-90.766476,186.651172,35.864033,-69.45584400000001,-28.67035199999998,-22.688904000000004
-66.755402,543.9777816666666,311.54955033333334,-200.12016599999998,407.0325355,45.502344,-90.782569,186.680722,35.7777265,-69.456244,-28.67420199999998,-22.643040999999997
-66.774741,543.9631253333333,311.5087996666667,-200.12728349999998,407.04103599999996,45.468489000000005,-90.7968685,186.7079455,35.694136,-69.45749699999999,-28.677336999999994,-22.59648
-66.793586,543.9482413333334,311.46772000000004,-200.133798,407.048487,45.435203,-90.80915949999999,186.7328,35.613297,-69.459693,-28.679853999999978,-22.54882
-66.81191666666668,543.9330846666667,311.426319,-200.13975349999998,407.0548315,45.402577,-90.8192335,186.755264,35.5352195,-69.462939,-28.681858000000005,-22.499643
-66.82971099999999,543.917609,311.3846046666667,-200.1451995,407.060025,45.3706965,-90.8268935,186.7753385,35.45989,-69.46735100000001,-28.683463000000017,-22.448524
-66.84694566666666,543.9017673333334,311.342588,-200.15019,407.06403650000004,45.33964,-90.8319575,186.7930475,35.3872695,-69.473051,-28.684793000000013,-22.395024999999997
-66.86359866666668,543.885515,311.30027866666666,-200.1547845,407.06685100000004,45.309475,-90.834264,186.8084385,35.3172995,-69.480178,-28.685985000000016,-22.338705
-66.87964533333333,543.868805,311.25768999999997,-200.159045,407.0684705,45.2802585,-90.8336745,186.82158199999998,35.249904,-69.48887300000001,-28.68717799999999,-22.279124
-66.89506266666667,543.8515933333333,311.214835,-200.163039,407.0689135,45.252036000000004,-90.8300825,186.832572,35.18499,-69.49928499999999,-28.68852800000002,-22.215844
-66.909826,543.8338346666667,311.17172866666664,-200.1668345,407.068219,45.224837,-90.8234145,186.841526,35.122451999999996,-69.51156700000001,-28.69019799999998,-22.148434
-66.92391166666667,543.8154866666666,311.128387,-200.170503,407.0664455,45.198678,-90.8136385,186.8485865,35.0621745,-69.525873,-28.692358999999982,-22.076477000000004
-66.937294,543.7965073333334,311.0848276666666,-200.1741175,407.0636725,45.173557,-90.800768,186.85391800000002,35.004039,-69.542358,-28.695193999999987,-21.999570000000002
-66.94994866666666,543.7768553333334,311.0410693333334,-200.1777515,407.060002,45.1494555,-90.78486699999999,186.8577095,34.947923,-69.561176,-28.698896999999988,-21.917338000000004
-66.96185200000001,543.7564926666666,310.99713233333335,-200.1814775,407.05555749999996,45.126336,-90.7660575,186.860173,34.893707500000005,-69.58247499999999,-28.70366999999999,-21.829427000000003
-66.97297800000001,543.7353816666667,310.9530383333333,-200.18536899999998,407.05048550000004,45.1041415,-90.744523,186.86154299999998,34.8412815,-69.60639599999999,-28.709724000000023,-21.735520999999995
-66.98330366666666,543.7134886666666,310.90881033333335,-200.18949750000002,407.044957,45.082794,-90.720513,186.862075,34.790545,-69.63307,-28.71728200000001,-21.635341999999998
-66.99280366666666,543.6907806666667,310.864473,-200.1939315,407.039165,45.062196,-90.6943505,186.86204700000002,34.7414145,-69.662619,-28.726574,-21.528653000000002
-67.00145466666667,543.6672283333334,310.8200523333333,-200.198737,407.033327,45.0422265,-90.66643300000001,186.86175500000002,34.693827999999996,-69.695148,-28.737835999999987,-21.415276
-67.00923266666666,543.6428053333333,310.77557566666667,-200.2039775,407.027682,45.022746,-90.6372385,186.861515,34.6477485,-69.73074700000001,-28.75130999999999,-21.295085
-67.01611600000001,543.617488,310.731073,-200.20971,407.022493,45.0035905,-90.6073285,186.8616595,34.60317,-69.76948900000001,-28.767243000000008,-21.16802
-67.022081,543.5912553333333,310.68657433333334,-200.21598699999998,407.01804400000003,44.984577,-90.57735,186.8625355,34.5601215,-69.811424,-28.785885000000007,-21.034093
-67.027107,543.564092,310.6421133333333,-200.22285549999998,407.01463950000004,44.965500500000005,-90.5480385,186.86450200000002,34.51867,-69.856581,-28.807484000000017,-20.893392000000002
-67.03117233333334,543.5359850000001,310.59772266666664,-200.23035499999997,407.0126045,44.946135999999996,-90.5202185,186.867929,34.4789255,-69.904965,-28.83228200000002,-20.746086999999996
-67.03425800000001,543.506926,310.553439,-200.238516,407.01228000000003,44.92624,-90.494806,186.87319100000002,34.441043,-69.956558,-28.860517999999985,-20.592435999999996
-67.036345,543.4769106666666,310.50930066666666,-200.247363,407.0140255,44.905549,-90.472804,186.8806685,34.4052265,-70.011312,-28.892415,-20.432793
-67.037414,543.4459400000001,310.46534633333334,-200.256909,407.018213,44.883785,-90.4553065,186.8907385,34.371729,-70.069157,-28.928180999999995,-20.267604
-67.03745066666666,543.4140189999999,310.421618,-200.2671575,407.02522650000003,44.860652,-90.443493,186.903775,34.3408565,-70.12999199999999,-28.968004000000008,-20.097416999999997
-67.03643766666666,543.3811583333332,310.37815866666665,-200.278101,407.03546,44.835843499999996,-90.4386285,186.920143,34.312967,-70.193691,-29.012044000000003,-19.922884
