Sh_x,Sh_y,Sh_z,El_x,El_y,El_z,Wr_x,Wr_y,Wr_z,WrVec_x,WrVec_y,WrVec_z
-63.901014333333336,528.537035,301.217641,-221.21222649999999,428.9493795,31.814597,-101.18522050000001,171.24283450000001,41.356064,-72.056785,-34.54186100000001,-5.873942000000007
-63.861322,528.4323503333334,301.21858100000003,-221.297954,428.835645,31.885265999999998,-101.041527,171.1824155,41.400197500000004,-71.979694,-34.579553000000004,-6.136362999999996
-63.824996,528.3308516666667,301.2185636666666,-221.3819295,428.72784149999995,31.9517325,-100.898696,171.12973399999998,41.4765145,-71.90251599999999,-34.618888,-6.395415
-63.79206233333334,528.2327566666667,301.2176343333333,-221.4640445,428.626185,32.0140725,-100.7560155,171.0854385,41.5868805,-71.825323,-34.66007299999998,-6.650537
-63.76254533333333,528.1382853333333,301.2158426666667,-221.5442025,428.5308765,32.0723665,-100.612775,171.050219,41.7332225,-71.74817999999999,-34.703318000000024,-6.901241000000006
-63.73646266666666,528.047655,301.21324766666663,-221.62231400000002,428.44210050000004,32.126697,-100.468268,171.02480400000002,41.9175215,-71.67113799999998,-34.74884,-7.147110999999995
-63.713829,527.9610823333334,301.2099143333333,-221.69829600000003,428.36002199999996,32.1771515,-100.321792,171.00996099999998,42.141799000000006,-71.59423000000001,-34.796864,-7.387808
-63.69465433333334,527.8787836666667,301.20591400000006,-221.7720705,428.284784,32.223819500000005,-100.1726545,171.00649149999998,42.4081005,-71.517473,-34.847616999999985,-7.623062999999995
-63.678944,527.8009726666667,301.2013263333333,-221.84356300000002,428.2165055,32.2667965,-100.0201695,171.01523450000002,42.7184885,-71.440865,-34.901336999999984,-7.852672999999996
-63.66669833333333,527.7278636666666,301.19623733333333,-221.9127025,428.1552765,32.306182,-99.86366100000001,171.037059,43.0750235,-71.36438399999999,-34.958267999999975,-8.076503000000002
-63.65791333333334,527.6596686666667,301.1907403333334,-221.979417,428.1011585,32.3420825,-99.70246700000001,171.072862,43.479752000000005,-71.28798400000001,-35.01865799999999,-8.294474000000001
-63.652579333333335,527.5965970000001,301.184935,-222.043634,428.0541765,32.3746115,-99.535939,171.12357,43.934689,-71.2116,-35.082762,-8.506562000000002
-63.650682999999994,527.5388583333333,301.1789283333333,-222.105279,428.014321,32.403889500000005,-99.3634435,171.1901295,44.4418095,-71.135143,-35.15083899999999,-8.712789
-63.652206,527.4866593333334,301.1728326666667,-222.16427,427.9815395,32.430046,-99.184364,171.273508,45.003027,-71.058504,-35.22315599999999,-8.913215999999998
-63.65712333333334,527.4402046666667,301.16676866666666,-222.22052250000002,427.9557385,32.4532205,-98.998104,171.3746855,45.620183,-70.98154600000001,-35.29997900000001,-9.10794
-63.66540733333333,527.399697,301.16086133333334,-222.273941,427.9367755,32.4735625,-98.8040865,171.49465600000002,46.295034,-70.90411900000001,-35.381580000000014,-9.297077999999999
-63.67702433333333,527.3653373333333,301.1552423333333,-222.3244205,427.92445799999996,32.491233,-98.60175799999999,171.63441849999998,47.02923800000001,-70.82605,-35.468226999999985,-9.48077
-63.691935666666666,527.3373236666666,301.15005033333335,-222.3718465,427.918542,32.506406,-98.39058700000001,171.79497400000002,47.824341000000004,-70.747144,-35.560193999999996,-9.659162000000002
-63.710097999999995,527.3158516666667,301.145428,-222.416089,427.9187235,32.519269,-98.17006850000001,171.97732000000002,48.681768500000004,-70.667195,-35.657748,-9.832405000000001
-63.73146166666667,527.301114,301.1415233333333,-222.45700449999998,427.924644,32.530022,-97.939724,172.18244850000002,49.602813,-70.58597999999998,-35.76115300000001,-10.000645999999996
-63.75597533333333,527.293301,301.13849,-222.4944345,427.93588,32.5388815,-97.69910200000001,172.4113355,50.5886255,-70.503262,-35.87066899999999,-10.164024999999995
-63.78357966666667,527.2925996666667,301.136485,-222.528202,427.951946,32.5460785,-97.4477825,172.664942,51.6402095,-70.41879500000002,-35.986546000000004,-10.322662999999999
-63.814212,527.299193,301.13567133333333,-222.5581135,427.9722915,32.5518605,-97.1853755,172.9442045,52.758410999999995,-70.332323,-36.109027,-10.476661999999997
-63.847804,527.313261,301.13621366666666,-222.5839565,427.996297,32.556492,-96.9115225,173.2500325,53.9439145,-70.24358700000002,-36.238342999999986,-10.626103
-63.88428366666667,527.334981,301.1382803333333,-222.605499,428.023279,32.5602535,-96.6259,173.583302,55.197242,-70.15232199999998,-36.37470999999999,-10.771037999999997
-63.92357466666666,527.3645233333333,301.14204466666666,-222.6224905,428.0524835,32.563443500000005,-96.3282175,173.9448525,56.518744,-70.058261,-36.51833099999999,-10.911487999999999
-63.965594666666675,527.4020566666667,301.1476803333333,-222.6346615,428.08308999999997,32.5663785,-96.01822000000001,174.33548000000002,57.908602,-69.96114200000001,-36.66938999999999,-11.047443999999999
-64.01025833333334,527.4477440000001,301.15536199999997,-222.6417235,428.1142115,32.569391499999995,-95.69569000000001,174.755935,59.366828,-69.86070400000001,-36.828056000000004,-11.178867999999994
-64.05747600000001,527.5017436666667,301.1652683333333,-222.6433675,428.144897,32.5728355,-95.3604445,175.20691699999998,60.893262,-69.756689,-36.994472,-11.305684
-64.10715266666666,527.5642076666667,301.1775773333333,-222.6392715,428.174131,32.57708,-95.01234000000001,175.6890705,62.487578,-69.648852,-37.168766999999974,-11.427787999999993
-64.159192,527.6352836666666,301.1924666666667,-222.6290945,428.2008415,32.582512,-94.65127,176.20298200000002,64.1492825,-69.53695400000001,-37.35103999999998,-11.545047000000004
-64.21349133333332,527.7151130000001,301.210114,-222.6124815,428.22389799999996,32.589539,-94.277164,176.74917649999998,65.8777215,-69.42076600000001,-37.54137299999999,-11.657299000000002
-64.26994533333334,527.8038296666667,301.23069733333335,-222.5890665,428.24212,32.598582,-93.88999150000001,177.328115,67.672082,-69.300073,-37.73982000000001,-11.764354000000004
-64.328446,527.9015613333333,301.2543913333334,-222.558472,428.254282,32.610082,-93.48975850000001,177.9401915,69.53139999999999,-69.17467500000001,-37.94640900000002,-11.866
-64.388881,528.0084286666666,301.28137,-222.520313,428.2591195,32.6244965,-93.076506,178.58573,71.4545655,-69.04438400000001,-38.161148,-11.962008999999995
-64.45113566666667,528.1245446666667,301.31180333333333,-222.474199,428.25533099999996,32.642299,-92.650314,179.26498700000002,73.440327,-68.90903,-38.38401400000001,-12.052133999999995
-64.51509333333333,528.250014,301.34585833333335,-222.419739,428.24159399999996,32.663977,-92.2112955,179.97814599999998,75.487302,-68.768457,-38.614964000000015,-12.136115999999987
-64.58063299999999,528.3849323333334,301.3836983333333,-222.35654,428.2165645,32.690034499999996,-91.75959900000001,180.7253175,77.5939805,-68.62253,-38.853925000000004,-12.213686999999993
-64.647633,528.5293869999999,301.425482,-222.28421500000002,428.178891,32.7209885,-91.295405,181.5065395,79.758737,-68.471126,-39.10080499999998,-12.284574000000006
-64.71596933333333,528.683455,301.47136266666666,-222.2023845,428.12722,32.75737,-90.8189255,182.32178,81.97983500000001,-68.314145,-39.35548600000001,-12.348507999999995
-64.78551533333332,528.8472046666667,301.52148766666664,-222.110679,428.060207,32.7997195,-90.3304045,183.1709335,84.2554365,-68.151501,-39.617829,-12.405214999999998
-64.856144,529.0206919999999,301.57599766666664,-222.00874199999998,427.976525,32.848588,-89.8301125,184.0538235,86.58361,-67.983125,-39.88767100000001,-12.454434000000006
-64.927726,529.2039633333334,301.63502666666665,-221.89623699999999,427.87487450000003,32.904536,-89.318348,184.970205,88.9623395,-67.808968,-40.16483199999999,-12.495911000000007
-65.00013233333333,529.397054,301.69870199999997,-221.77284500000002,427.753992,32.968129,-88.7954345,185.919766,91.3895335,-67.628995,-40.44911400000001,-12.529404999999997
-65.07323233333334,529.5999863333333,301.76714066666665,-221.63827099999997,427.612662,33.039938,-88.2617205,186.9021275,93.86303000000001,-67.443189,-40.74030099999999,-12.554693999999998
-65.14689433333332,529.8127713333333,301.840453,-221.49224800000002,427.4497225,33.1205355,-87.717575,187.916848,96.380608,-67.25155000000001,-41.038162,-12.571569999999994
-65.22098899999999,530.0354076666666,301.91874,-221.33453450000002,427.2640765,33.2104935,-87.1633875,188.9634265,98.9399945,-67.054089,-41.34245299999998,-12.579848999999996
-65.29538466666666,530.2678803333333,302.00209233333334,-221.1649225,427.0547,33.3103825,-86.599569,190.041304,101.538872,-66.85083599999999,-41.652918,-12.579369999999997
-65.36995066666667,530.5101616666666,302.0905916666666,-220.9832345,426.820651,33.4207645,-86.026544,191.1498665,104.17488800000001,-66.641832,-41.96929299999999,-12.569993999999994
-65.44455866666667,530.76221,302.1843086666667,-220.7893295,426.5610745,33.542195,-85.4447565,192.2884495,106.84566000000001,-66.427133,-42.291304999999994,-12.551611999999992
-65.519079,531.0239710000001,302.283304,-220.583099,426.275211,33.675216,-84.854663,193.4563395,109.548784,-66.206808,-42.618673,-12.524137999999994
-65.59338466666667,531.2953746666666,302.387627,-220.36447199999998,425.962401,33.8203535,-84.25673499999999,194.6527795,112.28184250000001,-65.980934,-42.95111499999999,-12.487519000000006
-65.66734966666667,531.5763383333333,302.49731633333334,-220.133415,425.62209199999995,33.978117,-83.6514545,195.8769705,115.0424085,-65.74960300000001,-43.28834499999999,-12.441725000000005
-65.74085033333334,531.8667646666667,302.61239866666665,-219.889929,425.25384099999997,34.148990500000004,-83.03931700000001,197.12807700000002,117.828055,-65.512916,-43.63007200000001,-12.386758
-65.81376433333334,532.1665413333333,302.7328896666667,-219.634053,424.85731899999996,34.333434,-82.4208265,198.40522800000002,120.63636,-65.270985,-43.97601,-12.322648000000001
-65.88597266666666,532.4755416666667,302.85879400000005,-219.3658595,424.432311,34.531876499999996,-81.796498,199.70752199999998,123.464911,-65.02393000000001,-44.32586999999998,-12.24945000000001
-65.95735733333333,532.7936263333332,302.99010300000003,-219.08545750000002,423.97872,34.7447145,-81.1668525,201.0340285,126.311313,-64.771881,-44.67936700000001,-12.167249999999996
-66.02780466666667,533.1206393333333,303.12679700000007,-218.79298699999998,423.4965665,34.972308999999996,-80.532422,202.383794,129.173191,-64.514974,-45.036220000000014,-12.076160000000016
-66.09720333333333,533.4564119999999,303.26884666666666,-218.488621,422.985988,35.2149795,-79.8937435,203.755842,132.048197,-64.253357,-45.39614599999999,-11.976313999999988
-66.16544433333333,533.8007616666667,303.416207,-218.172562,422.44723650000003,35.473006,-79.25136,205.149177,134.9340125,-63.987184,-45.75886800000001,-11.867873000000003
-66.23242333333333,534.1534906666667,303.56882466666667,-217.84503999999998,421.880678,35.7466205,-78.6058225,206.56278650000002,137.8283555,-63.71661699999999,-46.12411499999999,-11.751019000000014
-66.29803933333334,534.5143886666666,303.72663366666666,-217.50631049999998,421.2867895,36.0360095,-77.9576845,207.99564500000002,140.728981,-63.441824999999994,-46.49161599999999,-11.625951999999984
-66.362194,534.883233,303.889557,-217.1566535,420.6661555,36.34131,-77.307504,209.446714,143.6336875,-63.162986000000004,-46.86110199999999,-11.49289300000001
-66.42479433333334,535.259786,304.057506,-216.79637000000002,420.01946150000003,36.6626085,-76.6558435,210.914945,146.54031750000001,-62.880286999999996,-47.23230800000002,-11.352078999999975
-66.48575,535.6437996666667,304.2303826666667,-216.4257805,419.347493,36.999939499999996,-76.0032665,212.399282,149.4467625,-62.59391899999999,-47.604971999999975,-11.203756999999996
-66.544976,536.0350126666667,304.40807666666666,-216.045223,418.6511285,37.3532855,-75.35033849999999,213.8986635,152.350965,-62.304086999999996,-47.97882900000002,-11.048189999999977
-66.60239033333333,536.4331533333334,304.5904683333333,-215.6550515,417.931334,37.7225765,-74.697626,215.412022,155.2509215,-62.010998,-48.35361399999999,-10.885645000000011
-66.65791666666667,536.8379383333333,304.777429,-215.255632,417.18915849999996,38.1076925,-74.0456945,216.938287,158.1446815,-61.714875,-48.729063999999994,-10.716397
-66.71148233333334,537.249074,304.96881933333333,-214.847345,416.4257255,38.508461499999996,-73.3951085,218.476387,161.0303545,-61.415945,-49.104907999999995,-10.540722999999986
-66.763019,537.666257,305.1644913333334,-214.43058,415.64223000000004,38.9246635,-72.74642850000001,220.02525000000003,163.906108,-61.114447,-49.480874,-10.358902
-66.81246333333334,538.0891756666666,305.36428866666665,-214.00573550000001,414.839931,39.356032,-72.1002115,221.583803,166.7701695,-60.810627000000004,-49.856684,-10.171209000000005
-66.85975666666667,538.5175089999999,305.568047,-213.57322,414.020145,39.802256,-71.45701,223.150978,169.62082900000001,-60.504744,-50.232054000000005,-9.977916000000022
-66.90484500000001,538.9509290000001,305.7755933333333,-213.1334485,413.1842395,40.262983500000004,-70.81736749999999,224.725708,172.45644,-60.197064999999995,-50.60669200000001,-9.77928799999998
-66.947679,539.3891006666668,305.98674933333336,-212.6868425,412.33362850000003,40.737826,-70.18182300000001,226.306932,175.275418,-59.88787000000001,-50.980298000000005,-9.575580000000002
-66.988213,539.8316823333333,306.20132800000005,-212.2338305,411.469764,41.22636,-69.5509025,227.893593,178.0762455,-59.577443,-51.352564,-9.367034999999987
-67.02640866666667,540.2783283333333,306.41913800000003,-211.77484850000002,410.5941325,41.728134499999996,-68.925122,229.484644,180.8574695,-59.266086,-51.723172000000005,-9.153886999999997
-67.06222966666667,540.7286866666667,306.63998166666664,-211.3103355,409.708246,42.2426715,-68.3049865,231.07904399999998,183.6177035,-58.954103,-52.09179599999999,-8.936351000000002
-67.09564566666667,541.1824026666667,306.8636563333333,-210.84073949999998,408.81363799999997,42.769475,-67.69098550000001,232.6757635,186.355627,-58.641811000000004,-52.458099000000004,-8.714631999999995
-67.12663066666666,541.6391186666666,307.089956,-210.3665135,407.911858,43.308032,-67.0835945,234.27378450000003,189.069987,-58.329533000000005,-52.82173700000001,-8.488914000000022
-67.15516366666667,542.0984746666667,307.3186693333334,-209.8881155,407.004464,43.8578185,-66.483272,235.872101,191.7595975,-58.017602000000004,-53.18235999999999,-8.259366999999997
-67.18122833333332,542.5601093333333,307.5495823333333,-209.40601149999998,406.0930175,44.418305000000004,-65.890458,237.4697235,194.42334,-57.706352,-53.53960700000002,-8.026143999999988
-67.204813,543.0236610000001,307.7824796666667,-208.92067200000002,405.179077,44.9889595,-65.3055755,239.0656775,197.060163,-57.39612700000001,-53.893114999999966,-7.789380000000023
-67.22590933333333,543.4887683333333,308.01714100000004,-208.43257549999998,404.264192,45.569254,-64.72902500000001,240.65900799999997,199.6690825,-57.087270000000004,-54.242519999999985,-7.549198999999987
-67.24451499999999,543.955071,308.25334833333335,-207.942204,403.3498995,46.1586655,-64.1611875,242.2487795,202.249181,-56.78012699999999,-54.587451000000016,-7.305701999999997
-67.26063133333334,544.4222103333333,308.49087933333334,-207.45004649999998,402.4377135,46.756682999999995,-63.60242100000001,243.83407899999997,204.7996075,-56.475044000000004,-54.92754399999998,-7.058985000000007
-67.27426433333333,544.8898316666667,308.7295133333334,-206.95659799999999,401.52912349999997,47.362808,-63.053062000000004,245.414015,207.3195765,-56.172364,-55.26243600000001,-6.809123
-67.28542433333332,545.357581,308.9690296666667,-206.462356,400.625585,47.97656,-62.513420999999994,246.98772400000001,209.808367,-55.87242199999999,-55.591768,-6.55618800000002
-67.294125,545.8251126666665,309.20920766666666,-205.967822,399.728517,48.5974765,-61.983787500000005,248.554368,212.2653225,-55.575551,-55.91519800000003,-6.300236999999981
-67.300385,546.2920823333334,309.44982899999997,-205.4735,398.8392915,49.225116,-61.4644225,250.113138,214.68984949999998,-55.282071,-56.23238599999999,-6.0413230000000055
-67.30422633333335,546.7581530000001,309.69067633333333,-204.979895,397.95923200000004,49.8590585,-60.95556500000001,251.6632565,217.081414,-54.992290000000004,-56.54301499999997,-5.779494
-67.30567533333334,547.2229936666666,309.93153566666666,-204.48751149999998,397.0896045,50.4989085,-60.457426999999996,253.20397450000002,219.4395435,-54.706503999999995,-56.84678299999999,-5.514795000000021
-67.304762,547.6862796666666,310.1721956666667,-203.996851,396.2316145,51.1442905,-59.9701945,254.7345795,221.7638235,-54.42499099999999,-57.143406999999996,-5.247269000000017
-67.30152,548.147695,310.412448,-203.508411,395.3863995,51.7948545,-59.494029999999995,256.2543905,224.05389350000002,-54.14800999999999,-57.43262900000002,-4.976960999999989
-67.29598666666666,548.6069309999999,310.6520883333333,-203.0226815,394.5550225,52.4502695,-59.02906850000001,257.762763,226.3094495,-53.875801,-57.71421799999999,-4.703918999999985
-67.28820133333333,549.0636883333333,310.89091733333333,-202.5401445,393.7384715,53.1102265,-58.575419,259.259088,228.5302375,-53.608577999999994,-57.98796599999997,-4.4281970000000115
-67.278209,549.5176756666666,311.12873866666666,-202.0612705,392.9376515,53.774433,-58.133166,260.7427935,230.716053,-53.346534,-58.25369899999998,-4.149856
-67.26605566666666,549.968612,311.3653636666667,-201.58651600000002,392.1533815,54.4426125,-57.7023685,262.2133455,232.866739,-53.08983500000001,-58.511269,-3.8689600000000155
-67.25179100000001,550.4162263333334,311.6006073333333,-201.116322,391.38639,55.114502,-57.2830595,263.670246,234.98218200000002,-52.838623,-58.76056399999999,-3.5855919999999912
-67.23546766666668,550.860258,311.8342906666667,-200.651109,390.6373165,55.7898485,-56.8752485,265.1130375,237.06231000000002,-52.593008999999995,-59.001502999999985,-3.299834000000004
-67.21714033333332,551.3004563333334,312.06624200000005,-200.191279,389.906702,56.468405000000004,-56.478919,266.54129850000004,239.1070895,-52.35307999999999,-59.234035000000006,-3.0117870000000266
-67.196867,551.736583,312.296295,-199.737209,389.1949965,57.1499285,-56.0940315,267.954648,241.1165225,-52.11889099999999,-59.458146,-2.7215590000000134
-67.174707,552.1684093333333,312.52429,-199.289252,388.50255000000004,57.834177000000004,-55.720523,269.3527405,243.090645,-51.89047600000001,-59.673850999999985,-2.4292700000000025
-67.15072166666666,552.5957193333332,312.7500743333333,-198.847732,387.82961850000004,58.5209045,-55.358306,270.73527149999995,245.02952249999998,-51.66783799999999,-59.88119899999998,-2.135052999999999
-67.12497466666666,553.0183076666666,312.973503,-198.41294549999998,387.1763635,59.209858000000004,-55.0072705,272.1019715,246.933248,-51.450957,-60.080265000000026,-1.8390479999999911
-67.09753133333334,553.4359803333333,313.19443866666666,-197.9851595,386.5428535,59.900777500000004,-54.667285500000006,273.4526095,248.8019395,-51.239789,-60.27115700000002,-1.5414069999999924
-67.06845766666666,553.848556,313.41275,-197.5646085,385.9290675,60.593388499999996,-54.338196499999995,274.7869915,250.635738,-51.034267,-60.45400700000002,-1.2422920000000204
-67.037822,554.2558643333333,313.628314,-197.151496,385.3348975,61.287403000000005,-54.0198295,276.1049595,252.434803,-50.834305,-60.628973,-0.9418720000000178
-67.00569266666668,554.6577473333333,313.84101499999997,-196.7459925,384.760154,61.982515500000005,-53.7119895,277.4063905,254.19931400000002,-50.639796999999994,-60.796234999999996,-0.6403200000000027
-66.97213966666666,555.0540576666667,314.05074533333334,-196.348237,384.204571,62.6784035,-53.414462,278.6911965,255.9294635,-50.450624000000005,-60.95599300000001,-0.33782099999999105
-66.93723333333334,555.4446603333334,314.25740433333334,-195.958336,383.66781149999997,63.374723,-53.1270145,279.959322,257.62546050000003,-50.266653,-61.108464,-0.03455700000000661
-66.90104366666667,555.829431,314.4609,-195.5763635,383.1494745,64.07111,-52.849396,281.21074600000003,259.2875245,-50.08774199999999,-61.253882000000004,0.2692830000000299
-66.86364200000001,556.2082576666667,314.66114699999997,-195.2023645,382.6491,64.767181,-52.58134,282.445479,260.915884,-49.913736,-61.39249000000001,0.5735099999999989
-66.82509833333333,556.5810383333334,314.8580683333333,-194.8363545,382.166178,65.46252849999999,-52.322564,283.66356,262.5107805,-49.744482000000005,-61.524542000000025,0.8779369999999744
-66.78548466666666,556.9476820000001,315.0515936666667,-194.47832,381.70015550000005,66.1567275,-52.072772,284.8650595,264.07246050000003,-49.579817999999996,-61.650296999999995,1.182375000000036
-66.74487033333334,557.3081086666667,315.2416613333333,-194.128221,381.250443,66.8493325,-51.8316545,286.050073,265.601178,-49.419585000000005,-61.77002000000002,1.4866419999999607
-66.70332566666666,557.662249,315.42821533333336,-193.78599450000002,380.816423,67.53988,-51.598892500000005,287.218725,267.0971945,-49.263623,-61.88397599999996,1.7905550000000403
-66.66091866666666,558.0100426666667,315.611209,-193.451554,380.3974575,68.2278905,-51.3741565,288.37116149999997,268.5607765,-49.111779000000006,-61.99242899999996,2.0939430000000243
-66.61771866666668,558.3514403333334,315.790601,-193.124792,379.99289450000003,68.9128705,-51.1571085,289.507552,269.9921965,-48.96390100000001,-62.095642,2.3966350000000034
-66.57379166666666,558.6864013333334,315.9663576666666,-192.8055845,379.6020755,69.5943155,-50.947405499999995,290.6280875,271.39173100000005,-48.819846999999996,-62.19386900000001,2.698467999999991
-66.529205,559.0148936666666,316.13845266666664,-192.4937905,379.22434450000003,70.2717105,-50.7447015,291.7329755,272.7596625,-48.679480999999996,-62.28736100000003,2.999286999999981
-66.484022,559.3368963333334,316.30686499999996,-192.189255,378.85904800000003,70.944536,-50.548646000000005,292.82244000000003,274.096278,-48.542676,-62.37635800000004,3.298944000000006
-66.43830633333333,559.6523940000001,316.47158133333335,-191.89181250000001,378.50554850000003,71.61227,-50.358889500000004,293.896718,275.4018705,-48.409315,-62.46109200000001,3.597296999999969
-66.39211933333333,559.9613813333333,316.632594,-191.601288,378.16322349999996,72.27438749999999,-50.1750835,294.956059,276.6767375,-48.279289000000006,-62.54178000000002,3.894215000000031
-66.34552133333334,560.2638596666666,316.7899013333333,-191.317498,377.8314745,72.93037,-49.996883,296.0007195,277.921181,-48.1525,-62.618633000000045,4.189570000000003
-66.298571,560.5598393333333,316.943508,-191.040256,377.5097265,73.579703,-49.823949500000005,297.03096200000005,279.135511,-48.028857,-62.69184799999999,4.483242000000018
-66.251324,560.8493353333333,317.0934236666667,-190.76937049999998,377.197437,74.221883,-49.65595,298.047052,280.3200425,-47.908280000000005,-62.761604000000034,4.775117000000023
-66.20383633333334,561.1323713333334,317.23966333333334,-190.50465000000003,376.894093,74.85641749999999,-49.492561,299.0492545,281.47509549999995,-47.790698000000006,-62.82807300000002,5.065089
-66.15615933333333,561.4089766666666,317.382248,-190.245902,376.5992165,75.48282900000001,-49.3334685,300.037832,282.6009995,-47.67604300000001,-62.891412,5.353053000000045
-66.10834533333333,561.6791863333333,317.52120333333335,-189.992936,376.31236650000005,76.100658,-49.178371,301.0130425,283.6980875,-47.564257999999995,-62.95176500000002,5.638911000000007
-66.06044266666667,561.943041,317.6565583333333,-189.745564,376.033137,76.7094645,-49.0269795,301.975134,284.76670049999996,-47.455291,-63.00926199999998,5.922567000000015
-66.01249866666667,562.2005876666666,317.788348,-189.503602,375.761159,77.3088305,-48.8790185,302.9243445,285.807187,-47.349090999999994,-63.064025000000015,6.203928000000019
-65.96455866666666,562.4518766666666,317.9166113333333,-189.26687199999998,375.4961025,77.8983635,-48.7342285,303.860898,286.81990099999996,-47.245614999999994,-63.11615999999998,6.482900000000029
-65.91666566666667,562.6969646666668,318.04138966666665,-189.035201,375.237672,78.477694,-48.5923635,304.7850035,287.805204,-47.144819,-63.16576500000002,6.759396000000038
-65.86886166666666,562.935911,318.16273,-188.8084235,374.9856075,79.0464815,-48.453196,305.6968495,288.763463,-47.046666,-63.21292699999998,7.033323999999993
-65.821185,563.1687806666667,318.280682,-188.58638000000002,374.739684,79.6044125,-48.316512,306.59660699999995,289.69505100000003,-46.951114,-63.257723999999996,7.304594000000009
-65.77367433333335,563.3956403333333,318.3952973333333,-188.368919,374.4997085,80.15120350000001,-48.18211600000001,307.484423,290.6003465,-46.858126000000006,-63.30022600000001,7.57311500000003
-65.72636566666667,563.616562,318.50663166666664,-188.15589699999998,374.26551800000004,80.6865985,-48.049827500000006,308.360421,291.479733,-46.767663000000006,-63.34049399999998,7.838797999999997
-65.679293,563.83162,318.6147436666667,-187.9471805,374.03697950000003,81.2103735,-47.919482,309.224701,292.333599,-46.679686000000004,-63.37858399999999,8.10154799999998
-65.632489,564.040891,318.71969333333334,-187.7426405,373.813985,81.7223325,-47.7909315,310.077336,293.1623345,-46.594156999999996,-63.41454399999998,8.361272999999983
-65.58598400000001,564.2444553333333,318.82154266666663,-187.542161,373.5964505,82.22231,-47.6640415,310.91837150000003,293.9663345,-46.51103500000001,-63.448420999999996,8.617881000000011
-65.53980766666666,564.4423946666667,318.9203566666667,-187.3456295,373.384316,82.71017,-47.5386935,311.74782700000003,294.745995,-46.430280999999994,-63.48025200000001,8.871275999999966
-65.49398833333333,564.6347926666666,319.01620099999997,-187.1529455,373.17753600000003,83.1858045,-47.414780500000006,312.565695,295.501713,-46.35185500000001,-63.51007400000003,9.121363999999971
-65.44855133333333,564.8217353333333,319.10914333333335,-186.96401450000002,372.976086,83.6491345,-47.292211,313.371941,296.233888,-46.275718,-63.537919999999986,9.368053999999972
-65.40352266666666,565.0033093333333,319.199252,-186.7787505,372.779954,84.100108,-47.170902,314.1665035,296.94291699999997,-46.20183,-63.563819000000024,9.611251999999979
-65.35892566666666,565.179604,319.28659666666664,-186.5970745,372.5891395,84.53869850000001,-47.050784,314.9492965,297.62919750000003,-46.13015399999999,-63.58780300000001,9.850869000000046
-65.31478233333333,565.3507079999999,319.3712473333334,-186.4189145,372.4036515,84.964907,-46.931796500000004,315.72020999999995,298.2931255,-46.060655000000004,-63.609894,10.086819000000048
-65.27111466666666,565.5167126666666,319.453275,-186.244205,372.2235065,85.378757,-46.81388749999999,316.479111,298.9350955,-45.993300999999995,-63.63012200000003,10.319019000000026
-65.22794233333333,565.6777069999999,319.53275099999996,-186.0728875,372.04872750000004,85.7802955,-46.697013500000004,317.2258445,299.5554995,-45.928061,-63.64850899999999,10.547391000000005
-65.18528433333334,565.833784,319.60974733333336,-185.904909,371.8793375,86.1695935,-46.5811395,317.960239,300.154727,-45.86491099999999,-63.665081999999984,10.771863999999994
-65.14315900000001,565.9850339999999,319.68433466666664,-185.7402205,371.71536249999997,86.546742,-46.466235499999996,318.682105,300.73316650000004,-45.803831,-63.67986400000001,10.992372999999986
-65.101583,566.131548,319.7565856666667,-185.578778,371.556827,86.9118505,-46.352277,319.3912395,301.291203,-45.744803999999995,-63.692879000000005,11.208859999999959
-65.06057266666666,566.2734183333333,319.82657033333334,-185.4205435,371.4037515,87.2650515,-46.239246,320.0874285,301.82921999999996,-45.687822,-63.70415300000002,11.421277999999973
-65.02014333333334,566.4107343333334,319.89436099999995,-185.2654805,371.25615400000004,87.606492,-46.127129,320.770448,302.3476,-45.63288,-63.71371199999999,11.629586000000018
-64.98030933333332,566.5435863333333,319.96002699999997,-185.11355450000002,371.1140435,87.9363385,-46.0159155,321.440071,302.8467245,-45.57998099999999,-63.72158200000001,11.833756999999991
-64.94108366666667,566.6720636666668,320.023639,-184.96473650000001,370.977422,88.254774,-45.905600500000006,322.0960665,303.326977,-45.529133,-63.727791000000025,12.033771999999999
-64.90247933333333,566.7962546666666,320.085267,-184.8189965,370.84628250000003,88.56199649999999,-45.796181,322.738205,303.78873999999996,-45.48035,-63.732365999999956,12.229625999999996
-64.86450833333333,566.9162463333333,320.1449783333333,-184.676308,370.720606,88.85822,-45.687659000000004,323.366261,304.232401,-45.433654000000004,-63.73534000000001,12.421321999999975
-64.82718233333333,567.0321246666666,320.202843,-184.536643,370.60036,89.1436735,-45.580038,323.980017,304.6583505,-45.389070000000004,-63.73674199999999,12.608877000000007
-64.79051066666666,567.1439746666666,320.25892666666664,-184.39997499999998,370.4854995,89.418601,-45.4733265,324.5792655,305.0669845,-45.346627000000005,-63.73660899999999,12.79231900000002
-64.754504,567.2518789999999,320.31329566666665,-184.2662775,370.375964,89.6832595,-45.367535999999994,325.163813,305.458707,-45.30636,-63.73497599999996,12.971689999999967
-64.71917033333334,567.3559193333334,320.36601633333333,-184.13552199999998,370.271674,89.9379205,-45.262682,325.733484,305.83393249999995,-45.26830799999999,-63.73187999999999,13.147041000000002
-64.68451866666668,567.4561750000001,320.417153,-184.007681,370.17253500000004,90.1828695,-45.1587835,326.28812200000004,306.1930855,-45.232507,-63.72736600000002,13.318433000000027
-64.65055600000001,567.5527243333332,320.46676866666667,-183.882723,370.078432,90.418406,-45.055863,326.82759550000003,306.5366045,-45.198997999999996,-63.72147699999999,13.485941000000025
-64.617289,567.6456433333334,320.51492733333333,-183.7606175,369.98923,90.64484350000001,-44.953949,327.3517975,306.8649435,-45.167818,-63.71426100000002,13.649645000000021
-64.58472266666666,567.7350056666667,320.56169,-183.64133149999998,369.904773,90.862509,-44.853074500000005,327.86064899999997,307.178575,-45.139005000000004,-63.70577199999997,13.809638000000007
-64.552863,567.820883,320.6071176666667,-183.524829,369.8248855,91.07174499999999,-44.753278,328.3541055,307.477989,-45.11258600000001,-63.696064999999976,13.96601800000002
-64.52171366666666,567.9033456666667,320.65127133333334,-183.411072,369.749365,91.272907,-44.6546015,328.8321525,307.763699,-45.088589000000006,-63.685203,14.118890000000022
-64.49127800000001,567.982461,320.69421,-183.3000225,369.67799,91.4663665,-44.557097,329.29481250000003,308.0362415,-45.06702999999999,-63.67325099999999,14.268363000000022
-64.46155766666666,568.0582943333334,320.73599233333334,-183.19164,369.61051399999997,91.65250950000001,-44.4608195,329.7421445,308.296179,-45.04791499999999,-63.66028299999999,14.414551999999958
-64.43255433333333,568.130909,320.776676,-183.0858815,369.546666,91.8317365,-44.3658335,330.1742455,308.5440995,-45.03124100000001,-63.64637499999998,14.557570999999996
-64.40426766666667,568.200366,320.81631866666663,-182.98270250000002,369.486153,92.0044635,-44.272209000000004,330.591254,308.7806195,-45.016988,-63.63161200000002,14.697537000000011
-64.376697,568.2667240000001,320.8549776666667,-182.88205950000003,369.428656,92.17112399999999,-44.180023000000006,330.99334699999997,309.006387,-45.00512200000001,-63.616083999999944,14.834564
-64.34984066666668,568.3300393333333,320.89270966666663,-182.783908,369.373834,92.3321655,-44.0893625,331.3807415,309.22207749999995,-44.995594999999994,-63.59988699999997,14.968765000000019
-64.323695,568.3903673333333,320.92956933333335,-182.688202,369.3213225,92.488052,-44.00032,331.753698,309.42839949999995,-44.98833400000001,-63.58312599999999,15.10024900000002
-64.29825533333333,568.447759,320.9656136666667,-182.594898,369.2707335,92.6392635,-43.912997000000004,332.1125135,309.62609150000003,-44.983252,-63.56590899999998,15.229119000000026
-64.27351666666667,568.5022653333333,321.000898,-182.503953,369.2216585,92.78629649999999,-43.827504,332.457529,309.815923,-44.980239999999995,-63.548351999999966,15.355469999999968
-64.24947200000001,568.5539343333334,321.0354776666666,-182.415326,369.17366849999996,92.92966150000001,-43.743956499999996,332.78911949999997,309.998696,-44.979164999999995,-63.53057700000005,15.479389999999967
-64.226112,568.6028126666666,321.06940833333334,-182.3289795,369.1263135,93.0698875,-43.6624805,333.1077,310.17524000000003,-44.979873,-63.51271000000003,15.600960000000043
-64.20342833333332,568.6489439999999,321.10274466666664,-182.24487699999997,369.07912650000003,93.207515,-43.5832065,333.41372,310.346414,-44.982191,-63.49488400000001,15.720248000000026
-64.181409,568.6923716666666,321.1355436666667,-182.16298899999998,369.031625,93.3431025,-43.506274000000005,333.7076595,310.5131045,-44.98592,-63.47723300000001,15.837311
-64.16004199999999,568.7331366666667,321.16786,-182.08328899999998,368.98331,93.47722,-43.431827,333.9900325,310.676221,-44.990844,-63.45989300000002,15.952195999999958
-64.139313,568.7712793333334,321.1997496666667,-182.00575800000001,368.933672,93.61045250000001,-43.3600155,334.2613765,310.8366975,-44.996725,-63.44300500000003,16.06494299999997
-64.11920666666667,568.8068373333332,321.23127,-181.93037900000002,368.882189,93.74339599999999,-43.2909935,334.5222565,310.995486,-45.003309,-63.42670500000003,16.17557400000004
-64.09970633333334,568.8398476666666,321.2624773333333,-181.857147,368.8283325,93.8766575,-43.224917500000004,334.7732545,311.153555,-45.010323,-63.411126999999965,16.28410600000001
-64.08079333333333,568.8703466666667,321.29342833333334,-181.78606000000002,368.7715675,94.0108545,-43.1619475,335.0149725,311.31188499999996,-45.017483,-63.39640499999996,16.39054600000003
-64.062449,568.89837,321.32418133333334,-181.717126,368.711356,94.1466125,-43.102242000000004,335.2480235,311.47146499999997,-45.024498,-63.382660999999985,16.494893999999988
-64.04465066666667,568.9239516666667,321.35479333333336,-181.65036,368.64716,94.28456399999999,-43.045959,335.473031,311.633288,-45.031064,-63.370011999999974,16.597143999999957
-64.02737733333333,568.947126,321.3853236666667,-181.58578599999998,368.57844250000005,94.4253465,-42.993255000000005,335.690622,311.7983455,-45.036880000000004,-63.358562000000006,16.697283000000027
-64.01060466666667,568.9679269999999,321.41582999999997,-181.5234365,368.504672,94.5696005,-42.9442795,335.901425,311.9676245,-45.041647,-63.34840200000002,16.795300999999995
-63.99430733333333,568.9863869999999,321.4463726666667,-181.4633515,368.4253245,94.717967,-42.8991765,336.1060655,312.1420995,-45.045069,-63.339608999999996,16.891187000000002
-63.978458999999994,569.0025393333334,321.4770106666667,-181.40558099999998,368.3398865,94.8710885,-42.858081,336.3051615,312.32272950000004,-45.046862000000004,-63.332240999999954,16.984937000000002
-63.96303333333333,569.0164176666667,321.507804,-181.3501815,368.247857,95.029601,-42.821117,336.4993185,312.5104505,-45.046762,-63.32633299999998,17.076550999999995
-63.948000666666665,569.028056,321.5388126666667,-181.297218,368.1487515,95.19413800000001,-42.788396000000006,336.68912850000004,312.70617400000003,-45.044524,-63.32190099999997,17.166042000000004
-63.93333200000001,569.037488,321.5700963333333,-181.246765,368.042104,95.36532199999999,-42.7600135,336.8751635,312.910775,-45.039930999999996,-63.31893500000001,17.25343799999996
-63.918997333333344,569.044749,321.60171633333334,-181.198901,367.92746750000003,95.5437685,-42.736048000000004,337.057974,313.1250925,-45.032796000000005,-63.317402000000016,17.33878500000003
-63.904965000000004,569.0498739999999,321.63373300000006,-181.153711,367.804421,95.7300765,-42.716559,337.238084,313.349921,-45.02297,-63.317237999999975,17.422149999999988
-63.891202666666665,569.0528996666666,321.66620600000005,-181.111288,367.672567,95.92483100000001,-42.701584499999996,337.4159915,313.586006,-45.010346999999996,-63.31834900000001,17.503624000000002
-63.877679,569.053863,321.69919566666664,-181.071727,367.5315375,96.1285995,-42.691140499999996,337.59216200000003,313.8340405,-44.994862999999995,-63.32062000000002,17.583328999999992
-63.86436033333333,569.052804,321.7327613333333,-181.035127,367.380993,96.3419265,-42.68521750000001,337.76703,314.09465750000004,-44.976507000000005,-63.32389800000004,17.66141699999997
-63.851213666666666,569.049762,321.766963,-181.00159050000002,367.2206265,96.5653355,-42.6837805,337.9409935,314.368427,-44.955317,-63.328007000000014,17.738073999999983
-63.83820566666666,569.0447783333334,321.8018583333333,-180.97122050000002,367.05016450000005,96.79932149999999,-42.6867685,338.11441549999995,314.655855,-44.931387,-63.332739000000004,17.813521999999978
-63.82530233333333,569.0378973333333,321.83750633333335,-180.9441205,366.869368,97.0443525,-42.694092500000004,338.287623,314.9573745,-44.904871,-63.33785999999998,17.88802099999998
-63.81247,569.029164,321.873963,-180.920392,366.67803449999997,97.300865,-42.7056355,338.4609025,315.273347,-44.875972999999995,-63.34310899999997,17.961873999999966
-63.79967533333333,569.0186253333333,321.9112846666667,-180.90013549999998,366.475999,97.569261,-42.721254,338.634505,315.60405849999995,-44.844964000000004,-63.34820000000002,18.03541899999999
-63.78688533333334,569.0063306666667,321.9495266666667,-180.88344899999998,366.26313600000003,97.8499085,-42.740775,338.8086415,315.94971699999996,-44.81216599999999,-63.35282699999999,18.109039999999993
-63.77406633333334,568.9923303333334,321.98874166666667,-180.87042150000002,366.0393575,98.143136,-42.7639995,338.983484,316.3104515,-44.777961,-63.35665999999998,18.18315700000005
-63.761186333333335,568.9766783333333,322.0289813333333,-180.861141,365.80461649999995,98.44923399999999,-42.790704,339.15916949999996,316.6863125,-44.74278199999999,-63.359354999999994,18.258235000000013
-63.748213,568.9594303333333,322.0702963333333,-180.8556855,365.558905,98.7684505,-42.820637500000004,339.3357945,317.0772695,-44.707113,-63.36054899999999,18.33476900000005
-63.73511466666667,568.9406433333334,322.1127343333333,-180.8541265,365.3022575,99.10099,-42.8535295,339.513421,317.48321150000004,-44.671487,-63.359871999999996,18.413298999999995
-63.721861333333344,568.9203786666667,322.15634166666666,-180.85652399999998,365.0347475,99.447012,-42.889088,339.692076,317.903951,-44.63647800000001,-63.356944,18.49439000000001
-63.708423,568.8986973333333,322.201162,-180.86293,364.7564885,99.80663050000001,-42.927001,339.87175149999996,318.3392205,-44.602695999999995,-63.35137500000002,18.578643
-63.694771,568.8756646666667,322.24723700000004,-180.87338599999998,364.467635,100.1799135,-42.966944,340.052407,318.788679,-44.570784,-63.34277800000001,18.666680000000042
-63.680877333333335,568.8513483333334,322.29460466666666,-180.8879195,364.1683795,100.56688,-43.008578500000006,340.233972,319.251911,-44.541409,-63.33076199999999,18.759145999999987
-63.66671466666667,568.8258159999999,322.34330133333333,-180.906547,363.858954,100.967501,-43.051557,340.41634650000003,319.7284325,-44.515256,-63.31494300000003,18.856701000000044
-63.65225833333333,568.7991396666667,322.39336,-180.92927400000002,363.539628,101.38170050000001,-43.0955265,340.5994025,320.2176925,-44.49301899999999,-63.294940999999994,18.96001899999999
-63.63748333333333,568.7713936666667,322.4448106666667,-180.95609050000002,363.210707,101.80935149999999,-43.140132,340.782986,320.71907799999997,-44.47539400000001,-63.270388000000025,19.069772
-63.622366,568.7426523333332,322.49767933333334,-180.9869755,362.87253150000004,102.250281,-43.185019,340.9669215,321.2319185,-44.463076,-63.24092300000001,19.18663700000002
-63.606885,568.712994,322.5519903333333,-181.0218925,362.525477,102.70426849999998,-43.2298415,341.1510115,321.7554915,-44.45674100000001,-63.20620500000001,19.311275000000023
-63.59101933333333,568.6824973333332,322.60776333333337,-181.060794,362.1699505,103.1710455,-43.2742585,341.33504000000005,322.28902800000003,-44.457044999999994,-63.16591,19.444335999999964
-63.574749999999995,568.6512436666667,322.6650136666667,-181.1036185,361.8063885,103.6502995,-43.317946,341.518775,322.831718,-44.464614,-63.119732,19.586439999999982
-63.558057999999996,568.619315,322.7237546666667,-181.150293,361.435258,104.1416725,-43.360596,341.7019725,323.3827185,-44.480033999999996,-63.06738899999999,19.738179000000002
-63.540928,568.5867959999999,322.7839936666667,-181.20073250000002,361.05705,104.6447665,-43.4019215,341.8843785,323.9411595,-44.503842999999996,-63.00862699999999,19.90009900000001
-63.52334333333334,568.553771,322.8457366666667,-181.2548385,360.6722815,105.1591415,-43.4416615,342.065732,324.50615200000004,-44.536525,-62.943218,20.072699999999998
-63.505291,568.5203266666666,322.90898366666664,-181.3125055,360.28149099999996,105.6843205,-43.479583500000004,342.24576950000005,325.0767945,-44.578499,-62.870969,20.256421000000046
-63.486758,568.4865496666666,322.9737323333333,-181.3736155,359.8852365,106.2197905,-43.5154855,342.4242285,325.652183,-44.630112999999994,-62.791719,20.451634000000013
-63.46773366666667,568.4525283333334,323.0399743333333,-181.4380425,359.48409300000003,106.765007,-43.549203999999996,342.60085000000004,326.231419,-44.691636,-62.705348000000015,20.658634000000006
-63.448208,568.4183496666666,323.10769866666664,-181.5056525,359.078649,107.31939400000002,-43.5806125,342.775385,326.81361549999997,-44.76325299999999,-62.61177600000002,20.877627000000018
-63.428171999999996,568.3841036666666,323.17689033333335,-181.5763045,358.66950599999996,107.882352,-43.609626000000006,342.94759650000003,327.3979075,-44.845058,-62.510966999999994,21.108730999999977
-63.40761866666667,568.349878,323.24753000000004,-181.649852,358.2572745,108.453255,-43.636202499999996,343.117265,327.98346100000003,-44.937051,-62.402934000000016,21.35196000000002
-63.386542666666664,568.3157623333334,323.31959466666666,-181.72614249999998,357.84257,109.03146050000001,-43.6603455,343.2841915,328.5694785,-45.03912699999999,-62.28774100000004,21.607214999999997
-63.36493866666666,568.2818436666666,323.39305666666667,-181.8050205,357.426013,109.616308,-43.6821065,343.44820200000004,329.155209,-45.151083,-62.16550599999999,21.87428799999998
-63.34280366666667,568.2482106666666,323.4678863333333,-181.8863295,357.0082235,110.20712599999999,-43.7015815,343.60915250000005,329.73995349999996,-45.272605,-62.03640100000001,22.15284700000001
-63.32013600000001,568.21495,323.54404900000003,-181.969908,356.5898195,110.803234,-43.7189165,343.7669305,330.32307449999996,-45.40327699999999,-61.900661000000014,22.442436999999984
-63.29693433333333,568.1821486666666,323.62150633333334,-182.055598,356.1714145,111.40394549999999,-43.7343025,343.92146049999997,330.903997,-45.542576999999994,-61.758577,22.742474000000016
-63.273198666666666,568.149892,323.70021833333334,-182.1432385,355.7536145,112.00857450000001,-43.747977500000005,344.072705,331.48221850000004,-45.689875,-61.61050399999999,23.052249000000018
-63.248931000000006,568.1182633333333,323.7801396666667,-182.23267149999998,355.3370145,112.61643649999999,-43.760224,344.2206685,332.05731149999997,-45.844443999999996,-61.456861,23.370923000000005
-63.22413366666666,568.0873456666667,323.861224,-182.32374149999998,354.9221985,113.2268525,-43.771362999999994,344.365399,332.62892550000004,-46.005458,-61.29812199999998,23.697532999999964
-63.198810333333334,568.0572196666667,323.943421,-182.416297,354.509734,113.8391545,-43.781756,344.50698850000003,333.1967885,-46.172003999999994,-61.134829000000025,24.030997000000013
-63.17296566666667,568.0279653333333,324.02667766666667,-182.5101875,354.1001705,114.452685,-43.7917985,344.6455745,333.76071049999996,-46.34308300000001,-60.96757500000001,24.37011899999999
-63.14660633333333,567.999659,324.11093933333336,-182.60527100000002,353.69404,115.06680399999999,-43.801915,344.7813395,334.3205805,-46.517624,-60.79701299999999,24.713591000000008
-63.11973833333334,567.972376,324.1961496666667,-182.70140800000001,353.291851,115.6808885,-43.8125555,344.914511,334.876366,-46.694491,-60.62384399999996,25.06002000000001
-63.092369,567.9461893333333,324.2822493333333,-182.79846550000002,352.8940905,116.29433750000001,-43.8241885,345.04535899999996,335.42811,-46.872496999999996,-60.44881600000002,25.407917999999995
-63.064508,567.9211686666666,324.3691776666667,-182.8963175,352.501219,116.90657300000001,-43.8372945,345.1741935,335.97592599999996,-47.05041299999999,-60.272717,25.755734000000018
-63.03616533333334,567.8973823333332,324.4568736666667,-182.9948425,352.113672,117.517042,-43.8523635,345.3013635,336.5199935,-47.226985,-60.09636499999999,26.101855
-63.00735066666667,567.8748946666667,324.5452736666667,-183.093928,351.731856,118.12522,-43.869884,345.4272505,337.06055200000003,-47.40094200000001,-59.92060700000002,26.444630000000018
-62.97807600000001,567.8537676666666,324.63431399999996,-183.193467,351.3561505,118.73060950000001,-43.890338,345.55226700000003,337.597893,-47.57101600000001,-59.74630399999995,26.782385999999974
-62.94835433333333,567.83406,324.72393066666666,-183.29336,350.986905,119.33274349999999,-43.914196000000004,345.6768495,338.1323535,-47.735952,-59.574325000000044,27.113443000000018
-62.918197,567.8158276666667,324.81405866666665,-183.39351399999998,350.624439,119.9311845,-43.941907,345.8014555,338.66430549999995,-47.894524,-59.40553900000003,27.436132999999984
-62.887620000000005,567.7991226666667,324.904634,-183.493844,350.269042,120.52552899999999,-43.973895500000005,345.9265565,339.1941485,-48.045551,-59.24080300000003,27.748816999999974
-62.85663666666667,567.7839933333333,324.99559100000005,-183.5942705,349.9209745,121.11540149999999,-44.010551500000005,346.05263049999996,339.72229749999997,-48.187907,-59.080952999999965,28.04990700000002
-62.82526300000001,567.770486,325.08686600000004,-183.6947215,349.5804645,121.700459,-44.0522285,346.1801585,340.2491775,-48.320533000000005,-58.92679499999997,28.33788099999998
-62.793513999999995,567.7586413333333,325.17839499999997,-183.7951305,349.247712,122.2803895,-44.099236499999996,346.3096185,340.77521049999996,-48.442459,-58.779094999999984,28.611298999999974
-62.76140766666666,567.7484986666667,325.27011466666664,-183.895438,348.922888,122.85491049999999,-44.151835,346.44147599999997,341.3008045,-48.552802,-58.63857200000001,28.86882099999997
-62.72896066666667,567.7400906666667,325.36196366666667,-183.9955885,348.606135,123.42377049999999,-44.2102335,346.57618049999996,341.8263475,-48.650783,-58.50588299999998,29.109223000000043
-62.69619,567.733448,325.4538806666667,-184.09553449999999,348.29756699999996,123.98674299999999,-44.274583500000006,346.714159,342.352197,-48.735739,-58.38162399999999,29.331410000000005
-62.66311466666667,567.7285973333334,325.545807,-184.19523049999998,347.997272,124.5436325,-44.3449775,346.85580949999996,342.87867,-48.807125000000006,-58.26631500000002,29.534428000000048
-62.629752999999994,567.7255603333333,325.63768366666665,-184.2946375,347.70531300000005,125.09426500000001,-44.421446,347.00149550000003,343.4060365,-48.864523999999996,-58.16039900000004,29.717472999999984
-62.59612433333333,567.7243546666667,325.7294543333333,-184.3937185,347.421729,125.6384925,-44.5039575,347.15154099999995,343.9345125,-48.907645,-58.064232000000004,29.879905000000008
-62.56224733333334,567.7249946666667,325.82106433333337,-184.49244249999998,347.1465365,126.1761875,-44.5924155,347.30622800000003,344.464252,-48.936339000000004,-57.978084000000024,30.02125000000001
-62.52814266666667,567.7274893333333,325.9124606666667,-184.590778,346.87973050000005,126.707244,-44.6866605,347.465789,344.995342,-48.950585,-57.902128000000005,30.141208000000006
-62.493829,567.7318453333334,326.00359199999997,-184.68870049999998,346.6212865,127.231573,-44.786472,347.630406,345.5278005,-48.950504,-57.83644800000002,30.239657000000022
-62.459327333333334,567.7380626666667,326.0944096666667,-184.786183,346.371163,127.749102,-44.891565,347.800206,346.0615695,-48.93634599999999,-57.78102799999999,30.316651000000036
-62.424658,567.7461386666668,326.18486633333333,-184.8832035,346.1293005,128.259772,-45.001599,347.97526300000004,346.596515,-48.908498,-57.735757999999976,30.372420000000034
-62.38984133333333,567.7560659999999,326.2749166666667,-184.979739,345.895627,128.7635365,-45.116177,348.1555895,347.132426,-48.867464,-57.70043300000003,30.407366000000025
-62.354896999999994,567.7678336666667,326.364518,-185.0757685,345.670055,129.2603595,-45.2348505,348.3411435,347.6690145,-48.81387500000001,-57.674758999999995,30.422064999999975
-62.31984666666667,567.7814253333333,326.45362900000003,-185.17127,345.45248649999996,129.75021149999998,-45.357124,348.53182300000003,348.205916,-48.74847199999999,-57.65835199999998,30.417245999999977
-62.284709666666664,567.7968213333334,326.5422106666667,-185.266223,345.2428125,130.2330725,-45.4824615,348.7274705,348.74269300000003,-48.67209700000001,-57.65074699999997,30.39379600000001
-62.24950733333333,567.8139976666666,326.63022699999993,-185.36060550000002,345.0409155,130.708923,-45.610289,348.92787150000004,349.27884,-48.585685999999995,-57.65140100000002,30.35274000000004
-62.21425966666667,567.8329269999999,326.71764233333334,-185.4543955,344.846671,131.1777505,-45.740005000000004,349.13275999999996,349.8137865,-48.490256,-57.65970199999998,30.295232999999996
-62.178985666666655,567.853577,326.80442466666665,-185.547569,344.659947,131.639542,-45.870982500000004,349.341819,350.3469025,-48.386893,-57.674976000000015,30.222542999999973
-62.14370733333333,567.8759123333333,326.8905423333333,-185.640102,344.4806065,132.09428450000001,-46.0025805,349.554684,350.877508,-48.276739000000006,-57.696496000000025,30.13603599999999
-62.10844266666667,567.8998936666667,326.9759673333333,-185.7319695,344.308509,132.5419655,-46.1341475,349.77094950000003,351.404879,-48.160977,-57.723487000000034,30.037165999999957
-62.07321233333334,567.9254773333333,327.060672,-185.82314300000002,344.1435095,132.9825705,-46.26503099999999,349.99017249999997,351.9282555,-48.040817999999994,-57.75514500000003,29.927444999999977
-62.038034,567.9526176666667,327.14463033333334,-185.913595,343.98546050000004,133.4160825,-46.394585,350.2118735,352.4468525,-47.917488000000006,-57.790639,29.80843699999997
-62.002928,567.9812646666666,327.22781933333334,-186.00329499999998,343.8342135,133.8424805,-46.522174,350.4355505,352.9598665,-47.79221199999999,-57.82912300000004,29.681735000000003
-61.96791266666667,568.0113646666667,327.31021633333336,-186.092211,343.6896175,134.261741,-46.647183999999996,350.66067499999997,353.46648700000003,-47.666199999999996,-57.869748000000016,29.548937999999964
-61.933006,568.0428616666667,327.391801,-186.18031100000002,343.551521,134.6738365,-46.769028,350.886706,353.9659075,-47.540634,-57.91167199999995,29.411643000000026
-61.89822566666667,568.0756966666667,327.47255366666667,-186.2675595,343.4197725,135.0787345,-46.887150500000004,351.11309,354.4573315,-47.416651,-57.95406600000001,29.271416999999985
-61.86358933333333,568.109808,327.552456,-186.3539215,343.2942195,135.4764015,-47.001036,351.3392705,354.939985,-47.295342000000005,-57.99613099999999,29.129786000000024
-61.82911366666667,568.145131,327.6314916666667,-186.4393605,343.174709,135.866797,-47.110212499999996,351.5646905,355.41312500000004,-47.177724999999995,-58.03709700000002,28.988218000000018
-61.79481533333333,568.181599,327.70964499999997,-186.523839,343.0610905,136.2498795,-47.214256,351.7888025,355.87604699999997,-47.064747999999994,-58.07624100000004,28.848105999999973
-61.76071033333333,568.219143,327.786902,-186.60731950000002,342.9532105,136.6256045,-47.312796,352.0110695,356.328091,-46.95727599999999,-58.112887,28.710758
-61.726814999999995,568.2576926666667,327.863249,-186.68976300000003,342.85091850000003,136.993925,-47.405516000000006,352.23097199999995,356.76865399999997,-46.856078000000004,-58.14641399999999,28.577382
-61.693143,568.2971746666667,327.9386733333333,-186.7711315,342.75406350000003,137.354792,-47.4921565,352.4480135,357.197189,-46.76183300000001,-58.17626700000005,28.449077999999986
-61.65970933333333,568.3375153333333,328.013164,-186.8513865,342.6624935,137.7081565,-47.572519,352.6617225,357.61321499999997,-46.67511400000001,-58.20194900000001,28.32683000000003
-61.62652933333334,568.3786393333334,328.0867103333333,-186.93049100000002,342.576058,138.0539695,-47.646462,352.87165749999997,358.016319,-46.596394000000004,-58.22303700000003,28.211498000000006
-61.593614,568.4204693333332,328.15930366666663,-187.0084065,342.49460650000003,138.392183,-47.713904,353.07741,358.4061595,-46.526039999999995,-58.239175999999986,28.10381700000005
-61.56097833333333,568.4629293333334,328.230935,-187.08509800000002,342.41798800000004,138.7227495,-47.77482,353.2786075,358.782466,-46.464318000000006,-58.25008500000001,28.004394000000048
-61.52863333333334,568.50594,328.3015956666666,-187.1605305,342.34605250000004,139.0456265,-47.829241,353.474915,359.145043,-46.411388,-58.25554999999997,27.913703999999996
-61.496591333333335,568.5494233333333,328.3712796666666,-187.234669,342.278648,139.3607725,-47.8772515,353.66603599999996,359.4937665,-46.36731499999999,-58.25542999999999,27.83209899999997
-61.46486266666667,568.593301,328.43998166666665,-187.307482,342.2156245,139.668151,-47.918986,353.8517145,359.82858550000003,-46.33207,-58.24965099999997,27.759802999999977
-61.43345866666667,568.6374943333334,328.5076946666666,-187.378939,342.15683149999995,139.96773149999999,-47.954622,354.031735,360.1495165,-46.305536,-58.238203999999996,27.696924999999965
-61.402387999999995,568.6819236666666,328.5744163333333,-187.44901049999999,342.1021165,140.259487,-47.9843825,354.2059225,360.4566435,-46.287515,-58.221138999999994,27.643461000000002
-61.37166066666666,568.7265126666666,328.64014133333336,-187.5176705,342.05133,140.54339950000002,-48.008524,354.3741425,360.7501125,-46.277733999999995,-58.19856500000003,27.59930099999997
-61.34128466666667,568.7711826666667,328.704868,-187.584894,342.0043205,140.8194555,-48.027337,354.536298,361.030125,-46.275858,-58.17064199999999,27.564242000000036
-61.31126766666667,568.815857,328.76859433333334,-187.650657,341.9609375,141.0876505,-48.041137,354.6923305,361.296938,-46.281493999999995,-58.13757500000003,27.53799200000003
-61.28161733333334,568.8604610000001,328.8313193333333,-187.71494,341.92102950000003,141.3479865,-48.050262,354.842217,361.55085199999996,-46.294200000000004,-58.099609999999984,27.520186000000024
-61.252339000000006,568.904919,328.89304233333337,-187.77772349999998,341.88444849999996,141.600474,-48.055067,354.98596899999995,361.792213,-46.313496,-58.057028,27.51039000000003
-61.22343966666667,568.9491583333333,328.9537643333333,-187.8389915,341.8510435,141.84513199999998,-48.055915999999996,355.1236285,362.02139850000003,-46.338874,-58.01013899999998,27.508119000000022
-61.194922999999996,568.9931073333333,329.01348666666667,-187.898729,341.820669,142.081987,-48.053183000000004,355.255266,362.2388175,-46.369802,-57.95927399999999,27.51284099999998
-61.166794,569.036696,329.072212,-187.95692250000002,341.793176,142.311074,-48.047239499999996,355.38097949999997,362.4449005,-46.405739,-57.904781000000014,27.523990999999967
-61.139056333333336,569.0798566666666,329.129942,-188.013563,341.768421,142.53243750000001,-48.038458000000006,355.5008875,362.64009799999997,-46.446134,-57.847020999999984,27.540982000000042
-61.111713,569.1225226666667,329.1866823333333,-188.06864050000001,341.746261,142.746127,-48.027202,355.61513249999996,362.82486900000004,-46.490444,-57.786359000000004,27.56320999999997
-61.08476566666667,569.1646303333333,329.24243633333333,-188.12214849999998,341.7265555,142.952202,-48.013826,355.7238695,362.9996815,-46.538132000000004,-57.723161000000005,27.59006899999997
-61.05821633333333,569.2061170000001,329.2972096666667,-188.1740815,341.70916650000004,143.15072849999999,-47.9986705,355.827271,363.165002,-46.588677,-57.65779199999997,27.62095599999998
-61.03206600000001,569.246924,329.35100800000004,-188.224435,341.69396,143.3417785,-47.9820605,355.925519,363.3212955,-46.641581,-57.59060599999998,27.655277000000012
-61.006313999999996,569.2869936666666,329.403839,-188.2732085,341.6808045,143.525431,-47.964302,356.01880400000005,363.4690175,-46.69636800000001,-57.521946000000014,27.69245699999999
-60.980961666666666,569.326272,329.45570999999995,-188.3204005,341.669573,143.701771,-47.945681500000006,356.1073205,363.6086115,-46.752591,-57.45214099999998,27.731944999999996
-60.95600666666667,569.3647056666667,329.5066286666667,-188.366012,341.660142,143.8708865,-47.926464,356.19126700000004,363.740507,-46.809838,-57.38150400000001,27.77321599999999
-60.93144899999999,569.4022456666667,329.556604,-188.4100465,341.6523945,144.032872,-47.906890000000004,356.270839,363.865114,-46.867726000000005,-57.310325999999975,27.815780000000018
-60.907285,569.438845,329.60564566666665,-188.4525065,341.646216,144.1878245,-47.8871805,356.3462315,363.9828205,-46.92591300000001,-57.238877,27.85917900000004
-60.883513666666666,569.4744586666666,329.6537633333333,-188.4933985,341.641498,144.335843,-47.867529499999996,356.41763149999997,364.09399299999995,-46.984089,-57.16740699999997,27.90299399999998
-60.860131333333335,569.509045,329.70096766666666,-188.53272900000002,341.63813849999997,144.4770295,-47.8481105,356.48522,364.19897149999997,-47.041983,-57.09614000000005,27.94684699999999
-60.837134666666664,569.542565,329.7472696666667,-188.57050700000002,341.63604,144.611486,-47.8290725,356.54916749999995,364.2980715,-47.09935900000001,-57.02527700000002,27.990395000000035
-60.81452033333333,569.5749813333333,329.79268033333335,-188.606742,341.635112,144.7393175,-47.8105435,356.6096335,364.39158,-47.156017000000006,-56.95499100000001,28.033342000000005
-60.79228433333333,569.6062606666668,329.8372113333333,-188.6414455,341.63527,144.86062600000002,-47.792629500000004,356.6667635,364.4797565,-47.211791000000005,-56.88543900000002,28.075423
-60.77042233333333,569.63637,329.88087466666667,-188.67463049999998,341.636436,144.9755145,-47.775417000000004,356.7206885,364.5628335,-47.266546000000005,-56.81674499999997,28.116419000000008
-60.748929999999994,569.6652813333334,329.9236826666667,-188.7063125,341.63853700000004,145.084082,-47.7589745,356.7715245,364.6410135,-47.32017900000001,-56.74901699999998,28.15614499999998
-60.727802,569.6929663333334,329.9656473333333,-188.73650800000001,341.6415105,145.18642599999998,-47.74335,356.8193695,364.7144735,-47.37261600000001,-56.68233900000001,28.194450999999958
-60.70703433333333,569.719401,330.00678066666666,-188.76523400000002,341.6452965,145.2826425,-47.728576999999994,356.864304,364.7833615,-47.423806,-56.616769999999974,28.231223
-60.68662233333333,569.7445623333333,330.04709433333335,-188.792512,341.6498445,145.37282249999998,-47.714674,356.90639050000004,364.8478005,-47.473726,-56.55235099999999,28.266377000000034
-60.666560000000004,569.7684296666666,330.0866016666667,-188.818363,341.655111,145.45705199999998,-47.701645,356.945673,364.90788599999996,-47.522369999999995,-56.48910799999999,28.299856000000034
-60.64684333333333,569.7909846666666,330.125314,-188.84281,341.66105949999996,145.535413,-47.689482,356.982177,364.96369,-47.569751999999994,-56.42704199999997,28.331634000000008
-60.627466999999996,569.8122116666667,330.163243,-188.8658785,341.66766,145.6079825,-47.6781665,357.0159075,365.015259,-47.615905,-56.36614100000003,28.36170800000002
-60.60842666666667,569.8320936666668,330.20039933333334,-188.88759499999998,341.6748905,145.674831,-47.6676695,357.0468525,365.0626175,-47.66087300000001,-56.306377,28.390094999999974
-60.58971733333333,569.8506193333333,330.23679433333336,-188.9079875,341.682735,145.736023,-47.65795249999999,357.074981,365.105768,-47.704710999999996,-56.247705999999994,28.41683599999999
-60.57133533333333,569.867776,330.272438,-188.927085,341.69118649999996,145.7916155,-47.6489695,357.100243,365.14469199999996,-47.74748699999999,-56.19007200000004,28.441985999999986
-60.553276000000004,569.883554,330.30734,-188.94492,341.70024450000005,145.84166,-47.640668,357.12257450000004,365.1793505,-47.78927399999999,-56.13340499999998,28.465618999999947
-60.535535333333335,569.8979446666667,330.3415096666667,-188.961522,341.709915,145.886199,-47.6329895,357.1418915,365.2096855,-47.83015300000001,-56.07762700000001,28.487820999999997
-60.51811033333333,569.9109406666666,330.37495466666667,-188.9769265,341.720213,145.925268,-47.6258685,357.158096,365.2356215,-47.87020700000001,-56.022644000000014,28.508691
-60.50099733333334,569.9225356666667,330.407682,-188.991165,341.73116,145.9588935,-47.619237,357.171075,365.2570665,-47.909524000000005,-55.96835600000003,28.52833899999996
-60.484193,569.9327236666667,330.43969799999996,-189.0042735,341.74278449999997,145.9870935,-47.613020000000006,357.1807035,365.273909,-47.94819400000001,-55.91465500000004,28.546883999999977
-60.46769633333333,569.941502,330.4710076666667,-189.0162865,341.75512349999997,146.00987650000002,-47.607141,357.1868415,365.28602550000005,-47.98630399999999,-55.861423,28.56445500000001
-60.451504,569.9488646666667,330.5016150000001,-189.027239,341.7682215,146.0272425,-47.601518,357.189341,365.293275,-48.023945999999995,-55.808536000000004,28.581186000000002
-60.43561433333334,569.954811,330.53152266666666,-189.0371665,341.78213,146.039181,-47.596067500000004,357.1880415,365.295502,-48.061207,-55.75586299999998,28.597219999999993
-60.420027000000005,569.9593373333333,330.5607313333333,-189.046104,341.796909,146.0456715,-47.5907025,357.182776,365.292538,-48.09817299999999,-55.70326799999998,28.612704000000008
-60.40474066666667,569.9624423333333,330.5892416666666,-189.05408699999998,341.812627,146.046682,-47.585331999999994,357.17337,365.2842005,-48.134927999999995,-55.65061199999997,28.627791000000002
-60.389755,569.9641243333334,330.61705166666667,-189.0611505,341.829358,146.0421695,-47.579865000000005,357.159644,365.2702925,-48.171554,-55.597748000000024,28.64263699999998
-60.375071,569.9643816666667,330.64415733333334,-189.0673285,341.8471875,146.03208,-47.5742075,357.141414,365.250607,-48.20812900000001,-55.544532000000004,28.657402000000047
-60.360689,569.9632136666665,330.67055466666665,-189.072656,341.86620700000003,146.016347,-47.5682645,357.1184925,365.2249205,-48.244727000000005,-55.490813,28.672248999999965
-60.346609666666666,569.9606183333334,330.696236,-189.077166,341.886517,145.9948905,-47.5619385,357.090694,365.193001,-48.281417,-55.436443999999995,28.68734599999999
-60.332835666666675,569.9565943333333,330.7211936666667,-189.080892,341.908228,145.967619,-47.5551325,357.05782899999997,365.1546025,-48.31826699999999,-55.381276000000014,28.702855
-60.31936933333333,569.9511403333335,330.745416,-189.083868,341.931457,145.9344265,-47.5477495,357.019714,365.109469,-48.355340999999996,-55.32516400000003,28.718946000000017
-60.306213333333325,569.9442533333333,330.76889166666666,-189.08612599999998,341.956332,145.895193,-47.539691499999996,356.976165,365.057331,-48.392692999999994,-55.267964000000006,28.73578600000002
-60.293370333333336,569.9359316666668,330.79160533333334,-189.0877,341.982989,145.8497835,-47.530865,356.92700449999995,364.99791200000004,-48.430378000000005,-55.209541,28.753537999999992
-60.280845666666664,569.9261710000001,330.8135403333333,-189.0886225,342.011574,145.798048,-47.521175,356.87206,364.93092149999995,-48.468444000000005,-55.149766,28.77236499999998
-60.26864233333333,569.9149686666666,330.834678,-189.0889285,342.04224150000005,145.7398225,-47.510532999999995,356.811166,364.856063,-48.506932,-55.08851800000002,28.792423999999983
-60.256766999999996,569.9023186666667,330.8549976666667,-189.0886515,342.0751575,145.674924,-47.4988525,356.74416499999995,364.77302799999995,-48.545879000000006,-55.02569,28.81386600000002
-60.245225000000005,569.8882166666667,330.874475,-189.0878285,342.1104965,145.6031565,-47.4860545,356.670908,364.68150249999997,-48.585314999999994,-54.96118999999999,28.836831000000018
-60.23402133333334,569.8726553333335,330.8930853333334,-189.0864955,342.148444,145.524305,-47.472066000000005,356.591256,364.5811645,-48.625264,-54.89494000000002,28.861452999999983
-60.22316433333333,569.8556283333334,330.91080000000005,-189.084692,342.189195,145.43813799999998,-47.456822,356.50508,364.47168550000004,-48.665741999999995,-54.82688400000001,28.887849000000017
-60.212660666666665,569.8371263333333,330.9275886666667,-189.08246,342.232956,145.344407,-47.440269,356.412263,364.3527315,-48.70675800000001,-54.75698799999998,28.916124999999965
-60.202518999999995,569.8171406666667,330.943419,-189.0798425,342.279943,145.2428455,-47.422364,356.312699,364.22396549999996,-48.748312,-54.68524000000002,28.946360999999968
-60.192747,569.7956596666667,330.9582556666667,-189.076888,342.330385,145.1331685,-47.403077,356.206294,364.0850465,-48.790397999999996,-54.61166400000002,28.978623000000027
-60.183355000000006,569.7726733333334,330.97206033333333,-189.0736465,342.384521,145.015073,-47.382395,356.0929655,363.9356325,-48.83299600000001,-54.536306999999965,29.012946999999997
-60.174352666666664,569.7481673333333,330.9847936666667,-189.070172,342.4426005,144.8882395,-47.36032,355.972644,363.775381,-48.87608,-54.45925599999998,29.049346000000014
-60.165750333333335,569.7221286666667,330.99641333333335,-189.06652350000002,342.504887,144.752328,-47.336873499999996,355.8452715,363.6039505,-48.919613,-54.380630999999994,29.087797000000023
-60.157559666666664,569.6945420000001,331.00687466666665,-189.062765,342.5716545,144.606981,-47.312098,355.7108005,363.421002,-48.963545999999994,-54.300595000000044,29.12824599999999
-60.14979200000001,569.665391,331.01613,-189.058962,342.643189,144.451823,-47.2860575,355.5691945,363.2261995,-49.007819000000005,-54.21934900000002,29.170596999999987
-60.14246033333334,569.6346589999999,331.02413133333334,-189.05518949999998,342.71979,144.2864595,-47.2588405,355.42042649999996,363.0192125,-49.052361000000005,-54.137140999999986,29.214719000000002
-60.135578,569.6023266666667,331.03082700000004,-189.0515245,342.8017695,144.1104795,-47.230561,355.264478,362.799715,-49.097088,-54.054265999999984,29.260432000000037
-60.129158999999994,569.5683763333333,331.0361626666667,-189.0480485,342.889451,143.923453,-47.201359499999995,355.101338,362.567391,-49.141906999999996,-53.971059999999966,29.307511999999974
-60.123217000000004,569.5327866666667,331.04008366666665,-189.0448495,342.9831725,143.724933,-47.1714045,354.9309995,362.32193,-49.186707,-53.88791299999997,29.355682
-60.11776833333334,569.4955376666667,331.0425323333333,-189.04201949999998,343.083285,143.5144555,-47.140896,354.753459,362.063031,-49.23137199999999,-53.805255999999986,29.40461799999997
-60.112828,569.4566073333334,331.0434496666667,-189.03965549999998,343.19015249999995,143.2915405,-47.110062,354.568715,361.79040299999997,-49.275769999999994,-53.72357199999999,29.453940000000046
-60.10841366666667,569.4159733333335,331.042775,-189.037858,343.3041525,143.05569200000002,-47.079162999999994,354.376763,361.50376500000004,-49.319759999999995,-53.643388000000016,29.50321600000001
-60.10454133333334,569.3736136666666,331.0404456666667,-189.0367315,343.4256755,142.806399,-47.0484915,354.1775935,361.20284549999997,-49.363189,-53.56527100000005,29.551954999999964
-60.10123066666667,569.3295053333334,331.03639833333335,-189.036383,343.55512699999997,142.543137,-47.018369,353.97119050000003,360.8873835,-49.405896,-53.48983300000003,29.59961499999997
-60.09849833333334,569.2836246666667,331.0305676666666,-189.036924,343.692924,142.2653675,-46.9891515,353.757525,360.55712800000003,-49.44771300000001,-53.417719999999974,29.645598000000007
-60.09636466666666,569.2359496666667,331.02288733333336,-189.038465,343.839496,141.97254049999998,-46.9612245,353.53655449999997,360.211839,-49.488462999999996,-53.349609000000044,29.68925200000001
-60.09484899999999,569.1864573333334,331.01329133333337,-189.0411215,343.9952875,141.6640955,-46.9350035,353.308216,359.8512825,-49.52796500000001,-53.286204,29.729877000000045
-60.093972,569.1351253333333,331.00171099999994,-189.045006,344.160753,141.33946350000002,-46.9109335,353.07242299999996,359.475236,-49.566035,-53.228228,29.766719999999964
-60.09375433333333,569.0819313333333,330.9880786666667,-189.0502325,344.3363585,140.998067,-46.889488,352.8290625,359.0834795,-49.602487999999994,-53.17641900000001,29.79898700000001
-60.09421766666667,569.026855,330.9723246666667,-189.056914,344.522582,140.639324,-46.871163,352.5779875,358.67580250000003,-49.63714,-53.13151700000003,29.825841000000025
-60.095384,568.9698756666667,330.95438199999995,-189.0651605,344.7199085,140.2626485,-46.856480499999996,352.31901600000003,358.251996,-49.669810999999996,-53.09426000000002,29.846411999999987
-60.097275,568.9109750000001,330.934181,-189.075081,344.9288335,139.867455,-46.8459825,352.05192450000004,357.8118535,-49.700327,-53.06537099999997,29.85979500000002
-60.09991466666667,568.8501346666667,330.9116536666666,-189.0867795,345.1498585,139.453158,-46.840227,351.77644250000003,357.3551695,-49.728522,-53.04555099999999,29.865065000000016
-60.10332533333334,568.787339,330.88673266666666,-189.10035599999998,345.3834895,139.01917650000001,-46.8397885,351.49224949999996,356.881736,-49.754245,-53.03546899999998,29.86127799999997
-60.10753066666666,568.7225739999999,330.859351,-189.115906,345.630237,138.5649395,-46.8452515,351.1989725,356.3913415,-49.777355,-53.035753,29.84747900000002
-60.11255433333333,568.6558263333333,330.8294433333333,-189.13351949999998,345.890611,138.089884,-46.8572075,350.8961795,355.88376900000003,-49.797732999999994,-53.04697500000003,29.822711999999967
-60.118421000000005,568.5870863333333,330.79694433333333,-189.153279,346.16512,137.5934655,-46.8762495,350.5833775,355.358794,-49.815279000000004,-53.069646999999975,29.786022000000003
-60.12515366666667,568.5163463333333,330.7617923333333,-189.1752615,346.454269,137.0751535,-46.902971,350.26000899999997,354.81618249999997,-49.82991600000001,-53.10421000000002,29.736469
-60.132776666666665,568.4436000000001,330.723927,-189.199536,346.7585555,136.5344455,-46.9379585,349.925453,354.2556885,-49.841593,-53.15102200000001,29.673136999999997
-60.141314333333334,568.3688446666666,330.6832876666667,-189.22616399999998,347.0784655,135.970863,-46.981789,349.579018,353.6770555,-49.85028799999999,-53.210353999999995,29.595131000000038
-60.150791000000005,568.2920793333334,330.6398203333333,-189.2551975,347.4144715,135.38396,-47.03502400000001,349.2199465,353.08001,-49.856010000000005,-53.28238099999999,29.501598
-60.161229999999996,568.213307,330.59346966666664,-189.28668249999998,347.767027,134.77333,-47.0982055,348.8474125,352.46426699999995,-49.85879899999999,-53.36717500000003,29.391729999999995
-60.172654666666666,568.132533,330.54418533333336,-189.3206545,348.1365655,134.138604,-47.171852,348.4605235,351.8295235,-49.858732,-53.46470300000004,29.264763000000016
-60.18508866666667,568.049766,330.49192066666666,-189.35713950000002,348.5234925,133.479464,-47.256454000000005,348.05832250000003,351.175461,-49.855920000000005,-53.574816999999996,29.11999800000001
-60.198554333333334,567.9650166666667,330.4366313333333,-189.39615700000002,348.9281845,132.795642,-47.352469,347.6397915,350.501746,-49.85051200000001,-53.697261000000026,28.956797999999992
-60.213073333333334,567.8783010000001,330.3782776666667,-189.43771650000002,349.3509815,132.086929,-47.4603195,347.20385450000003,349.80803000000003,-49.842693,-53.83166499999999,28.77459200000004
-60.228668000000006,567.789636,330.31682266666667,-189.48181699999998,349.7921875,131.353175,-47.5803855,346.74938499999996,349.0939475,-49.83268700000001,-53.97754400000002,28.57288699999998
-60.24535766666667,567.699043,330.25223566666665,-189.52845150000002,350.25206049999997,130.5943005,-47.713007,346.27520949999996,348.3591225,-49.820756,-54.13430499999998,28.351269000000002
-60.263163,567.606547,330.1844883333333,-189.5776025,350.730812,129.8102955,-47.858476,345.78011649999996,347.60316550000005,-49.807192,-54.301251000000036,28.109402999999986
-60.28210133333332,567.5121746666667,330.11355933333334,-189.6292455,351.2286045,129.001226,-48.0170375,345.26286400000004,346.825677,-49.792331,-54.47758200000004,27.847039999999993
-60.30219133333333,567.4159576666666,330.03943066666665,-189.6833475,351.7455425,128.1672375,-48.188884,344.7221885,346.026252,-49.77653599999999,-54.66240699999997,27.564018000000033
-60.323448000000006,567.3179293333334,329.96209066666665,-189.739868,352.281675,127.30856,-48.374159,344.1568135,345.2044775,-49.760204,-54.854750999999965,27.26026300000001
-60.345886,567.2181263333333,329.8815323333334,-189.79876000000002,352.83699,126.42550449999999,-48.57295,343.5654605,344.35994,-49.743758,-55.05356499999999,26.935786000000007
-60.36951833333333,567.1165890000001,329.79775466666666,-189.859971,353.411413,125.5184725,-48.7852935,342.94686049999996,343.4922255,-49.727647000000005,-55.25773299999997,26.590687000000003
-60.39435633333333,567.01336,329.710762,-189.923442,354.00480400000004,124.587951,-49.0111725,342.2997625,342.6009245,-49.712345,-55.46608900000001,26.225153000000034
-60.42040900000001,566.908483,329.62056666666666,-189.9891085,354.6169615,123.63451500000001,-49.250516000000005,341.62294599999996,341.68563400000005,-49.69834,-55.67742800000002,25.839451999999994
-60.447684333333335,566.8020066666667,329.527184,-190.0569055,355.247617,122.6588265,-49.5032035,340.9152315,340.7459615,-49.686137,-55.89051499999999,25.433934999999963
-60.47618666666667,566.6939803333333,329.43063766666666,-190.12676349999998,355.8964395,121.661632,-49.769064,340.17548899999997,339.78152550000004,-49.676247999999994,-56.10409999999996,25.009030999999993
-60.50591966666667,566.584455,329.3309576666666,-190.1986125,356.563036,120.6437575,-50.047879,339.40265350000004,338.791963,-49.669191999999995,-56.31693100000001,24.565242000000012
-60.53688400000001,566.4734853333333,329.22817933333334,-190.272383,357.2469545,119.6061085,-50.339385,338.595729,337.776929,-49.665487999999996,-56.52776800000004,24.10314199999999
-60.56907699999999,566.361125,329.1223453333334,-190.348007,357.94768899999997,118.549661,-50.6432775,337.7538005,336.73609999999996,-49.665653000000006,-56.735387,23.62336799999997
-60.602495,566.2474306666667,329.01350533333334,-190.4254205,358.66468150000003,117.47545550000001,-50.9592125,336.87604050000004,335.6691775,-49.670191,-56.938603,23.12661700000001
-60.63713099999999,566.1324603333333,328.901714,-190.50456450000001,359.39733049999995,116.3845925,-51.286812499999996,335.96172049999996,334.57588799999996,-49.679597,-57.13627300000002,22.613639999999975
-60.67297466666667,566.0162713333333,328.787034,-190.5853875,360.1449935,115.278221,-51.6256685,335.01021049999997,333.455987,-49.694345,-57.32730299999997,22.085238000000004
-60.71001366666667,565.8989223333334,328.669533,-190.667847,360.906996,114.1575325,-51.975346,334.02099,332.309261,-49.714888,-57.51066199999997,21.542251999999962
-60.748232333333334,565.7804729999999,328.54928666666666,-190.751911,361.6826385,113.0237495,-52.335387000000004,332.9936505,331.13552549999997,-49.741652,-57.68538699999999,20.98555700000003
-60.787612333333335,565.6609810000001,328.42637533333334,-190.83756,362.471203,111.878118,-52.705318000000005,331.9278945,329.9346295,-49.77503600000001,-57.85058699999996,20.416060999999956
-60.828132000000004,565.5405056666667,328.3008863333334,-190.924791,363.27196100000003,110.721896,-53.0846505,330.8235435,328.7064525,-49.815399,-58.005449000000056,19.834693000000016
-60.869767333333336,565.4191046666666,328.1729123333334,-191.01361450000002,364.084179,109.556347,-53.472888000000005,329.6805345,327.45091,-49.863072,-58.14923700000003,19.242398000000037
-60.91249133333333,565.296835,328.04255233333333,-191.10406,364.9071295,108.38272599999999,-53.86953,328.49892,326.167945,-49.91834,-58.28129999999999,18.64013
-60.956273333333336,565.1737533333334,327.90990933333336,-191.19617449999998,365.74009,107.202278,-54.274076,327.278866,324.857537,-49.981452000000004,-58.40106800000001,18.028847999999982
-61.001080333333334,565.0499140000001,327.7750926666667,-191.29002450000002,366.582356,106.016224,-54.6860275,326.020651,323.5196915,-50.052611,-58.508050000000026,17.409509000000014
-61.04687666666666,564.9253703333334,327.63821666666666,-191.3856975,367.43323799999996,104.825761,-55.1048955,324.7246615,322.1544475,-50.131980999999996,-58.601838999999984,16.783060999999975
-61.09362333333333,564.8001733333334,327.499399,-191.483297,368.2920685,103.632053,-55.530201,323.391387,320.7618675,-50.219678,-58.682096,16.15043700000001
-61.14128033333333,564.6743726666667,327.358761,-191.582948,369.1581995,102.43623199999999,-55.961479499999996,322.0214165,319.342042,-50.315777,-58.74856299999999,15.512558000000013
-61.18980199999999,564.5480153333333,327.21642933333334,-191.68479000000002,370.03100400000005,101.2393955,-56.398281999999995,320.6154325,317.895085,-50.420308,-58.80104700000004,14.870316000000003
-61.239144,564.4211456666667,327.0725316666667,-191.78897849999998,370.9098685,100.0426095,-56.8401795,319.17420400000003,316.42112999999995,-50.533259,-58.83941799999997,14.224581999999998
-61.28925666666667,564.2938063333332,326.927201,-191.8956805,371.7941935,98.84690950000001,-57.2867635,317.6985815,314.920329,-50.65458099999999,-58.863607,13.576193999999987
-61.34009100000001,564.166036,326.78056899999996,-192.00507199999998,372.68338,97.6533115,-57.737648,316.18949050000003,313.392849,-50.784180000000006,-58.87359699999996,12.925960000000032
-61.391594,564.0378716666667,326.6327723333333,-192.11733249999997,373.5768245,96.46281400000001,-58.192471499999996,314.647927,311.83887200000004,-50.921930999999994,-58.86941999999999,12.274652000000003
-61.44371266666667,563.9093463333334,326.483947,-192.2326395,374.473904,95.27641349999999,-58.650895,313.07494599999995,310.2585865,-51.067672,-58.85115200000001,11.623008999999968
-61.49639133333333,563.7804900000001,326.3342293333333,-192.35116699999998,375.3739665,94.0951135,-59.112606,311.4716605,308.65219,-51.221205999999995,-58.81890299999998,10.971730000000036
-61.54957333333334,563.6513303333332,326.1837576666667,-192.4730735,376.27631299999996,92.9199375,-59.5773155,309.8392315,307.0198825,-51.382313,-58.77282100000002,10.321476999999959
-61.60320266666667,563.5218906666668,326.032668,-192.5985005,377.180184,91.75194300000001,-60.04476,308.1788665,305.3618665,-51.55074200000001,-58.713081000000045,9.672870999999986
-61.65721966666666,563.3921916666667,325.8810956666667,-192.7275645,378.084745,90.5922395,-60.514697999999996,306.49181,303.67834200000004,-51.726222,-58.639882,9.026499999999999
-61.711567333333335,563.26225,325.72917566666666,-192.8603485,378.989069,89.44199549999999,-60.986911500000005,304.779339,301.96950749999996,-51.908457000000006,-58.55344400000001,8.382908999999984
-61.76618766666667,563.1320803333333,325.57703933333335,-192.996897,379.89212399999997,88.302458,-61.461203999999995,303.04276100000004,300.2355535,-52.097136,-58.45400599999999,7.742609000000016
-61.82102066666666,563.0016923333333,325.4248173333333,-193.13721249999998,380.79276,87.174961,-61.9373985,301.2834065,298.47666549999997,-52.291931000000005,-58.34182299999998,7.106070999999986
-61.876009333333336,562.8710930000001,325.27263566666664,-193.2812445,381.68969849999996,86.0609345,-62.415336499999995,299.50262799999996,296.6930195,-52.492501,-58.21716199999997,6.473730999999987
-61.93109666666667,562.740286,325.1206183333333,-193.428889,382.581526,84.9619105,-62.894876000000004,297.70179199999995,294.884781,-52.698492,-58.08030200000002,5.845989999999972
-61.986225999999995,562.6092726666667,324.968884,-193.579983,383.4666925,83.879524,-63.375889,295.88228200000003,293.052107,-52.909541999999995,-57.931535999999994,5.2232119999999895
-62.04134133333334,562.4780499999999,324.8175486666667,-193.7343055,384.3435105,82.815511,-63.858261,294.045489,291.19514300000003,-53.125278,-57.771164,4.605730000000051
-62.09639000000001,562.346613,324.666722,-193.8915735,385.21016699999996,81.77169950000001,-64.3418865,292.1928165,289.31402349999996,-53.345325,-57.59949900000004,3.9938390000000368
-62.15131933333333,562.2149519999999,324.516509,-194.0514435,386.06473000000005,80.749997,-64.826669,290.3256705,287.40887499999997,-53.569297999999996,-57.41686500000003,3.387802000000022
-62.20607933333333,562.0830563333334,324.36701066666666,-194.21351850000002,386.905174,79.7523695,-65.312518,288.445465,285.47981300000004,-53.796808,-57.22359399999999,2.7878499999999917
-62.26062099999999,561.950912,324.21832033333334,-194.37734799999998,387.7294,78.780816,-65.7993465,286.553614,283.526947,-54.02746100000001,-57.020036000000005,2.1941799999999603
-62.31489933333334,561.8185023333334,324.0705263333333,-194.5424375,388.53526850000003,77.8373395,-66.2870705,284.65153499999997,281.55038049999996,-54.260859,-56.806547999999964,1.6069530000000327
-62.36887066666666,561.6858086666666,323.9237103333333,-194.7082585,389.32063600000004,76.92390900000001,-66.7756045,282.7406455,279.550212,-54.49660299999999,-56.583507,1.026299999999992
-62.422494,561.5528096666667,323.7779476666667,-194.8742585,390.083394,76.0424205,-67.2648625,280.822361,277.5265395,-54.734287,-56.35130000000001,0.45231300000000374
-62.47573133333333,561.4194826666667,323.63330733333333,-195.03987,390.82151450000003,75.1946525,-67.7547545,278.8980965,275.479461,-54.973503,-56.110333,-0.1149459999999749
-62.52854766666667,561.2858023333333,323.48985066666665,-195.2045295,391.53309449999995,74.3822195,-68.2451835,276.969263,273.409078,-55.213843,-55.86103000000003,-0.675452000000007
-62.58091099999999,561.151743,323.34763300000003,-195.367686,392.216407,73.60652999999999,-68.7360485,275.037268,271.3154995,-55.454890999999996,-55.60382999999999,-1.2292150000000106
-62.632791999999995,561.017276,323.2067016666667,-195.5288175,392.8699435,72.86874,-69.2272375,273.103514,269.198843,-55.69623300000001,-55.339189999999974,-1.7762799999999856
-62.68416500000001,560.882373,323.06709833333326,-195.68744700000002,393.4924555,72.169712,-69.718632,271.169398,267.0592375,-55.937452,-55.067586000000006,-2.3167270000000144
-62.73500666666666,560.7470036666667,322.92885666666666,-195.84314949999998,394.08299650000004,71.5099825,-70.2101015,269.2363075,264.896829,-56.178132999999995,-54.789510999999976,-2.8506719999999746
-62.785299,560.611137,322.79200399999996,-195.995569,394.64094650000004,70.88973250000001,-70.701504,267.3056235,262.71178150000003,-56.417856,-54.505471,-3.378259000000014
-62.835025,560.4747416666668,322.6565596666667,-196.14442250000002,395.16603699999996,70.3087725,-71.1926895,265.378717,260.5042805,-56.656209,-54.215990000000005,-3.899673000000007
-62.884171333333335,560.3377863333334,322.52253766666666,-196.28951,395.6583585,69.7665345,-71.6834925,263.4569465,258.274536,-56.892779,-53.921603000000005,-4.415123999999992
-62.93272866666666,560.2002386666667,322.38994433333335,-196.43071450000002,396.11836000000005,69.262075,-72.1737385,261.541657,256.022784,-57.127161,-53.62285600000001,-4.924849999999992
-62.980690333333335,560.0620676666666,322.2587796666667,-196.568004,396.5468375,68.7940945,-72.6632405,259.6341805,253.74929349999996,-57.358957000000004,-53.320299000000006,-5.429118999999986
-63.02805266666667,559.9232413333333,322.12903766666665,-196.70142700000002,396.9449085,68.360962,-73.1518025,257.735831,251.4543625,-57.587775,-53.01449200000002,-5.928219000000013
-63.074815,559.7837283333333,322.0007063333333,-196.8311055,397.313977,67.9607555,-73.6392165,255.8479045,249.138326,-57.813241000000005,-52.70598899999999,-6.422453999999988
-63.120980333333335,559.643498,321.87376766666665,-196.95722949999998,397.65569600000003,67.591302,-74.1252685,253.971677,246.8015545,-58.034993,-52.39534400000002,-6.9121470000000045
-63.166553,559.5025216666667,321.748198,-197.0800405,397.97191499999997,67.25023350000001,-74.609735,252.1083985,244.4444575,-58.252683999999995,-52.083101,-7.39763099999999
-63.21154066666667,559.3607699999999,321.6239683333334,-197.1998255,398.264633,66.9350385,-75.0923885,250.2592975,242.0674845,-58.465993,-51.76979099999997,-7.879238999999984
-63.255954333333335,559.218216,321.50104533333337,-197.316901,398.535941,66.643115,-75.572998,248.425573,239.6711275,-58.674618,-51.45593000000002,-8.35730700000002
-63.29980633333333,559.074833,321.37939033333333,-197.4315985,398.7879755,66.37183,-76.0513305,246.60839399999998,237.2559195,-58.87828700000001,-51.142008000000004,-8.832165000000003
-63.34311133333333,558.9305973333334,321.2589613333333,-197.54425400000002,399.02286349999997,66.118567,-76.5271535,244.808898,234.8224375,-59.076753,-50.82849199999998,-9.304124999999999
-63.38588766666667,558.7854856666667,321.13971100000003,-197.6551945,399.24268,65.880775,-77.0002405,243.028186,232.371303,-59.269803,-50.515817999999996,-9.773488000000015
-63.42815300000001,558.6394766666667,321.02158966666667,-197.764727,399.44940699999995,65.65601000000001,-77.470369,241.26732299999998,229.90318100000002,-59.45726,-50.20438199999998,-10.240526000000017
-63.469928333333336,558.4925509999999,320.9045443333334,-197.8731285,399.64489849999995,65.441971,-77.9373265,239.5273325,227.4187805,-59.638979,-49.89454699999999,-10.70548100000002
-63.51123633333333,558.3446923333333,320.788518,-197.980639,399.83085300000005,65.2365275,-78.40091100000001,237.809196,224.918854,-59.814856000000006,-49.586629999999985,-11.168559999999985
-63.55210133333333,558.1958850000001,320.67345266666666,-198.08745399999998,400.008794,65.037743,-78.8609375,236.113851,222.4041985,-59.98482500000001,-49.28090399999999,-11.629929000000004
-63.59254766666667,558.0461166666666,320.559288,-198.193719,400.180054,64.84388849999999,-79.3172355,234.442186,219.8756495,-60.148861000000004,-48.977596000000034,-12.089707000000004
-63.632602,557.8953763333334,320.44596133333334,-198.299531,400.34577,64.653448,-79.769655,232.79503900000003,217.3340865,-60.306982000000005,-48.676882000000006,-12.54796300000001
-63.672291333333334,557.7436563333333,320.333409,-198.4049325,400.506883,64.465124,-80.218068,231.173198,214.7804275,-60.45924399999999,-48.37888799999999,-13.004712999999981
-63.711643333333335,557.5909503333334,320.221567,-198.50991499999998,400.66414050000003,64.2778285,-80.66237,229.577395,212.2156255,-60.605746,-48.083691999999985,-13.459914999999995
-63.750687,557.4372566666666,320.11036933333327,-198.6144205,400.8181095,64.090679,-81.10248200000001,228.008306,209.640671,-60.746628,-47.79132200000001,-13.913468000000023
-63.78945166666667,557.2825733333334,319.99975133333334,-198.718344,400.96918700000003,63.902978499999996,-81.5383515,226.4665485,207.05658599999998,-60.88206900000001,-47.501757,-14.365214000000009
-63.82796533333334,557.1269033333333,319.8896473333333,-198.821541,401.117621,63.7142065,-81.969955,224.95268149999998,204.46442150000001,-61.012283999999994,-47.21493100000001,-14.814928999999978
-63.86625899999999,556.9702513333333,319.7799923333334,-198.923829,401.263525,63.523995,-82.397295,223.467201,201.86525799999998,-61.137526,-46.930735999999996,-15.262333999999981
-63.90436066666666,556.812624,319.6707226666667,-199.0249945,401.406904,63.3321105,-82.820404,222.010541,199.260197,-61.25808,-46.64901999999998,-15.707089999999994
-63.94230066666666,556.6540323333332,319.56177499999995,-199.1248005,401.5476705,63.138434000000004,-83.23934299999999,220.58307250000001,196.650363,-61.374262,-46.36959900000002,-16.14880199999999
-63.980107,556.4944879999999,319.4530873333333,-199.22299149999998,401.685669,62.9429385,-83.654199,219.1851015,194.0368965,-61.48641200000001,-46.09225500000002,-16.58702100000002
-64.01780933333333,556.3340073333333,319.34459933333335,-199.3192995,401.820696,62.745670000000004,-84.065085,217.8168705,191.420954,-61.59489799999999,-45.81674699999999,-17.021252000000004
-64.05543433333332,556.1726073333334,319.236253,-199.413452,401.9525185,62.546730999999994,-84.472139,216.47855700000002,188.8036995,-61.700106,-45.54280800000001,-17.45095699999999
-64.09301033333334,556.0103093333332,319.1279916666667,-199.5051755,402.0808905,62.346259,-84.875522,215.170274,186.186307,-61.802438,-45.270155999999986,-17.875556000000017
-64.13056366666666,555.8471363333333,319.0197616666667,-199.5942025,402.20556899999997,62.1444165,-85.27541149999999,213.8920715,183.569951,-61.90230699999999,-44.998501000000005,-18.29444000000001
-64.16811966666667,555.6831129999999,318.9115113333333,-199.6802755,402.32632850000005,61.941374499999995,-85.67200700000001,212.643937,180.955809,-62.000136000000005,-44.727543999999995,-18.70697800000002
-64.20570333333332,555.5182686666667,318.80319133333336,-199.7631505,402.44296899999995,61.73730450000001,-86.0655175,211.425797,178.345054,-62.096349000000004,-44.45698999999999,-19.112516
-64.24333866666666,555.352633,318.69475566666665,-199.8426025,402.555324,61.532367,-86.456167,210.23752000000002,175.7388525,-62.19137,-44.18654799999999,-19.510392999999993
-64.28104766666667,555.18624,318.586161,-199.9184265,402.6632715,61.326708499999995,-86.844184,209.0789165,173.138363,-62.285619999999994,-43.91593900000001,-19.899946
-64.31885233333334,555.0191236666667,318.47736733333335,-199.99043999999998,402.7667295,61.1204565,-87.229803,207.9497435,170.54473050000001,-62.379507999999994,-43.64489899999998,-20.280513000000013
-64.35677199999999,554.8513223333333,318.36833733333333,-200.05848600000002,402.86566500000004,60.91371650000001,-87.6132595,206.84970750000002,167.959087,-62.473433,-43.37318500000001,-20.651452000000006
-64.39482633333334,554.6828753333333,318.2590373333333,-200.122431,402.96008900000004,60.7065715,-87.99478500000001,205.77846699999998,165.382547,-62.567775999999995,-43.10058000000001,-21.012134000000003
-64.43303266666668,554.513824,318.14943633333337,-200.1821695,403.050056,60.499083,-88.374606,204.7356375,162.816207,-62.662898000000006,-42.82689099999999,-21.361962000000005
-64.471407,554.3442116666666,318.039507,-200.2376205,403.135662,60.291292999999996,-88.7529395,203.7207935,160.2611425,-62.759139,-42.55196099999998,-21.70037099999999
-64.50996466666668,554.1740843333333,317.92922599999997,-200.288728,403.217038,60.083228000000005,-89.12999,202.7334765,157.7184075,-62.85680800000001,-42.275661000000014,-22.02684100000002
-64.54871833333333,554.0034886666667,317.81857199999996,-200.3354605,403.294348,59.8749,-89.5059485,201.773195,155.1890335,-62.956191,-41.99790399999998,-22.340892999999994
-64.58768133333332,553.8324736666667,317.70752799999997,-200.3778105,403.3677805,59.666312000000005,-89.88098550000001,200.8394325,152.6740275,-63.057539000000006,-41.71863499999998,-22.642105000000015
-64.62686333333333,553.6610893333333,317.59608000000003,-200.4157915,403.437545,59.45746199999999,-90.25525350000001,199.9316525,150.174374,-63.161073,-41.437837,-22.93010800000002
-64.66627366666667,553.4893866666666,317.484217,-200.4494365,403.5038655,59.2483445,-90.628883,199.04930050000002,147.6910305,-63.266978,-41.155531000000025,-23.204595000000012
-64.705921,553.3174183333334,317.37193099999996,-200.47879849999998,403.566975,59.03895850000001,-91.0019815,198.191812,145.224932,-63.375405,-40.87177600000001,-23.46532400000001
-64.74581166666667,553.1452383333334,317.2592183333333,-200.50394649999998,403.62711,58.829305,-91.3746305,197.35861549999998,142.77698800000002,-63.486467,-40.586667000000006,-23.712114000000014
-64.78595166666666,552.972901,317.1460763333334,-200.5249645,403.6845075,58.6193945,-91.74688649999999,196.54913900000003,140.348083,-63.600241,-40.300332,-23.94485800000001
-64.826345,552.8004623333333,317.03250733333334,-200.54194999999999,403.7393975,58.409246499999995,-92.11878,195.7628135,137.939079,-63.71677,-40.012933000000004,-24.16351200000001
-64.86699433333332,552.627977,316.91851533333335,-200.555012,403.792003,58.198893500000004,-92.49031500000001,194.9990765,135.5508135,-63.836056,-39.724665000000016,-24.36810300000002
-64.90790199999999,552.4555016666667,316.8041073333333,-200.56427,403.842535,57.988378499999996,-92.861468,194.257377,133.1841,-63.95807,-39.435745999999995,-24.558723999999998
-64.949069,552.283094,316.6892923333333,-200.569851,403.8911895,57.777759,-93.23219,193.53718049999998,130.839731,-64.08274599999999,-39.146423,-24.73553600000001
-64.99049566666666,552.110809,316.57408366666664,-200.5718905,403.9381495,57.567104,-93.602407,192.83796999999998,128.51847600000002,-64.20998600000001,-38.85696399999998,-24.898764
-65.03218066666666,551.9387043333332,316.45849466666664,-200.570528,403.98357999999996,57.356495,-93.97201899999999,192.1592495,126.221081,-64.33966,-38.56765299999998,-25.048693999999998
-65.074122,551.7668373333335,316.342543,-200.56591,404.02762900000005,57.146024,-94.3409025,191.50054699999998,123.948272,-64.471607,-38.27879199999998,-25.18567200000001
-65.11631733333333,551.5952636666666,316.226247,-200.5581845,404.070429,56.9357925,-94.708912,190.86141700000002,121.700752,-64.60564400000001,-37.990691999999996,-25.310095999999987
-65.15876366666667,551.42404,316.10962866666665,-200.547504,404.112095,56.725910999999996,-95.0758795,190.24143850000002,119.47920100000002,-64.741555,-37.703675000000004,-25.422418000000008
-65.20145666666667,551.2532209999999,315.9927096666667,-200.5340205,404.15272849999997,56.516493,-95.441618,189.640221,117.284278,-64.87911,-37.418064000000015,-25.52313199999999
-65.244392,551.0828626666666,315.87551633333334,-200.5178895,404.192414,56.307658,-95.8059205,189.0573985,115.11661699999999,-65.01805299999998,-37.134185,-25.61278
-65.28756500000001,550.9130193333334,315.7580743333333,-200.4992655,404.231225,56.099526499999996,-96.168564,188.4926355,112.976828,-65.158116,-36.852361,-25.69193200000001
-65.33096933333333,550.7437450000001,315.640413,-200.47830249999998,404.269223,55.8922165,-96.52930950000001,187.94562100000002,110.86549600000001,-65.299013,-36.57291000000001,-25.761195999999998
-65.37460066666667,550.5750916666667,315.5225613333334,-200.4551545,404.30645849999996,55.6858455,-96.8879035,187.41607249999998,108.78317849999999,-65.44044899999999,-36.296141000000006,-25.821198999999993
-65.41845166666667,550.407112,315.4045516666667,-200.42997400000002,404.342975,55.480526,-97.2440785,186.9037285,106.73040449999999,-65.58212099999999,-36.022355000000005,-25.872595000000004
-65.46251733333334,550.2398573333334,315.28641633333336,-200.40291100000002,404.3788065,55.2763635,-97.597557,186.40835099999998,104.7076735,-65.723722,-35.75183799999999,-25.916044999999997
-65.50678966666668,550.073377,315.1681896666667,-200.3741135,404.4139825,55.0734575,-97.9480495,185.92971949999998,102.7154525,-65.86494099999999,-35.484860999999995,-25.952225
-65.55126333333332,549.907721,315.04990733333335,-200.3437275,404.4485275,54.8718975,-98.29525949999999,185.467634,100.7541745,-66.00546899999999,-35.22168199999999,-25.981807000000003
-65.595931,549.7429366666667,314.93160600000004,-200.311895,404.4824605,54.6717645,-98.6388795,185.0219035,98.82423750000001,-66.144999,-34.96253899999999,-26.00546899999999
-65.64078566666666,549.5790713333332,314.813323,-200.278755,404.515799,54.473128,-98.9785975,184.592351,96.926,-66.28323300000001,-34.707651999999996,-26.023876
-65.68582066666666,549.4161716666666,314.69509833333336,-200.2444425,404.5485575,54.2760495,-99.31409450000001,184.178806,95.059783,-66.419877,-34.457224,-26.037679999999995
-65.73102866666666,549.2542816666667,314.57697033333335,-200.209088,404.58074750000003,54.080577000000005,-99.6450475,183.7811025,93.2258665,-66.55465099999999,-34.211438999999984,-26.04751900000001
-65.77640333333333,549.0934446666666,314.45897966666666,-200.172818,404.61237800000004,53.886752,-99.971128,183.3990745,91.4244855,-66.68728800000001,-33.970462999999995,-26.054007
-65.82193733333334,548.9337046666667,314.34116866666665,-200.1357545,404.6434585,53.694603,-100.292006,183.0325545,89.655833,-66.817534,-33.734443,-26.057732
-65.867623,548.7751026666666,314.22357933333336,-200.09801399999998,404.6739945,53.504151500000006,-100.6073505,182.681369,87.9200575,-66.945151,-33.503510000000006,-26.05925099999999
-65.91345466666667,548.6176793333333,314.106253,-200.0597075,404.703989,53.3154095,-100.916828,182.345338,86.217262,-67.06992199999999,-33.27777800000001,-26.059089999999998
-65.959424,548.4614746666666,313.98923433333334,-200.020941,404.73344499999996,53.128384,-101.22010650000001,182.0242685,84.5475045,-67.19164500000001,-33.05734699999999,-26.057731000000004
-66.00552499999999,548.3065273333333,313.87256700000006,-199.98181549999998,404.7623605,52.943074,-101.5168555,181.717957,82.9107975,-67.31014100000002,-32.84230199999999,-26.055624999999992
-66.051749,548.1528753333333,313.7562946666667,-199.942426,404.79073200000005,52.759474,-101.806748,181.42618299999998,81.30711149999999,-67.425254,-32.63271799999998,-26.053171000000006
-66.09809,548.0005553333333,313.6404616666667,-199.902861,404.818553,52.577574999999996,-102.089462,181.14871,79.73637199999999,-67.53684600000001,-32.428657999999984,-26.05073
-66.14454033333334,547.8496036666667,313.52511400000003,-199.8632045,404.84581249999997,52.397367,-102.36467999999999,180.885285,78.1984655,-67.64480200000001,-32.230176,-26.048613000000003
-66.19109233333334,547.7000553333334,313.41029533333335,-199.823535,404.87249599999996,52.2188365,-102.632094,180.63563349999998,76.6932395,-67.749034,-32.037319,-26.047083
-66.23773866666666,547.5519443333334,313.296052,-199.783925,404.898586,52.041971000000004,-102.8914045,180.3994645,75.220506,-67.849471,-31.85012499999999,-26.046356000000003
-66.28447133333333,547.4053043333333,313.182428,-199.744442,404.9240615,51.8667595,-103.142323,180.1764665,73.780045,-67.94606799999998,-31.668633,-26.046597999999996
-66.33128233333333,547.2601679999999,313.0694696666667,-199.705149,404.948895,51.693194,-103.3845765,179.966308,72.37160850000001,-68.038803,-31.492871999999977,-26.047927
-66.37816400000001,547.1165673333334,312.95722166666667,-199.66610450000002,404.97305900000003,51.521268,-103.6179045,179.768641,70.994921,-68.12767299999999,-31.322872000000018,-26.050413999999996
-66.42510700000001,546.9745336666666,312.84572899999995,-199.627362,404.9965195,51.350979499999994,-103.84206700000001,179.583098,69.649691,-68.212698,-31.158659999999998,-26.054080000000006
-66.47210366666667,546.8340966666666,312.7350363333333,-199.5889715,405.0192405,51.182332,-104.05684149999999,179.40929749999998,68.33560849999999,-68.293921,-31.000260999999995,-26.058906999999998
-66.51914433333333,546.695287,312.62518833333337,-199.55098049999998,405.0411845,51.015334,-104.26202900000001,179.24684150000002,67.0523535,-68.37139800000001,-30.847701,-26.06483099999999
-66.56622,546.5581333333333,312.5162286666667,-199.513432,405.06230949999997,50.849999999999994,-104.457454,179.09532000000002,65.7995995,-68.44520800000001,-30.70100199999999,-26.071749000000004
-66.61332166666666,546.422663,312.4082023333333,-199.476368,405.082573,50.68635,-104.642967,178.95431000000002,64.5770205,-68.515444,-30.56018800000001,-26.079523000000002
-66.660439,546.2889046666667,312.301151,-199.43982799999998,405.1019325,50.5244105,-104.81844749999999,178.823382,63.3842925,-68.582217,-30.42527799999999,-26.087985000000003
-66.70756266666666,546.1568843333333,312.1951183333333,-199.4038505,405.12034300000005,50.3642165,-104.98380449999999,178.702098,62.221101000000004,-68.64564899999999,-30.296291999999994,-26.096934000000005
-66.75468166666667,546.026629,312.09014666666667,-199.368472,405.1377625,50.2058075,-105.1389795,178.5900165,61.0871425,-68.705875,-30.17324500000001,-26.106153
-66.80178566666666,545.8981640000001,311.9862766666667,-199.3337295,405.1541475,50.049229,-105.28394800000001,178.4866905,59.98213200000001,-68.76303800000001,-30.056149000000005,-26.1154
-66.848864,545.7715133333335,311.88355,-199.29965900000002,405.16945899999996,49.894535000000005,-105.418719,178.39167650000002,58.905804,-68.81729199999998,-29.945009,-26.124426
-66.89590499999998,545.6467026666667,311.7820053333333,-199.266299,405.183658,49.741783999999996,-105.54334,178.3045295,57.8579165,-68.868794,-29.839827000000014,-26.132969000000003
-66.942898,545.523755,311.681683,-199.233685,405.19671200000005,49.59104,-105.657893,178.224809,56.83825349999999,-68.91770600000001,-29.740589999999997,-26.140770999999994
-66.989831,545.4026936666666,311.58261999999996,-199.20185600000002,405.20859,49.442373,-105.7624995,178.1520805,55.846627,-68.964193,-29.647284999999982,-26.14757399999999
-67.03669233333333,545.2835413333333,311.4848543333333,-199.1708525,405.2192655,49.295856,-105.8573175,178.085917,54.8828775,-69.008417,-29.559879999999993,-26.153125000000003
-67.08346966666667,545.1663193333333,311.3884213333333,-199.1407145,405.228719,49.151568,-105.942543,178.02589849999998,53.9468765,-69.05054200000001,-29.478334999999987,-26.15719099999999
-67.13015133333333,545.0510499999999,311.2933556666666,-199.111485,405.23693449999996,49.0095905,-106.01840899999999,177.97161649999998,53.0385245,-69.09072400000001,-29.40259499999999,-26.159553000000002
-67.17672466666666,544.9377536666666,311.1996913333333,-199.083208,405.2439035,48.8700085,-106.0851845,177.92267349999997,52.15775,-69.12911700000001,-29.332593000000003,-26.160014000000004
-67.22317733333334,544.826451,311.10746,-199.055928,405.249622,48.7329085,-106.14317399999999,177.87868500000002,51.3045095,-69.16586399999998,-29.268242000000015,-26.158405000000002
-67.269497,544.7171616666666,311.01669266666664,-199.0296925,405.254093,48.598378499999995,-106.19271549999999,177.83927799999998,50.478783,-69.20110299999999,-29.20944399999999,-26.154584
-67.31567133333334,544.6099046666667,310.92741866666665,-199.00455,405.257326,48.4665085,-106.23417749999999,177.8040965,49.680572,-69.23496099999998,-29.156081,-26.148442000000003
-67.36168733333334,544.5047,310.83966533333336,-198.980549,405.2593355,48.3373885,-106.26795949999999,177.7727965,48.909895500000005,-69.267553,-29.108019000000013,-26.139902999999997
-67.40753266666667,544.4015643333333,310.75345866666663,-198.9577395,405.2601445,48.2111065,-106.294484,177.7450505,48.166784500000006,-69.29898399999999,-29.065109000000007,-26.128925000000002
-67.45319533333334,544.3005156666667,310.6688226666667,-198.9361725,405.25978050000003,48.087751999999995,-106.314201,177.720546,47.4512785,-69.32934799999998,-29.027184000000005,-26.115500999999995
-67.49866166666668,544.2015723333333,310.58577966666667,-198.915898,405.2582765,47.9674105,-106.32757749999999,177.6989865,46.763418,-69.35872299999998,-28.994061000000016,-26.099657999999998
-67.543921,544.104749,310.50435066666665,-198.89696700000002,405.2556715,47.850168,-106.33510050000001,177.6800915,46.103239,-69.38717900000002,-28.96554500000002,-26.081454
-67.58896033333333,544.0100630000001,310.42455333333334,-198.87942950000001,405.25201,47.736104499999996,-106.3372665,177.66359599999998,45.470768,-69.41477100000002,-28.941424000000012,-26.060981999999996
-67.63376766666666,543.917529,310.34640433333334,-198.8633335,405.2473405,47.625299,-106.33458399999999,177.6492505,44.866012,-69.441544,-28.921479000000005,-26.038360000000004
-67.678331,543.827161,310.2699176666667,-198.848727,405.241715,47.5178245,-106.32756499999999,177.6368235,44.2889545,-69.46753199999999,-28.90547699999999,-26.013732999999995
-67.722639,543.7389733333333,310.1951053333333,-198.83565549999997,405.235191,47.413752,-106.31672350000001,177.626098,43.7395475,-69.492759,-28.893178000000006,-25.987264999999997
-67.76668000000001,543.6529796666667,310.12197699999996,-198.8241615,405.2278275,47.313143,-106.302569,177.616874,43.2177035,-69.51724000000002,-28.88434000000001,-25.959141
-67.81044333333334,543.5691906666666,310.05054,-198.81428499999998,405.21968649999997,47.216058,-106.2856045,177.608966,42.7232915,-69.540983,-28.878709999999984,-25.929554999999997
-67.85391800000001,543.4876186666667,309.9807993333333,-198.8060625,405.210832,47.122548,-106.266322,177.60220650000002,42.2561285,-69.563988,-28.87604300000001,-25.898709
-67.897093,543.408274,309.91275666666667,-198.7995275,405.201329,47.0326595,-106.24519599999999,177.5964425,41.815975,-69.58625199999999,-28.876086999999984,-25.866812
-67.939958,543.3311656666666,309.84641266666665,-198.79470700000002,405.191243,46.9464295,-106.2226835,177.59153750000002,41.402528000000004,-69.60776899999999,-28.87859899999998,-25.834066
-67.98250366666667,543.2563023333333,309.781764,-198.791625,405.18064100000004,46.8638895,-106.1992165,177.58737150000002,41.01542,-69.62852900000001,-28.883341,-25.800667999999998
-68.02471966666667,543.183691,309.71880533333336,-198.790301,405.169589,46.785061999999996,-106.17520099999999,177.5838395,40.6542115,-69.648524,-28.89008099999998,-25.766804999999998
-68.066597,543.1133370000001,309.657529,-198.7907465,405.15815150000003,46.70996,-106.15101299999999,177.580853,40.3183905,-69.667746,-28.898600000000016,-25.732649
-68.10812599999998,543.0452449999999,309.5979233333333,-198.7929685,405.1463925,46.6385895,-106.12699599999999,177.57833950000003,40.007371,-69.68619,-28.908693,-25.698347999999996
-68.149299,542.979418,309.53997499999997,-198.796969,405.13437350000004,46.570946,-106.103458,177.5762405,39.7204895,-69.703854,-28.920163000000002,-25.664030999999998
-68.190106,542.9158576666666,309.4836683333333,-198.80274,405.122155,46.5070145,-106.080668,177.57451550000002,39.457010000000004,-69.72074399999998,-28.932834999999983,-25.629802
-68.23054033333334,542.8545643333333,309.4289826666666,-198.81027,405.10979299999997,46.4467725,-106.0588585,177.573138,39.2161225,-69.73686699999999,-28.946546000000012,-25.595733000000003
-68.27059366666667,542.7955353333333,309.3758976666666,-198.819539,405.097342,46.3901855,-106.03822,177.5720955,38.996945000000004,-69.75224200000001,-28.961152999999996,-25.561870000000003
-68.31025833333334,542.7387666666667,309.32438733333333,-198.8305195,405.0848535,46.337209,-106.0189025,177.57139,38.7985305,-69.76689099999999,-28.976529999999997,-25.528226999999998
-68.34952666666668,542.684254,309.27442533333334,-198.843177,405.07237499999997,46.287788,-106.0010135,177.5710375,38.61987,-69.780843,-28.992569000000003,-25.494788
-68.38839266666666,542.6319886666666,309.22598066666666,-198.857469,405.0599505,46.241856999999996,-105.98462049999999,177.5710685,38.459897,-69.794141,-29.009179000000017,-25.461508000000002
-68.42684833333334,542.5819606666668,309.17902133333337,-198.873347,405.0476205,46.199341000000004,-105.9697505,177.57152200000002,38.317497,-69.806827,-29.02628999999999,-25.42831
-68.46488766666666,542.5341586666667,309.1335106666667,-198.89075250000002,405.0354215,46.160152,-105.95639,177.5724505,38.1915145,-69.818956,-29.04384299999998,-25.395093
-68.502504,542.4885676666667,309.08941266666665,-198.90962100000002,405.023387,46.124193500000004,-105.944489,177.5739165,38.0807615,-69.83058799999999,-29.061799000000008,-25.361727000000002
-68.53969166666667,542.4451716666666,309.04668599999997,-198.92988100000002,405.01154499999996,46.091359499999996,-105.933961,177.5759895,37.984024,-69.84178399999999,-29.08013299999999,-25.328063999999998
-68.57644333333333,542.4039506666667,309.0052876666667,-198.95145300000001,404.999921,46.0615315,-105.924687,177.57874700000002,37.9000765,-69.852618,-29.098829999999992,-25.293933000000003
-68.61275366666666,542.3648833333333,308.96517466666666,-198.97424999999998,404.988537,46.034585,-105.9165165,177.5822715,37.827686,-69.863163,-29.11788899999999,-25.259148
-68.64861633333334,542.3279456666666,308.92629933333336,-198.9981805,404.97741099999996,46.010385,-105.90927350000001,177.5866505,37.7656255,-69.87349300000001,-29.137315,-25.223511
-68.68402566666667,542.29311,308.88861299999996,-199.0231445,404.9665575,45.9887885,-105.90275600000001,177.5919715,37.7126825,-69.88368800000002,-29.157121000000018,-25.186817
-68.71897533333333,542.2603476666667,308.8520653333333,-199.049037,404.9559875,45.9696455,-105.89674199999999,177.5983245,37.6676685,-69.89382399999998,-29.17732700000002,-25.148853
-68.753459,542.229625,308.816605,-199.0757475,404.9457095,45.9528005,-105.890996,177.6057975,37.629428,-69.903976,-29.197952999999984,-25.109408
-68.78747033333333,542.2009083333334,308.78217900000004,-199.1031615,404.935729,45.9380905,-105.8852655,177.6144735,37.596848,-69.914219,-29.219020999999998,-25.068270000000002
-68.821003,542.1741593333333,308.7487326666667,-199.13116050000002,404.9260485,45.9253505,-105.87929249999999,177.624432,37.568864,-69.92461899999999,-29.240552000000008,-25.025237999999998
-68.85405066666665,542.1493383333333,308.71621066666665,-199.15962100000002,404.916668,45.914410000000004,-105.872813,177.635745,37.544468,-69.93524199999999,-29.262561999999974,-24.980114
-68.88660566666667,542.1264013333333,308.6845573333333,-199.1884195,404.90758600000004,45.905099,-105.86556300000001,177.64847650000002,37.522716,-69.946144,-29.285065000000003,-24.932718
-68.91866166666667,542.1053029999999,308.653716,-199.21742849999998,404.8987975,45.897245,-105.85728,177.662679,37.50273,-69.95737400000002,-29.308069999999987,-24.88288
-68.95021100000001,542.0859953333334,308.6236293333333,-199.2465195,404.8902975,45.8906765,-105.84770900000001,177.6783935,37.4837065,-69.96897400000002,-29.33157299999999,-24.830451000000004
-68.981245,542.0684266666667,308.5942416666667,-199.27556750000002,404.88207850000003,45.8852225,-105.836604,177.695648,37.464915500000004,-69.980976,-29.355568000000005,-24.775295000000003
-69.01175633333334,542.052544,308.56549466666667,-199.3044435,404.87413000000004,45.8807185,-105.823733,177.71445749999998,37.445706,-69.993402,-29.380034999999992,-24.717298
-69.04173633333333,542.0382920000001,308.537333,-199.33302450000002,404.86644249999995,45.8770005,-105.80887799999999,177.7348205,37.4255035,-70.00626399999999,-29.404949000000016,-24.656367
-69.07117533333333,542.0256116666666,308.5097006666667,-199.361188,404.85900449999997,45.873912000000004,-105.79183950000001,177.7567215,37.403814000000004,-70.01956700000001,-29.430273,-24.592428
-69.100064,542.0144436666667,308.482542,-199.38881700000002,404.8518035,45.871303499999996,-105.772437,177.7801275,37.3802195,-70.03330399999999,-29.455961000000002,-24.525425000000002
-69.128393,542.0047250000001,308.455803,-199.4157985,404.8448265,45.869032000000004,-105.75051300000001,177.8049905,37.3543775,-70.04746000000002,-29.481959000000018,-24.455326999999997
-69.15615,541.996391,308.4294313333333,-199.4420245,404.83806000000004,45.866965500000006,-105.7259305,177.83124650000002,37.32602,-70.062011,-29.508207,-24.382118000000002
-69.18332533333333,541.9893746666667,308.40337500000004,-199.4673955,404.8314895,45.864979500000004,-105.698578,177.858816,37.294945999999996,-70.076926,-29.534636000000006,-24.305799999999998
-69.20990633333334,541.9836093333333,308.37758433333335,-199.491818,404.8251015,45.862961,-105.6683655,177.8876065,37.261022,-70.092167,-29.561172999999997,-24.226393999999996
-69.23588133333334,541.9790240000001,308.3520106666667,-199.515208,404.8188815,45.860806999999994,-105.63522950000001,177.9175105,37.224174000000005,-70.107693,-29.58774299999999,-24.143932
-69.26123666666666,541.9755476666666,308.3266083333333,-199.537489,404.812816,45.858427500000005,-105.5991285,177.9484095,37.1843845,-70.12345699999999,-29.61426499999999,-24.058463000000003
-69.28595966666667,541.9731083333334,308.30133299999994,-199.5585955,404.8068925,45.855744,-105.560045,177.9801765,37.1416875,-70.139412,-29.640663000000018,-23.970045000000002
-69.31003566666668,541.9716313333333,308.2761423333333,-199.5784715,404.801098,45.852689,-105.51798350000001,178.0126735,37.0961615,-70.15550900000001,-29.666863000000006,-23.878747000000004
-69.33345,541.9710423333332,308.25099666666665,-199.5970725,404.795423,45.8492065,-105.472971,178.0457595,37.0479245,-70.17170399999999,-29.692791,-23.784645
-69.35618766666667,541.9712666666666,308.22585899999996,-199.614363,404.789857,45.8452525,-105.42505349999999,178.0792875,36.997130999999996,-70.187953,-29.718385000000012,-23.687818
-69.37823300000001,541.9722270000001,308.20069366666667,-199.63032099999998,404.784394,45.8407945,-105.3742975,178.1131115,36.943964,-70.204217,-29.743588999999986,-23.588356000000005
-69.39956833333333,541.973848,308.1754696666667,-199.6449345,404.7790285,45.835809499999996,-105.32078800000001,178.147086,36.888632,-70.22046800000001,-29.768355999999983,-23.486344000000003
-69.42017833333334,541.976052,308.1501563333333,-199.65820300000001,404.77376000000004,45.830285,-105.2646265,178.181071,36.8313635,-70.236681,-29.792656000000022,-23.381873000000002
-69.44004500000001,541.9787633333334,308.1247266666667,-199.670137,404.768591,45.8242155,-105.20593050000001,178.214933,36.772403,-70.25284500000001,-29.816467999999986,-23.275033999999998
-69.45915,541.9819056666666,308.09915666666666,-199.68075900000002,404.7635275,45.817606,-105.1448345,178.248549,36.7120075,-70.268959,-29.839789999999994,-23.165913
-69.47747566666668,541.9854033333332,308.073425,-199.6901005,404.75858,45.8104645,-105.08148650000001,178.281809,36.650443,-70.28503100000002,-29.86263599999998,-23.054598000000002
-69.495003,541.989181,308.0475123333333,-199.698204,404.75376700000004,45.8028055,-105.01605,178.3146175,36.5879805,-70.30108800000001,-29.885035000000016,-22.941172999999996
-69.51171333333333,541.993165,308.02140333333335,-199.70512100000002,404.74911050000003,45.794647499999996,-104.94870399999999,178.3468965,36.5248945,-70.31716399999999,-29.907036999999974,-22.825719
-69.52758733333333,541.997283,307.9950833333333,-199.710913,404.744641,45.7860105,-104.8796425,178.37858949999998,36.4614635,-70.33331100000001,-29.928708999999998,-22.708315
-69.54260566666666,542.0014636666666,307.9685436666667,-199.7156485,404.7403955,45.776914,-104.8090765,178.4096605,36.397963,-70.34959099999999,-29.950132999999994,-22.589038
-69.55674933333331,542.005637,307.941775,-199.719403,404.736421,45.767377499999995,-104.737234,178.44009749999998,36.3346675,-70.36608000000001,-29.971413000000013,-22.467963
-69.56999833333333,542.0097363333333,307.91477266666664,-199.7222595,404.7327725,45.757418,-104.66436350000001,178.469913,36.27185,-70.382865,-29.992661999999996,-22.345164
-69.582334,542.0136966666666,307.8875346666666,-199.72430450000002,404.729513,45.747046,-104.590736,178.499144,36.209779999999995,-70.40004200000001,-30.01401199999998,-22.220717999999998
-69.59373633333333,542.0174553333333,307.86006100000003,-199.72563050000002,404.726719,45.736269,-104.51664600000001,178.5278555,36.148724,-70.417716,-30.03560300000001,-22.094702
-69.60418733333334,542.0209526666666,307.832355,-199.72633150000001,404.72447550000004,45.725084,-104.44241500000001,178.556136,36.088944999999995,-70.435998,-30.05758800000001,-21.9672
-69.61366866666667,542.0241323333333,307.80442166666666,-199.726504,404.7228795,45.7134805,-104.368396,178.5841015,36.030703,-70.455004,-30.080123000000015,-21.838302000000002
-69.62216133333334,542.026941,307.7762703333333,-199.726246,404.7220405,45.701437999999996,-104.2949745,178.61189050000002,35.9742565,-70.47484899999999,-30.103369000000015,-21.708107000000002
-69.62964866666665,542.02933,307.7479113333333,-199.72565350000002,404.7220775,45.6889235,-104.22257499999999,178.63966599999998,35.9198595,-70.495646,-30.127486000000005,-21.576726999999998
-69.63611366666666,542.031253,307.71935833333333,-199.72482150000002,404.723124,45.675892000000005,-104.15165999999999,178.6676105,35.8677645,-70.51750600000001,-30.152626999999995,-21.444293000000002
-69.64154066666667,542.0326693333333,307.69062766666667,-199.723842,404.7253245,45.6622865,-104.082738,178.69592649999998,35.818224,-70.54053,-30.17894099999998,-21.310952
-69.64591466666667,542.0335416666667,307.6617386666667,-199.7228025,404.7288355,45.6480325,-104.0163655,178.7248305,35.7714895,-70.56480699999999,-30.206563000000017,-21.176876999999998
-69.649221,542.0338390000001,307.632712,-199.721786,404.733825,45.6330455,-103.9531475,178.7545525,35.727811,-70.59041500000001,-30.235606999999987,-21.042269999999995
-69.65144666666667,542.0335333333334,307.60357266666665,-199.7208685,404.7404725,45.617223,-103.893743,178.78533099999999,35.687441,-70.617414,-30.266174000000007,-20.907362000000003
-69.652581,542.0326036666667,307.57434666666666,-199.7201185,404.748968,45.600449,-103.8388665,178.817409,35.650633,-70.645843,-30.29833000000002,-20.772424
-69.65261233333332,542.0310343333333,307.54506366666664,-199.71959600000002,404.75951050000003,45.5825935,-103.789289,178.85102899999998,35.6176415,-70.675722,-30.332120000000003,-20.637764999999998
-69.65153099999999,542.028815,307.5157556666666,-199.71935150000002,404.7723085,45.5635125,-103.74583849999999,178.88643,35.588727,-70.70704299999998,-30.367549999999994,-20.503740000000004
-69.64933,542.0259403333333,307.48645733333336,-199.719425,404.7875775,45.5430475,-103.70940200000001,178.92384199999998,35.5641495,-70.73977800000002,-30.404592000000008,-20.370753000000004
-69.64600333333334,542.022414,307.457205,-199.71984500000002,404.8055395,45.521029999999996,-103.680923,178.9634795,35.544177000000005,-70.77386800000001,-30.443173,-20.239258
-69.64154533333334,542.018243,307.4280386666667,-199.720629,404.826421,45.4972785,-103.661402,179.005538,35.529081500000004,-70.80922999999999,-30.483183999999994,-20.109766999999998
