Sh_x,Sh_y,Sh_z,El_x,El_y,El_z,Wr_x,Wr_y,Wr_z,WrVec_x,WrVec_y,WrVec_z
-65.20770866666668,512.8690046666667,300.21642066666664,-223.2154505,420.7906685,25.853431,-103.61570350000001,166.21423199999998,35.224953,-70.362423,-36.795918,-12.852692000000001
-65.18346933333333,512.762922,300.191595,-223.3130935,420.701466,25.890127,-103.4459205,166.1685745,35.091705000000005,-70.294459,-36.814009,-13.03687
-65.16067766666667,512.6575576666667,300.1661393333334,-223.40948,420.6118545,25.9246925,-103.273598,166.1242805,34.960218499999996,-70.224524,-36.83327700000001,-13.223308999999997
-65.13931000000001,512.5530493333333,300.14008033333334,-223.5045385,420.52188,25.957173500000003,-103.098474,166.081673,34.830552499999996,-70.15266599999998,-36.853834000000006,-13.411376999999998
-65.11934366666667,512.4495316666666,300.113447,-223.598209,420.431602,25.987618500000004,-102.9203725,166.041062,34.7029115,-70.07892899999999,-36.875767999999994,-13.600475
-65.10075633333334,512.3471423333333,300.0862706666667,-223.69044200000002,420.341091,26.016078,-102.73920050000001,166.00274100000001,34.57764,-70.003359,-36.89915199999999,-13.790048000000002
-65.08352333333333,512.2460186666666,300.058583,-223.7811955,420.25043200000005,26.042604,-102.55494200000001,165.966986,34.45523,-69.92599400000002,-36.924036,-13.979581999999997
-65.06762099999999,512.1462973333333,300.0304193333333,-223.87043749999998,420.159722,26.067248,-102.36765399999999,165.9340585,34.336315,-69.846876,-36.950455000000005,-14.168610000000001
-65.05302433333334,512.0481166666667,300.001815,-223.9581445,420.069071,26.0900605,-102.1774575,165.9042005,34.221676,-69.76603899999999,-36.978425000000016,-14.356718000000004
-65.03971133333333,511.95161533333334,299.97281,-224.04430000000002,419.978601,26.11109,-101.9845315,165.8776395,34.112232500000005,-69.683517,-37.00795100000002,-14.543545000000002
-65.02765566666666,511.8569323333333,299.943445,-224.128894,419.888448,26.130385,-101.78910950000001,165.854587,34.0090465,-69.59934100000001,-37.039018,-14.728784999999998
-65.01683366666667,511.76420733333333,299.913762,-224.211924,419.79876,26.1479885,-101.5914655,165.8352415,33.913315,-69.513539,-37.07160099999999,-14.912190000000002
-65.00722233333333,511.6735816666667,299.8838073333333,-224.293389,419.709695,26.163942,-101.3919115,165.81979,33.8263695,-69.42613700000001,-37.10566800000001,-15.093570999999997
-64.99879733333334,511.58519600000005,299.8536286666667,-224.37329649999998,419.62142600000004,26.1782845,-101.190786,165.80841199999998,33.749668,-69.337158,-37.141176,-15.272796
-64.99153566666666,511.4991933333334,299.8232766666667,-224.45165300000002,419.5341345,26.1910505,-100.98845,165.80127950000002,33.6847925,-69.24662000000001,-37.178077,-15.449788999999999
-64.98541366666667,511.4157166666667,299.7928043333333,-224.5284695,419.448014,26.202272,-100.78527650000001,165.7985645,33.6334415,-69.154545,-37.216319,-15.624530999999998
-64.98040833333333,511.3349103333333,299.7622676666667,-224.60375749999997,419.363267,26.211978,-100.58164199999999,165.8004395,33.5974225,-69.06094599999999,-37.255855,-15.797055
-64.976498,511.2569183333333,299.73172600000004,-224.677529,419.2801075,26.2201955,-100.377922,165.807084,33.578646,-68.96583799999999,-37.29663399999998,-15.967442000000002
-64.97366,511.18188733333335,299.7012403333333,-224.7497935,419.1987575,26.226948999999998,-100.17448300000001,165.818687,33.579115,-68.869234,-37.338618,-16.135821999999997
-64.97187266666667,511.1099633333333,299.67087633333335,-224.820561,419.1194465,26.2322615,-99.971675,165.835452,33.60092,-68.771144,-37.38177000000002,-16.30236
-64.971114,511.0412943333333,299.64070266666664,-224.889838,419.042411,26.236156,-99.76982699999999,165.85760399999998,33.646224000000004,-68.671576,-37.426072000000005,-16.467261999999998
-64.971363,510.97602800000004,299.610791,-224.9576275,418.9678975,26.238656000000002,-99.56923950000001,165.8853905,33.717256,-68.57053900000001,-37.471513000000016,-16.630758
-64.97259833333334,510.9143133333334,299.581216,-225.0239295,418.89615449999997,26.239785500000004,-99.370182,165.91908899999999,33.8163015,-68.468036,-37.51810400000002,-16.793100999999997
-64.97479933333334,510.856299,299.55205666666666,-225.08873849999998,418.827439,26.239573,-99.1728875,165.95901,33.945686,-68.36407500000001,-37.56587200000001,-16.95456
-64.97794466666666,510.8021363333333,299.52339566666666,-225.1520445,418.76201,26.2380505,-98.9775485,166.0055035,34.107768500000006,-68.258659,-37.614863000000014,-17.115411
-64.98201333333333,510.7519743333333,299.495319,-225.2138315,418.7001305,26.235255,-98.7843145,166.05896,34.304927,-68.151789,-37.66515000000001,-17.275928000000004
-64.986985,510.70596499999994,299.467918,-225.2740785,418.642068,26.231230500000002,-98.5932895,166.119818,34.539548,-68.043469,-37.716824,-17.436380000000003
-64.99283733333334,510.66425799999996,299.4412853333333,-225.33275650000002,418.58808899999997,26.2260305,-98.4045315,166.1885635,34.8140105,-67.93369900000002,-37.770003,-17.597019000000003
-64.99955,510.62700533333333,299.41552,-225.38983100000002,418.538463,26.2197175,-98.21804850000001,166.265738,35.130676,-67.822479,-37.824828000000025,-17.758072000000002
-65.00709933333333,510.594358,299.3907236666667,-225.44526000000002,418.4934585,26.2123675,-98.03380200000001,166.3519355,35.491874,-67.70981,-37.88146699999999,-17.919738
-65.01546466666667,510.56646633333327,299.3670036666667,-225.4989955,418.453344,26.204067000000002,-97.85170450000001,166.4478095,35.8998905,-67.59568900000001,-37.94010500000002,-18.082176999999998
-65.02462166666668,510.5434816666666,299.344469,-225.55098149999998,418.418386,26.1949195,-97.67162149999999,166.55407050000002,36.356952500000006,-67.48011699999999,-38.000957,-18.245511
-65.03454733333332,510.525554,299.32323433333335,-225.601155,418.388848,26.185045,-97.493372,166.671489,36.8652175,-67.36309,-38.06425200000001,-18.409809
-65.045217,510.5128326666666,299.303418,-225.6494455,418.3649905,26.174578,-97.3167315,166.800895,37.426758,-67.24460699999999,-38.130244000000005,-18.575086
-65.05660433333334,510.50546699999995,299.2851413333333,-225.695776,418.3470705,26.163676,-97.14143250000001,166.9431765,38.043552,-67.12466500000001,-38.199197,-18.741308
-65.06868333333334,510.50360433333327,299.26853033333333,-225.740062,418.3353375,26.152513,-96.9671695,167.0992805,38.7174675,-67.00326099999998,-38.27139299999999,-18.908375
-65.08142600000001,510.50739200000004,299.25371433333333,-225.78221100000002,418.33003599999995,26.141286,-96.79360050000001,167.2702075,39.450253000000004,-66.880391,-38.34712300000001,-19.07613
-65.09480333333333,510.51697399999995,299.2408253333333,-225.8221235,418.3314055,26.1302115,-96.62035,167.45701200000002,40.2435275,-66.756054,-38.42668599999999,-19.244355
-65.10878433333333,510.5324953333333,299.22999933333335,-225.8596945,418.3396735,26.119528,-96.4470145,167.660797,41.098765,-66.63024300000001,-38.51038399999999,-19.412772000000004
-65.12333766666667,510.55409733333335,299.22137466666663,-225.8948095,418.35506050000004,26.1094975,-96.2731635,167.882712,42.0172905,-66.502959,-38.59852000000001,-19.581043
-65.13842966666668,510.58191933333336,299.21509166666664,-225.9273485,418.37777700000004,26.100403,-96.09834550000001,168.1239455,43.000267,-66.37419700000001,-38.69139099999998,-19.748773999999997
-65.154026,510.61609999999996,299.211294,-225.95718449999998,418.4080215,26.0925485,-95.92209,168.38572249999999,44.048688,-66.24395600000001,-38.78929100000002,-19.91552
-65.170089,510.65677366666665,299.210126,-225.98418299999997,418.4459805,26.086259499999997,-95.74391349999999,168.6692975,45.163371999999995,-66.112235,-38.89249899999999,-20.080785999999996
-65.18658066666667,510.7040723333333,299.2117346666667,-226.00820399999998,418.491827,26.0818815,-95.563322,168.9759475,46.3449555,-65.97903200000002,-39.001283,-20.244035000000004
-65.20346099999999,510.75812633333334,299.2162673333333,-226.02910000000003,418.5457195,26.079779,-95.379813,169.30696849999998,47.593886499999996,-65.84434999999999,-39.115894999999995,-20.404693
-65.22068866666667,510.81906066666664,299.2238706666667,-226.0467175,418.6078005,26.080333000000003,-95.19288449999999,169.663665,48.910422999999994,-65.708193,-39.23656199999999,-20.562154
-65.23821966666667,510.88699833333334,299.234694,-226.0608965,418.678194,26.0839415,-95.0020315,170.0473435,50.2946285,-65.57056299999999,-39.363493000000005,-20.715789
-65.256009,510.9620576666667,299.24888366666664,-226.0714715,418.757007,26.0910145,-94.8067545,170.4593085,51.746370999999996,-65.43146899999999,-39.496871,-20.864954000000004
-65.27400966666666,511.04435300000006,299.26658633333335,-226.078271,418.844326,26.101974000000002,-94.606561,170.900851,53.265323499999994,-65.29092,-39.636852000000005,-21.008991
-65.29217333333332,511.13399466666664,299.2879463333333,-226.081119,418.9402165,26.1172525,-94.40096700000001,171.3732415,54.850964499999996,-65.148928,-39.783563000000015,-21.147240999999994
-65.31045033333334,511.2310883333333,299.31310666666667,-226.079833,419.04472050000004,26.137287,-94.1895015,171.877726,56.502579499999996,-65.005509,-39.937104000000005,-21.279051000000003
-65.32878766666666,511.33573399999995,299.34220666666664,-226.0742275,419.1578575,26.162519,-93.97170799999999,172.41551299999998,58.219266,-64.86068,-40.097545999999994,-21.403779999999998
-65.34713333333333,511.44802666666664,299.37538333333333,-226.064113,419.279619,26.1933915,-93.7471465,172.987771,59.999936000000005,-64.714463,-40.264928,-21.52080200000001
-65.365433,511.5680573333334,299.41276866666664,-226.049296,419.4099725,26.230345,-93.51539700000001,173.595618,61.84332500000001,-64.566882,-40.43926399999998,-21.629516000000002
-65.383631,511.695908,299.45449,-226.029581,419.548857,26.273816,-93.27606,174.2401175,63.747996,-64.41796400000001,-40.62053500000002,-21.729350000000004
-65.40167033333334,511.83165733333334,299.500671,-226.0047715,419.69618,26.324232000000002,-93.028757,174.9222695,65.71234799999999,-64.26774,-40.808696999999995,-21.819767999999996
-65.41949366666667,511.975377,299.5514276666667,-225.974668,419.8518225,26.382012,-92.7731335,175.64300500000002,67.734627,-64.116241,-41.00368399999999,-21.900270000000006
-65.43704166666667,512.1271310000001,299.6068706666667,-225.939074,420.015632,26.4475615,-92.5088615,176.4031805,69.812932,-63.963501,-41.205399,-21.970397999999996
-65.45425633333333,512.286978,299.667103,-225.89779049999999,420.1874235,26.521268999999997,-92.2356375,177.203572,71.945229,-63.809559,-41.413730000000015,-22.029738000000002
-65.47107799999999,512.4549673333332,299.7322206666667,-225.8506235,420.36698149999995,26.603505,-91.9531865,178.0448695,74.1293595,-63.654451,-41.62853899999999,-22.077925
-65.48744666666666,512.6311430000001,299.8023123333333,-225.7973815,420.554056,26.694621,-91.6612605,178.9276745,76.3630555,-63.498215,-41.849676999999986,-22.114637000000002
-65.50330166666667,512.8155393333333,299.87745566666666,-225.737876,420.7483645,26.794945000000002,-91.359642,179.8524935,78.643946,-63.340888,-42.07697300000001,-22.139601999999996
-65.51858466666667,513.008185,299.9577216666667,-225.67192599999998,420.949591,26.904781,-91.0481415,180.8197345,80.9695745,-63.182509,-42.310249,-22.152597
-65.53323533333334,513.2090986666667,300.04317,-225.5993565,421.15738699999997,27.024406000000003,-90.726603,181.82970699999998,83.33741,-63.02311399999999,-42.54931400000001,-22.153442
-65.547194,513.4182903333334,300.13385166666666,-225.52000099999998,421.371372,27.154071000000002,-90.39489900000001,182.882615,85.7448565,-62.862736,-42.79397,-22.142004999999997
-65.56040333333333,513.6357633333333,300.22980633333333,-225.43370099999999,421.59113349999996,27.293999499999998,-90.052936,183.978558,88.18927,-62.701406,-43.044014000000004,-22.118197999999992
-65.57280533333333,513.8615103333333,300.33106300000003,-225.3403105,421.816229,27.444384,-89.700654,185.117529,90.6679675,-62.539152,-43.299238,-22.081973000000005
-65.58434433333333,514.0955163333333,300.4376406666667,-225.23969499999998,422.04618800000003,27.605387999999998,-89.338025,186.29941200000002,93.1782395,-62.37599800000001,-43.55943199999999,-22.033321
-65.59496533333333,514.3377556666667,300.5495456666667,-225.1317315,422.2805125,27.777145500000003,-88.9650555,187.523984,95.71736250000001,-62.21196100000001,-43.824388,-21.972270999999992
-65.60461366666667,514.588194,300.66677400000003,-225.0163125,422.51868,27.9597605,-88.58178600000001,188.790914,98.28260750000001,-62.047056000000005,-44.093897999999996,-21.898881000000003
-65.61323933333334,514.8467886666666,300.7893086666666,-224.893345,422.7601445,28.153308000000003,-88.1882925,190.099762,100.8712525,-61.881291000000004,-44.36775399999999,-21.813244999999995
-65.62079166666668,515.1134866666666,300.91712233333334,-224.76275199999998,423.004341,28.357832499999997,-87.78468649999999,191.449982,103.480591,-61.714667000000006,-44.645756000000006,-21.71548
-65.62722366666667,515.3882243333334,301.050175,-224.624472,423.25068699999997,28.573351,-87.37111300000001,192.840925,106.10794,-61.547180000000004,-44.927704000000006,-21.605729999999994
-65.63248933333334,515.6709296666667,301.18841466666663,-224.4784635,423.4985855,28.799851500000003,-86.947754,194.271837,108.75065000000001,-61.37882199999999,-45.213402,-21.48415999999999
-65.63654633333334,515.9615210000001,301.33177866666665,-224.3247,423.747428,29.0372965,-86.514825,195.741865,111.4061085,-61.209576,-45.50265999999999,-21.350955
-65.63935433333334,516.2599053333333,301.4801913333333,-224.1631755,423.9965995,29.2856205,-86.072575,197.25005850000002,114.071752,-61.03942000000001,-45.79529099999999,-21.206317999999996
-65.64087566666667,516.5659816666667,301.6335666666667,-223.9939005,424.245479,29.544734000000002,-85.62128849999999,198.79537349999998,116.745065,-60.868329,-46.091106999999994,-21.050466
-65.64107633333333,516.8796386666667,301.791806,-223.81690650000002,424.4934455,29.814524499999997,-85.161281,200.376675,119.423588,-60.69627,-46.389928,-20.883629999999982
-65.63992466666667,517.200755,301.95480100000003,-223.63224,424.73987999999997,30.094853999999998,-84.6928995,201.992744,122.10492200000002,-60.523209,-46.691574,-20.70605400000001
-65.63739299999999,517.5291996666666,302.1224313333333,-223.4399695,424.9841695,30.385566,-84.216522,203.642278,124.7867305,-60.349104000000004,-46.99586199999999,-20.517993000000004
-65.63345566666666,517.8648323333333,302.29456766666664,-223.2401795,425.225709,30.686480000000003,-83.7325525,205.32389999999998,127.466739,-60.173917,-47.30261199999998,-20.319710000000015
-65.628091,518.207504,302.47106866666667,-223.03297099999997,425.4639085,30.9973985,-83.2414225,207.0361605,130.142742,-59.997603,-47.611639,-20.11148200000001
-65.62128133333333,518.5570553333333,302.6517856666667,-222.818463,425.698191,31.3181035,-82.7435855,208.777544,132.812601,-59.820119,-47.92275799999999,-19.893590000000003
-65.61301266666666,518.9133183333333,302.8365586666667,-222.5967895,425.928,31.6483595,-82.239518,210.5464745,135.4742445,-59.641422000000006,-48.23577700000001,-19.66632700000001
-65.603272,519.2761173333333,303.0252203333333,-222.3681,426.1527985,31.987914500000002,-81.729713,212.341321,138.12567,-59.461472,-48.5505,-19.42999599999999
-65.59205366666667,519.645266,303.21759533333335,-222.1325575,426.3720755,32.3364995,-81.21468,214.160404,140.76494350000002,-59.280229999999996,-48.86672399999998,-19.184904999999986
-65.57935233333333,520.0205703333334,303.4135006666666,-221.8903395,426.5853445,32.6938295,-80.6949405,216.001999,143.3901985,-59.097663000000004,-49.18423800000002,-18.931375000000003
-65.56516866666666,520.4018296666667,303.61274499999996,-221.64163150000002,426.7921475,33.059606,-80.17102650000001,217.8643465,145.999636,-58.913741,-49.50282300000001,-18.669734000000005
-65.549505,520.7888340000001,303.815132,-221.38663350000002,426.9920575,33.433513500000004,-79.643475,219.745655,148.5915235,-58.728443999999996,-49.82225399999999,-18.40032099999999
-65.53236766666667,521.1813666666667,304.0204596666667,-221.125553,427.1846785,33.815225999999996,-79.11282750000001,221.6441075,151.1641965,-58.541757000000004,-50.142291,-18.123480999999998
-65.51376733333333,521.5792036666667,304.22851966666667,-220.858607,427.3696475,34.2044015,-78.579625,223.55786849999998,153.71605399999999,-58.353674,-50.46269099999998,-17.839574
-65.49371733333334,521.9821146666667,304.43910033333333,-220.586017,427.5466345,34.600685999999996,-78.044407,225.48508800000002,156.2455615,-58.164198000000006,-50.783198,-17.548967000000005
-65.47223466666667,522.3898623333333,304.65198566666663,-220.30801400000001,427.7153465,35.003714,-77.507707,227.42390949999998,158.751251,-57.973341999999995,-51.10355100000001,-17.25203399999998
-65.44933866666666,522.8022050000001,304.8669566666667,-220.0248305,427.8755225,35.413107499999995,-76.97005200000001,229.3724735,161.2317185,-57.781132,-51.42347700000002,-16.949164999999994
-65.42505333333334,523.2188933333333,305.0837906666667,-219.7367045,428.026938,35.828478,-76.4319595,231.3289265,163.68562450000002,-57.58760300000001,-51.742696999999964,-16.64075299999999
-65.39940466666667,523.639675,305.302265,-219.443877,428.16940450000004,36.249426,-75.8939335,233.29142050000002,166.1116975,-57.392802999999994,-52.060929000000016,-16.327202999999997
-65.37242133333334,524.0642923333334,305.52215466666667,-219.1465895,428.3027665,36.675544,-75.3564685,235.2581245,168.508731,-57.196791,-52.377881,-16.008927999999997
-65.34413533333334,524.4924836666667,305.74323366666664,-218.8450855,428.42690400000004,37.106414,-74.8200415,237.22722499999998,170.875585,-56.999641000000004,-52.693261999999976,-15.686346000000015
-65.31458199999999,524.923984,305.965277,-218.539608,428.5417295,37.541613,-74.2851165,239.1969315,173.21119,-56.801435,-53.006774999999976,-15.359883999999994
-65.283798,525.358525,306.1880596666667,-218.230401,428.64718949999997,37.980708,-73.7521405,241.165484,175.514544,-56.602270999999995,-53.31812600000001,-15.029969999999992
-65.251823,525.7958366666667,306.4113586666667,-217.9177055,428.743259,38.4232645,-73.2215455,243.131152,177.7847155,-56.402255000000004,-53.62702199999998,-14.697043000000008
-65.218698,526.235645,306.634952,-217.6017625,428.8299465,38.8688415,-72.693747,245.092244,180.020846,-56.20150999999999,-53.93316999999999,-14.361537999999996
-65.184467,526.6776766666667,306.85862033333336,-217.282811,428.907287,39.3169965,-72.1691445,247.0471065,182.2221485,-56.00016299999999,-54.236287000000004,-14.023892999999987
-65.149176,527.1216563333334,307.082148,-216.96108800000002,428.9753445,39.7672845,-71.648124,248.994131,184.3879115,-55.798356000000005,-54.536092,-13.68454700000001
-65.11287233333333,527.567309,307.305322,-216.636827,429.034206,40.219263,-71.13105350000001,250.9317565,186.51749999999998,-55.596239000000004,-54.83231699999999,-13.343934000000019
-65.075604,528.014358,307.5279346666666,-216.310259,429.0839865,40.672489999999996,-70.6182905,252.8584695,188.61035199999998,-55.393972999999995,-55.12470099999999,-13.002486000000005
-65.03742233333334,528.462529,307.74978166666665,-215.98161349999998,429.12482,41.1265285,-70.11017700000001,254.772812,190.6659865,-55.191724,-55.41299599999999,-12.660626999999977
-64.99837699999999,528.9115479999999,307.970664,-215.6511165,429.1568625,41.5809465,-69.607044,256.67338,192.6839985,-54.989666,-55.696968,-12.318773000000022
-64.95852166666667,529.361143,308.19038800000004,-215.318992,429.180288,42.03532,-69.109211,258.5588295,194.6640615,-54.787980000000005,-55.976395000000025,-11.977330999999992
-64.91790933333334,529.811044,308.4087666666667,-214.985459,429.195289,42.489233,-68.616986,260.427874,196.6059275,-54.58685199999999,-56.25107199999999,-11.636695000000003
-64.87659333333333,530.260983,308.6256186666667,-214.650737,429.202072,42.9422825,-68.1306685,262.2792915,198.50942550000002,-54.386472999999995,-56.52081099999998,-11.297245000000004
-64.83462733333333,530.7106966666666,308.84076933333336,-214.315041,429.2008575,43.394076,-67.65054699999999,264.111923,200.3744615,-54.187034,-56.785438,-10.95934299999999
-64.79206599999999,531.1599233333333,309.05404999999996,-213.9785845,429.19187750000003,43.844237500000006,-67.176901,265.924676,202.201018,-53.988734,-57.044797999999986,-10.623334
-64.748964,531.6084063333334,309.26530099999997,-213.641579,429.17537500000003,44.292407,-66.7100025,267.716525,203.9891505,-53.791768999999995,-57.298754,-10.289545000000004
-64.705375,532.0558933333333,309.47436799999997,-213.304233,429.1515995,44.738240000000005,-66.2501115,269.4865125,205.7389865,-53.596334999999996,-57.54718500000001,-9.958274999999986
-64.66135333333334,532.5021376666667,309.68110633333333,-212.96675449999998,429.120809,45.181414000000004,-65.7974805,271.233752,207.45072449999998,-53.402631,-57.789987999999965,-9.62980300000001
-64.61695166666667,532.946896,309.88537599999995,-212.629348,429.083266,45.621624499999996,-65.3523525,272.9574265,209.1246285,-53.210851000000005,-58.02707499999997,-9.304382999999973
-64.57222366666667,533.3899323333334,310.087048,-212.2922185,429.0392375,46.058591,-64.9149575,274.6567915,210.7610275,-53.021189,-58.258376999999996,-8.982239000000021
-64.52722033333333,533.8310163333334,310.28600066666667,-211.9555685,428.9889915,46.492053999999996,-64.485515,276.3311735,212.36031,-52.833834,-58.48383899999996,-8.663569999999993
-64.48199266666667,534.269923,310.4821186666666,-211.6196,428.9327985,46.921777,-64.064232,277.97997150000003,213.9229225,-52.648973999999995,-58.703419,-8.348543000000006
-64.43659133333334,534.7064353333334,310.67529600000006,-211.284513,428.8709285,47.34755,-63.651301000000004,279.602656,215.4493635,-52.46679,-58.91709199999997,-8.037295
-64.39106266666666,535.1403413333334,310.865435,-210.95050650000002,428.8036485,47.7691845,-63.246898,281.1987715,216.94018,-52.287456,-59.124843,-7.729934000000014
-64.345456,535.5714383333334,311.0524453333333,-210.617778,428.731226,48.1865195,-62.851184,282.767931,218.3959635,-52.111146,-59.32667000000001,-7.426533000000006
-64.299815,535.9995283333334,311.236246,-210.28652549999998,428.6539225,48.599418,-62.4642995,284.3098225,219.817346,-51.938021000000006,-59.52258100000003,-7.127135999999979
-64.25418333333333,536.4244233333333,311.4167616666667,-209.956943,428.571997,49.007768,-62.086367,285.824201,221.2049945,-51.768240000000006,-59.71259599999999,-6.831754999999987
-64.20860366666666,536.8459406666667,311.5939276666667,-209.629226,428.485703,49.4114825,-61.717486,287.31089099999997,222.559608,-51.601952,-59.89673799999997,-6.540369999999996
-64.163115,537.2639073333333,311.76768500000003,-209.3035655,428.3952875,49.810499,-61.35773400000001,288.76978499999996,223.881911,-51.439302000000005,-60.075041999999996,-6.252929999999992
-64.117756,537.6781566666667,311.93798366666664,-208.98015249999997,428.300993,50.204778000000005,-61.0071645,290.2008405,225.1726505,-51.280421,-60.247547,-5.969355000000007
-64.07256166666667,538.0885306666668,312.1047806666666,-208.659175,428.203053,50.594303999999994,-60.665805500000005,291.60407799999996,226.4325905,-51.12543900000001,-60.414297999999974,-5.689537000000001
-64.02756633333333,538.4948786666668,312.26804100000004,-208.3408195,428.101696,50.979083,-60.3336595,292.979579,227.6625105,-50.974473,-60.57534399999997,-5.413337000000013
-63.98280133333333,538.8970583333333,312.42773600000004,-208.02526799999998,427.997142,51.35914149999999,-60.010702,294.32748200000003,228.8631975,-50.827636,-60.730736000000036,-5.140596999999985
-63.938295000000004,539.2949353333333,312.58384500000005,-207.71270049999998,427.889603,51.7345275,-59.696882,295.647983,230.035445,-50.68502999999999,-60.88053000000002,-4.871127999999999
-63.89407533333334,539.6883823333334,312.73635433333334,-207.40329350000002,427.779284,52.1053055,-59.392120500000004,296.941326,231.1800495,-50.54675100000001,-61.024779999999964,-4.604723000000007
-63.850167,540.0772813333333,312.8852563333333,-207.097218,427.6663815,52.471559,-59.096312499999996,298.207803,232.29780399999999,-50.412887000000005,-61.163544,-4.341157999999979
-63.80659166666667,540.4615206666667,313.0305496666667,-206.7946425,427.5510855,52.8333855,-58.8093245,299.447752,233.389498,-50.28352100000001,-61.29687799999999,-4.080185999999998
-63.76336933333334,540.840997,313.1722403333333,-206.49572799999999,427.4335755,53.1908985,-58.530998999999994,300.6615465,234.455914,-50.158725999999994,-61.42483900000002,-3.821550000000002
-63.720519333333336,541.2156153333333,313.31033933333333,-206.200631,427.3140265,53.544222000000005,-58.261152,301.849596,235.49782199999999,-50.03857000000001,-61.547482,-3.5649820000000148
-63.67805666666666,541.5852856666667,313.44486466666666,-205.9095035,427.192604,53.89349300000001,-57.999576000000005,303.012341,236.5159825,-49.923114000000005,-61.664859999999976,-3.3102030000000013
-63.635995333333334,541.9499283333333,313.57583800000003,-205.6224875,427.0694665,54.2388565,-57.7460425,304.150243,237.51113700000002,-49.812414999999994,-61.77702599999998,-3.056929999999994
-63.594346,542.3094693333334,313.70328866666665,-205.3397215,426.9447665,54.580466,-57.500301500000006,305.26378550000004,238.4840135,-49.706525000000006,-61.88403099999999,-2.8048770000000047
-63.55311966666667,542.6638413333334,313.82724966666666,-205.0613345,426.8186495,54.918479500000004,-57.2620835,306.35346649999997,239.435319,-49.605489000000006,-61.98592100000002,-2.553762000000006
-63.51232366666667,543.0129853333333,313.9477586666667,-204.78744749999998,426.691255,55.253061,-57.031107,307.41979100000003,240.365741,-49.509348,-62.082741999999996,-2.3033000000000072
-63.471964333333325,543.356847,314.06485833333335,-204.518174,426.5627165,55.584376,-56.807074,308.4632695,241.275946,-49.418139999999994,-62.17453900000004,-2.0532200000000103
-63.43204566666666,543.69538,314.17859533333336,-204.25362,426.4331615,55.912591500000005,-56.589676999999995,309.48440949999997,242.16657700000002,-49.33189599999999,-62.26135300000004,-1.8032599999999945
-63.39257033333333,544.0285436666667,314.28902066666666,-203.993881,426.302713,56.237874000000005,-56.3786,310.4837145,243.038254,-49.250646,-62.34322500000002,-1.5531679999999994
-63.353540666666674,544.356304,314.396188,-203.739045,426.17149,56.5603885,-56.1735245,311.461675,243.891573,-49.17441099999999,-62.420191999999986,-1.3027140000000088
-63.31495566666666,544.6786323333332,314.50015633333334,-203.48919,426.0396065,56.880296,-55.974129,312.418768,244.7271055,-49.103212,-62.49229600000001,-1.051682999999997
-63.27681466666667,544.9955053333333,314.600986,-203.24438600000002,425.9071735,57.197753000000006,-55.7800955,313.3554505,245.545398,-49.037062999999996,-62.559574999999995,-0.799886000000015
-63.239115,545.3069059999999,314.698741,-203.00469249999998,425.7742985,57.512910500000004,-55.5911095,314.272156,246.3469725,-48.975969,-62.62207000000001,-0.5471569999999986
-63.201854,545.6128216666667,314.793488,-202.770162,425.641085,57.8259115,-55.406867,315.1692915,247.1323265,-48.919932,-62.679824999999994,-0.2933590000000095
-63.165027,545.9132453333333,314.885296,-202.5408365,425.507635,58.1368925,-55.2270745,316.047238,247.901932,-48.868945,-62.73288600000001,-0.038386000000002696
-63.12862933333334,546.2081736666665,314.97423566666663,-202.31675,425.37404849999996,58.445978999999994,-55.051455000000004,316.906344,248.656238,-48.822992,-62.78130599999997,0.21783599999997705
-63.092656,546.4976093333333,315.06038,-202.09792900000002,425.24042299999996,58.7532885,-54.879749999999994,317.74692500000003,249.3956695,-48.782044,-62.825143999999966,0.47534500000000435
-63.057100333333324,546.781558,315.143803,-201.8843915,425.106854,59.058927,-54.7117195,318.56926450000003,250.120629,-48.74606299999999,-62.86446700000005,0.7341439999999864
-63.02195666666666,547.0600296666667,315.22458066666667,-201.6761475,424.9734365,59.362988,-54.547151500000005,319.37361350000003,250.83149550000002,-48.714995,-62.89935099999997,0.994195000000019
-62.98721766666667,547.333038,315.30279,-201.47320100000002,424.8402625,59.665555,-54.3858585,320.16019,251.5286295,-48.688771,-62.92988600000001,1.2554230000000075
-62.952877,547.6006,315.37850833333334,-201.275549,424.707425,59.966699999999996,-54.2276815,320.929179,252.21236950000002,-48.667305,-62.95617199999998,1.5177109999999914
-62.91892733333333,547.8627366666666,315.451814,-201.08318150000002,424.5750145,60.26648,-54.072493,321.68073649999997,252.8830355,-48.65048800000001,-62.97832699999998,1.7808990000000051
-62.88536233333334,548.1194716666668,315.522786,-200.89608349999997,424.44312049999996,60.564942,-53.9201975,322.414992,253.54093,-48.638194999999996,-62.99648400000001,2.044785999999988
-62.85217433333333,548.3708313333333,315.59150300000005,-200.7142355,424.31183150000004,60.862119500000006,-53.770733,323.132047,254.18633849999998,-48.630272000000005,-63.01079200000004,2.3091330000000028
-62.819357000000004,548.616845,315.65804333333335,-200.53761300000002,424.181235,61.1580335,-53.624071,323.83198300000004,254.81953199999998,-48.626543999999996,-63.02142399999997,2.5736559999999997
-62.786902999999995,548.857544,315.72248599999995,-200.3661875,424.051416,61.452694,-53.4802175,324.51486450000004,255.4407675,-48.626808999999994,-63.028569000000005,2.838029000000006
-62.754806333333335,549.0929623333333,315.7849093333333,-200.1999275,423.9224595,61.746098,-53.339213,325.180738,256.05028949999996,-48.630835999999995,-63.03243800000001,3.1018929999999614
-62.72306066666667,549.3231353333333,315.84539033333334,-200.03879799999999,423.7944465,62.038233000000005,-53.20113,325.82964300000003,256.648331,-48.638368,-63.033263999999974,3.3648480000000234
-62.69165999999999,549.5481013333334,315.90400700000004,-199.88276100000002,423.667457,62.329074500000004,-53.066074,326.461612,257.2351155,-48.649117999999994,-63.03129999999999,3.6264629999999727
-62.66059833333333,549.7678999999999,315.96083300000004,-199.73177750000002,423.541568,62.618587999999995,-52.934179,327.076675,257.8108575,-48.662774000000006,-63.02682199999998,3.8862749999999835
-62.62987066666667,549.982572,316.0159446666667,-199.5858065,423.4168525,62.90673150000001,-52.805608,327.674866,258.375765,-48.678994,-63.02012400000001,4.143791999999962
-62.599472,550.19216,316.06941466666666,-199.444806,423.293381,63.1934545,-52.6805465,328.25622599999997,258.9300365,-48.697413,-63.01151999999996,4.398502999999948
-62.569397333333335,550.3967083333333,316.1213156666667,-199.308733,423.17121799999995,63.478697,-52.5592035,328.820805,259.47386800000004,-48.717641,-63.00133800000003,4.649878000000001
-62.539642333333326,550.596262,316.17171666666667,-199.17754100000002,423.050425,63.7623955,-52.441804999999995,329.3686695,260.007449,-48.739267999999996,-62.98992499999997,4.897374000000013
-62.510203333333344,550.7908673333333,316.22068766666666,-199.051188,422.93105749999995,64.04448049999999,-52.328588,329.8999035,260.5309635,-48.76186800000001,-62.977634999999964,5.140443000000005
-62.481076333333334,550.9805726666667,316.268295,-198.9296265,422.8131635,64.324879,-52.219801000000004,330.4146105,261.04459399999996,-48.785000000000004,-62.964831000000004,5.378534000000002
-62.45225833333333,551.1654256666667,316.31460433333336,-198.8128115,422.6967875,64.60351299999999,-52.115693,330.91291750000005,261.54851599999995,-48.808216,-62.951881000000014,5.6111080000000015
-62.42374566666666,551.3454756666666,316.3596786666667,-198.7006965,422.58196399999997,64.88030599999999,-52.0165145,331.3949775,262.04290349999997,-48.831063,-62.939152999999976,5.837635000000034
-62.39553599999999,551.5207743333333,316.40357866666665,-198.593234,422.4687215,65.155179,-51.922507499999995,331.8609695,262.52792550000004,-48.853092999999994,-62.927009,6.057607000000019
-62.367626333333334,551.691372,316.44636399999996,-198.49037700000002,422.3570785,65.4280545,-51.833902,332.3110985,263.00374650000003,-48.87386600000001,-62.91580299999998,6.270547000000022
-62.34001433333333,551.8573213333333,316.488092,-198.392077,422.247048,65.698856,-51.750912,332.745598,263.470528,-48.89295200000001,-62.90587199999999,6.476009999999974
-62.312698000000005,552.0186749999999,316.5288176666666,-198.29828450000002,422.1386305,65.967511,-51.673728000000004,333.1647285,263.928426,-48.909948,-62.897535000000005,6.673595999999975
-62.285675,552.1754873333333,316.5685936666667,-198.20894900000002,422.03181900000004,66.23395099999999,-51.602514,333.56877399999996,264.3775895,-48.924474000000004,-62.89108600000003,6.862952999999948
-62.258943666666674,552.3278116666667,316.607471,-198.1240195,421.92659649999996,66.498112,-51.5374025,333.95804799999996,264.818165,-48.93618699999999,-62.88678799999997,7.0437840000000165
-62.232502333333336,552.475705,316.6454986666667,-198.04344099999997,421.8229365,66.7599365,-51.4784895,334.3328825,265.2502905,-48.944779,-62.88487300000003,7.215857000000028
-62.20634833333333,552.6192226666667,316.6827236666667,-197.96716049999998,421.720801,67.019375,-51.425833000000004,334.69363350000003,265.6740975,-48.94999,-62.88553099999996,7.379001000000017
-62.18048133333334,552.7584216666665,316.71918966666664,-197.895119,421.62014250000004,67.2763845,-51.3794485,335.04067399999997,266.0897125,-48.951609000000005,-62.88890999999995,7.533120999999994
-62.154898333333335,552.893359,316.754941,-197.827258,421.520904,67.5309305,-51.339306,335.374393,266.4972545,-48.94948000000001,-62.89511600000003,7.67819099999997
-62.12959866666667,553.024094,316.7900176666667,-197.763516,421.4230175,67.7829895,-51.305330999999995,335.695194,266.8968335,-48.9435,-62.904202,7.814264999999978
-62.104579666666666,553.1506853333334,316.824459,-197.70382899999998,421.32640549999996,68.032547,-51.277402,336.0034895,267.28855699999997,-48.933634,-62.91617499999995,7.941472000000033
-62.07984033333333,553.273192,316.8583026666667,-197.64812949999998,421.2309815,68.2795995,-51.255349,336.29970000000003,267.6725235,-48.9199,-62.93099000000001,8.060021000000006
-62.05537833333333,553.391675,316.8915836666667,-197.596349,421.13664800000004,68.524153,-51.2389585,336.58425150000005,268.0488275,-48.902381000000005,-62.948553000000004,8.170190999999988
-62.03119133333333,553.5061959999999,316.92433666666665,-197.5484145,421.0433,68.766227,-51.2279705,336.857571,268.417559,-48.881223000000006,-62.96871599999997,8.27234199999998
-62.00727733333333,553.6168156666666,316.95659333333333,-197.504251,420.950824,69.00585,-51.222085,337.120086,268.77880500000003,-48.85663000000001,-62.991288,8.366900000000044
-61.98363333333333,553.7235959999999,316.98838566666666,-197.4637825,420.859099,69.243065,-51.22096,337.3722215,269.132652,-48.828860000000006,-63.016029,8.454358000000013
-61.960257333333324,553.8266006666666,317.019742,-197.42692799999998,420.767996,69.4779235,-51.2242215,337.6143975,269.47918500000003,-48.798227,-63.04265899999996,8.535266000000036
-61.937146000000006,553.9258926666666,317.05069166666664,-197.393606,420.67737950000003,69.7104915,-51.231463,337.84703,269.8184915,-48.765091999999996,-63.07085799999999,8.610230999999999
-61.91429633333333,554.0215353333333,317.0812616666667,-197.363732,420.5871105,69.9408435,-51.242252,338.070525,270.150663,-48.729856,-63.100273999999956,8.67990199999997
-61.891705333333334,554.1135926666667,317.11147733333337,-197.337221,420.4970435,70.1690675,-51.2561355,338.2852805,270.475798,-48.692959,-63.130525000000034,8.744969999999967
-61.869369,554.20213,317.1413643333333,-197.3139855,420.4070285,70.3952615,-51.2726445,338.491686,270.7940015,-48.65486899999999,-63.16121199999998,8.806149000000005
-61.847282666666665,554.287211,317.170945,-197.2939375,420.31691450000005,70.6195345,-51.291302,338.6901205,271.105388,-48.616072,-63.191913,8.864178000000038
-61.82544300000001,554.3689013333333,317.20024400000005,-197.27698800000002,420.226546,70.8420035,-51.3116275,338.880953,271.410086,-48.577071,-63.22220199999998,8.919805999999994
-61.80384433333334,554.447266,317.2292826666667,-197.263049,420.13576850000004,71.062798,-51.333141499999996,339.0645415,271.708237,-48.538375,-63.25164699999999,8.973780000000033
-61.78248266666666,554.52237,317.258083,-197.252031,420.044427,71.28205299999999,-51.355375,339.24123399999996,271.9999975,-48.50049,-63.27982000000003,9.026842999999985
-61.76135166666666,554.5942786666666,317.28666533333336,-197.2438455,419.952367,71.49991299999999,-51.3778705,339.4113695,272.28554099999997,-48.463909,-63.306303000000014,9.079722000000004
-61.74044633333333,554.663057,317.315049,-197.2384065,419.8594355,71.716529,-51.40019100000001,339.5752755,272.56506,-48.429114000000006,-63.330691,9.13311600000003
-61.71976066666667,554.7287703333333,317.3432546666667,-197.235628,419.76548349999996,71.93206,-51.421923500000005,339.73327,272.8387645,-48.396557,-63.35260400000004,9.18769500000002
-61.69928733333333,554.791483,317.3713003333333,-197.23542650000002,419.670365,72.146668,-51.4426825,339.88566349999996,273.1068845,-48.366665,-63.37168300000002,9.244086999999979
-61.67901966666667,554.8512596666667,317.3992046666667,-197.2377195,419.573938,72.36052049999999,-51.462114,340.0327575,273.3696695,-48.33982399999999,-63.38760500000001,9.302874999999972
-61.658951,554.9081656666667,317.42698533333333,-197.24242900000002,419.4760685,72.5737865,-51.479901,340.1748435,273.627387,-48.316384,-63.400075000000015,9.364592000000016
-61.63907366666667,554.9622626666668,317.45466000000005,-197.2494785,419.376626,72.78663900000001,-51.4957635,340.3122065,273.88032450000003,-48.296645,-63.40884100000005,9.429715000000044
-61.61937833333334,555.013616,317.48224466666665,-197.25879350000002,419.27549050000005,72.9992515,-51.5094605,340.44512299999997,274.128786,-48.280865000000006,-63.413688000000036,9.498659999999973
-61.59985833333334,555.0622873333333,317.509756,-197.2703035,419.1725475,73.2117955,-51.520794,340.5738605,274.37309,-48.269245999999995,-63.414443000000006,9.57178399999998
-61.580504,555.108339,317.53721033333335,-197.2839425,419.067693,73.424443,-51.5296065,340.6986805,274.613571,-48.261943,-63.41097500000001,9.649378000000013
-61.561306333333334,555.151833,317.5646226666667,-197.299645,418.960832,73.6373615,-51.535782000000005,340.819835,274.8505735,-48.259056,-63.403197999999975,9.731671000000006
-61.54225600000001,555.1928303333333,317.592007,-197.31734999999998,418.851879,73.850715,-51.5392475,340.937567,275.0844515,-48.260637,-63.39106800000002,9.818827000000056
-61.52334366666667,555.2313910000001,317.6193783333334,-197.336999,418.74076049999996,74.0646625,-51.539968,341.0521115,275.31556650000005,-48.266684,-63.37458099999998,9.910949000000016
-61.504557999999996,555.267574,317.64675,-197.358537,418.6274135,74.2793545,-51.5379485,341.16369299999997,275.544283,-48.27714700000001,-63.35377399999999,10.00807599999996
-61.48588966666667,555.301439,317.67413500000004,-197.3819105,418.51178649999997,74.494934,-51.533231,341.27252699999997,275.7709665,-48.291932,-63.32872600000002,10.110192999999981
-61.46732733333334,555.3330433333334,317.701546,-197.40706949999998,418.39383999999995,74.711536,-51.525889,341.37881749999997,275.99597900000003,-48.31090400000001,-63.29954300000003,10.21723000000003
-61.44886066666667,555.3624443333333,317.728994,-197.4339645,418.2735475,74.929283,-51.51603,341.482756,276.219677,-48.33388400000001,-63.26637199999999,10.329060000000027
-61.43047833333335,555.3896973333334,317.7564903333334,-197.4625485,418.150893,75.1482865,-51.503787,341.584524,276.442409,-48.360662,-63.22938599999998,10.445515999999998
-61.41216933333334,555.4148586666666,317.784046,-197.4927755,418.025875,75.3686455,-51.489320000000006,341.6842865,276.664509,-48.390998,-63.188783,10.566385999999966
-61.39392133333333,555.437982,317.811669,-197.52460050000002,417.898504,75.5904425,-51.472808,341.782198,276.886298,-48.424623999999994,-63.14478600000001,10.691417999999999
-61.375723666666666,555.459121,317.8393693333333,-197.557978,417.768803,75.813749,-51.45445,341.878396,277.108077,-48.46125400000001,-63.097631999999976,10.820332000000008
-61.357563999999996,555.478329,317.86715399999997,-197.59286350000002,417.636808,76.0386165,-51.434456999999995,341.973004,277.3301275,-48.500583999999996,-63.04758000000004,10.952816999999982
-61.339431333333344,555.4956566666666,317.8950303333333,-197.6292115,417.502567,76.265082,-51.4130525,342.0661285,277.5527065,-48.542299,-62.99489299999999,11.088538999999969
-61.321313333333336,555.5111563333334,317.923004,-197.666975,417.36614099999997,76.4931645,-51.390467,342.15786149999997,277.7760445,-48.58608000000001,-62.93984700000004,11.227150999999992
-61.30319933333333,555.524877,317.95107966666666,-197.70610549999998,417.2276015,76.7228645,-51.366935,342.24827700000003,278.000345,-48.631604,-62.88271800000001,11.368286000000012
-61.28507666666667,555.5368686666667,317.9792616666666,-197.746554,417.0870345,76.95416449999999,-51.342691,342.3374325,278.225782,-48.67855,-62.82378499999999,11.511572000000001
-61.266935,555.5471796666667,318.0075526666667,-197.788269,416.944536,77.187028,-51.3179705,342.4253705,278.452498,-48.726600999999995,-62.76332500000001,11.656635999999992
-61.24876233333333,555.5558580000001,318.03595399999995,-197.83119549999998,416.80021250000004,77.4213995,-51.293002,342.5121145,278.6806035,-48.775456,-62.70161099999996,11.80309699999998
-61.230549,555.5629506666666,318.06446666666665,-197.8752755,416.654182,77.6572045,-51.2680095,342.597674,278.91017650000003,-48.824821,-62.63890399999997,11.95058499999999
-61.21228333333334,555.568504,318.09308966666663,-197.9204515,416.506574,77.89434800000001,-51.243207500000004,342.682042,279.14126050000004,-48.874421,-62.57546199999996,12.098730999999987
-61.19395566666666,555.5725639999999,318.12182133333334,-197.9666585,416.3575255,78.13271900000001,-51.2188,342.765197,279.37386749999996,-48.92399399999999,-62.511526,12.247177000000022
-61.17555633333334,555.5751763333333,318.1506583333333,-198.01383049999998,416.2071845,78.3721865,-51.194979499999995,342.8471035,279.607975,-48.973304999999996,-62.44732699999997,12.395578
-61.157075999999996,555.576385,318.17959633333334,-198.061899,416.055706,78.612601,-51.1719255,342.92771400000004,279.8435275,-49.022133,-62.38307800000001,12.543602999999962
-61.138505666666674,555.576235,318.20862933333336,-198.11079,415.903255,78.853797,-51.149803999999996,343.006968,280.08043799999996,-49.070285999999996,-62.318984,12.690934000000027
-61.11983733333333,555.5747696666666,318.237751,-198.16042850000002,415.750004,79.09559150000001,-51.128766,343.084796,280.318588,-49.117588000000005,-62.255224,12.837272000000041
-61.10106366666667,555.5720326666666,318.266953,-198.2107345,415.59613,79.33778749999999,-51.1089475,343.16111950000004,280.55782999999997,-49.16389100000001,-62.191971000000024,12.982335999999975
-61.082177,555.5680663333333,318.296226,-198.261626,415.441818,79.580172,-51.090469999999996,343.235853,280.7979875,-49.209068,-62.12937199999999,13.125865000000033
-61.063172,555.5629143333334,318.3255596666667,-198.3130185,415.287259,79.8225185,-51.073437999999996,343.308905,281.0388575,-49.253016,-62.067564000000004,13.267614999999978
-61.04404266666668,555.5566180000001,318.35494133333333,-198.364824,415.13264649999996,80.06459000000001,-51.057943,343.380182,281.2802125,-49.295654,-62.006664,13.407361000000037
-61.024785333333334,555.54922,318.3843586666667,-198.41695249999998,414.97818,80.3061365,-51.04406,343.449587,281.521802,-49.33692,-61.946776,13.544902000000036
-61.00539533333333,555.5407620000001,318.413797,-198.469312,414.8240605,80.5468995,-51.0318495,343.517025,281.7633555,-49.376773,-61.88798600000001,13.680050999999992
-60.985869666666666,555.5312856666667,318.44324266666666,-198.521809,414.67049199999997,80.78661299999999,-51.0213595,343.5824,282.00458349999997,-49.415192999999995,-61.830366000000026,13.812643000000037
-60.966206666666665,555.5208323333333,318.47267833333336,-198.574348,414.517679,81.025002,-51.012623,343.6456235,282.2451805,-49.452174,-61.77397499999995,13.94253100000003
-60.946405,555.5094433333333,318.5020876666667,-198.62683249999998,414.365829,81.26179,-51.00566,343.7066095,282.484829,-49.487725999999995,-61.718857000000014,14.069583999999963
-60.92646433333332,555.4971596666668,318.53145233333333,-198.679166,414.215145,81.49669349999999,-51.000479,343.7652815,282.723199,-49.521874,-61.665047000000015,14.193691999999999
-60.906385666666665,555.484023,318.5607543333333,-198.73125,414.065832,81.729429,-50.99707600000001,343.82157,282.959953,-49.554654000000006,-61.612566000000015,14.314755999999988
-60.88617033333333,555.4700736666667,318.5899736666667,-198.782988,413.918091,81.959712,-50.9954365,343.8754175,283.1947475,-49.586117,-61.56142500000004,14.432694999999967
-60.86582066666667,555.4553523333334,318.61909033333336,-198.8342815,413.7721215,82.18726050000001,-50.995536,343.92677649999996,283.427236,-49.616313999999996,-61.51162900000003,14.547444000000041
-60.845340666666665,555.4399003333333,318.6480843333333,-198.88503500000002,413.62811650000003,82.41179199999999,-50.997338500000005,343.9756135,283.65707150000003,-49.645313,-61.46317099999999,14.658946999999955
-60.824735,555.4237583333334,318.67693433333335,-198.93515050000002,413.486267,82.6330315,-51.000800999999996,344.0219085,283.8839095,-49.673178,-61.41604100000001,14.767164999999977
-60.80400766666666,555.4069663333333,318.70561933333335,-198.9845345,413.3467545,82.8507095,-51.005871,344.065656,284.107409,-49.699985999999996,-61.37021800000002,14.872068000000013
-60.783166,555.3895653333333,318.734117,-199.0330935,413.20975699999997,83.0645615,-51.012487500000006,344.1068675,284.32723699999997,-49.725809000000005,-61.325680999999975,14.973637999999994
-60.76221666666667,555.3715956666666,318.762406,-199.080735,413.075443,83.27433300000001,-51.020583,344.1455665,284.5430705,-49.750724,-61.28240099999999,15.071865000000003
-60.74116766666666,555.353098,318.7904643333333,-199.1273695,412.94397200000003,83.4797805,-51.030083,344.1817965,284.7545965,-49.774806,-61.24034899999998,15.166750999999977
-60.72002666666666,555.3341116666667,318.81827,-199.172909,412.815496,83.680671,-51.040907,344.2156145,284.9615185,-49.79813,-61.19949300000002,15.258303000000012
-60.69880433333333,555.3146773333333,318.845801,-199.2172685,412.6901545,83.87678199999999,-51.0529675,344.2470935,285.163554,-49.820767000000004,-61.159797000000026,15.34653800000001
-60.67750900000001,555.2948336666667,318.873036,-199.26036549999998,412.56807849999996,84.067908,-51.0661725,344.2763225,285.3604405,-49.842785000000006,-61.12122499999998,15.431479000000024
-60.65615233333333,555.2746216666667,318.89995266666665,-199.30212,412.4493855,84.2538555,-51.080426,344.3034045,285.5519325,-49.864248,-61.08374300000003,15.51315500000004
-60.634745333333335,555.2540793333334,318.9265316666667,-199.34245349999998,412.3341825,84.4344485,-51.095626,344.32845499999996,285.7378095,-49.885216,-61.04731399999997,15.59160300000002
-60.61329866666667,555.2332456666667,318.95275066666665,-199.3812945,412.2225625,84.6095255,-51.111667,344.35160499999995,285.917871,-49.905744,-61.01190600000001,15.666862000000037
-60.59182466666667,555.2121593333333,318.97858966666666,-199.418571,412.1146055,84.7789435,-51.128440499999996,344.372994,286.0919425,-49.925879,-60.977480000000014,15.738976999999977
-60.570335,555.1908576666666,319.00402933333334,-199.454216,412.0103795,84.9425765,-51.14583450000001,344.3927725,286.259875,-49.945663,-60.944008999999994,15.807999999999993
-60.548843000000005,555.1693786666666,319.02905133333337,-199.4881675,411.909937,85.100318,-51.163735,344.4110995,286.4215435,-49.965136,-60.91145899999998,15.873985000000005
-60.52736000000001,555.1477586666666,319.0536363333334,-199.520364,411.813318,85.25207900000001,-51.182024,344.428141,286.5768525,-49.984328000000005,-60.87979999999999,15.936990999999978
-60.50589933333333,555.126033,319.077768,-199.5507515,411.720547,85.39779,-51.200584500000005,344.44406749999996,286.7257315,-50.003265000000006,-60.84900499999998,15.997078999999985
-60.484473333333334,555.1042373333333,319.10142966666666,-199.5792775,411.6316345,85.5374015,-51.219297000000005,344.4590525,286.86813800000004,-50.021968,-60.81904900000001,16.054318000000023
-60.46309399999999,555.0824053333332,319.12460566666664,-199.60589449999998,411.54657799999995,85.67088150000001,-51.23804,344.4732715,287.004057,-50.04044999999999,-60.789904999999976,16.10877800000003
-60.44177433333334,555.0605706666666,319.14728133333335,-199.6305605,411.4653605,85.798219,-51.256695,344.48690050000005,287.1335,-50.058724,-60.76155299999999,16.160532000000046
-60.42052633333333,555.0387643333333,319.16944433333333,-199.653237,411.3879505,85.919422,-51.2751405,344.50011,287.256506,-50.07679499999999,-60.73397,16.20965799999999
-60.399361,555.0170186666667,319.19108166666666,-199.6738895,411.314304,86.03451799999999,-51.2932575,344.51307099999997,287.37313900000004,-50.094667,-60.70713600000005,16.256236
-60.37828999999999,554.9953616666667,319.2121833333333,-199.69249050000002,411.244364,86.143551,-51.310929,344.525945,287.48348799999997,-50.112336,-60.68103400000001,16.300352000000032
-60.357325,554.9738229999999,319.232739,-199.70901550000002,411.1780605,86.24658550000001,-51.32804,344.5388895,287.587666,-50.129799999999996,-60.65564499999999,16.342093999999975
-60.33647633333333,554.952429,319.25274099999996,-199.72344650000002,411.115312,86.3437025,-51.344477,344.552051,287.6858085,-50.147054,-60.630953999999974,16.381551
-60.315753333333326,554.931205,319.2721823333333,-199.7357695,411.056025,86.435001,-51.3601305,344.5655675,287.7780725,-50.164086999999995,-60.606944999999996,16.41881699999999
-60.295165999999995,554.910175,319.29105799999996,-199.7459775,411.00009650000004,86.520595,-51.374896,344.5795645,287.864635,-50.180887999999996,-60.58360300000004,16.453988000000038
-60.274722999999994,554.8893613333333,319.3093646666667,-199.75406750000002,410.947412,86.6006155,-51.388672,344.594156,287.9456895,-50.19744800000001,-60.560914000000025,16.487165000000005
-60.25443333333334,554.8687843333333,319.3270993333333,-199.760043,410.89785,86.6752075,-51.4013635,344.6094445,288.02144699999997,-50.213755,-60.53886499999999,16.518445999999983
-60.23430333333334,554.8484626666667,319.344262,-199.7639135,410.851278,86.744529,-51.4128815,344.625517,288.092132,-50.229793,-60.517443999999955,16.547935999999993
-60.214340666666665,554.8284140000001,319.36085299999996,-199.765694,410.80755899999997,86.8087525,-51.423142999999996,344.6424475,288.157982,-50.245551999999996,-60.496636999999964,16.575738
-60.19455233333334,554.8086533333334,319.3768756666667,-199.7654045,410.766547,86.868061,-51.4320715,344.66029549999996,288.2192445,-50.261016999999995,-60.476432999999986,16.60195699999997
-60.17494233333334,554.789193,319.39233333333334,-199.76307150000002,410.7280935,86.922648,-51.439600500000005,344.6791055,288.27617599999996,-50.276177000000004,-60.456818999999996,16.626701999999966
-60.155516666666664,554.7700453333333,319.4072323333333,-199.75872950000002,410.692041,86.97271599999999,-51.4456705,344.69890899999996,288.32903799999997,-50.29101899999999,-60.43778600000002,16.65007799999995
-60.136279333333334,554.7512183333333,319.42158,-199.7524145,410.6582325,87.01847799999999,-51.450231,344.719722,288.378099,-50.305530000000005,-60.41931999999997,16.672191999999995
-60.11723466666666,554.73272,319.435385,-199.7441725,410.626506,87.06015099999999,-51.4532415,344.7415475,288.423627,-50.319700999999995,-60.401410999999996,16.693150000000003
-60.098385,554.7145553333334,319.4486586666667,-199.73405250000002,410.596699,87.097961,-51.4546705,344.764375,288.4658925,-50.333523,-60.38404799999995,16.713056999999992
-60.07973233333333,554.696727,319.4614123333333,-199.722111,410.5686465,87.1321365,-51.4544975,344.788182,288.50516400000004,-50.346985,-60.367219999999975,16.732017999999982
-60.061279333333324,554.679235,319.47366,-199.708409,410.5421855,87.1629105,-51.4527125,344.812933,288.54170799999997,-50.360080999999994,-60.350915999999984,16.750133999999946
-60.04302666666666,554.6620796666666,319.485416,-199.693013,410.517152,87.1905175,-51.449315999999996,344.83858250000003,288.575787,-50.372804,-60.335125000000005,16.767506000000026
-60.02497566666667,554.6452556666667,319.49669766666665,-199.6759955,410.4933865,87.215194,-51.4443195,344.8650745,288.607655,-50.385149,-60.31983500000001,16.78422800000004
-60.00712566666666,554.628758,319.5075216666667,-199.657432,410.4707285,87.2371765,-51.4377455,344.892343,288.637562,-50.397113000000004,-60.305034000000035,16.800395999999978
-59.98947733333333,554.6125783333333,319.517908,-199.637404,410.4490235,87.2566995,-51.4296265,344.920316,288.665747,-50.408694999999994,-60.29070999999999,16.816100000000006
-59.97203,554.596707,319.5278763333333,-199.6159985,410.42812100000003,87.27399750000001,-51.420007999999996,344.94891,288.692442,-50.419894,-60.27684999999997,16.831424000000027
-59.95478166666667,554.5811313333334,319.53744766666665,-199.593305,410.4078735,87.2892985,-51.408942999999994,344.97803899999997,288.7178665,-50.43071,-60.26343800000001,16.846451000000002
-59.93773233333334,554.565837,319.546644,-199.569417,410.388141,87.3028305,-51.396497,345.0076105,288.742229,-50.441148,-60.25046299999997,16.861256000000026
-59.92087866666666,554.5508073333334,319.55548799999997,-199.544431,410.3687885,87.3148125,-51.3827445,345.03752599999996,288.7657285,-50.451211,-60.23790600000001,16.875909000000036
-59.90422033333334,554.5360243333333,319.56400333333335,-199.51844699999998,410.349687,87.3254615,-51.367768999999996,345.06768550000004,288.78854950000004,-50.460904,-60.225751,16.890476999999976
-59.887753999999994,554.5214669999999,319.57221499999997,-199.491569,410.330715,87.334985,-51.351662000000005,345.097986,288.8108645,-50.470238,-60.21397999999999,16.90501899999998
-59.87147733333333,554.507114,319.580147,-199.4639005,410.311759,87.34358399999999,-51.334524,345.1283205,288.8328345,-50.47922,-60.20257299999997,16.91958699999998
-59.855389,554.49294,319.587825,-199.43554699999999,410.292711,87.35145299999999,-51.316461499999996,345.1585845,288.854606,-50.487860999999995,-60.191508999999996,16.93422800000002
-59.839485333333336,554.4789206666666,319.59527399999996,-199.40661799999998,410.27347399999996,87.35877550000001,-51.2975875,345.18867,288.876314,-50.49617500000001,-60.180768,16.948982
-59.823764000000004,554.4650276666667,319.602519,-199.37722100000002,410.253956,87.36572799999999,-51.278020999999995,345.218471,288.898079,-50.504176,-60.170323999999994,16.963882000000012
-59.808222666666666,554.4512323333333,319.60958666666664,-199.347465,410.234076,87.3724775,-51.257883500000005,345.2478815,288.9200105,-50.511877000000005,-60.16015500000003,16.978954999999985
-59.792858333333335,554.4375046666668,319.6165006666667,-199.3174575,410.213759,87.379178,-51.237301,345.27679850000004,288.9422045,-50.519298,-60.150233000000014,16.99422100000004
-59.77766833333334,554.4238126666667,319.62328799999995,-199.2873075,410.192941,87.3859765,-51.216401000000005,345.305119,288.9647455,-50.526456,-60.140534,17.009690999999975
-59.76265033333334,554.4101233333332,319.629972,-199.25712049999998,410.1715635,87.393009,-51.1953115,345.332744,288.98770549999995,-50.533369,-60.13103000000001,17.025374999999997
-59.747802,554.3964030000001,319.6365773333334,-199.2270025,410.149579,87.400399,-51.174162,345.359577,289.01114399999994,-50.540058,-60.12169200000005,17.041269999999997
-59.733121000000004,554.382616,319.6431273333333,-199.1970555,410.12694799999997,87.4082595,-51.1530785,345.38552400000003,289.03511149999997,-50.546543,-60.11249400000003,17.05737300000004
-59.71860566666666,554.3687273333334,319.6496446666667,-199.16738049999998,410.103638,87.416694,-51.1321875,345.4104955,289.059644,-50.55284699999999,-60.103407000000004,17.073669999999993
-59.70425433333333,554.3546986666666,319.6561513333333,-199.1380745,410.0796255,87.425792,-51.1116095,345.43440499999997,289.0847695,-50.55899099999999,-60.094402,17.090147
-59.69006433333334,554.3404933333333,319.66266766666666,-199.10923250000002,410.0548955,87.4356335,-51.091463,345.45717149999996,289.11050350000005,-50.564995999999994,-60.08545299999997,17.106781000000012
-59.676036,554.326072,319.669214,-199.0809445,410.02944,87.446286,-51.071858500000005,345.4787165,289.13685150000003,-50.570885000000004,-60.07653299999998,17.12354899999997
-59.66216766666667,554.3113960000001,319.6758076666667,-199.053296,410.0032585,87.4578065,-51.052903,345.4989665,289.163809,-50.57668000000001,-60.06761700000004,17.14041800000001
-59.64845866666667,554.2964256666668,319.68246633333337,-199.02637,409.9763595,87.4702395,-51.0346955,345.517853,289.19136100000003,-50.582403,-60.05867999999998,17.157357999999988
-59.63490866666666,554.2811213333334,319.6892050000001,-199.0002435,409.948757,87.4836185,-51.017326499999996,345.535311,289.2194825,-50.588073,-60.04970199999997,17.17433299999999
-59.621518333333334,554.265441,319.69603766666665,-198.9749885,409.920472,87.497966,-51.0008795,345.5512815,289.24813700000004,-50.593711,-60.040661,17.191304000000002
-59.608287999999995,554.2493446666667,319.7029763333333,-198.950674,409.891534,87.513292,-50.9854275,345.5657095,289.27727949999996,-50.599334999999996,-60.031543,17.208233000000007
-59.59521866666666,554.2327916666667,319.7100306666666,-198.92736000000002,409.86197649999997,87.5295965,-50.971035,345.5785445,289.3068555,-50.604962,-60.02233100000001,17.225077
-59.582312333333334,554.2157396666667,319.71720966666663,-198.9051045,409.8318415,87.54686749999999,-50.9577575,345.589739,289.3367985,-50.610606999999995,-60.01301599999999,17.241795000000025
-59.569569333333334,554.1981476666666,319.72451900000004,-198.8839585,409.801175,87.565083,-50.945639,345.59925250000003,289.367033,-50.616282000000005,-60.00359099999997,17.25834199999997
-59.556993999999996,554.179974,319.7319626666667,-198.863967,409.77002949999996,87.58420799999999,-50.9347135,345.6070465,289.3974725,-50.62200100000001,-59.99405300000001,17.274675000000002
-59.544588,554.1611773333333,319.73954299999997,-198.84517,409.738464,87.6041985,-50.925006499999995,345.6130865,289.4280215,-50.627768999999994,-59.984402999999986,17.290749000000005
-59.53235566666666,554.1417156666668,319.7472593333333,-198.8276025,409.706541,87.624999,-50.91653,345.617341,289.4585735,-50.63359200000001,-59.974648,17.306516999999985
-59.5203,554.1215483333334,319.7551086666667,-198.811292,409.6743295,87.6465435,-50.909288499999995,345.619782,289.489012,-50.639472999999995,-59.96479799999997,17.321932000000004
-59.50842600000001,554.100634,319.76308666666665,-198.7962625,409.641902,87.6687555,-50.90327500000001,345.6203825,289.51921,-50.645410000000005,-59.954871000000026,17.33695
-59.49673833333333,554.0789313333333,319.77118466666667,-198.7825315,409.609336,87.691548,-50.898475000000005,345.6191175,289.549031,-50.651398,-59.944886999999994,17.351518
-59.485242666666664,554.0564003333334,319.779392,-198.77011099999999,409.5767145,87.7148235,-50.8948625,345.61596399999996,289.5783285,-50.65742900000001,-59.93487399999998,17.365587000000005
-59.47394533333334,554.0330003333333,319.78769800000003,-198.7590075,409.54412249999996,87.738474,-50.892404,345.610897,289.606946,-50.663489999999996,-59.924864000000014,17.37910599999998
-59.46285233333333,554.008692,319.79608566666667,-198.749224,409.5116525,87.762384,-50.8910575,345.60389250000003,289.634717,-50.669565000000006,-59.91489700000005,17.392018000000007
-59.45197099999999,553.9834353333333,319.80453766666665,-198.740757,409.4793975,87.78642500000001,-50.890773499999995,345.594926,289.661468,-50.675633,-59.90501599999999,17.404266000000007
-59.44130899999999,553.9571926666666,319.8130333333333,-198.73359950000003,409.447456,87.8104605,-50.891496000000004,345.58396749999997,289.68701250000004,-50.68167,-59.89527100000004,17.415786999999966
-59.43087466666666,553.9299253333334,319.82155033333333,-198.72773899999999,409.415931,87.83434299999999,-50.8931625,345.570986,289.71116,-50.687647,-59.885718,17.426515999999992
-59.420677000000005,553.9015953333334,319.8300623333334,-198.7231605,409.384929,87.85791850000001,-50.895706,345.5559465,289.73370850000003,-50.693529999999996,-59.876419,17.43638100000004
-59.41072499999999,553.8721666666667,319.83854133333335,-198.7198425,409.354558,87.88102,-50.899055,345.538808,289.75445,-50.699282,-59.86743999999999,17.445306000000016
-59.40102866666666,553.8416036666666,319.84695733333336,-198.7177625,409.32493250000005,87.9034745,-50.9031345,345.51952500000004,289.773169,-50.704865,-59.85885400000001,17.453208000000018
-59.39159866666666,553.8098709999999,319.85527766666667,-198.716893,409.2961695,87.9250985,-50.9078665,345.498044,289.78964299999996,-50.71023099999999,-59.85073399999999,17.459997999999985
-59.382445,553.776934,319.8634663333333,-198.71720449999998,409.2683905,87.94569949999999,-50.9131725,345.474305,289.80364399999996,-50.71533500000001,-59.843166,17.465577999999994
-59.373580000000004,553.7427606666666,319.87148633333334,-198.7186645,409.2417185,87.965079,-50.918974,345.4482395,289.814939,-50.72012199999999,-59.836231,17.469846000000018
-59.36501499999999,553.7073183333333,319.87929833333334,-198.7212375,409.21628150000004,87.9830265,-50.925192,345.419771,289.8232885,-50.724542,-59.830017999999995,17.472689000000003
-59.356763,553.6705756666667,319.8868606666667,-198.72488700000002,409.192213,87.9993265,-50.9317505,345.38881200000003,289.82844950000003,-50.728539,-59.82462000000004,17.473989000000017
-59.348836666666664,553.6325033333334,319.89412999999996,-198.72957350000001,409.169647,88.013755,-50.938575,345.35526649999997,289.830176,-50.732054000000005,-59.82012900000001,17.473617999999988
-59.341249,553.5930726666667,319.90106066666664,-198.7352575,409.14872249999996,88.02608000000001,-50.94559700000001,345.3190285,289.828217,-50.73502800000001,-59.81663900000001,17.47144000000003
-59.334014333333336,553.5522563333334,319.9076056666667,-198.7418985,409.129583,88.036062,-50.952749999999995,345.279981,289.82232,-50.737401999999996,-59.81424599999997,17.467311999999993
-59.327147000000004,553.5100283333333,319.91371733333335,-198.7494545,409.112374,88.043455,-50.9599755,345.237995,289.812229,-50.73911699999999,-59.813045999999986,17.461086000000023
-59.320661333333334,553.466364,319.9193456666667,-198.7578835,409.09724600000004,88.0480075,-50.96722,345.192933,289.797687,-50.740114000000005,-59.813131999999996,17.452601999999956
-59.31457233333333,553.42124,319.9244386666667,-198.76714399999997,409.084353,88.0494605,-50.9744395,345.1446445,289.7784325,-50.740339000000006,-59.81459699999999,17.44169899999997
-59.308896000000004,553.3746346666667,319.92894466666667,-198.7771955,409.073852,88.04755,-50.9815975,345.09296800000004,289.75420499999996,-50.739737000000005,-59.81752799999998,17.42820999999998
-59.303648,553.3265276666667,319.9328106666666,-198.78799700000002,409.06590400000005,88.042007,-50.988666499999994,345.0377315,289.7247405,-50.738257,-59.822010999999975,17.411963000000014
-59.29884466666667,553.2768996666666,319.9359826666667,-198.799511,409.060674,88.0325565,-50.9956285,344.97875,289.689774,-50.735856999999996,-59.828124,17.39278200000001
-59.294502,553.2257343333333,319.9384053333333,-198.81169949999997,409.058329,88.01892050000001,-51.0024755,344.91583,289.6490385,-50.732495,-59.835939999999994,17.370491000000015
-59.29063666666667,553.1730156666666,319.9400236666666,-198.82452849999999,409.059041,88.00081700000001,-51.009212000000005,344.84876299999996,289.6022635,-50.72814,-59.84552200000002,17.34491300000002
-59.28726600000001,553.1187296666667,319.94078233333335,-198.837965,409.0629835,87.977961,-51.015851,344.777332,289.549177,-50.72277,-59.856926000000044,17.315870000000018
-59.284406999999995,553.062864,319.94062533333334,-198.85198,409.070335,87.9500645,-51.022417499999996,344.701306,289.4895045,-50.716369,-59.87019399999997,17.283192999999983
-59.282076999999994,553.005408,319.939497,-198.866546,409.081275,87.9168395,-51.028949499999996,344.620443,289.4229675,-50.708933,-59.885358,17.246708999999953
-59.28029366666666,552.9463529999999,319.93734166666667,-198.8816415,409.095987,87.8779945,-51.0354935,344.53448849999995,289.349283,-50.70047099999999,-59.902439000000015,17.206255999999996
-59.279074,552.885692,319.93410366666666,-198.8972475,409.11465699999997,87.83324,-51.042108500000005,344.443174,289.26816499999995,-50.691005000000004,-59.92143599999997,17.161676
-59.278435333333334,552.8234193333333,319.9297283333333,-198.91334799999998,409.137473,87.7822865,-51.048864,344.346219,289.1793215,-50.68057,-59.94233800000001,17.112824999999987
-59.27839633333334,552.7595313333333,319.9241613333333,-198.929933,409.1646245,87.724846,-51.055839999999996,344.24332849999996,289.082454,-50.669214,-59.96511300000003,17.059564000000023
-59.27897333333333,552.694027,319.917349,-198.946998,409.1963035,87.66063199999999,-51.063125,344.134192,288.9772595,-50.65700799999999,-59.989712,17.001766999999973
-59.280184,552.6269056666666,319.909238,-198.96454,409.232703,87.58936349999999,-51.0708195,344.0184835,288.86342649999995,-50.644035,-60.01606300000003,16.939323
-59.282045000000004,552.5581699999999,319.8997776666667,-198.9825635,409.27401799999996,87.5107625,-51.079029500000004,343.89586099999997,288.7406365,-50.630395,-60.04407599999996,16.872132999999963
-59.284574,552.4878236666667,319.888917,-199.001078,409.3204425,87.424556,-51.0878715,343.765963,288.608563,-50.61621100000001,-60.07363799999996,16.800114000000008
-59.287787333333334,552.415873,319.8766063333333,-199.02009750000002,409.37217350000003,87.330479,-51.0974665,343.62841149999997,288.4668715,-50.601623000000004,-60.10461300000003,16.72320099999996
-59.29170066666668,552.3423256666666,319.86279866666666,-199.0396405,409.42940550000003,87.228272,-51.1079435,343.482806,288.315218,-50.58679099999999,-60.136842,16.64134200000001
-59.29633033333332,552.2671919999999,319.847448,-199.0597315,409.492334,87.11768599999999,-51.1194365,343.3287275,288.15324999999996,-50.57189100000001,-60.170142999999996,16.55450400000001
-59.30169166666667,552.1904833333333,319.8305093333333,-199.0804005,409.561153,86.9984805,-51.1320825,343.16573400000004,287.980607,-50.557125,-60.204312000000016,16.462668000000008
-59.307799666666675,552.1122143333333,319.8119403333333,-199.10168149999998,409.6360555,86.870427,-51.146024499999996,342.9933615,287.7969195,-50.542707,-60.23911899999996,16.365834999999947
-59.314668000000005,552.0324013333333,319.7917,-199.1236135,409.71723299999996,86.7333065,-51.1614055,342.8111205,287.60181,-50.528875,-60.274315,16.264021999999954
-59.32231099999999,551.951062,319.76975,-199.1462395,409.804873,86.5869155,-51.178373,342.618499,287.39489249999997,-50.51588199999999,-60.30962599999998,16.15725900000001
-59.33074066666666,551.8682166666666,319.746054,-199.16960799999998,409.8991625,86.431063,-51.197074,342.4149615,287.1757745,-50.503996,-60.344763,16.045591
-59.33996966666666,551.7838883333334,319.720578,-199.19377150000003,410.0002835,86.265574,-51.217657,342.1999455,286.9440595,-50.493504,-60.379413,15.929077000000007
-59.35000933333333,551.6981013333334,319.69328966666666,-199.218784,410.10841400000004,86.09028799999999,-51.2402705,341.97286599999995,286.6993455,-50.48469899999999,-60.413250000000005,15.807786999999962
-59.36087033333333,551.6108826666667,319.66416,-199.2447055,410.22372800000005,85.905062,-51.265063,341.7331125,286.441227,-50.47789399999999,-60.44593299999997,15.681798000000015
-59.372561999999995,551.5222606666667,319.6331623333333,-199.2715965,410.34639400000003,85.709772,-51.2921825,341.4800525,286.16929700000003,-50.473403000000005,-60.477107000000046,15.551198000000056
-59.385093000000005,551.432267,319.6002726666666,-199.29952200000002,410.476574,85.504311,-51.3217765,341.213031,285.883152,-50.471551000000005,-60.506411999999955,15.41607799999997
-59.39847133333333,551.3409346666667,319.5654696666666,-199.32854700000001,410.6144235,85.288592,-51.353992,340.93137249999995,285.5823885,-50.472663999999995,-60.533477000000005,15.276531000000034
-59.41270333333333,551.2482983333333,319.5287343333333,-199.358739,410.76009250000004,85.0625485,-51.388976,340.6343825,285.2666095,-50.47707,-60.55793299999999,15.132649000000015
-59.42779433333334,551.1543966666667,319.4900513333333,-199.390167,410.91372049999995,84.826134,-51.4268765,340.32135100000005,284.9354255,-50.48509299999999,-60.579409999999996,14.984524999999962
-59.443749333333336,551.0592676666666,319.44940866666667,-199.4228975,411.07544,84.57932199999999,-51.467841500000006,339.991553,284.58845699999995,-50.497051000000006,-60.597541999999976,14.832242000000008
-59.46057199999999,550.9629536666667,319.4067953333333,-199.457,411.2453735,84.32211000000001,-51.5120205,339.6442535,284.2253365,-50.513255,-60.61197099999998,14.675874999999962
-59.47826366666667,550.865498,319.362206,-199.492541,411.42363350000005,84.05451500000001,-51.559565500000005,339.278709,283.8457125,-50.533999,-60.62235199999998,14.515489000000002
-59.496826666666664,550.7669453333333,319.315637,-199.5295875,411.610323,83.7765765,-51.610631,338.894174,283.449251,-50.559563999999995,-60.628356,14.351135999999997
-59.516260666666675,550.667343,319.267087,-199.56820249999998,411.805531,83.48835600000001,-51.6653765,338.4898995,283.035638,-50.590211,-60.62967099999997,14.182848000000035
-59.536564,550.5667393333333,319.21656033333335,-199.6084485,412.009337,83.1899375,-51.723966,338.06514200000004,282.6045805,-50.626176,-60.626012,14.010640999999964
-59.55773466666667,550.465185,319.164063,-199.65038249999998,412.221807,82.88142500000001,-51.7865695,337.6191655,282.15581199999997,-50.66767300000001,-60.61711500000001,13.834509999999966
-59.57976933333333,550.3627313333333,319.1096033333334,-199.6940615,412.4429925,82.562945,-51.853365000000004,337.151245,281.68909099999996,-50.714882,-60.60274800000002,13.654426
-59.60266366666667,550.2594306666667,319.053195,-199.73953649999999,412.672933,82.2346445,-51.9245375,336.66067150000003,281.2042035,-50.767956999999996,-60.58271099999996,13.470336999999972
-59.626411,550.155339,318.99485266666665,-199.7868525,412.9116525,81.8966915,-52.0002805,336.146757,280.7009655,-50.827013,-60.55683400000004,13.282164999999964
-59.65100566666666,550.0505103333334,318.934596,-199.8360525,413.159159,81.5492715,-52.0807985,335.6088365,280.179222,-50.892134999999996,-60.52498700000001,13.08981
-59.67643833333333,549.9450006666667,318.8724466666667,-199.88717300000002,413.4154475,81.19259249999999,-52.166304,335.0462725,279.638848,-50.963368,-60.487071000000014,12.893142000000012
-59.70270100000001,549.8388679999999,318.80843000000004,-199.940244,413.68049599999995,80.826877,-52.2570225,334.4584605,279.0797485,-51.040721000000005,-60.443029000000024,12.692008999999985
-59.729783,549.7321686666667,318.742574,-199.995291,413.95426499999996,80.452367,-52.353188,333.8448295,278.50186099999996,-51.124166,-60.39283899999998,12.486234000000024
-59.75767266666666,549.6249613333333,318.6749096666667,-200.052332,414.2367005,80.06931900000001,-52.4550465,333.20484799999997,277.905148,-51.213633,-60.33651400000002,12.275616000000014
-59.78635833333334,549.5173036666666,318.60547066666663,-200.111379,414.52773,79.6780055,-52.5628535,332.538023,277.289602,-51.309021,-60.274103999999966,12.059935999999993
-59.81582633333333,549.4092533333334,318.53429366666666,-200.172438,414.827265,79.27871300000001,-52.6768745,331.843908,276.6552415,-51.410189,-60.205692,11.838954999999999
-59.84606266666666,549.300869,318.461418,-200.235506,415.1352,78.87173899999999,-52.797382999999996,331.1221,276.002109,-51.516964,-60.131394,11.612415999999996
-59.87705166666667,549.1922086666666,318.38688500000006,-200.30057399999998,415.451412,78.457394,-52.9246625,330.372244,275.330267,-51.629143,-60.05135200000001,11.380053999999973
-59.90877766666667,549.0833286666666,318.3107396666667,-200.3676265,415.77576050000005,78.03599750000001,-53.0590005,329.594032,274.6397975,-51.746491000000006,-59.965734,11.141591000000005
-59.94122333333333,548.9742853333333,318.2330266666667,-200.43664,416.1080895,77.6078795,-53.2006905,328.7872075,273.9307985,-51.868747,-59.87473299999999,10.89674500000001
-59.97437166666666,548.8651346666667,318.15379533333333,-200.5075835,416.448225,77.173374,-53.350029000000006,327.9515635,273.20337900000004,-51.995634,-59.778557000000035,10.645234000000016
-60.00820366666667,548.7559303333333,318.07309633333335,-200.580419,416.795976,76.73282449999999,-53.5073135,327.08694349999996,272.4576585,-52.12684900000001,-59.67742700000002,10.386776999999995
-60.042699666666664,548.6467246666667,317.99098066666664,-200.655102,417.1511365,76.28657799999999,-53.672839499999995,326.193241,271.6937595,-52.262079,-59.571578000000045,10.121098999999958
-60.07784066666667,548.5375706666667,317.9075023333333,-200.7315805,417.5134835,75.834984,-53.846900999999995,325.270401,270.9118075,-52.400998,-59.46124599999996,9.847938999999997
-60.113606000000004,548.4285173333334,317.822717,-200.809794,417.882779,75.378396,-54.0297845,324.3184165,270.1119255,-52.543277,-59.346671000000015,9.567047000000002
-60.14997400000001,548.3196126666667,317.73668066666664,-200.889678,418.25877,74.917168,-54.221768499999996,323.337332,269.29423099999997,-52.688581,-59.22808799999996,9.278198000000032
-60.18692433333333,548.2109023333334,317.6494513333334,-200.9711585,418.64119,74.451654,-54.423120999999995,322.3272395,268.45883200000003,-52.83658,-59.105727,8.981182000000047
-60.22443366666666,548.10243,317.56108666666665,-201.0541575,419.0297565,73.98220599999999,-54.6340975,321.28827750000005,267.60582550000004,-52.986947,-58.979805,8.67582299999998
-60.262480000000004,547.9942366666666,317.471647,-201.13859000000002,419.424175,73.509176,-54.8549355,320.22063149999997,266.73529399999995,-53.13936700000001,-58.850527,8.36196799999999
-60.301041,547.8863620000001,317.381192,-201.224365,419.824139,73.0329105,-55.085857000000004,319.1245335,265.8473005,-53.293534,-58.718076999999994,8.039496999999983
-60.340093,547.7788416666667,317.289782,-201.311386,420.22933049999995,72.5537545,-55.3270605,318.0002585,264.9418895,-53.449161000000004,-58.58262499999995,7.708326999999997
-60.37961333333334,547.6717090000001,317.1974783333333,-201.399551,420.639419,72.072047,-55.57872449999999,316.84812450000004,264.01908449999996,-53.605974999999994,-58.44431300000002,7.368406999999991
-60.41957766666667,547.5649950000001,317.10434100000003,-201.488755,421.0540655,71.5881225,-55.841001500000004,315.668494,263.078886,-53.763725,-58.30326400000001,7.0197239999999965
-60.459961666666665,547.4587266666666,317.010432,-201.5788865,421.47292100000004,71.1023085,-56.1140155,314.4617665,262.12126950000004,-53.92218100000001,-58.15957300000002,6.662306999999998
-60.500743,547.3529293333332,316.915812,-201.6698305,421.895627,70.6149275,-56.397866,313.2283855,261.146187,-54.081134000000006,-58.013311000000044,6.296213999999964
-60.541896666666666,547.2476236666666,316.820541,-201.76147,422.32182,70.1262945,-56.692618499999995,311.96883,260.153566,-54.240399,-57.86452400000002,5.921550000000025
-60.58339833333334,547.142828,316.72467966666665,-201.8536825,422.751127,69.6367165,-56.9983085,310.68362049999996,259.143308,-54.39981300000001,-57.71323100000001,5.538452000000007
-60.62522366666667,547.0385566666666,316.62828733333333,-201.946345,423.18317,69.146495,-57.3149395,309.3733105,258.115293,-54.559239000000005,-57.55942700000003,5.147094000000038
-60.667349333333334,546.9348216666667,316.5314223333333,-202.039331,423.617566,68.655922,-57.6424805,308.038493,257.0693755,-54.718554999999995,-57.40308399999998,4.74768499999999
-60.709751000000004,546.8316306666667,316.4341426666667,-202.132512,424.0539275,68.165283,-57.980866000000006,306.6797945,256.0053925,-54.87766800000001,-57.24415099999999,4.340467000000018
-60.752404000000006,546.7289883333333,316.3365053333333,-202.22575949999998,424.49186299999997,67.6748545,-58.3299945,305.297875,254.9231575,-55.03649899999999,-57.08256,3.9257109999999784
-60.795285,546.626895,316.238566,-202.318943,424.930978,67.184906,-58.689731,303.893428,253.8224705,-55.19498800000001,-56.91821999999996,3.5037169999999946
-60.83836933333333,546.525349,316.14037833333333,-202.41193149999998,425.3708765,66.695698,-59.059904,302.4671805,252.7031125,-55.353092000000004,-56.75102900000002,3.074809000000016
-60.881633666666666,546.4243443333334,316.0419953333333,-202.504595,425.81116,66.20748449999999,-59.440304499999996,301.019888,251.56485450000002,-55.510781,-56.580872,2.6393329999999935
-60.92505433333333,546.3238709999999,315.943468,-202.5968025,426.25143,65.7205105,-59.8306915,299.5523375,250.4074575,-55.668035,-56.40761900000001,2.1976549999999975
-60.968607666666664,546.2239166666667,315.84484633333335,-202.6884255,426.69128650000005,65.235013,-60.230785499999996,298.0653435,249.23067650000002,-55.824847,-56.23113699999999,1.7501549999999781
-61.01227033333333,546.1244646666668,315.7461783333334,-202.7793355,427.13033099999996,64.751223,-60.640275,296.559748,248.0342615,-55.981210000000004,-56.051289999999995,1.2972249999999974
-61.056019666666664,546.0254963333333,315.6475086666667,-202.869405,427.5681645,64.269362,-61.0588135,295.03641849999997,246.8179635,-56.137128999999995,-55.867935000000045,0.8392670000000066
-61.09983233333333,545.9269883333333,315.548882,-202.9585105,428.00439,63.789645500000006,-61.486022500000004,293.496247,245.5815365,-56.292607000000004,-55.68093399999998,0.37668899999999894
-61.14368666666667,545.8289143333333,315.45033966666665,-203.04652850000002,428.4386115,63.312281,-61.9214915,291.94014649999997,244.32474100000002,-56.447646999999996,-55.49015300000002,-0.09009999999997831
-61.18755933333333,545.7312453333333,315.35192133333334,-203.1333385,428.870436,62.837470499999995,-62.364781,290.369053,243.0473465,-56.60225200000001,-55.29546400000004,-0.5606910000000198
-61.23142833333333,545.6339493333334,315.253664,-203.21882399999998,429.2994715,62.365405,-62.815422,288.78391999999997,241.74913650000002,-56.756418,-55.09674799999999,-1.0346790000000112
-61.27527333333333,545.5369916666667,315.1556023333333,-203.30287099999998,429.72533,61.8962725,-63.2729195,287.185717,240.4299125,-56.910141,-54.89390000000003,-1.5116629999999986
-61.31907133333333,545.440334,315.05776866666673,-203.3853685,430.1476265,61.4302525,-63.7367535,285.575431,239.0894915,-57.063405,-54.686825999999996,-1.9912510000000054
-61.36280299999999,545.3439363333333,314.96019333333334,-203.466209,430.5659795,60.9675175,-64.20638149999999,283.95405949999997,237.72771799999998,-57.216189,-54.475450999999964,-2.4730619999999988
-61.40644633333333,545.247756,314.8629036666667,-203.54529000000002,430.98001,60.508233,-64.68124,282.322612,236.3444585,-57.368463999999996,-54.259716,-2.9567270000000008
-61.44998233333333,545.151747,314.7659243333333,-203.622512,431.3893455,60.052557500000006,-65.1607485,280.68210600000003,234.9396095,-57.520193,-54.03958400000002,-3.4418890000000033
-61.49339066666666,545.0558629999999,314.6692776666667,-203.697779,431.793616,59.600643500000004,-65.6443095,279.0335665,233.5130995,-57.671325,-53.815034999999995,-3.9282049999999913
-61.53665266666667,544.9600536666667,314.5729833333333,-203.771002,432.192458,59.152634500000005,-66.131315,277.3780225,232.0648875,-57.821806,-53.58607300000003,-4.415348999999992
-61.57975,544.8642676666667,314.47705933333333,-203.8420945,432.585513,58.7086685,-66.6211455,275.716506,230.59497,-57.97156699999999,-53.35272600000002,-4.903009999999995
-61.62266433333334,544.7684526666667,314.381519,-203.910975,432.972427,58.268876000000006,-67.1131735,274.0500485,229.10338050000001,-58.120535,-53.11504100000002,-5.390888999999987
-61.665378,544.6725546666668,314.28637566666663,-203.97756900000002,433.35285350000004,57.8333795,-67.606769,272.37967949999995,227.5901915,-58.26862800000001,-52.87309299999998,-5.87870700000002
-61.707875,544.576517,314.1916383333334,-204.0418045,433.726453,57.402294,-68.1012995,270.706428,226.0555165,-58.415752999999995,-52.62697600000001,-6.366195000000005
-61.75013866666666,544.4802836666667,314.097314,-204.1036165,434.092891,56.975728000000004,-68.596134,269.031314,224.4995085,-58.561816,-52.376810000000006,-6.853101000000009
-61.79215466666667,544.3837973333333,314.003408,-204.16294649999998,434.4518435,56.55378,-69.0906465,267.3553525,222.9223665,-58.706717000000005,-52.12273300000001,-7.339185000000015
-61.83390766666667,544.2869993333334,313.90992266666666,-204.2197405,434.802993,56.136542500000004,-69.5842185,265.6795485,221.32432999999997,-58.850347000000006,-51.86490700000002,-7.824218000000002
-61.87538466666666,544.1898313333332,313.81685799999997,-204.27394950000001,435.1460315,55.724098500000004,-70.0762405,264.004898,219.705684,-58.992602999999995,-51.60350999999997,-8.307977999999991
-61.916571999999995,544.0922343333333,313.72421233333336,-204.3255335,435.48066,55.316523000000004,-70.56611649999999,262.332384,218.066757,-59.133371,-51.33874399999999,-8.790256
-61.95745899999999,543.9941496666667,313.631981,-204.374456,435.80659049999997,54.9138835,-71.05326600000001,260.6629755,216.407921,-59.272543999999996,-51.070821000000024,-9.270848
-61.998033666666664,543.8955183333334,313.5401586666666,-204.42068899999998,436.1235465,54.516238,-71.537126,258.99762899999996,214.7295915,-59.410014,-50.79996999999997,-9.749552999999992
-62.03828633333334,543.7962819999999,313.44873666666666,-204.46420949999998,436.4312605,54.1236365,-72.0171535,257.3372825,213.032228,-59.545675,-50.52643500000002,-10.22617600000001
-62.07820866666666,543.696384,313.3577066666667,-204.5050025,436.72947999999997,53.7361195,-72.4928275,255.682857,211.3163315,-59.679424999999995,-50.250463999999994,-10.700524999999999
-62.117792333333334,543.5957659999999,313.267056,-204.5430585,437.017966,53.353719999999996,-72.9636505,254.0352565,209.5824435,-59.81116900000001,-49.972319,-11.172403000000003
-62.157029333333334,543.4943733333333,313.17677333333336,-204.5783755,437.2964915,52.9764615,-73.42915049999999,252.39536399999997,207.831148,-59.940815,-49.692262,-11.641615999999999
-62.19591499999999,543.3921503333333,313.08684366666665,-204.61095799999998,437.5648455,52.6043595,-73.88888299999999,250.7640415,206.0630645,-60.06828,-49.41056099999997,-12.107967000000002
-62.234443666666664,543.2890443333333,312.99725200000006,-204.64081750000003,437.8228315,52.237422,-74.34243000000001,249.1421295,204.2788515,-60.193490000000004,-49.12748300000001,-12.571255000000008
-62.272612,543.185004,312.90798266666667,-204.66797200000002,438.0702715,51.875647,-74.789402,247.53044649999998,202.479202,-60.316376000000005,-48.84329699999998,-13.031272000000001
-62.310417,543.0799786666666,312.8190176666667,-204.692446,438.307002,51.5190265,-75.22944,245.92978549999998,200.66484200000002,-60.436882,-48.55826099999999,-13.487809999999996
-62.347856666666665,542.9739216666667,312.730339,-204.714271,438.53287950000004,51.167543,-75.66221250000001,244.340916,198.8365275,-60.554961000000006,-48.272632000000016,-13.94064899999998
-62.38493066666666,542.8667866666666,312.6419286666667,-204.733484,438.7477765,50.821173,-76.0874195,242.7645805,196.995044,-60.670577,-47.98665699999998,-14.389569999999992
-62.42163966666667,542.7585303333334,312.55376666666666,-204.75012900000002,438.951588,50.479884999999996,-76.50478799999999,241.20149650000002,195.141202,-60.78370199999999,-47.70057299999999,-14.834343999999987
-62.457984,542.6491120000001,312.4658343333333,-204.7642545,439.1442265,50.143642,-76.914076,239.652352,193.275835,-60.89432000000001,-47.41460799999996,-15.274738000000013
-62.493966,542.538494,312.37811200000004,-204.775915,439.3256255,49.8123995,-77.315069,238.11780750000003,191.399798,-61.002428,-47.12897100000001,-15.71051399999999
-62.52958966666667,542.4266406666667,312.29057866666665,-204.785172,439.49573999999996,49.486108,-77.70757950000001,236.598493,189.513961,-61.108029,-46.843863999999996,-16.14143200000001
-62.564857999999994,542.31352,312.20321599999994,-204.79208849999998,439.654546,49.1647125,-78.0914495,235.095011,187.6192115,-61.211138999999996,-46.559470000000005,-16.56724700000001
-62.59977633333333,542.199103,312.11600433333336,-204.7967345,439.80204100000003,48.8481535,-78.466544,233.60793,185.71644500000002,-61.311783999999996,-46.27595999999997,-16.987718
-62.63434966666667,542.0833643333334,312.028924,-204.7991835,439.9382455,48.536366,-78.8327545,232.1377885,183.8065665,-61.409997,-45.99348500000002,-17.40259900000001
-62.66858533333334,541.966281,311.94195666666667,-204.7995105,440.0632015,48.229283,-79.18999649999999,230.6850925,181.8904875,-61.505818999999995,-45.712187,-17.811651000000012
-62.70248899999999,541.8478343333333,311.855084,-204.797797,440.176974,47.9268315,-79.538208,229.250315,179.96911849999998,-61.599301999999994,-45.43218400000001,-18.214639000000005
-62.736068666666675,541.7280096666667,311.7682886666667,-204.794124,440.2796505,47.6289375,-79.8773485,227.833896,178.0433715,-61.690501000000005,-45.15359000000001,-18.611333000000002
-62.76933333333333,541.6067953333334,311.681554,-204.78857549999998,440.37134149999997,47.335525000000004,-80.20739999999999,226.4362415,176.114153,-61.77948,-44.876495000000006,-19.001514000000014
-62.80229,541.484184,311.594864,-204.7812395,440.452178,47.046513000000004,-80.528362,225.0577235,174.1823625,-61.86630399999999,-44.60098099999999,-19.384973000000002
-62.83494833333334,541.3601716666667,311.508204,-204.772201,440.5223165,46.761821499999996,-80.8402535,223.6986795,172.24889000000002,-61.951046999999996,-44.32711899999998,-19.761517999999995
-62.867318000000004,541.2347586666666,311.42156,-204.7615495,440.5819325,46.4813685,-81.143112,222.35941400000002,170.3146125,-62.033782,-44.05496400000001,-20.130965000000003
-62.899408,541.107949,311.3349196666666,-204.749373,440.63122350000003,46.2050695,-81.4369915,221.040197,168.3803925,-62.11458700000001,-43.78456399999999,-20.493153000000007
-62.93122866666666,540.9797513333334,311.248271,-204.73576,440.6704085,45.9328405,-81.721963,219.741264,166.447074,-62.193538,-43.51596000000001,-20.847940000000023
-62.962789333333326,540.850177,311.16160399999995,-204.7207975,440.6997275,45.6645975,-81.99811150000001,218.4628175,164.515481,-62.270715,-43.249183000000016,-21.1952
-62.994100333333336,540.7192426666667,311.0749093333333,-204.7045735,440.7194385,45.4002545,-82.2655395,217.205028,162.58641649999998,-62.346197,-42.984256000000016,-21.534831000000025
-63.025172,540.5869686666667,310.988179,-204.6871735,440.729819,45.1397255,-82.524362,215.968033,160.6606585,-62.42006,-42.721202000000005,-21.86675299999999
-63.05601466666667,540.4533783333333,310.9014066666667,-204.668683,440.7311655,44.8829255,-82.77471,214.751938,158.7389625,-62.49238199999999,-42.460036,-22.190909000000005
-63.08663733333333,540.3185,310.814587,-204.649185,440.723791,44.629768999999996,-83.0167265,213.55682000000002,156.82205249999998,-62.563237,-42.200770000000006,-22.507262999999995
-63.117051000000004,540.1823653333333,310.72771666666665,-204.6287605,440.70802349999997,44.380168999999995,-83.2505695,212.382727,154.910629,-62.632697,-41.943415999999985,-22.815804000000014
-63.147265000000004,540.0450103333333,310.64079266666664,-204.60749099999998,440.6842075,44.13404,-83.476411,211.22967799999998,153.00536,-62.70083199999999,-41.687984,-23.116539999999986
-63.177289,539.9064736666666,310.55381400000005,-204.5854535,440.6527005,43.891297,-83.694435,210.097666,151.10688599999997,-62.767711999999996,-41.434484,-23.409502000000003
-63.207132666666666,539.7667986666667,310.46678133333336,-204.5627255,440.6138735,43.6518535,-83.9048385,208.9866595,149.21581500000002,-62.833401,-41.18292300000002,-23.69474199999999
-63.236805000000004,539.6260316666667,310.3796966666667,-204.539381,440.568108,43.415623499999995,-84.1078335,207.896603,147.3327255,-62.897963,-40.933310000000006,-23.972327000000007
-63.266315,539.4842229999999,310.292562,-204.5154935,440.5157955,43.1825215,-84.303642,206.8274225,145.4581635,-62.96146,-40.685655,-24.242345
-63.295670666666666,539.341425,310.205383,-204.49113499999999,440.457337,42.952462,-84.492501,205.7790195,143.592646,-63.023951999999994,-40.439966999999996,-24.50489399999998
-63.32488133333334,539.1976946666667,310.11816533333337,-204.466376,440.39314,42.725358,-84.67465899999999,204.751282,141.73665599999998,-63.085494,-40.196256000000005,-24.76009000000002
-63.35395433333334,539.0530906666667,310.030916,-204.441286,440.3236185,42.501124499999996,-84.85037650000001,203.7440795,139.8906485,-63.146147,-39.954533,-25.008057000000008
-63.38289733333334,538.9076753333333,309.9436436666667,-204.415932,440.24919,42.2796745,-85.0199255,202.7572675,138.055046,-63.205963,-39.714804999999984,-25.248927999999992
-63.41171766666667,538.7615133333334,309.8563583333334,-204.390382,440.170276,42.0609245,-85.183591,201.79068999999998,136.230242,-63.265,-39.477086000000014,-25.482842000000005
-63.44042266666667,538.6146723333333,309.769071,-204.36470300000002,440.087298,41.8447865,-85.3416675,200.844179,134.4166025,-63.323311,-39.24138199999999,-25.70994500000002
-63.46901833333334,538.4672213333333,309.6817943333333,-204.338962,440.0006785,41.631177,-85.4944605,199.91755799999999,132.6144625,-63.380950999999996,-39.00770400000002,-25.930383000000006
-63.497511,538.3192319999999,309.59454266666665,-204.3132245,439.91083749999996,41.420010500000004,-85.642285,199.01064300000002,130.82413250000002,-63.437974,-38.776058000000006,-26.144305000000003
-63.525907,538.1707786666666,309.50733066666663,-204.2875565,439.818193,41.211203,-85.78546449999999,198.1232445,129.0458955,-63.494434999999996,-38.546448999999996,-26.351856999999995
-63.554211333333335,538.0219356666666,309.4201746666667,-204.262025,439.7231575,41.004671,-85.92433150000001,197.25516850000002,127.28001,-63.550389,-38.318881000000005,-26.553182000000007
-63.58242900000001,537.8727793333333,309.333092,-204.236697,439.6261375,40.8003335,-86.059224,196.406217,125.526711,-63.605894000000006,-38.09336000000002,-26.748424
-63.61056533333334,537.7233883333333,309.24610233333334,-204.211639,439.527532,40.598107999999996,-86.1904855,195.5761915,123.78621199999999,-63.66100300000001,-37.86988299999999,-26.93771799999999
-63.63862366666666,537.573841,309.159224,-204.18692,439.427733,40.397915499999996,-86.3184655,194.764893,122.058706,-63.71577500000001,-37.648450000000025,-27.121194000000003
-63.666609333333334,537.424218,309.072479,-204.16260799999998,439.32712000000004,40.199678500000005,-86.443514,193.972121,120.34436600000001,-63.77026600000001,-37.429058,-27.298975999999996
-63.694525,537.2745993333333,308.98589,-204.13877100000002,439.22606199999996,40.003322,-86.5659845,193.1976785,118.643352,-63.824533,-37.211703,-27.471182
-63.722374,537.1250656666667,308.899479,-204.1154805,439.124917,39.8087725,-86.686228,192.441369,116.9558045,-63.878632,-36.99637799999999,-27.637921000000006
-63.750159999999994,536.9756973333333,308.81327166666665,-204.0928055,439.02402700000005,39.615959000000004,-86.8045955,191.7030005,115.281854,-63.932621,-36.78307899999999,-27.799296
-63.777885000000005,536.8265763333334,308.727293,-204.070817,438.923721,39.424814,-86.921431,190.982383,113.62162000000001,-63.986556,-36.571796000000006,-27.955402000000007
-63.805551333333334,536.6777833333332,308.64156933333334,-204.049587,438.82431099999997,39.2352735,-87.0370745,190.27933050000001,111.975213,-64.040493,-36.36252499999998,-28.10633
-63.83316133333333,536.529398,308.55612833333333,-204.02918599999998,438.7260935,39.0472765,-87.15185650000001,189.5936625,110.342739,-64.094485,-36.155260999999996,-28.25215999999999
-63.860716000000004,536.3815006666666,308.4709986666667,-204.0096865,438.6293465,38.8607655,-87.2660995,188.92520150000001,108.724298,-64.148585,-35.949997000000025,-28.392966
-63.88821733333333,536.2341696666666,308.38621000000006,-203.99115899999998,438.5343315,38.6756875,-87.3801115,188.2737765,107.11999349999999,-64.202843,-35.746733000000006,-28.528819000000013
-63.91566566666666,536.0874836666667,308.30179233333337,-203.97367500000001,438.441288,38.491994,-87.494187,187.63921900000003,105.529926,-64.257308,-35.545469999999995,-28.659782000000007
-63.943062,535.9415186666666,308.217777,-203.957305,438.3504395,38.30964,-87.608605,187.0213665,103.9542035,-64.312026,-35.34621299999998,-28.785915000000003
-63.970407333333334,535.796352,308.1341966666667,-203.9421165,438.26198750000003,38.1285865,-87.723625,186.4200625,102.39294,-64.36703800000001,-35.14897100000002,-28.907274
-63.997700333333334,535.6520566666667,308.05108466666667,-203.9281785,438.17611250000004,37.948798499999995,-87.83948749999999,185.8351525,100.8462605,-64.422387,-34.953756999999996,-29.023911
-64.02494166666666,535.508706,307.9684733333333,-203.91555699999998,438.09297549999997,37.7702465,-87.956411,185.26648749999998,99.314301,-64.478104,-34.760594999999995,-29.135874
-64.05213133333334,535.3663706666667,307.886399,-203.904315,438.0127165,37.5929065,-88.074591,184.7139215,97.7972125,-64.534224,-34.56950699999999,-29.243214999999992
-64.07926733333333,535.225121,307.8048953333334,-203.89451400000002,437.935455,37.4167595,-88.1941975,184.177312,96.295164,-64.59077500000001,-34.38052800000003,-29.345979999999997
-64.10634933333334,535.0850233333334,307.7239993333333,-203.8862125,437.8612875,37.241793,-88.3153755,183.6565185,94.8083445,-64.64777699999999,-34.193696999999986,-29.444216999999995
-64.13337633333333,534.9461443333333,307.643747,-203.87946449999998,437.790292,37.068,-88.4382425,183.15140350000001,93.336962,-64.705251,-34.009063,-29.537976
-64.16034633333334,534.8085463333333,307.56417400000004,-203.874323,437.722523,36.89538,-88.562889,182.661829,91.8812505,-64.76320799999999,-33.82667799999999,-29.62730900000001
-64.187257,534.6722916666666,307.48531899999995,-203.870834,437.658017,36.723938000000004,-88.68937700000001,182.1876575,90.441468,-64.821658,-33.64660500000002,-29.71226999999999
-64.214108,534.5374393333333,307.40721833333333,-203.86904099999998,437.5967885,36.5536845,-88.8177395,181.728751,89.017897,-64.88060300000001,-33.46891200000002,-29.792916000000005
-64.24089566666667,534.4040450000001,307.3299103333333,-203.86898200000002,437.538834,36.3846395,-88.947983,181.28497,87.6108485,-64.940038,-33.29367599999998,-29.869313000000005
-64.26761833333335,534.2721636666666,307.25343300000003,-203.87069050000002,437.48413,36.2168255,-89.080083,180.85617100000002,86.22066000000001,-64.999956,-33.12098,-29.94152799999999
-64.29427299999999,534.1418480000001,307.1778233333334,-203.8741945,437.432635,36.050276,-89.2139895,180.442207,84.8476955,-65.060339,-32.950908,-30.009635000000003
-64.32085733333334,534.0131466666667,307.10312,-203.8795165,437.38428799999997,35.8850275,-89.3496255,180.04292450000003,83.492347,-65.12116900000001,-32.783557,-30.073718
-64.34736866666667,533.8861066666667,307.02936066666666,-203.8866735,437.339015,35.721124,-89.4868875,179.658166,82.1550315,-65.182415,-32.619022,-30.133866999999995
-64.373803,533.7607726666666,306.9565813333333,-203.89567649999998,437.2967225,35.558619,-89.6256475,179.287763,80.8361895,-65.244043,-32.457404,-30.190180999999995
-64.400158,533.6371873333334,306.8848203333333,-203.906531,437.257304,35.3975685,-89.765755,178.93153999999998,79.53628599999999,-65.306014,-32.29880799999998,-30.242769999999993
-64.42643066666666,533.515389,306.81411366666663,-203.919237,437.22063849999995,35.238038,-89.907038,178.589312,78.25580550000001,-65.368278,-32.143338,-30.291748999999996
-64.45261633333332,533.395415,306.7444966666667,-203.933787,437.18659249999996,35.080099000000004,-90.049305,178.26088099999998,76.995249,-65.43078,-31.991096,-30.337250000000004
-64.47871266666665,533.2772993333334,306.676005,-203.95016900000002,437.15502000000004,34.9238275,-90.1923465,177.9460375,75.7551335,-65.493461,-31.84218899999999,-30.379409000000003
-64.50471599999999,533.1610743333334,306.6086716666667,-203.9683655,437.125768,34.7693075,-90.3359395,177.6445605,74.53598550000001,-65.556251,-31.696717000000007,-30.418377000000007
-64.53062299999999,533.0467673333334,306.542531,-203.98835300000002,437.09866999999997,34.6166275,-90.4798465,177.356213,73.338338,-65.619079,-31.554778,-30.454313999999997
-64.55642966666666,532.934406,306.47761399999996,-204.0101015,437.073556,34.4658825,-90.62382,177.08074399999998,72.162728,-65.68186200000001,-31.416465999999986,-30.487390000000005
-64.58213333333333,532.8240133333333,306.41395066666666,-204.0335785,437.0502465,34.3171705,-90.7676045,176.81789049999998,71.009688,-65.744513,-31.281869,-30.517786
-64.60772933333332,532.7156100000001,306.351571,-204.0587435,437.028559,34.170595000000006,-90.910938,176.56737049999998,69.879744,-65.80694399999999,-31.151066999999983,-30.545692000000003
-64.633215,532.609215,306.29050266666667,-204.085554,437.008307,34.0262625,-91.053556,176.32889,68.7734095,-65.869054,-31.024134000000004,-30.571306999999997
-64.65858666666666,532.5048426666666,306.2307706666667,-204.1139625,436.989301,33.884284,-91.19519249999999,176.102139,67.691181,-65.93074299999999,-30.901136000000008,-30.594835999999994
-64.68384066666665,532.4025063333333,306.1723996666667,-204.1439175,436.971351,33.74477,-91.335582,175.886794,66.633531,-65.991906,-30.782126000000005,-30.616493999999996
-64.70897433333333,532.3022163333334,306.11541166666666,-204.1753635,436.9542685,33.607833,-91.474464,175.68251750000002,65.6009035,-66.05243200000001,-30.66715100000002,-30.636497
-64.73398333333334,532.2039793333333,306.05982700000004,-204.20824349999998,436.9378645,33.473588,-91.611582,175.488959,64.59371,-66.11221,-30.556245999999987,-30.655071999999997
-64.75886566666667,532.1077993333333,306.0056626666667,-204.24249650000002,436.9219545,33.342147,-91.746688,175.305757,63.612322000000006,-66.171126,-30.44943599999999,-30.672438000000007
-64.78361766666667,532.013679,305.95293466666664,-204.278061,436.9063575,33.213620500000005,-91.879542,175.1325395,62.657067,-66.22906599999999,-30.346734999999995,-30.688824000000004
-64.80823633333334,531.9216176666667,305.90165666666667,-204.3148725,436.890898,33.0881165,-92.009915,174.9689255,61.72822549999999,-66.285914,-30.248143,-30.704452999999994
-64.83271933333334,531.8316100000001,305.8518383333333,-204.3528645,436.875407,32.9657385,-92.137592,174.8145275,60.826023,-66.34155799999999,-30.153655000000015,-30.719544
-64.85706333333333,531.7436503333333,305.8034886666666,-204.391972,436.85972100000004,32.8465855,-92.2623695,174.668951,59.95063,-66.395883,-30.06325000000001,-30.734313999999998
-64.88126633333333,531.6577306666667,305.756613,-204.4321275,436.8436875,32.7307495,-92.38406,174.5318005,59.1021555,-66.448782,-29.976899000000003,-30.748969000000002
-64.905326,531.5738373333334,305.711214,-204.473264,436.8271605,32.6183145,-92.5024915,174.4026765,58.280643999999995,-66.500149,-29.894565,-30.763708
-64.92924033333333,531.4919566666666,305.66729200000003,-204.5153145,436.8100045,32.5093565,-92.617508,174.281182,57.486076,-66.54988399999999,-29.81619599999999,-30.778717999999998
-64.95300633333333,531.4120726666666,305.624844,-204.558212,436.792096,32.403941,-92.728971,174.1669215,56.718361,-66.597892,-29.741737,-30.794172000000003
-64.97662366666667,531.3341646666667,305.58386466666667,-204.601891,436.77332,32.3021215,-92.8367605,174.059504,55.97734,-66.64408700000001,-29.671121999999997,-30.81022999999999
-65.00008933333334,531.2582113333333,305.5443456666667,-204.6462865,436.75357499999996,32.2039415,-92.94077250000001,173.9585455,55.262783,-66.688391,-29.604276999999996,-30.827033999999998
-65.02340266666667,531.1841883333333,305.5062756666667,-204.69133449999998,436.7327705,32.1094305,-93.04092299999999,173.86367,54.574388,-66.730734,-29.541122,-30.844707999999997
-65.04656266666667,531.1120689999999,305.46964133333336,-204.736972,436.71082750000005,32.018605,-93.1371445,173.77451250000001,53.9117825,-66.771053,-29.481571000000002,-30.863357000000008
-65.06956733333334,531.041826,305.43442533333337,-204.7831385,436.6876815,31.931466,-93.229388,173.690718,53.2745245,-66.809304,-29.425532000000004,-30.883062999999993
-65.09241633333333,530.9734273333333,305.40060866666664,-204.8297735,436.663277,31.848001500000002,-93.317623,173.611946,52.662101500000006,-66.84544600000001,-29.372907999999995,-30.903889
-65.115109,530.906842,305.368169,-204.8768185,436.63757499999997,31.768183,-93.401833,173.5378695,52.0739365,-66.87945400000001,-29.323597000000007,-30.925876999999993
-65.13764466666667,530.8420346666667,305.337082,-204.9242165,436.610547,31.691968,-93.4820225,173.4681765,51.50938550000001,-66.911315,-29.277492999999993,-30.949041
-65.16002266666668,530.7789706666667,305.30732033333334,-204.971913,436.58217549999995,31.619297500000002,-93.55820800000001,173.402573,50.967746000000005,-66.94103,-29.234486000000004,-30.97337600000001
-65.18224366666666,530.7176116666666,305.27885466666663,-205.019853,436.5524565,31.5501005,-93.6304245,173.34078,50.4482555,-66.968611,-29.194461999999987,-30.998851000000002
-65.20430633333334,530.657921,305.25165366666664,-205.0679855,436.52139750000003,31.4842875,-93.6987185,173.282535,49.9500995,-66.99408300000002,-29.157308,-31.025413
-65.22621199999999,530.599858,305.22568299999995,-205.11625850000001,436.48901750000005,31.421759,-93.763151,173.2275945,49.472414,-67.017488,-29.122900999999985,-31.052986000000004
-65.24795966666666,530.5433823333333,305.20090733333336,-205.164624,436.4553445,31.3623995,-93.8237965,173.1757295,49.014289500000004,-67.03887700000001,-29.09112300000001,-31.081471
-65.26955033333333,530.4884533333334,305.17729,-205.2130335,436.420418,31.306082,-93.88074,173.1267305,48.57477900000001,-67.05831599999999,-29.061848999999995,-31.110748000000008
-65.29098433333333,530.4350293333333,305.15479,-205.2614405,436.3842875,31.2526705,-93.9340765,173.0804015,48.152901,-67.075883,-29.034951000000007,-31.140674000000004
-65.31226199999999,530.3830676666666,305.13336766666663,-205.3098005,436.34700899999996,31.2020165,-93.983912,173.0365645,47.747646,-67.09167,-29.01030300000002,-31.171088000000005
-65.33338400000001,530.332526,305.1129813333334,-205.35807,436.308649,31.1539645,-94.0303585,172.995054,47.3579825,-67.105775,-28.987775999999997,-31.201811000000003
-65.35435033333333,530.283362,305.0935876666667,-205.4062065,436.26927950000004,31.108351,-94.0735365,172.9557195,46.982863,-67.118315,-28.967234999999988,-31.232646000000003
-65.37516166666667,530.2355333333334,305.07514266666664,-205.4541705,436.22897850000004,31.0650075,-94.1135715,172.9184225,46.621231,-67.129407,-28.94855100000001,-31.26338
-65.39581866666667,530.188998,305.0576016666667,-205.50192249999998,436.18783099999996,31.023762500000004,-94.1505945,172.8830375,46.272026,-67.139185,-28.93158699999998,-31.293788
-65.41632166666666,530.1437136666667,305.0409193333333,-205.54942499999999,436.14592400000004,30.984440499999998,-94.18473850000001,172.849448,45.9341925,-67.14778700000001,-28.916212,-31.323633
-65.43667066666667,530.09964,305.02505,-205.59664400000003,436.1033505,30.946866999999997,-94.2161405,172.81754949999998,45.6066815,-67.155359,-28.90229100000002,-31.352669000000002
-65.456866,530.0567363333333,305.0099476666667,-205.643545,436.0602045,30.910868999999998,-94.2449365,172.787243,45.288462,-67.162051,-28.889691999999997,-31.380640000000003
-65.47690733333333,530.0149623333333,304.995567,-205.6900985,436.01658199999997,30.8762745,-94.2712655,172.75844,44.9785245,-67.16801900000002,-28.878282000000013,-31.407289000000002
-65.49679566666667,529.97428,304.98186233333337,-205.73627349999998,435.9725785,30.842917,-94.29526150000001,172.7310565,44.675886500000004,-67.173421,-28.86793499999999,-31.432353
-65.51652866666667,529.9346506666667,304.9687876666667,-205.78204549999998,435.928292,30.810636,-94.31706,172.705015,44.379599999999996,-67.178418,-28.858525999999983,-31.455571999999997
-65.53610733333333,529.8960386666666,304.95629833333334,-205.82739,435.88381549999997,30.779279000000002,-94.336792,172.68024400000002,44.088755,-67.18316999999999,-28.84993399999999,-31.476686
-65.55552966666666,529.8584083333334,304.94435066666665,-205.872287,435.8392435,30.748700499999998,-94.3545835,172.656674,43.802488,-67.187837,-28.842044000000016,-31.49544
-65.57479466666668,529.8217253333333,304.9329003333333,-205.916718,435.7946645,30.718766000000002,-94.370557,172.6342425,43.5199825,-67.192578,-28.834748999999988,-31.511588999999997
-65.593901,529.7859566666666,304.92190600000004,-205.9606685,435.7501655,30.689352500000002,-94.384829,172.6128875,43.2404775,-67.197546,-28.827946999999995,-31.524894999999997
-65.61284633333334,529.7510713333332,304.91132500000003,-206.004128,435.7058285,30.660348,-94.39751000000001,172.592552,42.963269,-67.202892,-28.821550000000002,-31.535131999999997
-65.63162899999999,529.7170396666667,304.9011176666667,-206.04708749999998,435.66173000000003,30.631653,-94.408702,172.573181,42.6877145,-67.20876,-28.815473999999995,-31.542091
-65.65024533333333,529.6838323333333,304.89124466666664,-206.0895435,435.61794150000003,30.603181,-94.418502,172.55472300000002,42.413236999999995,-67.21528800000002,-28.809650000000005,-31.545578
-65.668693,529.6514229999999,304.881669,-206.1314955,435.574528,30.574859500000002,-94.426997,172.537129,42.139326,-67.22260399999999,-28.804018000000013,-31.54542
-65.686967,529.6197856666666,304.8723536666667,-206.17294500000003,435.531549,30.546629,-94.434269,172.5203525,41.865541,-67.23083000000001,-28.798535000000015,-31.541462
-65.70506466666667,529.5888966666666,304.8632646666667,-206.213899,435.489056,30.518445,-94.440388,172.50435,41.591511999999994,-67.24007600000002,-28.79316400000002,-31.533572
-65.72298066666666,529.5587333333334,304.8543686666667,-206.254367,435.447094,30.490274,-94.4454195,172.4890815,41.316942,-67.25044299999999,-28.787889000000007,-31.521644000000002
-65.74071099999999,529.5292743333333,304.84563366666663,-206.2943605,435.40570149999996,30.462099000000002,-94.449419,172.4745095,41.0416055,-67.26202,-28.782701000000003,-31.505597
-65.75824833333333,529.5004993333333,304.83703066666664,-206.33389499999998,435.364909,30.433912,-94.452434,172.4606005,40.7653505,-67.27488600000001,-28.777608999999984,-31.485374999999998
-65.77558766666667,529.4723913333333,304.828531,-206.372989,435.32474,30.405720000000002,-94.4545055,172.44732399999998,40.488094000000004,-67.28910299999998,-28.772632000000016,-31.460950000000004
-65.79272266666668,529.4449323333333,304.820109,-206.4116615,435.2852115,30.377540500000002,-94.4556665,172.4346535,40.209825,-67.30472700000001,-28.767803000000015,-31.432322000000003
-65.80964633333333,529.4181066666666,304.81173966666665,-206.44993499999998,435.2463335,30.3494,-94.45594399999999,172.4225655,39.9306015,-67.32179599999999,-28.763169000000005,-31.399519
-65.826351,529.3919003333334,304.8034,-206.4878315,435.2081095,30.3213355,-94.4553595,172.4110405,39.650546,-67.340337,-28.758783000000022,-31.362598000000002
-65.84282866666666,529.3662989999999,304.7950686666667,-206.5253755,435.1705355,30.2933935,-94.45392749999999,172.4000615,39.3698435,-67.360367,-28.754711000000015,-31.321641000000003
-65.859072,529.3412916666667,304.7867273333333,-206.5625905,435.133604,30.2656255,-94.4516605,172.3896165,39.088738500000005,-67.38188500000001,-28.75102899999999,-31.276761
-65.875071,529.316866,304.77835699999997,-206.59949949999998,435.097301,30.23809,-94.448565,172.3796965,38.807531,-67.40488199999999,-28.747813000000008,-31.228096
-65.89081833333334,529.2930126666666,304.7699426666667,-206.636125,435.061608,30.210851,-94.444646,172.3702935,38.5265715,-67.429334,-28.74515100000002,-31.175809000000005
-65.90630333333333,529.269722,304.7614693333333,-206.6724875,435.026502,30.183974499999998,-94.4399055,172.3614035,38.2462565,-67.455209,-28.743131000000005,-31.120087
-65.921517,529.2469860000001,304.752924,-206.708605,434.9919575,30.15753,-94.434346,172.3530255,37.9670215,-67.48246,-28.741843000000017,-31.061139
-65.93644933333333,529.2247963333334,304.7442956666667,-206.7444935,434.95794550000005,30.131587500000002,-94.42796849999999,172.3451575,37.689339000000004,-67.511031,-28.741375000000005,-30.999198
-65.95108966666668,529.2031470000001,304.7355743333333,-206.78016350000001,434.92443349999996,30.106218499999997,-94.420774,172.337802,37.413709,-67.54086000000001,-28.741816,-30.93451
-65.96542933333333,529.1820313333333,304.7267523333333,-206.81562350000002,434.8913885,30.0814905,-94.412767,172.3309585,37.140654999999995,-67.57186999999999,-28.743246999999997,-30.867342
-65.97945600000001,529.161444,304.717822,-206.8508765,434.8587775,30.0574715,-94.403953,172.32462900000002,36.8707175,-67.60398400000001,-28.74574199999998,-30.797973
-65.99315966666667,529.14138,304.708778,-206.8859205,434.8265655,30.0342245,-94.39434,172.318814,36.604447,-67.637112,-28.74937399999999,-30.726692
-66.00653,529.1218346666666,304.699616,-206.920748,434.794718,30.011809999999997,-94.3839395,172.3135125,36.342398,-67.67116099999998,-28.754199,-30.653799999999997
-66.01955666666667,529.1028046666667,304.6903326666666,-206.9553455,434.76320150000004,29.9902825,-94.3727685,172.308722,36.085121,-67.706035,-28.760266,-30.5796
-66.03222866666667,529.0842866666667,304.68092633333333,-206.98969449999998,434.731984,29.969690999999997,-94.3608465,172.304437,35.8331615,-67.74163300000001,-28.767612000000014,-30.504399
-66.044535,529.0662776666667,304.6713956666667,-207.02377,434.7010345,29.95008,-94.348199,172.30065100000002,35.5870465,-67.77785,-28.776260000000008,-30.428506999999996
-66.05646566666667,529.0487746666666,304.66174099999995,-207.05754100000001,434.6703255,29.9314855,-94.334856,172.297352,35.3472845,-67.81458600000002,-28.78622199999998,-30.352225000000004
-66.06801033333333,529.031775,304.6519643333333,-207.09097000000003,434.639832,29.9139375,-94.320852,172.29452600000002,35.114357500000004,-67.85173400000002,-28.797494,-30.275853
-66.07915866666666,529.015278,304.64206633333333,-207.12401599999998,434.60953,29.8974605,-94.3062275,172.29215449999998,34.888714,-67.88919299999999,-28.810058999999995,-30.19968
-66.08990066666667,528.999281,304.63205066666666,-207.15663,434.579401,29.8820695,-94.291027,172.2902155,34.670769,-67.926862,-28.82388499999999,-30.123981999999998
-66.100227,528.983783,304.6219213333333,-207.1887595,434.5494295,29.8677735,-94.275301,172.288683,34.460894499999995,-67.96464399999999,-28.838930000000005,-30.049023
-66.11012766666666,528.9687833333332,304.61168233333336,-207.2203475,434.5196025,29.8545745,-94.2591025,172.287527,34.2594195,-68.002445,-28.855135999999987,-29.975047
-66.11959433333334,528.95428,304.6013393333333,-207.251333,434.489912,29.842467,-94.24248899999999,172.28671450000002,34.0666235,-68.040178,-28.87243700000002,-29.902281
-66.12861733333334,528.940273,304.590898,-207.2816525,434.460354,29.831440999999998,-94.2255225,172.28620899999999,33.882736,-68.07775899999999,-28.890749999999997,-29.830928
-66.137188,528.9267616666666,304.58036466666664,-207.311239,434.4309275,29.8214775,-94.208266,172.28597150000002,33.7079345,-68.11511199999998,-28.90999100000002,-29.761165000000002
-66.14529900000001,528.9137460000001,304.5697463333333,-207.340025,434.401635,29.8125545,-94.1907875,172.2859605,33.5423415,-68.152167,-28.930060999999995,-29.693149000000002
-66.15294266666666,528.9012243333333,304.559051,-207.36794250000003,434.3724845,29.8046435,-94.173153,172.286132,33.386024500000005,-68.188862,-28.950860000000006,-29.627001
-66.16011133333333,528.8891976666666,304.548286,-207.394922,434.34348550000004,29.79771,-94.15543149999999,172.286442,33.238996,-68.225141,-28.972282000000007,-29.562820000000002
-66.166798,528.8776656666665,304.53746,-207.420897,434.314652,29.791717999999996,-94.137691,172.286848,33.101214,-68.260956,-28.99421799999999,-29.50067
-66.17299666666666,528.866628,304.52658133333335,-207.4458025,434.2860005,29.786627000000003,-94.1200005,172.287305,32.972584,-68.296269,-29.016558000000003,-29.440583999999998
-66.17870066666667,528.8560843333333,304.51565933333336,-207.46957550000002,434.25755100000003,29.7823925,-94.102425,172.28777250000002,32.852958,-68.33104599999999,-29.039194999999978,-29.382564000000002
-66.183905,528.8460359999999,304.5047026666667,-207.49215750000002,434.229325,29.778969,-94.0850295,172.28821,32.7421405,-68.365263,-29.062024000000008,-29.326581
-66.18860466666666,528.8364813333334,304.4937213333333,-207.51349349999998,434.201348,29.7763085,-94.067875,172.28858300000002,32.639889499999995,-68.39890399999999,-29.08494399999998,-29.272568999999997
-66.19279433333332,528.827421,304.482725,-207.533534,434.17364499999996,29.774362000000004,-94.05102,172.288858,32.5459195,-68.43195800000001,-29.10786200000001,-29.220432999999996
-66.19646933333333,528.8188553333333,304.47172266666666,-207.552236,434.146244,29.7730805,-94.034517,172.28900950000002,32.459907,-68.46442,-29.130690999999985,-29.170044000000004
-66.199627,528.8107839999999,304.4607246666667,-207.5695615,434.1191745,29.772413999999998,-94.01841399999999,172.2890155,32.381491,-68.496294,-29.15335300000001,-29.121242000000002
-66.202263,528.8032076666666,304.4497416666666,-207.5854785,434.092465,29.772313,-94.00275549999999,172.288861,32.310283,-68.527591,-29.175781999999998,-29.073838000000002
-66.204375,528.7961260000001,304.43878266666667,-207.5999635,434.0661455,29.7727285,-93.9875775,172.288538,32.2458675,-68.558321,-29.197924,-29.027611
-66.20595933333333,528.7895386666668,304.4278576666667,-207.6129995,434.04024549999997,29.7736135,-93.97291100000001,172.2880455,32.1878065,-68.58850600000001,-29.21973299999999,-28.982313
-66.207015,528.7834463333334,304.4169776666667,-207.6245765,434.0147935,29.7749215,-93.9587795,172.28738950000002,32.135647500000005,-68.618167,-29.241179000000017,-28.937671
-66.20753966666666,528.777849,304.4061513333333,-207.634692,433.989818,29.7766075,-93.9452,172.286584,32.0889265,-68.647332,-29.262242000000015,-28.893387
-66.207531,528.7727476666668,304.39538999999996,-207.64335,433.9653455,29.7786295,-93.9321805,172.285651,32.047171,-68.676029,-29.282916,-28.849137999999996
-66.20698933333334,528.7681413333333,304.38470266666667,-207.6505615,433.9414005,29.7809475,-93.9197215,172.28461900000002,32.009908,-68.70429099999998,-29.303210000000007,-28.804586000000004
-66.205913,528.7640306666667,304.37409899999994,-207.656344,433.918007,29.7835225,-93.907818,172.283524,31.9766645,-68.73215200000001,-29.323138,-28.759370999999998
-66.20430166666667,528.7604170000001,304.36358866666666,-207.66072200000002,433.8951845,29.7863185,-93.896452,172.28241,31.946976,-68.759648,-29.342734000000007,-28.713122
-66.202156,528.7572993333333,304.353182,-207.663725,433.872952,29.789303500000003,-93.8856015,172.28132399999998,31.920385500000002,-68.786813,-29.362036000000018,-28.665453000000003
-66.199475,528.754679,304.34288799999996,-207.665387,433.85132450000003,29.7924445,-93.8752345,172.2803225,31.896451499999998,-68.81368700000002,-29.381094999999988,-28.615971
-66.19626066666666,528.7525566666667,304.3327156666667,-207.665747,433.83031400000004,29.795715,-93.86531,172.279463,31.8747465,-68.840306,-29.399968,-28.564277000000004
-66.19251266666667,528.7509323333334,304.32267433333334,-207.664848,433.8099305,29.799087999999998,-93.8557795,172.2788095,31.854864,-68.86670699999999,-29.418723,-28.509972
-66.18823266666666,528.7498079999999,304.312773,-207.662736,433.7901795,29.802540999999998,-93.846587,172.278427,31.8364165,-68.89292599999999,-29.437430000000006,-28.452655000000004
-66.18342200000001,528.7491833333333,304.30301966666667,-207.65946,433.771065,29.806053000000002,-93.8376685,172.2783825,31.819041,-68.918999,-29.456165,-28.391934000000003
-66.178083,528.7490596666667,304.2934236666667,-207.65506950000002,433.7525865,29.809604999999998,-93.828952,172.27874500000001,31.802399,-68.94496000000001,-29.47500599999998,-28.327423999999997
-66.17221766666667,528.7494383333334,304.283993,-207.649616,433.734741,29.813181999999998,-93.820359,172.279581,31.7861765,-68.970842,-29.494034,-28.258755
-66.16582766666666,528.75032,304.274735,-207.6431515,433.717523,29.816769999999998,-93.811806,172.280957,31.7700875,-68.99667600000001,-29.513326000000006,-28.185572999999998
-66.158916,528.7517063333333,304.26565800000003,-207.6357275,433.7009235,29.8203575,-93.803202,172.2829365,31.753872,-69.022492,-29.532961,-28.107546
-66.15148599999999,528.753598,304.256769,-207.6273945,433.684932,29.823936500000002,-93.794452,172.28557899999998,31.737297500000004,-69.048318,-29.553011999999995,-28.024367
-66.14354066666668,528.755997,304.24807533333336,-207.618202,433.66953550000005,29.8275,-93.785457,172.2889395,31.720159000000002,-69.07417799999999,-29.57354700000002,-27.935760000000002
-66.13508366666666,528.758904,304.23958366666665,-207.60819700000002,433.654719,29.8310425,-93.7761145,172.2930675,31.7022785,-69.100097,-29.594628999999998,-27.841479000000003
-66.12611833333334,528.7623206666666,304.23130033333337,-207.597424,433.6404655,29.8345625,-93.766322,172.298005,31.683504499999998,-69.12609400000002,-29.616311999999994,-27.741321
-66.11665033333333,528.7662483333334,304.223232,-207.58592499999997,433.62675750000005,29.8380585,-93.7559745,172.3037885,31.663711499999998,-69.15218899999999,-29.638641000000007,-27.635119
-66.10668266666667,528.7706886666666,304.2153836666667,-207.573738,433.6135765,29.841533,-93.7449685,172.310444,31.642801499999997,-69.17839500000001,-29.661652000000004,-27.522750999999996
-66.09622133333333,528.7756426666666,304.2077616666667,-207.560898,433.6009035,29.844988,-93.7332015,172.317993,31.620700999999997,-69.204727,-29.685369999999978,-27.404144
-66.08527099999999,528.7811106666667,304.2003696666667,-207.547436,433.58872,29.848428,-93.720576,172.32644349999998,31.597360000000002,-69.231194,-29.709806999999984,-27.279274
-66.07383766666668,528.7870956666667,304.19321399999995,-207.533379,433.5770065,29.851858500000002,-93.7069995,172.335798,31.572754500000002,-69.25780300000001,-29.73496400000002,-27.148169
-66.06192633333335,528.7935976666666,304.18629733333336,-207.518749,433.565746,29.8552885,-93.6923845,172.3460475,31.546881,-69.284559,-29.760829,-27.010909999999996
-66.04954466666668,528.8006173333333,304.179625,-207.50356399999998,433.55492000000004,29.8587255,-93.67665299999999,172.35717449999999,31.5197605,-69.31146399999999,-29.787379000000016,-26.867635
-66.03669866666667,528.8081553333333,304.17319933333334,-207.487838,433.5445145,29.862179500000003,-93.6597355,172.369151,31.4914355,-69.338517,-29.814576000000017,-26.718535000000003
-66.023396,528.816213,304.167024,-207.47158,433.534515,29.86566,-93.6415745,172.3819435,31.461969000000003,-69.365711,-29.842371000000014,-26.563858
-66.00964366666666,528.8247903333333,304.1611003333333,-207.454796,433.524909,29.8691785,-93.622124,172.39550400000002,31.4314425,-69.39304200000001,-29.870702000000023,-26.403905
-65.99545,528.8338866666667,304.15543166666663,-207.43748499999998,433.51568699999996,29.8727455,-93.60135199999999,172.409781,31.399958500000004,-69.4205,-29.899497999999994,-26.239031
-65.980823,528.8435026666666,304.1500183333333,-207.4196455,433.506841,29.876373,-93.5792415,172.4247125,31.3676355,-69.44807300000001,-29.928673000000003,-26.069641
-65.96577166666667,528.853637,304.144862,-207.40126850000001,433.4983655,29.8800725,-93.55579,172.4402295,31.3346105,-69.47574600000002,-29.958135,-25.896189
-65.950306,528.8642883333333,304.13996266666663,-207.382345,433.490258,29.883855500000003,-93.53101149999999,172.456257,31.301032499999998,-69.503503,-29.98778200000001,-25.719171
-65.934435,528.8754556666667,304.13532,-207.3628595,433.48251700000003,29.8877325,-93.5049375,172.472714,31.267068,-69.531327,-30.017505999999997,-25.539122
-65.91816899999999,528.8871376666667,304.13093333333336,-207.342795,433.4751455,29.891714,-93.47761750000001,172.4895125,31.2328925,-69.559195,-30.047190999999998,-25.356617
-65.90151866666666,528.8993306666667,304.12680066666667,-207.3221325,433.4681475,29.8958095,-93.44911450000001,172.50656350000003,31.198694,-69.587087,-30.076717000000002,-25.172254000000002
-65.884496,528.9120330000001,304.1229203333333,-207.300849,433.461529,29.9000275,-93.419512,172.523772,31.164666999999998,-69.61497800000001,-30.105964,-24.986658
-65.86711133333334,528.9252403333334,304.119289,-207.2789205,433.4552985,29.904376499999998,-93.3889085,172.5410415,31.131013000000003,-69.642845,-30.134803000000005,-24.800472000000003
-65.849377,528.9389483333333,304.1159036666666,-207.256321,433.44946500000003,29.908862999999997,-93.357418,172.5582745,31.097937,-69.670662,-30.163115000000005,-24.614344000000003
-65.831306,528.953152,304.11276000000004,-207.233023,433.44403950000003,29.913493000000003,-93.325168,172.575373,31.065645500000002,-69.69840200000002,-30.190776,-24.428933000000004
-65.81291066666667,528.967846,304.1098523333333,-207.2089995,433.4390355,29.9182705,-93.2923005,172.5922385,31.0343445,-69.72604099999998,-30.217667000000006,-24.244887
-65.79420466666666,528.9830243333332,304.10717566666665,-207.18422149999998,433.4344645,29.923199,-93.258969,172.6087755,31.0042355,-69.75354999999999,-30.243674999999996,-24.062851
-65.77520133333333,528.9986789999999,304.10472366666664,-207.158661,433.430339,29.928281,-93.2253355,172.6248905,30.975515,-69.78090500000002,-30.268695000000008,-23.883444
-65.75591533333333,529.014802,304.10248866666666,-207.13229,433.42667200000005,29.9335175,-93.1915715,172.640494,30.9483705,-69.80807899999999,-30.292624000000018,-23.707271
-65.736361,529.0313849999999,304.10046366666666,-207.10508149999998,433.423475,29.938909000000002,-93.157853,172.65550100000002,30.922977500000002,-69.835046,-30.315375999999986,-23.534899
-65.71655266666666,529.048417,304.0986403333333,-207.07701,433.42075750000004,29.9444545,-93.1243595,172.66983249999998,30.8994995,-69.861783,-30.336869000000007,-23.366863000000002
-65.69650566666667,529.0658876666666,304.0970086666667,-207.048051,433.4185295,29.9501525,-93.0912735,172.6834145,30.8780845,-69.88826499999999,-30.35703699999999,-23.203654999999998
-65.67623533333334,529.0837853333334,304.09556033333337,-207.01818150000003,433.416796,29.956000500000002,-93.0587755,172.69618150000002,30.858861,-69.91447099999999,-30.375821000000002,-23.045722000000005
-65.65575766666666,529.102097,304.0942843333333,-206.9873815,433.41556049999997,29.961997,-93.0270425,172.7080755,30.841942000000003,-69.940381,-30.393179000000003,-22.893462000000003
-65.635088,529.1208093333333,304.09317000000004,-206.9556325,433.41482499999995,29.968138,-92.996246,172.7190475,30.827416,-69.96597600000001,-30.409080999999986,-22.747218
-65.61424233333334,529.1399063333333,304.092207,-206.92291949999998,433.4145855,29.9744215,-92.96655,172.72905550000002,30.815353,-69.99123800000001,-30.423508999999996,-22.607280000000003
-65.59323666666667,529.1593723333334,304.091383,-206.8892295,433.4148345,29.9808435,-92.9381095,172.7380685,30.8057995,-70.01615100000001,-30.43646100000001,-22.473877
-65.57208766666666,529.1791913333333,304.0906863333334,-206.8545535,433.4155625,29.9874025,-92.911067,172.7460655,30.79878,-70.040702,-30.44794299999998,-22.347184
-65.55081133333334,529.1993433333333,304.09010433333333,-206.8188845,433.41675250000003,29.994095,-92.8855525,172.75303350000002,30.794295499999997,-70.06488099999999,-30.45798099999999,-22.227315
-65.52942399999999,529.2198106666666,304.08962533333334,-206.7822205,433.418386,30.0009205,-92.861681,172.7589705,30.792325500000004,-70.088678,-30.46660700000001,-22.114329
-65.50794133333333,529.2405726666667,304.0892356666667,-206.744561,433.420437,30.007876500000002,-92.8395515,172.76388400000002,30.792829500000003,-70.11208500000001,-30.47386800000001,-22.008229000000004
-65.486379,529.2616066666666,304.08892266666663,-206.7059095,433.4228755,30.014964,-92.8192465,172.767788,30.795745,-70.135097,-30.479817999999995,-21.90896
-65.46475333333335,529.2828916666666,304.08867266666664,-206.666274,433.42566850000003,30.0221835,-92.80083,172.770709,30.800992,-70.157712,-30.484523999999993,-21.816422000000003
-65.44307966666666,529.304403,304.088473,-206.625664,433.428775,30.029536,-92.784348,172.77267849999998,30.8084725,-70.179928,-30.488058999999993,-21.730465
-65.421373,529.326117,304.0883106666667,-206.584094,433.43215250000003,30.037024000000002,-92.76982749999999,172.7737355,30.818075,-70.201747,-30.490501000000023,-21.650892
-65.39964833333333,529.348007,304.0881713333333,-206.5415805,433.435752,30.0446515,-92.7572775,172.7739275,30.8296735,-70.22317100000001,-30.49193699999998,-21.577471
-65.37791966666667,529.3700463333333,304.0880416666667,-206.49814450000002,433.4395215,30.0524225,-92.746688,172.7733045,30.843132999999998,-70.24420599999999,-30.492453000000012,-21.509932
-65.35620133333333,529.392207,304.0879096666667,-206.4538085,433.443405,30.060343000000003,-92.73803099999999,172.77192300000002,30.858309,-70.264858,-30.492144000000025,-21.447972000000004
-65.33450566666666,529.414461,304.08776166666667,-206.40859899999998,433.4473435,30.068418,-92.731257,172.76984149999998,30.875051,-70.285136,-30.491096999999996,-21.391266
-65.31284633333333,529.436777,304.08758366666666,-206.3625445,433.4512745,30.076654500000004,-92.7263045,172.7671215,30.8932055,-70.30505099999999,-30.489404999999977,-21.339465000000004
-65.29123533333333,529.459126,304.08736500000003,-206.315676,433.4551335,30.085059,-92.72309,172.763825,30.912618000000002,-70.324614,-30.487158000000022,-21.292202000000003
-65.26968366666667,529.4814746666667,304.087092,-206.2680275,433.45885499999997,30.093639500000002,-92.721517,172.760014,30.933132999999998,-70.34384,-30.484437999999983,-21.249098
-65.24820166666667,529.5037913333333,304.08675266666665,-206.21963449999998,433.4623715,30.102401999999998,-92.72147100000001,172.75574949999998,30.954598999999998,-70.362746,-30.481328999999988,-21.209764
-65.226799,529.526043,304.08633499999996,-206.1705345,433.46561699999995,30.1113535,-92.7228255,172.75109049999998,30.976867000000002,-70.381347,-30.477904999999993,-21.173808
-65.20548533333334,529.5481946666667,304.08582866666666,-206.120766,433.468524,30.120499,-92.725437,172.746093,30.9997965,-70.399664,-30.47423600000002,-21.140836999999998
-65.18426766666667,529.5702126666666,304.0852216666667,-206.070371,433.47102800000005,30.129844000000002,-92.7291515,172.740809,31.023249999999997,-70.417719,-30.47038599999999,-21.110455999999996
-65.16315333333334,529.5920606666667,304.084505,-206.0193915,433.473066,30.139392,-92.733802,172.735287,31.047102,-70.435534,-30.466409999999996,-21.082277999999995
-65.14214866666667,529.6137033333333,304.083668,-205.96787,433.474577,30.149143000000002,-92.7392095,172.7295695,31.0712325,-70.453135,-30.462356999999997,-21.055920999999998
-65.121258,529.6351046666667,304.082702,-205.9158515,433.475506,30.159097000000003,-92.745186,172.72369550000002,31.095530500000002,-70.47055,-30.458269,-21.031013
-65.10048533333334,529.6562279999999,304.08159866666665,-205.8633815,433.475803,30.169249999999998,-92.7515335,172.71769749999999,31.119896,-70.487807,-30.454180999999977,-21.00719
-65.07983333333333,529.6770366666666,304.08035,-205.8105045,433.475421,30.1795955,-92.7580465,172.711603,31.144236499999998,-70.504939,-30.45012200000002,-20.984103
-65.05930366666666,529.697493,304.07894933333336,-205.7572685,433.47432249999997,30.1901215,-92.764512,172.70543650000002,31.168469,-70.52197999999999,-30.446116999999987,-20.961412
-65.038897,529.7175609999999,304.07739,-205.70372099999997,433.47247749999997,30.200815,-92.770711,172.699216,31.192521,-70.53896600000002,-30.442183999999997,-20.938792000000003
-65.01861266666667,529.7372036666667,304.07566733333334,-205.64990849999998,433.46986300000003,30.2116555,-92.7764195,172.69295649999998,31.216327,-70.55593499999999,-30.438339000000013,-20.915934000000004
-64.998448,529.7563843333334,304.073777,-205.5958795,433.4664685,30.222617999999997,-92.7814135,172.68667,31.239829999999998,-70.57292900000002,-30.434596,-20.892538
-64.97840033333334,529.7750673333334,304.0717143333333,-205.5416825,433.4622915,30.233672499999997,-92.78546449999999,172.680367,31.262983,-70.58998899999999,-30.430968000000007,-20.868322000000003
-64.95846466666667,529.7932166666666,304.069478,-205.4873665,433.45734300000004,30.244782,-92.7883475,172.6740565,31.285746500000002,-70.60716099999999,-30.427467000000007,-20.843017000000003
-64.93863633333333,529.8107976666666,304.06706533333335,-205.43298,433.451646,30.2559035,-92.789839,172.66774700000002,31.3080895,-70.62448999999998,-30.424110000000013,-20.816371000000004
-64.918908,529.827776,304.06447633333335,-205.37857200000002,433.445237,30.2669865,-92.78972350000001,172.6614495,31.329990000000002,-70.64202300000001,-30.42091499999998,-20.788146
-64.89927166666666,529.8441183333333,304.061711,-205.32419249999998,433.4381675,30.277971,-92.7877905,172.65517599999998,31.351436,-70.659809,-30.417903999999993,-20.75812
