Sh_x,Sh_y,Sh_z,El_x,El_y,El_z,Wr_x,Wr_y,Wr_z,WrVec_x,WrVec_y,WrVec_z
-112.843227,572.0129576666667,270.08169633333335,-174.70468499999998,391.01653150000004,41.7692005,-49.278043,189.7927685,35.0227575,-44.585893999999996,-22.486628999999994,-41.095547
-112.88016866666665,572.01042,270.0619633333333,-174.702686,391.01691900000003,41.7475655,-49.3004385,189.77859,34.995031,-44.588829000000004,-22.49674999999999,-41.096286
-112.91822,572.014229,270.0419243333333,-174.7074575,391.026561,41.7256835,-49.328551499999996,189.771477,34.9668435,-44.591730999999996,-22.50899800000002,-41.097077
-112.95738966666666,572.0244973333333,270.0215823333333,-174.7192235,391.0458635,41.7033035,-49.362351,189.77194550000002,34.938538,-44.59452,-22.52354299999999,-41.097882
-112.997687,572.0413353333333,270.000941,-174.738213,391.0752435,41.680176,-49.401802,189.7805325,34.9105225,-44.597118,-22.540559000000002,-41.098657
-113.03912100000001,572.064853,269.9800043333333,-174.764659,391.115125,41.656048999999996,-49.446867499999996,189.7978,34.883267000000004,-44.599445,-22.56023400000001,-41.099342
-113.0817,572.0951573333333,269.95877733333333,-174.79879849999998,391.165938,41.6306685,-49.49750950000001,189.824329,34.857302,-44.601429,-22.582762000000002,-41.099862
-113.12543433333333,572.132354,269.9372653333333,-174.8408695,391.2281175,41.603781000000005,-49.5536885,189.86071950000002,34.8332145,-44.60299500000001,-22.60834300000002,-41.100133
-113.17033099999999,572.1765469999999,269.915477,-174.89111200000002,391.302101,41.575134999999996,-49.615365,189.90759,34.811648500000004,-44.604074,-22.637189999999975,-41.100055000000005
-113.21639933333334,572.2278373333334,269.8934193333334,-174.949765,391.388325,41.544479,-49.6824985,189.965573,34.793299000000005,-44.60460300000001,-22.66951800000001,-41.099516
-113.263648,572.2863233333334,269.871102,-175.0170645,391.48722699999996,41.511564,-49.7550505,190.0353145,34.7789105,-44.604518999999996,-22.705547000000024,-41.098393
-113.31208366666668,572.3521023333334,269.848535,-175.0932465,391.59923849999996,41.476144500000004,-49.832981,190.11747350000002,34.769272,-44.603764,-22.745507000000003,-41.096552
-113.36171533333334,572.4252666666666,269.8257303333333,-175.17854,391.7247865,41.437979999999996,-49.916251,190.212716,34.7652165,-44.602286,-22.789626,-41.093845
-113.41254866666667,572.5059073333333,269.8026996666667,-175.27317,391.86428950000004,41.396834999999996,-50.0048235,190.3217155,34.7676125,-44.60003499999999,-22.838141000000007,-41.090117
-113.46459033333333,572.5941106666666,269.77945700000004,-175.37735550000002,392.018155,41.3524795,-50.098660499999994,190.4451505,34.777366,-44.596968999999994,-22.891289,-41.0852
-113.517847,572.6899616666666,269.75601700000004,-175.4913065,392.186778,41.304691500000004,-50.197725,190.58370100000002,34.795412,-44.593046,-22.949309999999997,-41.078918
-113.57232333333333,572.7935393333333,269.7323963333333,-175.6152235,392.37054,41.2532565,-50.3019795,190.7380475,34.822713,-44.588233,-23.012439,-41.071088
-113.62802466666666,572.9049210000001,269.7086113333333,-175.7492995,392.5698035,41.197971,-50.411387500000004,190.90886799999998,34.860255,-44.582495,-23.08092000000002,-41.061518
-113.68495366666666,573.0241796666667,269.6846806666667,-175.89371649999998,392.78491399999996,41.138641,-50.525910499999995,191.096834,34.909044,-44.575804999999995,-23.154986000000008,-41.050011999999995
-113.74311466666666,573.1513826666668,269.6606233333334,-176.0486425,393.016194,41.075085,-50.6455105,191.302613,34.9701005,-44.568139,-23.23487399999999,-41.036362999999994
-113.802509,573.2865943333333,269.63646033333333,-176.214235,393.2639465,41.007132999999996,-50.770147,191.5268615,35.044458999999996,-44.55947400000001,-23.320810999999992,-41.020364
-113.86313766666666,573.4298749999999,269.61221266666666,-176.39063950000002,393.52844600000003,40.934630999999996,-50.899779499999994,191.77022399999998,35.13316,-44.54979099999999,-23.41302399999998,-41.001806
-113.92500166666666,573.5812796666668,269.5879023333333,-176.577986,393.80994499999997,40.857440000000004,-51.034365,192.0333335,35.237252,-44.539069999999995,-23.511730999999997,-40.980472
-113.98809999999999,573.740858,269.56355433333334,-176.7763925,394.108665,40.775436000000006,-51.1738565,192.316805,35.357782,-44.527297000000004,-23.617143999999996,-40.956149999999994
-114.05243033333333,573.9086560000001,269.53919233333335,-176.98596,394.424802,40.688514,-51.318207,192.6212395,35.495798,-44.514452000000006,-23.72946300000001,-40.928625999999994
-114.11799,574.0847136666666,269.514841,-177.20677899999998,394.75852,40.596588,-51.467365,192.9472165,35.652341,-44.500519999999995,-23.848883,-40.89768600000001
-114.18477466666667,574.2690656666667,269.490528,-177.438922,395.1099545,40.499591,-51.6212765,193.2952965,35.8284455,-44.48548100000001,-23.975584999999995,-40.863123
-114.25277899999999,574.4617413333334,269.4662793333334,-177.68244900000002,395.47920799999997,40.397477,-51.7798845,193.6660185,36.025135,-44.46931500000001,-24.109741000000014,-40.824732
-114.32199600000001,574.662765,269.44212400000004,-177.93740400000002,395.8663535,40.2902215,-51.9431275,194.0598965,36.243417,-44.452000999999996,-24.25150500000001,-40.782314
-114.39241766666667,574.8721553333334,269.4180896666667,-178.203818,396.2714305,40.177823499999995,-52.1109415,194.477423,36.4842845,-44.433509,-24.40102399999998,-40.735676999999995
-114.46403500000001,575.0899233333333,269.39420633333333,-178.481707,396.6944475,40.060304,-52.28326,194.919064,36.748712,-44.41381200000001,-24.558422000000007,-40.68464
-114.53683666666666,575.3160753333333,269.3705036666667,-178.7710735,397.1353805,39.937708,-52.460011,195.38526050000002,37.037649,-44.392872,-24.723817000000025,-40.62903
-114.61081033333333,575.5506126666666,269.3470116666667,-179.0719065,397.59417399999995,39.8101055,-52.6411225,195.87642699999998,37.3520255,-44.370649,-24.897301999999996,-40.568687
-114.68594333333334,575.793529,269.3237623333334,-179.384182,398.070742,39.677591500000005,-52.826516500000004,196.3929515,37.69274,-44.347097000000005,-25.078958999999998,-40.503462
-114.762219,576.0448106666666,269.3007866666667,-179.70786149999998,398.56496749999997,39.5402845,-53.016114,196.935195,38.060666999999995,-44.32216,-25.268849999999986,-40.43322
-114.839622,576.3044403333333,269.2781156666667,-180.04289799999998,399.076704,39.398328,-53.2098335,197.5034925,38.4566475,-44.295781000000005,-25.46702099999999,-40.357841
-114.91813400000001,576.5723923333334,269.2557826666667,-180.389229,399.605775,39.2518915,-53.4075915,198.098151,38.8814925,-44.267893,-25.673497999999995,-40.277221
-114.99773533333332,576.8486346666667,269.23381866666665,-180.7467825,400.15197750000004,39.101168,-53.609302500000005,198.719453,39.3359765,-44.238421,-25.888288000000017,-40.191271
-115.07840433333332,577.1331289999999,269.21225666666663,-181.1154745,400.7150805,38.9463745,-53.814879499999996,199.36765350000002,39.820839,-44.207285,-26.111383000000018,-40.099918
-115.16011866666668,577.4258306666667,269.19112900000005,-181.49521099999998,401.294827,38.787751,-54.02423400000001,200.0429825,40.336783000000004,-44.174398000000004,-26.342752999999988,-40.003108
-115.24285466666667,577.7266876666666,269.1704683333333,-181.885887,401.890936,38.625561000000005,-54.237279,200.745645,40.884471,-44.139666000000005,-26.582352000000014,-39.900802
-115.32658566666667,578.0356416666666,269.15030633333333,-182.28738900000002,402.50310249999995,38.460089,-54.453924,201.475823,41.4645255,-44.102992,-26.830116000000004,-39.79297699999999
-115.41128466666665,578.3526276666666,269.13067533333333,-182.699592,403.131,38.291639,-54.674079500000005,202.2336735,42.077528,-44.064271,-27.085960999999998,-39.679627999999994
-115.49692366666666,578.6775739999999,269.11160766666666,-183.1223625,403.77428,38.120537,-54.8976565,203.01933300000002,42.724017,-44.023394999999994,-27.349792000000008,-39.560764
-115.58347199999999,579.0104030000001,269.0931346666667,-183.555557,404.4325755,37.9471225,-55.1245665,203.83291450000002,43.404487,-43.980253000000005,-27.62149100000002,-39.436408
-115.67089800000001,579.3510293333333,269.07528699999995,-183.99902350000002,405.1055,37.771755,-55.354719,204.674513,44.1193885,-43.934732000000004,-27.900927999999993,-39.306599000000006
-115.759169,579.6993616666667,269.0580956666667,-184.45260000000002,405.7926515,37.594806,-55.588026,205.54420249999998,44.869124,-43.886716,-28.18795700000001,-39.171386000000005
-115.84825033333334,580.0553026666668,269.04159066666665,-184.9161155,406.493611,37.416662,-55.824399,206.442039,45.6540515,-43.836092,-28.48241999999999,-39.03083099999999
-115.93810633333332,580.4187483333334,269.02580166666667,-185.389389,407.2079455,37.2377185,-56.0637495,207.368062,46.4744825,-43.782748999999995,-28.784143999999998,-38.885003
-116.02870033333333,580.789588,269.010757,-185.8722315,407.935208,37.058380500000005,-56.305989499999995,208.3222925,47.330678,-43.726575,-29.092944999999986,-38.73397799999999
-116.11999433333334,581.1677053333334,268.9964843333333,-186.364443,408.6749405,36.8790615,-56.551030499999996,209.304738,48.2228525,-43.667463,-29.408627999999993,-38.577843
-116.21194966666667,581.5529786666667,268.9830113333333,-186.8658135,409.42667300000005,36.700178,-56.7987835,210.31539149999998,49.1511705,-43.605312999999995,-29.730988999999994,-38.416681
-116.30452466666668,581.945279,268.9703633333333,-187.3761235,410.189925,36.522150999999994,-57.0491595,211.3542315,50.1157475,-43.540033,-30.059815000000015,-38.250585
-116.397679,582.344473,268.958566,-187.89514300000002,410.964209,36.3454025,-57.302068500000004,212.4212225,51.116649499999994,-43.471533,-30.394884999999988,-38.079643
-116.49137,582.7504203333333,268.94764299999997,-188.4226305,411.7490275,36.1703525,-57.5574185,213.5163195,52.153891,-43.39973499999999,-30.735973,-37.903942
-116.58555566666666,583.1629776666667,268.93761666666666,-188.958334,412.54387599999995,35.9974185,-57.815117,214.6394645,53.227436499999996,-43.324571999999996,-31.082847000000015,-37.723566999999996
-116.68019033333333,583.5819943333335,268.9285093333333,-189.50199099999998,413.348246,35.8270155,-58.0750685,215.79058750000002,54.337199999999996,-43.24598699999999,-31.435268999999977,-37.538598
-116.77523133333334,584.007315,268.92034033333334,-190.0533255,414.161621,35.659547,-58.3371755,216.96961,55.483045,-43.163931,-31.793002,-37.34910599999999
-116.87063233333333,584.438781,268.91312999999997,-190.612051,414.9834815,35.4954125,-58.601338,218.1764415,56.6647835,-43.07837,-32.155801,-37.155157
-116.966348,584.8762280000001,268.9068946666667,-191.1778685,415.8133045,35.334999,-58.867453,219.41098399999998,57.882176,-42.989281999999996,-32.523424000000006,-36.956806
-117.06233100000001,585.3194876666666,268.9016516666666,-191.75046650000002,416.6505625,35.178681499999996,-59.1354155,220.6731265,59.134933000000004,-42.896654999999996,-32.89562699999999,-36.754098000000006
-117.15853633333334,585.7683876666666,268.897415,-192.3295205,417.49472749999995,35.0268215,-59.405114,221.96275150000002,60.4227135,-42.80049199999999,-33.272165,-36.547067
-117.25491566666666,586.2227513333333,268.894199,-192.914695,418.3452685,34.8797665,-59.67643650000001,223.27973,61.7451255,-42.700807000000005,-33.65279199999998,-36.335736999999995
-117.35142266666666,586.6823993333334,268.892015,-193.50564,419.201654,34.737846000000005,-59.949265,224.62392599999998,63.101728,-42.59762800000001,-34.03726800000001,-36.120118000000005
-117.44800933333335,587.1471483333333,268.89087366666666,-194.1019945,420.0633525,34.6013735,-60.2234785,225.9951915,64.492028,-42.490989000000006,-34.42534899999998,-35.90021
-117.54462799999999,587.616812,268.890784,-194.703383,420.9298315,34.470641,-60.4989525,227.39337,65.91548499999999,-42.380943,-34.816794000000016,-35.676002
-117.641231,588.091202,268.8917536666667,-195.309419,421.8005605,34.345924,-60.775557,228.818296,67.3715085,-42.267544,-35.211366,-35.447469
-117.73777166666666,588.570126,268.8937886666667,-195.9197035,422.6750085,34.227474,-61.0531585,230.2697925,68.85946,-42.150863,-35.608829000000014,-35.214582
-117.834202,589.0533903333334,268.8968933333333,-196.5338245,423.55264850000003,34.115523,-61.3316205,231.74767250000002,70.378654,-42.030975000000005,-36.008949,-34.977295999999996
-117.93047466666667,589.5407986666668,268.9010703333333,-197.1513605,424.432954,34.0102805,-61.61080200000001,233.251738,71.9283585,-41.907962000000005,-36.41149199999998,-34.73556299999999
-118.02654266666667,590.0321533333332,268.90632200000005,-197.77187750000002,425.3154015,33.9119315,-61.8905575,234.781781,73.507795,-41.781911,-36.816232000000014,-34.489328
-118.12236,590.5272550000001,268.9126483333334,-198.39493099999999,426.19947049999996,33.820641,-62.170739499999996,236.3375805,75.1161435,-41.652913000000005,-37.222937,-34.23852900000001
-118.217879,591.0259026666666,268.920047,-199.02006749999998,427.0846445,33.736549000000004,-62.451197500000006,237.9189045,76.752539,-41.521063000000005,-37.631383,-33.983104
-118.31305533333334,591.5278943333333,268.92851566666667,-199.64682449999998,427.97041,33.6597705,-62.731776,239.5255085,78.4160755,-41.386454,-38.04134699999997,-33.722989
-118.407843,592.0330273333333,268.93805000000003,-200.27472999999998,428.856259,33.590401,-63.012319000000005,241.157133,80.105808,-41.24918,-38.45260600000003,-33.458121999999996
-118.50219766666665,592.5410973333334,268.94864533333333,-200.9033055,429.7416855,33.5285095,-63.292666,242.8135065,81.8207525,-41.109331999999995,-38.86494099999999,-33.18844300000001
-118.59607433333333,593.051902,268.9602933333333,-201.5320675,430.626191,33.4741445,-63.572656,244.4943445,83.5598885,-40.966998000000004,-39.27813100000003,-32.91390100000001
-118.68943033333333,593.5652353333334,268.9729863333333,-202.160526,431.5092805,33.427332,-63.8521265,246.199344,85.322161,-40.822258999999995,-39.691959999999995,-32.634448000000006
-118.782222,594.0808940000001,268.986715,-202.7881875,432.390466,33.3880755,-64.1309115,247.92818949999997,87.1064825,-40.675189,-40.106211,-32.350049
-118.87440766666667,594.5986743333333,269.00146866666665,-203.4145555,433.269264,33.35636,-64.4088455,249.680548,88.9117345,-40.525855,-40.520669999999996,-32.060683
-118.96594599999999,595.1183729999999,269.0172356666667,-204.0391345,434.145197,33.332148,-64.685762,251.4560695,90.73677,-40.374314,-40.935123000000004,-31.76634
-119.05679633333334,595.6397873333333,269.0340023333333,-204.6614255,435.01779450000004,33.315386499999995,-64.9614925,253.254387,92.5804145,-40.220611,-41.34935799999997,-31.467025000000007
-119.14691866666665,596.1627143333334,269.0517556666667,-205.2809335,435.886592,33.306003000000004,-65.23587,255.075114,94.44147050000001,-40.064781999999994,-41.76316400000002,-31.162764999999993
-119.236274,596.6869543333333,269.0704803333333,-205.89716700000002,436.75113250000004,33.3039095,-65.50872700000001,256.917846,96.31871749999999,-39.906848000000004,-42.176334,-30.853603000000007
-119.32482433333332,597.2123073333333,269.09016066666663,-206.5096375,437.61096599999996,33.309003999999995,-65.77989550000001,258.7821575,98.210914,-39.74681700000001,-42.58865899999998,-30.539600000000007
-119.412532,597.7385756666666,269.1107793333333,-207.117864,438.46564950000004,33.321169499999996,-66.0492105,260.667603,100.116802,-39.584687,-42.99993600000002,-30.220844000000014
-119.49936133333334,598.2655626666666,269.132319,-207.7213725,439.314748,33.340278999999995,-66.31650450000001,262.573716,102.03510700000001,-39.420439,-43.409962000000036,-29.897441999999998
-119.58527633333331,598.793074,269.1547613333333,-208.3196985,440.157835,33.366194500000006,-66.581616,264.500006,103.964541,-39.254042,-43.81853799999999,-29.569522000000006
-119.67024199999999,599.3209173333333,269.17808766666667,-208.91238850000002,440.99449200000004,33.3987705,-66.8443805,266.4459615,105.903805,-39.085453,-44.225469000000004,-29.237234
-119.75422533333334,599.8489020000001,269.2022773333333,-209.49900000000002,441.82430899999997,33.4378515,-67.1046405,268.411046,107.851592,-38.914615,-44.630562000000026,-28.900754000000006
-119.837193,600.376841,269.2273103333334,-210.07910600000002,442.646886,33.48328,-67.3622365,270.394698,109.80658700000001,-38.741459000000006,-45.03363000000002,-28.560274000000007
-119.91911366666666,600.9045483333334,269.25316599999996,-210.6522925,443.4618315,33.534893,-67.617016,272.396333,111.7674715,-38.56590799999999,-45.43449000000001,-28.21601100000001
-119.999956,601.4318413333334,269.2798226666667,-211.2181625,444.268764,33.592524999999995,-67.86882700000001,274.415339,113.732923,-38.387872,-45.832966,-27.8682
-120.07969066666665,601.9585406666666,269.307259,-211.7763365,445.06731349999995,33.656009499999996,-68.1175235,276.45108,115.70162200000001,-38.207252999999994,-46.228883999999994,-27.517092000000005
-120.15828800000001,602.48447,269.335452,-212.32645250000002,445.857119,33.725181,-68.36296300000001,278.50289050000003,117.67224999999999,-38.02395,-46.622079000000014,-27.16295799999999
-120.23572000000001,603.009455,269.36437966666665,-212.86816900000002,446.637831,33.7998755,-68.605008,280.57008099999996,119.643492,-37.837852,-47.01239400000003,-26.806077999999985
-120.31196,603.533325,269.3940196666667,-213.401163,447.409112,33.8799305,-68.8435265,282.651934,121.61404250000001,-37.648849000000006,-47.399674000000005,-26.44675100000002
-120.38698199999999,604.0559143333334,269.42434833333334,-213.9251325,448.1706355,33.965189,-69.078392,284.7477055,123.582603,-37.456826,-47.783776999999986,-26.08528000000001
-120.46076066666667,604.5770590000001,269.45534399999997,-214.439798,448.92208800000003,34.0554975,-69.3094845,286.85662449999995,125.547887,-37.261671,-48.16456499999998,-25.721979999999988
-120.53327266666668,605.0965986666668,269.4869826666667,-214.94490000000002,449.663168,34.150707999999995,-69.5366915,288.977894,127.5086235,-37.06327099999999,-48.54191000000003,-25.357167000000004
-120.60449399999999,605.6143773333333,269.519241,-215.440203,450.3935875,34.250679500000004,-69.7599075,291.110691,129.46355649999998,-36.861521,-48.915689999999984,-24.991163
-120.674403,606.1302426666666,269.55209766666667,-215.92549,451.11307250000004,34.355275999999996,-69.979033,293.254168,131.4114485,-36.65632,-49.28579400000001,-24.62428899999999
-120.74297899999999,606.6440466666667,269.58552833333334,-216.400569,451.821361,34.464369,-70.1939795,295.40745200000003,133.35108449999998,-36.447573,-49.652116000000035,-24.256862999999996
-120.810201,607.155644,269.6195113333333,-216.865269,452.51820699999996,34.577837,-70.404665,297.56964849999997,135.2812715,-36.235200000000006,-50.01455900000002,-23.889201000000014
-120.876051,607.664894,269.6540243333333,-217.31944049999998,453.203377,34.695565,-70.611018,299.73984099999996,137.200843,-36.019126,-50.37303600000001,-23.521609999999995
-120.94051,608.1716613333334,269.6890456666667,-217.76295499999998,453.876654,34.817445,-70.8129735,301.91709149999997,139.108662,-35.799293,-50.72746699999999,-23.154387999999997
-121.00356133333332,608.675812,269.7245533333333,-218.195704,454.53783450000003,34.943374999999996,-71.010479,304.1004455,141.003619,-35.575652,-51.077777000000026,-22.787824
-121.06518899999999,609.1772186666667,269.76052666666664,-218.6176015,455.1867305,35.073260000000005,-71.2034895,306.2889315,142.884641,-35.348173,-51.423901,-22.42219400000002
-121.125377,609.675757,269.79694433333333,-219.0285775,455.82317,35.2070095,-71.39197,308.4815625,144.75068850000002,-35.116839999999996,-51.76577900000001,-22.057761
-121.18411133333332,610.1713073333334,269.833787,-219.428584,456.44699649999995,35.3445395,-71.575897,310.67734199999995,146.600759,-34.881651999999995,-52.10336000000001,-21.694772
-121.24137933333333,610.663754,269.87103533333334,-219.817588,457.0580685,35.4857675,-71.7552555,312.8752615,148.4338905,-34.642627000000005,-52.436597000000006,-21.333459000000005
-121.297168,611.1529859999999,269.90867,-220.19557650000002,457.65626,35.630618,-71.93004049999999,315.0743075,150.249163,-34.39979699999999,-52.765446999999995,-20.974040000000002
-121.351466,611.638897,269.94667333333337,-220.5625505,458.241462,35.7790155,-72.1002575,317.2734615,152.045699,-34.153209,-53.089875000000006,-20.616714
-121.40426333333335,612.121383,269.98502733333333,-220.91852649999998,458.8135805,35.930887500000004,-72.265922,319.471704,153.8226675,-33.902932,-53.409850000000006,-20.26166699999999
-121.45554966666667,612.600347,270.02371633333337,-221.2635355,459.372537,36.086162,-72.4270585,321.66801699999996,155.5792835,-33.649045,-53.72534400000001,-19.909065
-121.50531600000001,613.0756946666667,270.06272399999995,-221.597623,459.918271,36.244768,-72.583703,323.86138800000003,157.31481200000002,-33.39164400000001,-54.03633199999996,-19.559060000000017
-121.55355566666667,613.5473373333333,270.102036,-221.9208445,460.450734,36.406632,-72.735899,326.050812,159.0285675,-33.130840000000006,-54.342794000000026,-19.211791000000005
-121.60026066666667,614.0151883333333,270.14163766666667,-222.2332695,460.9698955,36.57168,-72.8837,328.235294,160.71991500000001,-32.866754,-54.64471000000003,-18.867379999999997
-121.645425,614.4791683333333,270.18151666666665,-222.5349755,461.47574,36.739833999999995,-73.0271685,330.413854,162.3882735,-32.59952100000001,-54.942068000000006,-18.525937
-121.68904400000001,614.9392,270.22166,-222.826051,461.9682675,36.9110155,-73.16637800000001,332.5855295,164.033114,-32.32928600000001,-55.23485099999999,-18.18755999999999
-121.73111233333333,615.3952113333334,270.2620566666667,-223.1065925,462.4474915,37.0851375,-73.30140800000001,334.749376,165.65396149999998,-32.056202,-55.52304800000002,-17.85233500000001
-121.77162700000001,615.847135,270.30269633333336,-223.37670500000002,462.91344100000003,37.2621125,-73.43234700000001,336.9044735,167.25039600000002,-31.780430000000003,-55.80664899999999,-17.52033800000001
-121.81058466666667,616.2949066666666,270.3435696666666,-223.636498,463.3661595,37.4418445,-73.5592935,339.049927,168.822051,-31.502138999999993,-56.085646,-17.19163599999999
-121.84798333333333,616.738468,270.3846686666667,-223.88609000000002,463.805703,37.624233000000004,-73.682351,341.1848695,170.3686145,-31.221502000000008,-56.360029,-16.866288999999995
-121.88382100000001,617.1777636666667,270.4259856666667,-224.1256015,464.2321415,37.8091715,-73.80163350000001,343.3084655,171.88983000000002,-30.938695000000003,-56.629795,-16.54434599999999
-121.918098,617.612743,270.4675143333333,-224.35515850000002,464.64555800000005,37.9965465,-73.917261,345.4199125,173.3854945,-30.653895999999996,-56.89493500000003,-16.225853
-121.950814,618.0433596666667,270.5092483333333,-224.57489149999998,465.0460465,38.186238,-74.029359,347.5184425,174.8554585,-30.367286,-57.155448999999976,-15.910848999999985
-121.98197033333334,618.4695716666666,270.5511843333333,-224.7849315,465.4337145,38.3781185,-74.1380625,349.6033265,176.299626,-30.079047000000003,-57.41133099999996,-15.599364000000008
-122.01156800000001,618.8913406666667,270.593318,-224.985412,465.80867850000004,38.5720565,-74.243511,351.6738735,177.717952,-29.78936000000001,-57.66258099999999,-15.291426000000001
-122.03960966666666,619.3086326666667,270.63564733333334,-225.1764685,466.171065,38.7679125,-74.3458505,353.7294335,179.110443,-29.498401,-57.909197000000006,-14.987055999999995
-122.06609833333334,619.7214183333334,270.67817133333335,-225.358237,466.52101100000004,38.965541,-74.4452325,355.769399,180.47715649999998,-29.206353000000007,-58.151182000000006,-14.68626900000001
-122.09103733333332,620.1296719999999,270.72088866666667,-225.53085249999998,466.8586615,39.164792000000006,-74.541812,357.7932055,181.818197,-28.913390000000007,-58.38853700000004,-14.389071999999999
-122.11443133333334,620.533371,270.76379966666667,-225.69444900000002,467.184169,39.365511999999995,-74.635752,359.800333,183.1337165,-28.619687999999996,-58.62126599999999,-14.095467000000014
-122.13628533333333,620.9324986666667,270.8069066666667,-225.8491615,467.49769249999997,39.567541,-74.727217,361.7903055,184.423913,-28.32542,-58.849373000000014,-13.805448000000013
-122.15660533333335,621.32704,270.85021166666667,-225.99512049999998,467.799397,39.7707185,-74.816376,363.762693,185.689028,-28.030758,-59.072865999999976,-13.518995999999987
-122.17539700000002,621.7169856666668,270.8937183333333,-226.1324565,468.0894515,39.974882,-74.9033995,365.71711,186.9293445,-27.735873000000005,-59.29174999999998,-13.236089000000021
-122.19266699999999,622.1023289999999,270.93743166666667,-226.261297,468.36802950000003,40.1798675,-74.988463,367.6532165,188.14518800000002,-27.440936000000008,-59.506035,-12.956688000000014
-122.208424,622.4830676666667,270.9813563333333,-226.3817665,468.6353075,40.38551150000001,-75.071743,369.570716,189.3369195,-27.146116,-59.715732,-12.680743000000007
-122.22267433333333,622.859202,271.025499,-226.493986,468.891463,40.591654,-75.1534165,371.4693575,190.50493749999998,-26.851585000000007,-59.92085099999997,-12.408193000000011
-122.23542833333333,623.2307373333333,271.06986766666665,-226.598074,469.13667350000003,40.798136,-75.23366200000001,373.348931,191.649676,-26.557516000000007,-60.12140599999998,-12.138959999999997
-122.24669333333334,623.5976813333333,271.11447,-226.6941455,469.37111749999997,41.004805,-75.3126575,375.209268,192.771598,-26.264081000000004,-60.317408,-11.872951999999998
-122.25648033333334,623.9600453333334,271.159316,-226.782312,469.594972,41.2115145,-75.3905805,377.050241,193.8711995,-25.971459000000003,-60.50887400000005,-11.610059000000007
-122.26479833333333,624.3178443333333,271.204415,-226.862681,469.80841,41.418124,-75.467607,378.87176,194.949003,-25.679826,-60.695816000000036,-11.350155999999998
-122.27165866666667,624.6710963333334,271.2497786666667,-226.935357,470.0116035,41.624504,-75.54391100000001,380.67377,196.00555500000002,-25.38937,-60.878251999999975,-11.093100000000021
-122.27707166666669,625.0198220000001,271.29541866666665,-227.0004425,470.2047185,41.830535,-75.6196645,382.4562515,197.0414275,-25.10027300000001,-61.056197,-10.838730999999996
-122.28104866666666,625.3640463333335,271.341348,-227.0580345,470.3879165,42.036108999999996,-75.69503399999999,384.2192155,198.0572115,-24.812730000000002,-61.229669,-10.586869000000007
-122.28360166666668,625.7037956666667,271.387579,-227.108229,470.561354,42.241133,-75.770184,385.9626995,199.053517,-24.526931999999995,-61.398685,-10.337322
-122.28474366666667,626.0391006666667,271.434127,-227.151118,470.72517949999997,42.445527,-75.8452715,387.68677,200.03097,-24.24307900000001,-61.563264000000004,-10.089877999999999
-122.28448600000002,626.3699936666667,271.48100633333337,-227.1867935,470.8795355,42.649227499999995,-75.920451,389.39151400000003,200.9902105,-23.961374000000006,-61.72342599999996,-9.844313
-122.282842,626.6965106666667,271.528233,-227.21534350000002,471.0245555,42.85219,-75.995868,391.0770375,201.93189,-23.682018,-61.879189,-9.600387999999981
-122.27982566666667,627.0186883333333,271.5758223333333,-227.236857,471.160366,43.054385,-76.071663,392.743464,202.85666750000001,-23.40522,-62.030575999999996,-9.357853000000006
-122.27544999999999,627.3365686666666,271.6237913333333,-227.2514195,471.28708500000005,43.25580600000001,-76.14796799999999,394.39092949999997,203.76521,-23.131186,-62.17760900000002,-9.116447999999991
-122.269729,627.6501939999999,271.672158,-227.2591185,471.4048205,43.456464,-76.224907,396.01957949999996,204.6581885,-22.860124,-62.320311000000004,-8.875909000000007
-122.26267733333334,627.9596083333333,271.7209393333333,-227.2600415,471.51367200000004,43.656389999999995,-76.302596,397.629565,205.53627649999999,-22.592237999999995,-62.458708,-8.635965000000027
-122.25430899999999,628.26486,271.770154,-227.2542765,471.61373000000003,43.8556395,-76.3811425,399.22104149999996,206.4001465,-22.327732999999995,-62.592827,-8.396343000000002
-122.24463966666667,628.5659976666667,271.81982,-227.241913,471.705077,44.0542855,-76.460643,400.79416349999997,207.2504685,-22.066806,-62.72269899999998,-8.15677500000001
-122.23368366666666,628.8630710000001,271.869957,-227.22304300000002,471.78778450000004,44.2524255,-76.541185,402.3490815,208.0879095,-21.809650000000005,-62.84835499999997,-7.916992999999991
-122.22145699999999,629.156134,271.92058333333335,-227.197762,471.861918,44.4501765,-76.62284700000001,403.885941,208.913127,-21.556449999999998,-62.969832,-7.676739999999995
-122.20797533333332,629.4452396666667,271.9717196666666,-227.166168,471.92753300000004,44.647678,-76.70569599999999,405.404877,209.7267725,-21.307382000000004,-63.087166000000025,-7.4357669999999985
-122.19325399999998,629.7304426666666,272.02338533333335,-227.12836399999998,471.9846775,44.84509,-76.78979,406.906014,210.52948700000002,-21.062612,-63.200402,-7.1938399999999945
-122.17730933333333,630.0118006666667,272.07560000000007,-227.0844565,472.033393,45.0425915,-76.8751745,408.389463,211.3218975,-20.822291000000007,-63.309582000000034,-6.950740999999994
-122.16015699999998,630.2893703333333,272.1283826666667,-227.034558,472.0737145,45.2403835,-76.96188649999999,409.855317,212.10461800000002,-20.586562999999998,-63.414758000000006,-6.706269999999989
-122.14181366666666,630.5632096666667,272.181755,-226.9787875,472.10567149999997,45.4386835,-77.0499505,411.3036535,212.878247,-20.355551000000006,-63.51598100000001,-6.460248000000007
-122.12229566666667,630.8333783333334,272.23573566666664,-226.91727,472.12928750000003,45.63772650000001,-77.13938350000001,412.7345295,213.64336550000002,-20.129364999999993,-63.61331100000001,-6.212519000000015
-122.10162000000001,631.0999350000001,272.29034466666667,-226.850135,472.14458249999996,45.8377645,-77.2301895,414.147981,214.4005355,-19.908101000000002,-63.706808000000024,-5.962952999999999
-122.07980333333334,631.36294,272.345602,-226.77752249999998,472.151573,46.039064,-77.32236449999999,415.5440255,215.1503015,-19.69183299999999,-63.796538999999996,-5.711444999999998
-122.05686166666665,631.6224530000001,272.4015266666667,-226.6995785,472.15027499999997,46.241904,-77.41589350000001,416.92265599999996,215.89318500000002,-19.480622999999994,-63.882574000000034,-5.457915999999983
-122.03281266666666,631.8785336666666,272.45813833333335,-226.616456,472.1407005,46.4465755,-77.5107525,418.2838455,216.6296855,-19.274513,-63.96498700000001,-5.202318999999989
-122.007673,632.131242,272.515455,-226.5283175,472.122864,46.6533795,-77.60691,419.627545,217.360281,-19.07352800000001,-64.04385400000001,-4.9446279999999945
-121.98145966666668,632.3806376666668,272.5734953333333,-226.435333,472.0967785,46.862624,-77.704323,420.95368399999995,218.085424,-18.877676000000008,-64.119258,-4.6848500000000115
-121.95419,632.6267793333333,272.632277,-226.33768049999998,472.0624605,47.074624,-77.8029425,422.262173,218.805545,-18.68695299999999,-64.191282,-4.423016000000018
-121.92588166666667,632.8697246666667,272.6918183333334,-226.235547,472.0199285,47.2896985,-77.9027125,423.552904,219.521048,-18.501334999999997,-64.26001400000001,-4.15918400000001
-121.896551,633.1095316666667,272.752135,-226.12912599999999,471.969205,47.508167,-78.0035665,424.82574950000003,220.232311,-18.32078700000001,-64.32554299999998,-3.8934360000000083
-121.866216,633.346257,272.81324366666666,-226.018622,471.9103175,47.7303505,-78.1054345,426.0805695,220.9396875,-18.145261000000005,-64.38795899999997,-3.6258770000000027
-121.83489366666667,633.579956,272.87515899999994,-225.9042445,471.8432995,47.956567,-78.20823999999999,427.3172075,221.6435055,-17.974698000000004,-64.44735500000002,-3.356630999999993
-121.802602,633.8106823333333,272.93789666666663,-225.786212,471.768189,48.187130999999994,-78.311898,428.535498,222.344065,-17.809030000000007,-64.50382200000001,-3.0858420000000137
-121.76935866666666,634.0384893333334,273.0014693333333,-225.6647495,471.68503450000003,48.422351,-78.4163225,429.735265,223.0416405,-17.648181000000008,-64.55745399999995,-2.8136709999999994
-121.73518066666668,634.263428,273.065891,-225.54009050000002,471.5938915,48.662527,-78.52141950000001,430.9163265,223.73648150000002,-17.492070999999996,-64.608341,-2.5402890000000014
-121.700087,634.485549,273.1311723333333,-225.41247249999998,471.494823,48.9079485,-78.627093,432.0784975,224.4288085,-17.340614000000002,-64.65657500000003,-2.265878999999984
-121.66409399999999,634.7049000000001,273.1973253333333,-225.2821405,471.387903,49.1588945,-78.7332425,433.221591,225.1188195,-17.193723000000006,-64.70224200000001,-1.9906330000000025
-121.62722133333334,634.9215273333333,273.26435833333335,-225.1493435,471.27321500000005,49.415628500000004,-78.839765,434.34542150000004,225.80668450000002,-17.051311999999996,-64.745429,-1.714747000000017
-121.58948600000001,635.1354763333334,273.33228133333336,-225.01433600000001,471.1508535,49.6784015,-78.946556,435.44980899999996,226.4925495,-16.913296000000003,-64.78621800000002,-1.4384190000000103
-121.55090666666668,635.3467890000001,273.40110066666665,-224.877376,471.0209235,49.947445,-79.0535055,436.534579,227.176535,-16.779593000000006,-64.82468800000004,-1.1618480000000204
-121.51150166666666,635.555507,273.47082266666666,-224.738724,470.88354100000004,50.222974,-79.160507,437.59956850000003,227.85873800000002,-16.650126,-64.86091300000004,-0.8852260000000172
-121.471289,635.7616686666667,273.54145266666666,-224.59864299999998,470.738835,50.505183,-79.2674485,438.644624,228.5392305,-16.524824999999993,-64.89496400000002,-0.608744999999999
-121.43028766666667,635.9653106666666,273.6129936666667,-224.4573975,470.58694349999996,50.794246,-79.374221,439.66960900000004,229.2180625,-16.403626000000003,-64.92690199999998,-0.3325889999999845
-121.388517,636.166469,273.6854476666667,-224.315252,470.428018,51.0903155,-79.48071350000001,440.674401,229.895263,-16.28647500000001,-64.95678800000002,-0.056930000000022574
-121.34599466666667,636.3651756666667,273.75881566666664,-224.1724715,470.26222099999995,51.3935205,-79.586815,441.65889749999997,230.57083599999999,-16.173326000000003,-64.98467699999998,0.2180699999999831
-121.30274033333332,636.5614616666667,273.8330966666667,-224.029318,470.08972800000004,51.7039665,-79.692417,442.6230155,231.2447675,-16.06414199999999,-65.01061300000003,0.49225699999999506
-121.25877333333335,636.7553553333333,273.90828833333336,-223.886052,469.9107235,52.0217345,-79.79741,443.56669350000004,231.917023,-15.95889600000001,-65.03463900000003,0.7654939999999897
-121.21411166666667,636.9468840000001,273.984387,-223.742932,469.725405,52.346880999999996,-79.90168800000001,444.489891,232.58754750000003,-15.85757199999999,-65.05678999999998,1.0376550000000009
-121.16877566666666,637.1360726666667,274.06138766666663,-223.60021,469.53398,52.679436,-80.0051455,445.39259400000003,233.2562695,-15.760160999999997,-65.07709800000003,1.3086289999999963
-121.12278366666665,637.3229436666667,274.139283,-223.4581345,469.336666,53.019405000000006,-80.10768,446.2748085,233.92309999999998,-15.666665999999992,-65.09558500000003,1.578317999999996
-121.07615633333332,637.5075183333333,274.2180653333333,-223.316947,469.133692,53.366767499999995,-80.209191,447.136568,234.5879325,-15.577092000000007,-65.11227200000002,1.846636999999987
-121.02891266666666,637.6898156666666,274.29772433333335,-223.17688249999998,468.9252955,53.7214765,-80.30958050000001,447.977928,235.25064650000002,-15.491459000000006,-65.12717200000003,2.1135129999999833
-120.98107233333333,637.8698536666667,274.37824866666665,-223.0381685,468.711722,54.083459000000005,-80.4087535,448.7989685,235.91110600000002,-15.409785,-65.14029500000004,2.3788879999999892
-120.932655,638.0476473333333,274.45962633333335,-222.901023,468.4932275,54.4526175,-80.5066195,449.59979250000004,236.569163,-15.332099,-65.15164899999996,2.642709999999994
-120.88368033333334,638.223211,274.54184200000003,-222.76565499999998,468.27007349999997,54.8288285,-80.6030885,450.38052600000003,237.22465649999998,-15.258429000000007,-65.16123599999997,2.9049389999999846
-120.83416899999999,638.3965583333334,274.6248803333333,-222.632264,468.0425305,55.211943500000004,-80.6980765,451.1413155,237.8774135,-15.188805000000002,-65.16905700000001,3.1655409999999904
-120.78414,638.5676990000001,274.7087246666667,-222.501038,467.8108725,55.601791,-80.7915025,451.8823275,238.527252,-15.12325700000001,-65.17511299999995,3.4244919999999865
-120.733615,638.736644,274.793356,-222.372154,467.5753815,55.998175,-80.8832875,452.6037485,239.1739805,-15.061813,-65.17939899999999,3.6817669999999794
-120.68261233333334,638.9034013333334,274.8787543333333,-222.2457765,467.336343,56.400877,-80.97335849999999,453.3057805,239.817398,-15.004497,-65.181917,3.937347999999986
-120.63115333333333,639.0679776666667,274.96489933333334,-222.12205799999998,467.0940465,56.8096565,-81.061645,453.98864149999997,240.457299,-14.95132799999999,-65.18266499999999,4.191214000000002
-120.57925866666666,639.2303796666666,275.0517673333334,-222.00113850000002,466.84878349999997,57.224253499999996,-81.1480795,454.652563,241.0934695,-14.902316999999996,-65.18164200000001,4.443347000000017
-120.52694733333334,639.3906126666667,275.1393356666667,-221.883145,466.6008495,57.644387,-81.232599,455.29778799999997,241.72569099999998,-14.857467999999997,-65.17885199999995,4.693724000000003
-120.474241,639.5486803333333,275.2275796666667,-221.76819,466.350539,58.069759,-81.3151435,455.92457,242.353742,-14.816772999999998,-65.17430200000001,4.942318
-120.42115966666667,639.7045863333334,275.31647233333337,-221.6563735,466.098148,58.5000525,-81.3956575,456.533169,242.9773975,-14.780213000000003,-65.168,5.189098999999999
-120.36772366666668,639.8583320000001,275.4059886666667,-221.54778199999998,465.8439715,58.9349355,-81.4740865,457.1238525,243.5964295,-14.747757000000007,-65.15995899999996,5.434027000000015
-120.31395433333334,640.0099206666667,275.49609933333335,-221.442488,465.58830250000005,59.3740625,-81.550382,457.696891,244.21061,-14.71936199999999,-65.15020200000004,5.677057999999988
-120.25987100000002,640.1593526666667,275.58677666666665,-221.3405505,465.3314325,59.817074,-81.624496,458.25255949999996,244.81971099999998,-14.694969999999998,-65.13874900000002,5.918135999999976
-120.205495,640.306629,275.67799033333336,-221.24201549999998,465.0736485,60.263600499999995,-81.6963845,458.791131,245.4235055,-14.674506999999991,-65.125632,6.157198999999991
-120.150846,640.4517496666666,275.7697113333333,-221.146916,464.81523500000003,60.713261,-81.766006,459.312882,246.021768,-14.657889999999995,-65.11088800000005,6.394175999999987
-120.09594466666665,640.5947143333333,275.86190833333336,-221.0552725,464.5564685,61.165667,-81.833321,459.818084,246.614276,-14.645017999999993,-65.09455600000001,6.628984000000003
-120.04081133333334,640.7355233333333,275.9545503333334,-220.967092,464.2976225,61.620425,-81.898293,460.307007,247.2008115,-14.635773999999998,-65.076686,6.861534999999975
-119.98546600000002,640.8741756666667,276.04760533333337,-220.8823715,464.03896199999997,62.0771345,-81.9608865,460.7799185,247.781161,-14.630034999999992,-65.05733299999997,7.091731999999979
-119.92992833333334,641.010672,276.14104133333336,-220.801096,463.780744,62.5353935,-82.021069,461.2370795,248.3551165,-14.627657999999997,-65.03655700000002,7.319467000000003
-119.874218,641.1450103333333,276.23482533333333,-220.72323899999998,463.523219,62.9947975,-82.07881,461.6787475,248.92247700000001,-14.628494000000003,-65.01442300000002,7.544632000000007
-119.81835566666666,641.2771906666667,276.3289253333333,-220.64876500000003,463.2666275,63.4549425,-82.134078,462.1051735,249.4830475,-14.632382000000007,-64.99100300000003,7.76710700000001
-119.762359,641.4072133333333,276.423309,-220.5776285,463.0111995,63.915428500000004,-82.1868455,462.516605,250.03664300000003,-14.639153000000007,-64.96637200000004,7.986773999999997
-119.706248,641.5350783333333,276.5179416666667,-220.50977699999999,462.7571555,64.375855,-82.2370865,462.9132815,250.583088,-14.648629,-64.94061099999999,8.203508
-119.65004133333332,641.6607853333334,276.61279199999996,-220.445147,462.504705,64.83583150000001,-82.2847745,463.29544,251.122213,-14.660630999999995,-64.91380199999998,8.417185999999987
-119.593757,641.784336,276.707826,-220.383672,462.254046,65.29496950000001,-82.3298855,463.6633095,251.653864,-14.674971,-64.886033,8.627685999999983
-119.53741366666668,641.905731,276.8030123333333,-220.3252765,462.005365,65.7528935,-82.372397,464.0171165,252.17789349999998,-14.691461999999987,-64.85738900000001,8.83488699999998
-119.48102866666666,642.024972,276.89831733333335,-220.26988,461.75883550000003,66.20923350000001,-82.412286,464.357083,252.6941685,-14.709916000000007,-64.82796200000001,9.038674999999984
-119.424619,642.1420616666667,276.9937093333333,-220.2173995,461.5146195,66.663634,-82.449533,464.6834285,253.20256750000001,-14.730148,-64.79783900000001,9.238939000000016
-119.36820233333333,642.2570026666666,277.08915666666667,-220.16774500000002,461.272866,67.11574999999999,-82.48411899999999,464.9963685,253.702981,-14.75197200000001,-64.767111,9.435580000000016
-119.31179466666667,642.3697993333333,277.184628,-220.1208265,461.0337095,67.56525149999999,-82.51602700000001,465.296118,254.195314,-14.775211999999996,-64.73586599999999,9.62850400000002
-119.25541233333335,642.480455,277.28009233333336,-220.0765505,460.79727449999996,68.0118225,-82.5452405,465.582892,254.679483,-14.799693000000005,-64.70418799999999,9.817632000000003
-119.19907033333334,642.588976,277.37552,-220.03482300000002,460.563669,68.4551635,-82.57174599999999,465.856904,255.15542,-14.825249999999997,-64.67216000000002,10.002895999999964
-119.142785,642.6953676666667,277.47088133333335,-219.99554849999998,460.3329915,68.894992,-82.59553349999999,466.11837,255.62306999999998,-14.851726999999997,-64.63986200000005,10.184240000000017
-119.08657,642.7996373333334,277.56614833333333,-219.9586335,460.1053245,69.3310425,-82.616593,466.3675085,256.082393,-14.878976000000009,-64.607369,10.36162600000003
-119.03044033333333,642.9017923333333,277.661292,-219.92398400000002,459.8807405,69.7630705,-82.6349185,466.6045405,256.5333635,-14.906858999999997,-64.57475299999999,10.535027000000014
-118.97440933333333,643.0018423333332,277.756286,-219.8915075,459.6592985,70.1908485,-82.650509,466.829692,256.97597,-14.935249999999996,-64.54207600000001,10.70443400000002
-118.91848966666664,643.0997963333333,277.851104,-219.86111449999999,459.4410445,70.61417,-82.663364,467.04319250000003,257.410215,-14.964033999999998,-64.50940099999997,10.869855999999999
-118.86269500000002,643.1956650000001,277.94572066666666,-219.8327195,459.2260135,71.03285,-82.673489,467.24527950000004,257.836118,-14.993108000000007,-64.47677900000002,11.031315999999975
-118.80703666666666,643.2894606666667,278.0401116666667,-219.806239,459.0142305,71.446723,-82.6808935,467.436197,258.2537095,-15.022379,-64.44425999999999,11.188855000000018
-118.75152700000001,643.3811956666667,278.13425466666666,-219.781593,458.80570750000004,71.8556455,-82.68559300000001,467.6161935,258.6630375,-15.051766,-64.41188499999998,11.342528999999985
-118.69617699999999,643.4708836666667,278.22812700000003,-219.7587075,458.6004465,72.259496,-82.6876075,467.78553,259.0641625,-15.081200999999993,-64.37968799999999,11.49240899999998
-118.64099733333335,643.5585396666667,278.32170766666667,-219.7375125,458.3984405,72.658175,-82.6869615,467.944472,259.45716,-15.110624999999999,-64.34769799999998,11.638582000000014
-118.58599833333334,643.644179,278.41497699999996,-219.717944,458.1996725,73.0516045,-82.683689,468.0932965,259.84211849999997,-15.139990000000012,-64.31593699999996,11.781150999999994
-118.531189,643.7278193333333,278.507916,-219.6999425,458.004116,73.4397275,-82.6778275,468.23228800000004,260.2191405,-15.169257000000002,-64.284422,11.920229000000006
-118.47657833333334,643.8094773333333,278.6005073333333,-219.68345549999998,457.811738,73.82251,-82.6694235,468.361741,260.588343,-15.198397,-64.25316199999997,12.055941999999988
-118.42217633333333,643.8891723333332,278.69273433333336,-219.66843599999999,457.62249499999996,74.199939,-82.65853050000001,468.48196,260.9498535,-15.227389000000002,-64.22216200000003,12.188428999999985
-118.36799033333334,643.9669243333333,278.78458166666667,-219.654843,457.43633750000004,74.572023,-82.64520949999999,468.5932565,261.3038145,-15.256219000000002,-64.19142099999999,12.31783500000003
-118.31402766666668,644.042753,278.87603533333333,-219.64264300000002,457.25320999999997,74.93879199999999,-82.629531,468.6959535,261.65038000000004,-15.28488200000001,-64.16093099999995,12.444316000000015
-118.260296,644.1166806666666,278.96708233333334,-219.63180799999998,457.0730495,75.3002965,-82.611571,468.79038149999997,261.9897155,-15.313376000000005,-64.13068100000004,12.56803499999998
-118.20680166666666,644.18873,279.0577113333334,-219.622318,456.8957865,75.6566065,-82.591417,468.87687800000003,262.3220005,-15.341707999999997,-64.10065600000001,12.689159000000018
-118.15355133333333,644.2589233333333,279.1479113333333,-219.61415799999997,456.72134800000003,76.007813,-82.5691625,468.955791,262.647423,-15.369883000000002,-64.07083600000004,12.807860000000005
-118.10055100000001,644.3272860000001,279.23767333333336,-219.60732050000001,456.5496545,76.354025,-82.5449115,469.027472,262.9661825,-15.397919000000002,-64.04119800000001,12.924312999999984
-118.04780566666666,644.393842,279.3269883333333,-219.60180450000001,456.380622,76.6953695,-82.51877400000001,469.092281,263.2784905,-15.425830000000005,-64.01171399999998,13.038693000000023
-117.99532133333332,644.458618,279.41584966666665,-219.59761350000002,456.2141625,77.031994,-82.4908715,469.1505815,263.58456850000005,-15.453637,-63.982354999999984,13.151177000000018
-117.94310133333333,644.5216396666666,279.50425233333334,-219.5947605,456.0501845,77.36406,-82.4613305,469.202741,263.88464550000003,-15.481360999999993,-63.95308799999998,13.261941000000036
-117.89115066666666,644.5829353333334,279.5921903333333,-219.5932615,455.888592,77.69174699999999,-82.4302865,469.24913100000003,264.1789625,-15.509026999999989,-63.923878,13.371156999999982
-117.83947333333333,644.642532,279.6796603333333,-219.593139,455.729286,78.0152485,-82.39788300000001,469.290124,264.46776750000004,-15.536659999999998,-63.89468999999997,13.478996999999993
-117.78807333333333,644.7004586666667,279.76665933333334,-219.594421,455.572165,78.3347735,-82.3642685,469.326092,264.7513185,-15.564289000000002,-63.86548399999998,13.585628999999983
-117.73695333333335,644.7567443333334,279.8531863333333,-219.59714050000002,455.417123,78.6505435,-82.3296005,469.3574085,265.02988000000005,-15.591943,-63.83622299999996,13.691214000000002
-117.68611700000001,644.811419,279.9392403333333,-219.6013355,455.26405450000004,78.962793,-82.2940385,469.38444200000004,265.303726,-15.619651000000005,-63.80686399999996,13.795909999999992
-117.63556766666666,644.8645123333332,280.0248206666667,-219.607046,455.112849,79.271768,-82.25775,469.4075585,265.57313550000003,-15.647449999999992,-63.77736700000003,13.899869000000024
-117.58530766666667,644.9160553333332,280.10992933333335,-219.6143185,454.96339450000005,79.5777235,-82.22090499999999,469.4271195,265.8383955,-15.675370000000001,-63.74768900000004,14.003239000000008
-117.53533933333334,644.9660793333334,280.19456800000006,-219.6232015,454.81557899999996,79.8809245,-82.183678,469.44347849999997,266.09979799999996,-15.703451999999999,-63.71778899999998,14.106159999999988
-117.485666,645.0146146666667,280.27873900000003,-219.633745,454.669286,80.18164300000001,-82.1462445,469.4569825,266.357642,-15.73173100000001,-63.687622999999974,14.208765999999969
-117.43628933333333,645.061694,280.3624466666667,-219.646004,454.5244,80.480158,-82.1087845,469.467968,266.612229,-15.760251000000011,-63.65714800000001,14.311188000000016
-117.38721266666668,645.1073486666668,280.44569433333334,-219.6600325,454.3808045,80.776754,-82.07147499999999,469.4767625,266.863867,-15.789056000000002,-63.62632099999996,14.413546000000053
-117.33843766666666,645.1516113333333,280.528486,-219.675887,454.238381,81.0717195,-82.034496,469.4836795,267.1128665,-15.818194000000005,-63.595099000000005,14.515958999999953
-117.28996666666667,645.1945133333332,280.610828,-219.693625,454.0970115,81.365343,-81.9980245,469.48902150000004,267.3595395,-15.847714999999994,-63.563436999999965,14.618537000000003
-117.24180266666667,645.2360873333333,280.6927256666667,-219.713302,453.956578,81.657919,-81.9622375,469.4930755,267.60420250000004,-15.877672999999987,-63.531293000000005,14.721386999999993
-117.19394733333333,645.276366,280.774185,-219.734976,453.81696250000005,81.949738,-81.927307,469.4961135,267.8471715,-15.908128000000005,-63.49862300000001,14.824611000000004
-117.14640366666667,645.3153813333333,280.85521166666666,-219.7587005,453.6780475,82.24109,-81.893403,469.49839199999997,268.08876250000003,-15.939139999999995,-63.46538400000003,14.928302999999971
-117.09917433333334,645.3531653333333,280.93581366666666,-219.78453100000002,453.539717,82.5322635,-81.86069,469.50014999999996,268.3292905,-15.970776,-63.43153000000001,15.032556999999997
-117.05226233333333,645.3897503333333,281.0159966666667,-219.8125175,453.401857,82.8235415,-81.8293275,469.50160900000003,268.5690705,-16.003107,-63.39702200000005,15.137459000000035
-117.00566966666666,645.425168,281.09576866666663,-219.84271,453.264353,83.115202,-81.79946799999999,469.502973,268.808412,-16.036206000000007,-63.361811999999986,15.24309599999998
-116.95940033333333,645.45945,281.1751363333333,-219.8751535,453.127096,83.4075165,-81.771258,469.50442699999996,269.0476225,-16.070152000000007,-63.32585999999998,15.34954700000003
-116.91345766666667,645.4926266666668,281.2541076666667,-219.90989050000002,452.9899765,83.700748,-81.74483649999999,469.5061365,269.2870015,-16.105024999999998,-63.289120999999966,15.456890999999985
-116.86784466666666,645.5247290000001,281.332689,-219.9469595,452.8528905,83.99515149999999,-81.72033250000001,469.50825050000003,269.526846,-16.140912999999998,-63.251553,15.565202
-116.82256566666668,645.5557883333333,281.4108886666666,-219.9863925,452.7157355,84.290971,-81.697869,469.5108975,269.76744099999996,-16.177903999999998,-63.21311300000002,15.674552000000006
-116.77762433333332,645.5858333333334,281.488714,-220.02822,452.5784145,84.588438,-81.67755600000001,469.514187,270.0090645,-16.216088,-63.17375800000002,15.785012999999992
-116.733025,645.6148933333334,281.56617166666666,-220.0724655,452.440833,84.8877735,-81.6594965,469.5182125,270.2519845,-16.255559000000005,-63.133443,15.89665100000002
-116.68877199999999,645.642997,281.6432683333333,-220.1191475,452.3029015,85.189184,-81.6437815,469.5230475,270.49645599999997,-16.296413,-63.092129,16.00953199999998
-116.64487066666668,645.6701716666668,281.72001266666666,-220.168278,452.1645365,85.492862,-81.630492,469.5287505,270.74272199999996,-16.338746,-63.04976899999997,16.123717999999997
-116.60132566666668,645.696445,281.7964093333333,-220.219865,452.025657,85.7989855,-81.6196975,469.5353625,270.99100999999996,-16.38265899999999,-63.006325000000004,16.239273999999966
-116.55814266666665,645.7218423333334,281.872466,-220.273909,451.8861905,86.1077155,-81.611456,469.54291,271.241532,-16.428246,-62.961749999999995,16.35625600000003
-116.515327,645.7463896666667,281.948188,-220.33040499999998,451.746067,86.419197,-81.60581450000001,469.55140500000005,271.4944845,-16.47560700000001,-62.91600399999999,16.474721000000045
-116.47288466666667,645.7701113333333,282.023581,-220.389343,451.605224,86.7335595,-81.60280850000001,469.56084599999997,271.750045,-16.524839,-62.86904199999998,16.594726000000037
-116.43082266666666,645.793031,282.09865066666663,-220.450705,451.46360400000003,87.05091350000001,-81.6024605,469.57122000000004,272.008371,-16.576037,-62.82081999999997,16.716323999999986
-116.38914633333333,645.81517,282.17340099999996,-220.51446800000002,451.321156,87.371352,-81.6047825,469.582504,272.269603,-16.629295,-62.771293999999955,16.83956599999999
-116.34786266666667,645.8365513333334,282.24783733333334,-220.580605,451.1778345,87.694952,-81.6097745,469.5946655,272.53385649999996,-16.684705000000008,-62.72041899999999,16.964500999999984
-116.30697933333335,645.8571936666667,282.32196200000004,-220.64908,451.0336,88.0217685,-81.617424,469.6076635,272.8012285,-16.742356,-62.66814899999997,17.091174999999964
-116.26650266666667,645.8771176666668,282.39577966666667,-220.719854,450.888419,88.3518425,-81.627708,469.621452,273.0717915,-16.802332000000007,-62.61443600000001,17.219632999999988
-116.22644099999998,645.8963406666667,282.46929133333333,-220.7928805,450.742264,88.6851945,-81.640592,469.63597749999997,273.345597,-16.864717999999996,-62.559233000000006,17.349918000000002
-116.18680166666667,645.9148803333333,282.5425006666667,-220.868112,450.59511399999997,89.0218285,-81.65602999999999,469.6511865,273.6226715,-16.929592,-62.502486999999974,17.482068999999967
-116.14759299999999,645.9327523333333,282.61540766666667,-220.9454915,450.446952,89.3617295,-81.67396550000001,469.66701950000004,273.9030195,-16.99702699999999,-62.44414699999999,17.61612299999996
-116.10882266666665,645.9499713333333,282.6880136666666,-221.024961,450.297769,89.7048665,-81.694331,469.68341899999996,274.18662,-17.067096000000006,-62.38416000000001,17.752116
-116.070499,645.966552,282.7603186666667,-221.10645799999998,450.147559,90.0511915,-81.7170505,469.70032649999996,274.4734315,-17.139865,-62.32246900000001,17.89008100000001
-116.03263033333333,645.982506,282.8323216666667,-221.1899145,449.9963225,90.4006395,-81.742037,469.7176855,274.7633865,-17.215397999999993,-62.25901299999998,18.03004900000002
-115.995225,645.9978453333333,282.904022,-221.275262,449.8440645,90.7531305,-81.769194,469.7354405,275.056397,-17.293754000000007,-62.19373300000001,18.172048000000018
-115.95829200000001,646.0125806666666,282.97541666666666,-221.362428,449.69079550000004,91.1085685,-81.798418,469.7535405,275.3523515,-17.374986000000007,-62.126562999999976,18.316103
-115.92183933333335,646.0267213333333,283.0465033333333,-221.45133600000003,449.53652999999997,91.4668455,-81.8295965,469.77193850000003,275.6511175,-17.459147,-62.05743699999999,18.462238999999954
-115.885876,646.0402756666667,283.11727966666666,-221.5419105,449.38128700000004,91.8278375,-81.86260899999999,469.79059099999995,275.95254250000005,-17.546284,-61.98628600000001,18.610478999999998
-115.85041066666668,646.0532513333334,283.18774033333335,-221.634073,449.225088,92.19141049999999,-81.8973295,469.8094605,276.25645499999996,-17.63644099999999,-61.913035000000036,18.760839999999973
-115.81545166666666,646.065655,283.257881,-221.72774249999998,449.06796099999997,92.557416,-81.9336235,469.8285145,276.5626645,-17.729657000000003,-61.83761099999998,18.913341000000003
-115.78100733333333,646.077492,283.327697,-221.822839,448.909935,92.9256975,-81.97135499999999,469.84772499999997,276.870965,-17.825968000000003,-61.75993599999998,19.06799799999999
-115.74708700000001,646.0887676666666,283.397182,-221.919281,448.751044,93.296087,-82.010379,469.8670695,277.181134,-17.925408000000004,-61.67993100000001,19.224824000000012
-115.71369766666668,646.0994850000001,283.46632900000003,-222.0169875,448.591323,93.6684085,-82.05054849999999,469.88653150000005,277.492937,-18.028004999999993,-61.59751499999999,19.383831999999984
-115.68084800000001,646.109648,283.53513233333337,-222.1158765,448.430812,94.042479,-82.091714,469.906098,277.806126,-18.133784000000006,-61.51260400000001,19.545029999999997
-115.64854666666666,646.1192583333333,283.6035826666667,-222.215868,448.269551,94.418109,-82.133722,469.9257595,278.12044349999996,-18.242766000000003,-61.425117,19.708424999999977
-115.6168,646.1283176666666,283.67167266666667,-222.31688100000002,448.10758350000003,94.795102,-82.17641850000001,469.9455105,278.435626,-18.354967000000002,-61.334970999999996,19.874019999999973
-115.585617,646.1368273333333,283.73939433333334,-222.4188365,447.9449545,95.173259,-82.21964750000001,469.965348,278.75140050000005,-18.470399,-61.24208199999998,20.04181699999998
-115.55500400000001,646.1447876666666,283.8067376666667,-222.5216565,447.78171,95.55237650000001,-82.263255,469.985271,279.0674915,-18.589067999999997,-61.146371999999985,20.211813000000006
-115.524968,646.1521980000001,283.8736936666666,-222.62526350000002,447.6178985,95.932249,-82.307087,470.005278,279.3836225,-18.710974000000007,-61.04776399999997,20.383999000000017
-115.49551566666666,646.1590576666666,283.9402523333333,-222.7295825,447.453569,96.312671,-82.35099199999999,470.0253675,279.69951449999996,-18.836110000000005,-60.94618300000002,20.558367000000032
-115.46665366666666,646.1653660000001,284.0064036666667,-222.834539,447.2887705,96.693435,-82.39482,470.04553699999997,280.0148925,-18.964461999999997,-60.84156200000001,20.734894999999995
-115.43838766666666,646.171121,284.0721383333334,-222.9400625,447.1235535,97.07433499999999,-82.43842799999999,470.0657815,280.329485,-19.096007999999998,-60.733836999999994,20.913564000000008
-115.41072366666667,646.1763203333334,284.13744399999996,-223.046081,446.95796900000005,97.4551675,-82.481674,470.08609149999995,280.643026,-19.230716,-60.622956999999985,21.09433999999999
-115.38366666666666,646.1809629999999,284.202311,-223.1525265,446.79206750000003,97.83573,-82.52442500000001,470.1064535,280.955258,-19.368544,-60.508872999999994,21.277188000000024
-115.35722166666666,646.1850450000001,284.266729,-223.2593325,446.6259,98.2158255,-82.5665525,470.126848,281.26593349999996,-19.50943699999999,-60.39155200000005,21.462057000000016
-115.331393,646.1885646666666,284.33068733333334,-223.36643450000003,446.4595175,98.5952605,-82.607936,470.14724950000004,281.574816,-19.653331999999992,-60.27096899999998,21.64889400000004
-115.30618500000001,646.1915193333333,284.3941746666667,-223.47377,446.2929705,98.9738455,-82.648465,470.167623,281.8816825,-19.800150000000002,-60.14711399999999,21.837628999999993
-115.28160100000001,646.1939056666666,284.457181,-223.5812785,446.126309,99.35139799999999,-82.688035,470.1879285,282.1863255,-19.94980000000001,-60.01998900000001,22.028185000000008
-115.25764466666668,646.195721,284.519696,-223.6889005,445.959582,99.727742,-82.72655449999999,470.20811249999997,282.488553,-20.102173000000008,-59.889611,22.220470000000034
-115.23431799999999,646.196963,284.581709,-223.796581,445.7928375,100.1027075,-82.7639405,470.2281155,282.78819050000004,-20.257149,-59.75601500000005,22.414382999999987
-115.21162433333332,646.1976286666667,284.6432116666667,-223.904265,445.6261235,100.4761325,-82.8001225,470.2478675,283.085082,-20.414592999999996,-59.619249000000025,22.609808000000044
-115.189565,646.1977153333333,284.7041933333333,-224.0119,445.459487,100.84786399999999,-82.8350395,470.2672865,283.37909149999996,-20.574350999999993,-59.479378999999994,22.806613000000027
-115.16814199999999,646.1972206666668,284.764646,-224.119437,445.292972,101.21775449999998,-82.8686445,470.2862815,283.67010300000004,-20.736255,-59.33649099999997,23.004658000000006
-115.14735566666667,646.196143,284.82456033333335,-224.22682700000001,445.1266245,101.585668,-82.900902,470.30474949999996,283.9580205,-20.900124000000005,-59.190684999999974,23.203784999999982
-115.127207,646.1944786666667,284.883929,-224.3340245,444.9604855,101.95147650000001,-82.93178850000001,470.32257849999996,284.242768,-21.065760999999995,-59.042079,23.40382599999998
-115.10769633333332,646.192228,284.94274433333334,-224.440986,444.79459699999995,102.31506050000002,-82.9612925,470.3396445,284.5242925,-21.232955000000004,-58.89080899999999,23.604599000000007
-115.08882266666667,646.1893886666667,285.0009996666667,-224.54766899999998,444.62899849999997,102.6763105,-82.9894155,470.355815,284.80255999999997,-21.401483,-58.73702400000002,23.805909999999983
-115.07058566666666,646.185959,285.05868933333335,-224.654036,444.4637285,103.03512549999999,-83.0161695,470.3709475,285.077557,-21.571112999999997,-58.58089099999995,24.007556000000022
-115.052984,646.181939,285.1158066666667,-224.76004799999998,444.2988235,103.39141599999999,-83.041578,470.384889,285.3492905,-21.741600000000005,-58.42258800000002,24.209325000000035
-115.03601566666667,646.1773276666667,285.17234833333333,-224.865671,444.134318,103.7450995,-83.0656765,470.397479,285.61778549999997,-21.912695,-58.262306000000024,24.41099300000002
-115.01967866666666,646.1721259999999,285.2283096666667,-224.97087199999999,443.970245,104.096104,-83.08850849999999,470.4085495,285.8830855,-22.084142999999997,-58.10024699999997,24.612337000000025
-115.00397,646.1663323333333,285.2836873333333,-225.0756215,443.80663549999997,104.444368,-83.110127,470.41792399999997,286.14525000000003,-22.255684000000002,-57.93661800000001,24.813121999999964
-114.98888633333333,646.1599496666666,285.3384796666667,-225.1798905,443.6435195,104.7898385,-83.1305935,470.42542100000003,286.4043545,-22.427063000000004,-57.771636,25.013116999999966
-114.97442366666667,646.1529773333333,285.39268366666664,-225.28365300000002,443.4809245,105.13247100000001,-83.14997600000001,470.4308525,286.6604885,-22.598022,-57.60551700000002,25.21208899999999
-114.96057766666667,646.1454183333334,285.4463003333333,-225.386887,443.31887600000005,105.47223,-83.16834800000001,470.434025,286.9137535,-22.768311999999995,-57.438481999999965,25.409807
-114.947344,646.1372746666667,285.49932866666666,-225.4895705,443.157398,105.809091,-83.18578600000001,470.43474349999997,287.164262,-22.937692000000013,-57.27074699999997,25.606045999999992
-114.93471700000002,646.128548,285.55176966666664,-225.59168449999999,442.996513,106.1430355,-83.2023715,470.432808,287.4121355,-23.105929000000003,-57.102525999999955,25.800589000000002
-114.92269066666665,646.1192426666667,285.60362533333335,-225.69321250000002,442.83624050000003,106.47405549999999,-83.2181845,470.428018,287.65750149999997,-23.27280499999999,-56.93402600000002,25.99322699999999
-114.91125900000002,646.1093619999999,285.654898,-225.79414150000002,442.676599,106.80215,-83.233307,470.42017,287.900495,-23.438119999999998,-56.76544200000001,26.183763999999996
-114.90041433333333,646.0989103333334,285.70559166666663,-225.89445849999998,442.517605,107.127327,-83.2478175,470.4090635,288.141253,-23.601688999999993,-56.596960999999965,26.372018000000025
-114.89015033333334,646.0878923333333,285.75571033333335,-225.99415349999998,442.35927300000003,107.449601,-83.261792,470.3944955,288.379914,-23.763351999999998,-56.42875300000003,26.557825999999977
-114.88045866666666,646.0763136666666,285.80525933333337,-226.09321899999998,442.201617,107.76899449999999,-83.2753015,470.376268,288.616616,-23.922967,-56.260973999999976,26.741038000000003
-114.87133,646.0641803333333,285.85424466666666,-226.19164949999998,442.0446465,108.08553699999999,-83.2884105,470.35418300000003,288.851497,-24.080416999999997,-56.09376200000003,26.921527999999967
-114.86275733333333,646.0514983333334,285.90267266666666,-226.28943950000001,441.8883725,108.3992655,-83.301177,470.3280485,289.08469,-24.235612000000003,-55.92723699999999,27.099189999999965
-114.85473,646.038276,285.950551,-226.38658800000002,441.732802,108.71022249999999,-83.313648,470.29767649999997,289.31632349999995,-24.388486,-55.76149700000002,27.273938999999984
-114.84723833333334,646.02452,285.9978883333333,-226.4830925,441.577941,109.01845750000001,-83.3258635,470.262885,289.54652050000004,-24.538999000000004,-55.59662199999997,27.445713000000012
-114.84027233333332,646.0102383333333,286.0446933333333,-226.578953,441.42379400000004,109.324026,-83.33785,470.2234975,289.7753965,-24.687138000000004,-55.43266900000003,27.614472999999975
-114.83382133333333,645.9954406666667,286.090975,-226.6741715,441.27036350000003,109.626987,-83.349624,470.179347,290.0030585,-24.832914000000002,-55.26967400000001,27.78020300000003
-114.82787433333333,645.980135,286.13674466666663,-226.76874800000002,441.117652,109.92740750000002,-83.3611885,470.1302735,290.229603,-24.976365,-55.10765700000002,27.942909999999983
-114.82241866666668,645.9643323333333,286.1820123333333,-226.8626845,440.96565699999996,110.2253575,-83.3725355,470.07612800000004,290.4551205,-25.11755099999999,-54.94661400000001,28.102621
-114.81744333333334,645.948042,286.22678966666666,-226.955983,440.8143785,110.52091300000001,-83.38364250000001,470.016771,290.679687,-25.25655300000001,-54.786523999999986,28.259383999999955
-114.81293533333333,645.931275,286.2710876666667,-227.04864600000002,440.66381149999995,110.81415100000001,-83.394474,469.95207600000003,290.903371,-25.393473999999998,-54.627350000000035,28.413268000000016
-114.80888166666666,645.9140416666667,286.314919,-227.1406735,440.513952,111.1051565,-83.4049825,469.88192649999996,291.12622999999996,-25.528433000000007,-54.469041000000004,28.564356000000032
-114.80526866666666,645.8963543333334,286.3582963333333,-227.2320665,440.3647935,111.394014,-83.41510650000001,469.80622200000005,291.3483115,-25.661562999999987,-54.311532,28.71274699999998
-114.80208333333333,645.878224,286.4012323333333,-227.322823,440.216326,111.6808135,-83.424773,469.724874,291.569651,-25.79301000000001,-54.15474800000004,28.858555999999965
-114.799311,645.8596636666666,286.4437403333334,-227.4129415,440.068542,111.965645,-83.4338985,469.6378115,291.790277,-25.922931000000005,-53.998605,29.001903999999968
-114.79693666666668,645.8406846666667,286.48583333333335,-227.5024185,439.92143,112.248602,-83.4423865,469.54497649999996,292.010208,-26.05148700000001,-53.84301499999998,29.142922
-114.79494566666666,645.8213000000001,286.527525,-227.5912465,439.77497600000004,112.52978000000002,-83.450132,469.44632850000005,292.2294545,-26.178843999999998,-53.68788699999999,29.281751000000042
-114.793322,645.8015236666666,286.5688293333333,-227.6794185,439.6291685,112.80927399999999,-83.4570225,469.34184600000003,292.4480195,-26.305166999999997,-53.53312799999998,29.418528999999978
-114.79205033333334,645.7813679999999,286.60975966666666,-227.76692250000002,439.4839905,113.08718099999999,-83.462935,469.2315225,292.66589999999997,-26.430620000000005,-53.378647,29.55339799999996
-114.79111466666666,645.7608463333333,286.65033,-227.8537465,439.3394265,113.363596,-83.46774500000001,469.11537050000004,292.883087,-26.555359999999993,-53.22436099999999,29.68649800000003
-114.79049833333333,645.7399730000001,286.69055366666663,-227.939873,439.195459,113.6386155,-83.471318,468.9934215,293.099567,-26.679540000000003,-53.07018900000003,29.817964000000018
-114.79018366666666,645.7187606666666,286.7304453333333,-228.025284,439.0520695,113.912335,-83.4735215,468.8657245,293.31532400000003,-26.803298999999996,-52.91605900000002,29.947925999999995
-114.79015466666665,645.697224,286.770018,-228.1099575,438.909238,114.1848465,-83.47421650000001,468.732347,293.530339,-26.926766999999998,-52.761911999999995,30.076508000000047
-114.79039366666666,645.6753773333334,286.80928466666666,-228.1938675,438.7669445,114.4562425,-83.4732675,468.59337600000003,293.744591,-27.050061,-52.607695999999976,30.203820000000007
-114.79088233333333,645.6532336666668,286.8482589999999,-228.2769865,438.62516800000003,114.7266105,-83.470538,468.44891700000005,293.9580595,-27.17327999999999,-52.45337599999999,30.32996700000001
-114.79160333333334,645.630807,286.88695366666667,-228.359284,438.48388750000004,114.996037,-83.46589499999999,468.29909150000003,294.17072299999995,-27.296509999999998,-52.298925,30.455038000000002
-114.792538,645.6081123333333,286.9253816666667,-228.44072599999998,438.343081,115.2646025,-83.45921,468.14404,294.3825625,-27.419824000000006,-52.144334000000015,30.579113000000007
-114.79366833333331,645.5851626666666,286.96355500000004,-228.521276,438.2027265,115.532386,-83.4503595,467.9839205,294.593559,-27.543271000000004,-51.98960499999998,30.702257999999972
-114.794976,645.561973,287.001485,-228.6008955,438.0628025,115.79946000000001,-83.439228,467.81890599999997,294.803697,-27.666889999999995,-51.83475200000004,30.82452599999999
-114.796442,645.5385556666666,287.0391833333333,-228.67954350000002,437.923288,116.0658925,-83.42570699999999,467.6491855,295.012963,-27.790701999999996,-51.67980499999999,30.945960000000014
-114.798048,645.514926,287.076661,-228.7571765,437.7841615,116.3317455,-83.409697,467.474962,295.22134700000004,-27.91471399999999,-51.52480200000002,31.066585999999973
-114.799775,645.491096,287.1139276666667,-228.8337505,437.6454035,116.59707449999999,-83.3911105,467.2964535,295.42884100000003,-28.038915000000003,-51.369793000000016,31.186424000000045
-114.80160433333333,645.46708,287.15099433333336,-228.909219,437.50699399999996,116.86193,-83.3698695,467.113889,295.6354415,-28.16328700000001,-51.21483600000005,31.305480999999986
-114.80351666666667,645.4428903333334,287.18786900000003,-228.9835365,437.36891549999996,117.1263545,-83.345909,466.92750950000004,295.841147,-28.287794000000005,-51.059999000000005,31.42375599999997
-114.80549366666666,645.41854,287.22456,-229.05665449999998,437.231151,117.390383,-83.319177,466.7375665,296.04595900000004,-28.412394000000006,-50.905354999999986,31.54123599999997
-114.807517,645.3940413333333,287.2610763333333,-229.1285265,437.0936865,117.6540445,-83.289634,466.54432199999997,296.2498825,-28.537036,-50.75097999999997,31.657907000000023
-114.80956733333333,645.3694066666667,287.297424,-229.1991045,436.956508,117.917358,-83.25725449999999,466.3480435,296.452925,-28.661659,-50.59695499999998,31.773743999999965
-114.811627,645.3446476666667,287.33361033333335,-229.26834200000002,436.81960449999997,118.180336,-83.2220275,466.149008,296.65509599999996,-28.786198999999996,-50.443362000000036,31.888719999999978
-114.81367666666667,645.3197759999999,287.36964133333333,-229.336194,436.682967,118.442983,-83.183956,465.947497,296.856404,-28.910584,-50.29028400000004,32.00280399999997
-114.815699,645.2948026666667,287.4055223333333,-229.40261550000002,436.5465885,118.70529450000001,-83.143058,465.7437975,297.056863,-29.034741999999994,-50.137801000000024,32.115962000000025
-114.81767533333333,645.269738,287.44125733333334,-229.467565,436.4104645,118.9672575,-83.099365,465.5382005,297.256484,-29.158599999999993,-49.98599100000001,32.228162
-114.819589,645.244593,287.4768506666667,-229.5310015,436.274594,119.22885099999999,-83.05292399999999,465.3309995,297.45528,-29.282078,-49.83493099999998,32.339365999999984
-114.82142166666665,645.2193773333333,287.51230533333336,-229.592888,436.138977,119.490046,-83.0037945,465.12249099999997,297.65326300000004,-29.405101000000002,-49.68469399999998,32.44954000000001
-114.82315666666666,645.1941009999999,287.54762466666665,-229.653189,436.003618,119.7508035,-82.95205250000001,464.91297050000003,297.85044400000004,-29.52759300000001,-49.53534499999995,32.558651999999995
-114.82477766666666,645.168773,287.5828103333333,-229.7118715,435.86852250000004,120.011077,-82.8977845,464.70273699999996,298.046833,-29.64947699999999,-49.38695000000001,32.66666799999996
-114.82626799999998,645.1434016666666,287.617864,-229.768907,435.7336995,120.2708135,-82.841092,464.49208450000003,298.242437,-29.770678000000004,-49.23956900000002,32.773555999999985
-114.82761166666667,645.1179966666667,287.6527863333333,-229.82427,435.599162,120.529949,-82.782088,464.2813095,298.4372635,-29.89112,-49.093255,32.87928700000003
-114.82879333333334,645.0925656666667,287.687578,-229.877937,435.464924,120.78841299999999,-82.72089700000001,464.07070450000003,298.63131350000003,-30.010732000000004,-48.94806299999999,32.98383099999995
-114.82979733333333,645.0671166666666,287.722239,-229.92989,435.3310035,121.04612850000001,-82.6576565,463.86055899999997,298.8245885,-30.129436999999996,-48.80404200000004,33.08716100000004
-114.830609,645.0416563333333,287.75676733333336,-229.980113,435.1974205,121.3030095,-82.5925105,463.6511595,299.0170845,-30.247163,-48.66123900000002,33.18924900000002
-114.831215,645.016193,287.7911636666667,-230.028594,435.0642,121.558964,-82.525617,463.4427885,299.2087955,-30.363833999999997,-48.519701,33.29006700000002
-114.83159999999998,644.990733,287.825425,-230.0753245,434.93136649999997,121.81389200000001,-82.457138,463.23572049999996,299.399711,-30.479376000000002,-48.37947500000001,33.389588
-114.83175200000001,644.965283,287.85955033333335,-230.12030049999998,434.79894950000005,122.067689,-82.387246,463.0302275,299.58981700000004,-30.593708000000007,-48.240611,33.48778199999998
-114.83165733333333,644.9398496666666,287.8935353333333,-230.1635185,434.6669815,122.3202435,-82.3161195,462.8265725,299.77909550000004,-30.706752999999992,-48.103155000000015,33.58461900000003
-114.83130333333332,644.914438,287.9273783333333,-230.2049805,434.5354955,122.5714385,-82.24394000000001,462.6250115,299.967525,-30.818427999999997,-47.967160999999976,33.680065999999954
-114.83067899999999,644.8890546666667,287.961076,-230.2446905,434.40453049999996,122.821151,-82.1708965,462.4257925,300.1550785,-30.928646999999998,-47.83268899999996,33.774089000000004
-114.82977233333334,644.863705,287.99462366666666,-230.28265599999997,434.27412400000003,123.069255,-82.09717850000001,462.229154,300.34172650000005,-31.037323,-47.69979599999999,33.866648999999995
-114.828573,644.838395,288.0280176666667,-230.3188865,434.14432,123.315619,-82.0229785,462.035325,300.5274355,-31.14436099999999,-47.56854999999996,33.95770699999997
-114.82706966666667,644.813129,288.061253,-230.35339449999998,434.0151625,123.560108,-81.948489,461.844522,300.71216649999997,-31.249669999999995,-47.43902200000002,34.04721699999999
-114.82525299999999,644.787912,288.0943253333333,-230.386195,433.886698,123.8025845,-81.8739025,461.656953,300.8958775,-31.353149000000002,-47.31128799999999,34.13513499999999
-114.82311366666666,644.762749,288.12722933333333,-230.417304,433.7589765,124.04290649999999,-81.7994095,461.4728115,301.078522,-31.454701,-47.185430999999994,34.22140999999999
-114.820642,644.7376446666667,288.1599593333333,-230.44674,433.6320495,124.2809325,-81.725198,461.292279,301.26005,-31.554221999999996,-47.06153599999999,34.30599000000001
-114.81783066666667,644.7126036666666,288.19251,-230.474524,433.5059705,124.5165165,-81.65145150000001,461.115523,301.4404065,-31.65161099999999,-46.93969400000003,34.38882100000001
-114.81467133333332,644.6876303333333,288.224876,-230.5006785,433.3807955,124.7495135,-81.578348,460.94269799999995,301.61953400000004,-31.746764,-46.81999999999999,34.46985000000001
-114.81115633333333,644.662729,288.257051,-230.52522599999998,433.256582,124.97977700000001,-81.50606049999999,460.77394300000003,301.7973705,-31.839580999999995,-46.70255000000003,34.549019000000044
-114.807279,644.637904,288.2890283333333,-230.548192,433.13338899999997,125.2071605,-81.434753,460.6093835,301.97384950000003,-31.929959999999994,-46.58744300000001,34.626273000000026
-114.80303299999999,644.6131593333333,288.3208026666667,-230.5696025,433.011277,125.43151900000001,-81.36458350000001,460.449128,302.14890249999996,-32.01780699999999,-46.47477599999996,34.70155900000003
-114.79841166666665,644.5884996666667,288.35236733333335,-230.5894845,432.890309,125.652708,-81.29570000000001,460.293273,302.3224565,-32.103030000000004,-46.364644,34.77482299999997
-114.79341066666666,644.5639283333334,288.3837173333333,-230.607867,432.77054799999996,125.870586,-81.2282405,460.14189799999997,302.4944345,-32.185542999999996,-46.25714199999999,34.84601700000002
-114.788024,644.5394496666667,288.414845,-230.6247795,432.652058,126.0850125,-81.162334,459.995068,302.664757,-32.26526799999999,-46.15235800000005,34.915096000000005
-114.78224833333333,644.5150676666666,288.44574566666665,-230.640252,432.534905,126.295851,-81.098098,459.8528335,302.833342,-32.342134,-46.050374999999974,34.98201799999998
-114.77607866666666,644.4907863333333,288.47641300000004,-230.6543155,432.419154,126.50296900000001,-81.035639,459.7152325,303.00010299999997,-32.416079999999994,-45.951269000000025,35.04675000000003
-114.76951233333334,644.4666096666666,288.50684166666673,-230.66700350000002,432.3048705,126.706239,-80.975052,459.582288,303.1649525,-32.487058000000005,-45.85510399999998,35.10926699999999
-114.76254566666667,644.4425416666667,288.5370253333333,-230.6783485,432.192121,126.9055355,-80.91642,459.4540115,303.32779949999997,-32.555026,-45.76193900000004,35.16954500000003
-114.75517633333334,644.4185856666667,288.56695966666666,-230.68838399999999,432.08097,127.100743,-80.859815,459.3304015,303.488552,-32.61995999999999,-45.67181900000003,35.22757399999995
-114.74740266666667,644.3947463333333,288.596639,-230.6971475,431.9714835,127.29174850000001,-80.805297,459.211448,303.647115,-32.681842,-45.58477599999998,35.283349999999984
-114.739223,644.3710273333334,288.6260593333334,-230.704674,431.86372500000004,127.47844750000002,-80.752914,459.09712950000005,303.803394,-32.740672,-45.500831000000005,35.33688000000001
-114.73063566666667,644.3474319999999,288.6552163333333,-230.7110015,431.7577565,127.6607435,-80.702704,458.987416,303.957292,-32.796459999999996,-45.41999199999998,35.38817800000004
-114.72164033333333,644.3239649999999,288.6841053333333,-230.716169,431.653639,127.838546,-80.654692,458.882271,304.1087135,-32.849232,-45.34225200000003,35.43726899999996
-114.71223733333333,644.3006296666666,288.71272400000004,-230.7202155,431.551432,128.0117745,-80.608893,458.78165049999996,304.257562,-32.899022,-45.26758899999999,35.48418400000003
-114.70242566666667,644.2774296666666,288.741068,-230.723183,431.451192,128.180357,-80.5653135,458.68550749999997,304.40374299999996,-32.94587899999999,-45.19597100000004,35.52896800000002
-114.69220666666666,644.2543696666667,288.7691353333333,-230.7251145,431.352973,128.3442305,-80.52394699999999,458.593789,304.5471615,-32.989864,-45.12734999999998,35.57167099999998
-114.68158133333333,644.2314526666665,288.796924,-230.72605299999998,431.2568255,128.5033425,-80.484782,458.50644050000005,304.6877275,-33.031045999999996,-45.061665000000005,35.61235099999999
-114.67055133333332,644.208683,288.8244316666666,-230.726044,431.16279899999995,128.65765,-80.447795,458.423405,304.825352,-33.069508000000006,-44.99884599999996,35.651077999999984
-114.65911833333332,644.1860636666667,288.8516583333333,-230.7251335,431.0709365,128.8071215,-80.4129565,458.344626,304.9599495,-33.105339,-44.938807999999995,35.68792300000001
-114.64728366666667,644.1635976666666,288.87860133333334,-230.7233695,430.981279,128.95173599999998,-80.38023,458.27004650000003,305.0914395,-33.13863599999999,-44.88145900000001,35.72296699999998
-114.63505166666666,644.1412906666667,288.9052623333333,-230.720802,430.893863,129.09148249999998,-80.34957250000001,458.1996115,305.219746,-33.169501000000004,-44.82669499999997,35.756294000000025
-114.62242400000001,644.1191436666667,288.9316406666667,-230.7174805,430.80872050000005,129.2263625,-80.32093449999999,458.133267,305.3447995,-33.19804499999999,-44.774406,35.78799699999996
-114.60940466666666,644.0971616666667,288.95773733333334,-230.7134565,430.72587999999996,129.356389,-80.294263,458.070962,305.466536,-33.22438,-44.72447599999998,35.81816599999996
-114.59599733333334,644.075347,288.98355466666663,-230.7087825,430.645364,129.4815865,-80.26950049999999,458.012648,305.5848985,-33.248622999999995,-44.67678000000001,35.84689700000001
-114.58220599999999,644.053703,289.0090936666667,-230.7035125,430.56718950000004,129.60199,-80.24658550000001,457.95828,305.699838,-33.270889,-44.63119400000005,35.874289999999974
-114.56803466666668,644.0322319999999,289.03435733333333,-230.6977005,430.49137099999996,129.7176475,-80.22545550000001,457.90781549999997,305.811314,-33.291297,-44.58758700000004,35.90044
-114.55348766666667,644.0109376666666,289.05934900000005,-230.69140199999998,430.417917,129.828617,-80.20604449999999,457.861216,305.91929500000003,-33.309961,-44.54582800000003,35.92544800000002
-114.538571,643.9898216666666,289.08407200000005,-230.6846725,430.346829,129.9349685,-80.1882855,457.81844650000005,306.02375800000004,-33.32699699999999,-44.505785,35.949408000000005
-114.52328999999999,643.9688856666667,289.10853033333336,-230.6775685,430.278106,130.0367835,-80.172111,457.7794735,306.12469150000004,-33.342515999999996,-44.46732900000001,35.97241700000001
-114.50764933333335,643.9481333333333,289.132729,-230.6701465,430.2117405,130.1341535,-80.157455,457.74426800000003,306.222092,-33.356624000000004,-44.43032999999997,35.994568000000015
-114.491655,643.9275653333333,289.15667333333334,-230.6624625,430.14772,130.2271805,-80.14425,457.712801,306.315969,-33.369424,-44.39466199999998,36.015949999999975
-114.47531366666668,643.9071826666667,289.180369,-230.654574,430.0860265,130.31597549999998,-80.132431,457.6850465,306.4063405,-33.381012,-44.360202999999956,36.036647000000016
-114.45863133333334,643.8869876666666,289.20382133333334,-230.646536,430.0266395,130.400661,-80.121934,457.660978,306.49323749999996,-33.391479999999994,-44.32683399999996,36.05674300000004
-114.441615,643.8669803333333,289.2270376666667,-230.63840599999997,429.9695305,130.4813675,-80.112698,457.64057,306.57670099999996,-33.400912,-44.294444,36.07631199999997
-114.42427066666666,643.847162,289.25002433333333,-230.63023700000002,429.914669,130.5582335,-80.1046625,457.6237955,306.65678249999996,-33.40938499999999,-44.26292500000005,36.095429000000024
-114.40660666666668,643.827533,289.272788,-230.6220845,429.86201900000003,130.6314045,-80.097773,457.61062649999997,306.733546,-33.416968000000004,-44.232177000000036,36.114157999999975
-114.388629,643.8080933333333,289.2953373333333,-230.614001,429.81154000000004,130.701036,-80.0919755,457.60103200000003,306.807065,-33.423725,-44.202106000000015,36.13256200000001
-114.370347,643.7888423333334,289.31767933333333,-230.6060385,429.763189,130.7672865,-80.0872215,457.5949785,306.877425,-33.429711,-44.17262699999998,36.15069399999999
-114.35176666666666,643.7697803333333,289.339822,-230.5982475,429.7169185,130.830322,-80.0834655,457.5924285,306.94471899999996,-33.43497500000001,-44.14366100000001,36.16860600000001
-114.33289766666667,643.750906,289.3617736666667,-230.590676,429.6726775,130.890313,-80.0806655,457.5933385,307.0090525,-33.439558999999996,-44.115137000000004,36.186338999999975
-114.31374733333332,643.732218,289.38354266666664,-230.5833715,429.630413,130.9474335,-80.0787835,457.597661,307.070538,-33.443497,-44.086990000000014,36.203934000000004
-114.294324,643.7137163333333,289.40513733333336,-230.576379,429.590068,131.001861,-80.0777865,457.6053415,307.129299,-33.446814999999994,-44.059169,36.221419999999966
-114.27463766666666,643.6953983333334,289.4265663333333,-230.56974000000002,429.551584,131.053776,-80.0776455,457.616319,307.18546449999997,-33.449538999999994,-44.03162400000002,36.23882699999996
-114.25469566666668,643.6772623333333,289.447838,-230.563496,429.51489949999996,131.103359,-80.078335,457.6305265,307.2391725,-33.451682,-44.00431699999996,36.256174999999985
-114.23450866666667,643.6593056666667,289.46896066666665,-230.557684,429.479953,131.150793,-80.0798335,457.64788599999997,307.290566,-33.453255,-43.97721800000005,36.273480000000006
-114.21408466666666,643.6415273333333,289.48994366666665,-230.55233900000002,429.44667949999996,131.1962595,-80.082124,457.6683165,307.3397945,-33.454266000000004,-43.95030299999996,36.290751
-114.19343400000001,643.6239233333334,289.51079566666664,-230.54749450000003,429.4150145,131.2399395,-80.085193,457.691725,307.387013,-33.454716,-43.923558000000014,36.307996
-114.172566,643.6064913333333,289.53152366666666,-230.54318,429.38489100000004,131.282012,-80.08902900000001,457.7180125,307.43237750000003,-33.454604,-43.896973,36.325215000000014
-114.15148966666668,643.5892279999999,289.5521366666667,-230.5394215,429.3562425,131.322653,-80.093626,457.7470695,307.4760495,-33.453925999999996,-43.87054899999998,36.342404999999985
-114.13021700000002,643.5721303333333,289.5726426666667,-230.536243,429.3290015,131.362037,-80.0989785,457.7787825,307.518191,-33.452675,-43.844291,36.35955799999999
-114.10875633333335,643.5551936666667,289.59305033333334,-230.53366649999998,429.3031015,131.4003315,-80.1050845,457.813025,307.558964,-33.450843,-43.81821200000002,36.37666200000001
-114.08711899999999,643.538415,289.61336600000004,-230.5317085,429.278475,131.437701,-80.111943,457.849668,307.59853250000003,-33.44842,-43.79232999999999,36.393703000000016
-114.06531433333333,643.5217899999999,289.633598,-230.530384,429.25505499999997,131.47430500000002,-80.1195565,457.888573,307.6370575,-33.44539699999999,-43.76666799999998,36.410663
-114.04335366666665,643.5053143333333,289.65375233333333,-230.5297045,429.232776,131.51029599999998,-80.12792449999999,457.9295935,307.6746975,-33.441765,-43.741255000000024,36.42751900000002
-114.02124700000002,643.488982,289.67383666666666,-230.5296785,429.211572,131.54582,-80.1370505,457.97258,307.711609,-33.437515,-43.71612200000004,36.44425000000001
-113.99900533333333,643.4727899999999,289.6938566666667,-230.53031049999998,429.191379,131.581016,-80.14693600000001,458.01737549999996,307.7479435,-33.432642,-43.691305,36.460830999999985
-113.97663899999999,643.4567320000001,289.71381833333334,-230.531603,429.172134,131.616015,-80.15758199999999,458.06381899999997,307.7838465,-33.427138,-43.66684200000003,36.47723300000001
-113.95416033333333,643.440802,289.7337273333333,-230.533555,429.153774,131.650941,-80.1689885,458.11174500000004,307.8194595,-33.421003000000006,-43.642773999999974,36.49343099999999
-113.93157866666667,643.4249953333333,289.7535886666667,-230.5361635,429.1362395,131.68590799999998,-80.1811535,458.160986,307.854915,-33.414237,-43.619140000000016,36.50939600000004
-113.90890533333334,643.4093046666667,289.773406,-230.5394205,429.119472,131.721023,-80.1940725,458.211371,307.8903385,-33.406847000000006,-43.59598199999999,36.52510100000001
-113.88615233333333,643.3937246666666,289.793184,-230.5433165,429.103413,131.756382,-80.2077385,458.2627275,307.925847,-33.398838999999995,-43.57334099999997,36.54051799999996
-113.86332966666667,643.3782476666667,289.812926,-230.5478395,429.088008,131.79207350000001,-80.222141,458.3148835,307.9615485,-33.390228,-43.551252999999974,36.555620999999974
-113.84044933333332,643.3628663333334,289.83263466666665,-230.552974,429.07320300000003,131.82817599999998,-80.2372655,458.367666,307.9975415,-33.38103099999999,-43.52975600000002,36.57038699999998
-113.81752266666668,643.3475746666667,289.852312,-230.55870349999998,429.058946,131.8647585,-80.253094,458.4209045,308.0339125,-33.371269999999996,-43.50888299999997,36.584790999999996
-113.79456033333334,643.3323630000001,289.87196033333333,-230.565007,429.0451875,131.9018785,-80.269605,458.4744295,308.070739,-33.360975999999994,-43.48866099999998,36.598814000000004
-113.77157366666667,643.3172243333333,289.8915796666667,-230.571863,429.0318805,131.939587,-80.286771,458.528075,308.108087,-33.350178,-43.469115999999985,36.61243999999999
-113.74857433333334,643.3021503333333,289.911171,-230.5792465,429.01897799999995,131.9779225,-80.3045615,458.581679,308.14601000000005,-33.338916999999995,-43.450266,36.625654
-113.72557266666668,643.2871313333333,289.930734,-230.587132,429.0064375,132.01691549999998,-80.3229405,458.635085,308.1845505,-33.32723300000001,-43.43212600000004,36.63844500000005
-113.70258100000001,643.2721593333333,289.95026733333333,-230.59549049999998,428.9942175,132.05658599999998,-80.3418685,458.68814,308.2237405,-33.315174999999996,-43.41470399999997,36.65080499999999
-113.67960966666665,643.257223,289.9697693333333,-230.60429249999999,428.982278,132.0969445,-80.361301,458.7407005,308.2635975,-33.302792000000004,-43.39800300000002,36.662733
-113.65666966666667,643.2423146666666,289.98923833333333,-230.613506,428.970582,132.1379925,-80.38119,458.79262800000004,308.30413,-33.290139999999994,-43.38201799999996,36.674225999999976
-113.63377200000001,643.2274223333333,290.00867,-230.623099,428.959094,132.179722,-80.401484,458.8437935,308.3453335,-33.27727599999999,-43.36674100000005,36.68528700000002
-113.610928,643.212537,290.02806200000003,-230.633037,428.94778199999996,132.222115,-80.422128,458.8940755,308.387193,-33.264258000000005,-43.35215699999998,36.69592600000004
-113.58814766666667,643.1976473333334,290.0474093333333,-230.6432855,428.9366135,132.265147,-80.443064,458.94336350000003,308.429682,-33.25115,-43.33824699999997,36.706151999999975
-113.56544233333334,643.1827423333333,290.06670733333334,-230.653807,428.92556049999996,132.308782,-80.464234,458.991555,308.47276350000004,-33.238012000000005,-43.32498799999996,36.71597700000001
-113.542822,643.1678113333334,290.08594999999997,-230.66456449999998,428.9145965,132.352978,-80.4855755,459.03855999999996,308.516392,-33.224906999999995,-43.312351999999976,36.725415999999996
-113.52029733333332,643.1528423333333,290.10513066666664,-230.6755215,428.90369599999997,132.3976835,-80.507027,459.0842975,308.56051049999996,-33.211892,-43.300310999999965,36.73448500000001
-113.49787933333334,643.1378246666667,290.12424400000003,-230.68663850000002,428.892836,132.4428395,-80.528527,459.12869950000004,308.6050545,-33.199028,-43.288831000000016,36.74320499999999
-113.475577,643.122746,290.143281,-230.697877,428.88199699999996,132.4883795,-80.5500145,459.17170799999997,308.649951,-33.186367,-43.277882000000034,36.75159400000001
-113.453401,643.107595,290.1622346666666,-230.70919700000002,428.87115900000003,132.5342305,-80.571429,459.2132775,308.69512,-33.173962,-43.26743299999998,36.759671999999966
-113.43136066666666,643.09236,290.18109666666663,-230.7205605,428.86030600000004,132.5803115,-80.592713,459.253373,308.7404745,-33.161854000000005,-43.257453999999996,36.76745900000003
-113.40946666666667,643.0770283333335,290.199858,-230.7319265,428.8494235,132.626536,-80.613811,459.291973,308.78592100000003,-33.15008399999999,-43.247915999999975,36.774969999999996
-113.38772766666666,643.061589,290.2185083333333,-230.743256,428.83849899999996,132.6728105,-80.634671,459.3290645,308.83136249999995,-33.138684,-43.23879699999998,36.78222499999998
-113.36615366666668,643.0460296666666,290.23703900000004,-230.75450899999998,428.82752200000004,132.7190365,-80.65524450000001,459.36464750000005,308.87669600000004,-33.12767699999999,-43.230076999999994,36.78923800000001
-113.34475333333334,643.0303386666667,290.255439,-230.7656445,428.8164845,132.7651095,-80.675489,459.398733,308.921816,-33.11707799999999,-43.221744,36.79602
-113.32353699999999,643.0145043333333,290.27369799999997,-230.7766245,428.80537949999996,132.810921,-80.695364,459.43133950000004,308.966614,-33.106896000000006,-43.21379099999996,36.802580000000034
-113.30251266666666,642.9985150000001,290.291805,-230.7874095,428.7942045,132.8563565,-80.714836,459.46249650000004,309.01097849999996,-33.097128,-43.20621699999998,36.80892499999999
-113.28168866666668,642.982359,290.30974799999996,-230.797959,428.782956,132.901298,-80.733877,459.492242,309.054798,-33.08776200000001,-43.19902999999999,36.81505400000003
-113.261075,642.9660250000001,290.327515,-230.808235,428.7716355,132.945625,-80.75246250000001,459.52062,309.097959,-33.07877699999999,-43.19224600000001,36.820966
-113.24067966666667,642.9495019999999,290.345095,-230.8181985,428.7602455,132.9892105,-80.770575,459.547683,309.14034949999996,-33.070144,-43.18588999999997,36.82665700000001
-113.22050999999999,642.9327783333333,290.36247433333335,-230.82781,428.74879050000004,133.0319275,-80.788203,459.5734865,309.1818555,-33.061824,-43.17999099999997,36.83211299999999
-113.20057566666667,642.9158443333332,290.3796403333333,-230.83703350000002,428.7372775,133.073645,-80.805338,459.598092,309.22236699999996,-33.053768000000005,-43.17458999999997,36.83732200000003
-113.18088366666666,642.898689,290.3965806666667,-230.84583049999998,428.7257155,133.11423150000002,-80.821978,459.62156400000003,309.2617725,-33.045924,-43.169734000000005,36.84226699999999
-113.16144166666668,642.8813016666667,290.41328100000004,-230.854164,428.714117,133.1535515,-80.838126,459.64396650000003,309.2999645,-33.038228000000004,-43.16547499999996,36.846923000000004
-113.14225833333332,642.8636733333333,290.42972833333334,-230.861996,428.7024955,133.19147,-80.85378800000001,459.665366,309.3368365,-33.030612000000005,-43.16187600000001,36.851269
-113.12333999999998,642.8457946666667,290.44590833333336,-230.8692925,428.69086749999997,133.22785,-80.86897400000001,459.685827,309.372284,-33.023004,-43.15899999999999,36.855276
-113.104694,642.827656,290.46180699999996,-230.876016,428.67925049999997,133.2625565,-80.88369800000001,459.705412,309.406206,-33.01532400000001,-43.15691999999996,36.85891600000002
-113.08632866666669,642.8092496666667,290.477411,-230.8821325,428.667666,133.2954525,-80.8979755,459.724179,309.43850399999997,-33.00749300000001,-43.155708000000004,36.862157999999965
-113.068249,642.7905663333333,290.4927043333333,-230.8876075,428.6561365,133.326401,-80.911824,459.7421815,309.46908099999996,-32.999427999999995,-43.155440999999996,36.86497000000003
-113.05046266666666,642.771599,290.507674,-230.892406,428.644687,133.355268,-80.9252635,459.759466,309.497845,-32.991045,-43.15619799999996,36.86732000000001
-113.032976,642.752341,290.5223043333333,-230.896496,428.63334399999997,133.38191949999998,-80.93831349999999,459.776075,309.5247055,-32.982263,-43.15805799999998,36.869174999999984
-113.01579566666668,642.7327846666667,290.536581,-230.89984500000003,428.622138,133.406223,-80.95099400000001,459.7920375,309.5495735,-32.972998000000004,-43.161099000000036,36.87050499999998
-112.99892666666665,642.7129243333333,290.55048933333336,-230.902421,428.6110985,133.4280495,-80.963324,459.80737799999997,309.57236550000005,-32.963171999999986,-43.165400000000034,36.87128100000001
-112.98237566666667,642.6927543333333,290.5640143333333,-230.904193,428.6002595,133.4472705,-80.975321,459.82210799999996,309.59299799999997,-32.952708,-43.17103400000002,36.87147199999998
-112.96614766666666,642.6722696666667,290.57714166666665,-230.90513199999998,428.589656,133.463762,-80.98700149999999,459.8362315,309.611391,-32.941535,-43.178075000000035,36.87105200000002
-112.95024833333333,642.6514656666667,290.58985666666666,-230.9052095,428.5793235,133.477402,-80.9983785,459.8497375,309.62746649999997,-32.929585,-43.18659100000002,36.869996999999955
-112.93468266666666,642.6303389999999,290.6021456666667,-230.90439750000002,428.569301,133.4880725,-81.00946400000001,459.86260749999997,309.6411465,-32.91679599999999,-43.196649000000036,36.868285000000014
-112.91945600000001,642.6088853333333,290.61399366666666,-230.9026705,428.559628,133.495659,-81.020265,459.874811,309.6523585,-32.90311200000001,-43.20830799999999,36.86589700000002
-112.90457233333335,642.5871026666667,290.625387,-230.9000025,428.5503455,133.50005,-81.03078450000001,459.886305,309.661028,-32.888482999999994,-43.221626000000015,36.862814000000014
-112.890037,642.5649886666666,290.63631200000003,-230.89637199999999,428.5414955,133.50114050000002,-81.0410235,459.89703699999995,309.6670835,-32.87286300000001,-43.23665399999999,36.85902299999998
-112.87585333333334,642.5425413333334,290.64675500000004,-230.891756,428.533122,133.4988285,-81.05097699999999,459.90694399999995,309.670454,-32.856216,-43.25344000000001,36.85450800000001
-112.86202600000001,642.5197596666667,290.65670266666666,-230.8861345,428.52526950000004,133.4930155,-81.06063750000001,459.9159525,309.671069,-32.838509,-43.272028999999975,36.84926200000001
-112.84855900000001,642.496644,290.666143,-230.87948949999998,428.5179825,133.4836105,-81.069991,459.9239815,309.6688595,-32.81971200000001,-43.292461,36.843268999999964
-112.83545533333334,642.4731933333334,290.67506266666663,-230.871806,428.51130750000004,133.470525,-81.0790205,459.93094199999996,309.66375700000003,-32.79980499999999,-43.314774,36.836524
-112.822719,642.449409,290.68344933333333,-230.863069,428.5052915,133.453678,-81.087706,459.936737,309.6556935,-32.778768,-43.339001999999994,36.82901499999997
-112.81035266666667,642.425292,290.6912913333333,-230.8532665,428.4999805,133.43299100000002,-81.0960195,459.9412655,309.64460099999997,-32.756586999999996,-43.36518100000001,36.820731999999964
-112.79835933333334,642.4008436666667,290.6985776666667,-230.84239,428.4954225,133.4083935,-81.1039335,459.9444215,309.63041250000003,-32.733249,-43.393343000000016,36.81166300000001
-112.78674133333334,642.3760666666666,290.7052966666667,-230.8304325,428.491665,133.3798185,-81.111414,459.946096,309.61306049999996,-32.708743999999996,-43.423519999999996,36.80179500000003
-112.775502,642.3509626666668,290.7114383333333,-230.8173885,428.48875499999997,133.3472055,-81.118425,459.946181,309.5924785,-32.68306200000001,-43.45574600000003,36.791111
-112.76464266666666,642.3255356666667,290.71699233333334,-230.8032575,428.4867395,133.310499,-81.1249285,459.9445665,309.568602,-32.656195,-43.490054999999984,36.77959199999998
-112.75416566666667,642.2997883333333,290.72194866666666,-230.7880405,428.48566600000004,133.26964999999998,-81.130882,459.9411445,309.5413655,-32.628131999999994,-43.52648499999998,36.76721300000003
-112.74407233333334,642.273726,290.7262983333333,-230.77174000000002,428.48558149999997,133.224614,-81.13624250000001,459.935811,309.51070500000003,-32.59886300000001,-43.56507399999998,36.753945999999985
-112.73436433333332,642.2473513333333,290.730033,-230.754364,428.486531,133.1753525,-81.140967,459.928468,309.47655799999995,-32.568374000000006,-43.60586599999999,36.73975999999999
-112.72504266666665,642.22067,290.733144,-230.73592250000002,428.48856049999995,133.12183249999998,-81.14501100000001,459.9190215,309.4388635,-32.536648,-43.64890500000001,36.72461500000003
-112.71610866666667,642.1936866666666,290.7356236666667,-230.716427,428.49171449999994,133.064026,-81.14833,459.90738699999997,309.39756250000005,-32.503668000000005,-43.694241999999974,36.708466999999985
-112.70756233333333,642.1664066666667,290.73746566666665,-230.695894,428.496036,133.0019125,-81.150881,459.8934885,309.3525975,-32.46940599999999,-43.74192700000003,36.691265000000044
-112.69940533333333,642.138836,290.7386626666667,-230.674342,428.501569,132.935474,-81.152623,459.877261,309.3039145,-32.433837999999994,-43.792020000000036,36.672955
-112.69163700000001,642.1109809999999,290.73920833333335,-230.651792,428.5083525,132.8647,-81.153517,459.85864849999996,309.251463,-32.39692799999999,-43.84457900000001,36.653475999999955
-112.68425766666667,642.082847,290.739098,-230.62827,428.5164295,132.7895845,-81.153528,459.8376105,309.19519549999995,-32.35864199999999,-43.899666999999965,36.63275900000002
-112.67726766666668,642.0544409999999,290.73832699999997,-230.60380199999997,428.525836,132.710127,-81.1526255,459.814117,309.135069,-32.318937000000005,-43.957348000000025,36.61073399999998
-112.670666,642.0257696666666,290.7368896666667,-230.5784195,428.536611,132.626332,-81.15078249999999,459.78815199999997,309.071045,-32.277765,-44.01768999999996,36.58732200000003
-112.66445233333333,641.9968403333334,290.7347833333333,-230.552156,428.54879,132.538209,-81.14797999999999,459.759715,309.00309000000004,-32.23507600000001,-44.08076,36.562441999999976
-112.65862666666665,641.9676606666667,290.7320053333333,-230.5250475,428.56240649999995,132.445773,-81.1442045,459.728818,308.9311775,-32.19081700000001,-44.146623999999974,36.53601100000003
-112.653187,641.9382376666666,290.7285513333333,-230.4971325,428.577494,132.3490425,-81.139449,459.6954895,308.855287,-32.14492799999999,-44.215351,36.50794000000002
-112.64813266666668,641.908579,290.724421,-230.4684535,428.594083,132.2480425,-81.13371749999999,459.659771,308.775403,-32.097348999999994,-44.28700599999996,36.478138
-112.64346266666666,641.8786933333332,290.71961166666665,-230.4390535,428.612203,132.14280100000002,-81.12701899999999,459.621718,308.69151999999997,-32.048016000000004,-44.36165,36.44651600000003
-112.63917500000001,641.8485890000001,290.714123,-230.40898049999998,428.631881,132.03335199999998,-81.11937549999999,459.58140249999997,308.60363900000004,-31.996865,-44.43933899999996,36.412982
-112.63526866666666,641.8182736666666,290.70795433333336,-230.3782815,428.6531425,131.919732,-81.1108165,459.5389065,308.5117685,-31.943828999999994,-44.520129,36.37744500000002
-112.63174133333332,641.7877566666667,290.701106,-230.347009,428.676012,131.801983,-81.1013825,459.4943285,308.415927,-31.88884300000001,-44.60406499999999,36.33981399999999
-112.62859099999999,641.7570470000001,290.6935786666667,-230.31521600000002,428.700512,131.68015,-81.0911245,459.447777,308.31614149999996,-31.83184100000001,-44.691187999999954,36.300005
-112.625816,641.7261536666666,290.6853743333333,-230.2829575,428.72666300000003,131.5542835,-81.0801055,459.39937199999997,308.2124465,-31.772761000000003,-44.78152800000004,36.257930999999985
-112.62341299999999,641.6950853333334,290.676494,-230.2502905,428.754484,131.42443450000002,-81.0683965,459.349244,308.10488799999996,-31.711540999999997,-44.875112,36.213513999999975
-112.62138033333333,641.6638523333334,290.66694,-230.217273,428.783993,131.290661,-81.056083,459.2975335,307.99352,-31.648123999999996,-44.97195099999999,36.16667799999999
-112.61971533333333,641.6324633333332,290.6567156666667,-230.1839655,428.815206,131.1530215,-81.0432595,459.24439,307.878404,-31.582454999999996,-45.072051999999985,36.11735199999998
-112.61841466666668,641.600929,290.6458236666667,-230.1504295,428.8481385,131.01157899999998,-81.03003100000001,459.18996849999996,307.7596135,-31.514483999999996,-45.17540700000001,36.06547499999999
-112.61747533333333,641.569258,290.6342686666667,-230.116727,428.8828035,130.866397,-81.016512,459.1344315,307.6372285,-31.44417,-45.28200100000004,36.010985000000005
-112.616895,641.5374603333333,290.6220536666667,-230.0829225,428.91921349999996,130.717544,-81.00282849999999,459.077946,307.51133849999997,-31.371471,-45.39180799999997,35.95383499999997
-112.61666933333333,641.5055466666668,290.60918499999997,-230.049079,428.95738,130.56509,-80.9891135,459.02068299999996,307.38204099999996,-31.296357,-45.50478800000002,35.89398
-112.61679599999998,641.4735260000001,290.595667,-230.0152605,428.9973145,130.4091055,-80.97550849999999,458.962816,307.24943900000005,-31.218802999999994,-45.620893999999964,35.83138600000001
-112.61727133333333,641.4414083333334,290.5815053333333,-229.9815335,429.0390255,130.2496635,-80.962164,458.9045215,307.11364449999996,-31.13879,-45.740065000000016,35.76602299999996
-112.61809133333334,641.4092036666666,290.56670533333335,-229.947962,429.0825225,130.0868385,-80.949234,458.8459745,306.974774,-31.056308,-45.862235,35.69787400000001
-112.61925266666667,641.3769216666666,290.55127500000003,-229.91461049999998,429.1278145,129.9207055,-80.9368805,458.787351,306.83295050000004,-30.971357000000012,-45.987319999999954,35.62692499999997
-112.62075166666666,641.3445723333333,290.5352193333333,-229.881544,429.1749085,129.7513405,-80.925268,458.72882549999997,306.68830049999997,-30.883938,-46.115233000000046,35.55317299999996
-112.62258433333334,641.3121646666667,290.5185463333333,-229.8488245,429.2238125,129.57882,-80.91456299999999,458.6705685,306.540953,-30.794066,-46.24587699999995,35.476624000000015
-112.62474666666667,641.2797086666666,290.5012633333333,-229.81651549999998,429.2745335,129.403219,-80.90493599999999,458.61275,306.391042,-30.70176400000001,-46.379144,35.39729
-112.62723566666666,641.2472133333334,290.4833780000001,-229.7846775,429.32707949999997,129.2246135,-80.89655450000001,458.55553399999997,306.238701,-30.607059000000007,-46.51492200000001,35.315192000000025
-112.63004566666666,641.2146883333334,290.4648976666667,-229.75337,429.381457,129.0430785,-80.889589,458.4990795,306.084063,-30.509987999999993,-46.65308700000003,35.23036000000002
-112.63317500000001,641.1821426666667,290.44583166666666,-229.7226505,429.4376735,128.858687,-80.8842025,458.443542,305.927262,-30.410596999999996,-46.793514000000016,35.142832
-112.636617,641.149585,290.42618766666664,-229.69257449999998,429.49573599999997,128.6715105,-80.8805585,458.3890685,305.7684295,-30.308937,-46.93607099999997,35.052651000000026
-112.64036966666667,641.1170246666667,290.4059746666667,-229.6631955,429.555653,128.48162,-80.878812,458.3358005,305.6076925,-30.205070000000006,-47.08061699999996,34.95987100000002
-112.64442766666667,641.0844696666667,290.3852013333333,-229.634563,429.617432,128.289082,-80.879114,458.28387250000003,305.445176,-30.09906000000001,-47.227013,34.864554
-112.64878766666668,641.0519286666666,290.36387733333333,-229.60672499999998,429.681082,128.0939615,-80.881606,458.23341200000004,305.28099799999995,-29.990983999999997,-47.375112,34.76676600000002
-112.65344499999999,641.0194103333333,290.34201133333335,-229.5797265,429.74661249999997,127.8963205,-80.886421,458.184536,305.11527149999995,-29.880920000000003,-47.524766,34.666585
-112.65839566666666,640.9869216666666,290.3196136666666,-229.5536075,429.8140335,127.6962155,-80.8936825,458.1373565,304.94809899999996,-29.768957,-47.67582500000003,34.56409400000001
-112.663636,640.954471,290.29669333333334,-229.52840700000002,429.883356,127.4937015,-80.903502,458.091975,304.7795785,-29.655187999999995,-47.82813599999997,34.459383
-112.66916233333332,640.9220656666666,290.2732603333333,-229.5041585,429.9545915,127.28882850000001,-80.915979,458.04848549999997,304.6097955,-29.539711999999994,-47.98154500000004,34.352551000000005
-112.67496966666666,640.889713,290.249324,-229.48089199999998,430.02775299999996,127.08164,-80.931202,458.006972,304.4388275,-29.422633999999988,-48.135898,34.24370299999998
-112.68105433333334,640.8574189999999,290.22489533333334,-229.45863500000002,430.102855,126.87217799999999,-80.949244,457.967511,304.26673949999997,-29.304063999999997,-48.29104199999995,34.13295099999999
-112.68741333333332,640.8251916666667,290.1999836666667,-229.437409,430.1799125,126.66047549999999,-80.97016500000001,457.9301695,304.0935845,-29.184117999999998,-48.446822999999995,34.02041300000002
-112.69404200000001,640.7930363333334,290.17460033333333,-229.417234,430.2589405,126.446564,-80.994012,457.8950065,303.9194055,-29.062916,-48.60308500000002,33.90621299999998
-112.700937,640.7609590000001,290.14875433333333,-229.398124,430.33995849999997,126.23046550000001,-81.0208165,457.8620725,303.7442305,-28.940580999999995,-48.75967700000001,33.790482999999995
-112.70809433333334,640.728965,290.12245633333333,-229.38009,430.4229845,126.012198,-81.050595,457.83140949999995,303.568077,-28.817241999999993,-48.916449,33.67335600000001
-112.71551099999999,640.6970596666666,290.095717,-229.363138,430.508039,125.7917745,-81.08335149999999,457.803053,303.3909475,-28.693031000000005,-49.07324999999997,33.55497300000002
-112.72318266666667,640.6652476666667,290.068547,-229.34727249999997,430.595144,125.5691995,-81.119076,457.777028,303.2128325,-28.56808199999999,-49.229934000000014,33.435475
-112.73110700000001,640.6335333333333,290.04095566666666,-229.332491,430.684321,125.344474,-81.1577445,457.753357,303.0337105,-28.44253099999999,-49.38635799999997,33.31501099999997
-112.73928,640.6019203333334,290.0129543333333,-229.318791,430.77559499999995,125.11759,-81.199321,457.7320525,302.8535465,-28.316518000000002,-49.54237899999998,33.19372699999997
-112.74769866666668,640.5704116666666,289.984553,-229.3061635,430.8689915,124.88853700000001,-81.2437575,457.713122,302.6722945,-28.190180999999995,-49.69785999999999,33.07177300000001
-112.75635999999999,640.53901,289.95576200000005,-229.294597,430.964537,124.657296,-81.29099550000001,457.696569,302.4898975,-28.06366100000001,-49.852667999999994,32.949295000000006
-112.76526133333334,640.5077190000001,289.92659166666664,-229.28407850000002,431.062258,124.4238435,-81.340966,457.6823905,302.306286,-27.937094000000002,-50.00667499999997,32.82644000000005
-112.77439933333335,640.4765386666667,289.8970523333333,-229.274589,431.16218349999997,124.18815049999999,-81.393593,457.67058,302.121385,-27.810621999999995,-50.159757999999954,32.703351999999995
-112.78377166666667,640.4454706666667,289.86715399999997,-229.26611,431.264343,123.950183,-81.448791,457.66112799999996,301.935107,-27.684375999999986,-50.311800000000005,32.580168000000015
-112.79337600000001,640.4145159999999,289.8369076666667,-229.258618,431.3687645,123.709902,-81.506471,457.654021,301.7473605,-27.558489999999992,-50.46268999999995,32.457021
-112.80320933333333,640.3836746666667,289.80632266666663,-229.2520885,431.47548,123.467266,-81.566537,457.6492445,301.558046,-27.433089999999993,-50.61232699999999,32.33403599999997
-112.81327033333332,640.3529456666666,289.77540933333336,-229.24649449999998,431.584519,123.222228,-81.6288925,457.64678000000004,301.36706100000004,-27.308296999999996,-50.760613999999975,32.21132800000004
-112.82355633333333,640.3223283333333,289.7441773333333,-229.241807,431.69591149999997,122.974739,-81.69343699999999,457.646609,301.174298,-27.184228000000004,-50.90746999999999,32.089001999999994
-112.83406566666667,640.2918203333334,289.7126373333333,-229.237997,431.8096875,122.72474700000001,-81.76007,457.6487115,300.97965050000005,-27.06098800000001,-51.05281500000001,31.967152999999996
-112.84479599999999,640.2614199999999,289.68079833333337,-229.235031,431.925877,122.472199,-81.82869249999999,457.6530655,300.7830095,-26.938677,-51.196586999999965,31.84585900000002
-112.85574666666666,640.231124,289.6486703333333,-229.2328775,432.044508,122.217041,-81.89920649999999,457.6596485,300.584268,-26.817382999999992,-51.338730999999996,31.725186000000008
-112.866916,640.2009286666666,289.61626299999995,-229.23150249999998,432.165608,121.9592185,-81.9715175,457.66843800000004,300.3833225,-26.697185000000005,-51.47920400000004,31.60518300000001
-112.87830233333334,640.170831,289.5835866666667,-229.2308705,432.289204,121.6986765,-82.045535,457.679409,300.18007250000005,-26.578149999999994,-51.617976,31.48588699999999
-112.889905,640.1408263333333,289.5506496666667,-229.230948,432.41531899999995,121.4353645,-82.1211725,457.692535,299.9744235,-26.460330999999996,-51.75502999999998,31.367312999999967
-112.90172266666666,640.1109083333332,289.517462,-229.231699,432.543975,121.1692315,-82.1983495,457.707789,299.7662885,-26.343773,-51.89035999999999,31.249459
-112.91375466666666,640.081073,289.48403299999995,-229.2330875,432.675192,120.9002295,-82.27699100000001,457.725141,299.555588,-26.228502000000006,-52.023976000000005,31.13230999999996
-112.926,640.0513136666666,289.4503726666667,-229.2350785,432.8089875,120.62831700000001,-82.357028,457.7445575,299.3422515,-26.114535999999987,-52.15589699999998,31.015827
-112.93845900000001,640.0216233333333,289.416489,-229.2376355,432.9453735,120.353454,-82.43839700000001,457.7660025,299.126219,-26.001875999999996,-52.28616099999999,30.899959999999965
-112.95112999999999,639.9919953333333,289.38239233333337,-229.240724,433.084359,120.0756085,-82.5210415,457.789436,298.90744,-25.890508999999994,-52.41481200000004,30.784637999999973
-112.96401366666667,639.9624223333334,289.34809133333334,-229.244308,433.22595149999995,119.79475350000001,-82.60490899999999,457.8148115,298.685877,-25.780412,-52.54191099999997,30.66977399999996
-112.97710933333333,639.9328966666667,289.313596,-229.2483525,433.3701505,119.5108695,-82.689954,457.84207749999996,298.461505,-25.671546000000006,-52.667531,30.555270000000007
-112.990417,639.9034093333333,289.2789143333334,-229.25282399999998,433.516953,119.22394550000001,-82.7761355,457.871175,298.2343095,-25.563861000000003,-52.791751999999974,30.441009000000008
-113.00393666666668,639.8739519999999,289.24405699999994,-229.2576865,433.6663505,118.933977,-82.863415,457.902038,298.004291,-25.457294000000005,-52.914668000000006,30.326865999999995
-113.017668,639.8445156666667,289.20903233333337,-229.262906,433.818327,118.64097100000001,-82.95175850000001,457.934592,297.7714615,-25.351772999999994,-53.036382,30.212702999999976
-113.031612,639.8150909999999,289.17385033333335,-229.268449,433.9728645,118.3449415,-83.041134,457.9687535,297.5358465,-25.247214,-53.15700300000003,30.098373000000038
-113.04576766666666,639.7856673333333,289.1385203333333,-229.274281,434.129934,118.04591350000001,-83.13150999999999,458.0044285,297.2974835,-25.143525999999994,-53.27664900000002,29.983722999999998
-113.060137,639.7562353333333,289.10305166666666,-229.280369,434.289505,117.7439235,-83.222858,458.041514,297.0564255,-25.04060799999999,-53.395444,29.868595000000028
-113.07471866666667,639.726784,289.067454,-229.286679,434.45153700000003,117.439016,-83.315146,458.07989499999996,296.812734,-24.938354000000004,-53.51351400000004,29.75282599999997
-113.08951400000001,639.697303,289.03173666666663,-229.293178,434.615984,117.131249,-83.408343,458.1194465,296.566485,-24.836653999999996,-53.630989,29.636254000000008
-113.10452233333332,639.6677799999999,288.99591033333337,-229.29983149999998,434.7827925,116.820689,-83.502414,458.160031,296.31776449999995,-24.73539199999999,-53.74800200000004,29.51871699999998
-113.11974466666668,639.638204,288.95998433333335,-229.3066055,434.9519025,116.50741500000001,-83.59732249999999,458.2015025,296.06667100000004,-24.634452999999993,-53.86468500000001,29.400056000000006
-113.13518133333334,639.6085636666667,288.92396766666667,-229.3134665,435.123246,116.19151600000001,-83.6930285,458.24370250000004,295.8133125,-24.533716999999996,-53.98116699999997,29.280115000000023
-113.150832,639.5788466666667,288.8878716666666,-229.32038,435.29674850000004,115.87309250000001,-83.7894875,458.28646200000003,295.55780649999997,-24.43306700000001,-54.09757599999995,29.158747000000005
-113.166697,639.54904,288.8517063333333,-229.327312,435.4723265,115.5522545,-83.886649,458.32960449999996,295.30028000000004,-24.332387999999995,-54.21403300000003,29.03581200000002
-113.18277666666667,639.5191316666667,288.8154813333333,-229.334226,435.64989149999997,115.22912149999999,-83.9844595,458.3729415,295.0408685,-24.231567000000013,-54.330655000000036,28.911181
-113.19907033333334,639.4891083333333,288.779207,-229.34108750000001,435.82934650000004,114.90382450000001,-84.08286100000001,458.41627800000003,294.77971449999995,-24.130498000000003,-54.44755200000003,28.784733000000017
-113.215578,639.4589573333334,288.74289333333337,-229.3478615,436.010587,114.576503,-84.181788,458.45941200000004,294.516969,-24.029078,-54.56482599999998,28.656362
-113.23229933333333,639.4286643333334,288.706551,-229.3545115,436.1935025,114.24730349999999,-84.281174,458.5021355,294.252788,-23.927209999999988,-54.682567000000006,28.525972000000024
-113.24923366666667,639.3982166666666,288.67019066666666,-229.36100249999998,436.377975,113.9163835,-84.380945,458.5442345,293.9873345,-23.824808000000004,-54.800859,28.393485
-113.26638033333334,639.3675993333333,288.6338216666666,-229.367297,436.56388000000004,113.583906,-84.4810245,458.58549400000004,293.7207745,-23.721790999999996,-54.91977200000002,28.25883299999998
-113.28373900000001,639.3367993333334,288.5974553333333,-229.37336,436.7510875,113.25004150000001,-84.581333,458.625694,293.4532825,-23.618089999999995,-55.03936399999998,28.121965000000046
-113.30130733333334,639.3058023333333,288.561101,-229.379155,436.939459,112.914965,-84.6817875,458.66461449999997,293.1850325,-23.513643000000002,-55.15968300000003,27.982844999999998
-113.31908499999999,639.2745933333334,288.5247696666667,-229.3846455,437.1288535,112.5788585,-84.7823055,458.70203649999996,292.916206,-23.408401000000012,-55.280763000000036,27.84145000000001
-113.33707066666666,639.2431583333333,288.48847033333334,-229.389797,437.319123,112.241908,-84.882801,458.737741,292.6469855,-23.302324,-55.402624,27.69777300000004
-113.355262,639.2114826666666,288.4522143333333,-229.394574,437.5101135,111.9043025,-84.983191,458.77151349999997,292.37755649999997,-23.195384000000004,-55.52527500000002,27.55182099999996
-113.373657,639.1795523333334,288.41601066666664,-229.39894199999998,437.701668,111.5662345,-85.0833925,458.803143,292.108107,-23.087563000000003,-55.648709999999994,27.403614000000005
-113.39225366666666,639.147352,288.3798696666667,-229.402869,437.8936245,111.22789800000001,-85.1833255,458.8324215,291.8388275,-22.97885699999999,-55.77291300000002,27.253184999999974
-113.41104966666667,639.1148676666667,288.343801,-229.406321,438.08581849999996,110.8894895,-85.282914,458.85914749999995,291.56991,-22.86926799999999,-55.897851,27.10058200000003
-113.43004233333335,639.082084,288.307814,-229.4092675,438.278081,110.5512045,-85.3820865,458.8831255,291.30154749999997,-22.758816999999993,-56.023483,26.94586099999998
-113.44922833333334,639.0489866666667,288.27191799999997,-229.411679,438.470241,110.2132395,-85.4807775,458.90416700000003,291.033935,-22.64752899999999,-56.14975399999997,26.789089999999987
-113.46860499999998,639.015562,288.2361223333333,-229.4135275,438.662126,109.875788,-85.57892799999999,458.92209,290.767268,-22.535444,-56.276595999999984,26.630344000000036
-113.48816866666668,638.981795,288.200436,-229.414787,438.85356,109.539046,-85.6764885,458.9367175,290.50174300000003,-22.422611000000003,-56.40393499999999,26.46971400000001
-113.50791533333332,638.9476716666667,288.164868,-229.415432,439.0443685,109.203203,-85.773416,458.94788200000005,290.23755800000004,-22.309089999999998,-56.53168199999999,26.307288000000028
-113.52784166666667,638.9131780000001,288.12942733333335,-229.4154415,439.234374,108.8684475,-85.8696795,458.95542,289.97490949999997,-22.194952999999998,-56.659744000000046,26.143169
-113.54794333333332,638.8783006666666,288.09412199999997,-229.414795,439.423402,108.534966,-85.965257,458.95917499999996,289.71399699999995,-22.080275999999998,-56.78801600000003,25.977462000000003
-113.56821566666667,638.843026,288.058961,-229.413474,439.611277,108.2029395,-86.060137,458.9589945,289.455018,-21.965149999999994,-56.91638899999998,25.810273999999993
-113.58865466666667,638.8073406666667,288.0239516666667,-229.41146500000002,439.797824,107.872544,-86.1543205,458.9547305,289.198171,-21.849671,-57.04474499999998,25.64171799999997
-113.60925533333334,638.771232,287.9891023333333,-229.4087535,439.98287200000004,107.543954,-86.2478185,458.9462375,288.943654,-21.73394499999999,-57.17296299999998,25.471907999999985
-113.63001233333334,638.7346883333333,287.9544203333333,-229.405331,440.166251,107.2173365,-86.340655,458.93337099999997,288.6916655,-21.61808400000001,-57.30091599999997,25.300959000000034
-113.65092133333333,638.6976966666667,287.9199143333333,-229.4011885,440.347794,106.8928545,-86.4328645,458.9159885,288.442402,-21.50220499999999,-57.42847699999999,25.128984000000003
-113.67197633333335,638.6602456666666,287.88559000000004,-229.3963225,440.527338,106.57066400000001,-86.524493,458.89394300000004,288.19606,-21.38643599999999,-57.55551399999996,24.956096000000002
-113.693172,638.6223246666667,287.85145600000004,-229.39073050000002,440.7047245,106.250918,-86.615599,458.86708699999997,287.9528345,-21.270904,-57.68189799999999,24.78240500000004
-113.71450333333333,638.583923,287.8175186666667,-229.384413,440.879798,105.9337625,-86.7062495,458.8352665,287.71292,-21.155744999999996,-57.80749700000001,24.60801600000002
-113.73596433333334,638.5450310000001,287.78378433333336,-229.37737349999998,441.052409,105.6193365,-86.79652250000001,458.7983235,287.47650799999997,-21.041095,-57.93218300000001,24.43303199999997
-113.75754833333333,638.505639,287.75026033333336,-229.3696175,441.222414,105.30777499999999,-86.8865055,458.75609,287.243789,-20.927093,-58.05582999999996,24.25754599999999
-113.77925066666667,638.4657386666667,287.71695266666666,-229.361153,441.3896735,104.999207,-86.976295,458.7083885,287.0149505,-20.813879999999997,-58.17831699999999,24.08164499999998
-113.80106433333333,638.4253219999999,287.68386766666663,-229.351992,441.5540565,104.693754,-87.0659925,458.65503,286.79017799999997,-20.701597000000007,-58.299526000000014,23.905410000000018
-113.82298333333334,638.3843813333334,287.65101166666665,-229.3421465,441.715436,104.39153400000001,-87.1557075,458.59581349999996,286.569653,-20.590383000000003,-58.419344999999964,23.728909999999985
-113.84500099999998,638.3429106666666,287.6183903333333,-229.331633,441.8736945,104.0926575,-87.245556,458.53052349999996,286.3535535,-20.480375999999993,-58.537672999999984,23.55220700000001
-113.86711133333334,638.3009036666666,287.5860103333334,-229.320467,442.02872049999996,103.79723,-87.3356555,458.4589285,286.142055,-20.371711000000005,-58.65441299999998,23.37534599999998
-113.88930699999999,638.2583556666667,287.55387599999995,-229.308669,442.1804095,103.505352,-87.4261285,458.3807815,285.93532600000003,-20.264516999999998,-58.769476999999995,23.19836600000002
-113.911582,638.2152623333333,287.5219936666667,-229.29625950000002,442.3286665,103.2171175,-87.5170975,458.2958175,285.7335325,-20.158918999999997,-58.882789,23.021288999999967
-113.93392933333332,638.1716203333334,287.49036866666665,-229.28326099999998,442.47340199999996,102.93261650000001,-87.608685,458.203752,285.536833,-20.055036,-58.994282,22.844123999999965
-113.95634166666666,638.1274266666666,287.4590053333333,-229.269697,442.61453600000004,102.651932,-87.7010135,458.104284,285.345382,-19.952979,-59.10389799999996,22.666867999999965
-113.97881266666667,638.0826796666666,287.42790966666666,-229.25559299999998,442.751997,102.375144,-87.79420300000001,457.9970935,285.1593265,-19.852850000000004,-59.21159299999999,22.48950099999996
-114.001334,638.0373786666668,287.397086,-229.240974,442.885721,102.102327,-87.88836850000001,457.88183949999996,284.9788065,-19.754745,-59.317335000000014,22.311988999999983
-114.02389933333335,637.991523,287.366538,-229.2258675,443.01565400000004,101.833549,-87.983621,457.7581645,284.803955,-19.658744000000013,-59.421100999999965,22.13427800000005
-114.04650166666666,637.9451126666667,287.3362716666667,-229.21030100000002,443.141747,101.568876,-88.08006449999999,457.6256915,284.634897,-19.564923000000007,-59.522880999999984,21.956305999999984
-114.06913300000001,637.8981496666667,287.3062893333333,-229.1943025,443.26396350000005,101.308368,-88.1777965,457.484025,284.47174800000005,-19.473344999999995,-59.62267800000001,21.77798999999999
-114.09178566666667,637.8506353333333,287.2765963333334,-229.177899,443.3822725,101.05207999999999,-88.2769055,457.3327545,284.314616,-19.384061000000003,-59.720507,21.599234000000024
-114.11445300000001,637.8025733333334,287.24719500000003,-229.16111949999998,443.49665400000004,100.80006399999999,-88.3774705,457.1714525,284.16359750000004,-19.297112999999996,-59.81639100000001,21.419924999999978
-114.13712666666667,637.7539656666667,287.21808966666663,-229.1439925,443.6070935,100.552366,-88.47956049999999,456.99967649999996,284.01877950000005,-19.212531,-59.91036700000001,21.239938999999993
-114.15979966666667,637.7048173333334,287.18928266666666,-229.12654600000002,443.71358699999996,100.30902850000001,-88.58323250000001,456.816972,283.8802385,-19.130332999999993,-60.00247999999999,21.059135000000026
-114.182464,637.6551330000001,287.16077666666666,-229.10880650000001,443.816138,100.07009049999999,-88.6885335,456.6228715,283.74803899999995,-19.050528999999997,-60.09278499999999,20.87736000000001
-114.20511233333333,637.604918,287.13257466666664,-229.0908025,443.914758,99.83558400000001,-88.7954955,456.416898,283.6222325,-18.973117000000002,-60.18134399999997,20.694450999999958
-114.22773666666667,637.5541786666666,287.104679,-229.0725605,444.009466,99.605539,-88.90414,456.19856749999997,283.502859,-18.898088,-60.26822899999996,20.510231999999974
-114.25032966666667,637.502922,287.07709033333333,-229.0541055,444.1002905,99.37997999999999,-89.0144735,455.96738700000003,283.389944,-18.825423,-60.353515999999956,20.324518000000012
-114.27288433333335,637.451154,287.04981100000003,-229.035464,444.18726549999997,99.1589265,-89.12649,455.7228625,283.2835,-18.755098000000004,-60.43728500000003,20.137117999999987
-114.29539199999999,637.3988840000001,287.02284266666663,-229.016659,444.27043449999996,98.94239300000001,-89.2401705,455.464495,283.1835225,-18.687080999999992,-60.51962400000002,19.947831000000008
-114.31784499999999,637.346119,286.996186,-228.997714,444.34984699999995,98.7303905,-89.355481,455.19178650000003,283.0899935,-18.621336,-60.600617,19.756452999999965
-114.34023666666667,637.292869,286.96984100000003,-228.9786515,444.4255615,98.52292299999999,-89.4723755,454.9042395,283.002878,-18.557823,-60.68035500000002,19.562775999999985
-114.36255933333332,637.239142,286.9438093333333,-228.9594925,444.4976405,98.3199905,-89.590794,454.6013615,282.922125,-18.496499999999997,-60.75892299999998,19.36659199999997
-114.38480466666668,637.184948,286.91809033333334,-228.940257,444.566157,98.1215875,-89.71066450000001,454.2826645,282.8476645,-18.437325,-60.836411,19.167687
-114.40696633333334,637.1302976666667,286.892683,-228.9209625,444.6311875,97.9277015,-89.831902,453.947668,282.779409,-18.380256000000003,-60.912901999999974,18.96585399999998
-114.42903566666666,637.0752006666667,286.867588,-228.90162750000002,444.6928185,97.738316,-89.95441,453.59590049999997,282.71725349999997,-18.325251999999992,-60.988477000000046,18.760884999999973
-114.451006,637.0196673333334,286.842804,-228.88226650000001,444.7511395,97.553406,-90.0780815,453.2269005,282.661072,-18.272274999999993,-61.063207000000034,18.552577999999983
-114.47287,636.963709,286.81833,-228.86289399999998,444.806248,97.37294299999999,-90.2027995,452.840221,282.61072,-18.221294999999998,-61.137163999999984,18.340733999999998
-114.49462,636.9073360000001,286.79416399999997,-228.8435225,444.85824749999995,97.1968895,-90.3284365,452.435424,282.5660305,-18.172280999999998,-61.21040800000003,18.125162999999986
-114.516249,636.8505593333333,286.77030399999995,-228.824163,444.9072465,97.02520150000001,-90.4548565,452.012091,282.5268185,-18.125214999999997,-61.28299400000003,17.905681000000016
-114.53775,636.7933906666667,286.74674899999997,-228.804825,444.95335950000003,96.85783,-90.5819175,451.569816,282.49287549999997,-18.080084999999997,-61.354963999999995,17.682113000000015
-114.55911533333334,636.7358399999999,286.7234956666667,-228.785514,444.996707,96.694715,-90.70946900000001,451.10821150000004,282.4639735,-18.036884,-61.426355,17.454295000000002
-114.58033866666666,636.677919,286.700541,-228.7662375,445.0374125,96.5357935,-90.837355,450.6269065,282.4398595,-17.995618000000007,-61.49719099999999,17.222071000000028
-114.60141333333333,636.6196383333335,286.677882,-228.746997,445.075607,96.38099199999999,-90.9654165,450.12554750000004,282.420261,-17.956303000000005,-61.567488999999966,16.985296000000005
-114.62233133333332,636.5610093333333,286.655516,-228.7277955,445.1114245,96.23023,-91.0934895,449.60380150000003,282.404882,-17.918963000000005,-61.63725100000005,16.743839999999977
-114.643087,636.5020410000001,286.633438,-228.70863150000002,445.145002,96.08341949999999,-91.2214085,449.0613525,282.3934045,-17.883633000000003,-61.70647299999996,16.497581000000025
-114.663674,636.4427443333334,286.611645,-228.6895025,445.1764845,95.940465,-91.349005,448.497904,282.385487,-17.85036000000001,-61.775135999999975,16.246407999999974
-114.68408533333333,636.3831293333333,286.590131,-228.67040350000002,445.20601650000003,95.8012625,-91.4761115,447.91318,282.3807665,-17.819200999999993,-61.84321399999999,15.990229
-114.704315,636.323205,286.5688923333333,-228.65132749999998,445.233747,95.665701,-91.60256,447.3069205,282.37885700000004,-17.790222,-61.910668999999984,15.728955999999982
-114.72435700000001,636.2629803333333,286.54792433333336,-228.63226550000002,445.25982899999997,95.5336615,-91.7281845,446.6788865,282.3793505,-17.763503,-61.97745100000003,15.462516999999991
-114.74420566666667,636.2024646666666,286.52722033333333,-228.6132065,445.28441599999996,95.4050175,-91.8528205,446.0288575,282.38181699999996,-17.739131,-62.04350499999998,15.190852000000007
-114.76385499999999,636.141665,286.50677566666667,-228.594137,445.3076655,95.279636,-91.97630849999999,445.3566295,282.3858045,-17.717202999999998,-62.10876299999995,14.913910999999985
-114.78329966666668,636.0805893333333,286.48658366666666,-228.575042,445.329735,95.157376,-92.0984905,444.662018,282.39084049999997,-17.697824999999995,-62.173145999999974,14.631656999999961
-114.80253466666666,636.0192446666666,286.4666383333333,-228.5559045,445.35078350000003,95.03809100000001,-92.219214,443.94485399999996,282.3964315,-17.681112,-62.23657399999996,14.34406100000001
-114.821555,635.957638,286.44693366666667,-228.53670599999998,445.3709705,94.9216275,-92.3383335,443.2049865,282.4020635,-17.667187,-62.29895299999998,14.051108999999997
-114.84035533333333,635.8957736666666,286.42746199999993,-228.517426,445.3904565,94.8078265,-92.45570699999999,442.4422785,282.407203,-17.656176000000002,-62.360185,13.752792
-114.85893133333333,635.8336576666667,286.408217,-228.498043,445.409398,94.69652400000001,-92.5711995,441.6566105,282.411298,-17.648217000000002,-62.420165,13.449114000000009
-114.87727933333333,635.7712946666667,286.389191,-228.4785345,445.4279555,94.587551,-92.6846835,440.8478765,282.413779,-17.64344899999999,-62.47878099999997,13.140085999999997
-114.89539466666666,635.7086883333333,286.370377,-228.4588765,445.446283,94.48073500000001,-92.79603900000001,440.0159845,282.4140585,-17.642015999999998,-62.53591700000004,12.825727000000029
-114.91327433333333,635.6458413333334,286.3517663333333,-228.43904550000002,445.464536,94.3759,-92.9051525,439.1608565,282.41153399999996,-17.644065000000012,-62.591454999999996,12.50606799999997
-114.93091366666665,635.5827563333332,286.3333526666666,-228.419016,445.4828645,94.27286749999999,-93.01191850000001,438.282427,282.40558599999997,-17.649747000000005,-62.64526999999998,12.18114399999996
-114.94831066666667,635.5194346666667,286.315127,-228.39876500000003,445.501416,94.1714565,-93.11624,437.380643,282.3955825,-17.659214000000006,-62.697231999999985,11.850997000000007
-114.96546166666667,635.4558773333334,286.29708066666666,-228.378267,445.52033500000005,94.07148649999999,-93.2180285,436.455464,282.3808795,-17.672618999999997,-62.74721599999998,11.515678999999977
-114.982365,635.3920843333334,286.279206,-228.35749950000002,445.539759,93.972775,-93.317203,435.50685899999996,282.360819,-17.69011400000001,-62.79508800000002,11.175246000000016
-114.999017,635.328054,286.26149433333336,-228.33643999999998,445.559823,93.8751425,-93.413691,434.53481150000005,282.334734,-17.711851999999993,-62.84071499999999,10.829762000000017
-115.015417,635.2637856666666,286.2439363333333,-228.3150675,445.58065550000003,93.778408,-93.507429,433.539313,282.3019495,-17.737979999999993,-62.883962,10.479297000000031
-115.031563,635.1992753333333,286.22652300000004,-228.293364,445.60237700000005,93.68239550000001,-93.5983615,432.5203675,282.2617805,-17.768651000000006,-62.92469699999998,10.12392299999999
-115.04745333333334,635.13452,286.20924533333334,-228.27131100000003,445.6251035,93.58693149999999,-93.68644,431.47798850000004,282.21353899999997,-17.804006,-62.962783,9.763721999999973
-115.06308733333333,635.0695153333332,286.19209333333333,-228.248896,445.64894300000003,93.49184500000001,-93.771627,430.41220050000004,282.15653,-17.844185999999993,-62.998087,9.39878200000004
-115.07846400000001,635.0042553333333,286.1750586666667,-228.22610650000001,445.673996,93.396972,-93.8538915,429.3230395,282.0900555,-17.889326999999994,-63.03047300000003,9.029190999999969
-115.09358300000001,634.938734,286.1581303333333,-228.2029345,445.700354,93.3021535,-93.93321,428.210552,282.013419,-17.939561999999995,-63.059811999999965,8.65504599999997
-115.10844433333334,634.8729433333333,286.14129866666667,-228.1793745,445.72810000000004,93.2072355,-94.0095675,427.074795,281.92592049999996,-17.995013,-63.08596799999998,8.276447000000019
-115.12304866666666,634.806875,286.124554,-228.15542599999998,445.7573105,93.112072,-94.08295799999999,425.915838,281.8268655,-18.055797999999996,-63.108813999999995,7.89349900000002
-115.13739600000001,634.7405190000001,286.1078856666666,-228.131091,445.7880495,93.0165255,-94.1533815,424.7337635,281.71556050000004,-18.122027000000003,-63.128219,7.506313000000034
-115.15148766666668,634.6738656666668,286.09128366666664,-228.106376,445.82037249999996,92.92046450000001,-94.22084699999999,423.528665,281.591319,-18.19380199999999,-63.14405799999997,7.115000000000009
-115.165325,634.6069023333333,286.074737,-228.0812915,445.854326,92.823767,-94.2853695,422.3006505,281.453461,-18.271217000000007,-63.156206999999995,6.719680000000039
-115.17890966666666,634.539617,286.058236,-228.0558515,445.88994649999995,92.72631999999999,-94.3469715,421.0498425,281.301316,-18.354353000000003,-63.16454299999998,6.32047
-115.19224433333333,634.4719953333333,286.0417693333333,-228.0300745,445.9272595,92.628019,-94.4056845,419.776377,281.134224,-18.44328499999999,-63.168948,5.9174959999999714
-115.20533,634.404023,286.0253266666667,-228.0039835,445.96627950000004,92.5287695,-94.4615445,418.480408,280.951538,-18.538072999999997,-63.16930400000001,5.510883999999976
-115.21817033333333,634.3356843333335,286.0088973333334,-227.9776055,446.00701300000003,92.4284865,-94.5145955,417.1621035,280.7526245,-18.638767,-63.16550099999995,5.100764999999967
-115.23076833333334,634.2669616666667,285.99247066666663,-227.95096949999999,446.0494535,92.32709299999999,-94.564889,415.8216525,280.53686500000003,-18.745403999999994,-63.15742700000004,4.6872679999999605
-115.243128,634.1978373333334,285.97603533333336,-227.92411049999998,446.093587,92.2245225,-94.61248,414.4592605,280.30366100000003,-18.858009999999993,-63.14497699999998,4.270527999999956
-115.255252,634.1282913333333,285.9595826666667,-227.8970645,446.13938599999994,92.12071850000001,-94.657432,413.0751535,280.0524305,-18.97659200000001,-63.12805100000003,3.8506790000000137
-115.26714566666668,634.0583046666667,285.94310033333335,-227.86987249999999,446.18681549999997,92.0156315,-94.6998145,411.6695785,279.78261399999997,-19.101148999999992,-63.10654899999997,3.427855999999963
-115.278813,633.9878563333333,285.926579,-227.8425775,446.23582999999996,91.909222,-94.739701,410.242803,279.4936725,-19.231662,-63.080381999999986,3.0021970000000238
-115.29025866666666,633.916923,285.910008,-227.8152245,446.28637449999997,91.8014585,-94.77717050000001,408.795119,279.185092,-19.368094999999997,-63.04945799999996,2.5738360000000284
-115.30148799999999,633.8454820000001,285.89337700000004,-227.78786150000002,446.33838349999996,91.6923165,-94.8123075,407.326842,278.856381,-19.510399000000007,-63.01369799999998,2.142910000000029
-115.31250733333333,633.773509,285.87667600000003,-227.7605365,446.39178400000003,91.5817805,-94.8452,405.8383105,278.507075,-19.658507999999998,-62.97302500000001,1.7095560000000205
-115.32332133333334,633.7009789999998,285.85989566666666,-227.73330049999998,446.4464935,91.4698405,-94.8759405,404.32989,278.1367365,-19.812341000000004,-62.927366000000006,1.2739070000000083
-115.33393666666666,633.6278659999999,285.843026,-227.70620350000002,446.502422,91.3564925,-94.90462450000001,402.80197150000004,277.744954,-19.971796999999995,-62.876656999999966,0.8360959999999977
-115.34436066666666,633.5541416666666,285.82605666666666,-227.67929800000002,446.559472,91.2417395,-94.931349,401.2549725,277.331345,-20.136762000000004,-62.82083899999998,0.396253999999999
-115.35459833333334,633.47978,285.80897933333335,-227.652634,446.61753799999997,91.125588,-94.956215,399.6893395,276.8955565,-20.30710400000001,-62.759861,-0.04548699999998007
-115.36465766666667,633.404751,285.791784,-227.626262,446.6765085,91.008049,-94.97932349999999,398.105545,276.437264,-20.48267700000001,-62.69367799999998,-0.48900199999997085
-115.374546,633.329025,285.774462,-227.6002315,446.736267,90.889137,-95.0007755,396.504092,275.956172,-20.663317000000006,-62.62225000000001,-0.9341640000000098
-115.38427066666667,633.2525713333333,285.75700333333333,-227.574589,446.79668949999996,90.76887,-95.02067299999999,394.88550999999995,275.4520155,-20.848844,-62.545548,-1.380849000000012
-115.39383933333333,633.1753593333334,285.7393993333333,-227.54938149999998,446.8576485,90.647267,-95.03911550000001,393.250359,274.9245585,-21.039067000000003,-62.463548,-1.8289389999999912
-115.40325966666666,633.0973563333333,285.721642,-227.5246505,446.919012,90.524348,-95.056201,391.5992255,274.373595,-21.233776000000006,-62.37623300000001,-2.278313999999966
-115.41254033333333,633.0185296666667,285.70372133333336,-227.5004375,446.98064550000004,90.4001345,-95.0720255,389.9327275,273.79894750000005,-21.432753000000005,-62.283596999999986,-2.728857000000005
-115.42168866666667,632.938846,285.68563,-227.476777,447.04241,90.274648,-95.0866785,388.2515095,273.2004685,-21.635762999999997,-62.18563500000005,-3.1804550000000518
-115.43071400000001,632.8582713333334,285.6673586666667,-227.45370400000002,447.10416499999997,90.147907,-95.100246,386.5562455,272.57803650000005,-21.842562,-62.082357,-3.632994999999994
-115.43962466666666,632.7767703333334,285.648899,-227.431246,447.16576899999995,90.019931,-95.1128085,384.84763599999997,271.9315595,-22.052897,-61.97377599999999,-4.086365000000001
-115.44842933333335,632.6943083333334,285.630243,-227.409428,447.227079,89.8907365,-95.124438,383.126409,271.26097200000004,-22.266503999999998,-61.859914,-4.540458000000001
-115.45713633333332,632.610849,285.611383,-227.3882695,447.28795149999996,89.76033699999999,-95.1352,381.39331949999996,270.566234,-22.483112000000006,-61.740796999999986,-4.995161999999993
-115.46575533333333,632.5263566666666,285.59230933333333,-227.3677855,447.348244,89.6287415,-95.14515,379.64914550000003,269.8473315,-22.70244199999999,-61.61646300000001,-5.450371000000018
-115.47429499999998,632.4407940000001,285.573016,-227.347985,447.40781400000003,89.4959575,-95.1543345,377.89469299999996,269.1042735,-22.924215000000004,-61.486954000000026,-5.905974999999955
-115.48276399999999,632.3541243333333,285.55349366666667,-227.3288725,447.4665215,89.361987,-95.162788,376.130788,268.33709450000003,-23.148141999999993,-61.35231799999997,-6.361865000000023
-115.49117233333334,632.2663096666666,285.53373533333337,-227.310447,447.5242285,89.226828,-95.1705355,374.35828000000004,267.545848,-23.37393499999999,-61.212609999999984,-6.817931999999985
-115.49952866666668,632.1773123333332,285.513733,-227.29270050000002,447.5807985,89.090473,-95.177588,372.5780395,266.73061099999995,-23.601305999999994,-61.067893000000026,-7.27406400000001
-115.507842,632.087095,285.4934786666667,-227.275621,447.6360995,88.9529095,-95.183943,370.7909545,265.8914805,-23.82996399999999,-60.91823099999999,-7.730146999999988
-115.516122,631.9956186666667,285.47296566666665,-227.25919,447.6900025,88.814121,-95.18958599999999,368.997933,265.0285715,-24.059624,-60.76369599999998,-8.18606699999998
-115.524377,631.9028446666667,285.4521856666667,-227.2433825,447.742381,88.674085,-95.19448700000001,367.1998955,264.142017,-24.290002,-60.60436699999997,-8.641704000000004
-115.53261733333333,631.8087363333333,285.4311323333333,-227.22816899999998,447.7931155,88.5327725,-95.1986005,365.397779,263.2319675,-24.520816999999994,-60.44032199999998,-9.096937000000025
-115.54085100000002,631.713253,285.40979699999997,-227.213513,447.842089,88.390152,-95.20186749999999,363.592531,262.2985875,-24.751795,-60.27164800000003,-9.551639000000023
-115.54908766666667,631.6163579999999,285.38817366666666,-227.1993735,447.889191,88.2461865,-95.2042115,361.7851085,261.3420575,-24.982668999999987,-60.098433,-10.005680999999981
-115.55733500000001,631.5180113333332,285.3662546666667,-227.1857025,447.9343145,88.1008325,-95.205542,359.9764775,260.3625705,-25.213178,-59.92076900000001,-10.458929000000012
-115.565603,631.4181763333332,285.34403266666664,-227.172449,447.97735950000003,87.95404450000001,-95.2057505,358.16760850000003,259.36033199999997,-25.443073000000012,-59.738751000000036,-10.911245999999977
-115.57389933333333,631.3168136666667,285.3215006666667,-227.1595545,448.01823049999996,87.805773,-95.204713,356.35947450000003,258.335558,-25.672110000000004,-59.55247700000001,-11.36248599999999
-115.58223266666666,631.2138856666667,285.298652,-227.1469565,448.05683650000003,87.6559645,-95.2022905,354.553049,257.288475,-25.900059,-59.362048000000016,-11.8125
-115.59061100000001,631.1093553333334,285.27547933333335,-227.1345865,448.09309399999995,87.5045635,-95.198327,352.7493045,256.2193185,-26.1267,-59.16756499999997,-12.26113700000002
-115.59904233333333,631.0031846666666,285.251976,-227.12237249999998,448.12692400000003,87.351513,-95.1926495,350.949207,255.1283315,-26.351822999999996,-58.969132,-12.708234999999974
-115.607534,630.8953376666667,285.2281346666667,-227.11023649999998,448.1582525,87.196755,-95.185073,349.1537165,254.015763,-26.575233999999995,-58.766857000000016,-13.153631999999988
-115.61609333333332,630.7857766666667,285.2039483333333,-227.0980975,448.187011,87.040231,-95.1753945,347.36378149999996,252.881869,-26.796749000000005,-58.56084500000003,-13.597158000000007
-115.62472733333334,630.6744666666667,285.17941033333335,-227.085869,448.2131365,86.8818835,-95.1633975,345.58033850000004,251.72691000000003,-27.016199,-58.35120499999999,-14.03863800000002
-115.63344266666667,630.5613716666667,285.15451433333334,-227.0734605,448.23656900000003,86.7216555,-95.1488525,343.804307,250.5511485,-27.233429,-58.13804600000003,-14.477892999999995
-115.64224533333334,630.4464563333333,285.12925333333334,-227.06077699999997,448.257255,86.5594935,-95.131516,342.036588,249.354851,-27.44829800000001,-57.921479999999974,-14.914740000000023
-115.65114133333334,630.3296873333334,285.10361966666665,-227.04772050000003,448.2751415,86.3953475,-95.11113449999999,340.278061,248.1382845,-27.660677000000007,-57.701617999999996,-15.348991000000012
-115.66013633333334,630.21103,285.07760866666666,-227.0341885,448.2901835,86.2291715,-95.08744,338.529581,246.90171850000002,-27.87045599999999,-57.478571999999986,-15.780452999999994
-115.66923533333333,630.0904516666666,285.05121133333336,-227.020074,448.30233450000003,86.0609245,-95.060159,336.79197450000004,245.64542,-28.077538000000004,-57.25245699999999,-16.208934
-115.67844233333334,629.9679193333333,285.024423,-227.0052665,448.311553,85.89057150000001,-95.02900600000001,335.0660385,244.36965700000002,-28.281841999999997,-57.023387000000014,-16.63423400000002
-115.68776233333334,629.8434016666668,284.99723666666665,-226.989652,448.3177985,85.718087,-94.99368949999999,333.3525375,243.074694,-28.483299000000002,-56.791476999999986,-17.056153999999992
-115.69719833333333,629.7168676666666,284.96964633333334,-226.9731115,448.3210315,85.54345,-94.9539125,331.652199,241.7607935,-28.681859000000003,-56.55684199999996,-17.474492999999995
-115.706754,629.5882873333334,284.94164600000005,-226.9555235,448.321212,85.36665,-94.9093735,329.9657135,240.428215,-28.877485000000007,-56.319601000000034,-17.889048000000003
-115.716431,629.457631,284.9132293333333,-226.9367615,448.318302,85.187686,-94.8597665,328.29373050000004,239.0772135,-29.070155,-56.079868999999974,-18.299619000000007
-115.72623233333333,629.3248703333334,284.8843913333333,-226.9166955,448.3122615,85.00656699999999,-94.80478600000001,326.6368555,237.70803999999998,-29.259862000000012,-55.83776700000004,-18.70600399999998
-115.73615933333333,629.1899783333333,284.8551253333333,-226.895191,448.303049,84.82331049999999,-94.74412849999999,324.99565199999995,236.320941,-29.446613,-55.593413999999996,-19.108003999999994
-115.74621333333334,629.0529270000001,284.825427,-226.87211,448.290621,84.637948,-94.67748950000001,323.370635,234.916156,-29.630431,-55.346929999999986,-19.50542200000001
-115.75639433333333,628.9136913333333,284.79529133333335,-226.8473095,448.2749325,84.45052,-94.60457199999999,321.762271,233.4939215,-29.811347999999995,-55.098434,-19.898064999999974
-115.76670233333333,628.7722466666667,284.7647133333333,-226.82064350000002,448.25593449999997,84.261079,-94.5250825,320.170978,232.054467,-29.989414999999994,-54.848048000000006,-20.285742
-115.777138,628.6285686666666,284.733688,-226.79196100000001,448.233574,84.0696895,-94.4387375,318.59712249999995,230.5980165,-30.164693,-54.595894999999985,-20.668273
-115.78769866666666,628.4826346666667,284.7022116666667,-226.761107,448.2077945,83.876426,-94.345262,317.0410205,229.124789,-30.337254,-54.34209299999998,-21.045478000000003
-115.798384,628.3344223333334,284.6702803333333,-226.72792199999998,448.1785355,83.6813745,-94.2443935,315.5029345,227.634997,-30.507182999999998,-54.08676700000001,-21.41718800000001
-115.809191,628.1839106666666,284.63789,-226.69224300000002,448.1457315,83.484632,-94.1358825,313.98307650000004,226.1288485,-30.674577,-53.83003500000001,-21.783241000000004
-115.82011766666666,628.0310800000001,284.60503700000004,-226.65390250000002,448.109312,83.286305,-94.0194955,312.481605,224.606547,-30.839540999999997,-53.57201799999996,-22.14348000000001
-115.83116033333333,627.8759113333334,284.571719,-226.6127285,448.06920249999996,83.0865095,-93.8950155,310.99862900000005,223.06829,-31.00219100000001,-53.312836000000004,-22.49776399999999
-115.84231566666666,627.7183856666667,284.5379326666667,-226.568547,448.02532299999996,82.8853695,-93.76224500000001,309.534203,221.5142735,-31.16265399999999,-53.05260599999997,-22.845957
-115.85357966666668,627.5584869999999,284.50367566666665,-226.521177,447.9775875,82.68301600000001,-93.621006,308.08833500000003,219.9446875,-31.321061999999998,-52.79144600000001,-23.18793500000001
-115.86494699999999,627.3961986666667,284.4689456666667,-226.470437,447.925908,82.4795875,-93.4711425,306.660983,218.3597225,-31.47755699999999,-52.52946800000001,-23.52358700000002
-115.876413,627.231505,284.43374033333333,-226.41614049999998,447.8701905,82.2752265,-93.3125225,305.2520585,216.759564,-31.632284999999996,-52.266782999999975,-23.852812
-115.88797166666666,627.064393,284.3980583333334,-226.358099,447.8103375,82.0700785,-93.1450375,303.861428,215.1443985,-31.785403000000002,-52.003502000000026,-24.17551900000001
-115.89961766666666,626.8948476666666,284.3618986666667,-226.29612,447.7462475,81.864292,-92.968605,302.4889155,213.514412,-31.937070000000006,-51.73972900000001,-24.49163200000001
-115.91134266666666,626.7228576666666,284.3252596666667,-226.2300095,447.677817,81.6580155,-92.7831695,301.1343055,211.869791,-32.08744899999999,-51.47556500000002,-24.801085999999998
-115.923141,626.5484113333333,284.2881406666666,-226.159571,447.6049405,81.4513955,-92.58870300000001,299.7973445,210.210723,-32.236712,-51.211108999999965,-25.10382800000002
-115.93500499999999,626.371498,284.25054133333333,-226.084606,447.5275095,81.24457650000001,-92.3852055,298.47774549999997,208.5373995,-32.385031,-50.94645099999997,-25.399817000000013
-115.946927,626.1921086666666,284.212461,-226.00491549999998,447.445417,81.0376985,-92.17270450000001,297.175189,206.85001549999998,-32.53258100000001,-50.68168200000002,-25.68902299999999
-115.95889833333335,626.0102333333333,284.17390099999994,-225.920299,447.35855349999997,80.830893,-91.9512575,295.88932950000003,205.1487705,-32.679541,-50.416881000000046,-25.971429
-115.97091033333334,625.825866,284.13486,-225.830557,447.2668125,80.6242855,-91.720951,294.6197965,203.43387,-32.82609199999999,-50.152129,-26.247025999999977
-115.98295433333334,625.638999,284.09534,-225.7354875,447.17008899999996,80.417989,-91.48190149999999,293.36619800000005,201.70552650000002,-32.972415,-49.887494000000004,-26.515815000000003
-115.99502066666666,625.4496270000001,284.05534133333333,-225.634893,447.0682785,80.212107,-91.2342525,292.12812699999995,199.96396149999998,-33.11869300000001,-49.62304399999999,-26.77780900000002
-116.00710033333333,625.2577456666667,284.014866,-225.5285745,446.96128450000003,80.0067285,-90.9781775,290.9051625,198.2094035,-33.265107,-49.358836999999994,-27.033027000000004
-116.01918366666666,625.0633510000001,283.973915,-225.416337,446.84901049999996,79.8019275,-90.713877,289.6968735,196.4420955,-33.41184,-49.094926999999984,-27.281497
-116.03126066666668,624.8664406666667,283.9324903333333,-225.29798749999998,446.73136850000003,79.5977625,-90.44157949999999,288.50282400000003,194.66228949999999,-33.559073,-48.83135999999996,-27.523252999999983
-116.04332133333332,624.6670133333332,283.89059433333335,-225.173336,446.608276,79.3942745,-90.1615405,287.32257649999997,192.8702505,-33.70698300000001,-48.56817700000005,-27.758334999999988
-116.055355,624.4650686666668,283.84822933333334,-225.04219799999998,446.479658,79.1914845,-89.8740395,286.1556955,191.0662595,-33.855749,-48.30541299999999,-27.986786999999993
-116.06735166666665,624.2606073333333,283.80539866666663,-224.9043935,446.3454475,78.9893955,-89.57938150000001,285.0017495,189.250612,-34.005543,-48.04309699999999,-28.20865999999998
-116.07930133333333,624.053632,283.7621056666667,-224.759747,446.2055865,78.7879895,-89.2778935,283.860318,187.42362200000002,-34.156532999999996,-47.781251999999995,-28.42400599999999
-116.09119300000002,623.8441453333334,283.718353,-224.608092,446.0600265,78.587228,-88.969926,282.730991,185.5856185,-34.308884000000006,-47.51989600000002,-28.632879000000003
-116.10301566666668,623.632153,283.67414433333335,-224.44926850000002,445.908731,78.3870515,-88.6558465,281.613375,183.736954,-34.462755,-47.25903999999997,-28.83533799999998
-116.11475999999999,623.4176603333334,283.629484,-224.2831235,445.751673,78.187378,-88.3360445,280.5070945,181.87800049999998,-34.61829700000001,-46.99869100000001,-29.031441
-116.12641466666668,623.2006743333333,283.5843766666667,-224.1095145,445.5888385,77.988107,-88.0109235,279.411794,180.009151,-34.775653000000005,-46.738854,-29.221246000000008
-116.13796866666667,622.9812046666667,283.5388263333333,-223.9283105,445.4202245,77.7891145,-87.6809035,278.327143,178.13082400000002,-34.93496099999999,-46.47952600000002,-29.404814000000016
-116.149413,622.7592616666667,283.4928376666667,-223.73938750000002,445.2458425,77.5902585,-87.346418,277.2528345,176.2434615,-35.09634399999999,-46.220702999999986,-29.582206999999983
-116.160736,622.534857,283.44641633333333,-223.5426375,445.0657165,77.39137600000001,-87.00791050000001,276.18859199999997,174.3475325,-35.259921000000006,-45.962376000000006,-29.753483000000017
-116.17192866666669,622.3080036666667,283.399567,-223.3379625,444.8798845,77.192286,-86.665834,275.134164,172.4435325,-35.425792,-45.70453199999997,-29.918706999999984
-116.18298,622.0787173333333,283.35229599999997,-223.12527849999998,444.688399,76.992791,-86.320651,274.089332,170.53198450000002,-35.59405000000001,-45.44716,-30.07793699999999
-116.19388066666666,621.8470149999999,283.3046093333333,-222.9045175,444.491326,76.7926775,-85.972827,273.0539085,168.613441,-35.76477200000001,-45.190240999999986,-30.231240000000014
-116.20462133333332,621.612915,283.25651266666665,-222.6756235,444.288746,76.5917175,-85.6228325,272.027736,166.68848400000002,-35.938019,-44.933762,-30.378678000000008
-116.21519233333333,621.3764380000001,283.20801266666666,-222.43856,444.0807555,76.3896705,-85.27114,271.010691,164.7577255,-36.113839999999996,-44.67770199999998,-30.520319
-116.22558466666665,621.137606,283.159116,-222.1933045,443.867463,76.186287,-84.91821999999999,270.00268,162.821808,-36.292266,-44.42204600000002,-30.656229999999994
-116.23578933333333,620.8964436666666,283.10983100000004,-221.9398525,443.648994,75.981308,-84.5645425,269.003643,160.88140349999998,-36.473310999999995,-44.16677199999998,-30.786485
-116.24579766666666,620.6529783333333,283.06016366666665,-221.67821800000002,443.42548750000003,75.774468,-84.2105735,268.0135485,158.9372165,-36.656971,-43.91186700000003,-30.911157000000003
-116.25560233333333,620.4072369999999,283.0101226666667,-221.408432,443.19709650000004,75.565498,-83.856773,267.0323975,156.989979,-36.843224000000006,-43.657313000000016,-31.030327999999997
-116.26519400000001,620.1592513333334,282.959716,-221.13054549999998,442.963988,75.3541285,-83.5035935,266.0602165,155.0404545,-37.032033,-43.403095000000036,-31.144081
-116.274566,619.9090533333333,282.90895299999994,-220.844628,442.7263435,75.140089,-83.1514795,265.097061,153.08943449999998,-37.223337,-43.149204000000026,-31.25250700000001
-116.28371033333333,619.6566796666667,282.85784233333334,-220.5507685,442.484356,74.9231125,-82.80086399999999,264.14301,151.137738,-37.417062,-42.89562799999999,-31.35570199999998
-116.29262066666666,619.4021663333333,282.8063936666667,-220.249077,442.238233,74.702939,-82.452169,263.198168,149.1862115,-37.613112,-42.642363999999986,-31.453767
-116.30128933333333,619.1455540000001,282.75461733333333,-219.939681,441.988193,74.479314,-82.1058045,262.262658,147.2357255,-37.811377,-42.38940599999998,-31.54681099999999
-116.30971133333333,618.886884,282.70252366666665,-219.6227285,441.734465,74.251995,-81.762164,261.33662250000003,145.2871725,-38.011726,-42.13675900000001,-31.634949000000006
-116.31787933333334,618.6262023333334,282.650124,-219.298388,441.47729000000004,74.020751,-81.4216285,260.42021950000003,143.341468,-38.214015,-41.88442900000001,-31.718301999999994
-116.32578866666667,618.3635546666668,282.59743000000003,-218.96684549999998,441.2169175,73.785365,-81.08456100000001,259.513621,141.39954649999999,-38.418082000000005,-41.632424000000015,-31.796999
-116.333433,618.0989910000001,282.5444543333333,-218.6283075,440.9536055,73.5456365,-80.75130899999999,258.61701,139.462357,-38.623754000000005,-41.380764,-31.871173999999996
-116.34080866666666,617.8325636666667,282.49120899999997,-218.28299750000002,440.68762100000004,73.301384,-80.4222,257.730577,137.5308655,-38.83084,-41.12946599999998,-31.940968999999996
-116.34790966666667,617.5643263333333,282.4377073333333,-217.9311585,440.419236,73.052445,-80.097547,256.8545175,135.606048,-39.039142000000005,-40.878558999999996,-32.00652799999999
-116.35473233333333,617.2943356666666,282.38396400000005,-217.5730495,440.1487285,72.798679,-79.7776415,255.9890315,133.68888900000002,-39.248449,-40.628073,-32.068004
-116.361273,617.0226516666667,282.329993,-217.2089465,439.87638100000004,72.539968,-79.462757,255.1343175,131.78037999999998,-39.45854,-40.37804700000004,-32.125552
-116.36752733333333,616.749335,282.27580966666665,-216.83914,439.6024775,72.2762175,-79.153148,254.290574,129.8815145,-39.66918999999999,-40.12852399999997,-32.179333
-116.37349200000001,616.47445,282.22142966666667,-216.4639375,439.32730549999997,72.0073585,-78.84904949999999,253.457993,127.99328750000001,-39.880165,-39.879549999999995,-32.22950900000001
-116.37916500000001,616.1980629999999,282.16686866666663,-216.08365750000002,439.05115,71.73334750000001,-78.55067700000001,252.6367615,126.116691,-40.09123,-39.631181000000026,-32.27624400000002
-116.38454233333334,615.9202413333334,282.11214433333333,-215.6986335,438.77429700000005,71.45416850000001,-78.2582265,251.82705750000002,124.25271000000001,-40.302145,-39.383475000000004,-32.319708000000006
-116.38962166666666,615.6410559999999,282.057274,-215.3092085,438.4970305,71.1698315,-77.9718735,251.029048,122.4023235,-40.512668999999995,-39.136495999999966,-32.360067
-116.39440100000002,615.3605796666667,282.002275,-214.91573699999998,438.2196285,70.88037299999999,-77.691777,250.242889,120.5664965,-40.722561999999996,-38.890311999999994,-32.397491
-116.39887866666668,615.0788866666668,281.947166,-214.518583,437.9423655,70.585857,-77.4180745,249.4687225,118.746182,-40.93158700000001,-38.64499500000002,-32.432146
-116.40305233333333,614.7960533333334,281.8919663333333,-214.11811699999998,437.665509,70.28637599999999,-77.1508865,248.70667600000002,116.942316,-41.139509000000004,-38.40062200000003,-32.464200000000005
-116.40692033333335,614.5121576666667,281.8366956666667,-213.7147165,437.38932,69.9820475,-76.890312,247.956862,115.15581300000001,-41.346096,-38.15727400000003,-32.493818000000005
-116.410482,614.2272800000001,281.7813733333333,-213.308766,437.1140495,69.6730165,-76.6364355,247.2193755,113.38756950000001,-41.551125,-37.91503300000002,-32.52116500000001
-116.41373499999999,613.9415009999999,281.72602033333334,-212.90065199999998,436.8399395,69.3594525,-76.389321,246.49429600000002,111.638454,-41.754376,-37.67398600000001,-32.546400000000006
-116.416679,613.654905,281.67065766666667,-212.4907635,436.567221,69.0415515,-76.149016,245.78168449999998,109.9093115,-41.955638,-37.43422099999998,-32.569683
-116.41931233333334,613.3675753333333,281.61530633333336,-212.079493,436.2961145,68.7195325,-75.91555,245.08158450000002,108.20095699999999,-42.15470799999999,-37.19582700000004,-32.591167999999996
-116.42163433333333,613.0795976666666,281.55998866666664,-211.667232,436.0268255,68.393637,-75.6889365,244.3940225,106.5141765,-42.351392999999995,-36.95889700000001,-32.611008999999996
-116.42364433333331,612.7910586666666,281.5047256666667,-211.2543705,435.759548,68.0641295,-75.4691715,243.71900699999998,104.8497225,-42.545505,-36.723521999999974,-32.62935300000001
-116.425341,612.5020463333334,281.44954133333334,-210.8412965,435.4944625,67.731295,-75.2562365,243.05653,103.208313,-42.736869000000006,-36.489795999999984,-32.646348
-116.42672333333333,612.212649,281.3944576666667,-210.428395,435.23173399999996,67.3954365,-75.050096,242.406566,101.5906325,-42.925318,-36.25780999999998,-32.662135000000006
-116.42779133333333,611.9229556666668,281.339497,-210.016045,434.971513,67.056875,-74.85069949999999,241.7690725,99.997327,-43.110697,-36.02765699999998,-32.676852
-116.42854333333334,611.6330566666667,281.2846836666667,-209.604621,434.713936,66.7159475,-74.6579815,241.143993,98.42900399999999,-43.292859,-35.79942999999997,-32.690634
-116.42897900000001,611.3430413333333,281.23004033333336,-209.19448849999998,434.459122,66.3730055,-74.4718635,240.531254,96.886233,-43.47166899999999,-35.573218,-32.703614
-116.42909766666668,611.0530009999999,281.17559133333333,-208.786006,434.2071755,66.0284135,-74.2922505,239.930768,95.369541,-43.64699699999999,-35.34911199999999,-32.71592
-116.428898,610.7630250000001,281.1213603333333,-208.379524,433.958187,65.6825455,-74.11903649999999,239.34243349999997,93.879414,-43.818731,-35.127196999999995,-32.72767400000001
-116.42837899999999,610.4732046666667,281.06737,-207.97537949999997,433.71222950000003,65.3357845,-73.9521005,238.76613700000001,92.4162965,-43.986761,-34.90756000000002,-32.73899900000001
-116.42754000000001,610.1836296666667,281.0136453333334,-207.5739005,433.46936100000005,64.9885225,-73.7913095,238.201751,90.9805885,-44.150991,-34.69028400000002,-32.750011
-116.42638,609.8943896666666,280.96020933333335,-207.175402,433.2296265,64.641154,-73.63652,237.6491355,89.57264699999999,-44.311332,-34.475449000000026,-32.760822000000005
-116.42489766666667,609.6055743333334,280.907086,-206.78018600000001,432.99305300000003,64.294079,-73.4875755,237.108142,88.192785,-44.467705,-34.26313400000001,-32.77154200000001
-116.42309233333333,609.317271,280.854298,-206.388539,432.759657,63.947697,-73.34430900000001,236.578609,86.8412695,-44.62004,-34.053413999999975,-32.782273
-116.42096233333335,609.029568,280.8018693333333,-206.00073600000002,432.52943849999997,63.6024085,-73.20654300000001,236.060365,85.5183245,-44.768276,-33.846362,-32.79311700000001
-116.41850633333333,608.7425509999999,280.74982233333327,-205.617033,432.3023855,63.258611,-73.074092,235.553231,84.22412800000001,-44.91236,-33.64204599999999,-32.804165999999995
-116.415723,608.4563053333333,280.69818,-205.23767,432.0784735,62.916698000000004,-72.94676,235.0570175,82.95881299999999,-45.052246,-33.440533000000016,-32.81551
-116.41261133333334,608.1709153333333,280.64696399999997,-204.8628725,431.8576645,62.577056500000005,-72.8243445,234.571526,81.72246799999999,-45.187899,-33.241885999999994,-32.82723399999999
-116.40916899999998,607.8864619999999,280.59619633333335,-204.4928455,431.639912,62.2400665,-72.706635,234.09655149999998,80.515138,-45.319292,-33.04616300000001,-32.839416
-116.40539533333333,607.603027,280.5458976666667,-204.12777749999998,431.425156,61.906099000000005,-72.593415,233.631878,79.3368215,-45.4464,-32.85342200000002,-32.852125
-116.40128866666667,607.3206876666667,280.49608966666665,-203.76783899999998,431.21332800000005,61.575514000000005,-72.484464,233.17728499999998,78.187476,-45.569213999999995,-32.663712000000004,-32.86543
-116.39684666666669,607.0395213333333,280.446791,-203.4131795,431.00435,61.248658,-72.379554,232.732543,77.0670145,-45.687726,-32.477081999999996,-32.879387
-116.39206833333333,606.7596026666666,280.39802199999997,-203.0639325,430.7981375,60.925865,-72.2784575,232.297416,75.97530950000001,-45.801941,-32.293578000000025,-32.89404900000001
-116.38695200000001,606.4810036666668,280.3498006666666,-202.7202095,430.59459449999997,60.6074545,-72.1809425,231.87166050000002,74.912192,-45.911867,-32.11323899999999,-32.90946
-116.38149566666665,606.203795,280.30214500000005,-202.3821055,430.3936225,60.293729,-72.0867755,231.455026,73.8774525,-46.01752299999999,-31.93610000000001,-32.925657
-116.37569833333333,605.9280433333333,280.2550713333334,-202.049694,430.195114,59.984973499999995,-71.9957235,231.047257,72.8708445,-46.118933,-31.762194000000022,-32.942671
-116.36955766666667,605.6538146666667,280.20859733333333,-201.72303,429.99895749999996,59.6814555,-71.9075545,230.64809,71.8920835,-46.216129,-31.59154799999999,-32.96052499999999
-116.36307266666665,605.3811703333332,280.16273600000005,-201.402151,429.8050365,59.383424000000005,-71.82203849999999,230.25725749999998,70.94085,-46.309151,-31.424183,-32.979231999999996
-116.356241,605.1101713333334,280.11750266666667,-201.0870745,429.6132315,59.0911075,-71.738947,229.8744855,70.01678899999999,-46.398044,-31.260119000000003,-32.998802
-116.34906166666667,604.8408736666667,280.0729106666667,-200.7778005,429.4234195,58.804714000000004,-71.6580575,229.49949400000003,69.1195165,-46.482863,-31.099368,-33.019234999999995
-116.34153333333335,604.5733323333333,280.028972,-200.4743115,429.235475,58.5244315,-71.57915,229.132001,68.248616,-46.563668,-30.94193999999999,-33.040526
-116.33365433333334,604.3075986666666,279.9856976666667,-200.17657300000002,429.0492715,58.2504265,-71.5020125,228.77171800000002,67.4036425,-46.640527,-30.787836,-33.06266299999999
-116.32542333333333,604.04372,279.9430976666667,-199.884535,428.86468149999996,57.9828445,-71.42643699999999,228.41835400000002,66.5841265,-46.713511999999994,-30.637056,-33.08562499999999
-116.31683933333335,603.7817433333333,279.901181,-199.59813100000002,428.6815775,57.72181,-71.3522255,228.071616,65.789574,-46.782703000000005,-30.48959400000001,-33.10939
-116.30790133333333,603.5217106666666,279.85995566666674,-199.31727999999998,428.499831,57.467426,-71.27918550000001,227.731208,65.0194685,-46.848189000000005,-30.345438,-33.133927
-116.29860833333332,603.263662,279.8194286666667,-199.04188850000003,428.3193165,57.2197735,-71.2071345,227.39683300000002,64.2732745,-46.910059000000004,-30.204572000000013,-33.159203
-116.28895933333332,603.0076336666667,279.779605,-198.77185,428.1399085,56.978914,-71.1358985,227.068195,63.5504395,-46.968410999999996,-30.06697600000001,-33.185175
-116.278954,602.7536603333333,279.74048966666663,-198.507045,427.9614845,56.744887500000004,-71.0653125,226.7449965,62.850395,-47.02334700000001,-29.932625,-33.2118
-116.26859200000001,602.5017720000001,279.7020856666667,-198.247345,427.7839245,56.517714,-70.995222,226.426944,62.172561,-47.07497800000001,-29.80148600000001,-33.239034000000004
-116.25787266666667,602.2519976666667,279.6643953333333,-197.992611,427.60711100000003,56.297394499999996,-70.9254815,226.113746,61.516347,-47.123413000000006,-29.673528000000005,-33.266822000000005
-116.246797,602.0043613333333,279.62741933333336,-197.742697,427.43093050000004,56.0839105,-70.8559575,225.805115,60.8811535,-47.168769000000005,-29.54871,-33.295113
-116.23536366666667,601.7588873333333,279.5911576666667,-197.497449,427.255274,55.8772265,-70.786523,225.500767,60.266376,-47.211166,-29.426991999999984,-33.323852
-116.223574,601.515594,279.5556093333333,-197.2567065,427.0800345,55.677289,-70.717064,225.2004275,59.671408,-47.250726,-29.30832699999999,-33.352982
-116.21142933333333,601.2744986666667,279.52077166666663,-197.0203055,426.90511200000003,55.484027,-70.647476,224.90382499999998,59.095638,-47.287576,-29.192664000000008,-33.38244400000001
-116.19892933333334,601.0356163333335,279.48664133333335,-196.788077,426.7304115,55.297355499999995,-70.5776625,224.6107,58.5384595,-47.321843,-29.07995199999999,-33.41217900000001
-116.18607666666666,600.7989586666666,279.45321433333334,-196.55985049999998,426.55584,55.117174999999996,-70.507538,224.32079900000002,57.99926500000001,-47.353655999999994,-28.970134,-33.442128000000004
-116.17287166666667,600.564535,279.42048500000004,-196.335453,426.38131450000003,54.943371,-70.4370265,224.0338805,57.4774545,-47.38314499999999,-28.863152999999983,-33.472233
-116.15931666666665,600.3323523333333,279.388447,-196.114711,426.2067535,54.7758185,-70.366059,223.74971349999998,56.9724335,-47.410442,-28.758947000000006,-33.502435000000006
-116.14541466666667,600.1024156666667,279.35709199999997,-195.8974515,426.03208400000005,54.6143785,-70.294576,223.468079,56.4836155,-47.43567600000001,-28.657454,-33.532677
-116.131167,599.8747276666667,279.3264126666666,-195.6835035,425.8572375,54.458903,-70.222527,223.18877,56.010426499999994,-47.458978,-28.558605999999997,-33.562903
-116.116577,599.6492886666666,279.2964,-195.4726975,425.6821525,54.3092355,-70.1498685,222.91159299999998,55.5523015,-47.480475000000006,-28.462338000000017,-33.593061
-116.101648,599.4260973333334,279.26704333333333,-195.26486699999998,425.50677199999996,54.16521,-70.07656300000001,222.636368,55.108689500000004,-47.500294000000004,-28.368582000000004,-33.623101000000005
-116.08638366666666,599.2051503333333,279.23833233333335,-195.05984949999998,425.331047,54.02665399999999,-70.00258249999999,222.362929,54.679055000000005,-47.518558999999996,-28.277264000000002,-33.65297400000001
-116.070787,598.9864416666667,279.21025533333335,-194.8574865,425.15493449999997,53.8933895,-69.927903,222.09112399999998,54.262876500000004,-47.53539000000001,-28.188316000000015,-33.68263700000001
-116.05486266666666,598.7699653333333,279.1828003333333,-194.657625,424.978397,53.7652315,-69.8525095,221.82081599999998,53.8596505,-47.550903,-28.101662000000005,-33.712051
-116.038616,598.555712,279.155955,-194.4601165,424.801402,53.6419935,-69.77638999999999,221.55188149999998,53.4688905,-47.56520999999999,-28.01723100000001,-33.741178999999995
-116.02205033333333,598.3436723333333,279.12970566666667,-194.26482,424.623926,53.5234845,-69.6995395,221.28421300000002,53.0901295,-47.578419,-27.934944,-33.769991000000005
-116.005172,598.1338336666666,279.104039,-194.0715995,424.445949,53.40951200000001,-69.621959,221.0177145,52.72291799999999,-47.590630000000004,-27.854726999999997,-33.798461999999994
-115.98798533333333,597.926184,279.0789403333333,-193.8803265,424.2674585,53.29988349999999,-69.5436535,220.752306,52.366829,-47.601939,-27.776501999999994,-33.82657400000001
-115.97049700000001,597.7207086666667,279.05439566666666,-193.690878,424.088447,53.194404,-69.46463299999999,220.48792,52.021452,-47.612435999999995,-27.700192000000015,-33.85431199999999
-115.95271266666667,597.5173933333333,279.0303896666667,-193.5031395,423.908912,53.092883,-69.384912,220.2245015,51.6864005,-47.622204,-27.62571700000001,-33.881671
-115.93463833333334,597.316221,279.00690733333334,-193.3170035,423.728858,52.995129,-69.304509,219.962009,51.361306,-47.631316,-27.552998000000002,-33.908648
-115.91628066666668,597.1171746666668,278.983933,-193.13236899999998,423.548292,52.9009535,-69.223448,219.70040949999998,51.045823,-47.63984,-27.481955,-33.935249999999996
-115.897647,596.9202366666667,278.96145133333334,-192.9491415,423.367229,52.810171499999996,-69.141756,219.4396845,50.739624500000005,-47.64784,-27.412507000000005,-33.96148900000001
-115.87874266666667,596.725388,278.93944633333336,-192.7672365,423.1856855,52.7226025,-69.05946349999999,219.1798215,50.4424045,-47.655365,-27.34457500000002,-33.987387
-115.85957666666667,596.5326096666666,278.91790299999997,-192.586573,423.00368349999997,52.638071,-68.97660499999999,218.920818,50.153878,-47.662462,-27.278076,-34.01296599999999
-115.84015533333333,596.3418813333333,278.8968046666667,-192.4070785,422.82124899999997,52.556405999999996,-68.8932195,218.66268050000002,49.873778,-47.669171000000006,-27.212930999999998,-34.03826000000001
-115.820486,596.1531836666667,278.87613600000003,-192.2286875,422.63841049999996,52.4774425,-68.8093485,218.4054205,49.601856999999995,-47.675519,-27.149057,-34.063308
-115.80057766666668,595.9664946666667,278.8558806666667,-192.05133899999998,422.455199,52.4010235,-68.725038,218.14905449999998,49.337886999999995,-47.681532,-27.086375000000004,-34.088152
-115.78043733333334,595.7817943333333,278.83602333333334,-191.8749805,422.27165,52.3269975,-68.640335,217.893605,49.081655999999995,-47.687225999999995,-27.024806000000012,-34.11284199999999
-115.76007333333332,595.5990613333333,278.81654900000007,-191.69956200000001,422.087798,52.2552215,-68.55529150000001,217.639096,48.832969500000004,-47.69261300000001,-26.964268000000004,-34.137431
-115.73949333333333,595.418274,278.7974413333333,-191.525041,421.903682,52.185559000000005,-68.469962,217.385554,48.591649,-47.697696,-26.904685999999998,-34.161975999999996
-115.71870633333333,595.2394116666667,278.778686,-191.351379,421.71933950000005,52.1178835,-68.384404,217.133008,48.3575295,-47.702476,-26.845979999999997,-34.186539
-115.69772033333334,595.0624526666667,278.76026766666666,-191.1785415,421.5348095,52.052077,-68.298676,216.8814835,48.1304615,-47.706945999999995,-26.788076999999987,-34.211180999999996
-115.67654399999999,594.8873756666666,278.742172,-191.0064975,421.350131,51.988029499999996,-68.2128415,216.631007,47.910306,-47.711096999999995,-26.730901999999986,-34.235968
-115.65518633333333,594.7141596666667,278.7243846666667,-190.83522,421.16534249999995,51.9256405,-68.1269645,216.381601,47.696938,-47.71491700000001,-26.67438200000001,-34.260965999999996
-115.63365533333335,594.5427843333333,278.70689166666665,-190.664684,420.98048,51.8648185,-68.0411105,216.133286,47.49024,-47.718389,-26.618449999999996,-34.28623999999999
-115.61195966666666,594.3732289999999,278.68968033333334,-190.494867,420.7955805,51.8054815,-67.9553485,215.886077,47.2901045,-47.721497,-26.563038000000006,-34.311857
-115.590109,594.2054733333333,278.6727373333334,-190.3257475,420.6106775,51.747557,-67.8697475,215.6399835,47.0964315,-47.724219000000005,-26.508081000000004,-34.337879
-115.56811133333333,594.039498,278.65605,-190.157306,420.425801,51.690981,-67.784378,215.39500950000001,46.909128,-47.726538000000005,-26.453517000000005,-34.364366000000004
-115.54597533333333,593.8752836666667,278.639607,-189.989522,420.24098200000003,51.6356995,-67.6993115,215.1511525,46.728104,-47.72843099999999,-26.39928900000001,-34.391378
-115.52371000000001,593.7128116666667,278.6233956666667,-189.82237650000002,420.056244,51.581668,-67.6146195,214.908401,46.553276499999996,-47.729881000000006,-26.34534000000002,-34.418969
-115.50132400000001,593.5520646666668,278.607407,-189.655849,419.8716105,51.528849,-67.5303745,214.6667365,46.384561,-47.730871,-26.291618999999997,-34.447188
-115.47882566666668,593.393024,278.591629,-189.4899185,419.6871,51.4772155,-67.446648,214.426133,46.2218775,-47.731381999999996,-26.238078,-34.476083
-115.45622366666665,593.235674,278.57605366666667,-189.32456200000001,419.5027275,51.426747500000005,-67.36351,214.1865545,46.0651455,-47.73140200000001,-26.184672999999975,-34.505691
-115.43352633333332,593.0799976666666,278.5606706666667,-189.15975550000002,419.3185045,51.377432999999996,-67.2810315,213.94795749999997,45.914283,-47.730919,-26.131361,-34.536046
-115.41074199999998,592.92598,278.5454723333333,-188.995472,419.134438,51.329268,-67.19928,213.710289,45.7692055,-47.729926000000006,-26.078103999999996,-34.567177
-115.38787866666667,592.773607,278.53045066666664,-188.8316825,418.950532,51.2822545,-67.118323,213.47348699999998,45.6298285,-47.728418000000005,-26.024869999999993,-34.599107
-115.36494466666666,592.6228643333333,278.51559833333334,-188.66835550000002,418.76678649999997,51.2364015,-67.038223,213.2374825,45.496061,-47.726394,-25.971627000000012,-34.63185
-115.34194866666667,592.473738,278.50091,-188.50545599999998,418.58319800000004,51.1917235,-66.959043,213.00219800000002,45.367809,-47.723859999999995,-25.91834800000001,-34.665418
-115.31889733333333,592.3262163333334,278.48637866666667,-188.34294799999998,418.399759,51.1482395,-66.88083999999999,212.76754749999998,45.2449745,-47.720819999999996,-25.865013000000005,-34.699811000000004
-115.295799,592.180288,278.4719996666667,-188.1807905,418.216461,51.1059745,-66.8036695,212.5334395,45.1274525,-47.717288999999994,-25.811596999999978,-34.735027
-115.27266166666668,592.0359416666666,278.4577683333333,-188.01894,418.0332905,51.0649555,-66.727582,212.299776,45.015133500000005,-47.71328,-25.758088000000015,-34.771059
-115.24949233333332,591.8931676666667,278.443681,-187.8573515,417.8502335,51.025213,-66.652624,212.066453,44.907901,-47.708816,-25.704470000000015,-34.80789
-115.22629966666666,591.7519566666667,278.42973433333333,-187.695976,417.66727249999997,50.986781,-66.57883899999999,211.8333635,44.805634500000004,-47.70392,-25.650733000000002,-34.845501
-115.20308999999999,591.6123,278.415926,-187.534764,417.48439,50.9496935,-66.506263,211.600396,44.7082055,-47.698620000000005,-25.59687199999999,-34.883865
-115.17987133333332,591.4741903333334,278.40225333333336,-187.37366250000002,417.30156750000003,50.913985999999994,-66.434929,211.3674375,44.615480000000005,-47.692946,-25.542879,-34.922952
-115.15665133333334,591.3376196666667,278.38871500000005,-187.212618,417.118786,50.8796945,-66.364865,211.13437349999998,44.52732,-47.686935999999996,-25.488754999999998,-34.962728
-115.13343633333334,591.2025833333333,278.37531000000007,-187.0515755,416.9360275,50.846854,-66.2960925,210.9010905,44.44358,-47.680629,-25.434500999999983,-35.003152
-115.11023466666666,591.069075,278.362038,-186.8904795,416.7532735,50.815497500000006,-66.228629,210.66747550000002,44.364111,-47.67406400000001,-25.380121000000003,-35.04418
-115.08705333333334,590.9370903333333,278.34889833333335,-186.729276,416.57050849999996,50.7856575,-66.1624855,210.4334205,44.2887595,-47.667285,-25.32562299999998,-35.085765
-115.06389966666667,590.8066253333333,278.33589233333333,-186.56790949999998,416.3877195,50.757362,-66.097667,210.1988195,44.2173685,-47.66034,-25.271017,-35.127853
-115.04078066666666,590.6776766666667,278.32302,-186.4063285,416.2048945,50.7306375,-66.0341755,209.963573,44.149777,-47.653277,-25.216316000000006,-35.17039
-115.01770333333332,590.550242,278.3102833333333,-186.244482,416.022027,50.705506,-65.972006,209.7275905,44.085823,-47.64614400000001,-25.16153700000001,-35.213318
-114.99467566666668,590.4243196666666,278.2976833333334,-186.0823225,415.839114,50.6819855,-65.911148,209.490786,44.0253425,-47.638994,-25.106700000000018,-35.256570999999994
-114.971705,590.299909,278.2852216666667,-185.919807,415.65615549999995,50.660089,-65.851586,209.2530875,43.9681705,-47.631878,-25.051828999999998,-35.300084999999996
-114.94879800000001,590.1770096666667,278.272901,-185.75689649999998,415.47316,50.639824000000004,-65.793301,209.0144315,43.914143,-47.62485,-24.996951000000024,-35.34379
-114.92596200000001,590.0556216666666,278.2607246666667,-185.5935575,415.290139,50.6211945,-65.7362665,208.774767,43.8630965,-47.617961,-24.942097999999987,-35.387611
-114.903205,589.9357463333332,278.24869433333333,-185.42976199999998,415.107111,50.6041975,-65.6804545,208.53405850000001,43.8148695,-47.611263,-24.887304999999998,-35.431473
-114.88053400000001,589.8173846666666,278.23681366666665,-185.265492,414.9241025,50.588823,-65.625831,208.292283,43.7693025,-47.60481,-24.832611999999983,-35.475291
-114.85795666666665,589.7005403333334,278.22508566666664,-185.100734,414.7411445,50.5750575,-65.57235750000001,208.04943400000002,43.726241,-47.598653,-24.778064,-35.518981999999994
-114.83547966666667,589.5852156666666,278.2135143333333,-184.935485,414.558278,50.5628805,-65.5199935,207.805522,43.6855325,-47.59284300000001,-24.723709999999983,-35.562455
-114.81311133333334,589.4714146666666,278.2021026666667,-184.7697505,414.37555,50.5522645,-65.468693,207.560575,43.6470305,-47.587427999999996,-24.669605999999987,-35.605616999999995
-114.790859,589.3591403333334,278.190855,-184.603548,414.1930165,50.543178499999996,-65.418408,207.3146395,43.610592999999994,-47.582458,-24.615809000000013,-35.648368
-114.76873033333334,589.248399,278.1797746666666,-184.43690199999998,414.0107405,50.535582500000004,-65.369088,207.0677795,43.5760845,-47.57797800000001,-24.562385000000006,-35.690605000000005
-114.74673266666666,589.1391950000001,278.16886700000003,-184.2698525,413.82879449999996,50.529434,-65.320679,206.82008000000002,43.543375499999996,-47.57402999999999,-24.50940399999999,-35.732219
-114.72487366666667,589.0315346666667,278.1581346666667,-184.10244849999998,413.64725699999997,50.5246825,-65.273125,206.571644,43.512343,-47.57066,-24.456940000000003,-35.773098
-114.70316100000001,588.9254236666667,278.147582,-183.934751,413.466218,50.5212745,-65.226369,206.322595,43.4828705,-47.567906,-24.405074000000013,-35.813123000000004
-114.681603,588.820869,278.1372136666667,-183.76683500000001,413.2857725,50.519151,-65.180352,206.073078,43.454849,-47.565806,-24.353890000000007,-35.852171999999996
-114.66020633333333,588.717878,278.12703400000004,-183.598786,413.106025,50.5182475,-65.135014,205.82325450000002,43.4281765,-47.56439399999999,-24.303477000000015,-35.890117000000004
-114.63898,588.6164580000001,278.117046,-183.4307045,412.92708849999997,50.518498,-65.0902955,205.5733075,43.4027565,-47.563705,-24.253926999999976,-35.926829
-114.61793033333333,588.5166173333333,278.10725433333334,-183.262701,412.7490815,50.5198295,-65.0461365,205.323439,43.3785015,-47.563765,-24.205340000000007,-35.962171
-114.59706666666666,588.4183646666667,278.097663,-183.094901,412.572131,50.5221695,-65.0024765,205.0738695,43.35533,-47.564603000000005,-24.157815,-35.996005999999994
-114.57639599999999,588.3217076666666,278.0882756666667,-182.92744,412.3963705,50.52544,-64.959258,204.8248355,43.333165,-47.566242,-24.11145300000001,-36.028194
-114.55592666666666,588.226657,278.0790953333333,-182.7604665,412.2219395,50.529562000000006,-64.91642350000001,204.576592,43.311938999999995,-47.568705,-24.066361999999998,-36.058592
-114.53566633333332,588.1332213333334,278.0701266666667,-182.59414049999998,412.048984,50.534455,-64.8739195,204.3294095,43.2915875,-47.572007000000006,-24.022647000000006,-36.087057
-114.51562266666667,588.0414106666667,278.06137233333334,-182.428631,411.8776545,50.540037,-64.8316945,204.0835715,43.2720515,-47.576164999999996,-23.980413,-36.113445
-114.49580433333334,587.9512346666667,278.05283533333335,-182.2641195,411.708106,50.546225500000006,-64.78970000000001,203.83937550000002,43.2532785,-47.58119000000001,-23.93976699999999,-36.137617000000006
-114.47621866666667,587.8627046666667,278.04451866666665,-182.100793,411.540498,50.5529375,-64.74789200000001,203.5971305,43.235219,-47.587092,-23.900813,-36.15943
-114.45687366666668,587.7758306666667,278.0364246666666,-181.9388505,411.3749925,50.56009,-64.7062325,203.3571555,43.2178275,-47.59387699999999,-23.863654999999994,-36.178748999999996
-114.43777666666666,587.6906236666667,278.02855633333337,-181.77849500000002,411.21175600000004,50.567601499999995,-64.664688,203.119777,43.201060999999996,-47.601548,-23.828388000000018,-36.195444
-114.41893633333332,587.6070953333333,278.02091566666667,-181.619936,411.0509535,50.5753915,-64.62323,202.88532700000002,43.18488,-47.61010399999999,-23.795108,-36.209388000000004
-114.40035966666666,587.5252569999999,278.0135036666666,-181.4633885,410.8927535,50.583380500000004,-64.581839,202.65414349999998,43.169247,-47.619542,-23.763903,-36.22046400000001
-114.38205433333333,587.44512,278.006323,-181.3090695,410.73732199999995,50.591493,-64.54050050000001,202.42656549999998,43.154126,-47.629858999999996,-23.73485500000001,-36.228564000000006
-114.36402833333334,587.366696,277.99937466666665,-181.1571975,410.584827,50.5996545,-64.49920900000001,202.202931,43.139482,-47.64104400000001,-23.708037999999988,-36.23358999999999
-114.34628866666667,587.2899973333333,277.992659,-181.0079915,410.4354315,50.607793,-64.457966,201.983577,43.1252805,-47.653086,-23.683519999999987,-36.235455
-114.32884333333334,587.2150359999999,277.98617733333333,-180.861671,410.289298,50.6158415,-64.4167815,201.76883600000002,43.111487,-47.665971000000006,-23.66135399999999,-36.234086
-114.31169866666666,587.1418246666666,277.9799296666667,-180.7184495,410.1465845,50.623736,-64.375675,201.559033,43.098067,-47.67968199999999,-23.641588000000013,-36.229422
-114.29486233333334,587.0703749999999,277.973916,-180.57853799999998,410.0074425,50.631417,-64.334674,201.3544845,43.084986,-47.6942,-23.624257,-36.221422000000004
-114.27834100000001,587.0006993333333,277.9681356666667,-180.4421415,409.872021,50.6388275,-64.293815,201.1554955,43.0722085,-47.709502,-23.609384999999975,-36.210055
-114.26214066666667,586.9328103333334,277.9625886666667,-180.3094555,409.740459,50.6459195,-64.2531415,200.962359,43.0596975,-47.725562999999994,-23.596981999999997,-36.195311000000004
-114.24626933333333,586.8667213333333,277.9572726666667,-180.18066800000003,409.6128895,50.652645500000006,-64.2127075,200.775351,43.0474155,-47.74235900000001,-23.587049999999977,-36.177199
-114.23073233333334,586.8024433333334,277.95218700000004,-180.05595599999998,409.4894365,50.658965499999994,-64.1725735,200.594731,43.035324,-47.759857000000004,-23.579571999999985,-36.155744
-114.21553566666667,586.7399896666667,277.9473293333333,-179.935483,409.3702145,50.6648455,-64.1328075,200.4207395,43.0233835,-47.778029000000004,-23.574523,-36.130989
-114.20068466666667,586.6793720000001,277.94269733333334,-179.819401,409.25532699999997,50.670255999999995,-64.093485,200.253595,43.0115535,-47.79683800000001,-23.571864000000005,-36.102997
-114.18618566666667,586.6206033333334,277.938288,-179.70784350000002,409.14486750000003,50.675174,-64.054687,200.09349400000002,42.999792,-47.816252,-23.57154,-36.07185200000001
-114.17204366666665,586.5636956666666,277.9340976666667,-179.600932,409.03891450000003,50.679583,-64.0164985,199.9406085,42.9880585,-47.836231,-23.573487,-36.03765299999999
-114.15826266666666,586.5086603333334,277.93012300000004,-179.4987665,408.937538,50.683471999999995,-63.979011,199.7950855,42.9763105,-47.856738,-23.577629,-36.000517
-114.14484833333334,586.4555103333333,277.92635966666666,-179.401432,408.84078999999997,50.6868375,-63.9423165,199.65704399999998,42.964506,-47.87773299999999,-23.583876000000004,-35.960582
-114.13180333333332,586.404257,277.9228023333333,-179.3089905,408.7487115,50.689682,-63.90651,199.526577,42.952605,-47.89917199999999,-23.592128000000002,-35.918000000000006
-114.11913266666666,586.3549123333333,277.9194463333333,-179.22148650000003,408.66132849999997,50.6920135,-63.871686499999996,199.4037485,42.9405675,-47.921015000000004,-23.60227499999999,-35.87293699999999
-114.10683833333333,586.3074876666666,277.9162846666666,-179.138942,408.57864900000004,50.693847999999996,-63.837939500000005,199.288592,42.9283565,-47.943217000000004,-23.614197999999988,-35.825579000000005
-114.09492433333332,586.2619953333333,277.91331166666663,-179.0613595,408.50067,50.695207,-63.805361500000004,199.1811135,42.915936,-47.965733,-23.627769,-35.776118
-114.08339233333334,586.2184453333333,277.9105206666666,-178.988718,408.427369,50.696119499999995,-63.7740405,199.081289,42.9032755,-47.988519,-23.642854,-35.724761
-114.072244,586.1768506666666,277.90790366666664,-178.9209745,408.35870950000003,50.69662,-63.744060000000005,198.9890635,42.8903445,-48.01153,-23.659310999999974,-35.671725
-114.06148166666667,586.1372216666666,277.9054523333333,-178.8580655,408.2946385,50.696749499999996,-63.7154955,198.9043555,42.877121,-48.034721,-23.67699300000001,-35.617232
-114.05110533333334,586.0995706666666,277.9031586666667,-178.799905,408.23508649999997,50.6965565,-63.6884165,198.82705149999998,42.863586,-48.058045,-23.695751,-35.561514
-114.04111633333332,586.063908,277.90101266666665,-178.7463855,408.1799685,50.696093499999996,-63.6628825,198.7570125,42.849726000000004,-48.081461000000004,-23.715431000000024,-35.504802
-114.03151333333334,586.0302459999999,277.899005,-178.697379,408.12918449999995,50.695419,-63.6389425,198.69407,42.835535,-48.104921,-23.73587999999998,-35.44733599999999
-114.02229733333333,585.9985956666666,277.8971256666666,-178.6527365,408.082619,50.6945995,-63.616636,198.638031,42.8210125,-48.128386000000006,-23.75694200000001,-35.389348999999996
-114.01346633333334,585.9689683333335,277.89536333333336,-178.61229,408.0401395,50.693704,-63.595986999999994,198.58867600000002,42.806168,-48.151812,-23.77846600000001,-35.331078000000005
-114.00501866666666,585.9413759999999,277.89370633333334,-178.5758525,408.0016035,50.692808,-63.57701,198.5457625,42.7910165,-48.175158,-23.800298999999995,-35.272751
-113.99695200000001,585.9158303333334,277.892143,-178.54322150000002,407.9668505,50.691990000000004,-63.559703,198.509026,42.7755835,-48.198387999999994,-23.822294,-35.214597
-113.98926433333332,585.8923433333334,277.89065966666664,-178.5141765,407.93571,50.691334499999996,-63.544051499999995,198.478181,42.759902000000004,-48.22146299999999,-23.844308000000012,-35.15683
-113.98195199999999,585.8709269999999,277.889245,-178.4884825,407.908,50.6909285,-63.53002599999999,198.452924,42.744014,-48.244347999999995,-23.866201999999987,-35.099661999999995
-113.97501133333333,585.851594,277.887883,-178.4658915,407.88352499999996,50.690863,-63.517582000000004,198.432934,42.727972,-48.267012,-23.887844,-35.043291999999994
-113.96843799999999,585.8343563333334,277.88656066666664,-178.4461455,407.8620825,50.691231,-63.506660499999995,198.4178745,42.711837,-48.289421,-23.909109,-34.987905999999995
-113.96222733333333,585.8192276666667,277.8852626666667,-178.42897449999998,407.843461,50.692128999999994,-63.497188,198.407399,42.695679500000004,-48.31155,-23.929879999999997,-34.933679
-113.956374,585.8062199999999,277.88397299999997,-178.4141025,407.82744049999997,50.6936525,-63.489078000000006,198.4011485,42.6795795,-48.333372000000004,-23.950046999999984,-34.880770999999996
-113.95087266666667,585.7953476666667,277.882676,-178.401247,407.81379649999997,50.6959005,-63.482229000000004,198.3987555,42.6636245,-48.354864,-23.96951100000001,-34.829331
-113.94571666666666,585.7866236666667,277.88135466666665,-178.390121,407.802301,50.6989715,-63.4765285,198.399849,42.6479125,-48.376005,-23.98818,-34.779487
-113.94089933333333,585.7800626666667,277.879992,-178.380436,407.79272100000003,50.7029625,-63.4718515,198.40405199999998,42.632548,-48.396775,-24.00597400000001,-34.731358
-113.936414,585.775679,277.878569,-178.371905,407.7848255,50.707971,-63.468062,198.41098699999998,42.617643,-48.41716,-24.022819999999996,-34.68504
-113.93225333333334,585.7734876666667,277.8770686666667,-178.3642425,407.77838099999997,50.714091499999995,-63.465016,198.4202795,42.6033165,-48.437146,-24.038658999999996,-34.640619
-113.92840966666667,585.7735036666667,277.87547133333334,-178.3571675,407.7731595,50.7214155,-63.4625605,198.4315565,42.589692,-48.45671900000001,-24.053436999999974,-34.598164
-113.92487466666667,585.7757433333333,277.8737576666667,-178.35040650000002,407.7689355,50.730031,-63.460537,198.444453,42.5769,-48.47587200000001,-24.067114000000004,-34.557728
-113.92164033333334,585.7802230000001,277.8719066666667,-178.34369500000003,407.765491,50.740022499999995,-63.4587805,198.4586115,42.5650725,-48.494595000000004,-24.079656999999997,-34.519351
-113.91869766666666,585.78696,277.8698993333333,-178.3367795,407.7626145,50.75146600000001,-63.457124500000006,198.47368649999999,42.5543445,-48.512881,-24.09104499999998,-34.483057
-113.91603933333333,585.795971,277.86771266666665,-178.3294205,407.760106,50.764435,-63.4554005,198.48934500000001,42.5448515,-48.530725000000004,-24.101267999999976,-34.448857000000004
-113.91365466666667,585.8072746666667,277.8653273333333,-178.321393,407.757776,50.7789925,-63.4534395,198.50527,42.5367305,-48.548123000000004,-24.11032,-34.416751000000005
-113.911536,585.8208896666666,277.8627196666667,-178.3124915,407.7554495,50.795194,-63.451077500000004,198.5211635,42.530114999999995,-48.565071,-24.118210999999974,-34.386728
-113.90967333333333,585.8368363333334,277.85986733333334,-178.302528,407.752967,50.813086,-63.448150999999996,198.536747,42.5251355,-48.581566,-24.124954000000002,-34.358765000000005
-113.90805766666666,585.8551333333334,277.856748,-178.291337,407.75018650000004,50.832704,-63.444506000000004,198.5517655,42.5219185,-48.597604,-24.130574999999993,-34.332831
-113.90668,585.875802,277.853338,-178.2787775,407.746986,50.854071,-63.4399945,198.565988,42.5205845,-48.61318299999999,-24.135104000000013,-34.308885000000004
-113.905531,585.8988640000001,277.84961433333336,-178.26473199999998,407.743262,50.8772,-63.434479499999995,198.57921149999999,42.521246000000005,-48.62829899999999,-24.138585000000006,-34.286880000000004
