Sh_x,Sh_y,Sh_z,El_x,El_y,El_z,Wr_x,Wr_y,Wr_z,WrVec_x,WrVec_y,WrVec_z
9.322291333333334,614.7343463333333,353.24178333333333,-170.580432,487.683333,57.016005500000006,-82.677542,232.4642135,50.191834,-56.3945,-13.559435000000008,-43.64010999999999
9.410202333333332,614.6123600000001,353.2307863333333,-170.6003095,487.6948195,57.021497,-82.4912875,232.50332,50.242675,-56.297493,-13.54079200000001,-43.727062000000004
9.495184333333334,614.4936186666667,353.2193333333333,-170.6358065,487.725095,57.025458,-82.3016315,232.5673005,50.3355485,-56.200611,-13.534945000000022,-43.811261
9.577124333333332,614.378217,353.2074133333333,-170.6869995,487.77507249999996,57.027421,-82.106955,232.65802250000002,50.473558,-56.103634,-13.543075000000016,-43.892889999999994
9.655917,614.2662566666667,353.19502033333333,-170.7538825,487.84562500000004,57.026912499999995,-81.905669,232.777324,50.659837,-56.006308,-13.56634600000001,-43.972154
9.731463,614.1578446666666,353.18214933333337,-170.836363,487.9375745,57.023464,-81.6962235,232.92699850000002,50.897528,-55.908347,-13.605896999999999,-44.049266
9.803672999999998,614.0530923333334,353.1687983333333,-170.934262,488.05167400000005,57.0166105,-81.4771165,233.1087795,51.1897545,-55.809436999999996,-13.662832999999978,-44.12445100000001
9.872464333333332,613.952119,353.15496766666666,-171.047308,488.18859299999997,57.005903,-81.246905,233.32432749999998,51.539592999999996,-55.709239999999994,-13.738214999999997,-44.197924
9.937764333333334,613.8550493333333,353.1406606666667,-171.1751385,488.3489065,56.9909075,-81.004216,233.575219,51.950049,-55.607395999999994,-13.833054000000004,-44.269887999999995
9.999508,613.7620146666667,353.1258823333333,-171.3172975,488.5330795,56.971216,-80.74775199999999,233.86293,52.424024,-55.50353199999999,-13.948294000000004,-44.340528000000006
10.057641666666667,613.6731536666666,353.11063966666666,-171.47323699999998,488.74145350000003,56.94644650000001,-80.476302,234.1888275,52.9642925,-55.397258,-14.084814999999992,-44.409995
10.112120333333333,613.5886106666667,353.09494233333334,-171.6423185,488.9742365,56.916253,-80.188749,234.55415649999998,53.573475,-55.288182000000006,-14.243414999999999,-44.478401999999996
10.162908000000002,613.5085366666667,353.078802,-171.82381600000002,489.2314895,56.8803285,-79.884076,234.9600325,54.254011500000004,-55.175912,-14.424811000000005,-44.545815000000005
10.209981,613.4330896666667,353.06223066666666,-172.0169175,489.5131225,56.838409,-79.561375,235.40743099999997,55.008136500000006,-55.060052000000006,-14.629627999999997,-44.612249
10.253323666666669,613.362434,353.0452433333333,-172.2207345,489.818883,56.7902775,-79.219849,235.8971815,55.8378615,-54.940222,-14.858395000000002,-44.677659000000006
10.292931333333334,613.296739,353.02785566666665,-172.4343015,490.1483495,56.735769499999996,-78.8588215,236.429963,56.7449515,-54.816047000000005,-15.111538000000024,-44.741935000000005
10.328810333333331,613.2361810000001,353.010086,-172.656586,490.5009335,56.674775,-78.4777345,237.0062955,57.730907,-54.687174999999996,-15.38938300000001,-44.8049
10.360975333333334,613.18094,352.991951,-172.88649750000002,490.8758735,56.6072415,-78.076157,237.6265415,58.796954,-54.55326999999999,-15.692144999999982,-44.86631199999999
10.389453333333334,613.1312023333334,352.97347033333335,-173.122889,491.272237,56.533173500000004,-77.653783,238.29090300000001,59.9440255,-54.414021999999996,-16.019930000000016,-44.925855
10.414279333333331,613.0871583333333,352.95466366666665,-173.3645725,491.688922,56.452639000000005,-77.210433,238.99942049999999,61.1727585,-54.269147999999994,-16.372737,-44.98314500000001
10.435499333333333,613.049001,352.9355513333333,-173.610323,492.1246645,56.365765499999995,-76.7460545,239.751976,62.4834845,-54.118396999999995,-16.750452000000024,-45.037733
10.453168,613.0169279999999,352.91615366666673,-173.8588925,492.5780435,56.27274,-76.2607185,240.5482925,63.876228499999996,-53.961546999999996,-17.152852999999993,-45.089107000000006
10.467349666666669,612.9911376666668,352.89649133333336,-174.109012,493.047489,56.1738125,-75.754619,241.3879435,65.3507075,-53.79841600000001,-17.579612999999995,-45.136695
10.478117333333332,612.9718306666666,352.876585,-174.3594095,493.531295,56.06929,-75.228065,242.2703535,66.90633700000001,-53.62885599999999,-18.03029700000002,-45.17987000000001
10.485552333333331,612.9592096666667,352.85645633333337,-174.6088135,494.02762900000005,55.9595365,-74.68148099999999,243.194806,68.542234,-53.45276,-18.50437599999998,-45.21796
10.489744333333334,612.9534756666666,352.8361243333334,-174.85596450000003,494.53454650000003,55.8449715,-74.115395,244.160451,70.2572295,-53.270062,-19.00121999999999,-45.250253
10.490789666666666,612.9548296666667,352.81560999999994,-175.0996235,495.050006,55.726064,-73.530436,245.1663125,72.0498785,-53.080734,-19.52011299999998,-45.27600300000001
10.488793333333332,612.9634716666666,352.7949326666667,-175.33858,495.5718835,55.603331999999995,-72.927324,246.2113,73.9184745,-52.884794,-20.060253999999986,-45.294439
10.483864666666667,612.979598,352.77411166666667,-175.5716585,496.09799,55.477336,-72.306859,247.294215,75.861068,-52.682302,-20.620767999999998,-45.30477199999999
10.47612,613.003403,352.75316599999996,-175.797729,496.626085,55.348677,-71.6699175,248.41376250000002,77.875485,-52.473361000000004,-21.200705,-45.306205999999996
10.465681666666667,613.0350756666667,352.7321133333333,-176.0157105,497.15389700000003,55.21799,-71.017437,249.568561,79.9593445,-52.258117999999996,-21.79905800000003,-45.297941
10.452676333333335,613.0748,352.710972,-176.22457450000002,497.67913699999997,55.085939499999995,-70.35040599999999,250.7571565,82.1100845,-52.036764,-22.41476499999999,-45.279185000000005
10.437233333333333,613.1227556666666,352.68975866666665,-176.4233555,498.19951549999996,54.9532165,-69.669858,251.9780285,84.324983,-51.809532,-23.046719000000024,-45.249158
10.419487333333333,613.179113,352.66849,-176.61114800000001,498.712758,54.820533,-68.9768545,253.229603,86.6011815,-51.576699,-23.693775999999986,-45.20709899999999
10.399573666666667,613.2440366666666,352.6471823333333,-176.78711299999998,499.2166185,54.688614,-68.2724805,254.510265,88.9357105,-51.338581000000005,-24.354764000000017,-45.15227300000001
10.377633000000001,613.3176823333333,352.6258516666667,-176.9504795,499.708895,54.558198,-67.557829,255.8183655,91.325512,-51.095536,-25.02848899999998,-45.08397600000001
10.353803999999998,613.4001966666666,352.6045133333334,-177.10054350000001,500.18744100000004,54.43003,-66.833993,257.1522365,93.76746700000001,-50.84796000000001,-25.713747000000012,-45.001538
10.328228000000001,613.491716,352.5831826666667,-177.2366705,500.650176,54.3048565,-66.1020575,258.510195,96.25841449999999,-50.596281000000005,-26.409329999999983,-44.904331
10.301046333333332,613.5923656666666,352.5618753333333,-177.358292,501.0950965,54.183424,-65.36308700000001,259.8905565,98.79517799999999,-50.340965999999995,-27.114032999999978,-44.791768000000005
10.272399333333334,613.702261,352.5406063333333,-177.46490799999998,501.5202835,54.0664745,-64.6181205,261.291642,101.374587,-50.082507,-27.826662,-44.663308
10.242426666666665,613.821504,352.51939233333337,-177.5560795,501.92391,53.9547435,-63.868161,262.711787,103.99349699999999,-49.821426,-28.546039999999977,-44.51845999999999
10.211266666666667,613.9501856666667,352.49824733333327,-177.63143250000002,502.3042475,53.8489555,-63.114171999999996,264.14934800000003,106.6488085,-49.558262000000006,-29.27101399999998,-44.35678300000001
10.179054333333333,614.0883823333332,352.47718933333334,-177.69065,502.659668,53.7498265,-62.357068999999996,265.6027075,109.33748449999999,-49.293578,-30.000461,-44.177882999999994
10.145922333333333,614.236158,352.4562343333334,-177.733472,502.98864950000007,53.6580575,-61.597717,267.0702855,112.0565685,-49.02794599999999,-30.73329100000001,-43.981425
10.112001333333334,614.3935616666668,352.4354003333333,-177.759692,503.289776,53.574337,-60.836924499999995,268.550537,114.8031955,-48.76194499999999,-31.468451999999985,-43.767121
10.077416333333334,614.5606283333333,352.4147063333333,-177.7691515,503.56173950000004,53.499341,-60.075443,270.041964,117.57460650000002,-48.496156,-32.204936000000004,-43.534743000000006
10.042288666666666,614.7373780000001,352.394171,-177.76173849999998,503.8033365,53.433731,-59.313965,271.5431135,120.3681575,-48.23115800000001,-32.941779,-43.28411299999999
10.006736333333334,614.9238163333334,352.37381566666664,-177.737387,504.0134705,53.3781565,-58.5531215,273.05258449999997,123.18132600000001,-47.967515,-33.67806300000001,-43.01511000000001
9.970871,615.1199333333334,352.353662,-177.696069,504.19114849999994,53.33325550000001,-57.793482999999995,274.569028,126.0117215,-47.705778,-34.41292199999998,-42.72766499999999
9.934798666666667,615.325702,352.33373366666666,-177.63779499999998,504.3354755,53.299656,-57.035562,276.09114850000003,128.8570845,-47.44647,-35.14553900000004,-42.421767
9.898621666666667,615.541081,352.31405533333333,-177.5626125,504.445655,53.2779785,-56.279812500000006,277.617709,131.7152925,-47.19008900000001,-35.87514599999997,-42.097459000000015
9.862434333333335,615.766014,352.294653,-177.47060199999999,504.520983,53.268834999999996,-55.526634,279.1475265,134.5843595,-46.937094,-36.60102899999998,-41.754839000000004
9.826327333333332,616.0004263333334,352.27555533333333,-177.3618765,504.560845,53.2728365,-54.776372,280.67947449999997,137.46243099999998,-46.687901999999994,-37.322520999999995,-41.39406199999999
9.790382999999999,616.2442283333334,352.25679066666663,-177.2365805,504.56471050000005,53.290589499999996,-54.029326,282.212484,140.3477905,-46.442882,-38.039004000000034,-41.015337
9.754678666666669,616.4973150000001,352.2383913333333,-177.09488850000002,504.53212900000005,53.322701,-53.285749,283.7455405,143.2388435,-46.202352000000005,-38.749911,-40.61893099999999
9.719285333333334,616.7595646666667,352.22038933333334,-176.9370055,504.462727,53.3697795,-52.545854,285.277683,146.13412399999999,-45.966572,-39.454718000000014,-40.20516599999999
9.684268000000001,617.03084,352.20281900000003,-176.7631665,504.3562025,53.432437,-51.809819000000005,286.80800350000004,149.03227850000002,-45.735736,-40.15294499999999,-39.774418999999995
9.649683666666666,617.3109873333334,352.1857156666667,-176.5736355,504.212322,53.5112905,-51.077789499999994,288.335646,151.93206500000002,-45.509983,-40.844154,-39.32712599999999
9.615585000000001,617.5998383333332,352.16911733333336,-176.368708,504.0309165,53.606961,-50.3498865,289.859802,154.83234249999998,-45.289377,-41.52794400000005,-38.863775000000004
9.582018666666665,617.8972090000001,352.15306200000003,-176.148707,503.811877,53.720074499999996,-49.6262065,291.37971200000004,157.73206299999998,-45.07391700000001,-42.20395400000001,-38.38491000000002
9.549023333333333,618.2029003333333,352.137589,-175.91398850000002,503.555153,53.851264,-48.9068315,292.8946595,160.63026200000002,-44.863533000000004,-42.87185499999998,-37.89112800000001
9.516633666666666,618.516698,352.12273866666663,-175.664937,503.2607505,54.001163500000004,-48.191829500000004,294.403973,163.526051,-44.658089000000004,-43.53134799999998,-37.38307800000001
9.484878,618.8383746666667,352.1085516666667,-175.401969,502.92873,54.1704095,-47.481262,295.90702050000004,166.4186075,-44.457378000000006,-44.182165,-36.86146099999999
9.45378,619.1676883333333,352.0950703333333,-175.12553000000003,502.55920100000003,54.359638,-46.775184499999995,297.4032075,169.307165,-44.261132999999994,-44.824063000000024,-36.327020000000005
9.423357000000001,619.5043833333333,352.08233566666667,-174.836096,502.152328,54.5694795,-46.0736525,298.8919795,172.19100600000002,-44.069023,-45.45682499999998,-35.78054999999998
9.393621999999999,619.848192,352.07038966666664,-174.5341725,501.7083225,54.800554500000004,-45.3767255,300.372814,175.06945050000002,-43.88066099999999,-46.08025199999997,-35.222882999999996
9.364583333333334,620.198833,352.05927433333335,-174.2202905,501.22744950000003,55.053472,-44.6844685,301.8452215,177.94185199999998,-43.695611,-46.69417100000004,-34.654888
9.336246,620.556015,352.04902999999996,-173.8950085,500.710023,55.328818999999996,-43.996955,303.3087465,180.80758600000001,-43.513386,-47.298423000000014,-34.07746799999998
9.308609,620.919435,352.039697,-173.558909,500.1564095,55.6271565,-43.314269,304.76295949999997,183.6660435,-43.333464000000006,-47.89286699999997,-33.491555000000005
9.281668999999999,621.288779,352.0313136666667,-173.212594,499.5670285,55.9490125,-42.6365105,306.2074635,186.5166255,-43.15528900000001,-48.47738099999998,-32.89810299999999
9.255419666666667,621.663725,352.02391800000004,-172.85668600000002,498.942354,56.2948755,-41.96379,307.6418845,189.35873750000002,-42.97828,-49.051855000000046,-32.29808299999999
9.229850999999998,622.0439423333333,352.0175453333333,-172.491822,498.282917,56.665184499999995,-41.296236,309.065879,192.191782,-42.80184,-49.61619400000001,-31.692474000000004
9.204949999999998,622.4290906666666,352.01222966666666,-172.11865,497.58930599999997,57.060324,-40.633992500000005,310.4791255,195.015154,-42.625363,-50.17031700000001,-31.08226400000001
9.180701333333335,622.8188260000001,352.008001,-171.73782649999998,496.862171,57.4806155,-39.977219000000005,311.881329,197.8282405,-42.448242,-50.714156,-30.468435
9.157088666666667,623.2127959999999,352.0048893333333,-171.350013,496.10222699999997,57.9263095,-39.326091500000004,313.2722175,200.630412,-42.269881,-51.247657000000004,-29.851962000000015
9.134092333333333,623.6106443333333,352.00292033333335,-170.955869,495.3102515,58.3975805,-38.680803,314.65154299999995,203.421024,-42.089698,-51.77077800000001,-29.233800000000002
9.111692333333334,624.0120116666666,352.0021153333334,-170.556052,494.48709099999996,58.8945195,-38.041559,316.0190785,206.199415,-41.907135999999994,-52.28348699999998,-28.614885999999984
9.089867,624.4165346666666,352.002495,-170.1512115,493.6336635,59.4171305,-37.40858,317.3746205,208.9648995,-41.721672,-52.785766999999964,-27.99612300000001
9.068593666666667,624.8238493333333,352.00407533333333,-169.741985,492.750956,59.965324,-36.7820985,318.7179865,211.716777,-41.532819,-53.277612999999974,-27.378377999999998
9.047849000000001,625.233591,352.006868,-169.32899700000002,491.840029,60.538915,-36.1623565,320.0490135,214.454323,-41.340143,-53.759029,-26.762478000000016
9.027610000000001,625.645395,352.01088266666665,-168.91285399999998,490.9020155,61.1376215,-35.5496045,321.36756,217.176794,-41.143257,-54.230031999999994,-26.149198000000013
9.007852,626.0589000000001,352.0161236666666,-168.494143,489.938122,61.761065,-34.944099,322.673502,219.88342749999998,-40.941835999999995,-54.690650000000005,-25.539256999999992
8.98855033333333,626.4737443333333,352.02259166666664,-168.07343,488.9496275,62.408767999999995,-34.3461015,323.966734,222.5734445,-40.735617,-55.140919999999994,-24.933321000000007
8.969682,626.8895736666667,352.0302853333333,-167.65125799999998,487.93788,63.08015949999999,-33.7558745,325.247168,225.24604900000003,-40.524403,-55.580888000000016,-24.331986
8.951222666666668,627.3060360000001,352.03919766666667,-167.228148,486.904295,63.774579,-33.1736785,326.514729,227.90043250000002,-40.308073,-56.01061199999998,-23.735782999999998
8.933149666666667,627.722787,352.0493183333333,-166.804595,485.8503545,64.4912785,-32.599772,327.769359,230.5357765,-40.086568,-56.43015200000002,-23.145173
8.915439333333333,628.1394886666667,352.060634,-166.3810745,484.7775965,65.229433,-32.0344075,329.0110115,233.151254,-39.859915,-56.83957899999996,-22.560545999999988
8.89807,628.5558110000001,352.07312699999994,-165.9580365,483.6876145,65.9881445,-31.477829999999997,330.2396485,235.7460345,-39.628208,-57.238969,-21.982214999999997
8.88102,628.971433,352.08677733333326,-165.5359135,482.582048,66.7664555,-30.930274,331.45524450000005,238.31928599999998,-39.391614,-57.628399,-21.410424000000006
8.864268333333333,629.3860426666666,352.10156166666667,-165.115118,481.4625765,67.5633535,-30.391962999999997,332.65777749999995,240.8701815,-39.150374,-58.007952999999986,-20.845339000000024
8.847796,629.7993403333334,352.11745233333335,-164.696045,480.33090949999996,68.3777855,-29.863106,333.8472335,243.397899,-38.9048,-58.37771300000003,-20.287059999999997
8.831584000000001,630.2110366666667,352.13442166666664,-164.279078,479.1887775,69.208665,-29.343898,335.0235975,245.901629,-38.655268,-58.73776499999997,-19.735614000000027
8.815614,630.6208536666667,352.152437,-163.864587,478.037923,70.0548895,-28.8345175,336.18685849999997,248.38057750000002,-38.402217,-59.088190999999995,-19.19096300000001
8.799869333333335,631.0285276666667,352.17146500000007,-163.4529335,476.8800895,70.91534250000001,-28.335125499999997,337.3370025,250.83397050000002,-38.146141,-59.42907300000002,-18.653009000000026
8.784334666666666,631.4338073333333,352.19147000000004,-163.04447399999998,475.7170105,71.788915,-27.845866,338.474012,253.261056,-37.88759,-59.76048800000001,-18.121598000000034
8.768994999999999,631.836455,352.2124146666667,-162.639558,474.550397,72.67450649999999,-27.366864,339.59786299999996,255.661111,-37.627156,-60.08251000000001,-17.596521999999965
8.753836666666666,632.2362463333334,352.23426033333334,-162.2385355,473.381931,73.571042,-26.8982275,340.7085255,258.033445,-37.365473,-60.39520700000003,-17.077533999999986
8.738847333333334,632.632973,352.2569673333334,-161.8417555,472.21325049999996,74.477477,-26.440044999999998,341.80596049999997,260.377403,-37.103206,-60.698643000000004,-16.56434200000001
8.724016,633.026441,352.280496,-161.4495685,471.04594299999997,75.39280649999999,-25.9923895,342.89011700000003,262.692369,-36.841047,-60.99287199999998,-16.056632000000008
8.709332666666668,633.4164689999999,352.3048043333333,-161.062325,469.88153250000005,76.3160745,-25.5553155,343.9609315,264.9777705,-36.579707,-61.27794499999999,-15.554062999999985
8.694787666666667,633.8028933333334,352.32985099999996,-160.680381,468.721475,77.246376,-25.128863,345.0183285,267.23308,-36.319904,-61.553900999999996,-15.056277999999963
8.680374000000002,634.1855636666666,352.35559566666666,-160.3040925,467.56714850000003,78.1828635,-24.7130565,346.0622185,269.45782099999997,-36.062365,-61.820776999999964,-14.562914000000035
8.666084,634.564345,352.38199633333335,-159.933819,466.419847,79.1247505,-24.307907999999998,347.092495,271.651566,-35.807812,-62.078598,-14.07361000000003
8.651912333333332,634.939116,352.409013,-159.5699185,465.2807765,80.07131100000001,-23.9134175,348.1090385,273.81394350000005,-35.556957,-62.32738500000005,-13.588010999999995
8.637854666666666,635.3097716666666,352.43660500000004,-159.21275,464.1510505,81.021883,-23.5295745,349.111713,275.9446345,-35.310494999999996,-62.567151999999965,-13.10577699999999
8.623907333333333,635.6762186666666,352.46473366666663,-158.86266899999998,463.0316875,81.975865,-23.15636,350.1003685,278.04337799999996,-35.069098,-62.79790300000002,-12.626590000000022
8.610066999999999,636.0383803333334,352.49335966666666,-158.520026,461.9236125,82.9327155,-22.793748500000003,351.0748395,280.10997199999997,-34.833413,-63.019642999999974,-12.150159999999971
8.596333000000001,636.3961916666667,352.522446,-158.1851635,460.827654,83.8919495,-22.4417095,352.034947,282.144269,-34.604049,-63.23237,-11.676230000000032
8.582703666666665,636.7496023333334,352.55195699999996,-157.85841399999998,459.7445475,84.853134,-22.1002085,352.980501,284.1461815,-34.381579,-63.43607799999995,-11.204581000000019
8.569179666666669,637.0985729999999,352.5818566666667,-157.540097,458.6749375,85.81588550000001,-21.769209500000002,353.911299,286.1156785,-34.166529,-63.630764,-10.735037000000034
8.555761333333335,637.4430776666667,352.6121126666667,-157.2305135,457.61938299999997,86.77986200000001,-21.448674999999998,354.8271305,288.0527865,-33.959382,-63.81642099999999,-10.267464999999959
8.542449666666668,637.7831030000001,352.64269200000007,-156.929947,456.57835950000003,87.744759,-21.1385705,355.7277765,289.957588,-33.760569000000004,-63.99304900000004,-9.801782000000003
8.529247333333332,638.1186453333333,352.673564,-156.6386575,455.552268,88.7103035,-20.8388645,356.613014,291.8302185,-33.570465,-64.16064799999998,-9.337954999999965
8.516156666666667,638.449712,352.70469933333334,-156.35688,454.54143550000003,89.6762475,-20.5495275,357.482618,293.6708665,-33.389393000000005,-64.31922799999995,-8.875998999999979
8.503180666666665,638.7763213333334,352.73607,-156.084822,453.546128,90.642364,-20.270534499999997,358.3363635,295.479773,-33.217613,-64.46880699999997,-8.41597999999999
8.490321999999999,639.0985009999999,352.7676496666666,-155.822661,452.56655149999995,91.608439,-20.0018685,359.17402849999996,297.2572255,-33.055327000000005,-64.60941299999996,-7.958012999999994
8.477585,639.4162863333333,352.79941333333335,-155.57054349999999,451.60286099999996,92.57426799999999,-19.7435175,359.99539749999997,299.0035575,-32.902674999999995,-64.74109500000003,-7.502260999999976
8.464972333333334,639.7297226666666,352.83133666666663,-155.32858149999998,450.6551665,93.53965,-19.4954765,360.8002665,300.719149,-32.759739,-64.86391099999997,-7.048931999999979
8.452488666666667,640.0388616666667,352.86339799999996,-155.096854,449.723538,94.5043855,-19.2577475,361.5884405,302.40441899999996,-32.626532999999995,-64.97794299999998,-6.5982759999999985
8.440137,640.3437636666666,352.89557600000006,-154.875405,448.8080135,95.46827250000001,-19.0303395,362.35974450000003,304.059826,-32.503013,-65.08329299999997,-6.150581999999986
8.427921333333332,640.6444936666667,352.9278503333333,-154.6642435,447.908601,96.431101,-18.813269,363.114021,305.6858655,-32.389076,-65.18008800000001,-5.706172999999978
8.415844000000002,640.9411233333334,352.96020233333337,-154.463344,447.0252865,97.392654,-18.6065575,363.85113750000005,307.2830665,-32.284555,-65.268483,-5.265402999999992
8.403908333333334,641.233729,352.99261500000006,-154.2726465,446.158035,98.35270700000001,-18.410232999999998,364.5709855,308.8519885,-32.189228,-65.348659,-4.828651000000036
8.392117333333333,641.522392,353.02507033333336,-154.09206,445.306795,99.3110235,-18.224328,365.2734885,310.39322000000004,-32.102818,-65.42082699999997,-4.396314000000018
8.380472666666668,641.8071980000001,353.05755433333337,-153.921462,444.471502,100.267357,-18.0488795,365.9585995,311.907376,-32.024995,-65.485231,-3.9688059999999723
8.368976333333332,642.0882346666667,353.09005166666674,-153.760699,443.652079,101.221452,-17.883924,366.626309,313.395094,-31.955382,-65.54214200000001,-3.546547999999973
8.357628999999998,642.3655933333333,353.122548,-153.609593,442.848438,102.173046,-17.7295005,367.276646,314.857034,-31.893555000000003,-65.59186600000004,-3.1299639999999727
8.346431666666666,642.639366,353.1550313333334,-153.467939,442.06048350000003,103.12186750000001,-17.585645500000002,367.909679,316.293873,-31.839053000000003,-65.63473800000003,-2.719475999999986
8.335384,642.9096486666666,353.1874893333333,-153.3355115,441.2881075,104.067641,-17.452393,368.5255175,317.70630500000004,-31.791380000000004,-65.67112100000003,-2.315497999999991
8.324485333333332,643.176535,353.21991099999997,-153.212065,440.531196,105.010089,-17.3297705,369.1243185,319.0950365,-31.750009,-65.70140700000002,-1.9184270000000083
8.313734333333334,643.4401216666666,353.25228500000003,-153.097338,439.78962349999995,105.9489325,-17.217798000000002,369.7062815,320.4607865,-31.714394000000002,-65.72601099999997,-1.5286429999999882
8.303128666666666,643.7005043333334,353.28460366666667,-152.99105450000002,439.06325449999997,106.8838935,-17.1164865,370.2716545,321.80428099999995,-31.683971,-65.74537099999998,-1.1465000000000032
8.292666333333331,643.9577773333332,353.31685666666664,-152.8929285,438.351942,107.81470150000001,-17.025834500000002,370.82073249999996,323.12625249999996,-31.658165,-65.75993899999997,-0.7723229999999717
8.282343333333335,644.212035,353.3490366666667,-152.8026655,437.6555285,108.7410895,-16.9458265,371.3538555,324.427436,-31.636401,-65.77018299999997,-0.4064019999999573
8.272157333333334,644.4633686666666,353.3811356666667,-152.7199665,436.9738425,109.662801,-16.876431,371.8714135,325.7085665,-31.618108,-65.77657700000003,-0.048989000000005944
8.262103000000002,644.7118686666666,353.41314733333337,-152.644528,436.3067,110.579591,-16.817598500000003,372.37384050000003,326.9703775,-31.602727,-65.77959700000002,0.29970300000002226
8.252175666666666,644.9576216666667,353.4450656666666,-152.5760495,435.6539015,111.4912265,-16.769258,372.861617,328.213594,-31.589716,-65.77971600000001,0.6395119999999679
8.242370666666666,645.2007136666667,353.476886,-152.5142285,435.0152355,112.39748850000001,-16.73132,373.33526500000005,329.4389355,-31.578560000000003,-65.7774,0.9703170000000227
8.232682666666667,645.441225,353.50860366666666,-152.45877000000002,434.3904745,113.29817399999999,-16.703671,373.79535,330.647106,-31.568774,-65.773098,1.2920500000000175
8.223105,645.6792346666666,353.5402143333333,-152.4093825,433.77937799999995,114.193096,-16.686173500000002,374.2424735,331.838797,-31.559911000000003,-65.76723900000002,1.604693999999995
8.213633,645.914816,353.57171566666665,-152.36578350000002,433.181691,115.0820855,-16.6786675,374.6772735,333.0146805,-31.551565,-65.76022499999999,1.9082789999999932
8.20426,646.148039,353.6031043333333,-152.327698,432.59714699999995,115.964988,-16.680967499999998,375.100422,334.175407,-31.543376999999996,-65.75243,2.20289200000002
8.194979666666667,646.3789703333333,353.6343796666667,-152.29486300000002,432.0254685,116.841668,-16.6928655,375.512617,335.32160150000004,-31.535037,-65.74418800000001,2.488665000000026
8.185786,646.6076713333333,353.6655396666667,-152.2670255,431.4663665,117.712005,-16.7141285,375.914583,336.45386299999996,-31.526287,-65.73580000000004,2.7657800000000066
8.176673,646.834199,353.6965843333333,-152.2439445,430.91954499999997,118.5758935,-16.744502999999998,376.3070645,337.57275849999996,-31.516921999999997,-65.72752099999997,3.0344690000000014
8.167634666666665,647.058606,353.727513,-152.2253905,430.384703,119.433244,-16.783713000000002,376.6908205,338.6788225,-31.506790000000002,-65.719561,3.2950010000000134
8.158664333333332,647.2809406666667,353.758327,-152.21114899999998,429.8615335,120.28397799999999,-16.831462,377.066624,339.772553,-31.495793999999997,-65.712088,3.5476919999999836
8.149756666666667,647.5012456666667,353.7890273333334,-152.201017,429.34972849999997,121.1280295,-16.887438999999997,377.43525050000005,340.85441149999997,-31.483887999999997,-65.705221,3.7928909999999973
8.140906333333335,647.71956,353.81961466666667,-152.1948065,428.84898250000003,121.96534349999999,-16.9513175,377.797481,341.9248175,-31.471072999999997,-65.69903799999997,4.030979000000002
8.132107666666668,647.9359183333335,353.85009199999996,-152.19234,428.358991,122.7958705,-17.0227565,378.15409,342.984152,-31.457397,-65.69357000000002,4.262361999999996
8.123355666666667,648.1503503333333,353.880462,-152.1934565,427.879456,123.619571,-17.1014075,378.505845,344.03275099999996,-31.442949,-65.688808,4.487471999999968
8.114645666666666,648.3628816666666,353.9107266666667,-152.1980055,427.410086,124.4364075,-17.1869155,378.8535,345.07090949999997,-31.427851,-65.684708,4.706752999999992
8.105972,648.573534,353.9408886666667,-152.205851,426.9506005,125.2463475,-17.2789225,379.19779,346.0988795,-31.412259000000002,-65.68118800000002,4.9206629999999905
8.097332,648.782325,353.97095233333334,-152.2168675,426.500729,126.0493605,-17.3770695,379.539428,347.1168685,-31.396353,-65.67813799999999,5.129659000000004
8.088719666666668,648.98927,354.00092033333334,-152.230943,426.06021450000003,126.845415,-17.4810005,379.8790995,348.125043,-31.380326999999998,-65.67542500000002,5.334202000000005
8.080132666666666,649.194378,354.0307956666666,-152.247977,425.6288145,127.63448,-17.590366500000002,380.2174585,349.1235285,-31.364391,-65.67289499999998,5.534744999999987
8.071566666666667,649.3976583333333,354.06058233333334,-152.2678805,425.206301,128.416522,-17.7048265,380.555122,350.11241,-31.348757,-65.67038000000002,5.7317279999999755
8.063017666666667,649.5991150000001,354.0902833333333,-152.2905745,424.792462,129.1915065,-17.824051,380.89266899999996,351.09173599999997,-31.33364,-65.66770200000002,5.925576000000035
8.054482,649.7987506666667,354.11990233333336,-152.3159905,424.38710149999997,129.9593945,-17.947725,381.230635,352.06152050000003,-31.319247999999998,-65.66467999999998,6.116692999999998
8.045957,649.996566,354.1494420000001,-152.34407099999999,423.990038,130.7201445,-18.0755485,381.5695085,353.021743,-31.305773,-65.661133,6.305457999999987
8.037438666666667,650.1925583333333,354.17890566666665,-152.3747675,423.6011065,131.473713,-18.207240499999997,381.909732,353.9723565,-31.293397,-65.65688399999999,6.492218999999977
8.028923666666667,650.386725,354.20829533333335,-152.408042,423.2201575,132.220052,-18.3425365,382.2516925,354.91328550000003,-31.282279000000003,-65.65176300000002,6.677299000000005
8.020408333333334,650.5790606666667,354.23761466666673,-152.44386450000002,422.8470525,132.959114,-18.4811935,382.595728,355.844433,-31.272558999999998,-65.64561600000002,6.8609859999999685
8.011889,650.7695596666666,354.26686466666666,-152.482215,422.48166749999996,133.69084850000002,-18.622988,382.9421205,356.7656845,-31.264348,-65.63829700000002,7.043532999999968
8.003362333333333,650.9582150000001,354.29604666666665,-152.523081,422.123888,134.4152065,-18.7677155,383.2910955,357.67690849999997,-31.257735,-65.629681,7.225161000000014
7.994823666666666,651.1450183333334,354.3251626666667,-152.566461,421.77361,135.1321405,-18.915191500000002,383.64282349999996,358.577963,-31.252783,-65.61965700000002,7.406060000000025
7.986269,651.3299633333334,354.35421333333335,-152.6123575,421.43073449999997,135.84160450000002,-19.065251,383.99742000000003,359.46870049999995,-31.249528,-65.60813000000002,7.586383000000012
7.977693333333334,651.5130403333334,354.3831993333333,-152.660786,421.09517100000005,136.5435605,-19.217744,384.354943,360.348967,-31.247984,-65.59502599999996,7.7662559999999985
7.9690926666666675,651.6942413333334,354.412121,-152.7117655,420.7668295,137.2379745,-19.3725375,384.715397,361.218612,-31.248143,-65.580284,7.945772000000034
7.960461000000001,651.8735583333333,354.44097833333336,-152.7653255,420.445623,137.924822,-19.5295135,385.0787345,362.0774875,-31.249977,-65.56386099999997,8.125002999999992
7.951792666666666,652.050983,354.46977066666665,-152.8215015,420.13146500000005,138.604089,-19.688564,385.44485499999996,362.9254545,-31.253442000000003,-65.545728,8.303992999999991
7.943081,652.2265066666666,354.4984973333333,-152.880336,419.82426499999997,139.2757745,-19.849590499999998,385.81361100000004,363.7623845,-31.258483,-65.52586400000001,8.482768999999962
7.934319666666667,652.4001236666667,354.52715800000004,-152.941878,419.523929,139.939891,-20.0125025,386.184807,364.588164,-31.265037,-65.50426399999998,8.66134199999999
7.925501666666668,652.571825,354.5557523333334,-153.00618300000002,419.23035849999997,140.59646700000002,-20.1772125,386.5582075,365.402697,-31.273030999999996,-65.480929,8.839705999999978
7.916618666666666,652.7416046666666,354.58427966666665,-153.073311,418.943447,141.2455485,-20.343638000000002,386.933536,366.205909,-31.282396000000002,-65.45586600000001,9.017848000000015
7.907662333333334,652.9094556666668,354.612739,-153.143328,418.66308000000004,141.8872,-20.5116935,387.3104805,366.9977485,-31.293063000000004,-65.42908699999998,9.195748999999978
7.898623,653.0753723333333,354.64113033333336,-153.2163025,418.389133,142.5215065,-20.681293,387.6886995,367.778189,-31.304966,-65.40060499999998,9.373381999999992
7.889492333333332,653.2393483333334,354.6694536666667,-153.2923085,418.121472,143.1485735,-20.852346,388.067824,368.547232,-31.318047999999997,-65.37043999999997,9.550724000000002
7.880257666666666,653.4013789999999,354.6977093333333,-153.3714205,417.859951,143.768529,-21.024755,388.44746299999997,369.30491,-31.332262,-65.33860599999997,9.72775200000001
7.870909666666669,653.5614583333333,354.725899,-153.4537145,417.60441149999997,144.38152,-21.198416,388.827206,370.0512855,-31.347572,-65.30512199999998,9.904443000000015
7.861434333333334,653.7195813333333,354.7540233333334,-153.5392685,417.354683,144.98772,-21.373216,389.206633,370.7864545,-31.363951999999998,-65.27000399999997,10.080781000000002
7.851819666666667,653.8757423333333,354.7820853333333,-153.6281575,417.110582,145.587321,-21.549031499999998,389.5853125,371.5105485,-31.381389,-65.233269,10.256754999999998
7.842050666666666,654.0299366666667,354.81008833333334,-153.720457,416.871913,146.180538,-21.725728500000002,389.9628125,372.223731,-31.399879000000002,-65.19493299999999,10.432358000000022
7.832113666666667,654.182158,354.8380366666667,-153.8162365,416.63846650000005,146.767606,-21.903163499999998,390.3387,372.926203,-31.419431,-65.155014,10.607592000000011
7.821992000000001,654.3324013333333,354.8659353333333,-153.91556350000002,416.410019,147.3487815,-22.081182000000002,390.712547,373.6182005,-31.440058,-65.11353200000002,10.782461000000012
7.811668666666667,654.4806593333334,354.89379033333336,-154.01849900000002,416.18633550000004,147.9243395,-22.259619,391.0839385,374.29999599999996,-31.461780000000005,-65.07050900000002,10.956972000000007
7.801125999999999,654.6269253333334,354.9216086666667,-154.125096,415.967168,148.494574,-22.4383,391.4524695,374.971896,-31.48462,-65.02597300000002,11.131138000000021
7.790343666666665,654.771192,354.94940033333336,-154.235401,415.7522555,149.0597945,-22.6170415,391.8177545,375.6342445,-31.508599,-64.97995499999996,11.304970999999966
7.779302666666666,654.91345,354.97717366666666,-154.3494495,415.541326,149.6203275,-22.795655,392.179429,376.2874175,-31.533735999999998,-64.93249999999995,11.478480999999988
7.767981333333334,655.0536903333333,355.00493966666664,-154.467268,415.334095,150.1765145,-22.9739425,392.537153,376.931825,-31.560043000000004,-64.88365399999998,11.651679999999999
7.756356333333334,655.1919026666666,355.032711,-154.58887,415.130269,150.7287085,-23.151704,392.89061200000003,377.5679095,-31.587517999999996,-64.83347799999996,11.824572999999987
7.744403999999999,655.3280753333333,355.0605003333333,-154.714258,414.929541,151.2772765,-23.328737,393.2395225,378.1961435,-31.616149999999998,-64.78204099999999,11.99715900000001
7.732099666666666,655.4621953333334,355.088322,-154.84342,414.7315985,151.822595,-23.504838499999998,393.58363199999997,378.8170275,-31.645909,-64.72942800000004,12.169433000000026
7.7194173333333325,655.5942483333333,355.11619133333335,-154.97633,414.536117,152.3650515,-23.679805,393.92272049999997,379.4310905,-31.676748000000003,-64.67572899999999,12.341379000000018
7.706329666666666,655.7242193333333,355.14412500000003,-155.112947,414.3427655,152.90504199999998,-23.8534385,394.25660400000004,380.0388845,-31.708600999999994,-64.62105000000003,12.512972999999988
7.692808333333332,655.8520906666666,355.172139,-155.2532155,414.151206,153.442971,-24.0255455,394.5851305,380.6409835,-31.741378999999995,-64.56550900000002,12.684182999999962
7.678824333333334,655.9778443333333,355.2002523333333,-155.3970635,413.9610935,153.9792505,-24.1959405,394.9081865,381.237982,-31.774973000000003,-64.509231,12.854967999999985
7.664348,656.101461,355.2284823333334,-155.544403,413.77207799999996,154.514299,-24.364445,395.2256905,381.8304905,-31.809254000000003,-64.45235100000002,13.025274999999965
7.649348333333333,656.2229196666667,355.2568493333333,-155.6951305,413.583807,155.048541,-24.5308935,395.5375985,382.419132,-31.844073,-64.39501099999995,13.195050000000037
7.633793999999999,656.342197,355.28537166666666,-155.849125,413.3959215,155.58240849999999,-24.695131999999997,395.8438975,383.0045425,-31.879264,-64.337357,13.364229000000023
7.617652333333333,656.4592693333333,355.3140693333333,-156.0062495,413.20806300000004,156.1163365,-24.857020000000002,396.144607,383.587364,-31.914644000000003,-64.279538,13.532744000000037
7.600892666666668,656.5741123333333,355.34296233333333,-156.16635300000002,413.01987199999996,156.650768,-25.016432000000002,396.4397775,384.16824199999996,-31.95002,-64.22170299999999,13.700530000000015
7.583481666666665,656.6866983333333,355.3720696666667,-156.329266,412.8309875,157.1861495,-25.1732585,396.729486,384.7478225,-31.985193000000002,-64.16399799999999,13.86751700000002
7.565387666666666,656.7970006666667,355.40141100000005,-156.494805,412.64105,157.72292950000002,-25.3274075,397.013835,385.3267505,-32.019957000000005,-64.106562,14.033644999999979
7.546578333333334,656.90499,355.431006,-156.66277300000002,412.4497035,158.2615635,-25.478801999999998,397.29295049999996,385.9056615,-32.054106,-64.04952299999997,14.19885899999997
7.527022000000001,657.0106376666666,355.4608723333333,-156.832956,412.256595,158.8025085,-25.6273855,397.56697699999995,386.4851835,-32.087443,-63.99300199999999,14.363112999999998
7.506688999999999,657.1139126666667,355.49102866666664,-157.0051295,412.061375,159.3462235,-25.773116,397.836074,387.0659285,-32.119778,-63.93709999999999,14.52637900000002
7.4855486666666655,657.2147846666666,355.52149166666663,-157.1790565,411.8637,159.8931685,-25.9159705,398.1004165,387.64849449999997,-32.150938999999994,-63.88190499999996,14.688641000000018
7.463572333333333,657.3132219999999,355.55227833333333,-157.354486,411.663233,160.4438045,-26.0559425,398.3601855,388.23345600000005,-32.180767,-63.82748300000003,14.849901999999986
7.440733333333334,657.4091936666667,355.5834036666667,-157.5311595,411.45964349999997,160.99858949999998,-26.1930415,398.61557000000005,388.82136649999995,-32.209131,-63.773882000000015,15.01019100000002
7.4170056666666655,657.5026673333333,355.6148816666667,-157.708808,411.2526105,161.55798,-26.3272935,398.866761,389.4127505,-32.235925,-63.72112400000003,15.169555000000003
7.3923663333333325,657.593612,355.64672566666667,-157.8871565,411.0418205,162.12242500000002,-26.4587375,399.113948,390.0081055,-32.261073,-63.66921000000002,15.328069000000028
7.366793,657.681997,355.6789476666666,-158.065922,410.82697,162.69237,-26.587429,399.35731699999997,390.607895,-32.284530000000004,-63.61812000000003,15.485830000000021
7.340267000000001,657.7677909999999,355.71155866666663,-158.2448185,410.60776699999997,163.26824900000003,-26.7134335,399.597048,391.21255,-32.306285,-63.56780599999996,15.642962000000011
7.312772,657.8509663333333,355.7445683333333,-158.423556,410.38392799999997,163.8504835,-26.836828999999998,399.83331050000004,391.8224645,-32.32636,-63.51820300000003,15.79961499999996
7.284292666666666,657.931493,355.77798433333334,-158.6018455,410.15518499999996,164.4394835,-26.957704,400.0662625,392.437996,-32.344812000000005,-63.469223,15.95595800000001
7.254819,658.009345,355.81181433333336,-158.7793975,409.92127849999997,165.03564,-27.0761555,400.29605000000004,393.0594625,-32.361733,-63.420758000000035,16.112187000000006
7.2243423333333325,658.0844973333333,355.846064,-158.9559255,409.681965,165.63932499999999,-27.192289,400.5228015,393.687143,-32.377242,-63.37268499999999,16.268509999999992
7.192857666666666,658.156926,355.880739,-159.131148,409.437012,166.250889,-27.3062165,400.746632,394.3212785,-32.391493000000004,-63.32486799999998,16.425157000000013
7.160363,658.22661,355.91584233333333,-159.304792,409.186204,166.8706565,-27.418056500000002,400.96763699999997,394.9620695,-32.404659,-63.27716000000004,16.58236900000003
7.126859333333333,658.293531,355.9513773333333,-159.47659149999998,408.9293385,167.49892499999999,-27.527932,401.1858975,395.6096785,-32.41694,-63.22940699999998,16.740388999999993
7.092351666666667,658.3576720000001,355.98734566666667,-159.64629250000002,408.6662315,168.135962,-27.63597,401.4014745,396.26423150000005,-32.428551999999996,-63.18145100000004,16.89946900000001
7.056848333333334,658.4190203333334,356.02374933333334,-159.81365449999998,408.39671250000004,168.7820025,-27.742301499999996,401.614414,396.9258185,-32.439723,-63.13313800000003,17.059856999999965
7.020359666666665,658.477566,356.0605893333333,-159.9784505,408.120632,169.43724650000001,-27.847060499999998,401.8247455,397.5944965,-32.450687,-63.08431099999996,17.221794999999986
6.982900666666667,658.533302,356.09786466666674,-160.140472,407.837858,170.1018575,-27.950383000000002,402.03248299999996,398.27029200000004,-32.461681999999996,-63.03483,17.385508000000016
6.944489666666667,658.5862243333332,356.13557599999996,-160.2995275,407.548279,170.775962,-28.052407000000002,402.237628,398.95320300000003,-32.472938,-62.984560000000045,17.55120800000003
6.905146666666666,658.636335,356.1737223333333,-160.455444,407.2518045,171.4596465,-28.153274500000002,402.44016799999997,399.64320299999997,-32.484679,-62.93338399999999,17.719082000000014
6.864896666666667,658.683636,356.21230299999996,-160.6080725,406.9483675,172.152956,-28.253125999999998,402.6400815,400.34024250000004,-32.49711,-62.88120300000003,17.88928900000002
6.823766666666668,658.728137,356.25131733333336,-160.7572825,406.6379225,172.8558965,-28.352108,402.8373385,401.0442545,-32.510418,-62.82793700000002,18.061957000000007
6.781785999999999,658.76985,356.2907646666667,-160.902967,406.3204515,173.56842999999998,-28.450364999999998,403.0319015,401.755157,-32.52476,-62.77353100000005,18.237173999999982
6.738987999999999,658.8087913333334,356.33064399999995,-161.04504350000002,405.9959615,174.290479,-28.5480455,403.2237285,402.47285750000003,-32.540268999999995,-62.717952999999966,18.414991000000043
6.695408333333332,658.8449813333334,356.3709553333333,-161.1834505,405.6644875,175.0219235,-28.645299,403.4127765,403.1972535,-32.55704,-62.66119500000002,18.595413000000008
6.651084333333334,658.8784463333334,356.41169833333333,-161.318152,405.3260925,175.762605,-28.742275999999997,403.5989995,403.92823799999996,-32.57513,-62.603278999999986,18.778399999999976
6.606056333333331,658.9092153333335,356.4528726666667,-161.4491325,404.980868,176.512323,-28.83913,403.7823545,404.66570249999995,-32.594562,-62.54424700000004,18.96386899999999
6.560366666666668,658.9373223333333,356.4944796666667,-161.5763995,404.6289365,177.2708405,-28.9360135,403.962801,405.409537,-32.615314999999995,-62.484172,19.15168200000005
6.514059333333333,658.962806,356.53651966666666,-161.69998199999998,404.27044950000004,178.0378845,-29.03308,404.14030149999996,406.159636,-32.63733,-62.423145000000034,19.34165999999999
6.467180333333334,658.9857093333334,356.57899399999997,-161.819929,403.90558999999996,178.81314700000001,-29.1304835,404.3148255,406.91589550000003,-32.660507,-62.361283000000014,19.533574999999985
6.419777666666666,659.0060793333333,356.62190400000003,-161.9363075,403.5345695,179.5962885,-29.228375,404.4863495,407.678216,-32.684706000000006,-62.29871700000001,19.72715599999998
6.371900666666666,659.0239676666666,356.66525133333334,-162.04920199999998,403.15763100000004,180.3869395,-29.3269035,404.6548565,408.4465035,-32.709755,-62.235596999999984,19.922091000000023
6.323598333333334,659.0394303333334,356.7090386666667,-162.1587125,402.775044,181.18470250000001,-29.4262135,404.820338,409.220668,-32.735447,-62.17208400000004,20.11803199999997
6.274923000000001,659.0525269999999,356.75326666666666,-162.2649515,402.387108,181.9891585,-29.5264445,404.982794,410.000622,-32.761548999999995,-62.10834599999998,20.314599999999984
6.225926333333333,659.0633216666666,356.79793866666665,-162.368043,401.9941455,182.799865,-29.627727,405.14223400000003,410.78628100000003,-32.787803999999994,-62.044556,20.51138599999996
6.176661666666667,659.0718820000001,356.843056,-162.4681195,401.5965045,183.61636449999997,-29.730181,405.2986745,411.57755799999995,-32.81394,-61.98088900000005,20.707967999999994
6.127182000000001,659.0782796666666,356.88862033333334,-162.56532099999998,401.1945555,184.43818149999998,-29.833914,405.452141,412.3743625,-32.83967199999999,-61.917506,20.90390500000001
6.077542,659.0825896666666,356.9346333333333,-162.65979049999999,400.788687,185.2648315,-29.939018,405.6026655,413.176597,-32.864712000000004,-61.85456899999997,21.098753999999985
6.027795,659.0848906666666,356.98109500000004,-162.75167349999998,400.3793045,186.095821,-30.0455675,405.75028899999995,413.98415250000005,-32.888777,-61.792215999999996,21.29207500000001
5.977995666666668,659.085264,357.028006,-162.8411165,399.96682599999997,186.930652,-30.153616,405.89505599999995,414.79690500000004,-32.911592,-61.73057399999999,21.483438000000035
5.9281983333333335,659.0837946666667,357.0753653333333,-162.92826250000002,399.551682,187.768824,-30.2631915,406.037018,415.614709,-32.932903,-61.669741999999985,21.672433999999953
5.878456666666666,659.0805706666666,357.123171,-163.0132505,399.1343085,188.6098365,-30.374298000000003,406.1762295,416.4373965,-32.952478,-61.609793000000025,21.858678999999995
5.828825000000001,659.075682,357.17141999999996,-163.0962145,398.7151455,189.453195,-30.486909999999998,406.31274900000005,417.264768,-32.97012,-61.550771999999995,22.041826000000015
5.779356333333335,659.069221,357.22010866666665,-163.17728,398.29463599999997,190.2984095,-30.60097,406.446638,418.096591,-32.985668,-61.492692000000034,22.22156799999999
5.730104333333334,659.0612836666666,357.2692303333333,-163.25656400000003,397.873218,191.144998,-30.716389,406.57795899999996,418.932596,-32.999004,-61.43552800000003,22.397651999999994
5.681122333333332,659.0519666666667,357.318778,-163.3341745,397.451327,191.992491,-30.8330445,406.7067765,419.7724715,-33.01006100000001,-61.37922500000002,22.56987700000002
5.632460666666666,659.0413693333334,357.368743,-163.410208,397.0293895,192.84043,-30.950775999999998,406.83315500000003,420.6158605,-33.018822,-61.32368600000001,22.73810100000003
5.584171999999999,659.0295926666668,357.419115,-163.48475,396.607822,193.68836850000002,-31.069391500000002,406.95716,421.462361,-33.025324999999995,-61.26878599999998,22.90224999999998
5.536306666666667,659.0167393333332,357.4698813333334,-163.557874,396.18703000000005,194.53587750000003,-31.188661,407.07885899999997,422.3115215,-33.029664000000004,-61.214358000000004,23.06231299999996
5.488914666666667,659.0029126666667,357.5210273333334,-163.629643,395.7674045,195.382543,-31.3083225,407.19831899999997,423.1628425,-33.031991,-61.16020999999995,23.21834899999999
5.442046000000001,658.9882173333333,357.572537,-163.700108,395.3493205,196.22796449999998,-31.428082,407.31561,424.01577599999996,-33.032508,-61.106115999999986,23.37048599999997
5.395747666666668,658.9727603333334,357.62439233333333,-163.76930950000002,394.933139,197.07176149999998,-31.547616499999997,407.4308045,424.869728,-33.031475,-61.051829,23.518913999999995
5.350068333333333,658.9566473333333,357.67657333333335,-163.837277,394.519203,197.913566,-31.666576000000003,407.5439785,425.724061,-33.029198,-60.997078999999985,23.663890000000038
5.3050543333333335,658.939987,357.7290576666667,-163.9040315,394.107838,198.753028,-31.784591,407.655213,426.5780965,-33.026026,-60.94158200000004,23.80572699999999
5.260752,658.9228866666667,357.78182166666664,-163.9695865,393.699353,199.589813,-31.901273,407.7645955,427.431123,-33.022344,-60.88504499999999,23.944790000000012
5.217206,658.9054546666667,357.83484033333326,-164.03394600000001,393.2940415,200.42360000000002,-32.0162225,407.8722215,428.282399,-33.018567000000004,-60.827170999999964,24.081492000000026
5.1744596666666665,658.8877993333333,357.88808566666665,-164.0971095,392.8921795,201.25408199999998,-32.129034,407.978197,429.1311615,-33.01513,-60.76767000000001,24.216274999999996
5.132557666666666,658.8700296666667,357.94152933333334,-164.15907199999998,392.4940295,202.0809665,-32.239305,408.08263750000003,429.976633,-33.01248,-60.70625899999999,24.349613999999974
5.091540333333334,658.8522533333334,357.99514066666666,-164.21982500000001,392.09983950000003,202.9039705,-32.346636000000004,408.1856725,430.818029,-33.011062,-60.642673,24.481998000000033
5.0514496666666675,658.8345786666667,358.0488883333333,-164.2793565,391.70984550000003,203.722824,-32.450643,408.2874455,431.6545695,-33.011316,-60.57667500000002,24.61391900000001
5.012325333333334,658.817113,358.10273866666665,-164.337655,391.32426999999996,204.537266,-32.5509625,408.38811450000003,432.485483,-33.013659000000004,-60.508054999999956,24.745863999999983
4.974206333333334,658.7999636666667,358.1566586666667,-164.39470849999998,390.943329,205.34704349999998,-32.647256,408.4878545,433.31002,-33.01848,-60.43663899999996,24.878301999999962
4.937129666666666,658.7832356666667,358.21061333333336,-164.450506,390.5672275,206.151913,-32.7392165,408.586856,434.1274595,-33.026129000000005,-60.36229800000001,25.011675000000025
4.901131666666668,658.767034,358.264567,-164.50504,390.1961635,206.951636,-32.8265765,408.6853265,434.9371165,-33.036907,-60.284943,25.146387000000004
4.866247666666667,658.7514633333334,358.3184833333333,-164.55830450000002,389.8303295,207.7459815,-32.9091075,408.78349000000003,435.73835099999997,-33.051057,-60.204542000000004,25.28278800000004
4.832511,658.736625,358.372326,-164.610299,389.469911,208.53472549999998,-32.986629,408.881585,436.530574,-33.06876199999999,-60.121106,25.421177999999998
4.799952666666666,658.7226206666666,358.42605933333334,-164.6610255,389.115091,209.3176455,-33.059008,408.97986449999996,437.313255,-33.090134000000006,-60.03470699999997,25.561792000000025
4.768604333333332,658.7095493333333,358.4796463333333,-164.7104925,388.7660475,210.0945275,-33.126163000000005,409.0785925,438.085923,-33.115214,-59.94546300000002,25.704791999999998
4.738493333333334,658.6975086666666,358.53305066666667,-164.7587125,388.4229555,210.8651585,-33.1880625,409.1780445,438.84817350000003,-33.143969,-59.85354700000005,25.85027299999996
4.709645999999999,658.6865936666667,358.5862363333334,-164.8057035,388.08598600000005,211.62933199999998,-33.2447265,409.278501,439.5996695,-33.176291000000006,-59.759180000000015,25.998248999999987
4.682087333333332,658.6768986666666,358.639168,-164.85148900000002,387.755308,212.386845,-33.296225,409.3802465,440.34014249999996,-33.212,-59.66262700000004,26.148664999999994
4.655839333333334,658.668514,358.691812,-164.8960985,387.431085,213.137499,-33.3426745,409.4835655,441.0693885,-33.250845,-59.56419500000004,26.301388999999972
4.630921,658.6615276666666,358.74413366666664,-164.93956400000002,387.113479,213.8810985,-33.3842355,409.58874000000003,441.78727200000003,-33.292513,-59.464226,26.456219999999973
4.607350666666666,658.6560263333333,358.79609966666663,-164.9819245,386.802645,214.6174555,-33.4211095,409.6960425,442.4937185,-33.336631,-59.363089,26.612892999999985
4.5851423333333345,658.6520936666667,358.8476796666667,-165.0232225,386.498735,215.346383,-33.453528999999996,409.80573449999997,443.18871,-33.382778,-59.26117700000003,26.771083999999973
4.564308333333332,658.64981,358.8988416666666,-165.0635035,386.20189200000004,216.067703,-33.481758,409.91806199999996,443.87228300000004,-33.430493999999996,-59.158893999999975,26.93041999999997
4.5448580000000005,658.6492519999999,358.94955766666664,-165.10281600000002,385.9122545,216.78124,-33.5060815,410.0332505,444.54451700000004,-33.479287,-59.05665099999999,27.090484000000004
4.5267963333333325,658.650494,358.999799,-165.1412125,385.629952,217.486825,-33.526801000000006,410.1515045,445.2055315,-33.528646,-58.954860999999994,27.25082900000001
4.5101276666666665,658.6536063333333,359.04953900000004,-165.1787455,385.355104,218.18429550000002,-33.5442265,410.27299949999997,445.855477,-33.578051,-58.85392099999996,27.41098599999998
4.494850666666665,658.6586580000001,359.098753,-165.215468,385.0878205,218.8734935,-33.55867,410.397884,446.494528,-33.626988,-58.754219999999975,27.570471999999995
4.480961666666667,658.665711,359.14741733333335,-165.25143500000001,384.8282,219.554268,-33.5704405,410.5262735,447.12287200000003,-33.674953,-58.65611899999999,27.72880200000003
4.468454666666667,658.6748256666666,359.1955096666666,-165.2866995,384.5763305,220.226473,-33.579836,410.6582525,447.7407045,-33.72146600000001,-58.55995299999995,27.88550299999997
4.457319,658.686059,359.24300999999997,-165.3213125,384.3322855,220.8899685,-33.5871395,410.793868,448.34822099999997,-33.766085000000004,-58.46602200000001,28.04010999999997
4.4475413333333345,658.699462,359.28989833333327,-165.355324,384.0961265,221.5446195,-33.5926115,410.9331365,448.9456075,-33.808401,-58.37459100000001,28.192188999999985
4.4391050000000005,658.7150823333333,359.3361586666667,-165.3887785,383.8679005,222.1902965,-33.596489,411.0760355,449.53303700000004,-33.848060000000004,-58.28588500000001,28.341336000000013
4.431989999999999,658.732964,359.38177333333334,-165.4217195,383.6476405,222.826874,-33.598979,411.22251300000005,450.1106615,-33.88476,-58.200086,28.487180999999964
4.426171999999999,658.7531453333334,359.426729,-165.454182,383.43536700000004,223.4542295,-33.600256,411.372482,450.678606,-33.918256,-58.11733600000002,28.629398000000037
4.421625999999999,658.7756606666667,359.4710116666667,-165.486198,383.231085,224.072244,-33.6004625,411.525826,451.2369675,-33.948364999999995,-58.037734,28.767702999999983
4.418321333333333,658.8005393333334,359.51461,-165.5177925,383.0347865,224.680801,-33.599705,411.68240049999997,451.785809,-33.974964,-57.96133900000001,28.90186
4.4162273333333335,658.8278066666667,359.55751433333336,-165.54898250000002,382.8464495,225.2797845,-33.598055,411.842036,452.325156,-33.997991999999996,-57.88817399999999,29.031679999999994
4.415307666666668,658.8574803333332,359.59971433333334,-165.579779,382.666042,225.8690785,-33.595549,412.0045415,452.854999,-34.01745,-57.818224999999984,29.15701999999999
4.415525666666667,658.8895753333335,359.6412026666667,-165.6101835,382.493518,226.4485665,-33.59219,412.16970449999997,453.37529,-34.033394,-57.75144900000004,29.277778000000012
4.416841333333333,658.9241,359.6819726666667,-165.640189,382.3288215,227.01812999999999,-33.587948499999996,412.33730149999997,453.8859435,-34.045929,-57.687775000000045,29.393899000000033
4.419213,658.9610583333333,359.7220183333334,-165.669781,382.17188799999997,227.57764600000002,-33.582766,412.5070945,454.386837,-34.05521400000001,-57.62711100000001,29.505363999999986
4.422596666666667,659.0004476666667,359.761335,-165.6989345,382.022643,228.1269915,-33.5765555,412.678839,454.8778155,-34.061443000000004,-57.569345999999996,29.612189
4.426948,659.042259,359.799919,-165.7276155,381.88100599999996,228.666033,-33.569208,412.852284,455.35869149999996,-34.06485,-57.51436000000001,29.714418999999964
4.432219666666666,659.0864796666666,359.8377666666667,-165.755781,381.7468895,229.1946355,-33.560592,413.02717900000005,455.829248,-34.06569399999999,-57.462019999999995,29.812130000000025
4.438365,659.1330896666667,359.8748766666667,-165.7833795,381.6202015,229.71265599999998,-33.55056,413.2032745,456.289244,-34.064256,-57.412193,29.90541399999995
4.445334,659.1820643333333,359.911247,-165.8103505,381.500847,230.2199445,-33.5389505,413.38032450000003,456.738419,-34.060829,-57.36474500000003,29.994384000000025
4.453078000000001,659.2333713333334,359.94687633333325,-165.8366245,381.388726,230.716342,-33.5255925,413.55809,457.1764935,-34.055718999999996,-57.319546,30.07916499999999
4.461547666666665,659.2869743333333,359.9817646666667,-165.8621245,381.28373999999997,231.201684,-33.510309,413.7363415,457.6031765,-34.049226000000004,-57.27647300000001,30.159891000000016
4.470692333333333,659.3428309999999,360.01591099999996,-165.88676650000002,381.1857875,231.675796,-33.49292,413.914857,458.018171,-34.041648,-57.23541,30.23670400000003
4.480463333333335,659.4008923333333,360.049317,-165.9104605,381.0947675,232.1384975,-33.4732475,414.09342849999996,458.421176,-34.033269000000004,-57.196257,30.309748000000013
4.49081,659.4611056666666,360.0819816666667,-165.9331095,381.01058,232.58959950000002,-33.4511165,414.2718595,458.8118935,-34.024359000000004,-57.158920999999964,30.379169000000047
4.501683333333333,659.5234106666667,360.1139066666667,-165.954613,380.933125,233.028906,-33.426361,414.44996349999997,459.1900305,-34.015164,-57.123324999999966,30.445112999999992
4.513033999999999,659.5877439999999,360.1450916666667,-165.97486750000002,380.8623045,233.45621549999998,-33.3988235,414.62757050000005,459.55530550000003,-34.005909,-57.08940100000001,30.507723
4.524814666666667,659.654036,360.175539,-165.9937655,380.7980205,233.87132250000002,-33.3683625,414.804519,459.9074515,-33.996789,-57.05709800000005,30.567142999999987
4.536976666666665,659.7222126666667,360.205248,-166.01119949999998,380.740176,234.27401500000002,-33.3348495,414.9806625,460.2462205,-33.987971,-57.026373000000035,30.623513000000003
4.5494743333333325,659.792195,360.23422066666666,-166.0270615,380.688677,234.664081,-33.298175,415.1558635,460.5713875,-33.97959,-56.99719299999998,30.676972999999975
4.562261333333332,659.863901,360.262457,-166.0412445,380.643426,235.04130800000001,-33.2582505,415.32999600000005,460.8827515,-33.971748999999996,-56.96953400000001,30.727657000000022
4.575293666666668,659.9372443333333,360.28995699999996,-166.05364500000002,380.604328,235.405483,-33.215008499999996,415.5029405,461.1801415,-33.964519,-56.94337899999999,30.77570300000002
4.588526666666665,660.0121333333333,360.31672166666664,-166.0641625,380.5712855,235.756398,-33.168405,415.6745885,461.463417,-33.957939999999994,-56.91871499999996,30.82124799999997
4.601918333333335,660.0884756666666,360.34275,-166.0727015,380.5441985,236.093848,-33.1184225,415.844836,461.7324695,-33.952021,-56.89553000000001,30.864427000000035
4.615427333333335,660.1661746666667,360.368043,-166.0791725,380.5229655,236.417638,-33.065069,416.01358400000004,461.98722799999996,-33.946743999999995,-56.87381599999998,30.905377999999985
4.629012666666666,660.2451306666667,360.39259833333335,-166.08349399999997,380.50748,236.7275795,-33.008379500000004,416.1807375,462.22765400000003,-33.942063,-56.85356100000001,30.94423999999998
4.642635333333334,660.325242,360.4164153333333,-166.08559200000002,380.497631,237.0234995,-32.948418000000004,416.3462045,462.453749,-33.937908,-56.83475299999998,30.981154000000004
4.6562573333333335,660.406406,360.43949233333336,-166.0854025,380.49330150000003,237.30523499999998,-32.885277,416.5098945,462.66555,-33.934186,-56.81737300000003,31.016261999999983
4.669841999999999,660.4885169999999,360.4618276666667,-166.082871,380.49436749999995,237.57264299999997,-32.819077,416.67171499999995,462.8631325,-33.93079,-56.801401999999996,31.049705000000017
4.683352999999999,660.571469,360.48341800000003,-166.0779545,380.5006995,237.82559500000002,-32.7499685,416.83157500000004,463.046608,-33.927591,-56.786812,31.081628000000023
4.696756333333334,660.6551546666667,360.5042613333333,-166.07062000000002,380.512158,238.063986,-32.678129999999996,416.98937950000004,463.21612600000003,-33.924456,-56.773571000000004,31.112172000000044
4.710018000000001,660.7394666666665,360.52435433333335,-166.06084800000002,380.528595,238.287731,-32.6037685,417.14503149999996,463.3718675,-33.921234999999996,-56.761641,31.14147300000002
4.723105999999999,660.8242963333332,360.54369266666663,-166.0486315,380.549854,238.4967695,-32.527116500000005,417.2984305,463.5140505,-33.917779,-56.75097900000003,31.169667000000004
4.735989666666668,660.909536,360.56227233333334,-166.0339745,380.57577000000003,238.6910665,-32.448434,417.4494705,463.6429215,-33.913936,-56.741536999999994,31.196878999999967
4.748639,660.9950783333334,360.58009,-166.01689349999998,380.606168,238.870612,-32.3680035,417.5980435,463.758757,-33.909553,-56.73326300000002,31.22322799999995
4.761025333333332,661.0808163333332,360.59714,-165.99742,380.6408635,239.03542500000003,-32.28613,417.744032,463.86185950000004,-33.904484,-56.72610199999997,31.248820999999964
4.7731216666666665,661.1666443333334,360.61341799999997,-165.975596,380.6796655,239.18555099999998,-32.2031385,417.887317,463.95255599999996,-33.898590999999996,-56.72000000000003,31.273750000000007
4.784902333333333,661.2524583333334,360.6289193333334,-165.95147500000002,380.7223735,239.32106550000003,-32.11937,418.02777100000003,464.031192,-33.891748,-56.714898000000005,31.298093999999992
4.796342,661.3381553333334,360.6436396666666,-165.92512499999998,380.768782,239.44207,-32.0351795,418.1652635,464.0981305,-33.883839,-56.710740999999985,31.321911
4.807418333333334,661.4236336666667,360.65757299999996,-165.896624,380.81867850000003,239.548696,-31.9509335,418.299657,464.153749,-33.874767,-56.70747399999999,31.34524399999998
4.818109333333333,661.5087966666666,360.6707159999999,-165.8660605,380.87184649999995,239.6411015,-31.867003500000003,418.43080699999996,464.1984345,-33.864453,-56.70504799999998,31.368111
4.828394666666666,661.5935463333334,360.68306333333334,-165.8335345,380.928068,239.7194725,-31.7837655,418.5585655,464.232579,-33.852836999999994,-56.70341300000001,31.390512
4.838255333333333,661.6777896666667,360.69461133333334,-165.79915549999998,380.9871225,239.784019,-31.701595,418.682779,464.2565785,-33.83988,-56.70252599999998,31.41242299999999
4.847675333333334,661.7614366666667,360.705357,-165.76304249999998,381.0487915,239.8349745,-31.620862000000002,418.803288,464.270828,-33.82557,-56.70235200000002,31.43380000000002
4.856638,661.8444003333333,360.7152963333333,-165.7253235,381.1128585,239.87259749999998,-31.541929,418.9199305,464.275717,-33.809914,-56.702856999999995,31.454575999999975
4.865131000000001,661.926596,360.7244276666667,-165.6861335,381.1791115,239.89716350000003,-31.465143,419.03253900000004,464.27162799999996,-33.792944,-56.70401399999997,31.474662000000023
4.873141333333334,662.0079453333333,360.7327493333333,-165.64561700000002,381.2473475,239.90896800000002,-31.3908375,419.14094250000005,464.2589325,-33.774719,-56.705803,31.49395499999997
4.88066,662.0883709999999,360.74026000000003,-165.603923,381.31736850000004,239.9083205,-31.319322999999997,419.244968,464.237986,-33.755318,-56.70820599999996,31.512331999999958
4.887677666666665,662.1678016666666,360.74696033333333,-165.56120950000002,381.3889915,239.89554450000003,-31.250889,419.34443999999996,464.2091295,-33.734846000000005,-56.711213999999984,31.52965499999999
4.894189000000001,662.24617,360.75285099999996,-165.51763799999998,381.46204350000005,239.8709725,-31.185796,419.43918099999996,464.17268249999995,-33.713428,-56.71481799999998,31.545774999999992
4.900189000000001,662.323413,360.7579336666667,-165.473376,381.53636800000004,239.834944,-31.124276,419.5290135,464.1289425,-33.691212,-56.71901300000002,31.560539000000006
4.905676000000001,662.3994716666667,360.76221100000004,-165.42859650000003,381.6118235,239.787803,-31.0665275,419.613759,464.0781835,-33.668361000000004,-56.72379799999999,31.573780999999997
4.910649666666667,662.4742933333333,360.7656866666666,-165.383476,381.688288,239.7298945,-31.012718,419.693241,464.0206525,-33.64506,-56.729169999999954,31.58533699999998
4.9151120000000015,662.5478286666666,360.7683656666666,-165.33819499999998,381.76565949999997,239.661559,-30.962979,419.767285,463.956571,-33.621502,-56.735127999999975,31.595046000000025
4.919066333333334,662.6200356666667,360.77025366666663,-165.2929385,381.8438545,239.5831345,-30.9174065,419.835719,463.88613,-33.597893,-56.741671999999994,31.602747999999963
4.922519,662.6908746666667,360.771356,-165.24789249999998,381.922813,239.4949475,-30.8760615,419.89837650000004,463.809491,-33.574453000000005,-56.748797000000025,31.608292000000006
4.925478333333332,662.7603136666667,360.771681,-165.20324599999998,382.0024995,239.3973145,-30.8389705,419.9550935,463.726787,-33.551397,-56.756501000000014,31.611536
4.927954333333333,662.8283246666667,360.77123566666666,-165.1591925,382.0828985,239.2905365,-30.806126,420.0057155,463.6381195,-33.528952000000004,-56.764774999999986,31.61235099999999
4.929959000000001,662.894885,360.77002899999997,-165.1159245,382.164021,239.1748975,-30.777489499999998,420.0500935,463.5435595,-33.507337,-56.77361099999996,31.610618999999986
4.931507333333332,662.9599773333334,360.76807,-165.07363600000002,382.2459015,239.0506595,-30.752992,420.08808899999997,463.4431475,-33.486766,-56.78299999999996,31.60624100000001
4.932614999999999,663.0235903333332,360.76536733333336,-165.032523,382.3285985,238.91806300000002,-30.732539,420.1195725,463.33689449999997,-33.467448,-56.79292699999996,31.599131
4.933300000000001,663.0857173333334,360.761931,-164.99278049999998,382.412194,238.777322,-30.7160125,420.1444245,463.2247825,-33.449577,-56.803381,31.589216999999962
4.933582,663.1463563333333,360.7577703333333,-164.95460300000002,382.496795,238.628623,-30.7032745,420.1625405,463.106765,-33.433330999999995,-56.81434899999999,31.576444000000038
4.933482999999999,663.2055110000001,360.7528953333333,-164.9181845,382.58253,238.4721235,-30.6941725,420.173828,462.9827665,-33.418870999999996,-56.82582000000002,31.56077099999999
4.933026666666668,663.26319,360.747315,-164.883716,382.669551,238.3079475,-30.6885415,420.1782075,462.8526875,-33.406335,-56.837785,31.54216699999995
4.9322376666666665,663.319406,360.7410386666667,-164.851388,382.7580315,238.136188,-30.6862115,420.175617,462.716401,-33.395835000000005,-56.85024199999998,31.52061199999997
4.931142,663.3741773333333,360.734075,-164.82138500000002,382.8481655,237.95690050000002,-30.687008000000002,420.1660085,462.5737585,-33.387458,-56.86319699999996,31.49609099999998
4.929767,663.4275253333334,360.72643166666666,-164.793889,382.94016650000003,237.770108,-30.69076,420.1493525,462.424587,-33.381260000000005,-56.87666100000001,31.468597999999986
4.928141666666666,663.4794763333333,360.7181166666667,-164.76907599999998,383.034267,237.57579350000003,-30.6973045,420.125636,462.2686935,-33.377264999999994,-56.89065799999997,31.438121000000024
4.926296000000001,663.53006,360.70913599999994,-164.747117,383.130716,237.373905,-30.7064865,420.0948615,462.105865,-33.375463,-56.90522500000003,31.404650000000004
4.924259666666666,663.5793110000001,360.699496,-164.72817500000002,383.2297795,237.1643525,-30.7181685,420.057052,461.93587049999996,-33.375813,-56.920416000000046,31.368169000000023
4.9220640000000015,663.6272653333334,360.6892013333333,-164.712406,383.33173850000003,236.9470065,-30.7322305,420.012248,461.758462,-33.378235000000004,-56.93629599999997,31.328652000000034
4.919740999999999,663.6739630000001,360.678255,-164.69995849999998,383.4368865,236.7217025,-30.748575,419.960505,461.573375,-33.382618,-56.95295399999998,31.286062000000015
4.917322,663.7194476666667,360.6666603333333,-164.69097,383.54553,236.48823549999997,-30.767129,419.90189899999996,461.38033199999995,-33.388814,-56.970493999999974,31.240345999999988
4.914839333333333,663.7637639999999,360.6544186666667,-164.68556999999998,383.6579855,236.24636650000002,-30.787847999999997,419.8365205,461.17904150000004,-33.396642,-56.98904500000003,31.191435000000013
4.912324000000001,663.8069586666667,360.6415306666666,-164.6838765,383.7745795,235.99581949999998,-30.8107155,419.7644775,460.969201,-33.40588699999999,-57.008752999999956,31.139239999999972
4.909808333333333,663.8490816666666,360.627996,-164.6859965,383.8956465,235.736284,-30.835746,419.68589199999997,460.750496,-33.416308,-57.02978400000001,31.08365600000002
4.9073226666666665,663.8901833333333,360.613813,-164.692027,384.0215275,235.4674165,-30.8629855,419.600902,460.522601,-33.427631000000005,-57.05232799999999,31.024553999999966
4.904897333333334,663.9303153333334,360.5989783333334,-164.70205249999998,384.15256899999997,235.18884300000002,-30.8925125,419.5096565,460.28518299999996,-33.439558999999996,-57.07659100000001,30.961784000000023
4.902561333333333,663.9695303333333,360.5834893333333,-164.716147,384.28912049999997,234.900158,-30.924436,419.412318,460.0378995,-33.451774,-57.102799999999945,30.895178999999985
4.900342666666667,664.0078813333333,360.56734133333333,-164.7343725,384.431536,234.6009305,-30.958895,419.30906000000004,459.780398,-33.463938,-57.131193999999994,30.82455600000003
4.898268333333333,664.045422,360.55052900000004,-164.7567795,384.5801685,234.2907025,-30.996059000000002,419.2000635,459.5123205,-33.475702,-57.162026999999966,30.74971099999999
4.896362999999999,664.0822053333333,360.53304699999995,-164.783409,384.7353715,233.9689965,-31.036125,419.0855185,459.2333,-33.486704,-57.19556299999999,30.67043000000001
4.894649666666668,664.118284,360.51488900000004,-164.81429,384.89749700000004,233.6353145,-31.079312,418.9656195,458.94296199999997,-33.496578,-57.232073000000014,30.58649399999996
4.893150333333335,664.1537103333334,360.4960473333333,-164.849444,385.066894,233.28914,-31.125864500000002,418.8405665,458.6409255,-33.504961,-57.27182899999997,30.497671000000025
4.891883333333333,664.1885353333333,360.476516,-164.888883,385.24390700000004,232.929947,-31.176042,418.7105625,458.3268015,-33.51149,-57.31510500000002,30.403734999999983
4.890866333333334,664.2228096666666,360.4562863333333,-164.932611,385.428874,232.557198,-31.230123,418.57581,458.0001945,-33.515816,-57.36216400000001,30.304457000000014
4.890113000000001,664.2565823333333,360.4353516666667,-164.980625,385.622128,232.1703495,-31.2883935,418.4365115,457.660702,-33.517603,-57.41326300000003,30.19962400000003
4.889635333333333,664.289899,360.41370400000005,-165.032919,385.823991,231.7688575,-31.351148000000002,418.2928675,457.30791450000004,-33.516536,-57.46864300000004,30.089031000000034
4.889442666666668,664.3228056666667,360.39133666666663,-165.08947849999998,386.0347775,231.352176,-31.418683,418.145074,456.941416,-33.512322,-57.528524000000004,29.97249199999999
4.889541333333335,664.3553466666667,360.3682416666666,-165.15029099999998,386.25479099999995,230.91976849999998,-31.491293499999998,417.99332100000004,456.56078349999996,-33.504699,-57.59310599999998,29.84984700000001
4.889934333333334,664.3875616666666,360.34441266666664,-165.215338,386.4843225,230.47110700000002,-31.569267500000002,417.837792,456.165589,-33.493432999999996,-57.662555999999995,29.720956
4.8906226666666655,664.4194903333333,360.31984200000005,-165.284604,386.723651,230.005676,-31.652881999999998,417.67866200000003,455.755399,-33.478328000000005,-57.73701599999998,29.585713999999996
4.891603333333333,664.4511693333334,360.294525,-165.3580725,386.973042,229.52297950000002,-31.742397500000003,417.516096,455.32977600000004,-33.459227,-57.816588000000024,29.44404800000001
4.892871333333335,664.4826323333333,360.2684556666666,-165.4357295,387.232745,229.0225425,-31.838055,417.350248,454.8882785,-33.43601,-57.901340000000005,29.29591700000003
4.894418333333334,664.5139116666667,360.24162866666666,-165.51756699999999,387.5029965,228.503916,-31.940071,417.1812605,454.43046400000003,-33.408595999999996,-57.99130100000002,29.141318000000012
4.896232666666665,664.5450346666667,360.21404033333334,-165.6035775,387.7840145,227.966681,-32.048634,417.0092615,453.955889,-33.376949999999994,-58.08645899999999,28.980279999999993
4.8983013333333325,664.5760286666667,360.1856863333333,-165.693763,388.076004,227.41045150000002,-32.163899,416.83436800000004,453.464114,-33.341074,-58.18676399999998,28.812869999999975
4.900606000000001,664.606917,360.156565,-165.788129,388.37915050000004,226.834879,-32.285989,416.6566795,452.954701,-33.301010000000005,-58.292123000000004,28.639184
4.903128333333332,664.6377200000001,360.1266733333334,-165.88669099999998,388.693625,226.2396555,-32.4149865,416.47628499999996,452.42722100000003,-33.256837,-58.40240799999998,28.459352000000024
4.905846000000001,664.6684553333333,360.09601066666664,-165.98946999999998,389.0195805,225.6245155,-32.5509355,416.29325500000004,451.88125449999995,-33.208667,-58.51745,28.273525000000006
4.908734333333335,664.6991373333333,360.064576,-166.096497,389.3571545,224.989241,-32.6938375,416.10764800000004,451.3163955,-33.15664699999999,-58.63705199999998,28.081874999999968
4.911767333333333,664.7297796666667,360.0323696666667,-166.207811,389.7064685,224.3336615,-32.843653,415.919506,450.7322535,-33.100944,-58.76098200000001,27.884589000000005
4.9149156666666665,664.7603896666666,359.999393,-166.3234595,390.06762749999996,223.657658,-33.0002975,415.728859,450.12845849999997,-33.041751,-58.88898400000005,27.681862999999964
4.918149,664.7909746666666,359.96564733333327,-166.4434995,390.4407235,222.9611625,-33.163645,415.5357225,449.504666,-32.979276,-59.020781,27.473893999999973
4.921434666666667,664.821538,359.9311356666667,-166.5679955,390.825834,222.244161,-33.333528,415.340098,448.8605585,-32.913737999999995,-59.156079999999974,27.260873000000004
4.924739,664.8520796666667,359.89586099999997,-166.697021,391.22302449999995,221.50669349999998,-33.5097395,415.141977,448.19584899999995,-32.845361,-59.294576000000006,27.04297600000001
4.928026666666667,664.8825976666666,359.8598273333334,-166.830657,391.632349,220.7488525,-33.6920335,414.9413395,447.5102865,-32.77436899999999,-59.43596299999996,26.82036099999999
4.931261666666668,664.9130873333334,359.8230396666666,-166.96899150000002,392.053854,219.970784,-33.880131500000005,414.738155,446.803657,-32.700977,-59.579927999999995,26.593158000000017
4.934406000000001,664.9435396666667,359.7855026666666,-167.112119,392.4875765,219.172687,-34.0737225,414.53238550000003,446.07578950000004,-32.625391,-59.72617299999996,26.361463000000015
4.937422666666666,664.9739446666667,359.7472226666667,-167.26014,392.93354850000003,218.3548085,-34.272470999999996,414.3239865,445.326555,-32.547802,-59.87440300000003,26.12533400000001
4.940272333333333,665.0042883333333,359.7082063333333,-167.41316,393.391801,217.5174455,-34.4760185,414.11290599999995,444.55587049999997,-32.468380999999994,-60.024343999999985,25.884781000000032
4.942915666666667,665.0345543333334,359.6684606666667,-167.571288,393.86236199999996,216.660937,-34.683991,413.8990905,443.7637,-32.387268000000006,-60.175741000000016,25.639767999999947
4.945313666666667,665.0647233333333,359.62799333333334,-167.734637,394.34526200000005,215.7856645,-34.896004500000004,413.6824805,442.95005449999996,-32.304589,-60.32836099999997,25.390210999999965
4.947427000000001,665.0947736666667,359.5868123333333,-167.903323,394.8405355,214.8920455,-35.1116705,413.4630185,442.11499249999997,-32.220428999999996,-60.481997000000035,25.135970999999984
4.949216333333335,665.1246806666667,359.54492733333336,-168.07746300000002,395.3482255,213.9805295,-35.330604,413.2406465,441.258618,-32.134851999999995,-60.63647299999997,24.87685399999998
4.950642333333333,665.1544166666666,359.5023463333334,-168.2571765,395.8683845,213.051592,-35.5524275,413.0153075,440.38108,-32.04789099999999,-60.79164100000003,24.612619999999993
4.951666000000001,665.1839516666668,359.45907933333336,-168.44258200000002,396.40107750000004,212.10573,-35.77678,412.78694900000005,439.4825685,-31.959552000000002,-60.94738000000001,24.34297700000002
4.952248999999999,665.2132526666666,359.41513733333335,-168.6338005,396.9463865,211.1434565,-36.003324500000005,412.555522,438.5633125,-31.869813,-61.10360000000003,24.067590999999993
4.952353333333335,665.2422836666667,359.3705303333333,-168.830951,397.5044105,210.165291,-36.23175,412.32098399999995,437.6235745,-31.778630000000003,-61.260238000000015,23.78608300000002
4.951941666666666,665.2710069999999,359.32526866666666,-169.0341525,398.075271,209.17175600000002,-36.461785,412.083298,436.6636465,-31.685941999999997,-61.417254000000014,23.49804499999999
4.950976666666666,665.2993816666666,359.27936466666665,-169.24352499999998,398.659114,208.16337149999998,-36.693196,411.84243549999997,435.683844,-31.591672000000003,-61.57463100000001,23.203039999999987
4.949422,665.3273633333333,359.2328293333333,-169.459186,399.2561095,207.140645,-36.925799999999995,411.59837500000003,434.68449999999996,-31.495731999999997,-61.73236800000001,22.900609999999972
4.947242333333333,665.3549063333334,359.18567566666667,-169.6812535,399.8664565,206.10406799999998,-37.1594645,411.3511055,433.6659575,-31.398032999999998,-61.89047899999997,22.59028699999999
4.9444023333333345,665.3819606666667,359.1379153333334,-169.909844,400.490384,205.05411,-37.394116,411.100622,432.62856550000004,-31.298484,-62.04898600000001,22.27160299999997
4.940869000000002,665.4084753333333,359.0895613333333,-170.14507650000002,401.1281495,203.99121200000002,-37.629740999999996,410.84692800000005,431.57267,-31.197004,-62.20791600000001,21.944092000000012
4.9366086666666655,665.4343950000001,359.0406276666667,-170.387067,401.780045,202.915783,-37.866389999999996,410.5900365,430.498606,-31.093523999999995,-62.36728900000003,21.607305999999994
4.931588333333332,665.4596633333333,358.99112766666667,-170.635932,402.4463905,201.828193,-38.104181499999996,410.329965,429.40669449999996,-30.987997,-62.527128000000005,21.26082100000002
4.925776666666668,665.4842203333333,358.941076,-170.89178850000002,403.127539,200.7287735,-38.343301,410.066738,428.297233,-30.8804,-62.687433999999996,20.904246
4.919142666666667,665.508004,358.89048733333334,-171.15475500000002,403.8238715,199.617813,-38.584002,409.8003835,427.170488,-30.770738,-62.84819900000002,20.537229999999965
4.911657333333333,665.530949,358.8393773333333,-171.4249475,404.5357965,198.4955535,-38.826605,409.53093,426.026695,-30.659058,-63.009388,20.15947399999999
4.9032903333333335,665.5529883333334,358.787763,-171.7024835,405.26374799999996,197.3621925,-39.071498,409.2584065,424.86604750000004,-30.54544,-63.17094500000002,19.770733000000007
4.894015333333335,665.5740526666667,358.73566200000005,-171.98748,406.008181,196.2178825,-39.31913,408.98283849999996,423.6886985,-30.430016,-63.332783000000006,19.370825000000025
4.883805333333334,665.5940703333332,358.6830913333333,-172.2800515,406.7695665,195.06273199999998,-39.5700095,408.7042435,422.494752,-30.312960999999998,-63.49478099999999,18.959640000000036
4.872634666666666,665.6129669999999,358.630072,-172.580312,407.548388,193.89680950000002,-39.824699,408.42263,421.2842665,-30.194504,-63.656785999999954,18.537135000000035
4.860479333333333,665.630667,358.5766246666667,-172.88837,408.345136,192.720145,-40.0838085,408.1379925,420.05725,-30.074923000000002,-63.81860500000005,18.103349999999978
4.8473180000000005,665.6470926666666,358.522771,-173.20433250000002,409.160298,191.5327375,-40.347988,407.8503055,418.81366249999996,-29.954556,-63.980008999999995,17.658402999999964
4.833129666666667,665.662164,358.46853600000003,-173.528296,409.99435700000004,190.33455750000002,-40.6179225,407.559525,417.5534165,-29.833791,-64.14072999999996,17.202495
4.817895999999999,665.6758013333333,358.4139456666667,-173.860353,410.8477765,189.12555700000001,-40.8943195,407.26557749999995,416.2763825,-29.713078999999997,-64.30045899999999,16.735906999999997
4.801601000000001,665.6879213333333,358.359028,-174.200582,411.721001,187.905676,-41.177901500000004,406.96835999999996,414.9823885,-29.592919000000002,-64.45885200000004,16.259008999999992
4.784230333333332,665.6984413333333,358.30381333333327,-174.54904900000002,412.614437,186.674849,-41.4693985,406.66773450000005,413.6712305,-29.473869,-64.61552499999999,15.77225100000004
4.765774666666667,665.7072770000001,358.2483363333333,-174.9058045,413.528455,185.4330165,-41.769534,406.36352450000004,412.342677,-29.356538,-64.770059,15.276160000000004
4.746224666666667,665.714344,358.192632,-175.27087799999998,414.4633705,184.1801355,-42.0790165,406.05551,410.996477,-29.241585,-64.92200599999995,14.771346000000051
4.725578333333334,665.7195573333333,358.13674033333336,-175.64427799999999,415.4194415,182.91618449999999,-42.3985325,405.7434265,409.63237000000004,-29.129717000000003,-65.07088299999998,14.258489999999995
4.7038340000000005,665.7228323333334,358.080705,-176.025986,416.3968565,181.64117950000002,-42.7287315,405.4269585,408.250096,-29.021683,-65.216183,13.738341999999989
4.680997666666666,665.7240836666666,358.0245723333333,-176.415953,417.3957255,180.35517950000002,-43.07022,405.1057405,406.84940700000004,-28.918271999999998,-65.35737499999999,13.211711999999977
4.657075999999999,665.7232273333333,357.9683936666666,-176.8140965,418.416074,179.0582985,-43.4235525,404.77935149999996,405.430079,-28.820307,-65.49391099999997,12.679471999999976
4.6320853333333325,665.7201799999999,357.91222466666665,-177.2202985,419.4578325,177.750717,-43.789222,404.447318,403.9919235,-28.728640000000002,-65.625226,12.142539
4.606045000000001,665.7148583333334,357.8561256666667,-177.63439599999998,420.5208315,176.4326865,-44.167655,404.10910850000005,402.534803,-28.644144,-65.750743,11.601867999999968
4.578979333333334,665.7071816666667,357.80016133333334,-178.056186,421.60479499999997,175.104542,-44.559203,403.764137,401.058641,-28.567709999999998,-65.86988399999996,11.058449999999993
4.550922000000001,665.6970696666667,357.74440266666664,-178.4854145,422.709334,173.7667075,-44.964142,403.4117615,399.56343749999996,-28.500236000000005,-65.98206499999998,10.513293000000033
4.521910666666667,665.6844433333333,357.6889253333333,-178.921776,423.83394350000003,172.419704,-45.382665,403.05128549999995,398.0492795,-28.442624000000002,-66.08670699999999,9.967417000000012
4.491992666666667,665.6692263333333,357.6338123333333,-179.364915,424.9780015,171.064153,-45.8148825,402.6819625,396.516356,-28.395765,-66.18323899999996,9.421840000000032
4.461219999999999,665.6513433333333,357.57915,-179.814417,426.1407645,169.7007825,-46.2608195,402.30299249999996,394.9649665,-28.360538999999996,-66.27110299999998,8.877570999999989
4.429655333333333,665.6307216666668,357.5250336666666,-180.2698105,427.3213695,168.33042949999998,-46.7204205,401.91353349999997,393.395532,-28.337798999999997,-66.34975700000001,8.335594000000015
4.397367,665.6072896666666,357.471563,-180.7305655,428.518833,166.95404,-47.1935475,401.512696,391.8086035,-28.328367,-66.41868199999999,7.7968570000000454
4.364434,665.580979,357.41884400000004,-181.19609400000002,429.7320575,165.57267,-47.679987499999996,401.09955349999996,390.20486900000003,-28.333020999999995,-66.47738299999997,7.262264000000016
4.330941333333333,665.5517216666666,357.3669903333334,-181.6657475,430.959832,164.18748349999998,-48.179452999999995,400.6731445,388.58515750000004,-28.352489999999996,-66.525397,6.732654999999966
4.296984666666668,665.5194533333333,357.3161206666667,-182.138822,432.20084099999997,162.79974900000002,-48.691591,400.232475,386.950444,-28.387439999999998,-66.56229400000001,6.2088039999999864
4.262667333333334,665.4841106666667,357.26636033333335,-182.614555,433.4536675,161.4108345,-49.2159915,399.7765275,385.3018475,-28.438468999999998,-66.58768099999998,5.691403000000037
4.228101333333333,665.4456319999999,357.21784066666663,-183.09213499999998,434.716803,160.0222,-49.7521915,399.30426250000005,383.6406305,-28.506095000000002,-66.601205,5.18105300000002
4.193407666666665,665.403957,357.17069799999996,-183.570699,435.98865850000004,158.63539250000002,-50.2996845,398.81462250000004,381.96819300000004,-28.590753,-66.60255899999999,4.678253999999981
4.158715,665.3590283333333,357.125075,-184.049341,437.26757150000003,157.25203199999999,-50.85793149999999,398.30654000000004,380.286068,-28.692778999999994,-66.59148199999998,4.183396000000016
4.124162,665.3107883333333,357.0811193333334,-184.52711499999998,438.55182,155.873805,-51.426371,397.7789415,378.595908,-28.812412000000002,-66.56776099999996,3.6967559999999935
4.089892333333334,665.2591806666667,357.0389823333333,-185.003047,439.83963200000005,154.5024505,-52.004422500000004,397.2307485,376.8994745,-28.949781,-66.53123500000004,3.218484999999987
4.056058666666666,665.204151,356.99881933333336,-185.476134,441.12920099999997,153.139747,-52.5915025,396.660886,375.198623,-29.104902999999993,-66.48179600000003,2.748609999999985
4.022821333333334,665.145645,356.96078900000003,-185.9453605,442.4186955,151.787499,-53.1870315,396.068284,373.49528499999997,-29.277681,-66.41939000000002,2.2870260000000258
3.990345,665.0836083333334,356.925053,-186.40970349999998,443.706276,150.447523,-53.790439500000005,395.451883,371.791447,-29.467897,-66.344018,1.8334999999999582
3.9588023333333333,665.0179876666667,356.89177366666667,-186.86814099999998,444.99010699999997,149.121632,-54.4011795,394.8106355,370.0891295,-29.67521099999999,-66.25573700000001,1.3876670000000217
3.928369666666667,664.94873,356.8611143333333,-187.3196675,446.268369,147.811621,-55.018728499999995,394.14351050000005,368.390364,-29.899168999999993,-66.15465699999999,0.9490340000000401
3.8992276666666665,664.8757813333333,356.83323866666666,-187.76329850000002,447.53927550000003,146.519249,-55.642598,393.449498,366.6971665,-30.139191999999994,-66.04094599999996,0.5169830000000388
3.87156,664.7990896666666,356.80830833333334,-188.19808749999999,448.801084,145.2462285,-56.272338000000005,392.7276075,365.011512,-30.394591999999996,-65.91482100000002,0.0907839999999851
3.845553333333333,664.7186003333333,356.78648233333337,-188.6231305,450.05210750000003,143.9942065,-56.907540999999995,391.9768765,363.3353075,-30.664566,-65.77655300000004,-0.3304090000000315
3.8213956666666657,664.6342606666667,356.7679173333333,-189.03758499999998,451.29073,142.764752,-57.547843,391.196367,361.67036199999995,-30.948214000000007,-65.62645800000001,-0.74753800000002
3.7992756666666665,664.5460163333333,356.7527636666667,-189.4406745,452.51541499999996,141.5593415,-58.192930000000004,390.38517,360.01836349999996,-31.244538000000006,-65.464902,-1.1616369999999847
3.779380666666667,664.4538143333333,356.74116699999996,-189.831703,453.724717,140.3793485,-58.8425325,389.542408,358.380848,-31.552454999999995,-65.29229000000004,-1.5738140000000271
3.7618970000000007,664.3576013333334,356.733265,-190.210062,454.91729250000003,139.22602949999998,-59.4964285,388.667237,356.759176,-31.870807,-65.10906399999999,-1.985238000000038
3.747007,664.257325,356.72918766666663,-190.5752425,456.091906,138.1005155,-60.15444,387.7588455,355.1545065,-32.198378000000005,-64.91569900000002,-2.3971270000000118
3.7348910000000006,664.1529326666667,356.72905399999996,-190.92684200000002,457.24744,137.003803,-60.816432,386.81645849999995,353.567772,-32.533902,-64.71269699999999,-2.8107279999999832
3.725722333333334,664.0443733333333,356.732974,-191.2645715,458.382901,135.9367455,-61.482303,385.8393365,351.999662,-32.87607800000001,-64.50057900000002,-3.2273040000000037
3.7196683333333325,663.9315986666667,356.74104500000004,-191.5882615,459.49742100000003,134.90005100000002,-62.151988,384.82677950000004,350.4505995,-33.22358800000001,-64.27988099999999,-3.6481109999999717
3.7168910000000004,663.8145603333334,356.7533506666667,-191.8978655,460.5902655,133.8942755,-62.8254445,383.7781245,348.920727,-33.575109000000005,-64.05114500000002,-4.074389999999994
3.717540666666667,663.6932153333333,356.769961,-192.1934655,461.660834,132.919821,-63.502652499999996,382.6927485,347.4098955,-33.929328999999996,-63.814910999999995,-4.507340999999997
3.7217623333333343,663.5675213333334,356.7909313333333,-192.47526950000002,462.7086585,131.97693800000002,-64.183603,381.57007,345.91765,-34.284968,-63.57171199999999,-4.9481119999999805
3.729686666666666,663.437441,356.8163006666667,-192.74361349999998,463.733408,131.0657235,-64.86829300000001,380.4095485,344.443227,-34.640784000000004,-63.322063000000014,-5.3977820000000065
3.7414356666666673,663.3029419999999,356.846092,-192.99895600000002,464.73487950000003,130.186128,-65.5567185,379.210683,342.9855505,-34.995591,-63.06645400000002,-5.857347000000004
3.757118333333334,663.1639963333333,356.8803096666666,-193.241875,465.71300099999996,129.33795750000002,-66.248863,377.97301849999997,341.54323350000004,-35.348276,-62.805345000000045,-6.327702999999985
3.7768313333333325,663.0205826666667,356.9189410000001,-193.4730615,466.6678195,128.520882,-66.94469749999999,376.696141,340.11458300000004,-35.697807,-62.53914800000001,-6.809641999999997
3.8006576666666674,662.8726856666666,356.96195566666665,-193.69331,467.5995015,127.7344425,-67.6441655,375.379682,338.6976055,-36.043245000000006,-62.26823200000001,-7.303836999999987
3.8286653333333334,662.7202986666666,357.00930466666665,-193.9035085,468.50832,126.9780615,-68.347183,374.02331749999996,337.290023,-36.383754,-61.992909,-7.810832000000005
3.8609099999999987,662.5634203333334,357.060919,-194.1046265,469.3946475,126.25105249999999,-69.0536295,372.6267685,335.8892865,-36.718607,-61.71342699999997,-8.33104499999996
3.897431000000001,662.4020609999999,357.1167126666667,-194.29770150000002,470.25894600000004,125.5526325,-69.76334299999999,371.189804,334.49259400000005,-37.047194000000005,-61.42996599999998,-8.864754000000005
3.938252666666667,662.2362383333334,357.17658066666667,-194.483822,471.101756,124.8819325,-70.476119,369.712242,333.0969165,-37.369023999999996,-61.14263200000005,-9.412103000000002
3.983384333333334,662.065979,357.2404003333333,-194.66411499999998,471.923682,124.238014,-71.19170249999999,368.19394950000003,331.69901749999997,-37.683724999999995,-60.85145700000004,-9.973100999999986
4.032820333333334,661.891321,357.30803066666675,-194.839725,472.7253835,123.619879,-71.90979,366.63484800000003,330.295483,-37.991046000000004,-60.55638800000003,-10.547623999999985
4.086539999999999,661.7123103333333,357.37931366666663,-195.0117965,473.50755849999996,123.02648300000001,-72.630027,365.0349115,328.882754,-38.290853999999996,-60.25729100000001,-11.135422000000005
4.144507333333332,661.5290060000001,357.454076,-195.1814595,474.270932,122.4567525,-73.3520065,363.394173,327.4571515,-38.58312899999999,-59.953952000000015,-11.736125000000015
4.206672,661.3414743333333,357.532128,-195.349807,475.0162415,121.9095915,-74.075272,361.712727,326.0149165,-38.86795800000001,-59.64607199999995,-12.349249000000043
4.272969,661.1497933333334,357.613266,-195.5178775,475.74422400000003,121.38390050000001,-74.799319,359.99073250000004,324.552237,-39.145526000000004,-59.33327700000001,-12.974214000000018
4.343321333333333,660.9540506666666,357.69727200000005,-195.6866395,476.455601,120.87858299999999,-75.523597,358.2284185,323.06528849999995,-39.416106,-59.015112999999985,-13.610344999999995
4.4176373333333325,660.7543416666666,357.78391733333336,-195.8569745,477.15106649999996,120.3925585,-76.247513,356.426088,321.5502655,-39.680052,-58.69105999999999,-14.256892999999991
4.495813,660.5507716666667,357.87296100000003,-196.02965849999998,477.8312755,119.92477149999999,-76.9704365,354.58412450000003,320.0034145,-39.93778100000001,-58.36053099999998,-14.913043000000016
4.577734,660.343454,357.96415333333334,-196.205354,478.4968325,119.474198,-77.6917035,352.702997,318.421071,-40.18976899999999,-58.02288400000003,-15.577927999999986
4.663274666666665,660.1325083333332,358.05723566666666,-196.384592,479.14828,119.0398555,-78.4106225,350.783268,316.7996885,-40.43652900000001,-57.677430000000015,-16.25063899999998
4.752299999999999,659.9180603333333,358.15194233333335,-196.5677665,479.7860925,118.62080649999999,-79.1264785,348.825599,315.135873,-40.67860700000001,-57.323442,-16.93024200000002
4.844664666666667,659.70024,358.2480033333333,-196.755123,480.410665,118.21616,-79.8385395,346.8307565,313.4264085,-40.916560999999994,-56.96016900000001,-17.615789000000007
4.940217666666666,659.479183,358.3451436666667,-196.946756,481.0223125,117.825077,-80.54606150000001,344.799621,311.6682865,-41.150953,-56.58684000000005,-18.306322999999963
5.038799666666667,659.255025,358.44308666666666,-197.1426045,481.6212605,117.44676949999999,-81.248296,342.733196,309.8587285,-41.38234,-56.20268400000003,-19.000895000000014
5.1402453333333336,659.0279033333333,358.5415533333333,-197.34245199999998,482.207646,117.0804995,-81.94449,340.632609,307.99521000000004,-41.611256,-55.80694,-19.69856199999998
5.244386000000001,658.7979553333333,358.6402666666667,-197.5459275,482.781516,116.725577,-82.6338955,338.4991265,306.075478,-41.838210999999994,-55.39886899999999,-20.39840799999996
5.351046666666666,658.5653156666666,358.73895100000004,-197.75251300000002,483.3428295,116.38135500000001,-83.31577300000001,336.3341525,304.097568,-42.063676,-54.97776499999998,-21.099530000000016
5.4600523333333335,658.3301156666666,358.837333,-197.961546,483.8914585,116.047226,-83.9893905,334.13924,302.059817,-42.288079,-54.54297200000002,-21.801060000000007
5.5712236666666675,658.0924816666667,358.9351433333333,-198.172232,484.4271945,115.72261649999999,-84.65403450000001,331.9160935,299.960875,-42.511799,-54.093890999999985,-22.502152000000024
5.684381333333334,657.852534,359.0321206666667,-198.38365399999998,484.94975450000004,115.40697800000001,-85.309005,329.66657299999997,297.7997095,-42.735164,-53.62999599999995,-23.20199100000002
5.799346333333332,657.6103846666666,359.12800799999997,-198.5947855,485.45878700000003,115.0997815,-85.9536205,327.3926965,295.575614,-42.95844500000001,-53.15084300000001,-23.899786000000006
5.9159386666666665,657.3661373333334,359.2225566666666,-198.8045055,485.9538825,114.8005115,-86.5872205,325.09664250000003,293.288206,-43.18185700000001,-52.656079000000034,-24.59477000000004
6.033981000000001,657.1198846666667,359.315527,-199.0116135,486.43458350000003,114.50865399999999,-87.209164,322.780749,290.93743,-43.405562,-52.14545199999998,-25.286198000000013
6.153297000000001,656.8717089999999,359.40668966666664,-199.2148435,486.9003945,114.2236945,-87.818829,320.4475085,288.523552,-43.629664000000005,-51.618818999999974,-25.973340000000007
6.273714000000001,656.6216803333333,359.4958236666667,-199.41288600000001,487.35079199999996,113.94510600000001,-88.415615,318.0995715,286.04715550000003,-43.85422,-51.07615100000004,-26.655476999999962
6.395061666666667,656.3698556666667,359.582721,-199.604399,487.78523900000005,113.672346,-88.998938,315.739732,283.509133,-44.079238000000004,-50.51754,-27.331899999999962
6.517173333333335,656.116279,359.66718433333335,-199.78803,488.203194,113.404848,-89.56823449999999,313.370926,280.9106785,-44.304683,-49.94320000000005,-28.001892999999995
6.639886666666666,655.8609803333334,359.74902933333334,-199.962428,488.6041235,113.1420195,-90.122955,310.99622,278.25327649999997,-44.530485999999996,-49.35347200000001,-28.664746999999977
6.763043000000001,655.6039756666668,359.82808433333327,-200.1262625,488.9875135,112.88323600000001,-90.662565,308.6187975,275.53869,-44.75654399999999,-48.74882299999996,-29.319737999999973
6.886488666666668,655.3452676666667,359.90418900000003,-200.2782365,489.3528785,112.6278385,-91.186543,306.24194650000004,272.768948,-44.982730000000004,-48.129841,-29.966133999999954
7.010074666666665,655.0848446666668,359.9771986666667,-200.4171,489.69977400000005,112.375135,-91.6943785,303.869045,269.9463305,-45.208901,-47.49724199999997,-30.60319100000001
7.133657333333332,654.8226813333333,360.04698,-200.5416625,490.027801,112.1243945,-92.18557,301.503542,267.0733555,-45.4349,-46.851854,-31.230146999999988
7.257096333333334,654.5587406666667,360.1134143333333,-200.650804,490.33661700000005,111.8748535,-92.65962300000001,299.148939,264.152762,-45.660566,-46.19462199999998,-31.846226
7.380258666666666,654.2929716666666,360.176396,-200.7434825,490.625941,111.62571650000001,-93.1160505,296.80877,261.187494,-45.88573500000001,-45.52659399999999,-32.45063399999998
7.503015333333334,654.025314,360.235834,-200.81874249999998,490.8955575,111.376158,-93.5543695,294.4865795,258.18068600000004,-46.110257000000004,-44.848915000000034,-33.04256800000002
7.625241666666668,653.755696,360.29164999999995,-200.875721,491.14532299999996,111.1253275,-93.9741015,292.1859025,255.1356445,-46.33398700000001,-44.16282100000001,-33.62120900000002
7.746818999999999,653.484036,360.3437780000001,-200.91365000000002,491.375164,110.8723555,-94.3747695,289.9102355,252.0558305,-46.55680100000001,-43.469622999999956,-34.18573300000003
7.867633666666667,653.2102456666667,360.39216733333336,-200.93186300000002,491.585082,110.616359,-94.755902,287.663022,248.9448425,-46.778594,-42.77070200000003,-34.73531299999999
7.987576999999999,652.93423,360.4367783333334,-200.92979050000002,491.77515,110.356447,-95.1170285,285.44762249999997,245.8064015,-46.999285,-42.067488999999966,-35.269125
8.106544333333336,652.6558873333333,360.47758500000003,-200.90696450000002,491.9455115,110.0917295,-95.4576835,283.267294,242.644327,-47.218823,-41.36146600000001,-35.78635400000002
8.224436666666668,652.3751139999999,360.514573,-200.8630145,492.09638,109.821322,-95.7774045,281.125169,239.46252399999997,-47.437185,-40.654138000000046,-36.286197999999985
8.341158666666667,652.091804,360.54774066666664,-200.797668,492.22803250000004,109.5443575,-96.0757365,279.02423250000004,236.264964,-47.654377,-39.94703499999997,-36.76787999999999
8.456621666666665,651.8058483333333,360.57709700000004,-200.710744,492.3408045,109.2599885,-96.352229,276.96730249999996,233.05566499999998,-47.87044,-39.24168900000001,-37.23065
8.570739666666666,651.5171409999999,360.60266299999995,-200.602153,492.435089,108.967398,-96.606443,274.957012,229.838672,-48.085443999999995,-38.53962600000003,-37.67379599999998
8.683432333333332,651.2255783333334,360.6244696666667,-200.4718905,492.511324,108.6658075,-96.8379515,272.9957915,226.618042,-48.299491,-37.842355,-38.096648000000016
8.794622666666665,650.9310586666667,360.64255899999995,-200.3200315,492.56999199999996,108.3544795,-97.04634,271.0858555,223.3978215,-48.51271,-37.151351000000034,-38.49858499999999
8.904240666666665,650.633487,360.6569826666667,-200.1467315,492.61161,108.03272950000002,-97.23121499999999,269.229188,220.18203,-48.72525800000001,-36.468052,-38.87904400000002
9.012218333333333,650.332775,360.66780133333333,-199.9522135,492.63672399999996,107.699928,-97.3922015,267.427533,216.97464200000002,-48.937315,-35.79384400000001,-39.23752399999998
9.118494,650.0288406666667,360.67508466666663,-199.73677199999997,492.64590450000003,107.355507,-97.5289535,265.682388,213.7795655,-49.149079,-35.13004999999998,-39.57359099999999
9.223010666666667,649.7216123333334,360.67891133333336,-199.500762,492.6397365,106.9989655,-97.6411515,263.994994,210.6006295,-49.360766999999996,-34.47792599999997,-39.88688300000001
9.325714666666668,649.4110276666667,360.6793666666667,-199.244599,492.618814,106.6298745,-97.7285125,262.366338,207.4415625,-49.572601000000006,-33.83865,-40.17711700000001
9.426558666666667,649.0970350000001,360.6765453333333,-198.968754,492.58374,106.24787849999998,-97.79079200000001,260.7971465,204.30597699999998,-49.784812,-33.213314999999966,-40.444086
9.525499333333334,648.7795956666668,360.67054733333333,-198.67375,492.53511249999997,105.85270200000001,-97.8277895,259.287892,201.19735450000002,-49.997629,-32.60292800000002,-40.68767299999999
9.622499666666664,648.4586823333333,360.6614796666667,-198.360158,492.473528,105.44414800000001,-97.839353,257.838793,198.1190305,-50.21127200000001,-32.00839799999997,-40.90784099999999
9.717526666666666,648.1342813333333,360.64945500000005,-198.028596,492.39957449999997,105.022104,-97.825385,256.44982100000004,195.0741795,-50.42595,-31.430540000000008,-41.10464099999999
9.810552666666666,647.806393,360.6345926666667,-197.67972650000002,492.313827,104.58654100000001,-97.7858475,255.12071,192.065804,-50.64184900000001,-30.87006600000001,-41.278220000000005
9.901556666666666,647.4750300000001,360.6170153333333,-197.3142525,492.2168475,104.137515,-97.7207655,253.85096449999998,189.096722,-50.85913099999999,-30.327586999999966,-41.42880600000001
9.990522,647.1402206666667,360.5968513333333,-196.932917,492.1091835,103.6751665,-97.630233,252.639869,186.1695585,-51.077926000000005,-29.803609999999992,-41.556723000000005
10.077437666666667,646.8020066666667,360.57423300000005,-196.536499,491.99136250000004,103.1997225,-97.51441700000001,251.48650650000002,183.28673750000002,-51.298323999999994,-29.298539000000034,-41.662383000000005
10.162299666666668,646.4604443333333,360.549295,-196.125816,491.8638985,102.71149249999999,-97.37356199999999,250.389766,180.45047399999999,-51.52037,-28.812678000000005,-41.746283999999974
10.245108666666665,646.1156036666666,360.52217633333333,-195.7017175,491.727284,102.21087,-97.207993,249.3483615,177.6627695,-51.744066000000004,-28.346228999999994,-41.80901499999999
10.325871333333334,645.7675680000001,360.49301833333334,-195.265084,491.5819975,101.6983295,-97.018119,248.3608465,174.925412,-51.969356000000005,-27.899293,-41.85124999999999
10.404601666666666,645.4164333333333,360.4619646666667,-194.816828,491.428497,101.1744215,-96.804434,247.42563,172.239971,-52.196132000000006,-27.47187999999997,-41.87374399999999
10.481319000000001,645.0623103333334,360.42916066666663,-194.357888,491.267229,100.63977450000002,-96.567523,246.54099250000002,169.6078,-52.424228,-27.06390300000001,-41.87733
10.556047,644.7053196666667,360.3947523333334,-193.8892265,491.09862250000003,100.0950875,-96.30805699999999,245.7051055,167.030039,-52.653418,-26.675193000000007,-41.86292
10.628819666666667,644.3455946666667,360.358888,-193.41183,490.923093,99.541128,-96.026799,244.9160435,164.50761749999998,-52.883421999999996,-26.30549099999999,-41.83149499999999
10.699672999999999,643.9832793333334,360.3217153333333,-192.92670249999998,490.74104550000004,98.978726,-95.7245995,244.1718055,162.04126000000002,-53.113899,-25.954463000000032,-41.784099999999995
10.768650666666666,643.6185266666666,360.2833823333333,-192.4348625,490.55287250000003,98.40876899999999,-95.402398,243.4703275,159.6314935,-53.344458,-25.621701,-41.72184099999998
10.835802666666666,643.2515006666666,360.24403666666666,-191.9373405,490.3589575,97.832198,-95.061218,242.809501,157.278656,-53.574658,-25.306725999999998,-41.645876000000015
10.901184666666666,642.8823716666666,360.20382566666666,-191.435174,490.159675,97.249999,-94.702165,242.187184,154.982904,-53.804012,-25.00899800000002,-41.55740800000001
10.964857,642.5113186666666,360.16289466666666,-190.9294025,489.9553915,96.6632,-94.326424,241.6012195,152.744225,-54.03199599999999,-24.727923000000004,-41.45767799999999
11.026888,642.1385253333333,360.12138899999997,-190.421062,489.7464655,96.0728595,-93.9352505,241.049446,150.56244650000002,-54.258055,-24.462851999999998,-41.347950999999995
11.087347666666666,641.764182,360.07945166666667,-189.9111835,489.533249,95.480065,-93.52996999999999,240.52971100000002,148.43725,-54.481612,-24.213093999999984,-41.229512
11.146314333333331,641.3884833333334,360.03722166666665,-189.400782,489.3160865,94.8859185,-93.1119655,240.039884,146.368179,-54.702077,-23.977919999999983,-41.103656
11.203869666666668,641.0116273333333,359.99483733333335,-188.890855,489.09531649999997,94.29153600000001,-92.68267750000001,239.57786349999998,144.3546555,-54.918853,-23.75656699999999,-40.97167300000001
11.260099333333335,640.633814,359.9524343333333,-188.38237700000002,488.871268,93.6980365,-92.243588,239.141591,142.395991,-55.13135199999999,-23.548249999999996,-40.834841999999995
11.315094666666667,640.2552456666666,359.91014399999995,-187.876292,488.64426449999996,93.1065335,-91.79621900000001,238.72905500000002,140.4913965,-55.33899799999999,-23.352163999999988,-40.694417
11.368949666666666,639.876124,359.86809366666665,-187.3735085,488.414619,92.51813,-91.3421195,238.3383025,138.639998,-55.541241,-23.16748899999999,-40.55162
11.421761333333334,639.4966526666666,359.826409,-186.8748965,488.1826365,91.9339095,-90.882858,237.967443,136.8408435,-55.737562,-22.993398000000013,-40.407627000000005
11.473630666666667,639.117032,359.78520899999995,-186.3812795,487.94861149999997,91.354927,-90.420012,237.614656,135.09292,-55.927488000000004,-22.829064000000017,-40.26356200000001
11.52466066666667,638.7374613333333,359.7446096666666,-185.89343350000001,487.712828,90.7822075,-89.9551615,237.27819449999998,133.3951575,-56.110593,-22.673665,-40.12048299999999
11.574956666666667,638.3581383333334,359.7047206666667,-185.4120795,487.47555850000003,90.216735,-89.4898745,236.9563885,131.7464435,-56.286507,-22.526385000000005,-39.97938099999999
11.624624333333331,637.9792566666666,359.6656476666667,-184.937882,487.23706400000003,89.659449,-89.025702,236.647649,130.1456295,-56.454922,-22.386428000000024,-39.841167
11.673772666666665,637.6010056666667,359.6274916666667,-184.4714455,486.9975925,89.111238,-88.564166,236.3504715,128.591538,-56.615596000000004,-22.253011000000015,-39.70666600000001
11.722509,637.2235706666667,359.59034599999995,-184.01331249999998,486.75738,88.5729355,-88.1067525,236.0634325,127.082975,-56.76835500000001,-22.12537900000001,-39.576617999999996
11.770942,636.8471316666665,359.5542996666666,-183.563962,486.51664949999997,88.045316,-87.654902,235.78519749999998,125.61873,-56.913096,-22.002801000000005,-39.451668
11.819179666666669,636.4718643333334,359.5194346666667,-183.1238075,486.275613,87.5290925,-87.20999950000001,235.51451600000001,124.197587,-57.049785,-21.88458,-39.33236599999999
11.867328666666666,636.0979373333333,359.485827,-182.6932005,486.0344675,87.024913,-86.77337299999999,235.2502235,122.8183265,-57.178456,-21.770049,-39.219172999999984
11.915494333333333,635.7255136666668,359.4535456666667,-182.272424,485.79340149999996,86.533357,-86.346278,234.99124,121.479731,-57.29920799999999,-21.65858,-39.112449999999995
11.96378,635.354749,359.42265333333336,-181.8617025,485.5525925,86.0549395,-85.929899,234.736571,120.1805885,-57.412206000000005,-21.54957999999999,-39.012471000000005
12.012286333333334,634.985794,359.3932053333333,-181.4611975,485.3122085,85.5901035,-85.5253375,234.485304,118.91969699999999,-57.517665,-21.442498,-38.91941999999999
12.061111666666664,634.6187906666668,359.36525066666667,-181.071014,485.07240950000005,85.1392245,-85.133614,234.236608,117.6958645,-57.615854,-21.336826000000002,-38.833400999999995
12.110350333333335,634.2538756666667,359.3388303333333,-180.69119899999998,484.833349,84.70260999999999,-84.755657,233.989731,116.507914,-57.707086000000004,-21.23209399999999,-38.75443799999999
12.160092666666666,633.8911766666666,359.31397799999996,-180.321751,484.5951755,84.2805005,-84.3923035,233.744001,115.3546855,-57.791706999999995,-21.12787800000001,-38.682489000000004
12.210424666666666,633.5308156666666,359.29072033333335,-179.9626205,484.358034,83.873069,-84.044295,233.4988205,114.235034,-57.870096,-21.023795000000007,-38.617446
12.261428,633.1729076666667,359.269077,-179.613715,484.122067,83.4804265,-83.712276,233.253665,113.14783700000001,-57.942648,-20.919505999999984,-38.55914800000001
12.313177999999999,632.8175593333333,359.24905900000005,-179.274903,483.887418,83.102619,-83.3967925,233.008084,112.0919915,-58.009771,-20.814711999999986,-38.50738700000001
12.365746999999999,632.4648713333333,359.2306713333333,-178.94602099999997,483.654229,82.739634,-83.0982915,232.761695,111.0664165,-58.071879,-20.709161999999992,-38.46191499999999
12.419198333333334,632.114938,359.21391133333333,-178.626874,483.42264750000004,82.391402,-82.8171215,232.514185,110.07005649999999,-58.129383,-20.602638000000013,-38.42245899999999
12.473591666666666,631.7678460000001,359.198768,-178.3172465,483.19282150000004,82.0577975,-82.5535315,232.265306,109.10188,-58.18268100000001,-20.494969999999995,-38.38871599999999
12.528979,631.4236766666667,359.185225,-178.0169015,482.9649055,81.738641,-82.3076745,232.01487250000002,108.160884,-58.232161,-20.386021,-38.360376
12.585405666666668,631.0825043333333,359.17325766666664,-177.72558750000002,482.739057,81.4337075,-82.079607,231.7627625,107.246093,-58.278186,-20.275699000000003,-38.337114
12.642912,630.744397,359.16283533333336,-177.44304449999998,482.5154415,81.1427225,-81.869294,231.508913,106.356562,-58.32109199999999,-20.16394199999999,-38.318612
12.701528333333334,630.4094183333333,359.15392066666664,-177.16900349999997,482.294228,80.8653685,-81.6766105,231.253318,105.49137999999999,-58.361188999999996,-20.050729999999987,-38.304546
12.761280666666666,630.0776259999999,359.14647033333335,-176.90319599999998,482.07559200000003,80.601287,-81.5013425,230.996027,104.64966749999999,-58.398753000000006,-19.93607400000002,-38.294607
12.822186333333333,629.7490716666667,359.14043466666664,-176.645352,481.859715,80.35008400000001,-81.34319550000001,230.737145,103.83058349999999,-58.434028999999995,-19.820021999999994,-38.288495
12.884256666666667,629.4238033333334,359.1357586666666,-176.3952065,481.64678349999997,80.111329,-81.2017955,230.476825,103.033324,-58.46722499999999,-19.702650000000006,-38.28592400000001
12.947493666666666,629.1018640000001,359.132382,-176.152502,481.4369875,79.884563,-81.07669250000001,230.215272,102.257126,-58.49851700000001,-19.584068000000002,-38.28662600000001
13.011894666666665,628.7832926666666,359.13023933333335,-175.91699,481.2305205,79.6692965,-80.96736949999999,229.95273500000002,101.5012675,-58.528048999999996,-19.464414000000005,-38.29034899999999
13.077448333333335,628.4681243333333,359.1292623333333,-175.68843199999998,481.0275795,79.4650195,-80.8732415,229.68950949999999,100.76506950000001,-58.55593499999999,-19.34385499999999,-38.296857
13.144136333333334,628.156391,359.12937566666665,-175.46660400000002,480.8283625,79.271199,-80.793667,229.425931,100.047899,-58.582257999999996,-19.222584000000012,-38.30593400000001
13.211935000000002,627.84812,359.13050433333336,-175.251295,480.6330645,79.0872865,-80.727948,229.1623735,99.3491705,-58.607079999999996,-19.100819,-38.31737699999999
13.280812666666668,627.5433373333334,359.13256666666666,-175.04231,480.4418825,78.91271950000001,-80.67533949999999,228.899247,98.6683415,-58.63043699999999,-18.978802,-38.330996999999996
13.350731666666668,627.2420666666667,359.1354813333333,-174.8394705,480.255009,78.746929,-80.635053,228.63699400000002,98.00492249999999,-58.652352,-18.856792000000013,-38.346616999999995
13.421647666666665,626.944327,359.139163,-174.64261299999998,480.0726305,78.5893375,-80.6062635,228.376086,97.35846699999999,-58.672833,-18.735074000000026,-38.36407200000001
13.493510333333333,626.6501383333333,359.1435263333333,-174.451591,479.8949285,78.4393695,-80.588116,228.117019,96.7285775,-58.69188,-18.613946,-38.38319899999999
13.566266,626.3595173333333,359.14848333333333,-174.2662765,479.722078,78.29645,-80.579729,227.860311,96.1149045,-58.709484,-18.493719999999996,-38.40384300000001
13.639852333333332,626.0724796666667,359.1539466666666,-174.08655499999998,479.5542425,78.16001299999999,-80.5802025,227.6064965,95.517141,-58.725640999999996,-18.374720999999994,-38.42585
13.714204666666667,625.789041,359.159828,-173.9123295,479.39157650000004,78.02950200000001,-80.5886235,227.35612500000002,94.9350235,-58.74034700000001,-18.257284,-38.44906499999999
13.789252666666668,625.509215,359.16604000000007,-173.7435185,479.234222,77.9043765,-80.604072,227.10975200000001,94.36832849999999,-58.753604,-18.14174799999998,-38.47332899999999
13.864922666666665,625.233014,359.1724963333333,-173.58005300000002,479.082308,77.7841145,-80.625626,226.8679385,93.81687,-58.765421999999994,-18.028458999999998,-38.49848
13.941135666666668,624.960453,359.1791109999999,-173.4218795,478.935949,77.6682155,-80.6523695,226.63124399999998,93.2804945,-58.775827,-17.917760000000015,-38.524349
14.017811666666669,624.6915446666667,359.18580066666664,-173.2689555,478.79524649999996,77.556205,-80.68339399999999,226.40022499999998,92.759077,-58.784858,-17.80999,-38.550758
14.094866666666666,624.4263026666666,359.1924836666667,-173.1212505,478.6602835,77.4476365,-80.717807,226.1754235,92.2525165,-58.792568,-17.705483000000015,-38.57752500000001
14.172214666666667,624.1647403333333,359.19907966666665,-172.978743,478.53112799999997,77.3420965,-80.7547385,225.9573705,91.7607295,-58.799027,-17.604558999999995,-38.604455
14.249766666666666,623.906873,359.20551300000005,-172.8414205,478.4078315,77.2392025,-80.7933415,225.7465755,91.283648,-58.804325,-17.50752700000001,-38.631348
14.327434333333334,623.6527159999999,359.2117093333333,-172.70927749999998,478.290427,77.138609,-80.83280099999999,225.543525,90.8212075,-58.808566,-17.414676000000014,-38.657995
14.405125666666668,623.4022846666667,359.2175986666666,-172.5823125,478.1789315,77.0400075,-80.8723355,225.3486755,90.3733465,-58.811873,-17.326276999999976,-38.684183000000004
14.482750666666668,623.1555963333334,359.223113,-172.460529,478.07334449999996,76.943126,-80.9112055,225.162452,89.9399965,-58.81438300000001,-17.242571999999996,-38.70969100000001
14.560217666666667,622.9126696666667,359.2281903333333,-172.3439315,477.97364949999996,76.8477305,-80.9487115,224.985243,89.521078,-58.81624500000001,-17.163775999999984,-38.734297999999995
14.637435333333334,622.6735233333334,359.2327696666666,-172.232525,477.8798125,76.7536265,-80.9842035,224.8173975,89.11649349999999,-58.817625,-17.090075000000013,-38.757783
14.714313666666667,622.4381783333333,359.23679633333336,-172.12631349999998,477.791784,76.660654,-81.017081,224.659221,88.726122,-58.818694,-17.02162199999998,-38.779923999999994
14.790763666666665,622.2066556666667,359.24021799999997,-172.025296,477.7095025,76.568691,-81.0467975,224.510974,88.349813,-58.819629000000006,-16.958533999999986,-38.80051
14.866696666666668,621.978978,359.24298833333336,-171.929469,477.632889,76.477648,-81.072863,224.372869,87.987382,-58.820612000000004,-16.90088800000001,-38.819332
14.942026,621.7551693333334,359.24506233333335,-171.8388195,477.56185500000004,76.3874665,-81.0948455,224.245069,87.638606,-58.821825,-16.848726,-38.836196
15.016669000000002,621.5352546666667,359.24640200000005,-171.7533275,477.4963,76.298119,-81.1123755,224.1276875,87.30322050000001,-58.82344499999999,-16.80204900000001,-38.85092300000001
15.090542333333337,621.3192596666667,359.2469713333333,-171.6729635,477.43611450000003,76.209601,-81.125144,224.02078699999998,86.98091600000001,-58.825642,-16.760818,-38.863352000000006
15.163567,621.1072113333333,359.246739,-171.5976855,477.38118,76.1219315,-81.132907,223.924377,86.671336,-58.828578,-16.724952000000002,-38.873341999999994
15.235666666666665,620.899136,359.2456783333333,-171.52743750000002,477.331374,76.0351465,-81.13548399999999,223.8384185,86.3740755,-58.832396,-16.694334999999995,-38.880779000000004
15.306766999999999,620.6950633333332,359.24376533333333,-171.4621505,477.286567,75.9492965,-81.13275949999999,223.762822,86.0886825,-58.837225000000004,-16.668808000000013,-38.885575
15.376797333333334,620.4950203333333,359.240981,-171.40174050000002,477.2466285,75.8644415,-81.1246815,223.6974485,85.8146565,-58.843173,-16.648177000000004,-38.88767300000001
15.44569066666667,620.2990356666667,359.2373089999999,-171.346104,477.211428,75.780646,-81.1112635,223.6421155,85.55145350000001,-58.850325000000005,-16.632213000000007,-38.887049000000005
15.513381333333333,620.1071390000001,359.232737,-171.295123,477.180834,75.697976,-81.0925785,223.596594,85.298484,-58.858737,-16.620654000000002,-38.88371599999999
15.579809666666668,619.9193573333333,359.2272556666667,-171.24865899999998,477.1547185,75.6164935,-81.068763,223.56061499999998,85.05512300000001,-58.86844,-16.61320600000002,-38.87772
15.644917000000001,619.7357196666667,359.220859,-171.20655399999998,477.1329585,75.5362535,-81.0400095,223.533869,84.8207075,-58.879431000000004,-16.609552000000008,-38.869151
15.708649333333334,619.5562526666666,359.2135436666667,-171.1686315,477.1154355,75.4572975,-81.00656699999999,223.51601449999998,84.5945475,-58.891679999999994,-16.609346999999985,-38.858132999999995
15.770955666666666,619.3809826666667,359.205311,-171.1346935,477.102038,75.3796545,-80.9687365,223.5066765,84.37593050000001,-58.905120999999994,-16.61222700000002,-38.84483300000001
15.831788000000003,619.2099353333333,359.1961616666667,-171.1045245,477.09266449999996,75.3033325,-80.9268675,223.505451,84.164125,-58.919658999999996,-16.61781400000001,-38.829454
15.891100333333334,619.0431339999999,359.1861016666667,-171.077887,477.087219,75.228319,-80.88135199999999,223.5119125,83.958391,-58.935162000000005,-16.62571299999999,-38.81224200000001
15.948852333333333,618.8806013333333,359.17513733333334,-171.054523,477.085618,75.154578,-80.832622,223.52561100000003,83.7579865,-58.951474,-16.635524000000004,-38.793475
16.005005,618.7223563333333,359.1632793333333,-171.034157,477.0877865,75.082049,-80.7811425,223.5460845,83.562175,-58.968401,-16.646840999999995,-38.773467999999994
16.059521666666665,618.5684186666666,359.1505376666667,-171.01649450000002,477.093659,75.0106445,-80.7274075,223.5728545,83.370231,-58.985727,-16.659255,-38.752566
16.11236866666667,618.4188026666667,359.13692599999996,-171.00122299999998,477.1031805,74.940248,-80.671932,223.6054335,83.181451,-59.003209999999996,-16.672365000000013,-38.731142
16.163515333333333,618.2735223333333,359.122458,-170.988013,477.116305,74.8707185,-80.6152465,223.643328,82.9951585,-59.020585000000004,-16.685771999999986,-38.70959500000001
16.21293233333333,618.1325876666667,359.10714966666666,-170.976521,477.1329945,74.8018875,-80.5578895,223.686044,82.8107105,-59.03757099999999,-16.699092000000007,-38.688339000000006
16.260594,617.996006,359.09101833333335,-170.966388,477.15321700000004,74.7335595,-80.5004035,223.7330855,82.62750700000001,-59.053871,-16.711951,-38.667804000000004
16.306474666666666,617.863781,359.07408200000003,-170.9572455,477.1769495,74.665519,-80.443326,223.783961,82.444993,-59.069182000000005,-16.723997999999995,-38.648424
16.350551333333332,617.735914,359.056359,-170.948714,477.204171,74.597526,-80.387181,223.8381865,82.2626665,-59.0832,-16.734898999999984,-38.630635
16.392802666666668,617.6124013333333,359.03786966666667,-170.940405,477.234864,74.529324,-80.3324765,223.895285,82.0800825,-59.095617,-16.744344000000012,-38.614867000000004
16.433208999999998,617.4932366666667,359.01863366666663,-170.93192699999997,477.26901150000003,74.46064050000001,-80.2796955,223.954792,81.8968555,-59.10613899999999,-16.752053999999987,-38.601532999999996
16.471751666666666,617.3784096666667,358.99867166666667,-170.9228835,477.3065955,74.3911915,-80.229288,224.0162565,81.7126655,-59.114486,-16.757777000000004,-38.59102300000001
16.508412333333336,617.2679056666667,358.97800566666666,-170.91288,477.347597,74.320686,-80.181669,224.07924350000002,81.527256,-59.120396,-16.761292999999995,-38.583702
16.54317466666667,617.1617053333333,358.95665633333334,-170.901523,477.39199,74.248829,-80.1372105,224.14333349999998,81.3404395,-59.12363899999999,-16.762417,-38.579893
16.576022333333334,617.0597876666667,358.93464566666665,-170.8884265,477.43974349999996,74.1753275,-80.0962385,224.20812899999999,81.152094,-59.12401500000001,-16.760998,-38.579874
16.606941666666668,616.9621233333334,358.91199466666666,-170.8732125,477.490817,74.09989300000001,-80.0590255,224.27325050000002,80.9621655,-59.121363,-16.75692699999999,-38.58386899999999
16.635916666666667,616.8686823333334,358.88872599999996,-170.855515,477.5451605,74.02224749999999,-80.0257925,224.338342,80.77066500000001,-59.115571,-16.750129999999984,-38.592045999999996
16.662934333333336,616.7794286666667,358.86485999999996,-170.83498550000002,477.602714,73.9421265,-79.9967,224.40306950000002,80.577668,-59.106574,-16.740575000000007,-38.6045
16.68798166666667,616.694321,358.84041866666666,-170.81129199999998,477.663404,73.8592855,-79.97185350000001,224.4671235,80.3833105,-59.094363,-16.728270999999978,-38.621261
16.711045666666667,616.6133163333334,358.8154233333333,-170.7841275,477.7271455,73.77350150000001,-79.951296,224.53021999999999,80.18778499999999,-59.078988,-16.713266000000004,-38.64227799999999
16.73211433333333,616.5363643333334,358.7898936666666,-170.753209,477.7938395,73.6845785,-79.9350135,224.5921025,79.991341,-59.060557,-16.695650999999998,-38.667422
16.751176333333333,616.4634116666667,358.7638513333333,-170.7182825,477.863376,73.59235,-79.9229345,224.6525395,79.794273,-59.039247,-16.675556999999998,-38.696482
16.768221,616.394401,358.7373153333333,-170.679127,477.93563,73.496681,-79.914931,224.71132749999998,79.596923,-59.015294000000004,-16.653153000000003,-38.729162
16.783238,616.32927,358.71030533333334,-170.6355555,478.0104675,73.3974735,-79.910827,224.7682915,79.3996725,-58.989,-16.628648999999996,-38.76508499999999
16.796218,616.267952,358.68283933333333,-170.5874215,478.087744,73.294664,-79.91039649999999,224.823286,79.20293699999999,-58.960729,-16.602285999999992,-38.80379599999999
16.807153,616.210376,358.65493666666663,-170.5346175,478.1673055,73.18822800000001,-79.9133755,224.8761945,79.0071595,-58.930903,-16.574344999999994,-38.844761000000005
16.816035666666668,616.1564683333332,358.6266146666667,-170.4770775,478.24899500000004,73.0781795,-79.919465,224.9269285,78.812809,-58.899998,-16.545135000000016,-38.88738000000001
16.822859,616.1061490000001,358.59788899999995,-170.414784,478.3326505,72.9645715,-79.92833900000001,224.97542950000002,78.620372,-58.86854,-16.51499099999998,-38.930986
16.827619666666667,616.059337,358.56877633333335,-170.34776399999998,478.418111,72.8474945,-79.939656,225.02166849999998,78.430346,-58.837094,-16.484273,-38.974862
16.830313,616.0159453333333,358.53929266666665,-170.2760935,478.505219,72.72707550000001,-79.9530645,225.06564500000002,78.24324,-58.806261,-16.453360000000004,-39.018249999999995
16.830938333333332,615.975885,358.509452,-170.19989950000001,478.5938235,72.603477,-79.9682155,225.10738800000001,78.059564,-58.776663000000006,-16.422646000000015,-39.060358
16.829495666666666,615.939062,358.47926766666666,-170.1193545,478.6837865,72.476893,-79.98477199999999,225.146954,77.87982600000001,-58.748936,-16.39253199999999,-39.100382
16.825987333333334,615.9053816666666,358.448754,-170.0346855,478.77498249999996,72.34754600000001,-80.00242,225.184425,77.7045315,-58.723714,-16.36342400000001,-39.137517
16.820418,615.8747446666666,358.41792300000003,-169.946167,478.867309,72.2156865,-80.02088,225.21991200000002,77.53417449999999,-58.701622,-16.335722000000004,-39.170973
16.812794999999998,615.84705,358.3867863333333,-169.85412200000002,478.96068249999996,72.0815835,-80.039916,225.253548,77.3692375,-58.683258,-16.309820000000002,-39.199991000000004
16.803127333333336,615.822194,358.35535566666664,-169.758923,479.05505000000005,71.94552350000001,-80.059349,225.2854915,77.210189,-58.669184,-16.286092999999994,-39.223862
16.791428333333332,615.800071,358.3236416666667,-169.66098699999998,479.15039,71.807807,-80.0790645,225.315922,77.0574785,-58.659907000000004,-16.264894000000027,-39.241944999999994
16.777712666666666,615.780574,358.29165566666666,-169.560776,479.246714,71.6687395,-80.09902650000001,225.34503899999999,76.911538,-58.655871000000005,-16.24655199999998,-39.253679999999996
16.761999333333335,615.763595,358.2594076666667,-169.45879250000002,479.3440735,71.528629,-80.119283,225.373062,76.772778,-58.657441999999996,-16.231352000000015,-39.258610000000004
16.74431,615.7490246666666,358.2269073333334,-169.3555795,479.44255899999996,71.3877815,-80.1399755,225.40022399999998,76.6415875,-58.664897,-16.21954600000001,-39.256387
16.724670333333332,615.7367543333334,358.194166,-169.2517125,479.5423045,71.246492,-80.16134650000001,225.42677600000002,76.518334,-58.678411,-16.211333999999994,-39.2468
16.703108,615.7266746666666,358.16119333333336,-169.147802,479.6434905,71.10504449999999,-80.1837455,225.452979,76.4033625,-58.698049,-16.20686599999999,-39.229772999999994
16.679656666666666,615.7186776666667,358.128001,-169.0444835,479.746342,70.963703,-80.20763600000001,225.479104,76.29699600000001,-58.72376200000001,-16.20623599999999,-39.205382
16.654351000000002,615.7126563333334,358.09460033333335,-168.9424185,479.851129,70.82271,-80.23359500000001,225.505431,76.19953849999999,-58.75537200000001,-16.209480000000013,-39.173863
16.627232000000003,615.7085056666666,358.0610033333333,-168.8422845,479.9581695,70.6822815,-80.262318,225.5322455,76.111271,-58.79258,-16.216566999999998,-39.135614000000004
16.598342333333335,615.7061223333333,358.02722366666666,-168.744777,480.067824,70.542603,-80.294618,225.55983600000002,76.03245749999999,-58.834956000000005,-16.227407999999997,-39.091199
16.567729333333336,615.7054076666667,357.993276,-168.650599,480.180495,70.4038275,-80.33142699999999,225.5884935,75.9633425,-58.881941999999995,-16.241845000000012,-39.041346999999995
16.535444666666667,615.706266,357.95917533333335,-168.56045849999998,480.2966255,70.266074,-80.373791,225.6185065,75.904157,-58.93286,-16.259660999999994,-38.986948000000005
