Sh_x,Sh_y,Sh_z,El_x,El_y,El_z,Wr_x,Wr_y,Wr_z,WrVec_x,WrVec_y,WrVec_z
-4.700280333333333,611.4864833333334,344.2052683333333,-185.25573450000002,460.9198485,61.548263,-95.136293,213.1773635,52.109548000000004,-57.955541999999994,-17.21532099999999,-40.115366
-4.625262666666667,611.4069713333333,344.19301333333334,-185.3060375,460.8963285,61.61219749999999,-94.9491225,213.26381049999998,52.0861735,-57.852700999999996,-17.15383299999999,-40.273394999999994
-4.552571666666666,611.3313459999999,344.18079933333337,-185.362297,460.88658150000003,61.66754,-94.755124,213.364335,52.100136500000005,-57.74323,-17.096180000000004,-40.441407000000005
-4.4823026666666665,611.2596933333333,344.16866266666665,-185.425139,460.891581,61.7138395,-94.55323949999999,213.4806965,52.1550865,-57.627065,-17.043765000000008,-40.618913000000006
-4.414546666666667,611.1921080000001,344.15664433333336,-185.4952035,460.912274,61.750742,-94.3424105,213.614713,52.254782,-57.50416100000001,-16.998065999999994,-40.80531599999999
-4.349389666666666,611.1286923333333,344.14479033333333,-185.5731385,460.9495685,61.777989000000005,-94.12158400000001,213.76825,52.403063,-57.374498,-16.960623999999996,-40.999922
-4.286912333333333,611.0695573333333,344.13314999999994,-185.659584,461.004322,61.795426500000005,-93.88971699999999,213.94320199999999,52.6038285,-57.23807599999999,-16.933028000000007,-41.20194099999999
-4.2271876666666675,611.014822,344.121778,-185.7551655,461.0773265,61.803005999999996,-93.6457865,214.1414805,52.861008999999996,-57.09491299999999,-16.916900999999996,-41.410495999999995
-4.170284333333333,610.9646163333333,344.110733,-185.860478,461.1692955,61.800789,-93.388796,214.3649965,53.178535000000004,-56.945042,-16.913883,-41.624622
-4.116261999999999,610.9190766666667,344.100078,-185.9760815,461.280853,61.78894699999999,-93.1177815,214.615646,53.560308500000005,-56.78851300000001,-16.92561999999998,-41.843287000000004
-4.0651736666666665,610.8783506666667,344.08988033333327,-186.102487,461.41252199999997,61.767764,-92.8318175,214.89529449999998,54.01017,-56.625384999999994,-16.953743000000003,-42.06539000000001
-4.017065,610.842594,344.08020966666663,-186.2401485,461.5647105,61.7376365,-92.5300295,215.205762,54.5318685,-56.455725,-16.99985000000001,-42.28977900000001
-3.971971999999999,610.811971,344.0711403333333,-186.389455,461.737704,61.699070999999996,-92.2115915,215.548807,55.1290265,-56.279605000000004,-17.065495999999996,-42.515259
-3.929923666666667,610.7866546666667,344.06274866666666,-186.550722,461.93165450000004,61.652682,-91.875742,215.92611449999998,55.8051105,-56.0971,-17.15217099999998,-42.74060500000001
-3.8909393333333333,610.7668266666667,344.05511466666667,-186.724184,462.14657650000004,61.599190500000006,-91.5217815,216.339283,56.5633995,-55.90828500000001,-17.26128399999999,-42.964573
-3.8550283333333333,610.7526753333334,344.04832000000005,-186.9099915,462.382336,61.5394175,-91.14908249999999,216.789809,57.4069535,-55.713229,-17.39415199999999,-43.185916999999996
-3.8221930000000004,610.7443956666666,344.042448,-187.108205,462.63865,61.474281000000005,-90.7570935,217.27908150000002,58.338585,-55.511997,-17.55197899999999,-43.403394000000006
-3.7924243333333343,610.74219,344.037583,-187.3187905,462.91508150000004,61.404786,-90.3453405,217.80836699999998,59.3608335,-55.304645,-17.735851999999994,-43.61578299999999
-3.7657043333333333,610.7462656666667,344.0338106666666,-187.541619,463.21104,61.332021,-89.913433,218.3788065,60.475939,-55.091218,-17.946719,-43.82189400000001
-3.7420060000000004,610.756834,344.0312166666666,-187.7764665,463.525781,61.257147499999995,-89.46106449999999,218.991405,61.68581999999999,-54.87175499999999,-18.185384000000028,-44.020576
-3.721292333333334,610.77411,344.02988666666664,-188.02301,463.858412,61.181389,-88.9880145,219.64702799999998,62.99205499999999,-54.646279,-18.45250200000001,-44.210733999999995
-3.703516666666666,610.7983123333333,344.02990466666665,-188.280835,464.2078945,61.1060255,-88.4941505,220.34639900000002,64.3958635,-54.414803000000006,-18.748564000000016,-44.391327
-3.6886243333333337,610.829659,344.03135433333335,-188.5494325,464.57304999999997,61.032378,-87.97942499999999,221.0900945,65.898095,-54.177328,-19.073896999999988,-44.561384
-3.676550666666666,610.8683696666667,344.0343153333333,-188.8282065,464.9525725,60.9617985,-87.443878,221.87854850000002,67.4992155,-53.933848000000005,-19.42865900000001,-44.72001100000001
-3.667222666666666,610.914663,344.03886600000004,-189.11647549999998,465.345036,60.895658999999995,-86.887631,222.71205,69.199304,-53.684346,-19.81284199999999,-44.866386
-3.660558,610.968755,344.04508133333337,-189.41348,465.7489065,60.83533799999999,-86.3108895,223.590746,70.998044,-53.428801,-20.226268000000005,-44.999772
-3.6564680000000007,611.0308583333334,344.053032,-189.7183885,466.162556,60.782208,-85.713936,224.5146465,72.8947275,-53.167190000000005,-20.668594999999982,-45.11951299999999
-3.6548553333333333,611.1011813333333,344.0627836666667,-190.030303,466.58427800000004,60.7376215,-85.0971275,225.48363,74.8882555,-52.899485,-21.139318000000003,-45.225035
-3.6556156666666664,611.1799253333334,344.07439666666664,-190.34826650000002,467.0123,60.702901499999996,-84.4608915,226.497447,76.9771425,-52.625668999999995,-21.637782000000016,-45.315844999999996
-3.658638666666667,611.2672863333333,344.0879273333333,-190.67127299999999,467.4448025,60.679325,-83.80572000000001,227.5557305,79.15952949999999,-52.345724000000004,-22.163185,-45.391531
-3.6638083333333333,611.36345,344.103423,-190.998271,467.8799365,60.6681125,-83.132166,228.65799900000002,81.43319,-52.059648,-22.71458800000002,-45.451756
-3.671002,611.4685943333334,344.12092633333333,-191.32817599999998,468.315838,60.6704175,-82.440835,229.803671,83.795549,-51.767450000000004,-23.290930000000003,-45.49625400000001
-3.680094666666667,611.5828839999999,344.14047166666666,-191.659875,468.750647,60.687314,-81.7323825,230.9920665,86.243697,-51.469159,-23.891032999999993,-45.52482
-3.6909549999999993,611.7064743333334,344.162086,-191.992238,469.182525,60.7197855,-81.00750550000001,232.222421,88.774411,-51.164821,-24.513621999999998,-45.53731400000001
-3.703450333333333,611.8395073333332,344.1857883333333,-192.3241225,469.6096695,60.768716,-80.26693900000001,233.4938895,91.384172,-50.854507999999996,-25.157336999999984,-45.533648
-3.7174443333333342,611.9821093333334,344.21158799999995,-192.654382,470.0303325,60.834884,-79.511447,234.80556,94.06918999999999,-50.538315999999995,-25.82074400000002,-45.51378000000001
-3.732799333333334,612.134395,344.23948733333333,-192.9818755,470.44283299999995,60.918950499999994,-78.7418175,236.156456,96.825428,-50.216369,-26.502350000000007,-45.47771
-3.7493773333333333,612.2964616666667,344.26947866666666,-193.30546950000002,470.8455725,61.021456,-77.95886,237.5455485,99.64862500000001,-49.88882000000001,-27.200621000000012,-45.425472
-3.767038666666666,612.46839,344.3015453333333,-193.62404750000002,471.23704599999996,61.142817,-77.163395,238.97176000000002,102.5343245,-49.55584799999999,-27.91399199999998,-45.357127000000006
-3.7856456666666656,612.6502453333334,344.3356616666667,-193.93651649999998,471.615854,61.283317499999995,-76.356251,240.43397199999998,105.47789800000001,-49.217662,-28.640884,-45.27276400000001
-3.8050606666666664,612.842074,344.37179399999997,-194.2418075,471.9807115,61.443110999999995,-75.5382605,241.931031,108.47457550000001,-48.874500999999995,-29.379711999999984,-45.17248500000001
-3.8251483333333343,613.0439056666665,344.4098973333333,-194.5388835,472.3304535,61.6222195,-74.7102535,243.4617525,111.5194695,-48.526627000000005,-30.128906999999998,-45.056411
-3.845776666666667,613.2557513333334,344.4499193333333,-194.82674350000002,472.664044,61.820531,-73.8730545,245.0249245,114.6076055,-48.174327,-30.88691700000001,-44.924673
-3.8668146666666665,613.4776033333334,344.4917986666667,-195.1044235,472.98057600000004,62.0378055,-73.0274765,246.6193115,117.733947,-47.817907,-31.652222999999992,-44.77740999999999
-3.888136666666666,613.7094350000001,344.53546566666665,-195.37099949999998,473.2792745,62.273675,-72.1743205,248.24365749999998,120.8934235,-47.457694999999994,-32.423351,-44.61477099999999
-3.9096216666666668,613.9512013333333,344.58084233333335,-195.62559199999998,473.559499,62.527651500000005,-71.3143685,249.896686,124.080957,-47.094029000000006,-33.19887600000001,-44.43690799999999
-3.9311519999999995,614.2028373333333,344.62784366666665,-195.8673635,473.8207365,62.799130500000004,-70.44838299999999,251.5771025,127.29148649999999,-46.727258,-33.97743099999997,-44.243983
-3.9526160000000004,614.4642606666666,344.676377,-196.0955235,474.06259950000003,63.087399500000004,-69.5771055,253.2835945,130.5199955,-46.35773699999999,-34.75771099999997,-44.03616099999999
-3.9739083333333327,614.7353686666667,344.726343,-196.309327,474.284824,63.391646,-68.70125,255.0148305,133.76153549999998,-45.98582199999999,-35.538482999999985,-43.81361899999999
-3.994927333333333,615.0160406666665,344.77763733333336,-196.50807600000002,474.487257,63.71096849999999,-67.821505,256.76946200000003,137.011249,-45.611866,-36.318584000000016,-43.57654000000001
-4.0155796666666665,615.3061379999999,344.8301496666666,-196.69111750000002,474.669851,64.0443855,-66.9385295,258.5461215,140.2643905,-45.236213,-37.09692899999999,-43.325119
-4.0357769999999995,615.6055029999999,344.88376566666665,-196.8578465,474.832653,64.3908475,-66.052953,260.34342,143.51635249999998,-44.859194,-37.872506000000016,-43.059563
-4.055439333333333,615.9139613333333,344.93836733333336,-197.0077025,474.9757965,64.74924899999999,-65.1653745,262.15995050000004,146.762679,-44.48112700000001,-38.64438100000001,-42.780096
-4.0744913333333335,616.2313203333333,344.993833,-197.140171,475.0994865,65.118442,-64.276359,263.994283,149.999089,-44.102309999999996,-39.411698,-42.486958000000016
-4.092865333333333,616.5573716666667,345.05004033333336,-197.2547835,475.20398950000003,65.4972485,-63.386441000000005,265.8449665,153.2214935,-43.723018,-40.173675,-42.18040500000001
-4.110500000000001,616.8918893333333,345.1068643333333,-197.3511145,475.28962,65.884474,-62.4961205,267.7105275,156.426008,-43.343503000000005,-40.92960099999999,-41.86071800000002
-4.127340666666667,617.2346339999999,345.16418000000004,-197.4287815,475.356729,66.2789215,-61.605864999999994,269.589472,159.608971,-42.96398799999999,-41.67883600000002,-41.52819599999998
-4.143339333333333,617.5853483333333,345.2218633333334,-197.487446,475.4056895,66.679405,-60.716108999999996,271.48028450000004,162.766955,-42.584672,-42.42080500000003,-41.18316199999998
-4.158453333333333,617.9437623333333,345.279792,-197.5268125,475.4368865,67.084765,-59.827253999999996,273.3814285,165.8967765,-42.205724,-43.15499700000001,-40.82596099999998
-4.172647333333333,618.309592,345.337845,-197.546626,475.450703,67.4938785,-58.939668499999996,275.2913515,168.9955085,-41.827287000000005,-43.88095899999999,-40.45695699999999
-4.185891333333333,618.6825403333333,345.3959036666667,-197.546674,475.4475095,67.90567300000001,-58.0536905,277.208484,172.060485,-41.44947500000001,-44.598288000000025,-40.07654000000002
-4.198159666666667,619.062297,345.45385533333337,-197.52678450000002,475.427655,68.319141,-57.169627,279.13124300000004,175.08931,-41.072379999999995,-45.30663599999997,-39.68511800000002
-4.209433999999999,619.4485420000001,345.51159,-197.486827,475.3914525,68.7333485,-56.287756,281.05803849999995,178.079859,-40.696068,-46.00569300000001,-39.28311600000001
-4.2196983333333336,619.840943,345.56900399999995,-197.4267105,475.3391775,69.1474465,-55.4083265,282.987273,181.030285,-40.320586999999996,-46.69519600000001,-38.87097600000001
-4.228942333333334,620.239158,345.62599866666665,-197.3463845,475.271054,69.560682,-54.53156299999999,284.91735,183.93901449999998,-39.945964,-47.37491,-38.44915499999999
-4.237159,620.6428363333333,345.6824833333333,-197.24584,475.1872525,69.9724025,-53.657664499999996,286.8466765,186.804751,-39.572213,-48.04463499999997,-38.01811599999999
-4.244345666666667,621.0516193333333,345.73837166666664,-197.125105,475.087885,70.382069,-52.7868065,288.7736715,189.6264685,-39.19933700000001,-48.70419899999996,-37.57833500000001
-4.250501666666666,621.4651396666667,345.79358866666666,-196.98425,474.9730005,70.78925650000001,-51.919147,290.69676849999996,192.4034085,-38.827332,-49.35344900000001,-37.13028699999998
-4.255629666666667,621.883025,345.84806333333336,-196.8233835,474.8425815,71.1936595,-51.054826000000006,292.6144235,195.13507149999998,-38.456188000000004,-49.99225899999999,-36.674451000000005
-4.259734999999999,622.3048973333333,345.90173533333336,-196.642654,474.6965475,71.59509750000001,-50.193968500000004,294.52512149999995,197.821212,-38.085897,-50.62051100000002,-36.211303999999984
-4.2628226666666675,622.7303736666667,345.954552,-196.442248,474.534753,71.9935135,-49.336686,296.4273815,200.4618265,-37.71645000000001,-51.238111,-35.74131699999998
-4.264902000000001,623.1590666666667,346.00646966666665,-196.22239100000002,474.35699,72.38897399999999,-48.4830855,298.319765,203.057141,-37.347847,-51.84496999999999,-35.264951999999994
-4.265980333333332,623.590588,346.0574526666667,-195.98334699999998,474.16299300000003,72.7816695,-47.633264,300.2008785,205.607599,-36.980096,-52.441013,-34.78266400000001
-4.266068333333334,624.0245463333334,346.10747466666663,-195.725417,473.952441,73.1719075,-46.7873185,302.0693845,208.11385,-36.613213,-53.02617299999997,-34.294894
-4.265173999999999,624.460551,346.156518,-195.448939,473.724966,73.5601115,-45.9453465,303.92400050000003,210.576728,-36.247231,-53.60038900000001,-33.80207200000001
-4.263307333333333,624.8982100000001,346.2045723333333,-195.154287,473.48015799999996,73.9468125,-45.107448,305.76351,212.997241,-35.882194,-54.163610000000006,-33.30461200000002
-4.260477333333333,625.3371343333333,346.2516366666666,-194.8418705,473.21757249999996,74.332642,-44.2737315,307.586764,215.37654750000002,-35.518163,-54.71579000000003,-32.80291500000001
-4.256692666666667,625.7769370000001,346.29771800000003,-194.512134,472.936741,74.7183245,-43.4443135,309.3926865,217.715944,-35.155213,-55.256889,-32.29736600000001
-4.251959666666667,626.217233,346.3428306666667,-194.165554,472.637178,75.10466550000001,-42.619322999999994,311.180275,220.0168415,-34.793434,-55.78687000000002,-31.788339000000008
-4.246284999999999,626.6576436666667,346.386997,-193.80264,472.31839,75.492542,-41.798902999999996,312.9486075,222.28074800000002,-34.432933999999996,-56.305709000000036,-31.276194000000004
-4.239673666666666,627.097794,346.43024399999996,-193.4239325,471.97988699999996,75.8828925,-40.9832145,314.6968395,224.5092485,-34.073831,-56.81338099999999,-30.761279000000002
-4.232128333333335,627.5373173333334,346.47260733333337,-193.03000150000003,471.6211905,76.2767025,-40.1724335,316.42421049999996,226.703984,-33.716259,-57.30987099999999,-30.243933999999996
-4.223651000000001,627.9758526666666,346.51412799999997,-192.621446,471.241845,76.6749945,-39.366757,318.13004,228.8666335,-33.360361999999995,-57.79517199999998,-29.724489000000005
-4.214241666666667,628.413047,346.5548516666667,-192.198892,470.841427,77.078811,-38.5664015,319.8137305,230.998894,-33.006293,-58.269281000000035,-29.203270000000003
-4.203899333333333,628.8485583333335,346.5948286666667,-191.7629915,470.41955299999995,77.48920799999999,-37.771602,321.4747635,233.102461,-32.65421,-58.73220500000002,-28.6806
-4.192620333333333,629.2820536666667,346.634114,-191.314421,469.9758915,77.907237,-36.982614,323.11270149999996,235.179012,-32.304278000000004,-59.18395700000002,-28.15679799999998
-4.180400000000001,629.7132106666667,346.6727656666667,-190.8538795,469.51016849999996,78.3339345,-36.199711,324.72718199999997,237.2301865,-31.956664000000004,-59.624562000000026,-27.632182999999998
-4.167231666666667,630.1417193333333,346.7108446666667,-190.382088,469.0221765,78.7703105,-35.423185000000004,326.3179185,239.257574,-31.611534,-60.05404900000002,-27.107079999999996
-4.153107666666666,630.5672823333333,346.748415,-189.8997875,468.5117815,79.2173375,-34.653343,327.8846935,241.262694,-31.269052000000002,-60.472459000000015,-26.581811999999985
-4.138017666666667,630.9896143333334,346.78554133333336,-189.407736,467.97893,79.675938,-33.8905045,329.427358,243.24698750000002,-30.929378999999997,-60.87984,-26.056707000000017
-4.121951999999999,631.4084463333334,346.82229,-188.90670899999998,467.4236515,80.146976,-33.135003,330.9458245,245.21180199999998,-30.592666,-61.276253,-25.53210199999998
-4.1048979999999995,631.823522,346.858728,-188.3974965,466.8460645,80.63125099999999,-32.387179,332.4400645,247.15838300000001,-30.259058,-61.661760999999956,-25.008336000000014
-4.086843,632.2346006666667,346.8949216666667,-187.880901,466.2463805,81.12948349999999,-31.6473785,333.9101025,249.0878635,-29.928689,-62.03644299999996,-24.48575299999999
-4.067772333333334,632.6414583333334,346.9309373333333,-187.3577355,465.624904,81.64231649999999,-30.9159525,335.35601199999996,251.00126,-29.601683,-62.400383999999974,-23.964703999999983
-4.047672666666667,633.0438856666666,346.966841,-186.8288195,464.982034,82.170304,-30.19325,336.77790949999996,252.8994655,-29.278148,-62.75367899999998,-23.445542999999986
-4.026527,633.441691,347.0026956666666,-186.2949805,464.3182655,82.713911,-29.479619,338.17595,254.7832485,-28.95818,-63.096430000000055,-22.928627000000006
-4.004321,633.8347003333333,347.03856333333334,-185.757048,463.634186,83.27350849999999,-28.775401,339.5503215,256.6532515,-28.641861999999996,-63.428751000000034,-22.41431700000001
-3.981038333333333,634.2227556666667,347.0745043333333,-185.2158505,462.930474,83.84937049999999,-28.0809305,340.90124000000003,258.5099905,-28.329261000000002,-63.75076199999995,-21.902973000000003
-3.956662000000001,634.6057163333334,347.1105753333333,-184.6722135,462.207898,84.4416775,-27.3965325,342.228945,260.35386,-28.020429000000004,-64.062592,-21.394953999999984
-3.9311769999999995,634.9834603333334,347.1468303333333,-184.126958,461.467307,85.0505135,-26.722519000000002,343.5336945,262.1851365,-27.715404,-64.36437900000004,-20.89061700000002
-3.9045673333333326,635.3558836666666,347.18332033333337,-183.5808935,460.709633,85.675869,-26.059189999999997,344.8157605,264.003984,-27.414206,-64.656271,-20.39031399999999
-3.876818,635.722898,347.22009299999996,-183.03481599999998,459.935878,86.317641,-25.406832,346.075426,265.81046200000003,-27.116844,-64.938424,-19.894391999999982
-3.8479123333333334,636.0844350000001,347.25719133333337,-182.4895055,459.14711350000005,86.9756415,-24.765716,347.312978,267.6045345,-26.823314000000003,-65.21100000000001,-19.403187000000003
-3.817838,636.4404426666666,347.29465566666664,-181.9457195,458.344469,87.649597,-24.136098999999998,348.52870900000005,269.3860785,-26.533594,-65.47417000000002,-18.91703099999995
-3.786579666666666,636.7908866666667,347.332522,-181.4041935,457.5291285,88.3391545,-23.518224500000002,349.7229085,271.154895,-26.247653,-65.728115,-18.436239999999998
-3.754125333333334,637.135749,347.37082133333325,-180.8656325,456.70232,89.043886,-22.9123225,350.8958645,272.9107225,-25.965449,-65.97302300000001,-17.96112099999999
-3.7204623333333324,637.4750296666666,347.40958133333334,-180.330711,455.86531,89.7632975,-22.318609000000002,352.04785849999996,274.653244,-25.686926,-66.20908700000001,-17.491967999999986
-3.685580666666667,637.8087443333334,347.44882566666666,-179.8000685,455.0193935,90.4968315,-21.737292,353.1791645,276.3821025,-25.412023999999995,-66.43651299999999,-17.029057000000023
-3.649469333333333,638.1369246666667,347.488572,-179.2743055,454.165887,91.2438745,-21.168569,354.2900465,278.09690950000004,-25.140667999999998,-66.655509,-16.572654999999997
-3.612120333333333,638.4596176666668,347.528835,-178.7539825,453.3061215,92.0037625,-20.612629000000002,355.38076,279.7972615,-24.87278,-66.86628999999999,-16.123009000000025
-3.573525333333333,638.7768853333333,347.5696253333333,-178.23961500000001,452.44143199999996,92.775791,-20.069657000000003,356.451547,281.482744,-24.608280000000004,-67.069076,-15.680350000000033
-3.5336779999999988,639.0888040000001,347.610948,-177.7316755,451.5731545,93.55921599999999,-19.539831500000002,357.5026375,283.15294600000004,-24.347077000000002,-67.264095,-15.244893999999988
-3.4925733333333344,639.3954636666666,347.652805,-177.230587,450.7026135,94.35326599999999,-19.0233305,358.5342505,284.8074685,-24.089084999999997,-67.45157499999999,-14.816839000000016
-3.4502066666666664,639.6969666666668,347.6951936666666,-176.73672599999998,449.8311215,95.1571435,-18.520329,359.5465915,286.4459325,-23.834214000000003,-67.63174899999996,-14.396363000000008
-3.406576333333333,639.9934280000001,347.7381066666667,-176.25042,448.9599665,95.9700335,-18.0310025,360.539853,288.067986,-23.582377,-67.80484799999999,-13.98362800000001
-3.3616803333333327,640.2849746666666,347.78153399999997,-175.7719485,448.09041049999996,96.79110800000001,-17.555526,361.514218,289.67330849999996,-23.333492,-67.97110600000002,-13.578775000000007
-3.3155180000000004,640.571743,347.82546099999996,-175.30154149999998,447.2236825,97.61953249999999,-17.094075,362.469857,291.2616185,-23.087483999999996,-68.13075200000003,-13.181926999999973
-3.268091,640.8538803333332,347.86986900000005,-174.839385,446.36097500000005,98.4544695,-16.646825,363.40693050000004,292.8326735,-22.844286000000004,-68.28401500000001,-12.793181000000004
-3.2194013333333333,641.131542,347.91473666666667,-174.3856185,445.503438,99.295084,-16.2139515,364.3255915,294.38627399999996,-22.603842999999998,-68.43111500000003,-12.412620000000004
-3.169453333333333,641.404892,347.96003900000005,-173.9403395,444.652177,100.1405475,-15.795626500000001,365.225983,295.9222625,-22.366115,-68.57226800000001,-12.04029700000001
-3.1182509999999994,641.6741013333334,348.005747,-173.503606,443.8082485,100.99004049999999,-15.392020500000001,366.108245,297.440525,-22.131076999999998,-68.70768199999998,-11.676245999999992
-3.0658013333333334,641.9393466666667,348.05183000000005,-173.0754395,442.97265849999997,101.842759,-15.0032965,366.97251,298.940987,-21.898723,-68.83755399999995,-11.320471999999995
-3.012110999999999,642.2008113333333,348.098254,-172.65582849999998,442.146361,102.6979125,-14.6296115,367.81890799999996,300.42361200000005,-21.669069,-68.96206799999999,-10.972958000000006
-2.957189,642.4586813333334,348.1449813333333,-172.244733,441.33025250000003,103.5547305,-14.2711085,368.64756950000003,301.8883965,-21.442152999999998,-69.08139899999998,-10.633656999999971
-2.9010456666666666,642.713147,348.191973,-171.842088,440.52517750000004,104.4124645,-13.9279195,369.4586225,303.335368,-21.218042999999998,-69.19570499999998,-10.302491999999972
-2.8436913333333327,642.9644020000001,348.239188,-171.447808,439.7319215,105.270386,-13.600158,370.25219949999996,304.76457800000003,-20.996826,-69.30513300000001,-9.97936199999998
-2.7851383333333337,643.2126403333333,348.286582,-171.061792,438.951213,106.1277915,-13.2879175,371.028436,306.17609600000003,-20.778623,-69.40981199999999,-9.664132000000052
-2.725400666666666,643.458057,348.33411099999995,-170.68392599999999,438.183724,106.9840045,-12.9912665,371.787474,307.5700075,-20.563582999999998,-69.50985799999995,-9.356641000000025
-2.6644923333333335,643.7008473333334,348.38172733333334,-170.31409,437.430071,107.8383705,-12.7102485,372.5294625,308.9464055,-20.351885,-69.60537099999999,-9.056692999999996
-2.6024290000000003,643.9412053333334,348.42938333333336,-169.9521595,436.690812,108.690265,-12.444875999999999,373.2545615,310.3053845,-20.143736,-69.696437,-8.764062999999965
-2.539227666666667,644.179323,348.47702933333335,-169.59801199999998,435.9664515,109.53908849999999,-12.195129,373.96294,311.6470375,-19.939373999999997,-69.78312800000003,-8.478500999999994
-2.4749059999999994,644.4153896666667,348.5246173333333,-169.2515275,435.25743950000003,110.384269,-11.9609535,374.6547825,312.971451,-19.739065,-69.86550499999998,-8.199721999999952
-2.409483666666667,644.6495916666668,348.5720953333334,-168.9125945,434.5641725,111.2252615,-11.7422575,375.330287,314.2786985,-19.543103,-69.94361600000002,-7.927418999999986
-2.342980333333333,644.8821106666668,348.619414,-168.58111200000002,433.8869965,112.0615475,-11.538912999999999,375.9896675,315.56884,-19.351806,-70.01750100000004,-7.661256000000037
-2.2754170000000005,645.1131236666666,348.66652233333326,-168.2569905,433.22620700000004,112.8926365,-11.350753,376.63315550000004,316.8419175,-19.165516,-70.08719100000002,-7.40087699999998
-2.206816666666666,645.342802,348.713371,-167.940155,432.582052,113.718062,-11.1775695,377.2610005,318.0979535,-18.984595,-70.152715,-7.1459030000000325
-2.1372026666666666,645.5713113333333,348.7599103333334,-167.630549,431.9547335,114.537387,-11.0191185,377.873472,319.336948,-18.809419000000002,-70.21409399999999,-6.895938000000001
-2.066599,645.7988103333333,348.8060923333333,-167.32813,431.344409,115.35019600000001,-10.8751175,378.4708595,320.558883,-18.640379,-70.27135099999998,-6.650572000000011
-1.9950320000000001,646.02545,348.851869,-167.032875,430.7511945,116.1561015,-10.745249,379.0534725,321.7637155,-18.477876,-70.32451300000002,-6.409380999999996
-1.922528,646.2513749999999,348.89719599999995,-166.744779,430.17516650000005,116.95473999999999,-10.629161,379.621641,322.95138599999996,-18.322314,-70.373606,-6.171940000000006
-1.849115,646.4767206666667,348.94202766666666,-166.463853,429.616362,117.745772,-10.5264705,380.1757155,324.1218145,-18.174094999999998,-70.41866299999998,-5.937817000000052
-1.7748226666666673,646.7016153333334,348.9863236666667,-166.19012650000002,429.074785,118.52888300000001,-10.436768,380.71606699999995,325.274908,-18.03362,-70.45972799999998,-5.706577999999979
-1.6996806666666666,646.9261766666667,349.03004300000003,-165.9236445,428.5504045,119.3037805,-10.359617,381.2430845,326.410559,-17.901276000000003,-70.496849,-5.477800000000002
-1.6237206666666657,647.150516,349.07315,-165.6644645,428.04316,120.07019600000001,-10.294563,381.7571765,327.52865199999997,-17.77744,-70.53008899999998,-5.251063999999985
-1.5469753333333325,647.374734,349.11560899999995,-165.41266,427.552961,120.827884,-10.241133,382.25876700000003,328.6290675,-17.662466,-70.55951999999996,-5.02596699999998
-1.4694783333333339,647.598922,349.15738933333336,-165.1683125,427.07969149999997,121.576621,-10.198843,382.748297,329.71168450000005,-17.556686,-70.58522399999998,-4.802119000000005
-1.3912640000000005,647.8231629999999,349.19846233333334,-164.931516,426.62321,122.31620649999999,-10.167201,383.2262185,330.776385,-17.460402,-70.60729900000001,-4.579152000000022
-1.3123703333333339,648.047531,349.238804,-164.70236849999998,426.1833525,123.04646249999999,-10.145710000000001,383.6929975,331.8230605,-17.373886,-70.625853,-4.356724999999983
-1.2328333333333334,648.2720889999999,349.27839233333333,-164.480976,425.7599365,123.76723050000001,-10.133873999999999,384.1491085,332.85161400000004,-17.29737,-70.641005,-4.134518000000014
-1.152693,648.4968926666667,349.3172096666667,-164.2674445,425.352758,124.478378,-10.1312035,384.5950325,333.8619655,-17.231049000000002,-70.65288299999997,-3.9122429999999895
-1.0719883333333333,648.7219873333333,349.355243,-164.0618825,424.96159750000004,125.179791,-10.1372155,385.03125650000004,334.85405749999995,-17.175071000000003,-70.66162700000001,-3.6896449999999845
-0.9907609999999997,648.9474103333333,349.39248066666664,-163.8643975,424.5862205,125.8713795,-10.15144,385.458269,335.827857,-17.129544,-70.66738000000004,-3.4665039999999863
-0.9090540000000003,649.1731893333334,349.42891833333334,-163.675093,424.226378,126.55307450000001,-10.1734235,385.87656,336.783359,-17.094523,-70.67029400000001,-3.2426320000000146
-0.8269110000000003,649.399344,349.46455266666663,-163.494068,423.88180950000003,127.2248285,-10.202731499999999,386.2866165,337.7205935,-17.070017,-70.670525,-3.0178829999999834
-0.7443769999999992,649.6258853333334,349.49938633333335,-163.321414,423.5522415,127.8866185,-10.238951,386.688921,338.63962349999997,-17.055978000000003,-70.668228,-2.7921490000000517
-0.6614979999999996,649.8528166666666,349.533424,-163.1572165,423.237392,128.5384415,-10.2816935,387.0839525,339.54055200000005,-17.052312999999998,-70.66355699999997,-2.5653599999999983
-0.5783226666666662,650.0801326666666,349.56667666666664,-163.0015485,422.93696850000003,129.180318,-10.3305975,387.47217950000004,340.4235205,-17.058875,-70.65666900000002,-2.33748700000001
-0.4948986666666671,650.3078216666667,349.59915699999993,-162.85447299999998,422.65067150000004,129.812291,-10.385329,387.854064,341.28871549999997,-17.075461999999998,-70.64770999999996,-2.1085410000000024
-0.411277000000001,650.535864,349.630883,-162.71604200000002,422.3781915,130.4344255,-10.445583000000001,388.23005550000005,342.1363655,-17.101828,-70.63682499999999,-1.8785709999999654
-0.32750766666666653,650.764233,349.6618746666666,-162.5862935,422.119214,131.046812,-10.5110855,388.6005935,342.9667435,-17.137675,-70.62415099999998,-1.6476670000000126
-0.24364400000000005,650.992896,349.6921566666667,-162.46525250000002,421.87341649999996,131.6495615,-10.581593,388.966104,343.780168,-17.182658,-70.60981199999998,-1.4159499999999525
-0.15973800000000052,651.2218136666667,349.7217573333334,-162.35292950000002,421.640468,132.2428085,-10.6568925,389.3270025,344.5770015,-17.236389,-70.59392700000001,-1.1835829999999987
-0.07584433333333429,651.4509413333334,349.75070666666664,-162.2493205,421.420035,132.82671299999998,-10.736801,389.683688,345.3576515,-17.29844,-70.57660199999998,-0.9507550000000151
0.0079813333333331,651.6802276666667,349.779039,-162.1544065,421.2117735,133.401456,-10.8211655,390.0365495,346.1225675,-17.368347,-70.55793299999999,-0.7176829999999654
0.09168433333333414,651.9096176666666,349.8067903333333,-162.068153,421.01533600000005,133.9672425,-10.90986,390.3859605,346.87224000000003,-17.44561,-70.538007,-0.48461400000002186
0.17520833333333297,652.1390503333333,349.83400033333334,-161.990511,420.83036649999997,134.52430149999998,-11.002786,390.7322815,347.6071985,-17.529705999999997,-70.51689499999998,-0.251811000000032
0.2584953333333333,652.3684593333334,349.8607093333333,-161.921417,420.65650400000004,135.072883,-11.09987,391.07586200000003,348.328009,-17.620086,-70.494662,-0.019553999999970983
0.3414883333333334,652.5977770000001,349.8869606666667,-161.8607905,420.49337849999995,135.6132605,-11.2010595,391.4170355,349.03526899999997,-17.716186999999998,-70.471361,0.21186400000004824
0.42412900000000064,652.8269286666666,349.9127996666667,-161.808539,420.340616,136.14573000000001,-11.3063225,391.756126,349.729606,-17.817427000000002,-70.44704000000002,0.4421499999999696
0.5063596666666671,653.055837,349.9382723333333,-161.764555,420.1978315,136.67060850000001,-11.4156445,392.0934425,350.411673,-17.923227,-70.42173500000001,0.671004000000039
0.5881219999999999,653.284422,349.96342599999997,-161.7287165,420.064636,137.18823350000002,-11.5290235,392.4292835,351.08214350000003,-18.032999,-70.39548100000002,0.8981369999999629
0.6693579999999996,653.512601,349.98831,-161.70088900000002,419.9406305,137.698961,-11.64647,392.7639365,351.74170649999996,-18.146164,-70.36830299999997,1.1232689999999934
0.750008333333333,653.740287,350.012972,-161.680926,419.8254095,138.2031675,-11.7679995,393.097673,352.39106400000003,-18.262151,-70.34022800000002,1.3461359999999445
0.8300159999999991,653.9673916666667,350.0374623333334,-161.66866850000002,419.71855800000003,138.7012465,-11.893633000000001,393.43075650000003,353.030924,-18.380404,-70.31127899999996,1.5664979999999673
0.9093233333333334,654.1938243333334,350.06182999999993,-161.663946,419.61965299999997,139.19360650000002,-12.0233925,393.7634365,353.661996,-18.500383,-70.28148299999998,1.7841379999999845
0.9878733333333335,654.419492,350.0861243333334,-161.6665795,419.52826400000004,139.68067100000002,-12.157296,394.095948,354.284988,-18.621576,-70.25086600000003,1.9988700000000108
1.0656096666666677,654.644302,350.1103946666667,-161.6763785,419.44395199999997,140.162878,-12.295355500000001,394.4285155,354.9006,-18.743489,-70.21946100000002,2.2105380000000423
1.1424770000000002,654.8681586666667,350.1346886666667,-161.69314450000002,419.366268,140.6406725,-12.437575,394.7613485,355.5095205,-18.865664,-70.18730500000004,2.419029000000023
1.218421,655.090965,350.1590536666667,-161.716672,419.294757,141.1145125,-12.5839465,395.09464149999997,356.11242200000004,-18.987667000000002,-70.15444299999996,2.6242560000000026
1.2933886666666654,655.312625,350.1835363333333,-161.746748,419.2289545,141.5848605,-12.734447,395.428574,356.70995849999997,-19.109099999999998,-70.12092799999999,2.826178999999968
1.3673266666666664,655.5330413333332,350.20818033333336,-161.783154,419.1683885,142.0521855,-12.889037,395.76331,357.3027605,-19.229594000000002,-70.08682399999998,3.0247870000000034
1.4401856666666664,655.7521166666667,350.23303000000004,-161.8256655,419.11258,142.5169555,-13.047659,396.0989955,357.8914335,-19.348816,-70.05220299999996,3.2201129999999694
1.5119166666666664,655.9697546666666,350.25812666666667,-161.8740555,419.0610445,142.979643,-13.210236499999999,396.4357605,358.47655599999996,-19.466461,-70.01714700000002,3.412216000000001
1.5824709999999997,656.1858576666667,350.28351,-161.9280925,419.013288,143.4407155,-13.376669,396.77371600000004,359.058675,-19.582258000000003,-69.98174999999998,3.601191999999969
1.6518033333333333,656.4003309999999,350.309217,-161.98754200000002,418.9688145,143.900636,-13.546837,397.112952,359.63830900000005,-19.695962,-69.94611599999996,3.7871660000000134
1.719870333333333,656.6130803333333,350.33528466666667,-162.05217,418.9271225,144.35986300000002,-13.7205975,397.4535425,360.2159425,-19.807361,-69.91035700000003,3.970282999999995
1.786629333333334,656.8240119999999,350.361745,-162.1217405,418.88770650000004,144.81884250000002,-13.8977865,397.795539,360.7920295,-19.916265,-69.874594,4.150711000000001
1.8520403333333337,657.033035,350.38862966666665,-162.19601699999998,418.85005950000004,145.2780105,-14.078218,398.13897299999996,361.36699050000004,-20.022514,-69.838954,4.328637000000015
1.9160666666666677,657.24006,350.41596666666663,-162.274764,418.8136725,145.73779100000002,-14.261685,398.4838555,361.941215,-20.125966,-69.80356700000004,4.50425800000005
1.9786719999999998,657.4449996666666,350.4437826666667,-162.357747,418.7780375,146.1985905,-14.4479635,398.8301765,362.5150605,-20.226503,-69.76856899999996,4.677780999999982
2.0398236666666656,657.6477696666667,350.4721016666667,-162.44473349999998,418.74264800000003,146.6607985,-14.636809,399.177905,363.0888545,-20.32403,-69.73408999999998,4.849414999999965
2.099490333333333,657.8482886666667,350.500943,-162.5354925,418.707,147.1247865,-14.827964,399.52698999999996,363.66289700000004,-20.418466,-69.70026200000001,5.0193760000000225
2.1576443333333333,658.046477,350.530327,-162.629795,418.670596,147.590905,-15.0211555,399.8773615,364.237458,-20.509753,-69.66720699999996,5.18787199999997
2.214259666666667,658.2422603333333,350.5602676666667,-162.727416,418.632943,148.059484,-15.2161015,400.2289275,364.8127835,-20.597851,-69.635039,5.355113000000017
2.269312666666666,658.435566,350.59077933333333,-162.828133,418.5935565,148.530829,-15.412511,400.5815795,365.3890955,-20.682736000000002,-69.603859,5.521298999999999
2.3227826666666664,658.626326,350.62187233333333,-162.931726,418.5519625,149.005223,-15.610087,400.93519000000003,365.966592,-20.764406,-69.57375199999996,5.686623999999995
2.374651666666667,658.8144759999999,350.6535536666667,-163.037979,418.507697,149.48292600000002,-15.8085305,401.28961400000003,366.545452,-20.842879000000003,-69.54478399999999,5.851275999999984
2.4249039999999997,658.9999556666667,350.68583000000007,-163.146679,418.460311,149.9641715,-16.007542,401.6446915,367.1258335,-20.918188,-69.516999,6.015431000000035
2.473526999999999,659.1827089999999,350.71870433333333,-163.257615,418.409368,150.4491725,-16.206826500000002,402.000246,367.7078785,-20.990395,-69.49041999999997,6.179260999999997
2.5205100000000003,659.3626840000001,350.752177,-163.370582,418.3544505,150.93811399999998,-16.406093,402.356089,368.2917125,-21.05958,-69.46504000000004,6.34292899999997
2.5658446666666674,659.5398336666667,350.786245,-163.48537549999998,418.295158,151.4311595,-16.6050625,402.7120175,368.87744699999996,-21.125847,-69.44082700000001,6.506590000000017
2.6095273333333333,659.7141156666667,350.8209053333333,-163.6017955,418.23111,151.928449,-16.803465,403.06781950000004,369.46518149999997,-21.189328,-69.41772099999997,6.670395000000042
2.6515543333333333,659.8854913333333,350.8561516666667,-163.719645,418.1619465,152.4301,-17.001044999999998,403.4232705,370.0550015,-21.250176,-69.39563099999998,6.834488999999962
2.6919256666666667,660.0539279999999,350.8919753333333,-163.8387295,418.0873325,152.93620850000002,-17.1975655,403.778138,370.64698350000003,-21.308573000000003,-69.37444199999999,6.999015000000043
2.7306450000000004,660.219397,350.9283653333334,-163.958857,418.0069545,153.44685199999998,-17.392806,404.132183,371.2411945,-21.364724000000002,-69.35401000000002,7.164110999999991
2.7677156666666662,660.3818736666666,350.9653093333333,-164.079839,417.92052750000005,153.9620865,-17.586568,404.485159,371.8376935,-21.418860000000002,-69.33416399999999,7.329915000000028
2.803146333333333,660.5413403333333,351.00279333333333,-164.20148899999998,417.8277915,154.48195099999998,-17.778675,404.836815,372.4365315,-21.471234000000003,-69.31471199999999,7.496561000000042
2.836947,660.6977816666666,351.04080066666666,-164.3236245,417.728516,155.00647049999998,-17.9689755,405.186894,373.0377515,-21.522125000000003,-69.29544199999998,7.664180999999985
2.8691300000000006,660.8511893333333,351.07931433333334,-164.44606399999998,417.6224995,155.5356515,-18.157339999999998,405.535139,373.6413925,-21.571825999999998,-69.27612599999998,7.832906999999977
2.899709666666667,661.0015573333334,351.118315,-164.56862999999998,417.5095705,156.069489,-18.343667,405.88128900000004,374.247487,-21.620648000000003,-69.25651999999997,8.002863999999988
2.928703333333333,661.148886,351.15778266666666,-164.691148,417.3895895,156.60796499999998,-18.52788,406.2250815,374.8560635,-21.668916000000003,-69.236377,8.174172999999996
2.9561299999999995,661.2931796666667,351.19769533333334,-164.8134465,417.262449,157.15105,-18.709927999999998,406.56625499999996,375.467143,-21.716962,-69.21544,8.346949999999993
2.982011666666667,661.4344466666666,351.23803,-164.9353575,417.12807499999997,157.69870400000002,-18.889785500000002,406.90454850000003,376.0807455,-21.765119000000002,-69.19345900000002,8.521302999999989
3.006371666666667,661.572701,351.27876399999997,-165.056717,416.98642700000005,158.250879,-19.067453,407.2397015,376.696885,-21.813724,-69.170185,8.697325999999975
3.0292356666666667,661.7079600000001,351.3198730000001,-165.177365,416.837499,158.80751600000002,-19.2429515,407.571456,377.31557150000003,-21.863101,-69.14538399999998,8.875103000000024
3.050631333333334,661.8402446666668,351.3613316666667,-165.2971465,416.68131900000003,159.368549,-19.416327000000003,407.8995565,377.9368095,-21.913568,-69.118831,9.054698999999971
3.070588333333332,661.9695816666667,351.40311533333335,-165.4159115,416.5179505,159.93390399999998,-19.587643,408.223752,378.5606,-21.96542,-69.090326,9.236161999999979
3.089138333333333,662.0959993333332,351.4451986666666,-165.53351550000002,416.3474915,160.5034975,-19.7569835,408.5437935,379.1869375,-22.018932999999997,-69.05968899999999,9.419521000000032
3.106313666666667,662.2195330000001,351.4875556666666,-165.64982,416.170075,161.07723950000002,-19.924445499999997,408.8594405,379.815812,-22.074353,-69.026767,9.60477800000001
3.1221493333333328,662.3402186666667,351.53016099999996,-165.76469250000002,415.98586850000004,161.655029,-20.0901395,409.170456,380.447205,-22.131892999999998,-68.99143800000002,9.79191000000003
3.136682,662.4580976666666,351.57298999999995,-165.87800950000002,415.7950735,162.236756,-20.2541855,409.4766105,381.081091,-22.191731,-68.95360900000003,9.980869999999982
3.149949333333334,662.573214,351.61601633333333,-165.989653,415.5979235,162.82230049999998,-20.4167105,409.77768349999997,381.71743549999997,-22.254002999999997,-68.91322299999996,10.171579000000008
3.16199,662.6856160000001,351.6592163333333,-166.099514,415.3946865,163.4115285,-20.577844,410.0734635,382.3561935,-22.318802,-68.87025500000004,10.36392699999999
3.1728436666666666,662.7953536666666,351.70256566666666,-166.2074905,415.185659,164.00429450000001,-20.737714999999998,410.363749,382.997308,-22.386178,-68.82471800000002,10.557778000000042
3.182551666666667,662.9024820000001,351.74604100000005,-166.3134905,414.97116800000003,164.6004375,-20.896451,410.6483525,383.6407095,-22.45613,-68.776657,10.752965000000017
3.1911556666666656,663.0070573333334,351.7896193333333,-166.41743050000002,414.75156849999996,165.19977899999998,-21.054170499999998,410.9270995,384.2863125,-22.528610999999998,-68.72615299999995,10.949287000000027
3.198699,663.1091399999999,351.8332793333334,-166.51923449999998,414.5272415,165.802124,-21.210984500000002,411.1998315,384.934016,-22.603527,-68.673315,11.146522000000004
3.2052236666666674,663.2087923333333,351.87699833333335,-166.61883749999998,414.2985895,166.40725700000002,-21.366989999999998,411.4664075,385.583699,-22.680737999999998,-68.61828700000001,11.344417999999962
3.210773666666667,663.3060793333333,351.92075700000004,-166.7161815,414.0660385,167.0149405,-21.522268500000003,411.7267065,386.23522149999997,-22.760059000000002,-68.561237,11.542695000000037
3.215392333333334,663.401069,351.964536,-166.8112175,413.8300315,167.624915,-21.676884,411.980629,386.888421,-22.841262,-68.50236000000001,11.741060000000004
3.219123000000001,663.4938309999999,352.00831666666664,-166.9039055,413.5910265,168.2368975,-21.830882000000003,412.228099,387.54311099999995,-22.924082000000002,-68.441868,11.939191999999991
3.2220093333333337,663.584438,352.05208066666665,-166.9942115,413.3494955,168.85057899999998,-21.9842865,412.4690665,388.199079,-23.008219000000004,-68.37999500000001,12.136764000000028
3.2240933333333324,663.6729636666666,352.09581133333336,-167.082111,413.1059195,169.465624,-22.137096500000002,412.703508,388.856086,-23.093341000000002,-68.31698800000004,12.333430000000021
3.2254183333333324,663.7594843333333,352.13949299999996,-167.1675855,412.86078599999996,170.0816715,-22.2892905,412.931429,389.513866,-23.179095000000004,-68.25310200000001,12.528841999999997
3.226024666666666,663.8440780000001,352.1831096666667,-167.25062200000002,412.6145845,170.698333,-22.4408235,413.152865,390.1721205,-23.265101,-68.18860000000001,12.722645
3.2259539999999993,663.926824,352.2266466666667,-167.3312135,412.3678075,171.3151925,-22.591624499999998,413.3678835,390.830522,-23.350969,-68.12374499999999,12.914485999999954
3.2252446666666668,664.007803,352.27009,-167.4093575,412.120941,171.931809,-22.741604,413.576584,391.4887135,-23.436299999999996,-68.05880199999996,13.104018999999994
3.2239349999999996,664.087098,352.3134253333333,-167.48505699999998,411.87446650000004,172.54771549999998,-22.890648000000002,413.77909650000004,392.146304,-23.520688,-67.99402700000002,13.290902000000017
3.222061666666667,664.1647916666667,352.35663999999997,-167.558316,411.628858,173.162419,-23.0386245,413.9755865,392.802871,-23.603733,-67.92967099999998,13.47480999999999
3.2196596666666664,664.2409686666666,352.39972033333333,-167.6291435,411.3845755,173.77540449999998,-23.1853835,414.16624850000005,393.4579635,-23.685039000000003,-67.865973,13.655433000000016
3.2167616666666654,664.3157136666667,352.442652,-167.6975495,411.142068,174.386136,-23.330761,414.35131,394.111097,-23.764226,-67.803156,13.83248199999997
3.2133993333333337,664.3891133333333,352.48542333333336,-167.76354600000002,410.9017655,174.994057,-23.4745795,414.5310275,394.76175850000004,-23.840931000000005,-67.74143100000003,14.005687000000023
3.2096016666666665,664.4612529999999,352.52801900000003,-167.8271465,410.66408249999995,175.5985935,-23.616654,414.70568549999996,395.4094065,-23.914812000000005,-67.68098700000002,14.174808999999982
3.205396,664.532219,352.570426,-167.888365,410.429414,176.19915600000002,-23.756794,414.87559450000003,396.0534725,-23.985557999999997,-67.62199500000003,14.339635000000044
3.200807333333334,664.602098,352.6126286666667,-167.947218,410.19813350000004,176.795144,-23.894807999999998,415.0410865,396.69336450000003,-24.052885999999997,-67.56460700000002,14.499978999999996
3.1958583333333337,664.670976,352.654611,-168.00372149999998,409.970595,177.385946,-24.0305055,415.2025155,397.32846900000004,-24.116547000000004,-67.50895100000002,14.655691999999988
3.1905693333333325,664.7389386666667,352.6963573333333,-168.0578925,409.7471295,177.970943,-24.163702999999998,415.3602505,397.958151,-24.176332,-67.45513500000004,14.806651999999985
3.184958999999999,664.8060713333333,352.7378493333333,-168.10975000000002,409.528049,178.5495105,-24.2942265,415.5146735,398.5817605,-24.232069,-67.40324099999998,14.952775000000031
3.1790426666666676,664.8724579999999,352.77906766666666,-168.159315,409.31364199999996,179.12102349999998,-24.421916,415.666175,399.1986335,-24.283629999999995,-67.35333600000001,15.094004999999981
3.1728336666666657,664.9381826666666,352.8199926666666,-168.20661,409.10417700000005,179.6848565,-24.5466275,415.81515,399.8080965,-24.330927000000003,-67.30545999999998,15.230321000000004
3.166344000000001,665.0033273333333,352.86060033333337,-168.251661,408.89990450000005,180.2403855,-24.6682385,415.9619935,400.4094705,-24.373919,-67.259635,15.361734999999953
3.159581999999999,665.067972,352.90086866666667,-168.2944975,408.7010545,180.7869945,-24.7866475,416.1070965,401.0020715,-24.412606999999998,-67.21586300000001,15.488285000000019
3.1525546666666657,665.1321973333334,352.9407713333333,-168.335152,408.507842,181.324072,-24.901780000000002,416.2508395,401.5852165,-24.447036,-67.174127,15.610041000000024
3.1452660000000012,665.1960793333334,352.9802803333334,-168.37366550000002,408.320465,181.85101650000001,-25.0135885,416.393592,402.1582285,-24.477291,-67.13439399999999,15.727096999999958
3.137719666666666,665.2596943333333,353.0193666666667,-168.4100815,408.13911,182.367238,-25.122054,416.535703,402.7204355,-24.503501999999997,-67.09661599999998,15.839570999999978
3.1299146666666657,665.3231146666667,353.0579993333333,-168.4444525,407.9639495,182.872158,-25.2271875,416.6775005,403.27117699999997,-24.525833000000002,-67.06073100000003,15.947602000000018
3.1218503333333327,665.3864110000001,353.0961443333333,-168.47683849999999,407.7951485,183.36521249999998,-25.3290285,416.81928700000003,403.80980650000004,-24.544489,-67.02666200000004,16.05134700000002
3.1135230000000007,665.449653,353.13376666666665,-168.507308,407.632862,183.84585299999998,-25.4276495,416.9613335,404.3356945,-24.559704999999997,-66.994327,16.150973000000022
3.104927,665.5129039999999,353.17082899999997,-168.53593949999998,407.4772395,184.31354800000003,-25.5231485,417.1038785,404.8482285,-24.571749000000004,-66.96363299999996,16.246663000000012
3.096055999999999,665.5762286666667,353.207293,-168.5628195,407.3284275,184.767781,-25.615654,417.247124,405.346819,-24.580911999999998,-66.93448000000001,16.338603999999975
3.0869009999999997,665.6396853333334,353.243117,-168.588046,407.1865685,185.208057,-25.7053185,417.3912325,405.8308995,-24.587511,-66.90676299999996,16.426983000000007
3.077452333333335,665.7033316666667,353.2782593333333,-168.6117285,407.051804,185.633897,-25.792318,417.5363235,406.299928,-24.591876,-66.88037700000001,16.51199200000002
3.067698333333333,665.7672200000001,353.31267566666673,-168.633985,406.9242765,186.04484300000001,-25.876851,417.6824745,406.753388,-24.594355999999998,-66.85521299999999,16.59381400000001
3.057627333333333,665.8314006666666,353.3463203333334,-168.6549465,406.8041285,186.44045699999998,-25.959131000000003,417.8297185,407.190791,-24.595306,-66.831165,16.672626000000037
3.047224666666667,665.89592,353.3791476666667,-168.6747535,406.6915065,186.8203205,-26.039389,417.9780395,407.6116755,-24.595085999999995,-66.80812900000001,16.748593000000028
3.0364756666666657,665.960821,353.41110966666673,-168.6935565,406.5865585,187.1840365,-26.1178635,418.127379,408.0156065,-24.594054999999997,-66.78600599999999,16.821865000000003
3.0253643333333335,666.0261433333334,353.442158,-168.711515,406.489437,187.531228,-26.1948025,418.27763000000004,408.4021795,-24.592567000000003,-66.764702,16.892575000000022
3.0138753333333335,666.0919220000001,353.4722433333333,-168.72879899999998,406.40029849999996,187.86154,-26.270456,418.42864099999997,408.7710145,-24.590966,-66.74413199999998,16.96083500000003
3.001990333333334,666.1581889999999,353.5013166666667,-168.7455855,406.319302,188.17463750000002,-26.345074500000003,418.5802155,409.121762,-24.589585000000003,-66.724219,17.026736000000028
2.9896920000000002,666.224972,353.52932766666663,-168.762057,406.246612,188.470208,-26.418903,418.732114,409.4540955,-24.588735999999997,-66.70489600000002,17.090344999999957
2.976962333333333,666.2922953333333,353.556227,-168.77840450000002,406.182395,188.74795749999998,-26.4921815,418.884057,409.767715,-24.588708999999998,-66.68610999999999,17.151702
2.963781333333333,666.3601796666667,353.5819653333333,-168.79481950000002,406.1268205,189.00761549999999,-26.5651375,419.0357265,410.0623465,-24.589771,-66.66781900000001,17.21082100000001
2.9501323333333325,666.4286406666666,353.60649366666667,-168.8115,406.080061,189.248932,-26.6379855,419.18677,410.3377375,-24.592157,-66.64999399999999,17.267687000000024
2.935994666666667,666.4976906666667,353.62976299999997,-168.828642,406.0422875,189.471676,-26.710924,419.3368015,410.593658,-24.596074,-66.63262100000003,17.322262000000023
2.9213496666666665,666.567338,353.651726,-168.84644350000002,406.0136745,189.6756375,-26.784134,419.485408,410.8299,-24.601692,-66.6157,17.374473999999964
2.906178666666668,666.6375869999999,353.67233699999997,-168.86509999999998,405.994393,189.86062600000002,-26.8577765,419.632151,411.0462725,-24.609147000000004,-66.59924799999999,17.424229000000025
2.8904623333333337,666.7084376666667,353.69155,-168.88480299999998,405.98461399999997,190.026472,-26.93199,419.776573,411.242607,-24.618538,-66.58329800000001,17.471406
2.874182,666.7798866666666,353.7093216666667,-168.90573899999998,405.98450149999996,190.173021,-27.006892,419.9182005,411.418748,-24.629925999999998,-66.56789500000002,17.515855999999985
2.8573196666666676,666.8519259999999,353.72560999999996,-168.9280895,405.99421900000004,190.300141,-27.082577999999998,420.05654649999997,411.574559,-24.643332,-66.55310300000002,17.557410000000004
2.839857666666667,666.9245446666666,353.74037466666664,-168.952026,406.013921,190.407714,-27.159118499999998,420.191119,411.7099175,-24.658738999999997,-66.53899799999999,17.595874999999978
2.8217776666666676,666.9977256666666,353.753577,-168.977712,406.043757,190.495641,-27.2365645,420.3214225,411.824714,-24.676091,-66.52567299999998,17.631038000000046
2.803063333333334,667.0714506666667,353.7651813333334,-169.0053015,406.083867,190.56383799999998,-27.314943,420.4469645,411.91885249999996,-24.695294000000004,-66.51323300000001,17.662668999999994
2.783698666666666,667.1456953333333,353.77515266666666,-169.03493550000002,406.13438199999996,190.612236,-27.394261,420.567257,411.992249,-24.716217999999998,-66.50179600000001,17.690519999999992
2.7636669999999985,667.2204316666666,353.7834603333334,-169.066746,406.1954215,190.6407815,-27.4745065,420.6818225,412.0448305,-24.738699000000004,-66.491491,17.714331000000016
2.7429543333333335,667.2956293333333,353.79007366666673,-169.1008485,406.26709600000004,190.6494335,-27.555647999999998,420.79019900000003,412.0765345,-24.762539999999998,-66.48245800000001,17.73383100000001
2.7215463333333325,667.3712516666668,353.7949663333334,-169.137349,406.34950249999997,190.6381625,-27.637639,420.891941,412.087307,-24.787512000000003,-66.47484400000002,17.748739999999998
2.699429333333333,667.4472596666667,353.798113,-169.17633999999998,406.4427245,190.606954,-27.720418,420.9866245,412.07710299999997,-24.813359999999996,-66.46880499999997,17.758767999999975
2.6765906666666655,667.523611,353.799491,-169.2178985,406.546834,190.555802,-27.8039105,421.073851,412.045886,-24.839799,-66.46449799999999,17.763623999999993
2.6530190000000005,667.6002583333334,353.7990816666667,-169.262092,406.66188750000003,190.4847105,-27.8880305,421.1532475,411.993626,-24.866527,-66.46208899999999,17.763014
2.6287023333333344,667.677151,353.79686666666663,-169.3089735,406.787929,190.39369399999998,-27.9726845,421.2244705,411.92030050000005,-24.893220999999997,-66.46174099999996,17.756641000000002
2.6036316666666672,667.7542343333333,353.79283133333337,-169.358586,406.924988,190.28277500000002,-28.057771000000002,421.287207,411.82589299999995,-24.91954,-66.463616,17.744214
2.5777963333333322,667.8314513333333,353.78696233333335,-169.41096149999998,407.0730795,190.1519845,-28.143183999999998,421.34117849999996,411.71039099999996,-24.945132,-66.46787499999999,17.725437999999997
2.551188999999999,667.90874,353.7792503333333,-169.46612149999999,407.23220449999997,190.001361,-28.2288135,421.38613699999996,411.5737895,-24.969635,-66.474672,17.70002900000003
2.523801000000001,667.9860353333333,353.7696866666667,-169.5240795,407.4023515,189.8309505,-28.3145485,421.421871,411.41608399999996,-24.992681000000005,-66.48415399999999,17.66770600000001
2.4956246666666657,668.0632696666667,353.75826600000005,-169.584842,407.5834955,189.6408055,-28.400277499999998,421.44820300000003,411.2372755,-25.013894999999998,-66.49646000000001,17.628195000000005
2.466654666666667,668.140371,353.744984,-169.6484095,407.775597,189.430986,-28.485891000000002,421.464988,411.037368,-25.032904000000002,-66.51171799999997,17.581230000000005
2.4368840000000005,668.2172646666667,353.72983999999997,-169.714777,407.978607,189.20155749999998,-28.5712805,421.472117,410.81636649999996,-25.049339000000003,-66.53003800000005,17.526554999999973
2.4063080000000006,668.293873,353.71283300000005,-169.78393799999998,408.192463,188.95259149999998,-28.656343999999997,421.469512,410.5742765,-25.062831999999997,-66.55152199999998,17.463923000000023
2.374921666666667,668.3701156666666,353.6939663333333,-169.8558835,408.4170935,188.684166,-28.740983,421.457129,410.3111065,-25.073024,-66.57625200000001,17.39309700000001
2.3427210000000005,668.445909,353.67324333333335,-169.930604,408.652417,188.3963665,-28.8251055,421.4349515,410.0268625,-25.079565,-66.60429099999999,17.313849000000005
2.3097016666666663,668.5211676666667,353.65067,-170.00809149999998,408.89834299999995,188.089283,-28.908627499999998,421.4029935,409.721551,-25.082119,-66.63568700000002,17.225964000000033
2.2758613333333337,668.5958019999999,353.6262523333333,-170.08834000000002,409.15477450000003,187.763012,-28.991473999999997,421.3612955,409.395176,-25.080358,-66.67046699999997,17.12923599999999
2.2411963333333333,668.669722,353.60000033333336,-170.1713465,409.42160750000005,187.41765550000002,-29.0735775,421.309923,409.04774150000003,-25.073975,-66.70863600000001,17.02347100000003
2.205703666666667,668.7428353333333,353.5719226666667,-170.2571145,409.6987335,187.05332149999998,-29.154883500000004,421.2489635,408.67924700000003,-25.062675000000002,-66.750179,16.908483999999987
2.169381666666667,668.8150466666666,353.54203133333334,-170.34564949999998,409.9860415,186.6701225,-29.235347500000003,421.17852600000003,408.28969,-25.046183000000003,-66.79506399999997,16.784099999999967
2.1322283333333334,668.8862596666667,353.5103383333333,-170.436966,410.28341850000004,186.268176,-29.314938,421.098738,407.8790645,-25.024244000000003,-66.843234,16.65015699999998
2.094241,668.956377,353.47685699999994,-170.53108450000002,410.590751,185.847604,-29.3936395,421.00974099999996,407.44736,-24.996623,-66.89461599999998,16.50649999999996
2.055418666666667,669.025299,353.44160166666666,-170.62803250000002,410.907929,185.40852999999998,-29.471449999999997,420.9116915,406.99456299999997,-24.963103999999998,-66.949115,16.352986000000044
2.0157596666666673,669.0929263333333,353.404587,-170.7278435,411.23484599999995,184.951081,-29.548383,420.8047565,406.520655,-24.923498,-67.006621,16.189480000000003
1.9752620000000007,669.159158,353.36583,-170.8305615,411.5714015,184.47538350000002,-29.624472500000003,420.6891125,406.025613,-24.877635,-67.067005,16.01585399999999
1.933925333333333,669.223892,353.3253466666667,-170.936237,411.917505,183.9815625,-29.6997705,420.56494150000003,405.5094085,-24.825374999999998,-67.13012499999996,15.831995000000006
1.891747666666667,669.2870283333333,353.28315433333336,-171.0449275,412.273077,183.4697425,-29.7743495,420.4324305,404.9720085,-24.766600999999998,-67.19582300000002,15.637792999999988
1.848728333333333,669.3484646666667,353.2392713333333,-171.1567005,412.63805249999996,182.940041,-29.848303,420.2917665,404.41337450000003,-24.701224,-67.26393300000001,15.43315100000001
1.8048653333333335,669.4081006666667,353.1937156666666,-171.27162950000002,413.0123835,182.39257,-29.921749000000002,420.14313749999997,403.8334625,-24.629184000000002,-67.33427499999999,15.217979000000014
1.7601586666666666,669.4658353333333,353.14650600000004,-171.389796,413.3960425,181.827432,-29.994828,419.9867285,403.23222250000003,-24.550449999999998,-67.40666500000003,14.992196999999976
1.7146059999999999,669.5215703333333,353.09766233333335,-171.5112895,413.7890265,181.24471799999998,-30.067706,419.822719,402.609598,-24.465024,-67.48091,14.755738000000008
1.6682070000000007,669.5752076666666,353.04720266666664,-171.636205,414.1913575,180.6445065,-30.140575,419.65128100000004,401.9655265,-24.37294,-67.55681399999997,14.508538999999985
1.6209596666666666,669.6266506666666,352.995148,-171.76464750000002,414.60308799999996,180.0268585,-30.213651,419.472577,401.299939,-24.274268000000003,-67.63417800000002,14.25055599999996
1.5728626666666663,669.6758056666666,352.94151800000003,-171.896728,415.024305,179.391817,-30.287178,419.286759,400.61275850000004,-24.169114,-67.71280200000001,13.981750999999974
1.5239143333333331,669.722581,352.8863323333333,-172.032563,415.4551305,178.7394055,-30.3614245,419.093964,399.90390149999996,-24.057620999999997,-67.792486,13.702101000000027
1.4741126666666666,669.7668876666667,352.8296123333334,-172.172279,415.89572699999997,178.069626,-30.436685,418.89431249999996,399.173276,-23.939972000000004,-67.87303300000002,13.411598000000026
1.4234559999999996,669.808639,352.77137666666664,-172.316008,416.3462975,177.3824565,-30.5132785,418.687909,398.42078000000004,-23.816393,-67.954248,13.110248000000013
1.371941333333333,669.8477533333333,352.7116473333333,-172.463891,416.807092,176.67785149999997,-30.591545500000002,418.4748365,397.64630750000003,-23.687151000000004,-68.03593899999998,12.798074999999983
1.319566666666667,669.884151,352.65044366666666,-172.61607650000002,417.278405,175.9557405,-30.671850499999998,418.255154,396.8497395,-23.552554999999998,-68.11791600000004,12.475116999999955
1.2663276666666663,669.9177573333333,352.5877873333334,-172.7727205,417.760581,175.2160295,-30.754575,418.028899,396.0309515,-23.412963999999995,-68.199996,12.141436999999996
1.2122219999999997,669.948502,352.523699,-172.9339875,418.25401250000004,174.4586015,-30.8401195,417.7960785,395.1898095,-23.268779,-68.28199699999999,11.79711500000002
1.1572456666666662,669.9763193333333,352.4581993333333,-173.1000525,418.7591415,173.68331899999998,-30.928898500000003,417.5566735,394.32617300000004,-23.120447000000002,-68.363743,11.442250000000001
1.101394,670.0011473333334,352.39131033333337,-173.2710975,419.276458,172.890026,-31.021338,417.310632,393.43989450000004,-22.968462000000002,-68.44505600000002,11.07696900000002
1.0446626666666665,670.0229316666666,352.3230516666667,-173.4473155,419.806502,172.07855,-31.117873,417.0578675,392.530822,-22.813364,-68.52576499999998,10.701419999999985
0.9870466666666667,670.0416213333333,352.2534473333333,-173.6289075,420.3498555,171.24871,-31.2189435,416.798261,391.59879850000004,-22.655737000000002,-68.60569800000002,10.315774999999974
0.9285403333333336,670.0571719999999,352.1825186666667,-173.8160835,420.907143,170.40032,-31.324991500000003,416.531652,390.64366900000005,-22.496207000000002,-68.68468000000001,9.920230000000004
0.8691386666666668,670.069545,352.110288,-174.0090635,421.479025,169.533195,-31.436459,416.25784150000004,389.665278,-22.335443999999995,-68.76253700000001,9.515009999999961
0.8088356666666664,670.0787086666667,352.03678066666663,-174.2080755,422.0661935,168.6471575,-31.553781,415.97658850000005,388.6634755,-22.174156,-68.83909499999999,9.100363000000016
0.7476253333333321,670.084636,351.9620203333333,-174.41335450000003,422.66936250000003,167.742049,-31.677386499999997,415.6876055,387.6381215,-22.013086999999995,-68.91416900000002,8.676562999999987
0.6855023333333339,670.0873073333333,351.8860326666667,-174.62514349999998,423.289264,166.8177345,-31.807692499999998,415.3905615,386.589088,-21.853012999999997,-68.98757499999999,8.243906000000038
0.6224609999999998,670.08671,351.8088453333333,-174.843688,423.9266345,165.87411400000002,-31.945100500000002,415.085074,385.51626650000003,-21.694739000000002,-69.05912000000001,7.802718999999968
0.5584953333333335,670.082837,351.73048666666665,-175.06923999999998,424.5822055,164.911133,-32.089997,414.7707115,384.4195705,-21.539094,-69.128605,7.35334499999999
0.49360266666666686,670.0756883333332,351.65098766666665,-175.30205,425.2566945,163.9287905,-32.242747,414.446991,383.298946,-21.386928,-69.19581999999997,6.896152000000029
0.4277776666666672,670.0652706666667,351.570381,-175.542369,425.950787,162.9271525,-32.4036945,414.11337549999996,382.1543705,-21.239101,-69.26055100000002,6.431529000000012
0.3610183333333333,670.0515976666667,351.4887023333333,-175.790444,426.66513,161.906362,-32.573159,413.769273,380.9858675,-21.096484,-69.32257000000004,5.959882999999991
0.29332366666666676,670.0346883333333,351.4059896666667,-176.0465155,427.40031150000004,160.866647,-32.751433999999996,413.41403549999995,379.793507,-20.959951999999998,-69.381643,5.481638000000032
0.22469433333333347,670.0145686666666,351.3222846666667,-176.310812,428.1568495,159.808335,-32.938786,413.046959,378.57741599999997,-20.830374000000003,-69.43752599999999,4.997230000000002
0.1551326666666671,669.9912716666668,351.2376316666667,-176.583551,428.9351775,158.731858,-33.135455,412.6672835,377.337783,-20.708609999999997,-69.48996499999998,4.507114000000001
0.08464366666666685,669.9648346666667,351.1520803333333,-176.86492950000002,429.73562649999997,157.637766,-33.3416495,412.27419,376.074868,-20.595507,-69.53869800000001,4.011750000000006
0.01323500000000107,669.9353026666666,351.0656833333333,-177.1551265,430.55841350000003,156.5267345,-33.5575515,411.8668055,374.78900350000004,-20.491889000000004,-69.58345499999996,3.5116089999999645
-0.05908199999999978,669.9027256666667,350.97849799999995,-177.4542915,431.4036255,155.39956899999999,-33.783311999999995,411.44419949999997,373.480609,-20.398553999999997,-69.62395699999996,3.0071679999999787
-0.13229466666666725,669.8671573333334,350.8905876666666,-177.76254949999998,432.271208,154.257216,-34.0190555,411.00538900000004,372.1501885,-20.316267,-69.65992399999999,2.4989069999999742
-0.2063839999999999,669.828658,350.80202,-178.07998800000001,433.1609495,153.1007625,-34.2648755,410.54933800000003,370.7983435,-20.245757,-69.69106200000004,1.987310999999977
-0.28132799999999936,669.787293,350.71286933333334,-178.4066605,434.072474,151.931444,-34.52084,410.0749605,369.4257725,-20.18771,-69.71708099999995,1.4728629999999612
-0.35710066666666734,669.7431303333333,350.62321433333335,-178.74257899999998,435.0052285,150.7506435,-34.786991,409.5811255,368.033278,-20.142765999999998,-69.737683,0.9560460000000148
-0.43367066666666726,669.6962426666668,350.53314100000006,-179.0877125,435.95847749999996,149.5598925,-35.0633445,409.0666565,366.62176999999997,-20.111517000000003,-69.75257099999999,0.4373380000000111
-0.511001999999999,669.646706,350.4427413333333,-179.4419815,436.931295,148.36086949999998,-35.349893,408.53033949999997,365.192269,-20.094498,-69.76144700000003,-0.08278200000000879
-0.589052666666667,669.5945993333333,350.35211499999997,-179.8052615,437.922565,147.155397,-35.6466085,407.97092599999996,363.7459075,-20.092192999999998,-69.76401400000003,-0.6038449999999784
-0.6677760000000003,669.5400036666666,350.2613656666667,-180.17737449999998,438.9309755,145.9454355,-35.953441,407.3871395,362.28393200000005,-20.105026000000002,-69.75997899999999,-1.1253859999999918
-0.7471180000000001,669.483004,350.1706073333333,-180.5580915,439.95502250000004,144.733077,-36.2703255,406.777678,360.8077015,-20.133361,-69.749052,-1.6469510000000014
-0.8270213333333339,669.4236836666668,350.07995766666664,-180.94712950000002,440.993015,143.520536,-36.597178,406.141224,359.31869,-20.177504,-69.73095,-2.1680900000000065
-0.9074199999999992,669.3621296666666,349.98954299999997,-181.344154,442.04307800000004,142.3101395,-36.933903,405.47645,357.8184825,-20.237697999999998,-69.70539599999995,-2.688362999999981
-0.988242666666666,669.298429,349.8994956666667,-181.74877650000002,443.1031635,141.1043165,-37.280392,404.782023,356.30877250000003,-20.314127999999997,-69.672124,-3.2073429999999803
-1.0694116666666664,669.2326676666667,349.80995499999995,-182.16055599999999,444.171062,139.905583,-37.636528,404.05661599999996,354.7913595,-20.406916000000002,-69.630878,-3.7246109999999817
-1.150844,669.1649333333334,349.72106533333334,-182.5790015,445.2444135,138.71652749999998,-38.002187,403.298913,353.268143,-20.516128,-69.581412,-4.239757999999995
-1.232449,669.0953106666667,349.63297933333337,-183.00357300000002,446.320725,137.5397965,-38.377239,402.507616,351.74111849999997,-20.64177,-69.52349800000002,-4.7523910000000456
-1.3141300000000002,669.0238843333333,349.54585333333335,-183.433683,447.39738750000004,136.37807800000002,-38.761553,401.68145549999997,350.21236999999996,-20.783794,-69.45691700000003,-5.2621240000000284
-1.3957853333333325,668.9507373333332,349.4598493333333,-183.8687005,448.47169299999996,135.234084,-39.154996499999996,400.81919600000003,348.6840625,-20.942096999999997,-69.38147399999997,-5.76858900000002
-1.4773060000000005,668.8759493333333,349.37513399999995,-184.307953,449.5408575,134.110531,-39.5574395,399.9196445,347.158431,-21.116523,-69.296985,-6.271432000000004
-1.5585789999999997,668.7995976666667,349.2918793333333,-184.7507315,450.602038,133.01012599999999,-39.9687545,398.98165900000004,345.6377765,-21.306869,-69.20328999999998,-6.770309000000054
-1.6394846666666663,668.7217573333334,349.210259,-185.19628999999998,451.6523575,131.935543,-40.3888205,398.00415399999997,344.12444849999997,-21.512883000000002,-69.10025000000002,-7.264898999999957
-1.7198983333333333,668.6424993333334,349.1304513333334,-185.6438555,452.68892700000004,130.8894095,-40.817524,396.9861095,342.62084000000004,-21.734272,-68.98774300000002,-7.754889999999989
-1.7996913333333335,668.5618906666667,349.052635,-186.092624,453.7088635,129.874284,-41.254760499999996,395.926576,341.129369,-21.970696999999998,-68.86567600000001,-8.239994000000024
-1.8787299999999998,668.4799939999999,348.97699166666666,-186.54177149999998,454.7093175,128.8926435,-41.7004355,394.824682,339.652471,-22.221785000000004,-68.73397399999999,-8.719935999999961
-1.9568776666666672,668.396869,348.903702,-186.990452,455.68749,127.9468615,-42.1544655,393.6796385,338.19258,-22.487124999999995,-68.59258899999998,-9.194465999999977
-2.033993,668.3125676666667,348.8329466666667,-187.43780249999998,456.6406555,127.03919400000001,-42.61678,392.4907465,336.752117,-22.766276,-68.44149900000002,-9.663350000000037
-2.1099333333333328,668.2271403333333,348.76490600000005,-187.88295,457.5661795,126.171764,-43.087323,391.25739699999997,335.33347349999997,-23.058764000000004,-68.28070399999996,-10.12637699999999
-2.184552333333334,668.1406293333333,348.6997556666667,-188.325008,458.46153849999996,125.34654599999999,-43.566049,389.9790795,333.938995,-23.364092,-68.110229,-10.583358000000032
-2.257703333333334,668.0530723333333,348.6376696666666,-188.76308699999998,459.32433549999996,124.565353,-44.052927499999996,388.655384,332.570966,-23.681734999999996,-67.93012600000003,-11.034132
-2.329237333333334,667.964503,348.57881833333334,-189.19628899999998,460.1523165,123.8298245,-44.547940999999994,387.2860005,331.23159150000004,-24.011148,-67.74046899999996,-11.478552999999977
-2.399006333333333,667.8749470000001,348.5233640000001,-189.623718,460.943383,123.141414,-45.051085,385.87072450000005,329.922981,-24.351770000000002,-67.541357,-11.916510000000017
-2.4668603333333334,667.7844256666667,348.471465,-190.0444775,461.695604,122.5013815,-45.5623645,384.40945550000004,328.647132,-24.703021,-67.33290700000003,-12.347913999999946
-2.532652666666666,667.6929536666667,348.4232703333333,-190.457672,462.4072285,121.910781,-46.0817955,382.902201,327.40591,-25.064309,-67.11526000000003,-12.772701999999981
-2.5962373333333333,667.6005396666667,348.3789223333333,-190.8624145,463.07669,121.37045749999999,-46.609401,381.34907050000004,326.201037,-25.435029999999998,-66.888577,-13.190841999999975
-2.657470333333333,667.5071873333333,348.3385523333333,-191.2578215,463.7026155,120.8810405,-47.145210500000005,379.750281,325.0340685,-25.814573000000003,-66.653032,-13.602328999999997
-2.716210333333334,667.4128933333333,348.30228166666666,-191.643019,464.2838315,120.442935,-47.6892565,378.10615,323.906384,-26.202319000000003,-66.40881999999999,-14.007188000000042
-2.77232,667.317649,348.2702213333334,-192.017142,464.8193645,120.056325,-48.2415715,376.4170995,322.819167,-26.597643000000005,-66.15614300000004,-14.405474000000027
-2.825667333333334,667.2214399999999,348.24246833333336,-192.379339,465.308444,119.7211685,-48.8021835,374.683648,321.773394,-26.999921,-65.89522,-14.79727200000002
-2.8761233333333336,667.124246,348.21910866666667,-192.72877,465.750504,119.4371965,-49.371116,372.906412,320.76981950000004,-27.408528000000004,-65.62627399999997,-15.182699000000014
-2.9235666666666664,667.0260413333333,348.2002126666667,-193.0646095,466.14517950000004,119.2039155,-49.948381,371.08610150000004,319.8089645,-27.822836000000002,-65.349539,-15.561901000000034
-2.9678803333333335,666.9267953333333,348.18583766666666,-193.38604850000002,466.492304,119.0206115,-50.5339765,369.2235175,318.89110700000003,-28.242227,-65.065247,-15.935055999999975
-3.008954999999999,666.8264706666668,348.176025,-193.6922965,466.7919085,118.88635,-51.127882,367.319547,318.0162725,-28.666081999999996,-64.773638,-16.302374999999984
-3.046689,666.7250263333334,348.1708013333334,-193.98258299999998,467.044213,118.7999835,-51.730055,365.37516300000004,317.1842275,-29.09379,-64.47494599999999,-16.664097000000027
-3.080987666666666,666.6224163333334,348.170177,-194.2561605,467.24962400000004,118.76015699999999,-52.340427,363.3914165,316.394472,-29.524748000000002,-64.16940699999998,-17.02049199999999
-3.1117650000000006,666.5185893333334,348.1741456666667,-194.512304,467.408725,118.76531650000001,-52.958899,361.369438,315.6462405,-29.95836,-63.85724800000003,-17.37185900000003
-3.1389443333333333,666.4134893333334,348.182685,-194.750317,467.52227200000004,118.8137165,-53.585337499999994,359.310431,314.9384975,-30.394045,-63.538693999999964,-17.718525
-3.1624573333333337,666.3070576666667,348.19575499999996,-194.96953200000002,467.59118049999995,118.9034285,-54.219573499999996,357.215668,314.269938,-30.831227000000005,-63.21396000000004,-18.060846000000026
-3.1822443333333332,666.1992300000001,348.213299,-195.16931399999999,467.61652349999997,119.032354,-54.8613945,355.08649149999997,313.63899449999997,-31.269344999999994,-62.883249000000035,-18.39919900000001
-3.198257666666666,666.0899396666666,348.235246,-195.349065,467.599517,119.19823450000001,-55.510548,352.924306,313.04383800000005,-31.707853999999998,-62.546757999999954,-18.73398800000001
-3.210457,665.979116,348.26150533333333,-195.50822349999999,467.541511,119.398665,-56.16673349999999,350.73057800000004,312.482387,-32.146218999999995,-62.20467000000002,-19.06563399999999
-3.218814333333333,665.866685,348.2919713333334,-195.6462715,467.4439825,119.6311055,-56.8296055,348.50683300000003,311.952319,-32.583921000000004,-61.857155999999975,-19.39458000000002
-3.2233096666666667,665.7525703333332,348.32652299999995,-195.76273700000002,467.3085225,119.89289649999999,-57.4987675,346.2546515,311.451079,-33.020458999999995,-61.50437500000004,-19.72127999999998
-3.2239346666666666,665.6366926666667,348.365023,-195.85719749999998,467.1368255,120.1812725,-58.17377450000001,343.9756685,310.975895,-33.455345,-61.14647500000001,-20.046201999999994
-3.2206906666666666,665.518971,348.40731966666664,-195.929282,466.9306815,120.49337750000001,-58.854134,341.6715695,310.5237935,-33.88810999999999,-60.783589000000006,-20.369822999999997
-3.2135889999999994,665.3993220000001,348.45324733333337,-195.9786785,466.691961,120.82628199999999,-59.5393035,339.3440885,310.0916155,-34.318299,-60.415841,-20.692623000000026
-3.202650999999999,665.2776613333334,348.50262666666663,-196.005133,466.4226095,121.176995,-60.2286935,336.995006,309.6760365,-34.745479,-60.043341999999996,-21.015083000000004
-3.1879080000000006,665.1539036666667,348.555266,-196.00845650000002,466.12463049999997,121.542484,-60.92166950000001,334.626146,309.27358649999996,-35.169231,-59.66619400000002,-21.337679000000037
-3.1693999999999996,665.0279610000001,348.6109616666666,-195.988525,465.80008150000003,121.919689,-61.6175545,332.239376,308.8806705,-35.589155,-59.284490000000005,-21.660881000000018
-3.147177333333333,664.8997483333334,348.66950066666664,-195.9452855,465.451058,122.30553900000001,-62.3156305,329.83660050000003,308.4935935,-36.004864999999995,-58.89831499999997,-21.98514700000004
-3.1212986666666676,664.769177,348.73065866666667,-195.878757,465.0796865,122.6969695,-63.0151455,327.419764,308.1085805,-36.415999,-58.50774799999999,-22.310917000000018
-3.0918296666666656,664.6361623333333,348.7942053333333,-195.78903100000002,464.688114,123.0909355,-63.715315000000004,324.99084300000004,307.721801,-36.822206,-58.112866,-22.63861000000003
-3.0588463333333338,664.5006166666667,348.85990033333337,-195.6762775,464.278495,123.48443,-64.415327,322.5518465,307.32939550000003,-37.223155999999996,-57.71373900000003,-22.96862100000004
-3.022431333333334,664.3624566666666,348.9275003333333,-195.5407405,463.852986,123.87449799999999,-65.1143465,320.1048135,306.92749549999996,-37.618533000000006,-57.31043900000003,-23.301316999999983
-2.982672999999999,664.2215993333333,348.99675500000006,-195.382744,463.41373450000003,124.25825,-65.8115215,317.6518085,306.5122515,-38.00804300000001,-56.90303899999998,-23.63702699999999
-2.939667333333334,664.077964,349.06741200000005,-195.20268800000002,462.96287,124.6328785,-66.5059885,315.19491800000003,306.079855,-38.391401,-56.49161399999997,-23.976049999999987
-2.893515333333333,663.931473,349.13921666666664,-195.00104850000002,462.5024975,124.9956695,-67.1968765,312.7362485,305.62655900000004,-38.768345,-56.07624299999998,-24.318640000000016
-2.8443243333333332,663.78205,349.2119133333333,-194.778378,462.03468499999997,125.34401500000001,-67.883313,310.277921,305.14870499999995,-39.138628000000004,-55.657014000000004,-24.665008
-2.7922039999999995,663.6296243333334,349.28524666666664,-194.5353,461.5614625,125.67542649999999,-68.564429,307.822069,304.64274,-39.502019999999995,-55.23402199999998,-25.015323999999964
-2.7372700000000005,663.4741276666667,349.3589633333333,-194.2725085,461.084811,125.9875435,-69.239365,305.3708325,304.10523850000004,-39.858308,-54.807368999999994,-25.36970100000002
-2.6796396666666666,663.3154966666667,349.43281333333334,-193.990764,460.60665800000004,126.2781445,-69.907273,302.9263535,303.53292,-40.207294,-54.37716899999998,-25.728207999999995
-2.6194333333333337,663.1536723333334,349.50654933333334,-193.690889,460.128872,126.54515699999999,-70.567325,300.490772,302.9226665,-40.548806000000006,-53.94354999999996,-26.090859000000023
-2.556772666666667,662.9886016666666,349.57993200000004,-193.373761,459.6532565,126.786662,-71.21871250000001,298.0662205,302.2715375,-40.882683,-53.50664899999998,-26.45761699999997
-2.4917803333333333,662.8202356666666,349.65272533333336,-193.04031049999998,459.181547,127.000903,-71.86065550000001,295.654819,301.576783,-41.208789,-53.06661600000001,-26.82838799999996
-2.4245803333333344,662.648533,349.7247036666667,-192.6915125,458.7154075,127.186293,-72.4924,293.2586685,300.8358565,-41.527008,-52.62361699999997,-27.20302499999997
-2.3552950000000004,662.4734573333334,349.79564733333336,-192.32838099999998,458.2564265,127.341414,-73.1132245,290.879847,300.0464245,-41.837247,-52.17782799999998,-27.581326999999987
-2.284046666666667,662.2949796666666,349.865348,-191.9519595,457.806114,127.465025,-73.722441,288.520402,299.2063725,-42.139435999999996,-51.72944000000001,-27.963036999999986
-2.210955666666667,662.1130783333333,349.933607,-191.56331899999998,457.365904,127.55606300000001,-74.31939650000001,286.1823455,298.3138135,-42.433531,-51.27865499999996,-28.34785099999999
-2.1361396666666668,661.9277376666665,350.00023566666664,-191.1635455,456.937147,127.6136425,-74.9034765,283.8676485,297.36709,-42.719513,-50.825684999999964,-28.735408000000007
-2.059715,661.7389506666667,350.06505833333335,-190.7537345,456.521115,127.637056,-75.4741015,281.578234,296.3647775,-42.997391,-50.37075600000003,-29.125305000000026
-1.9817926666666679,661.546717,350.12791066666665,-190.33498450000002,456.11899800000003,127.625775,-76.030731,279.315972,295.3056835,-43.267204,-49.91410000000002,-29.517089
-1.902481666666666,661.351045,350.1886416666667,-189.9083885,455.731903,127.579445,-76.572863,277.0826735,294.1888475,-43.529018,-49.45595700000001,-29.91026499999998
-1.8218853333333331,661.1519513333334,350.2471126666667,-189.475028,455.3608615,127.4978835,-77.1000325,274.8800835,293.0135365,-43.782931000000005,-48.99657500000001,-30.304303000000004
-1.740103333333333,660.9494589999999,350.30320066666667,-189.035965,455.006821,127.381077,-77.611811,272.7098785,291.7792415,-44.029068,-48.536204999999995,-30.698634999999967
-1.6572296666666662,660.743601,350.35679266666665,-188.592238,454.670653,127.229175,-78.1078075,270.573658,290.48567049999997,-44.267587000000006,-48.07509999999996,-31.092664999999954
-1.5733536666666668,660.534417,350.40779200000003,-188.1448535,454.353153,127.04248150000001,-78.587666,268.472944,289.132742,-44.498675999999996,-47.613515999999976,-31.485771999999997
-1.488558,660.321954,350.4561156666667,-187.6947855,454.05503899999997,126.821454,-79.051064,266.4091715,287.72057600000005,-44.722548,-47.15170500000002,-31.877316000000008
-1.4029200000000002,660.106269,350.50169400000004,-187.2429655,453.7769585,126.56669,-79.4977125,264.383687,286.2494845,-44.93944700000001,-46.689922000000024,-32.266643000000045
-1.316511,659.8874243333333,350.544471,-186.79028549999998,453.519485,126.278921,-79.927355,262.3977465,284.719961,-45.14964200000001,-46.22841300000002,-32.653092000000015
-1.2293963333333326,659.6654913333333,350.58440333333334,-186.33759,453.2831235,125.95900449999999,-80.3397635,260.452509,283.13266999999996,-45.353424999999994,-45.76742200000004,-33.035998000000006
-1.1416339999999996,659.4405466666666,350.621462,-185.885677,453.0683115,125.607911,-80.7347415,258.549036,281.488435,-45.551107,-45.30718200000001,-33.41469999999998
-1.0532769999999998,659.2126746666667,350.655631,-185.4352975,452.875418,125.22671700000001,-81.11212,256.6882885,279.7882265,-45.743024,-44.847921000000014,-33.788550999999984
-0.964372333333333,658.9819663333333,350.6869053333333,-184.98715249999998,452.7047495,124.81659,-81.4717575,254.871126,278.03315,-45.92951899999999,-44.38986,-34.15691399999997
-0.8749590000000005,658.7485173333333,350.71529333333336,-184.5418985,452.556549,124.3787815,-81.8135395,253.09830549999998,276.224433,-46.110953,-43.933205000000015,-34.51917599999996
-0.7850719999999995,658.5124296666667,350.74081333333334,-184.1001425,452.4309975,123.9146115,-82.13737850000001,251.370479,274.36341200000004,-46.287693000000004,-43.478155999999984,-34.87474800000001
-0.694738999999999,658.2738103333332,350.7634953333333,-183.66244999999998,452.32821650000005,123.42545799999999,-82.44321,249.6881975,272.451523,-46.460111999999995,-43.02489700000001,-35.22307599999999
-0.6039830000000004,658.032769,350.78338,-183.229346,452.248269,122.912745,-82.7309985,248.0519065,270.4902855,-46.628587,-42.573604999999986,-35.563635000000005
-0.5128213333333335,657.7894213333333,350.8005166666667,-182.8013155,452.1911595,122.377929,-83.0007325,246.461952,268.4812935,-46.793487,-42.124442000000016,-35.89594299999999
-0.4212649999999997,657.5438836666666,350.8149636666667,-182.3788105,452.156838,121.822487,-83.2524255,244.91857800000002,266.4262035,-46.955183000000005,-41.677561999999995,-36.21955699999998
-0.32932233333333255,657.2962773333334,350.826788,-181.962252,452.1451965,121.247906,-83.4861195,243.42193099999997,264.326725,-47.114035,-41.233104,-36.53407800000002
-0.23699533333333336,657.0467236666667,350.836064,-181.552036,452.1560775,120.65566849999999,-83.70187949999999,241.972061,262.18460749999997,-47.27039499999999,-40.791196000000014,-36.83915299999998
-0.14428199999999988,656.7953463333333,350.8428726666666,-181.14853349999998,452.189266,120.0472445,-83.899801,240.5689245,260.00163399999997,-47.4246,-40.35195900000002,-37.13447400000001
-0.0511776666666662,656.5422693333334,350.8473013333333,-180.75209949999999,452.24449849999996,119.4240765,-84.0800055,239.2123895,257.7796125,-47.576975,-39.91549900000001,-37.419775000000016
0.04232666666666596,656.2876163333334,350.84944233333334,-180.363072,452.3214595,118.7875735,-84.2426435,237.90223450000002,255.52036600000002,-47.72782900000001,-39.48191299999999,-37.69484200000002
0.13624233333333358,656.0315103333332,350.84939233333336,-179.9817785,452.41978400000005,118.13910000000001,-84.3878945,236.63815849999997,253.2257285,-47.877455,-39.05128899999997,-37.95949900000002
0.23058466666666652,655.7740743333333,350.84725333333336,-179.6085375,452.5390605,117.479969,-84.51597,235.41978,250.8975365,-48.026126,-38.62370800000002,-38.21361300000001
0.32536999999999977,655.5154273333334,350.8431296666667,-179.24366049999998,452.67883,116.811433,-84.6271105,234.246643,248.537625,-48.174103,-38.199242,-38.457089999999994
0.4206159999999996,655.255688,350.8371276666667,-178.887453,452.83858899999996,116.13468,-84.7215895,233.1182215,246.14782499999998,-48.321625,-37.777953,-38.68986799999999
0.5163436666666664,654.9949716666666,350.8293573333333,-178.540217,453.0177895,115.450827,-84.7997125,232.033926,243.729957,-48.468919,-37.35990000000001,-38.911924
0.6125733333333333,654.7333896666665,350.8199293333334,-178.202249,453.2158445,114.7609205,-84.861819,230.9931025,241.2858305,-48.616194,-36.945133,-39.123257000000024
0.7093256666666665,654.47105,350.8089546666667,-177.8738395,453.4321265,114.06592849999998,-84.908281,229.995045,238.81724200000002,-48.763646,-36.53370000000001,-39.323894000000024
0.806622666666667,654.2080566666667,350.7965446666667,-177.555273,453.665969,113.366746,-84.939504,229.0389945,236.3259725,-48.911458,-36.125641,-39.51387900000003
0.9044863333333334,653.9445089999999,350.78281233333337,-177.2468225,453.916675,112.66419300000001,-84.9559285,228.1241455,233.81379049999998,-49.05980099999999,-35.720995000000016,-39.693276999999995
1.0029363333333334,653.680502,350.7678673333333,-176.94874750000002,454.18351,111.959015,-84.958027,227.2496515,231.282447,-49.208836,-35.319793000000004,-39.862161999999984
1.1019933333333334,653.4161253333334,350.75182033333334,-176.661292,454.4657135,111.2518885,-84.94630699999999,226.4146295,228.733681,-49.358716,-34.92206899999999,-40.02062000000001
1.2016763333333342,653.1514633333334,350.73477933333334,-176.3846765,454.762496,110.5434265,-84.921306,225.6181635,226.1692165,-49.50958599999999,-34.527849,-40.16874100000001
1.3020023333333335,652.8865963333333,350.7168523333333,-176.11909450000002,455.073045,109.834181,-84.88359299999999,224.8593095,223.590767,-49.661581999999996,-34.137159,-40.30662000000001
1.402987333333333,652.6215973333333,350.6981416666667,-175.864709,455.39652550000005,109.12465,-84.83376899999999,224.137102,221.0000345,-49.814837999999995,-33.750023999999996,-40.43435499999998
1.5046443333333335,652.3565366666667,350.67875066666664,-175.6216435,455.73208450000004,108.41528500000001,-84.77246099999999,223.4505545,218.398712,-49.96948,-33.366467,-40.552042
1.606985333333333,652.0914776666667,350.65877833333326,-175.38997899999998,456.07885550000003,107.7064995,-84.7003225,222.7986645,215.78848449999998,-50.125631,-32.98650700000002,-40.65977699999999
1.7100193333333331,651.8264793333334,350.638322,-175.169749,456.435959,106.998673,-84.618033,222.180419,213.171031,-50.283404000000004,-32.61016599999999,-40.75765200000001
1.8137530000000008,651.5615953333335,350.61747399999996,-174.96093150000002,456.8025075,106.29216349999999,-84.5262925,221.5947975,210.5480255,-50.442911,-32.237460999999996,-40.845765
1.9181896666666673,651.2968756666666,350.5963243333333,-174.76344849999998,457.1776085,105.58731,-84.42582,221.0407725,207.9211375,-50.604256,-31.868413000000004,-40.924205
2.0233309999999998,651.0323649999999,350.57496,-174.5771595,457.56036700000004,104.884445,-84.3173525,220.5173155,205.292033,-50.76753300000001,-31.50303500000001,-40.99306999999999
2.1291743333333333,650.7681040000001,350.5534646666667,-174.4018605,457.9498925,104.183896,-84.201639,220.023399,202.6623765,-50.932828,-31.141344000000004,-41.052457000000004
2.2357156666666658,650.5041296666667,350.5319176666667,-174.23728,458.34529599999996,103.485995,-84.07944,219.557999,200.033827,-51.100216,-30.783354000000003,-41.10246999999998
2.3429466666666667,650.2404760000001,350.510395,-174.083079,458.7456995,102.79108249999999,-83.95152300000001,219.1200965,197.4080425,-51.269760000000005,-30.429079,-41.14321899999999
2.450855999999999,649.9771736666667,350.4889686666667,-173.9388535,459.1502375,102.099513,-83.818659,218.708681,194.7866755,-51.441504,-30.07853,-41.17482899999999
2.559430000000001,649.714251,350.4677073333334,-173.80413249999998,459.5580565,101.411655,-83.68162050000001,218.322751,192.1713745,-51.615481,-29.731718,-41.19743500000001
2.668651666666667,649.4517333333333,350.44667666666663,-173.6783815,459.9683255,100.72789549999999,-83.5411775,217.9613165,189.5637805,-51.791697000000006,-29.38865100000001,-41.211191000000014
2.7785010000000003,649.1896443333334,350.4259366666667,-173.5610085,460.38023050000004,100.0486405,-83.3980935,217.623401,186.9655275,-51.970145,-29.049337999999977,-41.216271000000006
2.888954333333332,648.9280076666668,350.405546,-173.4513685,460.7929845,99.374313,-83.253124,217.30804,184.378238,-52.150786000000004,-28.713784000000004,-41.21286999999998
2.9999869999999995,648.6668443333333,350.385558,-173.3487675,461.2058275,98.7053535,-83.107012,217.01428900000002,181.803521,-52.333563999999996,-28.38199399999999,-41.20121
3.1115696666666675,648.4061756666666,350.36602266666665,-173.252473,461.61802750000004,98.0422165,-82.9604855,216.741216,179.242971,-52.518390999999994,-28.05397400000001,-41.18153800000002
3.223670999999999,648.146022,350.34698733333335,-173.1617185,462.028885,97.38536500000001,-82.8142565,216.4879085,176.6981645,-52.705152999999996,-27.72972299999998,-41.15413100000001
3.3362576666666666,647.8864056666666,350.32849533333336,-173.0757165,462.437734,96.73526799999999,-82.6690155,216.253474,174.1706565,-52.893709,-27.409245999999996,-41.119294999999994
3.4492929999999986,647.6273473333332,350.310586,-172.9936645,462.84394399999996,96.09239600000001,-82.525429,216.037038,171.66197699999998,-53.083888,-27.092544000000004,-41.07736600000001
3.5627383333333325,647.3688703333332,350.29329666666666,-172.9147585,463.2469215,95.457214,-82.3841415,215.83774849999998,169.1736305,-53.27548899999999,-26.779617000000002,-41.02871099999999
3.6765539999999994,647.1109983333332,350.2766596666667,-172.838198,463.6461125,94.8301725,-82.245768,215.6547755,166.7070895,-53.468288,-26.470470999999975,-40.97372300000001
3.790696333333333,646.8537566666668,350.2607063333333,-172.76319949999998,464.0409995,94.2117075,-82.110895,215.48731149999998,164.26379450000002,-53.66202799999999,-26.165107000000006,-40.91282700000002
3.905120999999999,646.5971726666667,350.24546300000003,-172.689007,464.4311075,93.60222949999999,-81.9800795,215.33457299999998,161.84515,-53.85643099999999,-25.863529999999997,-40.84646999999998
4.019782666666667,646.3412756666668,350.23095399999994,-172.61489749999998,464.8159995,93.002119,-81.8538435,215.195803,159.4525215,-54.051195,-25.56575000000001,-40.775125
4.134633,646.0860963333333,350.217201,-172.5401925,465.1952795,92.41172,-81.7326765,215.07027,157.087233,-54.245997,-25.271778000000012,-40.69927999999999
4.249623333333333,645.8316683333334,350.2042226666667,-172.4642655,465.56859099999997,91.83133600000001,-81.6170325,214.957271,154.750565,-54.440493,-24.981626000000006,-40.61944399999999
4.364704333333333,645.578028,350.192034,-172.386549,465.935617,91.261228,-81.507329,214.8561305,152.443752,-54.634328000000004,-24.695314999999994,-40.536136
4.479824333333334,645.3252136666666,350.18064933333335,-172.306539,466.2960785,90.7016045,-81.4039455,214.7662045,150.1679795,-54.827135000000006,-24.412869,-40.449884999999995
4.594931666666667,645.073266,350.170079,-172.22380099999998,466.64973299999997,90.1526265,-81.3072225,214.6868785,147.9243835,-55.018535,-24.13431700000001,-40.361221
4.709974333333334,644.8222286666668,350.1603316666667,-172.13797399999999,466.9963745,89.6144005,-81.21746300000001,214.6175715,145.714048,-55.20814800000001,-23.859694999999988,-40.27067199999999
4.824899666666666,644.5721480000001,350.1514133333333,-172.0487735,467.3358325,89.086982,-81.1349265,214.557735,143.538001,-55.395593,-23.58904799999999,-40.178764000000015
4.9396543333333325,644.3230716666667,350.14332800000005,-171.955988,467.66796850000003,88.57037199999999,-81.059837,214.5068545,141.3972185,-55.580492,-23.322423000000015,-40.086009000000004
5.054185666666667,644.0750513333334,350.136078,-171.8594865,467.9926745,88.064524,-80.992372,214.4644495,139.292616,-55.762474000000005,-23.059879000000024,-39.992908000000014
5.1684399999999995,643.8281390000001,350.1296626666667,-171.75921,468.309875,87.569341,-80.932672,214.430075,137.225052,-55.941179999999996,-22.801479999999998,-39.89993799999999
5.282365333333332,643.5823896666667,350.12407966666666,-171.65517549999998,468.61951999999997,87.08468350000001,-80.8808335,214.4033225,135.1953245,-56.116263,-22.54729900000001,-39.80755900000001
5.395908666666667,643.3378606666666,350.11932533333334,-171.54746749999998,468.9215855,86.6103705,-80.8369135,214.3838175,133.2041705,-56.287395,-22.297413000000006,-39.71619900000002
5.509018,643.0946093333333,350.115394,-171.436238,469.216073,86.1461875,-80.800927,214.371221,131.252262,-56.45427000000001,-22.051909999999992,-39.62626
5.621641999999999,642.8526963333334,350.11227800000006,-171.3216985,469.503007,85.6918875,-80.77284900000001,214.365228,129.34020950000001,-56.616604,-21.810881999999992,-39.53811099999999
5.733730666666665,642.6121823333334,350.109968,-171.2041155,469.78243050000003,85.247203,-80.75261499999999,214.365568,127.468554,-56.77414,-21.574423999999993,-39.452083999999985
5.845233666666665,642.3731290000001,350.10845333333333,-171.08380649999998,470.0544085,84.811847,-80.74011899999999,214.372002,125.637772,-56.92664799999999,-21.342641999999984,-39.368480000000005
5.9561020000000005,642.1355983333333,350.107721,-170.961129,470.319022,84.3855235,-80.7352195,214.384321,123.84826900000002,-57.073930999999995,-21.11563799999999,-39.28755600000001
6.066288666666669,641.8996533333333,350.10775799999993,-170.8364765,470.5763685,83.9679285,-80.7377375,214.40234600000002,122.100382,-57.215821,-20.89352199999999,-39.209534000000005
6.175746333333333,641.6653566666668,350.1085476666667,-170.7102735,470.82655950000003,83.558763,-80.7474565,214.425922,120.394374,-57.352183,-20.676402000000024,-39.13459599999999
6.28443,641.4327709999999,350.11007466666666,-170.5829625,471.06971999999996,83.1577315,-80.7641285,214.45491900000002,118.7304365,-57.48291499999999,-20.464388000000014,-39.06288699999999
6.392296333333334,641.2019576666667,350.1123196666667,-170.4550035,471.305987,82.7645545,-80.78747150000001,214.489228,117.1086865,-57.607951,-20.257586000000003,-38.994511
6.499302666666666,640.9729783333333,350.115264,-170.3268625,471.5355055,82.378968,-80.81717499999999,214.5287535,115.52916450000001,-57.72725799999999,-20.05609899999999,-38.929533000000006
6.605407333333333,640.7458926666667,350.118886,-170.199007,471.75843050000003,82.000731,-80.8528985,214.573418,113.991837,-57.840832999999996,-19.860026000000005,-38.86798399999999
6.710571333333333,640.5207586666667,350.123165,-170.0718985,471.9749235,81.629628,-80.894277,214.6231505,112.49659199999999,-57.948712,-19.669456999999994,-38.80985600000001
6.814755999999999,640.2976346666667,350.1280766666667,-169.945988,472.185151,81.2654735,-80.940922,214.677888,111.0432405,-58.050958,-19.484477999999996,-38.755111
6.917925666666668,640.076575,350.1335976666667,-169.8217085,472.38928250000004,80.908111,-80.992424,214.737567,109.6315165,-58.147668,-19.305162000000024,-38.70367499999999
7.020045333333332,639.857633,350.13970266666666,-169.69947150000002,472.5874905,80.5574175,-81.0483555,214.8021245,108.2610795,-58.238969,-19.131573000000003,-38.655443000000005
7.121082333333333,639.6408583333333,350.14636566666667,-169.5796615,472.77994750000005,80.21330499999999,-81.108274,214.871491,106.931509,-58.325012,-18.963762000000003,-38.61028399999999
7.221004333333334,639.4263006666666,350.1535593333333,-169.46263299999998,472.966823,79.875717,-81.171724,214.945586,105.6423145,-58.40598,-18.80176800000001,-38.568037000000004
7.319782,639.2140046666667,350.16125566666665,-169.348706,473.148284,79.54463,-81.23823999999999,215.024318,104.39292950000001,-58.48207599999999,-18.645613999999995,-38.528519
7.417387000000001,639.0040133333333,350.1694253333333,-169.2381625,473.324492,79.220054,-81.30735250000001,215.1075775,103.1827195,-58.553529000000005,-18.495308999999992,-38.491523
7.513793333333335,638.796366,350.17803899999996,-169.13124699999997,473.4956015,78.90202500000001,-81.378585,215.195235,102.0109805,-58.620586,-18.350847999999985,-38.45682099999999
7.608975666666669,638.5910996666667,350.1870666666667,-169.0281605,473.66175899999996,78.590608,-81.45146249999999,215.28714150000002,100.8769465,-58.683510999999996,-18.212209,-38.424169000000006
7.702910666666668,638.3882473333333,350.196477,-168.92906399999998,473.823098,78.2858925,-81.525511,215.38311950000002,99.7797885,-58.742588,-18.079354999999993,-38.39330700000001
7.795577000000001,638.1878396666667,350.20623866666665,-168.834073,473.979742,77.987986,-81.600262,215.4829695,98.718624,-58.79811000000001,-17.952230999999983,-38.363960000000006
7.8869543333333345,637.9899033333334,350.21631866666667,-168.743263,474.1318005,77.6970145,-81.6752545,215.58646199999998,97.69251600000001,-58.85038300000001,-17.83077,-38.335842
7.9770233333333325,637.7944613333334,350.22668433333337,-168.656665,474.279368,77.413115,-81.7500375,215.69333999999998,96.7004845,-58.899719000000005,-17.714886000000007,-38.308661
8.065766666666667,637.601534,350.2373023333334,-168.57426800000002,474.422523,77.1364325,-81.8241745,215.8033185,95.741506,-58.946439,-17.604480999999993,-38.282116
8.153168333333333,637.411138,350.248139,-168.49602199999998,474.5613275,76.867116,-81.897243,215.91608300000001,94.8145235,-58.990860000000005,-17.49944400000001,-38.25590699999999
8.239214000000002,637.223286,350.25916033333334,-168.421838,474.695827,76.6053145,-81.968839,216.031294,93.9184505,-59.033308000000005,-17.399648000000013,-38.229729000000006
8.323888666666667,637.0379879999999,350.2703306666667,-168.35159199999998,474.8260475,76.3511705,-82.0385785,216.1485845,93.0521775,-59.074095,-17.304957,-38.203283
8.407180666666667,636.8552503333334,350.28161666666665,-168.2851245,474.9520005,76.1048165,-82.106099,216.267564,92.2145785,-59.113538000000005,-17.215219999999988,-38.17627300000001
8.489077333333334,636.6750753333332,350.29298199999994,-168.22224649999998,475.0736785,75.8663725,-82.1710635,216.387821,91.404518,-59.151939,-17.130282000000022,-38.148414
8.569567666666666,636.4974626666667,350.3043923333333,-168.16274149999998,475.191058,75.6359395,-82.233159,216.50892349999998,90.620855,-59.18959,-17.049972999999994,-38.11943000000001
8.648641999999997,636.322409,350.31581166666666,-168.106369,475.304099,75.413598,-82.2921,216.630426,89.86245249999999,-59.22677,-16.974120000000028,-38.089061
8.726290333333333,636.1499073333334,350.3272053333333,-168.052868,475.41274999999996,75.1994035,-82.347631,216.75187,89.12818100000001,-59.26374199999999,-16.902541999999983,-38.057068
8.802503666666665,635.979948,350.33853733333336,-168.0019595,475.5169455,74.993382,-82.3995245,216.8727885,88.41692549999999,-59.300745,-16.835050999999993,-38.023227000000006
8.877273,635.8125180000001,350.34977333333336,-167.9533515,475.6166085,74.79553100000001,-82.4475845,216.9927095,87.72759049999999,-59.33800699999999,-16.771456999999998,-37.98734499999999
8.950590666666665,635.6476016666667,350.3608786666667,-167.9067445,475.7116545,74.60581450000001,-82.4916465,217.111163,87.059107,-59.375721,-16.71156400000001,-37.949252
9.022448,635.485181,350.37181733333335,-167.861831,475.8019935,74.42416300000001,-82.531578,217.22768100000002,86.41043450000001,-59.414061999999994,-16.655178000000006,-37.908811
9.092837,635.3252353333334,350.38255699999996,-167.81830300000001,475.88752999999997,74.25046900000001,-82.56727749999999,217.341805,85.7805675,-59.453177,-16.602098000000012,-37.865916999999996
9.161750333333334,635.1677416666666,350.3930636666667,-167.77585299999998,475.968169,74.0845905,-82.5986795,217.45308849999998,85.16854000000001,-59.493182999999995,-16.552127000000013,-37.820499999999996
9.229179333333333,635.0126746666666,350.4033043333333,-167.73418049999998,476.0438175,73.9263485,-82.625746,217.5611035,84.573428,-59.534168,-16.505065000000002,-37.77253
9.295116333333333,634.8600073333333,350.41324699999996,-167.692991,476.11438599999997,73.775527,-82.6484745,217.66544,83.994355,-59.576191,-16.46071600000002,-37.72201200000001
9.359554,634.709712,350.4228606666666,-167.65200299999998,476.17979349999996,73.63187500000001,-82.66689199999999,217.765714,83.4304925,-59.619277999999994,-16.41888399999999,-37.668994999999995
9.422483333333334,634.5617573333334,350.4321156666667,-167.610951,476.23996950000003,73.49510649999999,-82.6810585,217.861571,82.88106250000001,-59.663427,-16.379373999999984,-37.613569
9.483896,634.4161126666667,350.4409826666667,-167.56958300000002,476.29485550000004,73.364903,-82.69106099999999,217.9526865,82.3453425,-59.708603999999994,-16.341996999999992,-37.555862999999995
9.543784333333333,634.272745,350.44943433333333,-167.52767,476.3444105,73.240915,-82.69701599999999,218.03877,81.8226645,-59.754746,-16.306565999999975,-37.496047000000004
9.602139,634.131622,350.4574453333334,-167.485003,476.3886105,73.12276700000001,-82.699066,218.1195685,81.3124165,-59.801762000000004,-16.272899000000024,-37.43433100000001
9.658951666666665,633.9927103333333,350.46499033333333,-167.441397,476.42745149999996,73.01005649999999,-82.6973805,218.19486849999998,80.8140435,-59.849533,-16.240819000000016,-37.370963
9.714213666666666,633.8559756666667,350.47204733333336,-167.396692,476.460954,72.9023605,-82.692151,218.264496,80.327049,-59.897916,-16.21015399999999,-37.306228000000004
9.767916000000001,633.7213853333334,350.47859500000004,-167.3507545,476.4891595,72.7992405,-82.6835895,218.32832,79.8509935,-59.94674499999999,-16.18074200000001,-37.24043699999999
9.82005,633.5889063333333,350.48461533333335,-167.303477,476.512136,72.7002435,-82.6719295,218.386252,79.3854945,-59.995833000000005,-16.152424000000025,-37.173939000000004
9.870606666666665,633.4585056666666,350.49009133333334,-167.25478149999998,476.5299775,72.604907,-82.6574185,218.4382465,78.930227,-60.044977,-16.125051000000013,-37.10709800000001
9.919578666666666,633.330152,350.49500800000004,-167.2046165,476.542804,72.5127645,-82.6403195,218.48430100000002,78.48491949999999,-60.09396099999999,-16.09848200000002,-37.040307
9.966956999999999,633.2038160000001,350.499355,-167.1529595,476.55076299999996,72.423352,-82.620907,218.524455,78.0493555,-60.142554,-16.072587999999996,-36.973965
10.012734666666667,633.0794673333334,350.50312133333335,-167.09981449999998,476.554026,72.336208,-82.599463,218.55879099999999,77.62337,-60.19052,-16.047246,-36.908485999999996
10.056904666666666,632.9570803333332,350.5063006666667,-167.0452135,476.5527915,72.250885,-82.57627600000001,218.587429,77.2068475,-60.237622,-16.022347999999994,-36.844287
10.099460666666667,632.8366286666667,350.508888,-166.989213,476.547282,72.1669455,-82.551639,218.61052999999998,76.79971950000001,-60.283618000000004,-15.997796000000022,-36.78178100000001
10.140398,632.71809,350.5108823333333,-166.931897,476.53774150000004,72.0839765,-82.52584300000001,218.6282885,76.401963,-60.32827400000001,-15.973504999999989,-36.721371999999995
10.179712,632.6014423333334,350.51228433333335,-166.8733695,476.524435,72.001586,-82.499179,218.64093250000002,76.013594,-60.37135800000001,-15.94940299999999,-36.663452
10.217399,632.486668,350.513097,-166.813759,476.507645,71.919412,-82.471931,218.6487225,75.634668,-60.412652,-15.925429000000008,-36.608394000000004
10.253458666666669,632.3737506666666,350.513328,-166.753214,476.487671,71.83712299999999,-82.4443775,218.65194400000001,75.26527349999999,-60.451953,-15.901539999999983,-36.556543
10.287890333333335,632.2626773333333,350.5129846666667,-166.6919,476.464823,71.7544245,-82.4167865,218.650907,74.90553,-60.489070999999996,-15.877703999999994,-36.508214
10.320695333333333,632.1534366666666,350.5120796666667,-166.6299985,476.43942200000004,71.67106000000001,-82.3894145,218.6459425,74.5555815,-60.52383699999999,-15.853904999999997,-36.463688999999995
10.351876666666668,632.0460206666667,350.51062700000006,-166.567706,476.41179450000004,71.5868155,-82.3625025,218.6373955,74.2155935,-60.55610500000001,-15.83013699999998,-36.42320900000001
10.38144,631.9404246666667,350.5086423333334,-166.5052295,476.38227,71.501519,-82.336279,218.6256275,73.88575,-60.585748,-15.806412999999992,-36.38697400000001
10.409392333333335,631.8366453333333,350.506145,-166.442787,476.351177,71.4150445,-82.310954,218.6110045,73.5662455,-60.61267,-15.782753000000014,-36.355139
10.435742666666668,631.7346836666667,350.50315700000004,-166.38059950000002,476.318841,71.32731100000001,-82.28672,218.59390050000002,73.257281,-60.636798,-15.759197,-36.327812
10.460503000000001,631.634542,350.4997006666667,-166.318898,476.28557850000004,71.238285,-82.2637505,218.57468749999998,72.9590625,-60.658085,-15.735788999999983,-36.305052999999994
10.483687333333334,631.5362256666667,350.49580100000003,-166.25791049999998,476.251697,71.147977,-82.242201,218.553737,72.671791,-60.676511999999995,-15.71258800000001,-36.286871999999995
10.505312333333332,631.4397419999999,350.49148600000007,-166.197867,476.2174895,71.056444,-82.222207,218.531412,72.3956605,-60.692088000000005,-15.689660000000003,-36.273237
10.525395666666666,631.3451020000001,350.48678366666667,-166.13899650000002,476.183232,70.963787,-82.2038835,218.5080675,72.130853,-60.704845000000006,-15.667079000000001,-36.264062
10.543959333333333,631.252316,350.48172300000004,-166.08152,476.14918250000005,70.870147,-82.18733,218.4840435,71.877533,-60.714842000000004,-15.644925,-36.259226000000005
10.561027000000001,631.1613986666666,350.476337,-166.0256545,476.115578,70.77570449999999,-82.1726235,218.459664,71.6358435,-60.722161,-15.623284000000012,-36.258559000000005
10.576625333333334,631.0723653333333,350.4706576666667,-165.971606,476.0826305,70.6806755,-82.15982650000001,218.435234,71.4059015,-60.72690300000001,-15.60224199999999,-36.26185900000001
10.590781666666667,630.985232,350.464717,-165.91957250000002,476.050528,70.585309,-82.14898550000001,218.411038,71.187794,-60.729191,-15.581885999999997,-36.26889
10.603529,630.900016,350.4585486666667,-165.86973799999998,476.01943500000004,70.489881,-82.140129,218.3873365,70.9815725,-60.729164,-15.56230099999999,-36.27938499999999
10.614899333333334,630.8167363333333,350.452188,-165.8222735,475.9894855,70.39469199999999,-82.1332755,218.36436450000002,70.787254,-60.726973,-15.54357300000001,-36.293058
10.624929,630.7354123333333,350.4456676666667,-165.7773335,475.960789,70.300061,-82.128428,218.342331,70.60481250000001,-60.72278,-15.525778000000003,-36.309601
10.633656,630.6560623333334,350.4390223333333,-165.7350585,475.93342900000005,70.206322,-82.12558,218.3214185,70.4341815,-60.716759999999994,-15.508984999999996,-36.328694999999996
10.641119999999999,630.5787053333333,350.4322853333333,-165.6955695,475.907459,70.1138175,-82.12471550000001,218.3017805,70.2752485,-60.709087,-15.493258999999995,-36.350013
10.647362666666668,630.5033609999999,350.4254896666667,-165.65897,475.88291100000004,70.0228935,-82.1258115,218.2835435,70.127854,-60.699943000000005,-15.478653000000008,-36.373228000000005
10.652428666666667,630.4300456666666,350.4186663333333,-165.62534549999998,475.85978950000003,69.933896,-82.12883500000001,218.26680549999998,69.9917945,-60.68950600000001,-15.465204999999997,-36.39801500000001
10.656362333333334,630.3587776666667,350.41184766666674,-165.5947605,475.838077,69.847166,-82.1337515,218.2516375,69.8668165,-60.677953,-15.452945,-36.424055
10.659210666666667,630.2895716666667,350.40506233333326,-165.56726099999997,475.81773450000003,69.763033,-82.140519,218.2380845,69.75262000000001,-60.665458,-15.441888999999975,-36.451046000000005
10.661021666666668,630.2224423333333,350.398339,-165.5428715,475.79870400000004,69.6818105,-82.1490925,218.22616599999998,69.64886,-60.652184999999996,-15.43204,-36.478694
10.661844,630.1574016666667,350.3917033333334,-165.52159849999998,475.78091,69.60379449999999,-82.159424,218.215877,69.555146,-60.638294,-15.423385999999994,-36.50673
10.661728333333334,630.0944599999999,350.3851803333334,-165.503427,475.76426200000003,69.5292565,-82.1714635,218.2071915,69.471045,-60.623931,-15.415903000000014,-36.534904
10.660724333333333,630.0336243333333,350.3787916666667,-165.48832249999998,475.748656,69.458442,-82.185156,218.200062,69.3960855,-60.609235999999996,-15.40955200000002,-36.56298699999999
10.658882666666669,629.9749003333333,350.37255766666664,-165.476232,475.733979,69.39156799999999,-82.2004455,218.194425,69.329757,-60.594335,-15.404284000000018,-36.590776000000005
10.656255666666667,629.9182896666667,350.36649600000004,-165.4670835,475.72011,69.328819,-82.21727200000001,218.190198,69.271519,-60.579344000000006,-15.400037999999995,-36.618088
10.652893,629.8637920000001,350.360622,-165.46078599999998,475.7069205,69.270346,-82.235571,218.187287,69.2207995,-60.564374,-15.396742000000017,-36.644765
10.648847,629.8114033333334,350.354948,-165.45723349999997,475.6942825,69.216267,-82.255274,218.1855855,69.1770035,-60.549516000000004,-15.394315000000006,-36.670671
10.644167333333334,629.761116,350.3494843333333,-165.4563005,475.68206299999997,69.166663,-82.27630549999999,218.184978,69.1395155,-60.534862999999994,-15.392674,-36.695683
10.638903666666668,629.7129196666666,350.3442376666667,-165.457849,475.67013199999997,69.121581,-82.2985845,218.1853425,69.107707,-60.520497000000006,-15.391727000000003,-36.719702
10.633105666666667,629.6667996666666,350.339213,-165.4617255,475.658363,69.081034,-82.322021,218.186553,69.0809375,-60.506491999999994,-15.391379999999998,-36.742637
10.626821333333332,629.622738,350.334412,-165.467764,475.646631,69.0449995,-82.34651550000001,218.18848200000002,69.058566,-60.492923000000005,-15.391541999999987,-36.764408
10.620097333333334,629.580713,350.329833,-165.4757855,475.634819,69.0134255,-82.371959,218.19099899999998,69.0399485,-60.479862000000004,-15.392122,-36.784939
10.612979666666668,629.5406986666667,350.32547266666666,-165.4856035,475.6228175,68.98622900000001,-82.3982295,218.1939795,69.024452,-60.467380999999996,-15.393033000000003,-36.804157999999994
10.605511333333334,629.5026653333333,350.3213243333333,-165.49702050000002,475.6105235,68.9633,-82.425193,218.19730099999998,69.0114525,-60.455555999999994,-15.394197999999989,-36.821989
10.597736,629.4665803333334,350.31737933333335,-165.50983250000002,475.597843,68.9445035,-82.452703,218.2008475,69.000344,-60.444468,-15.395544999999998,-36.83835200000001
10.589693666666665,629.432406,350.31362599999994,-165.5238315,475.58469249999996,68.92968400000001,-82.4805995,218.2045095,68.9905435,-60.434203,-15.397019,-36.853151
10.581423,629.4001010000001,350.3100503333333,-165.5388035,475.57099700000003,68.918667,-82.508709,218.2081875,68.981493,-60.424859999999995,-15.398572999999999,-36.86628400000001
10.572960333333333,629.3696203333334,350.30663566666664,-165.5545345,475.5566935,68.911262,-82.5368455,218.211792,68.9726665,-60.416545000000006,-15.400177999999983,-36.877627
10.564341666666666,629.3409156666667,350.30336400000004,-165.570811,475.54172800000003,68.907268,-82.56481099999999,218.21524399999998,68.963574,-60.409374,-15.401820000000015,-36.887042
10.555597666666666,629.3139333333334,350.30021400000004,-165.58742,475.5260575,68.9064765,-82.5923975,218.218477,68.953762,-60.403476999999995,-15.403505999999993,-36.89436599999999
10.546759666666667,629.2886183333334,350.29716333333334,-165.6041545,475.50964899999997,68.9086705,-82.6193895,218.221437,68.94282,-60.398997,-15.405258000000003,-36.89941999999999
10.537854666666666,629.2649096666668,350.2941886666667,-165.6208105,475.4924815,68.913633,-82.6455665,218.2240845,68.9303825,-60.396087,-15.407118999999994,-36.902004999999996
10.528909333333333,629.242744,350.2912630000001,-165.63719550000002,475.47454400000004,68.9211455,-82.670706,218.226391,68.91613050000001,-60.39491399999999,-15.409150000000011,-36.901897000000005
10.519945333333334,629.2220546666666,350.2883603333333,-165.653125,475.455836,68.930994,-82.69458850000001,218.228344,68.8997935,-60.395651,-15.41143199999999,-36.898858999999995
10.510985333333332,629.2027713333333,350.285452,-165.668427,475.436368,68.9429655,-82.717,218.2299435,68.8811535,-60.398482,-15.414064999999994,-36.892641
10.502046,629.1848203333333,350.2825086666667,-165.6829445,475.41616150000004,68.9568555,-82.737741,218.231204,68.8600415,-60.40359599999999,-15.41716199999999,-36.882980999999994
10.493144666666666,629.168125,350.27950100000004,-165.69653449999998,475.39525100000003,68.9724635,-82.7566295,218.232151,68.8363425,-60.411184999999996,-15.420857999999981,-36.869611
10.484294666666665,629.1526053333333,350.276399,-165.7090735,475.37368100000003,68.989597,-82.773507,218.232825,68.80999299999999,-60.421440000000004,-15.425296000000003,-36.852266
10.475507333333333,629.1381796666667,350.273171,-165.720457,475.3515095,69.0080705,-82.7882455,218.2332755,68.7809825,-60.434549000000004,-15.430633,-36.830689
10.466793000000001,629.124762,350.269788,-165.73060099999998,475.32880950000003,69.0277045,-82.800756,218.2335655,68.7493535,-60.450686000000005,-15.43703499999998,-36.80463499999999
10.458158000000001,629.1122650000001,350.26621833333337,-165.739445,475.305666,69.0483245,-82.8109925,218.2337685,68.7151985,-60.470015000000004,-15.444672999999995,-36.773887
10.449608333333336,629.1005993333333,350.2624336666667,-165.74695300000002,475.2821805,69.0697595,-82.8189625,218.2339655,68.6786595,-60.492683,-15.453719000000007,-36.738255
10.441146666666668,629.0896713333333,350.2584036666667,-165.753112,475.258472,69.091842,-82.82472949999999,218.23424749999998,68.63993049999999,-60.518806999999995,-15.464350999999994,-36.69759499999999
10.432774666666667,629.0793886666667,350.2541006666667,-165.75793800000002,475.2346765,69.114402,-82.828424,218.234711,68.5992505,-60.548480000000005,-15.476736000000017,-36.651804999999996
10.424492333333333,629.069655,350.24949833333335,-165.761472,475.21094949999997,69.1372705,-82.8302485,218.235461,68.5569055,-60.581757,-15.491033999999985,-36.600849000000004
10.416298333333332,629.0603733333334,350.244571,-165.7637835,475.1874685,69.1602705,-82.8304795,218.236606,68.51322400000001,-60.618655000000004,-15.507397999999995,-36.544754
10.408188999999998,629.051446,350.239295,-165.7649695,475.1644295,69.18321850000001,-82.8294795,218.238258,68.4685775,-60.65914300000001,-15.525961999999993,-36.48362099999999
10.400159666666667,629.042774,350.23364833333335,-165.765156,475.14205649999997,69.20591999999999,-82.8276965,218.24053400000003,68.42337549999999,-60.703145000000006,-15.546841999999998,-36.417635000000004
10.392205333333333,629.0342563333334,350.22761266666663,-165.764496,475.12059550000004,69.228168,-82.825669,218.243549,68.3780645,-60.750528,-15.570133999999996,-36.34707099999999
10.384319333333332,629.0257953333333,350.2211693333333,-165.763169,475.100319,69.2497405,-82.824027,218.247422,68.3331255,-60.801104,-15.595908000000009,-36.272293000000005
10.376494,629.0172903333333,350.2143056666667,-165.76138450000002,475.081526,69.2703975,-82.823497,218.2522685,68.2890695,-60.854626,-15.624206999999984,-36.193767
10.368722,629.0086419999999,350.20700933333336,-165.7593755,475.0645445,69.28988,-82.82489799999999,218.2582045,68.246436,-60.910782,-15.655040999999983,-36.11205999999999
10.360995666666668,628.9997520000001,350.1992716666667,-165.757399,475.0497285,69.307908,-82.829145,218.26533999999998,68.2057885,-60.969201999999996,-15.688391999999993,-36.027835
10.353306666666667,628.9905229999999,350.1910886666667,-165.755737,475.037461,69.32418,-82.837243,218.273784,68.16771250000001,-61.02945,-15.724203999999986,-35.941859
10.345645666666666,628.9808603333333,350.1824583333333,-165.754691,475.028154,69.3383745,-82.850285,218.2836385,68.1328105,-61.091032000000006,-15.762388999999985,-35.854997000000004
