Sh_x,Sh_y,Sh_z,El_x,El_y,El_z,Wr_x,Wr_y,Wr_z,WrVec_x,WrVec_y,WrVec_z
-140.90144533333333,663.277161,332.514204,-233.65439350000003,459.999573,55.2896415,-106.08212599999999,216.8130835,68.49748249999999,-57.99932399999999,-27.305245000000014,-13.836226999999994
-140.906607,663.3322636666667,332.47594966666674,-233.67349149999998,460.0594,55.22896,-106.09101,216.842517,68.52367699999999,-57.992266,-27.314148000000017,-13.856576000000004
-140.91349133333333,663.3927483333333,332.436809,-233.712251,460.137067,55.160927,-106.1129315,216.895961,68.586152,-57.98153500000001,-27.32765999999998,-13.882183999999995
-140.92206966666666,663.4586273333333,332.3968063333333,-233.771628,460.23293,55.0856745,-106.14772400000001,216.974919,68.6867875,-57.967001999999994,-27.346163999999987,-13.912787000000002
-140.932313,663.5299170000001,332.35596699999996,-233.8525485,460.3472915,55.0033825,-106.1951945,217.0808835,68.8274685,-57.94854699999999,-27.370041000000015,-13.948089000000003
-140.94418733333333,663.6066383333333,332.31431733333335,-233.95590249999998,460.4804005,54.914278499999995,-106.255129,217.215339,69.010074,-57.92605399999999,-27.39966800000002,-13.987754000000002
-140.95766033333334,663.6888146666666,332.2718836666666,-234.0825385,460.6324505,54.818638500000006,-106.327288,217.3797505,69.2364715,-57.89941999999999,-27.435419000000024,-14.031413
-140.97269400000002,663.7764723333333,332.2286933333333,-234.23325649999998,460.8035785,54.7167855,-106.411411,217.5755605,69.508509,-57.868548000000004,-27.477661000000012,-14.078666000000005
-140.98925266666666,663.8696416666667,332.18477433333334,-234.40880499999997,460.99386100000004,54.609089499999996,-106.5072175,217.8041835,69.82801,-57.83335099999999,-27.526752999999985,-14.129080000000002
-141.007296,663.9683536666666,332.14015466666666,-234.609876,461.203316,54.4959675,-106.6144075,218.0669995,70.1967635,-57.79374899999999,-27.58304100000001,-14.182195000000007
-141.026783,664.072643,332.0948636666667,-234.8370975,461.4319015,54.377880000000005,-106.732662,218.3653505,70.6165185,-57.74967199999999,-27.646862999999996,-14.237518999999992
-141.04767166666667,664.1825460000001,332.04893066666665,-235.09103399999998,461.6795145,54.255333,-106.861649,218.700535,71.0889745,-57.70106199999999,-27.718538000000024,-14.294539
-141.06991766666667,664.298099,332.002386,-235.37217650000002,461.9459915,54.1288745,-107.001019,219.0738015,71.61577750000001,-57.64786799999999,-27.798372999999998,-14.352716999999998
-141.09347566666668,664.4193406666667,331.95526033333334,-235.6809475,462.23111,53.99909100000001,-107.150414,219.48634700000002,72.1985095,-57.590047999999996,-27.886653999999993,-14.411495000000002
-141.11829966666667,664.5463100000001,331.907583,-236.01768750000002,462.53458750000004,53.866609499999996,-107.30946449999999,219.93930999999998,72.838684,-57.527573000000004,-27.983647999999988,-14.47029599999999
-141.1443416666667,664.6790463333333,331.8593866666667,-236.382662,462.8560835,53.732091,-107.477792,220.433768,73.53773749999999,-57.46041799999999,-28.089601999999985,-14.528531000000001
-141.17155266666666,664.8175896666667,331.81070266666666,-236.7760515,463.1952,53.5962305,-107.6550145,220.9707315,74.2970225,-57.38857499999999,-28.204737000000023,-14.585593000000003
-141.19988233333333,664.961978,331.7615623333333,-237.1979555,463.55148499999996,53.459754000000004,-107.840745,221.551143,75.1178035,-57.31204000000001,-28.329251999999997,-14.640873
-141.22928100000001,665.11225,331.7119976666666,-237.64838650000002,463.924433,53.3234135,-108.03459649999999,222.1758725,76.0012485,-57.23082099999999,-28.463321000000008,-14.693748999999997
-141.25969566666666,665.2684426666666,331.6620413333333,-238.127274,464.313485,53.1879865,-108.2361825,222.84571449999999,76.94842349999999,-57.14493300000001,-28.607085000000012,-14.743599000000003
-141.29107466666667,665.4305913333333,331.61172566666664,-238.6344585,464.71803650000004,53.0542705,-108.445119,223.561384,77.96028949999999,-57.054401999999996,-28.76066400000002,-14.789800999999997
-141.32336566666666,665.5987296666667,331.56108366666666,-239.1696955,465.137436,52.923081499999995,-108.661029,224.32351749999998,79.0376945,-56.959261999999995,-28.924142999999987,-14.831735000000009
-141.35651399999998,665.7728893333333,331.51014733333335,-239.732655,465.5709865,52.795249500000004,-108.883542,225.132667,80.18137,-56.85955800000001,-29.097578,-14.868787999999995
-141.390466,665.953099,331.45894933333335,-240.322921,466.0179535,52.671614000000005,-109.11229650000001,225.9893005,81.39192700000001,-56.755339000000006,-29.28099499999999,-14.900354000000007
-141.42516833333335,666.1393843333334,331.407523,-240.939996,466.47756300000003,52.553022,-109.34694400000001,226.893802,82.6698535,-56.646665999999996,-29.47438600000001,-14.92584500000001
-141.460566,666.3317679999999,331.35590033333335,-241.5832985,466.949008,52.440324000000004,-109.5871475,227.84646650000002,84.01551,-56.533604999999994,-29.67771300000001,-14.944682
-141.49660433333335,666.5302693333333,331.304115,-242.25216899999998,467.431452,52.334368999999995,-109.832586,228.84750350000002,85.4291255,-56.41623200000001,-29.89090300000001,-14.95630700000001
-141.53323,666.7349026666667,331.25219933333335,-242.9458705,467.92402949999996,52.236002,-110.0829545,229.8970335,86.9108,-56.294628999999986,-30.113853000000006,-14.960183999999998
-141.57038766666668,666.945679,331.200185,-243.6635925,468.42585199999996,52.14606,-110.3379665,230.9950905,88.460498,-56.168882999999994,-30.34642500000001,-14.955798000000001
-141.608024,667.1626046666667,331.14810566666665,-244.404454,468.9360105,52.065369,-110.5973525,232.14162199999998,90.07804949999999,-56.03908899999999,-30.588449999999995,-14.942662999999996
-141.646085,667.3856813333333,331.09599233333336,-245.167507,469.453581,51.994738500000004,-110.86086399999999,233.33648649999998,91.76315149999999,-55.90534799999999,-30.839729000000005,-14.920318999999992
-141.68451766666666,667.6149053333332,331.0438773333333,-245.95174100000003,469.977624,51.9349615,-111.128274,234.57945949999998,93.515365,-55.767768000000004,-31.100026999999983,-14.888338000000005
-141.72326966666665,667.850268,330.99179266666664,-246.75608649999998,470.5071915,51.886807499999996,-111.3993745,235.8702305,95.33411749999999,-55.626459,-31.369080999999994,-14.846324999999993
-141.76228899999998,668.0917546666668,330.9397696666667,-247.579422,471.04132949999996,51.8510225,-111.673982,237.20840800000002,97.218703,-55.481538,-31.646600000000007,-14.793915999999996
-141.801524,668.3393453333333,330.8878393333333,-248.420574,471.57908050000003,51.828325500000005,-111.9519315,238.59351800000002,99.168285,-55.33312699999999,-31.93226200000001,-14.730784
-141.84092466666667,668.5930136666666,330.8360333333333,-249.278327,472.119487,51.8194025,-112.233082,240.025011,101.18189799999999,-55.181349999999995,-32.22571800000003,-14.656639999999996
-141.88044133333335,668.8527273333333,330.78438033333333,-250.15142649999999,472.66159500000003,51.82490850000001,-112.5173125,241.50225799999998,103.25845000000001,-55.02633700000001,-32.52659200000002,-14.57123
-141.920026,669.1184480000001,330.73291266666666,-251.038583,473.2044575,51.845463,-112.80452349999999,243.0245585,105.3967275,-54.86822099999999,-32.834486999999996,-14.474339
-141.959632,669.3901313333334,330.68165933333336,-251.938481,473.74713499999996,51.881648999999996,-113.09463600000001,244.591141,107.5953955,-54.707136000000006,-33.14897800000003,-14.365791000000002
-141.99921233333336,669.6677246666667,330.63064933333334,-252.849779,474.288701,51.934008000000006,-113.38759049999999,246.201168,109.85300649999999,-54.543223,-33.46962199999999,-14.245446999999999
-142.03872266666667,669.951171,330.57991200000004,-253.771121,474.8282425,52.0030425,-113.6833445,247.853734,112.1680005,-54.376622999999995,-33.79595599999999,-14.113207000000003
-142.07811966666665,670.2404053333333,330.529476,-254.7011375,475.364864,52.089214,-113.9818735,249.5478765,114.538712,-54.20748099999999,-34.127497000000005,-13.969008000000002
-142.11736066666666,670.5353556666665,330.47937,-255.6384535,475.89768649999996,52.1929385,-114.2831695,251.2825735,116.963375,-54.03594100000001,-34.46374700000001,-13.812824000000006
-142.15640666666667,670.8359446666667,330.429621,-256.581692,476.4258535,52.314589,-114.5872375,253.05675,119.4401295,-53.86215100000001,-34.804197999999985,-13.644665000000003
-142.19521733333335,671.1420863333334,330.38025700000003,-257.52948,476.94853,52.454496000000006,-114.89409549999999,254.8692805,121.9670265,-53.686263,-35.148323000000005,-13.46457700000002
-142.233756,671.4536896666667,330.33130466666665,-258.480455,477.464905,52.612943,-115.20377300000001,256.7189945,124.542031,-53.508426,-35.495593000000014,-13.272638
-142.27198666666666,671.7706553333334,330.28279,-259.433269,477.974193,52.7901695,-115.516307,258.6046775,127.1630355,-53.32879599999998,-35.84546499999996,-13.068957000000012
-142.30987466666667,672.0928783333334,330.23473966666666,-260.38659099999995,478.47563549999995,52.986371,-115.831743,260.5250775,129.82786,-53.14752200000001,-36.197393000000034,-12.853675999999993
-142.34738766666666,672.4202466666666,330.1871786666666,-261.339117,478.96849999999995,53.201698,-116.15013149999999,262.4789095,132.53426050000002,-52.964764999999986,-36.550827,-12.626961000000009
-142.38449566666665,672.7526409999999,330.1401323333334,-262.28956800000003,479.452084,53.436259,-116.471525,264.4648555,135.27993850000001,-52.780676,-36.90521699999999,-12.38900700000002
-142.42116866666666,673.0899376666666,330.09362533333336,-263.2367005,479.925713,53.690118999999996,-116.79597999999999,266.48157249999997,138.062543,-52.59541399999999,-37.260013000000015,-12.140034000000014
-142.4573793333333,673.4320039999999,330.047681,-264.179306,480.388744,53.9633025,-117.1235475,268.5276945,140.879682,-52.409137,-37.61466500000003,-11.880278000000004
-142.493102,673.778702,330.0023233333333,-265.116217,480.840562,54.255793,-117.454281,270.6018365,143.728927,-52.222002,-37.968631000000016,-11.610002000000009
-142.52831333333333,674.1298896666667,329.95757633333335,-266.046308,481.280585,54.567538,-117.7882265,272.7025985,146.6078205,-52.034167,-38.32137300000002,-11.329478999999992
-142.562991,674.485416,329.91346166666665,-266.968502,481.7082605,54.898444,-118.125423,274.8285695,149.5138825,-51.84579199999999,-38.67236300000002,-11.039000999999985
-142.597114,674.8451253333334,329.870002,-267.88176999999996,482.1230665,55.248386,-118.465902,276.97833,152.4446195,-51.65703400000001,-39.02108400000003,-10.738872999999984
-142.63066433333333,675.2088576666666,329.827219,-268.78513499999997,482.52451099999996,55.6172045,-118.8096865,279.150458,155.39752850000002,-51.468051,-39.367028000000005,-10.429408999999993
-142.66362433333333,675.5764463333334,329.78513433333336,-269.677676,482.912136,56.004709,-119.15678550000001,281.343528,158.370105,-51.279003,-39.70970199999999,-10.110928000000001
-142.69597866666666,675.94772,329.7437693333334,-270.55852500000003,483.2855105,56.4106785,-119.507197,283.55611899999997,161.3598495,-51.090044000000006,-40.048625999999956,-9.783760999999998
-142.72771366666666,676.3225023333333,329.703144,-271.4268735,483.644235,56.8348675,-119.860904,285.786815,164.3642745,-50.90132999999999,-40.38334199999997,-9.448239000000001
-142.75881733333333,676.7006126666666,329.66327899999993,-272.2819705,483.98794050000004,57.277004,-120.2178735,288.03420900000003,167.3809095,-50.71301900000002,-40.713404000000025,-9.104696999999987
-142.78927866666666,677.0818666666667,329.6241933333333,-273.123125,484.3162865,57.736794499999995,-120.578058,290.29690300000004,170.4073085,-50.52526,-41.038386,-8.753468999999996
-142.81908833333333,677.4660739999999,329.58590799999996,-273.9497055,484.628961,58.213924000000006,-120.94139,292.573517,173.441053,-50.33820399999999,-41.35788400000001,-8.394890000000004
-142.84823833333334,677.8530416666666,329.54844099999997,-274.7611405,484.925682,58.7080615,-121.307787,294.8626845,176.479762,-50.15200200000001,-41.671513000000004,-8.029290000000003
-142.87672266666667,678.2425743333333,329.5118116666667,-275.5569195,485.2061935,59.2188575,-121.67714600000001,297.163059,179.5210935,-49.96679800000001,-41.978909999999985,-7.656994999999995
-142.90453566666667,678.6344713333334,329.47603799999996,-276.3365905,485.47026800000003,59.7459525,-122.04934649999998,299.4733145,182.5627505,-49.78273299999999,-42.27973500000002,-7.278329000000014
-142.93167266666669,679.0285306666666,329.44113833333336,-277.0997615,485.71770449999997,60.2889725,-122.424249,301.79215,185.6024875,-49.599946,-42.57367199999999,-6.893608999999998
-142.958132,679.4245466666666,329.40713066666666,-277.846098,485.948328,60.847536999999996,-122.801694,304.1182875,188.63811249999998,-49.41857199999998,-42.860424999999964,-6.503140999999999
-142.983911,679.8223116666667,329.3740326666666,-278.5753225,486.1619875,61.4212565,-123.18150549999999,306.450477,191.66749399999998,-49.238738999999995,-43.13972799999999,-6.107227999999992
-143.009009,680.221617,329.34186066666666,-279.2872135,486.358559,62.0097365,-123.56348700000001,308.7874955,194.688562,-49.06057199999999,-43.411332999999956,-5.706162000000006
-143.03342533333333,680.6222509999999,329.310633,-279.9816025,486.53794000000005,62.612581500000005,-123.94742550000001,311.1281505,197.699313,-48.884191,-43.675021000000015,-5.300229999999999
-143.05716166666664,681.024001,329.2803646666666,-280.65837350000004,486.700053,63.229393,-124.3330905,313.47128,200.6978145,-48.709706999999995,-43.930593999999985,-4.889704999999992
-143.080219,681.4266543333333,329.2510736666666,-281.317461,486.84484150000003,63.859771499999994,-124.720236,315.8157545,203.6822065,-48.53722599999999,-44.17788100000001,-4.474856999999986
-143.1026,681.8299959999999,329.22277533333335,-281.958847,486.97227050000004,64.5033225,-125.1085995,318.1604755,206.65070450000002,-48.366849,-44.41673500000002,-4.055942999999985
-143.124307,682.2338113333334,329.1954856666667,-282.582557,487.0823285,65.1596545,-125.497905,320.504379,209.601603,-48.198666,-44.647032000000024,-3.633209999999991
-143.145344,682.6378866666668,329.16922066666666,-283.188663,487.1750205,65.8283785,-125.88786300000001,322.84643600000004,212.533275,-48.032762000000005,-44.868672000000004,-3.2069020000000137
-143.16571399999998,683.0420073333333,329.143996,-283.7772745,487.25037299999997,66.50911500000001,-126.27817249999998,325.1856495,215.4441765,-47.86921099999999,-45.08157900000003,-2.7772489999999834
-143.18542166666668,683.4459593333335,329.119826,-284.3485385,487.3084305,67.201491,-126.668522,327.52105900000004,218.3328485,-47.708083999999985,-45.28569999999996,-2.344477000000012
-143.204471,683.8495296666666,329.096727,-284.902639,487.34925499999997,67.905141,-127.05859050000001,329.8517385,221.197914,-47.54943900000001,-45.48100099999999,-1.9088019999999801
-143.2228673333333,684.2525066666667,329.074713,-285.43978949999996,487.372926,68.619711,-127.4480505,332.1767965,224.038085,-47.393322999999995,-45.66747300000003,-1.4704360000000065
-143.24061500000002,684.6546803333334,329.0537993333333,-285.960234,487.3795385,69.3448555,-127.836567,334.4953775,226.8521575,-47.239779999999996,-45.84512699999999,-1.0295810000000074
-143.25771866666665,685.0558423333333,329.034,-286.464243,487.36920250000003,70.0802435,-128.223802,336.8066595,229.6390155,-47.088840000000005,-46.01399299999997,-0.5864369999999894
-143.27418300000002,685.4557853333332,329.01533033333334,-286.9521085,487.342044,70.8255525,-128.6094145,339.1098565,232.3976295,-46.940527,-46.17411899999996,-0.1411950000000104
-143.29001366666668,685.8543063333333,328.997803,-287.4241445,487.298201,71.580476,-128.9930615,341.404215,235.12705799999998,-46.79485100000001,-46.32557400000002,0.305956000000009
-143.30521466666667,686.251204,328.98143333333337,-287.88068150000004,487.237825,72.3447175,-129.3744,343.6890165,237.82644499999998,-46.65181600000001,-46.468440999999984,0.7548299999999983
-143.31979066666668,686.646279,328.9662343333334,-288.3220655,487.1610795,73.1179975,-129.75309000000001,345.963577,240.49502,-46.511418000000006,-46.60282000000001,1.2052480000000116
-143.333745,687.0393359999999,328.9522196666667,-288.7486535,487.068138,73.900047,-130.128794,348.227243,243.13209899999998,-46.37364000000001,-46.72882800000002,1.6570319999999867
-143.34708233333333,687.4301840000002,328.93940200000003,-289.1608125,486.95918700000004,74.69061500000001,-130.50118,350.479393,245.7370805,-46.238457999999994,-46.84659199999999,2.110006999999996
-143.35980566666666,687.8186340000001,328.927795,-289.5589155,486.83442049999996,75.489462,-130.8699205,352.7194405,248.30944649999998,-46.105839,-46.956255,2.5639970000000005
-143.37191733333333,688.2045016666667,328.9174116666667,-289.9433405,486.6940405,76.29636500000001,-131.23469849999998,354.946826,250.84876050000003,-45.975741,-47.05796800000002,3.0188330000000008
-143.38342066666667,688.5876073333333,328.9082633333333,-290.3144675,486.53825900000004,77.111114,-131.595203,357.1610225,253.35466350000002,-45.84811400000001,-47.15189699999996,3.4743430000000046
-143.39431666666667,688.9677740000001,328.9003633333333,-290.67267449999997,486.367294,77.9335155,-131.9511335,359.3615305,255.826877,-45.722898999999984,-47.23821299999997,3.9303580000000125
-143.40460699999997,689.344831,328.89372266666663,-291.01833799999997,486.18137,78.76338899999999,-132.302203,361.54788,258.2651955,-45.600031999999985,-47.31709799999999,4.386708999999996
-143.41429233333335,689.7186116666667,328.8883533333333,-291.35183099999995,485.98071649999997,79.6005695,-132.648132,363.719629,260.669489,-45.47944000000001,-47.388739999999984,4.843227999999954
-143.423373,690.088954,328.88426666666663,-291.673519,485.76557,80.444907,-132.988659,365.8763625,263.039696,-45.36104400000001,-47.45333099999999,5.299746000000027
-143.4318473333333,690.455701,328.88147366666664,-291.9837605,485.536168,81.2962635,-133.3235335,368.01769,265.37582599999996,-45.24475899999999,-47.51107200000001,5.756096000000014
-143.43971533333334,690.8187019999999,328.879984,-292.282904,485.292754,82.1545175,-133.6525195,370.14324799999997,267.677952,-45.130493000000016,-47.562162,6.212109999999996
-143.44697333333332,691.1778103333332,328.879809,-292.571288,485.0355735,83.0195595,-133.975397,372.252696,269.946212,-45.01815400000001,-47.606808,6.667622000000051
-143.45361933333334,691.5328853333334,328.8809576666667,-292.849239,484.7648745,83.891294,-134.291961,374.345718,272.18080299999997,-44.90764,-47.645216000000005,7.1224619999999845
-143.45965033333331,691.8837923333334,328.88344033333334,-293.11707,484.480906,84.7696395,-134.602024,376.42202,274.3819805,-44.79884800000001,-47.67758799999996,7.57646699999998
-143.46506133333332,692.2304016666667,328.887265,-293.37508249999996,484.1839195,85.65452400000001,-134.905413,378.4813305,276.55005200000005,-44.691672,-47.70413500000001,8.029470000000003
-143.46984733333332,692.5725900000001,328.8924406666667,-293.6235625,483.874166,86.5458915,-135.2019725,380.523399,278.6853785,-44.58600300000002,-47.72505799999999,8.481307000000015
-143.47400299999998,692.91024,328.8989756666667,-293.8627815,483.5518975,87.44369549999999,-135.49156449999998,382.547995,280.7883665,-44.481730999999996,-47.74055800000002,8.931813000000034
-143.47752166666666,693.2432396666667,328.90687733333334,-294.09299599999997,483.217365,88.34790149999999,-135.774066,384.5549075,282.85947,-44.378744,-47.750834999999995,9.380826000000013
-143.48039566666668,693.5714833333333,328.9161536666666,-294.3144485,482.87082050000004,89.2584855,-136.0493715,386.5439445,284.899181,-44.276931000000005,-47.756080999999995,9.82818599999996
-143.48261733333334,693.8948716666667,328.92681,-294.5273655,482.51251449999995,90.175434,-136.317393,388.514932,286.908032,-44.17618,-47.756485999999995,10.273731999999995
-143.48417866666668,694.2133113333333,328.93885300000005,-294.73195899999996,482.1426965,91.098743,-136.578057,390.467715,288.8865895,-44.07637799999999,-47.75223200000005,10.717310999999995
-143.4850693333333,694.526715,328.95228833333334,-294.928426,481.7616155,92.028418,-136.8313065,392.4021525,290.83545,-43.97741900000001,-47.74349700000005,11.158766000000014
-143.48528033333332,694.8350006666666,328.9671203333333,-295.11695,481.3695185,92.964472,-137.0771015,394.318121,292.75524,-43.87919499999998,-47.73044999999996,11.597947999999974
-143.48480033333334,695.1380946666667,328.9833536666667,-295.29769999999996,480.966652,93.906927,-137.3154145,396.215512,294.646609,-43.781598999999986,-47.713254000000006,12.034710000000018
-143.483619,695.4359266666667,329.000991,-295.47083299999997,480.55326149999996,94.85581099999999,-137.546234,398.0942335,296.51022750000004,-43.68453199999999,-47.69206300000002,12.468905000000007
-143.48172333333332,695.728435,329.020036,-295.63649250000003,480.1295905,95.8111595,-137.7695625,399.9542045,298.346785,-43.58789300000001,-47.66702299999997,12.900397999999996
-143.47910233333334,696.015562,329.0404903333333,-295.794812,479.69588150000004,96.7730125,-137.9854155,401.79535999999996,300.1569845,-43.491592999999995,-47.63826999999998,13.329050999999993
-143.47574266666666,696.297258,329.06235466666664,-295.945912,479.25237649999997,97.74141550000002,-138.19382000000002,403.6176475,301.9415405,-43.39554000000001,-47.60593499999999,13.75473500000004
-143.47163166666667,696.5734776666667,329.0856303333333,-296.0899055,478.799317,98.7164185,-138.3948175,405.42102550000004,303.701177,-43.29965100000001,-47.57013499999999,14.177323999999999
-143.46675566666667,696.8441823333333,329.1103166666667,-296.226897,478.336942,99.69807449999999,-138.588458,407.2054665,305.4366205,-43.20385,-47.530981,14.596699000000001
-143.46110099999999,697.109339,329.1364116666667,-296.356981,477.86549349999996,100.68643800000001,-138.7748015,408.970953,307.1486015,-43.108063,-47.48857399999997,15.01274699999999
-143.454654,697.3689203333333,329.16391466666664,-296.4802475,477.3852095,101.6815655,-138.95392,410.71747700000003,308.837849,-43.01222600000001,-47.44300400000003,15.42535799999996
-143.44740000000002,697.6229056666666,329.1928216666667,-296.59678099999996,476.89633249999997,102.6835165,-139.1258925,412.445043,310.5050875,-42.91628100000001,-47.394352000000026,15.834434999999985
-143.43932566666666,697.8712783333334,329.22312900000003,-296.70666200000005,476.39910199999997,103.692347,-139.290804,414.1536625,312.15103550000003,-42.820176000000004,-47.342693,16.239881000000025
-143.430416,698.1140286666667,329.2548326666667,-296.8099655,475.8937595,104.7081135,-139.44875000000002,415.8433585,313.7764015,-42.72386800000001,-47.28808899999996,16.641609000000017
-143.420658,698.3511506666667,329.2879256666667,-296.906768,475.380549,105.73087149999999,-139.5998285,417.514159,315.3818825,-42.62732299999999,-47.230593999999996,17.03953899999999
-143.41003666666666,698.582646,329.3224023333333,-296.9971425,474.859714,106.760671,-139.744144,419.166104,316.968162,-42.530512,-47.170254,17.433600000000013
-143.398539,698.8085196666667,329.3582543333334,-297.0811635,474.331502,107.797561,-139.88180549999998,420.7992355,318.5359045,-42.43341699999999,-47.107106999999985,17.823725000000024
-143.38615133333334,699.0287826666668,329.39547266666665,-297.158906,473.79616050000004,108.84158399999998,-140.012925,422.41360599999996,320.0857585,-42.336028,-47.04118199999999,18.209858999999994
-143.37286133333333,699.2434509999999,329.434049,-297.230448,473.253942,109.89277750000001,-140.1376165,424.0092735,321.61835,-42.238344999999995,-46.972500999999966,18.591951999999992
-143.358656,699.452545,329.47397133333334,-297.2958695,472.70509949999996,110.9511715,-140.255996,425.586299,323.1342825,-42.14037600000002,-46.90107999999998,18.969965000000002
-143.34352333333334,699.6560896666666,329.5152286666667,-297.3552555,472.149892,112.01678999999999,-140.3681815,427.14475000000004,324.63413449999996,-42.042139000000006,-46.826926000000014,19.343863
-143.32745233333335,699.854116,329.55780766666663,-297.4086965,471.5885785,113.08964700000001,-140.474289,428.68469849999997,326.1184595,-41.94366000000001,-46.75004099999995,19.713625000000036
-143.31043233333332,700.0466576666666,329.60169433333334,-297.456286,471.02142549999996,114.169748,-140.5744365,430.2062185,327.5877825,-41.844977,-46.67042299999997,20.079233000000045
-143.292453,700.2337543333333,329.64687333333336,-297.4981265,470.44870149999997,115.257088,-140.66874,431.7093875,329.0426005,-41.74613600000001,-46.58806100000004,20.440683000000035
-143.273505,700.4154490000001,329.69332933333334,-297.5343265,469.870679,116.351651,-140.757313,433.1942845,330.48338049999995,-41.647193999999985,-46.502943000000016,20.797975000000008
-143.25358133333336,700.5917886666666,329.7410443333333,-297.5650005,469.28763449999997,117.4534085,-140.84026849999998,434.66099199999996,331.910558,-41.548215,-46.415054,21.151121999999987
-143.232674,700.7628249999999,329.790001,-297.59027349999997,468.6998515,118.562319,-140.9177155,436.10959149999996,333.32453699999996,-41.44927700000001,-46.324370999999985,21.50014200000004
-143.210776,700.9286126666667,329.84017933333337,-297.6102755,468.1076155,119.67832899999999,-140.989762,437.5401655,334.7256905,-41.350464,-46.230872999999974,21.845062999999982
-143.18788266666664,701.0892116666665,329.89155833333336,-297.6251475,467.51121750000004,120.80136850000001,-141.0565105,438.95279700000003,336.1143575,-41.251869,-46.134533999999974,22.185921000000008
-143.16398933333332,701.2446833333333,329.94411733333334,-297.635037,466.910954,121.931353,-141.1180615,440.34756649999997,337.4908445,-41.15359500000001,-46.03532899999999,22.522759000000008
-143.13909233333334,701.3950933333334,329.9978326666667,-297.6401015,466.3071245,123.0681825,-141.174511,441.7245545,338.8554255,-41.05575400000001,-45.93323099999998,22.855632999999955
-143.11318966666667,701.540512,330.0526816666666,-297.64050499999996,465.7000345,124.21173999999999,-141.2259525,443.0838395,340.20834149999996,-40.958467,-45.82821100000001,23.184600999999986
-143.086281,701.6810106666667,330.10863766666665,-297.6364225,465.089994,125.36189200000001,-141.2724745,444.425497,341.5498005,-40.861861000000005,-45.72024399999998,23.509730999999988
-143.058366,701.8166646666667,330.165676,-297.6280345,464.477316,126.5184855,-141.3141625,445.74959950000004,342.879978,-40.76607099999998,-45.60930300000001,23.831097999999997
-143.029445,701.9475523333334,330.22376933333334,-297.61553100000003,463.8623195,127.6813515,-141.3510985,447.0562175,344.19901949999996,-40.671239000000014,-45.495363,24.148783000000037
-142.99952199999998,702.0737543333335,330.28288933333334,-297.5991085,463.245326,128.8503015,-141.38336099999998,448.345416,345.50703799999997,-40.577511999999984,-45.378404000000046,24.462874
-142.96859966666668,702.1953543333334,330.343006,-297.57897049999997,462.626662,130.0251265,-141.4110255,449.617258,346.8041165,-40.485045,-45.25840400000004,24.773464999999987
-142.93668366666665,702.3124379999999,330.40408933333333,-297.555327,462.006657,131.205599,-141.4341645,450.871801,348.09031,-40.39399499999999,-45.13534800000002,25.080651999999986
-142.90378033333332,702.4250936666667,330.46610833333335,-297.5283945,461.3856435,132.391472,-141.4528485,452.109097,349.365645,-40.304525,-45.009221999999966,25.384541999999954
-142.86989733333334,702.533411,330.52903,-297.49839299999996,460.7639565,133.58247749999998,-141.4671465,453.329197,350.63012100000003,-40.216797,-44.88001800000001,25.68523799999997
-142.835044,702.6374830000001,330.5928216666667,-297.465548,460.141936,134.7783285,-141.477126,454.532143,351.883713,-40.13098000000001,-44.747731999999985,25.98285199999998
-142.79922966666666,702.7374036666666,330.657448,-297.43008899999995,459.51992,135.978717,-141.482853,455.71797449999997,353.1263715,-40.047242,-44.612363000000016,26.277495000000044
-142.76246766666668,702.8332693333333,330.72287366666666,-297.392247,458.8982525,137.1833135,-141.4843945,456.8867265,354.35802650000005,-39.96575100000001,-44.47391900000002,26.56928099999999
-142.72477033333334,702.9251766666666,330.789063,-297.3522565,458.27727600000003,138.39177,-141.4818185,458.038428,355.57858450000003,-39.88667299999999,-44.33241199999998,26.858322999999984
-142.68615233333333,703.0132256666666,330.855978,-297.3103525,457.65733450000005,139.60371800000001,-141.475193,459.1731055,356.7879365,-39.810174,-44.187859,27.144736999999964
-142.64662933333332,703.0975166666667,330.9235813333333,-297.2667695,457.0387745,140.818767,-141.4645885,460.29077900000004,357.985954,-39.73641500000001,-44.04028599999998,27.428633999999988
-142.606219,703.1781510000001,330.991834,-297.2217425,456.4219395,142.03651,-141.45007850000002,461.391466,359.172495,-39.66555500000001,-43.889722000000006,27.710124000000008
-142.56494033333334,703.255232,331.060696,-297.1755035,455.80717400000003,143.2565175,-141.43174,462.475181,360.34740450000004,-39.597744000000006,-43.736207999999976,27.98931299999998
-142.52281233333335,703.3288640000001,331.130128,-297.128284,455.1948225,144.4783425,-141.409655,463.541932,361.510514,-39.53313,-43.57978799999995,28.266305999999986
-142.47985733333334,703.399151,331.20008866666666,-297.0803105,454.5852265,145.701518,-141.383908,464.591729,362.661648,-39.471852,-43.42051600000002,28.54119800000001
-142.43609733333332,703.4661986666666,331.27053566666666,-297.0318055,453.978727,146.9255605,-141.354593,465.6245765,363.800623,-39.41403799999999,-43.25845300000003,28.81408200000004
-142.39155666666667,703.5301136666667,331.34142733333334,-296.982987,453.37566100000004,148.1499685,-141.3218065,466.64047800000003,364.9272495,-39.35981099999999,-43.09366800000004,29.08504099999999
-142.34626,703.5910026666667,331.412721,-296.9340665,452.7763655,149.3742235,-141.285654,467.639436,366.041335,-39.30928,-42.92623600000002,29.354150000000004
-142.30023366666668,703.6489726666667,331.48437366666667,-296.8852485,452.1811705,150.5977905,-141.2462495,468.62145399999997,367.1426845,-39.262545,-42.756241999999986,29.621474999999975
-142.25350533333332,703.704132,331.55634133333336,-296.836731,451.59040500000003,151.8201195,-141.2037125,469.58653300000003,368.2311035,-39.21969299999999,-42.58377999999999,29.88707099999999
-142.20610266666665,703.7565879999999,331.62858,-296.788702,451.00439400000005,153.0406465,-141.158173,470.5346785,369.306399,-39.180797999999996,-42.40894900000001,30.15098599999999
-142.15805633333335,703.8064483333334,331.7010453333333,-296.7413425,450.423456,154.258793,-141.10977,471.4658945,370.36838250000005,-39.145921999999985,-42.231858999999986,30.413251000000002
-142.10939600000003,703.853821,331.77369266666665,-296.6948225,449.8479065,155.473969,-141.058649,472.38018950000003,371.41686849999996,-39.11511200000001,-42.05262499999998,30.67388699999998
-142.06015333333335,703.8988136666667,331.846477,-296.6493015,449.2780535,156.685574,-141.00496900000002,473.2775735,372.4516805,-39.088402,-41.871373000000006,30.932901000000015
-142.01036066666668,703.9415343333334,331.91935266666667,-296.6049295,448.714202,157.892994,-140.9488955,474.1580625,373.472648,-39.065811,-41.68823500000002,31.19028800000001
-141.960051,703.98209,331.992275,-296.5618455,448.156648,159.0956085,-140.8906045,475.0216765,374.47961,-39.047341,-41.50335100000001,31.446028000000013
-141.90925833333333,704.020587,332.0651983333333,-296.5201755,447.6056825,160.29278900000003,-140.830281,475.868439,375.4724165,-39.03298400000001,-41.316868,31.700083000000006
-141.85801666666669,704.0571319999999,332.138077,-296.4800345,447.06158949999997,161.4839,-140.76811899999998,476.69838300000004,376.4509285,-39.02271399999999,-41.128941999999995,31.952406999999994
-141.806362,704.0918296666667,332.210866,-296.441526,446.5246455,162.6683,-140.7043225,477.5115455,377.4150185,-39.016491,-40.93973299999999,32.20293299999997
-141.75432966666665,704.124786,332.28352,-296.4047405,445.99512000000004,163.8453435,-140.639103,478.307972,378.364573,-39.01426199999999,-40.74941200000001,32.45158200000003
-141.70195666666666,704.1561043333335,332.3559933333333,-296.369755,445.47327299999995,165.014384,-140.5726795,479.0877165,379.2994915,-39.01596099999999,-40.55815099999995,32.69825900000001
-141.64927866666667,704.1858863333333,332.4282416666667,-296.336636,444.959359,166.17477200000002,-140.50528,479.8508405,380.2196865,-39.021508,-40.366134999999986,32.942857000000004
-141.596333,704.2142356666667,332.50021999999996,-296.305436,444.4536215,167.325859,-140.4371365,480.5974155,381.125088,-39.030811,-40.173546999999985,33.18525199999999
-141.54315799999998,704.2412513333334,332.57188433333334,-296.2761955,443.9562965,168.4669985,-140.36849,481.3275215,382.01563699999997,-39.043768000000014,-39.980583000000024,33.42530400000004
-141.48979033333333,704.2670333333332,332.6431906666666,-296.24894300000005,443.467611,169.59754600000002,-140.29958299999998,482.04124950000005,382.8912915,-39.06026399999999,-39.787439000000006,33.662867000000006
-141.43626866666668,704.2916796666665,332.71409466666665,-296.22369449999997,442.98778300000004,170.7168625,-140.230664,482.738699,383.752023,-39.08017800000002,-39.59431600000005,33.89777400000003
-141.38263033333334,704.3152856666667,332.7845546666667,-296.2004545,442.5170205,171.824315,-140.161983,483.4199815,384.59781799999996,-39.10338,-39.40142100000003,34.12985199999997
-141.3289136666667,704.337947,332.8545266666667,-296.179216,442.0555215,172.91927800000002,-140.093793,484.085218,385.428677,-39.12973000000001,-39.20896400000004,34.35891600000002
-141.27515733333334,704.3597556666667,332.92397,-296.1599595,441.6034755,174.00113499999998,-140.026346,484.7345405,386.2446135,-39.15908799999998,-39.017155,34.584768999999994
-141.22139833333333,704.3808036666668,332.9928433333333,-296.142658,441.16106049999996,175.069279,-139.9598935,485.3680915,387.045656,-39.19130299999999,-38.826211,34.807208
-141.16767533333334,704.4011793333333,333.06110600000005,-296.1272695,440.7284445,176.123117,-139.8946845,485.9860225,387.8318435,-39.226225000000014,-38.636347,35.02601900000002
-141.11402633333333,704.42097,333.1287183333333,-296.113747,440.3057865,177.16206849999998,-139.830966,486.58849799999996,388.6032285,-39.2637,-38.44778000000002,35.24098700000002
-141.06048866666666,704.4402610000001,333.19564199999996,-296.102032,439.893233,178.1855655,-139.7689785,487.17569100000003,389.359874,-39.30357499999998,-38.26072800000003,35.451886
-141.007099,704.4591350000001,333.26183833333334,-296.09205799999995,439.4909205,179.1930605,-139.708958,487.74778349999997,390.101852,-39.34569600000002,-38.07540899999998,35.658492000000024
-140.953895,704.477672,333.32727100000005,-296.08375,439.098974,180.1840185,-139.65113000000002,488.3049685,390.829247,-39.38991200000001,-37.892037000000016,35.86057600000004
-140.9009123333333,704.4959503333333,333.3919036666667,-296.07702800000004,438.717508,181.15792800000003,-139.59571449999999,488.847447,391.5421485,-39.43607299999999,-37.71082999999999,36.05791099999999
-140.84818800000002,704.5140459999999,333.45570233333336,-296.071803,438.3466265,182.114294,-139.5429195,489.3754285,392.2406555,-39.48403500000002,-37.53199700000005,36.25026700000001
-140.795757,704.5320320000001,333.5186323333333,-296.067983,437.9864205,183.05264499999998,-139.492943,489.88913149999996,392.9248735,-39.53365600000001,-37.35574700000001,36.43742299999997
-140.74365433333332,704.549979,333.5806613333333,-296.0654695,437.63697,183.9725305,-139.445969,490.3887795,393.59491249999996,-39.584804000000005,-37.182282999999984,36.61915700000003
-140.691914,704.5679546666667,333.641758,-296.06416,437.298344,184.873525,-139.40216900000001,490.874605,394.2508865,-39.63735,-37.011806000000036,36.795255
-140.64057033333333,704.586025,333.7018923333333,-296.06395050000003,436.9705995,185.755226,-139.361701,491.3468455,394.892915,-39.691174000000004,-36.844506999999965,36.96551199999999
-140.58965533333333,704.604252,333.76103566666666,-296.064732,436.653782,186.617259,-139.3247045,491.8057435,395.521117,-39.74616300000001,-36.68057299999998,37.129729999999995
-140.53920200000002,704.622695,333.81916033333334,-296.0663975,436.3479245,187.4592735,-139.29130650000002,492.2515465,396.1356155,-39.80221500000002,-36.52018099999998,37.287724999999966
-140.48924033333333,704.641411,333.87624,-296.06883600000003,436.0530485,188.2809485,-139.2616145,492.6845045,396.736532,-39.859230999999994,-36.36350500000003,37.43932000000001
-140.43980233333335,704.660454,333.93225033333334,-296.07193800000005,435.76916400000005,189.0819915,-139.2357185,493.1048735,397.32399,-39.917126999999994,-36.21070299999997,37.584356000000014
-140.39091666666664,704.6798746666667,333.98716800000005,-296.075595,435.496268,189.86213750000002,-139.2136925,493.51290800000004,397.89810950000003,-39.975825,-36.06192800000002,37.72268700000001
-140.34261266666667,704.6997206666666,334.0409706666666,-296.0797005,435.2343465,190.621153,-139.1955915,493.908865,398.4590095,-40.035257,-35.91732000000002,37.85418299999998
-140.2949176666667,704.7200373333334,334.09363866666666,-296.08414949999997,434.9833725,191.358834,-139.18145099999998,494.2930055,399.00680750000004,-40.09536,-35.77700900000002,37.97873299999998
-140.24785866666667,704.7408656666667,334.14515266666666,-296.0888405,434.743309,192.075008,-139.1712885,494.6655845,399.54161550000003,-40.15608500000002,-35.64111299999996,38.096243000000015
-140.201461,704.762244,334.1954953333333,-296.09367599999996,434.51410450000003,192.769534,-139.16510399999999,495.0268615,400.0635445,-40.217388,-35.509735000000035,38.206638999999996
-140.15575033333334,704.7842076666667,334.244651,-296.0985615,434.29569749999996,193.44230149999999,-139.162879,495.377091,400.572699,-40.27923399999999,-35.38297,38.309866000000056
-140.1107506666667,704.8067886666668,334.2926056666667,-296.1034105,434.08801400000004,194.093234,-139.1645765,495.71652700000004,401.069181,-40.34159100000001,-35.260894000000064,38.405891999999994
-140.06648433333334,704.8300156666668,334.33934600000003,-296.1081395,433.89096800000004,194.722285,-139.1701425,496.0454205,401.553087,-40.404437000000016,-35.143573,38.494703999999956
-140.02297333333334,704.8539143333334,334.3848606666666,-296.112672,433.7044635,195.329442,-139.1795065,496.364019,402.02450899999997,-40.467757000000006,-35.03105799999997,38.57631399999997
-139.98023766666665,704.8785063333333,334.4291406666667,-296.1169385,433.5283905,195.91472349999998,-139.1925815,496.6725655,402.4835335,-40.531535000000005,-34.92338300000006,38.650751000000014
-139.93829833333334,704.9038106666667,334.4721776666667,-296.12087499999996,433.36262899999997,196.4781805,-139.20926550000001,496.971299,402.9302425,-40.595765,-34.820569999999975,38.718073000000004
-139.8971733333333,704.929843,334.5139643333334,-296.12442599999997,433.207049,197.01989650000002,-139.229442,497.260454,403.3647145,-40.660436000000004,-34.72262599999999,38.77835500000003
-139.85687966666669,704.9566156666666,334.554497,-296.127544,433.061507,197.5399845,-139.2529825,497.54025849999994,403.787022,-40.725547000000006,-34.62954099999996,38.83169600000002
-139.81743466666668,704.9841366666666,334.5937703333334,-296.130188,432.9258515,198.0385905,-139.279743,497.8109365,404.197234,-40.79109399999999,-34.541291,38.87821600000001
-139.778853,705.0124126666666,334.631783,-296.1323265,432.799918,198.5158905,-139.3095715,498.0727045,404.5954165,-40.85707100000002,-34.45783899999992,38.91805899999997
-139.7411493333333,705.0414456666667,334.66853466666663,-296.1339345,432.68353349999995,198.97209099999998,-139.342305,498.325774,404.981631,-40.92347400000001,-34.37913200000003,38.95138399999996
-139.704337,705.071235,334.704026,-296.134996,432.57651450000003,199.4074255,-139.3777705,498.5703505,405.35593800000004,-40.990297,-34.305102999999974,38.978377999999964
-139.6684273333333,705.101776,334.738259,-296.1355035,432.47866750000003,199.8221585,-139.41579000000002,498.80663150000004,405.7183945,-41.057528000000005,-34.23566900000003,38.99923899999999
-139.63343166666667,705.1330626666667,334.77123766666665,-296.13545750000003,432.38979099999995,200.21658100000002,-139.456177,499.034809,406.069056,-41.125156000000004,-34.17074000000002,39.01418799999999
-139.59936066666666,705.1650836666668,334.802967,-296.1348655,432.30967350000003,200.59101049999998,-139.4987425,499.255068,406.4079795,-41.193161,-34.11020599999995,39.023461
-139.56622233333334,705.1978263333334,334.8334536666667,-296.133745,432.2380945,200.9457895,-139.543291,499.467588,406.73521949999997,-41.261521999999985,-34.053949999999986,39.027309
-139.53402466666668,705.2312740000001,334.86270566666667,-296.132118,432.1748275,201.2812845,-139.589628,499.67254,407.05083249999996,-41.330207999999985,-34.001841999999954,39.02599900000001
-139.50277533333335,705.2654083333333,334.8907316666666,-296.130017,432.1196365,201.59788550000002,-139.63755550000002,499.870089,407.3548765,-41.39918700000001,-33.95373999999998,39.019811000000004
-139.47247966666666,705.3002066666667,334.9175423333333,-296.12747950000005,432.07228,201.896004,-139.6868765,500.06039499999997,407.6474125,-41.468417,-33.90949599999999,39.00903099999999
-139.44314266666666,705.3356440000001,334.94315,-296.1245495,432.0325085,202.17607099999998,-139.737396,500.24361,407.9285035,-41.53784799999998,-33.868949999999984,38.99396300000001
-139.4147683333333,705.371694,334.96756700000003,-296.12128,432.0000675,202.4385355,-139.78892000000002,500.41988050000003,408.198217,-41.607428,-33.831935000000044,38.97491000000002
-139.38736033333333,705.4083260000001,334.990808,-296.1177255,431.9746965,202.683865,-139.84126,500.5893465,408.4566255,-41.67709400000001,-33.79827899999998,38.95218900000003
-139.36092,705.4455073333332,335.0128876666667,-296.1139495,431.95613149999997,202.91253899999998,-139.89423,500.752142,408.7038065,-41.74677799999999,-33.76780199999996,38.92611699999998
-139.335449,705.4832026666667,335.0338223333333,-296.1100185,431.9441025,203.1250535,-139.94765,500.9083965,408.9398425,-41.816406,-33.740320999999994,38.897013000000015
-139.310948,705.5213763333333,335.05362966666667,-296.1060035,431.9383375,203.321913,-140.001347,501.058232,409.164824,-41.88589600000002,-33.71565000000004,38.865197999999964
-139.287417,705.5599873333334,335.0723276666667,-296.10197900000003,431.938562,203.50363349999998,-140.055155,501.201765,409.3788475,-41.955162,-33.69360000000006,38.83099500000003
-139.26485433333332,705.598995,335.0899356666667,-296.098024,431.9444975,203.670737,-140.1089135,501.3391085,409.5820175,-42.024111000000005,-33.673981000000026,38.794718999999986
-139.24325866666666,705.6383553333334,335.1064733333333,-296.0942185,431.9558655,203.82375150000001,-140.162472,501.470368,409.774444,-42.09264800000001,-33.65660200000002,38.75668400000001
-139.222627,705.6780226666666,335.12196233333333,-296.0906455,431.97238749999997,203.963208,-140.215688,501.59564450000005,409.9562485,-42.160669999999996,-33.64127500000001,38.717198999999994
-139.20295633333333,705.7179503333333,335.136423,-296.0873885,431.9937845,204.089638,-140.2684285,501.7150345,410.127557,-42.228072999999995,-33.627813,38.676559999999995
-139.18424233333334,705.758088,335.14987833333333,-296.08453299999996,432.0197775,204.203573,-140.32056899999998,501.82862850000004,410.28850550000004,-42.29475199999999,-33.616033000000016,38.63506100000001
-139.16648066666667,705.7983863333334,335.162351,-296.0821645,432.0500905,204.3055415,-140.3719955,501.936512,410.4392365,-42.360596999999984,-33.605755999999985,38.592979000000014
-139.14966633333333,705.838792,335.17386366666665,-296.080367,432.084449,204.39606350000003,-140.422602,502.0387655,410.579901,-42.425500000000014,-33.59680900000001,38.55058199999996
-139.133792,705.8792516666667,335.18444066666666,-296.079225,432.1225835,204.47565500000002,-140.472294,502.1354635,410.710656,-42.489352,-33.58902499999999,38.50812400000001
-139.11885266666664,705.9197106666667,335.194106,-296.078822,432.16422650000004,204.5448195,-140.520985,502.2266755,410.83166700000004,-42.55204400000001,-33.58224499999994,38.465846
-139.10484033333333,705.9601126666666,335.2028843333333,-296.07923949999997,432.2091155,204.604049,-140.5686,502.31246550000003,410.94310299999995,-42.61347000000001,-33.57631700000002,38.42397
-139.09174733333333,706.0003999999999,335.21080033333334,-296.080556,432.2569955,204.6538225,-140.6150705,502.392891,411.0451415,-42.67352699999999,-33.571098000000006,38.38270499999999
-139.079565,706.0405153333332,335.217878,-296.08284849999995,432.3076165,204.6945995,-140.66034,502.4680045,411.137962,-42.73211400000001,-33.56645699999996,38.342242
-139.06828566666664,706.080399,335.22414399999997,-296.08619,432.36073650000003,204.72682400000002,-140.70436,502.5378495,411.2217485,-42.789136,-33.56227100000001,38.302751
-139.05789900000002,706.1199913333334,335.229622,-296.09065050000004,432.41611950000004,204.75091700000002,-140.74708900000002,502.6024655,411.29668849999996,-42.844502000000006,-33.558430999999985,38.264388999999994
-139.04839566666666,706.159232,335.23433833333337,-296.0962975,432.4735415,204.767278,-140.7884955,502.661882,411.362969,-42.898127,-33.55483600000002,38.22728799999999
-139.03976533333332,706.198061,335.2383173333333,-296.10319400000003,432.532786,204.77628099999998,-140.828555,502.7161235,411.42077900000004,-42.94993199999999,-33.55140099999994,38.19156600000002
-139.03199800000002,706.2364156666666,335.241584,-296.111397,432.59364700000003,204.778275,-140.86725,502.7652025,411.470306,-42.999848,-33.54805099999999,38.15732000000003
-139.025082,706.2742360000001,335.244163,-296.1209615,432.6559305,204.77357899999998,-140.904571,502.809126,411.5117345,-43.04780799999999,-33.54472400000003,38.12462499999998
-139.01900733333335,706.3114599999999,335.2460786666666,-296.131936,432.7194525,204.762482,-140.9405125,502.847889,411.545246,-43.093757,-33.54137399999996,38.093542000000014
-139.01376133333335,706.348026,335.24735533333336,-296.14436750000004,432.78404450000005,204.74524350000002,-140.975076,502.88147749999996,411.5710155,-43.137646000000004,-33.537966999999924,38.06410900000003
-139.00933266666667,706.3838730000001,335.2480166666667,-296.1582945,432.849548,204.72208799999999,-141.00826899999998,502.9098665,411.58921250000003,-43.179435999999995,-33.53448099999997,38.03634500000004
-139.00571,706.4189396666667,335.24808533333334,-296.1737525,432.9158215,204.6932065,-141.0401015,502.9330195,411.59999849999997,-43.219093000000015,-33.530911,38.01025499999997
-139.00288033333334,706.4531653333333,335.24758533333335,-296.1907725,432.982735,204.6587545,-141.070589,502.9508875,411.6035235,-43.25659800000001,-33.52726100000001,37.98582099999999
-139.00083233333334,706.486489,335.24653766666665,-296.20938,433.0501755,204.6188505,-141.0997505,502.963409,411.59992750000004,-43.291933000000014,-33.523551999999995,37.96301299999999
-138.99955333333332,706.5188509999999,335.24496433333337,-296.229595,433.1180455,204.573576,-141.1276065,502.9705095,411.589336,-43.325091,-33.519818999999984,37.941779999999994
-138.999031,706.550193,335.24288633333333,-296.25143449999996,433.186263,204.522974,-141.1541815,502.97209899999996,411.5718625,-43.356075000000004,-33.51610599999998,37.92205899999999
-138.99925366666668,706.5804549999999,335.24032366666665,-296.27490950000004,433.254763,204.46704799999998,-141.17950050000002,502.96807449999994,411.5476025,-43.384895,-33.51247299999994,37.90376900000001
-139.00020766666668,706.6095806666667,335.2372966666667,-296.30002649999994,433.32349899999997,204.4057625,-141.20359000000002,502.9583165,411.5166345,-43.41156800000002,-33.50899099999998,37.88681700000001
-139.001882,706.6375116666667,335.2338233333333,-296.3267885,433.3924395,204.339043,-141.226477,502.94268950000003,411.47902,-43.436116,-33.50574499999999,37.87109799999996
-139.004264,706.664194,335.2299216666667,-296.355194,433.46157300000004,204.2667735,-141.248189,502.9210425,411.434798,-43.458572000000004,-33.502827000000025,37.856492
-139.007342,706.6895716666668,335.22560899999996,-296.3852365,433.5309055,204.18879850000002,-141.268753,502.89320799999996,411.3839875,-43.478972,-33.50034599999998,37.84286900000001
-139.011104,706.7135910000001,335.22090166666663,-296.41690800000003,433.6004605,204.10492399999998,-141.288195,502.858998,411.326586,-43.497360000000015,-33.49841600000002,37.83009199999998
-139.015538,706.7361999999999,335.21581466666663,-296.4501935,433.6702825,204.014915,-141.30653999999998,502.818211,411.2625655,-43.51378600000001,-33.49716399999994,37.818010999999956
-139.02063366666667,706.7573473333333,335.2103626666667,-296.485078,433.740433,203.918498,-141.3238115,502.770625,411.191876,-43.528299000000004,-33.496726000000024,37.806467999999995
-139.026379,706.7769826666668,335.204559,-296.5215415,433.8109915,203.8153615,-141.3400295,502.71600049999995,411.1144395,-43.54096100000001,-33.497244999999964,37.795300999999995
-139.03276333333332,706.795058,335.1984166666667,-296.559562,433.8820605,203.7051565,-141.355214,502.65407949999997,411.03015500000004,-43.55182999999998,-33.498872999999946,37.78433799999999
-139.03977633333332,706.8115256666666,335.191946,-296.599114,433.9537565,203.5874965,-141.36938,502.584585,410.938893,-43.560974,-33.50176799999997,37.77340600000002
-139.047408,706.82634,335.185159,-296.64016949999996,434.026218,203.4619615,-141.382541,502.50722299999995,410.84049749999997,-43.568460000000016,-33.506096000000014,37.762324999999976
-139.05564766666666,706.8394573333334,335.17806466666667,-296.6826995,434.0996015,203.3280955,-141.39470649999998,502.4216795,410.73478650000004,-43.57435899999999,-33.512028999999984,37.75091100000003
-139.06448699999999,706.8508346666667,335.17067199999997,-296.726672,434.1740815,203.1854115,-141.40588150000002,502.327623,410.6215485,-43.57874100000001,-33.519744,37.738981000000024
-139.07391633333336,706.8604306666666,335.162988,-296.77205349999997,434.24985200000003,203.0333905,-141.4160695,502.22470450000003,410.50054450000005,-43.58168099999999,-33.52941900000002,37.72634499999998
-139.08392766666665,706.868206,335.15502,-296.81880850000005,434.327124,202.8714845,-141.425268,502.1125565,410.37151,-43.583254,-33.541239000000076,37.71281799999997
-139.094512,706.8741233333334,335.1467733333334,-296.8669005,434.406126,202.69912,-141.433472,501.9907945,410.234151,-43.583533999999986,-33.55539100000004,37.69821000000002
-139.105662,706.878146,335.138253,-296.9162925,434.4871045,202.515696,-141.440671,501.8590175,410.0881475,-43.58259799999999,-33.57206299999996,37.68233099999998
-139.11737033333333,706.8802400000001,335.129463,-296.966944,434.5703225,202.32058899999998,-141.4468515,501.71680849999996,409.933154,-43.58052099999999,-33.591444999999965,37.664995999999974
-139.12963066666669,706.8803720000001,335.12040566666667,-297.01881549999996,434.65606,202.113156,-141.4519945,501.56373399999995,409.768798,-43.577376999999984,-33.613725999999986,37.646018000000026
-139.14243566666667,706.8785119999999,335.111083,-297.0718665,434.74461099999996,201.89273450000002,-141.456077,501.3993465,409.59468100000004,-43.57324199999999,-33.63909699999999,37.625211999999976
-139.15578033333335,706.8746303333334,335.1014956666667,-297.1260545,434.836285,201.658647,-141.4590735,501.223184,409.410382,-43.568189000000004,-33.667745999999966,37.60239399999995
-139.16965866666666,706.8686993333334,335.09164499999997,-297.18133750000004,434.9314065,201.410203,-141.460952,501.034772,409.215456,-43.562290000000004,-33.699859999999944,37.577387999999985
-139.18406633333333,706.8606936666666,335.08152866666666,-297.237671,435.03031350000003,201.146701,-141.461678,500.833622,409.009436,-43.555616,-33.73562199999998,37.55001200000004
-139.198999,706.85059,335.07114533333333,-297.2950115,435.133356,200.867432,-141.4612125,500.6192365,408.7918345,-43.548238999999995,-33.775215,37.52009099999998
-139.21445300000002,706.8383653333334,335.060493,-297.353313,435.2408965,200.5716825,-141.4595135,500.39110500000004,408.56214350000005,-43.540223,-33.81881400000003,37.48745500000001
-139.23042466666666,706.8240006666666,335.0495676666667,-297.412531,435.353307,200.2587365,-141.4565355,500.1487095,408.319837,-43.53163699999999,-33.866592999999966,37.451932
-139.246911,706.8074766666667,335.03836499999994,-297.472617,435.4709725,199.9278795,-141.452229,499.891523,408.0643735,-43.522546000000006,-33.918717999999956,37.41335700000002
-139.263911,706.7887766666666,335.02688,-297.533523,435.594283,199.57840099999999,-141.4465425,499.61901149999994,407.7951955,-43.51301299999999,-33.97535099999999,37.371564999999975
-139.281422,706.767887,335.01510733333333,-297.5952,435.7236395,199.2095965,-141.43942099999998,499.3306355,407.5117315,-43.503097999999994,-34.036647000000016,37.32639500000005
-139.29944333333336,706.7447936666667,335.00303966666667,-297.657598,435.8594485,198.820773,-141.430809,499.0258495,407.21340050000003,-43.49285999999998,-34.10275300000001,37.27768699999996
-139.31797433333335,706.719485,334.99067066666663,-297.7206645,436.002122,198.4112495,-141.4206475,498.7041055,406.899609,-43.48235699999999,-34.173809000000006,37.22528399999999
-139.33701466666665,706.6919523333332,334.9779913333333,-297.78434500000003,436.1520765,197.98036050000002,-141.4088775,498.36485300000004,406.569756,-43.471647000000004,-34.249945999999966,37.169032000000016
-139.35656500000002,706.6621869999999,334.964994,-297.84858499999996,436.309732,197.52745900000002,-141.3954375,498.0075405,406.2232365,-43.460783000000006,-34.331286999999975,37.10877899999997
-139.37662699999998,706.6301833333333,334.95166966666665,-297.913326,436.47550950000004,197.0519215,-141.3802675,497.6316155,405.8594375,-43.449816999999996,-34.41794500000003,37.04437100000001
-139.39720133333333,706.5959366666666,334.93800866666663,-297.97850900000003,436.6498325,196.5531465,-141.363305,497.236529,405.477747,-43.4388,-34.51002399999999,36.975660000000005
-139.41829066666665,706.5594433333332,334.92400066666664,-298.0440715,436.833122,196.0305615,-141.3444905,496.8217325,405.077549,-43.42778299999999,-34.607617000000005,36.902495999999985
-139.43989666666667,706.5207033333332,334.9096356666667,-298.1099485,437.02579649999996,195.48362400000002,-141.32376250000002,496.3866835,404.658231,-43.41681100000001,-34.71080499999999,36.82473200000004
-139.462023,706.4797163333333,334.89490266666667,-298.17607250000003,437.2282725,194.91182149999997,-141.3010635,495.930844,404.219184,-43.405933000000005,-34.819660000000056,36.74221799999998
-139.48467366666668,706.4364843333333,334.87979033333335,-298.242373,437.440961,194.3146795,-141.2763355,495.45368099999996,403.759802,-43.395191,-34.93423999999999,36.654808
-139.50785166666665,706.3910103333334,334.8642876666667,-298.3087755,437.664267,193.691759,-141.249525,494.9546705,403.279487,-43.384630000000016,-35.05459100000007,36.562351999999976
-139.53156099999998,706.3433,334.84838199999996,-298.375204,437.89858649999996,193.04266,-141.22057949999999,494.4332975,402.7776505,-43.37428700000001,-35.18075100000004,36.464702999999986
-139.55580766666665,706.29336,334.83206233333334,-298.441577,438.14430849999997,192.3670265,-141.18945,493.88905650000004,402.253713,-43.36420600000001,-35.31273900000002,36.36171200000001
-139.58059599999999,706.2411976666666,334.81531566666666,-298.50780999999995,438.40180999999995,191.664544,-141.1560915,493.3214535,401.707106,-43.35441900000001,-35.45056299999999,36.253228000000036
-139.60593166666666,706.186823,334.7981296666666,-298.5738145,438.67145600000003,190.93494299999998,-141.1204625,492.730006,401.1372785,-43.344965,-35.594222,36.13910100000004
-139.63182033333337,706.1302466666666,334.78049166666665,-298.639499,438.9535995,190.178003,-141.082527,492.1142455,400.54369099999997,-43.33587399999999,-35.743695,36.019177999999954
-139.65826833333335,706.071482,334.7623896666667,-298.7047675,439.2485775,189.39355,-141.042252,491.473718,399.9258225,-43.32717799999999,-35.89895000000001,35.893305
-139.68528166666667,706.010542,334.74381,-298.7695185,439.556712,188.5814595,-140.99961100000002,490.8079845,399.28317000000004,-43.31890200000001,-36.05994500000003,35.76132999999999
-139.71286766666665,705.9474416666667,334.724739,-298.8336485,439.878307,187.74166000000002,-140.95458200000002,490.116623,398.6152495,-43.31107399999999,-36.226616000000035,35.623095000000035
-139.74103233333332,705.8821983333333,334.705165,-298.8970485,440.21364800000003,186.8741295,-140.9071495,489.39922850000005,397.921597,-43.303713000000016,-36.39889299999999,35.478444000000025
-139.769783,705.814829,334.68507366666665,-298.959606,440.56300250000004,185.97889750000002,-140.8573035,488.6554145,397.201773,-43.29683899999999,-36.57668699999999,35.32722000000001
-139.799127,705.745354,334.6644523333334,-299.0212035,440.92661350000003,185.0560495,-140.80504000000002,487.884814,396.4553585,-43.29047,-36.75989800000002,35.169263
-139.82907166666666,705.6737923333334,334.6432873333333,-299.081721,441.304706,184.1057205,-140.750361,487.08708,395.6819585,-43.28461399999999,-36.94840799999997,35.004414999999995
-139.85962433333336,705.6001663333333,334.62156566666664,-299.14103350000005,441.697479,183.12810100000002,-140.693276,486.2618875,394.88120349999997,-43.27928200000001,-37.142089000000055,34.832516999999996
-139.89079233333334,705.5244983333332,334.59927366666665,-299.19901300000004,442.10510750000003,182.1234335,-140.6338,485.4089325,394.052748,-43.27448,-37.34079700000001,34.65341000000001
-139.92258333333334,705.4468123333332,334.57639766666665,-299.25552600000003,442.527744,181.092012,-140.571955,484.5279335,393.196274,-43.27020599999999,-37.544375,34.466935999999976
-139.955005,705.3671326666666,334.5529246666667,-299.31043850000003,442.9655115,180.03418349999998,-140.507768,483.618634,392.3114895,-43.266459999999995,-37.75265000000002,34.27293900000001
-139.98806466666667,705.2854860000001,334.528841,-299.36361150000005,443.418509,178.95034700000002,-140.4412755,482.68080050000003,391.3981285,-43.263234999999995,-37.965441,34.07126299999999
-140.0217693333333,705.2018976666667,334.50413366666663,-299.414903,443.886807,177.84095050000002,-140.37251750000001,481.7142255,390.455954,-43.260519,-38.18255099999999,33.861756000000014
-140.05612700000003,705.1163969999999,334.478789,-299.46416999999997,444.370448,176.7064905,-140.30154149999998,480.718727,389.4847535,-43.258298999999994,-38.40376600000002,33.64426900000001
-140.09114433333335,705.029012,334.452793,-299.511266,444.869445,175.54751349999998,-140.22840050000002,479.6941485,388.4843445,-43.256557000000015,-38.628867000000014,33.418655
-140.12682900000001,704.9397716666666,334.426134,-299.55604300000005,445.3837835,174.364609,-140.153153,478.640363,387.45457050000005,-43.255269999999996,-38.857618,33.184775
-140.16318733333333,704.8487059999999,334.39879733333333,-299.598352,445.913419,173.158414,-140.075864,477.55726949999996,386.3953035,-43.254414,-39.08977299999998,32.94249300000001
-140.20022600000001,704.755847,334.37077066666666,-299.638042,446.45827699999995,171.92960549999998,-139.9966025,476.444795,385.3064405,-43.253958999999995,-39.32507199999998,32.69167700000003
-140.23795266666667,704.6612256666667,334.34204066666666,-299.6749625,447.018253,170.678904,-139.915443,475.3028975,384.187907,-43.25387400000001,-39.56325099999998,32.432208
-140.276372,704.564874,334.31259366666666,-299.708962,447.5932125,169.407065,-139.83246450000001,474.13156200000003,383.03965400000004,-43.254125,-39.80402799999996,32.16396800000001
-140.31549033333332,704.4668246666666,334.282418,-299.7398905,448.182991,168.1148825,-139.747748,472.93080499999996,381.8616585,-43.254676,-40.04711600000002,31.88685300000003
-140.35531333333333,704.3671119999999,334.2515006666667,-299.76759649999997,448.7873955,166.803183,-139.66138,471.70067400000005,380.65392199999997,-43.255487999999986,-40.29221799999999,31.60076399999997
-140.395846,704.2657690000001,334.2198286666667,-299.79193250000003,449.406201,165.472824,-139.57344949999998,470.44124550000004,379.416472,-43.25652099999999,-40.53902899999997,31.30561799999998
-140.43709333333334,704.1628303333333,334.18738866666666,-299.8127505,450.03915500000005,164.124693,-139.4840475,469.152629,378.149357,-43.257737000000006,-40.78723400000001,31.001338000000032
-140.47905966666667,704.0583310000001,334.1541703333333,-299.829906,450.6859745,162.759702,-139.3932675,467.834964,376.852652,-43.25909300000001,-41.03651400000001,30.687861999999996
-140.521749,703.9523049999999,334.12016,-299.843256,451.3463485,161.3787845,-139.30120349999999,466.48842249999996,375.526451,-43.26055299999999,-41.286541,30.365138
-140.56516466666667,703.8447890000001,334.085346,-299.852661,452.019939,159.98289749999998,-139.207951,465.113209,374.1708705,-43.262074,-41.53698600000001,30.03313099999997
-140.60931033333335,703.735818,334.0497163333333,-299.857985,452.70637999999997,158.5730125,-139.113605,463.7095575,372.786047,-43.26362200000001,-41.787509,29.691820000000007
-140.6541873333333,703.625427,334.01325966666667,-299.8590945,453.4052775,157.1501165,-139.018262,462.277737,371.372136,-43.265162000000004,-42.03777000000002,29.341193999999973
-140.699799,703.5136526666666,333.9759646666667,-299.855862,454.1162135,155.71520850000002,-138.9220165,460.8180465,369.929311,-43.26666300000001,-42.287424999999985,28.98126400000001
-140.746146,703.4005303333333,333.93782000000004,-299.848162,454.8387445,154.2692945,-138.8249615,459.330817,368.457763,-43.26809900000001,-42.53612800000002,28.612053999999944
-140.79323000000002,703.2860966666667,333.898814,-299.83587450000005,455.572403,152.813387,-138.7271895,457.81641,366.9576975,-43.26944900000001,-42.78353199999998,28.23360100000002
-140.84105066666666,703.1703860000001,333.85893733333336,-299.818885,456.31669850000003,151.348501,-138.6287895,456.275219,365.4293355,-43.270695,-43.02928600000001,27.84596700000003
-140.88960833333334,703.0534349999999,333.8181783333334,-299.7970815,457.0711175,149.875653,-138.52985,454.7076675,363.87291200000004,-43.271828,-43.273045000000025,27.449224000000015
-140.938902,702.9352786666667,333.77652766666665,-299.770359,457.8351275,148.39585449999998,-138.4304555,453.114208,362.28867249999996,-43.272845000000004,-43.51445799999999,27.04346300000003
-140.988931,702.8159516666666,333.733975,-299.738616,458.608176,146.910113,-138.330687,451.495322,360.676876,-43.273752000000016,-43.753183999999976,26.628791999999976
-141.0396926666667,702.6954893333335,333.6905106666666,-299.7017565,459.38969099999997,145.419428,-138.2306235,449.85152,359.03779,-43.27455900000001,-43.988878,26.20533800000004
-141.09118533333333,702.5739253333332,333.6461256666667,-299.659688,460.17908450000004,143.924789,-138.13034,448.18333800000005,357.3716905,-43.27529000000001,-44.221202000000005,25.77324299999998
-141.14340533333333,702.4512936666666,333.60081066666663,-299.612324,460.9757525,142.427171,-138.029908,446.4913385,355.6788615,-43.275976000000014,-44.44982299999998,25.33266500000002
-141.19634933333336,702.327627,333.55455766666665,-299.55958250000003,461.7790765,140.92753499999998,-137.929395,444.776107,353.959594,-43.276658,-44.67441000000002,24.88378
-141.25001266666666,702.2029576666667,333.507358,-299.5013835,462.58842549999997,139.426827,-137.828867,443.0382535,352.2141835,-43.27738799999999,-44.894642999999974,24.42677900000001
-141.30439066666668,702.0773169999999,333.4592043333333,-299.437652,463.4031565,137.9259705,-137.728383,441.27840949999995,350.44293,-43.27822599999999,-45.11020300000001,23.961865999999986
-141.35947766666666,701.9507356666667,333.41008899999997,-299.3683165,464.22261549999996,136.42587,-137.628003,439.497224,348.6461365,-43.279246,-45.320784,23.489261
-141.41526733333333,701.8232436666667,333.36000599999994,-299.29330749999997,465.0461415,134.927408,-137.5277825,437.6953645,346.824108,-43.280530999999996,-45.52608500000002,23.009198000000026
-141.471753,701.6948689999999,333.30894800000004,-299.2125585,465.8730645,133.431442,-137.427774,435.873516,344.977151,-43.282172,-45.725814000000014,22.521922000000018
-141.52892666666665,701.5656393333334,333.25691,-299.1260045,466.702709,131.9388045,-137.32802750000002,434.032374,343.1055725,-43.284277,-45.91968800000001,22.027691000000004
-141.58678066666667,701.4355813333333,333.2038866666667,-299.033582,467.534395,130.4503025,-137.22859449999999,432.172648,341.2096775,-43.286957,-46.10743600000001,21.526769
-141.645305,701.3047196666666,333.1498733333333,-298.9352275,468.36743850000005,128.9667145,-137.1295215,430.2950555,339.28977050000003,-43.29033899999999,-46.28879499999999,21.019436999999982
-141.70449133333332,701.1730779999999,333.09486666666663,-298.83087850000004,469.20115499999997,127.488789,-137.030859,428.4003205,337.34615399999996,-43.29455399999999,-46.46351299999998,20.50597399999998
-141.76432866666667,701.0406786666666,333.03886300000005,-298.72047050000003,470.0348575,126.01724999999999,-136.9326545,426.489173,335.379126,-43.299746999999996,-46.631348,19.986672
-141.82480566666666,700.9075423333334,332.9818603333334,-298.60393899999997,470.867862,124.55278799999999,-136.8349585,424.562343,333.3889815,-43.306066999999985,-46.79206999999997,19.46182699999997
-141.885911,700.7736886666667,332.92385766666666,-298.48121549999996,471.69948350000004,123.0960645,-136.737823,422.6205605,331.3760125,-43.313672,-46.94545900000003,18.931735000000003
-141.94763166666667,700.639135,332.8648533333333,-298.35223199999996,472.529043,121.64771100000002,-136.6413025,420.6645545,329.340505,-43.322726999999986,-47.091309000000024,18.39670000000001
-142.00995533333335,700.5038976666666,332.8048483333333,-298.21691350000003,473.3558625,120.20832949999999,-136.5454565,418.695045,327.2827395,-43.333399,-47.229420000000005,17.85702100000003
-142.07286766666667,700.3679916666666,332.7438426666667,-298.0751835,474.17927199999997,118.778491,-136.4503475,416.71274800000003,325.202993,-43.345862999999994,-47.35960800000004,17.312999999999988
-142.13635366666665,700.2314286666666,332.681841,-297.92695949999995,474.99860650000005,117.358736,-136.356043,414.71836599999995,323.101535,-43.360296000000005,-47.481696,16.764931999999988
-142.20039866666664,700.0942203333333,332.618844,-297.7721545,475.81320900000003,115.9495755,-136.2626195,412.7125925,320.9786305,-43.376875,-47.595519000000024,16.213115000000016
-142.26498633333333,699.9563756666666,332.554857,-297.610676,476.6224305,114.5514915,-136.170157,410.696103,318.834538,-43.39577999999999,-47.700923999999986,15.657835999999975
-142.33010033333332,699.8179023333333,332.489885,-297.4424245,477.4256305,113.16493700000001,-136.078745,408.66956,316.669511,-43.417186,-47.797766000000024,15.099379999999996
-142.39572333333334,699.678806,332.4239356666667,-297.26729450000005,478.22218,111.790336,-135.988483,406.633605,314.48379650000004,-43.44126999999999,-47.88590799999997,14.53801900000002
-142.4618363333333,699.5390896666668,332.3570153333333,-297.085174,479.01146,110.428085,-135.8994765,404.588861,312.277638,-43.468205,-47.965228000000025,13.974022000000048
-142.52842233333334,699.3987556666666,332.2891343333333,-296.895943,479.792864,109.078554,-135.8118445,402.5359295,310.0512735,-43.49815500000001,-48.03560700000003,13.407645000000002
-142.595461,699.257804,332.22030166666667,-296.699475,480.565797,107.742087,-135.7257125,400.4753895,307.804935,-43.53128100000001,-48.09693900000002,12.83913199999995
-142.66293233333332,699.1162313333333,332.15053000000006,-296.4956355,481.3296775,106.41900100000001,-135.6412205,398.40779699999996,305.538855,-43.567734999999985,-48.14912199999998,12.268717999999978
-142.73081633333334,698.9740353333333,332.07983233333334,-296.2842845,482.083939,105.1095905,-135.558518,396.333684,303.25325999999995,-43.607659999999996,-48.19206399999996,11.69662199999999
-142.79909166666667,698.8312086666666,332.008222,-296.065273,482.8280275,103.814126,-135.477766,394.253557,300.948376,-43.651188000000005,-48.22568000000001,11.123054000000025
-142.86773633333334,698.687744,331.935716,-295.838447,483.5614045,102.532855,-135.3991365,392.16789900000003,298.6244275,-43.698441,-48.24989199999999,10.548208999999986
-142.93672866666665,698.543632,331.86233066666665,-295.603646,484.283549,101.26600250000001,-135.322814,390.07716849999997,296.2816405,-43.74952599999999,-48.26462699999996,9.972264999999993
-143.00604466666667,698.3988599999999,331.78808566666663,-295.3607035,484.99395400000003,100.0137745,-135.248994,387.981802,293.9202415,-43.804536,-48.26981999999998,9.395388999999966
-143.075662,698.2534146666667,331.7130006666667,-295.109449,485.69212949999996,98.7763555,-135.177882,385.88221,291.5404615,-43.863552,-48.265409999999974,8.81773499999997
-143.1455556666667,698.1072813333334,331.63709800000004,-294.8497065,486.377604,97.55391350000001,-135.109695,383.77878450000003,289.1425355,-43.926636,-48.25134299999996,8.239441
-143.215702,697.960442,331.5604016666666,-294.581299,487.049922,96.34659500000001,-135.044659,381.6718965,286.7267035,-43.99383799999998,-48.22756900000002,7.6606310000000235
-143.28607566666668,697.8128780000001,331.482935,-294.30404550000003,487.7086475,95.154532,-134.9830095,379.5618975,284.2932155,-44.065185,-48.19404300000002,7.0814150000000495
-143.35665100000003,697.664569,331.4047256666667,-294.01776600000005,488.3533625,93.97784,-134.9249895,377.449126,281.8423295,-44.14069300000001,-48.15072600000002,6.50189499999999
-143.427402,697.515493,331.32580233333334,-293.72228,488.98366799999997,92.8166165,-134.87084800000002,375.33390299999996,279.37431749999996,-44.22035600000001,-48.09758400000004,5.922157000000027
-143.49830233333333,697.3656256666667,331.24619366666667,-293.417409,489.5991835,91.67094800000001,-134.8208405,373.2165425,276.889463,-44.304148999999995,-48.03458699999999,5.342278000000022
-143.5693246666667,697.2149426666666,331.165931,-293.102979,490.199551,90.540903,-134.775226,371.0973485,274.388066,-44.39203600000002,-47.96171300000003,4.762321999999983
-143.64044166666667,697.0634173333333,331.085048,-292.7788205,490.7844305,89.42653949999999,-134.7342655,368.97662149999996,271.870446,-44.48395500000001,-47.878941,4.18234799999999
-143.71162566666666,696.9110223333333,331.0035783333333,-292.4447695,491.35350300000005,88.3279005,-134.69822,366.8546585,269.33694049999997,-44.57983,-47.786261000000025,3.602407000000028
-143.78284800000003,696.757729,330.92155799999995,-292.10067300000003,491.906471,87.2450175,-134.667351,364.7317625,266.787911,-44.679568,-47.68366500000002,3.022541999999987
-143.85408066666668,696.6035076666667,330.83902366666666,-291.74638600000003,492.443059,86.1779095,-134.6419135,362.60823849999997,264.22374249999996,-44.78305900000001,-47.57115500000003,2.4427949999999896
-143.92529333333334,696.4483276666666,330.7560153333333,-291.3817775,492.9630125,85.1265855,-134.6221595,360.48440500000004,261.644848,-44.89017500000001,-47.44873799999999,1.8632000000000062
-143.996458,696.2921586666666,330.67257233333333,-291.00672899999995,493.4660995,84.09104149999999,-134.60833100000002,358.360591,259.0516685,-45.000776,-47.31643199999996,1.2837949999999978
-144.067544,696.1349676666665,330.588736,-290.621138,493.9521115,83.071264,-134.600662,356.2371455,256.4446765,-45.11470200000001,-47.174259000000006,0.7046149999999898
-144.13852166666666,695.9767236666667,330.50454900000005,-290.22492,494.4208615,82.0672285,-134.599371,354.114437,253.8243795,-45.231785999999985,-47.02225599999997,0.1257009999999923
-144.20935999999998,695.817394,330.4200553333333,-289.8180095,494.87218800000005,81.078901,-134.60466350000002,351.9928595,251.1913175,-45.35184100000001,-46.86046499999998,-0.45290699999998196
-144.28002966666668,695.6569460000001,330.3353,-289.40036299999997,495.3059505,80.10623700000001,-134.616726,349.872836,248.54607149999998,-45.47467399999999,-46.688942,-1.031156999999979
-144.35049866666668,695.495347,330.2503286666667,-288.97195750000003,495.722035,79.14918349999999,-134.6357265,347.754822,245.88925799999998,-45.600081,-46.50775599999997,-1.608994000000024
-144.420737,695.3325646666667,330.165189,-288.5327965,496.12035000000003,78.20767649999999,-134.6618095,345.6393075,243.2215375,-45.727847,-46.31698499999999,-2.186351000000002
-144.49071333333333,695.1685673333333,330.079929,-288.082908,496.5008305,77.281645,-134.69509399999998,343.5268205,240.543611,-45.85774999999998,-46.116724999999974,-2.763149999999996
-144.56039633333333,695.0033233333334,329.9945966666667,-287.622346,496.86343350000004,76.37100699999999,-134.73567300000002,341.4179315,237.8562245,-45.98956000000001,-45.907083,-3.3392989999999827
-144.62975466666668,694.8368023333334,329.90924266666667,-287.1511945,497.2081445,75.475674,-134.783609,339.3132525,235.1601695,-46.123046,-45.68818500000003,-3.9146949999999947
-144.698757,694.668974,329.823917,-286.6695655,497.53497100000004,74.59554700000001,-134.8389325,337.213442,232.4562815,-46.257971,-45.460170000000005,-4.4892150000000015
-144.76737200000002,694.4998103333334,329.7386696666667,-286.1776,497.84394699999996,73.730521,-134.901642,335.1192045,229.745444,-46.39409400000001,-45.223194999999976,-5.062722000000008
-144.83556933333332,694.329283,329.6535526666667,-285.675471,498.135131,72.880482,-134.9716975,333.031293,227.028589,-46.53117500000002,-44.97743800000001,-5.635057999999987
-144.90331633333335,694.1573663333334,329.5686176666666,-285.1633815,498.408608,72.045309,-135.0490245,330.950509,224.3066935,-46.668977,-44.72309200000001,-6.206047000000012
-144.97058266666667,693.9840356666667,329.48391599999997,-284.641565,498.6644865,71.2248745,-135.1335075,328.877702,221.5807835,-46.807259,-44.46037000000001,-6.775492999999983
-145.037338,693.8092683333333,329.39950066666665,-284.11028749999997,498.9029,70.419043,-135.22499200000001,326.813771,218.85193149999998,-46.94579,-44.189505999999994,-7.343176999999997
-145.10355033333335,693.6330433333333,329.3154236666667,-283.5698435,499.1240065,69.6276745,-135.3232815,324.75966,216.1212555,-47.08433500000001,-43.910754,-7.908861000000002
-145.16918966666665,693.4553416666666,329.2317366666667,-283.0205605,499.3279885,68.8506225,-135.4281375,322.7163625,213.38992100000002,-47.222673000000015,-43.624386999999956,-8.472286000000025
-145.23422533333334,693.2761476666666,329.148492,-282.462793,499.51505099999997,68.0877345,-135.5392785,320.684912,210.6591365,-47.360585,-43.330701999999974,-9.033169000000015
-145.29862733333331,693.0954466666666,329.06574133333334,-281.896925,499.6854225,67.33885599999999,-135.65638049999998,318.66638650000004,207.9301525,-47.49785899999999,-43.030013,-9.591206999999997
-145.36236599999998,692.913228,328.9835356666667,-281.3233695,499.8393545,66.603826,-135.779075,316.661901,205.204262,-47.634296000000006,-42.722658000000024,-10.146075999999994
-145.425411,692.7294826666666,328.90192666666667,-280.742562,499.9771175,65.8824815,-135.90695250000002,314.672606,202.4827945,-47.76970300000001,-42.40899399999995,-10.697430999999995
-145.48773366666668,692.544205,328.820964,-280.154966,500.09900500000003,65.174657,-136.0395585,312.6996815,199.76711749999998,-47.903897000000015,-42.08939899999996,-11.244908999999979
-145.54930466666664,692.3573926666668,328.740697,-279.5610645,500.2053285,64.48018400000001,-136.176399,310.7443355,197.058631,-48.03670799999999,-41.76427100000001,-11.78812400000001
-145.610096,692.1690463333334,328.66117533333335,-278.9613625,500.29641749999996,63.798894,-136.316938,308.807796,194.358764,-48.16797799999999,-41.43402600000002,-12.32668000000001
-145.670079,691.9791696666666,328.5824466666667,-278.356384,500.372619,63.1306185,-136.4606,306.89130750000004,191.668975,-48.29755999999999,-41.09909899999997,-12.860157999999984
-145.72922633333334,691.7877706666667,328.504557,-277.7466665,500.4342955,62.475188,-136.6067725,304.996125,188.990743,-48.425319,-40.759942000000024,-13.388127999999995
-145.78751066666666,691.5948589999999,328.427553,-277.132763,500.481825,61.832435499999995,-136.7548085,303.123507,186.325568,-48.55113499999999,-40.41702200000003,-13.910149999999987
-145.84490533333334,691.40045,328.3514793333334,-276.5152365,500.5155945,61.2021955,-136.9040245,301.27470900000003,183.674964,-48.67489900000001,-40.07082399999996,-14.425765999999982
-145.901385,691.2045623333333,328.27637899999996,-275.8946565,500.536007,60.584305,-137.0537095,299.4509795,181.040457,-48.796516999999994,-39.72184099999998,-14.934517999999997
-145.956924,691.007217,328.20229333333333,-275.2716005,500.54346999999996,59.9786055,-137.203121,297.65355,178.42357800000002,-48.915908000000016,-39.37058200000001,-15.435934000000003
-146.01149666666666,690.8084400000001,328.129264,-274.646645,500.53840149999996,59.384942,-137.3514935,295.8836295,175.825861,-49.033005,-39.017562999999996,-15.929544000000021
-146.06507966666666,690.608261,328.05732933333337,-274.02036699999996,500.5212245,58.803163999999995,-137.498039,294.1423975,173.248836,-49.147752,-38.66331100000002,-16.414872000000003
-146.11764933333333,690.4067143333333,327.9865266666667,-273.3933395,500.492366,58.233127999999994,-137.64195,292.430998,170.6940245,-49.26011000000001,-38.308356,-16.891447
-146.16918366666667,690.203837,327.916892,-272.7661285,500.452254,57.674696000000004,-137.7824045,290.75052949999997,168.1629365,-49.370051000000004,-37.95323300000001,-17.35879699999998
-146.21965966666667,689.99967,327.8484583333333,-272.13929,500.4013175,57.1277365,-137.9185695,289.102042,165.657062,-49.47755700000002,-37.598478,-17.81645800000001
-146.26905733333334,689.7942586666667,327.78125866666664,-271.513367,500.339983,56.592126,-138.0496035,287.48652749999997,163.177869,-49.58262699999999,-37.24462699999998,-18.26397399999999
-146.31735466666666,689.5876529999999,327.7153226666666,-270.8888865,500.2686735,56.067748,-138.17466199999998,285.9049145,160.7267975,-49.68526799999999,-36.89221500000002,-18.700902999999983
-146.36453433333332,689.3799053333332,327.6506793333333,-270.26635749999997,500.1878065,55.554496,-138.292902,284.358064,158.3052525,-49.7855,-36.54176799999999,-19.126813
-146.410577,689.1710720000001,327.5873533333333,-269.646269,500.097792,55.052269,-138.403484,282.846759,155.9146035,-49.883354,-36.19380799999999,-19.54128700000001
-146.45546399999998,688.9612143333334,327.5253706666667,-269.029084,499.999029,54.5609765,-138.50557750000002,281.37170349999997,153.556175,-49.978871,-35.84884500000004,-19.943934000000013
-146.49917966666666,688.750396,327.4647526666667,-268.415242,499.8919075,54.0805365,-138.5983655,279.933516,151.231245,-50.072098999999994,-35.50738000000001,-20.33437600000002
-146.541708,688.5386846666667,327.40551966666663,-267.80515249999996,499.7768045,53.610875,-138.6810485,278.53272400000003,148.9410395,-50.163099,-35.16989600000005,-20.71226299999998
-146.583034,688.3261513333333,327.3476893333334,-267.19919649999997,499.6540825,53.151927,-138.752847,277.169762,146.686728,-50.251936,-34.836861999999996,-21.07727
-146.62314433333333,688.1128706666667,327.29127733333337,-266.59772350000003,499.5240875,52.7036365,-138.813008,275.844967,144.46941950000001,-50.338685999999996,-34.50872800000002,-21.429096999999985
-146.66202533333333,687.8989196666666,327.23629800000003,-266.00104899999997,499.3871515,52.265955,-138.860808,274.5585765,142.29015950000002,-50.42342799999999,-34.185925,-21.767477000000014
-146.69966666666667,687.6843796666667,327.182762,-265.409455,499.2435845,51.838842,-138.8955545,273.3107245,140.1499245,-50.50624699999999,-33.868858999999986,-22.092173000000003
-146.73605633333332,687.469333,327.1306796666667,-264.8231875,499.093681,51.42226600000001,-138.916594,272.1014445,138.0496225,-50.58723600000002,-33.55791300000001,-22.402979000000002
-146.771186,687.253867,327.0800576666667,-264.242457,498.93771449999997,51.016200500000004,-138.92331049999999,270.930662,135.9900855,-50.666489,-33.253446,-22.699724999999987
-146.8050463333333,687.0380689999998,327.03090033333336,-263.667438,498.775938,50.6206265,-138.9151345,269.7982005,133.972071,-50.74410499999999,-32.95578499999999,-22.982276000000013
-146.83763,686.822031,326.9832123333333,-263.0982675,498.608583,50.235531,-138.891539,268.70378,131.9962575,-50.82018399999998,-32.66523600000002,-23.250530999999995
-146.86893133333334,686.6058453333334,326.93699266666664,-262.5350465,498.4358615,49.860906,-138.8520485,267.6470155,130.0632435,-50.89482700000001,-32.382069,-23.504429000000002
-146.89894433333333,686.3896080000001,326.8922413333333,-261.9778405,498.257963,49.4967485,-138.79623899999999,266.62742449999996,128.173545,-50.968137999999996,-32.106524999999976,-23.743943999999985
-146.92766633333335,686.1734150000001,326.848955,-261.4266775,498.0750555,49.143058,-138.72373850000002,265.6444245,126.3275965,-51.04021900000001,-31.838816999999977,-23.969087000000002
-146.95509366666667,685.9573649999999,326.80712833333337,-260.8815525,497.8872875,48.799838,-138.634233,264.6973375,124.52574899999999,-51.111171999999996,-31.579120999999986,-24.179909999999992
-146.9812256666667,685.7415573333334,326.766754,-260.34242700000004,497.6947855,48.4670945,-138.527463,263.7853965,122.76826899999999,-51.181096,-31.327586999999994,-24.376499999999993
-147.00606100000002,685.526093,326.72782366666667,-259.8092285,497.4976575,48.144833500000004,-138.40323,262.907746,121.0553405,-51.250090000000014,-31.084326000000004,-24.558979000000008
-147.02960099999999,685.3110733333333,326.6903256666667,-259.2818555,497.2959905,47.8330615,-138.261394,262.0634505,119.38706450000001,-51.31824799999998,-30.849420999999978,-24.727509000000012
-147.051847,685.0966,326.65424866666666,-258.7601775,497.089855,47.531785500000005,-138.1018735,261.251495,117.7634585,-51.385661,-30.622923999999983,-24.88228699999999
-147.07280233333333,684.8827766666667,326.619577,-258.244036,496.879304,47.24101,-137.92465049999998,260.470798,116.1844615,-51.452415,-30.404852000000005,-25.023543000000004
-147.09247100000002,684.6697046666668,326.58629633333334,-257.7332485,496.6643735,46.960737,-137.7297645,259.72021,114.64993150000001,-51.518592999999996,-30.195194000000015,-25.151540999999995
-147.11085866666667,684.457487,326.5543883333333,-257.22760900000003,496.445087,46.6909655,-137.517317,258.9985255,113.159649,-51.58426999999999,-29.993908999999974,-25.266580000000005
-147.12797133333333,684.2462263333333,326.523835,-256.726893,496.221454,46.431691,-137.287467,258.304488,111.71332050000001,-51.649519999999995,-29.80092400000001,-25.368983
-147.14381666666665,684.0360236666666,326.49461533333334,-256.2308565,495.9934725,46.1829035,-137.040433,257.636798,110.31057949999999,-51.71440600000001,-29.61614399999999,-25.459108999999998
-147.15840366666666,683.8269803333333,326.46670866666665,-255.7392415,495.761131,45.944587,-136.77649,256.994118,108.9509905,-51.77898600000002,-29.439442000000014,-25.537339000000003
-147.171741,683.6191953333333,326.440092,-255.2517775,495.52441,45.7167195,-136.4959675,256.3750825,107.6340495,-51.84331499999999,-29.270669000000026,-25.604080999999994
-147.18384,683.4127676666667,326.4147413333333,-254.768183,495.28328350000004,45.499271,-136.199249,255.778305,106.3591915,-51.90743599999999,-29.109651999999983,-25.659762999999998
-147.1947123333333,683.2077943333334,326.39063200000004,-254.28817200000003,495.037723,45.292205,-135.88676900000002,255.202385,105.125792,-51.971390000000014,-28.956197999999972,-25.704837999999995
-147.20437066666668,683.0043706666667,326.3677376666667,-253.81145100000003,494.78769550000004,45.095476000000005,-135.559011,254.6459155,103.9331685,-52.035208,-28.81009099999997,-25.739773
-147.2128283333333,682.8025903333333,326.34603233333337,-253.3377285,494.5331685,44.909029000000004,-135.216503,254.10749099999998,102.7805885,-52.09891400000001,-28.671098,-25.76505300000001
-147.2201,682.602544,326.325488,-252.866711,494.27411,44.732799500000006,-134.8598175,253.5857135,101.667272,-52.162527,-28.538973000000027,-25.781176000000002
-147.22620166666667,682.404322,326.3060766666667,-252.3981095,494.0104935,44.5667135,-134.4895665,253.0792025,100.592393,-52.22605900000001,-28.41345100000001,-25.78864999999999
-147.23114966666665,682.2080096666667,326.28776899999997,-251.9316425,493.742294,44.41068799999999,-134.106399,252.58659799999998,99.555089,-52.28951400000001,-28.294257999999985,-25.787992000000003
-147.234961,682.0136913333333,326.2705353333333,-251.4670345,493.4694965,44.264627000000004,-133.710997,252.10656950000003,98.5544605,-52.35288999999999,-28.181111000000016,-25.779723000000004
-147.23765366666666,681.8214483333333,326.25434633333333,-251.0040225,493.192092,44.128425500000006,-133.3040715,251.63782300000003,97.589578,-52.416180999999995,-28.07371600000002,-25.764374000000004
-147.239247,681.6313593333333,326.23917133333333,-250.54235549999999,492.9100835,44.001967,-132.886361,251.1791035,96.659486,-52.479372,-27.971772999999985,-25.742466000000007
-147.23976066666668,681.443498,326.2249796666667,-250.0817985,492.62348299999996,43.885125,-132.458626,250.72920349999998,95.763206,-52.542444,-27.87498100000002,-25.714529999999996
-147.23921533333336,681.2579373333334,326.21173999999996,-249.62213099999997,492.33231850000004,43.7777605,-132.021645,250.2869675,94.8997425,-52.605374,-27.783035000000012,-25.681084999999996
-147.23763233333332,681.0747456666667,326.19942166666664,-249.16315400000002,492.036628,43.6797245,-131.576213,249.8512955,94.068086,-52.668130000000005,-27.69563100000002,-25.642647999999994
-147.235033,680.8939873333333,326.18799400000006,-248.7046845,491.7364675,43.590858,-131.123135,249.421147,93.2672175,-52.73068199999999,-27.612461999999994,-25.599727
-147.23144066666666,680.7157236666667,326.1774246666667,-248.24656499999998,491.431908,43.510989,-130.6632245,248.995547,92.49611300000001,-52.792991,-27.533230000000003,-25.55282000000001
-147.226878,680.5400123333333,326.16768333333334,-247.7886555,491.123037,43.439938500000004,-130.1972975,248.573586,91.753747,-52.85501500000001,-27.457640000000026,-25.502414
-147.22136899999998,680.3669066666668,326.1587386666667,-247.33084350000001,490.80996000000005,43.377515,-129.726172,248.154424,91.039096,-52.916714,-27.385403999999994,-25.448980000000006
-147.21493833333332,680.1964573333333,326.1505603333333,-246.873038,490.4928,43.3235185,-129.25066099999998,247.73729300000002,90.3511405,-52.978038,-27.316238000000027,-25.392975000000007
-147.20761066666668,680.0287096666667,326.1431176666667,-246.4151725,490.17169850000005,43.2777385,-128.771572,247.32149800000002,89.6888735,-53.038942000000006,-27.24987200000001,-25.334838999999988
-147.19941200000002,679.863706,326.1363803333333,-245.95720599999999,489.84681450000005,43.239957,-128.289702,246.906418,89.05129600000001,-53.09937400000001,-27.186045999999976,-25.274994000000007
-147.19036666666668,679.701484,326.130318,-245.499122,489.518326,43.2099475,-127.805835,246.49150550000002,88.437428,-53.159284000000014,-27.124509000000018,-25.213842
-147.18050233333335,679.5420783333333,326.12490233333335,-245.04093,489.186429,43.187475,-127.3207385,246.07628899999997,87.846305,-53.218621,-27.06502199999997,-25.15176600000001
-147.16984466666665,679.385519,326.12010333333336,-244.582662,488.8513365,43.172298500000004,-126.835162,245.66037,87.276984,-53.277332,-27.007364000000024,-25.089123999999998
-147.158421,679.2318309999999,326.11589299999997,-244.12437699999998,488.5132795,43.1641685,-126.34983249999999,245.243424,86.728543,-53.335367000000005,-26.951324,-25.026256000000004
-147.14625933333332,679.0810373333333,326.112243,-243.666155,488.1725055,43.162831,-125.8654545,244.825198,86.2000875,-53.39267699999999,-26.896704,-24.963476999999997
-147.13338533333334,678.9331556666667,326.109126,-243.2081005,487.829277,43.168026000000005,-125.38270449999999,244.4055075,85.6907475,-53.44920899999998,-26.84332500000002,-24.90107900000001
-147.119829,678.7882003333333,326.10651566666667,-242.75034,487.48387249999996,43.1794895,-124.9022315,243.9842385,85.1996815,-53.50491699999999,-26.791022999999996,-24.839332999999996
-147.10561666666666,678.646181,326.10438500000004,-242.29302149999998,487.13658399999997,43.1969535,-124.424655,243.56134100000003,84.726078,-53.55975599999999,-26.739644000000027,-24.77848399999999
-147.09077666666667,678.5071043333334,326.102709,-241.836312,486.787715,43.220145,-123.9505625,243.13682649999998,84.26915550000001,-53.61367900000002,-26.68905700000002,-24.718755
-147.07533733333332,678.3709739999999,326.1014626666667,-241.3803985,486.4375825,43.24879,-123.48050899999998,242.71076799999997,83.8281655,-53.666647999999995,-26.63913999999997,-24.660345000000007
-147.05932700000002,678.2377866666667,326.100621,-240.9254845,486.0865125,43.282612,-123.015015,242.28329200000002,83.4023895,-53.71862,-26.589790000000022,-24.603431
-147.04277366666668,678.10754,326.100161,-240.4717895,485.7348395,43.321332999999996,-122.554566,241.8545795,82.991143,-53.76956199999999,-26.54091699999998,-24.54816799999999
-147.02570533333335,677.9802243333334,326.10006066666665,-240.0195475,485.3829055,43.364675000000005,-122.09961200000001,241.42485900000003,82.5937735,-53.819438000000005,-26.492446,-24.494687
-147.00815066666667,677.8558286666668,326.100296,-239.5690055,485.0310585,43.412358999999995,-121.65056799999999,240.9944025,82.209663,-53.868219999999994,-26.444319000000007,-24.4431
-146.99013666666667,677.7343380000001,326.1008463333333,-239.120423,484.67965100000004,43.464107,-121.20781149999999,240.563525,81.8382235,-53.915879000000004,-26.39648599999998,-24.39349899999999
-146.971692,677.615734,326.101691,-238.674067,484.32903799999997,43.519642999999995,-120.771682,240.13257449999998,81.4789015,-53.96239200000001,-26.348915000000005,-24.345952999999994
-146.952844,677.499995,326.10281000000003,-238.230213,483.9795755,43.578691500000005,-120.3424855,239.7019335,81.131174,-54.00774099999998,-26.301582999999994,-24.300513999999993
-146.93362033333335,677.3870976666667,326.1041833333333,-237.78914400000002,483.63162,43.640981,-119.920491,239.2720105,80.79455,-54.05190399999999,-26.254481,-24.25721999999999
-146.914048,677.2770136666667,326.10579233333334,-237.35114600000003,483.2855245,43.7062405,-119.505931,238.84323899999998,80.4685675,-54.09487200000001,-26.20760800000002,-24.216085000000007
-146.89415333333332,677.169714,326.10761866666667,-236.91650950000002,482.94164,43.7742055,-119.09900449999999,238.4160705,80.152796,-54.136630999999994,-26.160977000000003,-24.177114000000003
-146.873964,677.0651656666668,326.10964600000005,-236.4855245,482.6003125,43.844613499999994,-118.6998755,237.990972,79.84682950000001,-54.177177,-26.11460599999998,-24.140293
-146.853505,676.9633343333334,326.1118563333333,-236.0584815,482.26188049999996,43.9172065,-118.30867549999999,237.568421,79.55029300000001,-54.21650299999999,-26.068524000000025,-24.105596000000006
-146.83280366666668,676.8641823333334,326.11423433333334,-235.6356695,481.926676,43.991730999999994,-117.92550449999999,237.1489025,79.2628345,-54.254611,-26.022764999999993,-24.072986999999998
-146.811885,676.7676703333333,326.11676400000005,-235.2173735,481.595022,44.0679395,-117.5504295,236.7329035,78.9841275,-54.291501,-25.977373,-24.04241300000001
-146.7907746666667,676.673757,326.11943133333335,-234.803874,481.2672305,44.145589,-117.183491,236.32091250000002,78.71386749999999,-54.32718,-25.932395000000014,-24.013817000000003
-146.769497,676.5823986666666,326.12222066666664,-234.3954455,480.9436025,44.224441999999996,-116.8247005,235.913412,78.45177100000001,-54.361655,-25.88788199999999,-23.987129999999993
-146.74807733333333,676.4935516666668,326.1251196666667,-233.992355,480.624427,44.3042695,-116.4740435,235.5108785,78.1975765,-54.39493700000001,-25.843891000000013,-23.962275000000005
-146.726539,676.4071683333333,326.1281143333333,-233.5948615,480.3099795,44.384844,-116.13148000000001,235.113777,77.95103950000001,-54.427037999999996,-25.800481999999988,-23.939169000000007
-146.70490666666666,676.3232019999999,326.13119266666666,-233.203214,480.0005215,44.465948,-115.796947,234.7225605,77.71193,-54.457976,-25.75771499999999,-23.917724000000007
-146.68320366666666,676.241603,326.13434233333334,-232.8176505,479.696299,44.5473695,-115.470362,234.3376655,77.48003750000001,-54.487768,-25.715654999999998,-23.897845000000004
-146.6614526666667,676.1623223333332,326.1375513333333,-232.4384005,479.39754300000004,44.628902499999995,-115.1516205,233.95950900000003,77.255162,-54.516433000000006,-25.674362000000002,-23.879436
-146.639677,676.085308,326.1408093333334,-232.0656775,479.104468,44.7103475,-114.84060199999999,233.58848999999998,77.0371155,-54.543993999999984,-25.633902000000006,-23.862397
-146.61789833333333,676.0105096666666,326.1441056666667,-231.69968550000002,478.817273,44.791512000000004,-114.5371695,233.224983,76.82572350000001,-54.570475,-25.594336,-23.846625000000003
-146.59613833333333,675.9378746666667,326.1474293333334,-231.3406145,478.536139,44.872209500000004,-114.2411715,232.86934,76.6208175,-54.595901,-25.555725999999993,-23.832017000000008
-146.57441833333334,675.8673506666665,326.150771,-230.988642,478.261231,44.952261,-113.95244600000001,232.5218855,76.4222385,-54.6203,-25.518130999999983,-23.818467
-146.55276,675.7988846666667,326.154121,-230.6439305,477.9926965,45.031493499999996,-113.670819,232.1829195,76.229833,-54.64370000000001,-25.48160899999999,-23.805876000000012
-146.531183,675.7324243333334,326.15747000000005,-230.30662999999998,477.730666,45.109739999999995,-113.396108,231.852713,76.0434545,-54.66613000000001,-25.446213999999998,-23.794136999999992
-146.50970800000002,675.6679163333333,326.16081033333336,-229.9768755,477.475253,45.18684,-113.1281235,231.53151,75.8629585,-54.68762100000001,-25.411993999999993,-23.783151000000004
-146.48835400000002,675.605308,326.16413166666666,-229.6547905,477.2265555,45.262639,-112.866672,231.21952399999998,75.6882045,-54.708206000000004,-25.378997999999996,-23.772816999999996
-146.46714033333333,675.5445466666667,326.16742733333336,-229.3404825,476.984653,45.33699,-112.61155550000001,230.916942,75.5190545,-54.727917000000005,-25.34727000000001,-23.763036999999997
-146.44608566666668,675.4855796666666,326.17068866666665,-229.03404749999999,476.7496105,45.409749500000004,-112.36257400000001,230.6239195,75.35537049999999,-54.74678800000001,-25.316846999999996,-23.753719000000004
-146.425208,675.428356,326.17390766666665,-228.7355695,476.521476,45.4807815,-112.11952699999999,230.3405845,75.19701549999999,-54.76485199999999,-25.287762999999984,-23.744769000000005
-146.40452566666667,675.372824,326.17707733333333,-228.4451175,476.3002855,45.549955,-111.8822155,230.0670365,75.0438525,-54.782145000000014,-25.26004899999998,-23.736100999999998
-146.38405566666665,675.3189336666666,326.18018966666665,-228.16275050000002,476.08605650000004,45.617144999999994,-111.6504425,229.803347,74.8957425,-54.798700999999994,-25.23372999999998,-23.727629
-146.36381500000002,675.2666343333334,326.183238,-227.88851649999998,475.87879499999997,45.6822305,-111.42401600000001,229.54956099999998,74.7525455,-54.81455600000001,-25.208826000000016,-23.719271000000006
-146.34382000000002,675.2158773333334,326.186214,-227.6224525,475.6784945,45.745098,-111.20274649999999,229.30569500000001,74.614119,-54.82974499999999,-25.185351999999995,-23.710950000000004
-146.32408633333333,675.1666143333333,326.1891116666667,-227.3645855,475.485134,45.805637000000004,-110.9864535,229.0717435,74.480319,-54.84430499999999,-25.163319,-23.702593999999998
-146.30463033333334,675.1187983333333,326.19192400000003,-227.114933,475.298683,45.8637425,-110.77496099999999,228.84767399999998,74.3509995,-54.858271999999985,-25.142731999999995,-23.694131
-146.28546666666668,675.0723836666666,326.19464300000004,-226.87350400000003,475.119098,45.9193155,-110.5681015,228.6334325,74.226009,-54.871680999999995,-25.123590999999976,-23.685498000000003
-146.26661000000001,675.0273246666667,326.197263,-226.6403015,474.946328,45.97226,-110.36571900000001,228.428943,74.105197,-54.884568000000016,-25.105894000000006,-23.676629999999996
-146.248075,674.983578,326.199776,-226.4153185,474.78031,46.0224855,-110.1676635,228.2341085,73.988406,-54.89696900000001,-25.089630999999997,-23.667471999999997
-146.22987466666666,674.9411016666667,326.20217533333334,-226.1985445,474.6209765,46.0699075,-109.973798,228.0488155,73.87548,-54.908919999999995,-25.074791000000005,-23.657968000000004
-146.21202333333335,674.8998533333333,326.20445500000005,-225.989962,474.468248,46.114444500000005,-109.7839945,227.8729305,73.7662575,-54.920455000000004,-25.061354999999992,-23.648071
-146.19453266666667,674.8597933333334,326.206607,-225.789548,474.3220425,46.156020500000004,-109.598138,227.7063045,73.6605755,-54.93160999999999,-25.04930299999998,-23.637730999999995
-146.17741633333333,674.8208840000001,326.20862400000004,-225.5972765,474.18226849999996,46.194562999999995,-109.4161235,227.5487765,73.5582695,-54.94241699999999,-25.038609000000008,-23.626908999999998
-146.16068566666667,674.7830870000001,326.21049999999997,-225.413117,474.048832,46.2300075,-109.23786,227.40017,73.4591715,-54.95291,-25.029246,-23.615564999999997
-146.14435266666666,674.7463670000001,326.212227,-225.237036,473.9216335,46.262291000000005,-109.063266,227.260299,73.3631135,-54.96312399999999,-25.02118200000001,-23.603665
-146.12842799999999,674.7106893333333,326.21379866666666,-225.0689955,473.8005705,46.291357999999995,-108.892274,227.128966,73.269926,-54.97308799999999,-25.01437999999999,-23.591178000000006
-146.112922,674.6760213333333,326.2152066666667,-224.908957,473.685537,46.317156,-108.724828,227.0059665,73.179438,-54.98283399999998,-25.008803,-23.578075999999996
-146.09784566666667,674.6423313333333,326.21644466666663,-224.7568775,473.576424,46.339639500000004,-108.56088400000002,226.8910875,73.09147850000001,-54.99239200000001,-25.004411000000005,-23.564337000000002
-146.08320833333335,674.6095886666667,326.217505,-224.61271349999998,473.47312250000004,46.358768000000005,-108.400409,226.784112,73.005877,-55.001790000000014,-25.00116,-23.549939999999992
-146.06901933333333,674.5777656666668,326.21838,-224.47641800000002,473.375519,46.3745075,-108.2433835,226.6848165,72.922463,-55.011055,-24.999004999999983,-23.534869999999998
-146.055288,674.5468336666667,326.2190626666667,-224.3479405,473.2835025,46.386829,-108.089796,226.592974,72.841067,-55.02021400000001,-24.99789800000002,-23.519115999999997
-146.04202166666667,674.5167673333334,326.2195453333334,-224.22723050000002,473.1969595,46.39571050000001,-107.9396485,226.5083565,72.7615205,-55.029289000000006,-24.997788999999983,-23.502671
-146.02922933333335,674.487542,326.21982066666664,-224.11423200000002,473.115776,46.401136,-107.79295,226.4307335,72.683657,-55.03830400000001,-24.998628999999994,-23.485530000000004
-146.016918,674.4591333333334,326.2198816666667,-224.008888,473.03983900000003,46.403096500000004,-107.6497225,226.3598735,72.60731200000001,-55.047279,-25.000362999999993,-23.467694
-146.00509399999999,674.4315206666666,326.2197203333333,-223.9111355,472.96903499999996,46.401591,-107.5099935,226.2955445,72.53232299999999,-55.05623299999999,-25.002938999999998,-23.449169999999995
-145.99376399999997,674.404682,326.2193296666667,-223.8209075,472.9032505,46.396623999999996,-107.37379949999999,226.237516,72.458531,-55.06518099999998,-25.00630000000001,-23.429966
-145.98293433333333,674.3785976666667,326.21870233333334,-223.7381345,472.8423725,46.38821,-107.2411835,226.18555800000001,72.385778,-55.074139,-25.010391999999996,-23.410098000000005
-145.97261,674.3532490000001,326.21783166666665,-223.6627375,472.786288,46.376369499999996,-107.1121965,226.139443,72.313913,-55.08311699999999,-25.01515599999999,-23.389586
-145.962795,674.3286186666667,326.2167093333333,-223.594633,472.73488399999997,46.361133499999994,-106.98689199999998,226.0989435,72.242784,-55.09212599999999,-25.020534999999995,-23.368453999999993
-145.95349366666665,674.3046886666667,326.2153303333334,-223.53373,472.688048,46.3425385,-106.8653295,226.06383399999999,72.1722455,-55.101173,-25.026467999999994,-23.346733
-145.94470933333335,674.2814440000001,326.213686,-223.47993000000002,472.645667,46.320633,-106.7475715,226.0338925,72.10215600000001,-55.110263,-25.03289699999999,-23.324458000000007
-145.93644533333335,674.25887,326.2117713333333,-223.43312300000002,472.60762650000004,46.295473,-106.6336815,226.0088975,72.032375,-55.11939699999999,-25.039759000000004,-23.30167
-145.92870233333335,674.2369513333333,326.209579,-223.3931905,472.57381250000003,46.267123500000004,-106.52372449999999,225.9886295,71.96277,-55.128575,-25.04699499999998,-23.278416
-145.92148266666666,674.2156756666667,326.20710333333335,-223.360002,472.5441095,46.2356605,-106.4177655,225.9728705,71.893209,-55.137795,-25.054541,-23.254748
-145.91478633333335,674.1950296666668,326.2043383333334,-223.333416,472.5184,46.201167999999996,-106.315868,225.96140400000002,71.823566,-55.147052000000016,-25.062333999999993,-23.230724000000002
-145.90861333333334,674.175002,326.20127866666667,-223.313278,472.4965645,46.163741,-106.2180925,225.9540145,71.75371849999999,-55.156334999999984,-25.070311000000004,-23.206408999999994
-145.902962,674.1555796666667,326.197919,-223.2994175,472.478482,46.1234845,-106.1244955,225.9504875,71.683546,-55.16563699999999,-25.078408999999994,-23.181872000000006
-145.89783133333333,674.1367526666668,326.194255,-223.291653,472.4640275,46.080512999999996,-106.03513000000001,225.950607,71.61293500000001,-55.174943999999996,-25.08655999999999,-23.157186000000003
-145.8932176666667,674.11851,326.1902816666667,-223.2897845,472.453074,46.0349505,-105.95004,225.9541575,71.541773,-55.18424,-25.094701000000015,-23.132436
-145.88911833333336,674.1008416666667,326.1859953333333,-223.2935975,472.4454895,45.986931,-105.86926399999999,225.96092299999998,71.469952,-55.19350999999999,-25.102764000000008,-23.107704
-145.885529,674.0837379999999,326.181393,-223.3028625,472.441138,45.9365995,-105.79283149999999,225.970685,71.3973675,-55.20273499999999,-25.110685999999987,-23.083082999999995
-145.88244366666666,674.0671896666666,326.176471,-223.3173295,472.43987849999996,45.88411,-105.7207625,225.983223,71.32391799999999,-55.21189299999999,-25.11839599999999,-23.058667999999997
-145.87985633333335,674.0511873333334,326.1712273333333,-223.336735,472.44156599999997,45.829625500000006,-105.6530655,225.9983135,71.2495045,-55.22096299999998,-25.12582900000001,-23.034559
-145.87776033333333,674.035723,326.1656606666667,-223.360797,472.446048,45.773318,-105.58973700000001,226.01573100000002,71.174031,-55.229922,-25.13291799999999,-23.010858000000006
-145.8761473333333,674.0207866666666,326.1597696666667,-223.38921549999998,472.4531675,45.7153695,-105.53076100000001,226.0352445,71.0974045,-55.23874400000001,-25.139594999999986,-22.987672999999994
-145.875009,674.006371,326.1535543333334,-223.421676,472.4627595,45.655969,-105.4761075,226.0566205,71.01953449999999,-55.24740699999998,-25.145794999999993,-22.965112999999995
-145.874335,673.9924673333334,326.1470146666666,-223.4578455,472.474654,45.5953135,-105.42573200000001,226.07961849999998,70.940333,-55.255882,-25.151448999999985,-22.943287999999995
-145.87411466666666,673.9790676666668,326.14015233333333,-223.49737549999998,472.488672,45.5336085,-105.3795735,226.1039955,70.859714,-55.26414500000001,-25.15649300000001,-22.922310000000003
-145.874337,673.966164,326.13297,-223.53990249999998,472.50462849999997,45.4710645,-105.3375575,226.1295015,70.77759449999999,-55.272171000000014,-25.16086100000001,-22.902291000000005
-145.87498866666667,673.9537486666667,326.12546933333334,-223.58505050000002,472.52233,45.4078995,-105.2995885,226.1558805,70.693893,-55.27993500000001,-25.164490999999998,-22.883342
-145.87605666666667,673.9418133333334,326.1176556666666,-223.632429,472.5415765,45.344336,-105.265558,226.182874,70.6085315,-55.287414,-25.167320000000018,-22.865573000000005
-145.87752666666668,673.9303506666666,326.10953333333333,-223.6816355,472.5621585,45.2806005,-105.23533800000001,226.2102135,70.5214335,-55.294584,-25.169288999999992,-22.849089
-145.879383,673.919353,326.1011076666666,-223.73226,472.583861,45.216924500000005,-105.20878250000001,226.2376285,70.4325265,-55.30142500000001,-25.170339000000013,-22.833993000000007
-145.88160966666666,673.9088123333332,326.0923873333333,-223.7838825,472.6064615,45.153540500000005,-105.1857295,226.264842,70.34174,-55.307919,-25.170416000000017,-22.820383999999997
-145.884189,673.8987216666667,326.08337866666665,-223.8360765,472.629729,45.090684,-105.1659985,226.291571,70.249007,-55.31404900000001,-25.169467999999995,-22.808350000000004
-145.88710333333333,673.8890736666667,326.0740916666667,-223.8884135,472.65342699999997,45.028589999999994,-105.14939150000001,226.317532,70.15426599999999,-55.31980299999999,-25.167445999999984,-22.797977999999993
-145.890334,673.8798606666668,326.0645366666667,-223.9404605,472.67731249999997,44.9674935,-105.1356945,226.3424335,70.057458,-55.32517100000001,-25.164307000000008,-22.789340000000003
-145.89386033333332,673.8710756666666,326.0547246666667,-223.991787,472.7011375,44.907628,-105.12467699999999,226.365984,69.9585285,-55.330146,-25.16001,-22.782503
-145.897662,673.8627126666667,326.044669,-224.0419665,472.7246485,44.8492245,-105.1160935,226.3878895,69.85743049999999,-55.334727,-25.15452099999999,-22.777520999999993
-145.90171733333332,673.854764,326.0343826666667,-224.090576,472.747589,44.792508999999995,-105.10968450000001,226.40785549999998,69.75412299999999,-55.338913000000005,-25.14781100000002,-22.774434
-145.90600433333333,673.8472230000001,326.0238806666667,-224.137203,472.7696985,44.737703499999995,-105.1051775,226.425589,69.6485715,-55.342715,-25.13985600000001,-22.773272999999996
-145.91049933333332,673.8400846666667,326.01318,-224.1814465,472.790716,44.685022000000004,-105.10228800000002,226.44079749999997,69.5407495,-55.346140000000005,-25.130639000000002,-22.774051
-145.915178,673.8333426666667,326.0022966666666,-224.22292,472.810379,44.6346725,-105.1007225,226.453195,69.43064100000001,-55.349209,-25.12015199999999,-22.776764
-145.92001633333334,673.8269916666667,325.991251,-224.2612555,472.82842700000003,44.586853000000005,-105.1001785,226.46249899999998,69.31824,-55.35194100000001,-25.10839200000001,-22.781396
-145.92498866666668,673.8210263333334,325.98006133333337,-224.2961045,472.844601,44.541751000000005,-105.100348,226.468436,69.2035515,-55.35436400000002,-25.095361999999994,-22.787910999999994
-145.93006866666667,673.815443,325.9687496666667,-224.3271445,472.858647,44.499543,-105.100919,226.470742,69.08659399999999,-55.35651200000001,-25.081079999999986,-22.79625399999999
-145.93523033333332,673.8102376666667,325.957338,-224.35407800000002,472.8703165,44.4603915,-105.1015785,226.469165,68.9674,-55.35842099999999,-25.06556599999999,-22.806351999999997
-145.94044566666665,673.805407,325.94585,-224.376639,472.879368,44.424446,-105.1020145,226.463468,68.84601599999999,-55.360136999999995,-25.048854000000006,-22.818113999999994
-145.94568666666666,673.800948,325.9343106666667,-224.39459449999998,472.885572,44.391839499999996,-105.1019185,226.4534305,68.722509,-55.36170899999999,-25.030982999999992,-22.831426
-145.95092566666668,673.7968596666666,325.9227456666667,-224.40774850000003,472.88870899999995,44.362688999999996,-105.1009885,226.438853,68.59696149999999,-55.36319300000001,-25.012005999999985,-22.846156999999998
-145.95613366666666,673.793141,325.911183,-224.415943,472.888574,44.3370935,-105.098933,226.4195555,68.469476,-55.36464800000002,-24.991983000000005,-22.862152000000002
-145.961282,673.789792,325.89965033333334,-224.4190625,472.88498,44.3151315,-105.0954725,226.3953865,68.3401775,-55.36614100000001,-24.97098699999998,-22.879239000000005
-145.966341,673.7868133333333,325.888178,-224.417035,472.877757,44.296862999999995,-105.0903455,226.3662215,68.209213,-55.367740999999995,-24.94909899999999,-22.897224
-145.97128133333334,673.7842076666667,325.8767963333333,-224.4098385,472.86675749999995,44.282326499999996,-105.08330749999999,226.33196600000002,68.076754,-55.369523,-24.926412,-22.915892
-145.97607333333335,673.781978,325.86553699999996,-224.397496,472.851858,44.271536499999996,-105.0741395,226.2925605,67.942997,-55.371566999999985,-24.903029000000004,-22.935012000000008
-145.980688,673.7801286666667,325.85443333333336,-224.380086,472.832959,44.264486000000005,-105.0626475,226.24798299999998,67.8081655,-55.37395500000001,-24.879064,-22.954329
-145.98509566666667,673.7786656666666,325.8435186666666,-224.35773849999998,472.8099945,44.261143,-105.0486675,226.19825,67.6725115,-55.376773,-24.854640000000018,-22.973575000000004
-145.98926666666668,673.7775963333333,325.83282866666667,-224.33063900000002,472.78292550000003,44.261450499999995,-105.03207,226.143422,67.5363145,-55.38010800000001,-24.829893999999996,-22.992462999999994
-145.99317133333332,673.77693,325.822398,-224.2990285,472.751749,44.2653265,-105.01276250000001,226.08360499999998,67.3998855,-55.384055000000004,-24.804968000000002,-23.010689000000006
-145.99678200000002,673.7766760000001,325.81226333333336,-224.2632075,472.71649950000005,44.272662,-104.990692,226.018953,67.2635665,-55.38870200000001,-24.780018000000013,-23.027937
-146.00006933333336,673.7768470000001,325.8024623333333,-224.223534,472.67724899999996,44.2833205,-104.96585,225.9496715,67.1277285,-55.39414400000001,-24.75520499999999,-23.043874999999993
-146.00300566666667,673.777456,325.79303166666665,-224.180425,472.6341115,44.2971405,-104.9382755,225.87601949999998,66.992777,-55.40047299999999,-24.730702999999977,-23.058159999999994
-146.0055636666667,673.7785193333333,325.78401099999996,-224.13435850000002,472.587245,44.313931499999995,-104.90805850000001,225.7983125,66.859148,-55.40778300000001,-24.706693,-23.070442
-146.00771666666665,673.7800526666666,325.77543800000007,-224.0858705,472.5368535,44.333476,-104.87534050000001,225.716923,66.727311,-55.416167,-24.683362000000017,-23.080362
-146.00943866666665,673.7820766666667,325.767352,-224.035558,472.48319000000004,44.355528,-104.840321,225.63228500000002,66.59776600000001,-55.425714,-24.660901999999993,-23.087552000000002
-146.01070433333334,673.7846116666666,325.75979233333334,-223.98407500000002,472.4265555,44.37981550000001,-104.803257,225.544893,66.4710445,-55.43651,-24.63951800000001,-23.091645000000007
-146.01148933333334,673.7876806666667,325.7527976666667,-223.9321335,472.36730450000005,44.406037999999995,-104.7644675,225.4553065,66.3477105,-55.448639,-24.619411000000014,-23.092269
-146.01177099999998,673.7913083333333,325.7464073333333,-223.880504,472.305845,44.433869,-104.7243345,225.364147,66.2283545,-55.46218299999998,-24.600794000000008,-23.089054999999995
-146.01152633333334,673.7955213333333,325.74065966666666,-223.83001000000002,472.24264,44.4629555,-104.68330549999999,225.27210300000002,66.113598,-55.47721699999998,-24.583876000000004,-23.081635999999996
-146.01073533333334,673.8003486666667,325.73559466666666,-223.78152849999998,472.1782075,44.4929195,-104.64189300000001,225.17992950000001,66.0040885,-55.49381000000001,-24.568873000000025,-23.06964899999999
-146.009377,673.8058209999999,325.7312493333333,-223.73598800000002,472.11312399999997,44.523358,-104.60067950000001,225.088445,65.900498,-55.512027,-24.55599799999999,-23.052741999999995
-146.00743333333332,673.8119713333334,325.7276616666666,-223.6943635,472.0480225,44.553844,-104.560315,224.9985355,65.8035215,-55.531926,-24.54546499999998,-23.03057100000001
-146.00488733333333,673.8188346666667,325.7248686666667,-223.657678,471.98359500000004,44.583929,-104.52151699999999,224.9111515,65.713873,-55.553557999999995,-24.537487,-23.002804000000005
-146.00172266666667,673.8264476666667,325.72290633333336,-223.6269945,471.9205915,44.6131435,-104.485074,224.82730700000002,65.63228649999999,-55.57696600000001,-24.53227000000001,-22.969125000000005
-145.997925,673.8348486666667,325.72180933333334,-223.60341599999998,471.85982,44.640997999999996,-104.4518425,224.74808050000001,65.55950849999999,-55.602185000000006,-24.530017000000015,-22.929235
-145.993481,673.844078,325.721611,-223.5880795,471.8021465,44.6669855,-104.422746,224.67460949999997,65.496296,-55.629244,-24.530924999999996,-22.882851999999993
-145.98838033333334,673.854179,325.722345,-223.5821535,471.7484935,44.690583,-104.398775,224.60809,65.4434155,-55.658162000000004,-24.535181999999992,-22.829719000000004
-145.98261200000002,673.8651956666666,325.72404233333333,-223.586833,471.699839,44.711253500000005,-104.38098550000001,224.5497755,65.4016345,-55.688947,-24.542967000000004,-22.769599
-145.97616933333333,673.8771743333333,325.72673133333336,-223.60333450000002,471.6572155,44.728448,-104.3704955,224.5009695,65.3717225,-55.721603000000016,-24.554449000000005,-22.702279000000004
-145.9690453333333,673.890162,325.73044200000004,-223.6328925,471.621708,44.741608,-104.3684825,224.4630275,65.354443,-55.756123,-24.569783,-22.627578
-145.96123599999999,673.904208,325.735199,-223.67675300000002,471.5944525,44.750167499999996,-104.3761835,224.437348,65.3505505,-55.79248899999999,-24.589112,-22.545334999999994
