Sh_x,Sh_y,Sh_z,El_x,El_y,El_z,Wr_x,Wr_y,Wr_z,WrVec_x,WrVec_y,WrVec_z
-148.77250733333332,731.5652703333334,257.2460653333333,-215.80361449999998,487.4942105,12.582746000000002,-93.99298099999999,217.6565455,34.6888585,-40.032888,-19.35185100000001,-58.662109
-148.77921466666666,731.5900310000001,257.27242466666667,-215.836467,487.501395,12.586049000000001,-93.971903,217.66242549999998,34.712259,-40.065296000000004,-19.39161299999998,-58.638778
-148.78887633333332,731.6187226666666,257.2980616666667,-215.8783095,487.5127225,12.5859675,-93.9526315,217.6816215,34.7471765,-40.09505299999999,-19.437322999999992,-58.615483
-148.801571,731.651506,257.32291633333335,-215.9295855,487.5285485,12.582206500000002,-93.9347885,217.7155815,34.794803,-40.121607,-19.489418999999998,-58.592366
-148.81737966666665,731.6885506666667,257.34693,-215.990727,487.5492335,12.574486,-93.917993,217.7658,34.856381,-40.144403999999994,-19.54834200000002,-58.569558
-148.83638599999998,731.7300343333333,257.3700436666667,-216.06215450000002,487.5751375,12.562541,-93.9018545,217.83380749999998,34.933199,-40.162882999999994,-19.614541000000003,-58.54717600000001
-148.85867466666667,731.7761416666667,257.392201,-216.144275,487.60662049999996,12.546123999999999,-93.88598,217.92117000000002,35.0265815,-40.17648,-19.688459999999992,-58.525324999999995
-148.88433133333334,731.8270633333333,257.4133443333333,-216.2374765,487.644039,12.525005999999998,-93.86997099999999,218.029482,35.137884,-40.184636,-19.77054800000002,-58.50409200000001
-148.913443,731.8829973333333,257.43341933333335,-216.342126,487.6877455,12.4989785,-93.85342349999999,218.1603605,35.268481,-40.186797,-19.861244999999997,-58.48354400000001
-148.946097,731.9441466666667,257.45237233333336,-216.4585685,487.73808499999996,12.467853000000002,-93.83593099999999,218.3154415,35.4197615,-40.182418,-19.96098699999999,-58.463725
-148.98238133333334,732.0107196666668,257.4701506666667,-216.587122,487.7953945,12.431466000000002,-93.8170825,218.49637,35.5931165,-40.170969,-20.0702,-58.444657
-149.02238266666666,732.082929,257.48670500000003,-216.72807799999998,487.8600005,12.389676000000001,-93.79646550000001,218.7047995,35.789933500000004,-40.151934999999995,-20.189299000000005,-58.426335
-149.06618799999998,732.1609916666666,257.50198700000004,-216.8816955,487.93221900000003,12.342365000000001,-93.77366549999999,218.942381,36.0115825,-40.124823000000006,-20.31868399999999,-58.408725000000004
-149.11388366666668,732.2451266666667,257.5159506666667,-217.0482045,488.0123545,12.2894405,-93.748267,219.210759,36.259412000000005,-40.089158,-20.458735999999988,-58.391766000000004
-149.16555400000001,732.3355563333334,257.5285523333333,-217.227801,488.10069599999997,12.230834999999999,-93.7198545,219.511564,36.534734,-40.04449700000001,-20.609820000000013,-58.37536599999999
-149.221281,732.4325050000001,257.53975033333336,-217.42064599999998,488.1975215,12.166506,-93.688016,219.8464065,36.838821,-39.990424000000004,-20.77227499999998,-58.359404000000005
-149.281146,732.5361976666667,257.5495066666667,-217.626867,488.30309450000004,12.0964355,-93.652341,220.216871,37.1728925,-39.926552,-20.946417999999994,-58.343727
-149.3452276666667,732.64686,257.55778433333336,-217.84655650000002,488.417664,12.020630500000001,-93.612425,220.6245085,37.538106,-39.85253,-21.13253900000001,-58.328151999999996
-149.41360033333333,732.7647173333334,257.56455066666666,-218.0797715,488.54146499999996,11.939123,-93.567869,221.070831,37.9355525,-39.76804200000001,-21.33089799999999,-58.312467
-149.48633633333333,732.8899946666667,257.569775,-218.32653599999998,488.6747225,11.851968000000001,-93.518283,221.55730499999999,38.366243,-39.672808,-21.541720000000026,-58.296432
-149.563504,733.0229146666667,257.573429,-218.5868395,488.81764599999997,11.759243,-93.463289,222.08534500000002,38.8311055,-39.566584000000006,-21.765202000000016,-58.279779000000005
-149.64516766666668,733.1636986666667,257.5754886666667,-218.860638,488.9704355,11.6610485,-93.4025185,222.65630950000002,39.330974000000005,-39.44916699999999,-22.00150099999999,-58.262220000000006
-149.731387,733.3125646666667,257.57593133333336,-219.14785799999999,489.1332805,11.557505,-93.3356225,223.27149300000002,39.8665835,-39.320391,-22.25073599999999,-58.243441
-149.82221833333332,733.4697273333335,257.5747386666667,-219.448396,489.30636100000004,11.448751999999999,-93.26226650000001,223.932122,40.438564,-39.18012900000001,-22.512990000000002,-58.223116000000005
-149.917711,733.6353963333335,257.57189466666665,-219.76211899999998,489.489848,11.3349495,-93.1821365,224.63934949999998,41.047433,-39.02829299999999,-22.788303000000013,-58.200897999999995
-150.01791,733.8097786666667,257.56738633333333,-220.088869,489.6839055,11.216273,-93.0949415,225.394252,41.6935925,-38.864830999999995,-23.076670000000007,-58.17643700000001
-150.12285533333332,733.9930743333334,257.56120333333337,-220.4284615,489.888691,11.092913999999999,-93.0004155,226.19782099999998,42.377322500000005,-38.689729,-23.378048000000007,-58.149371
-150.23258,734.1854776666668,257.553339,-220.780691,490.1043545,10.96508,-92.8983195,227.05096500000002,43.098780000000005,-38.50300899999999,-23.692346000000015,-58.11934
-150.34711166666668,734.3871783333333,257.54378966666667,-221.1453275,490.33103800000004,10.832989499999998,-92.788444,227.9545005,43.8579925,-38.30472399999999,-24.019430999999997,-58.085989
-150.46647166666665,734.5983566666667,257.532553,-221.522121,490.56887800000004,10.6968745,-92.670611,228.9091505,44.65486,-38.094966,-24.359125000000006,-58.04896600000001
-150.590674,734.8191876666666,257.51963266666667,-221.910802,490.81799850000004,10.5569785,-92.54467700000001,229.915545,45.489149499999996,-37.873852000000014,-24.71120400000001,-58.007935
-150.71972666666667,735.0498373333334,257.505031,-222.311079,491.07851500000004,10.413554,-92.41053450000001,230.974213,46.360498,-37.641532999999995,-25.075400000000002,-57.96257799999999
-150.85363066666665,735.2904646666667,257.4887566666667,-222.7226425,491.350527,10.266864,-92.2681125,232.08558449999998,47.268409500000004,-37.39818700000001,-25.451404999999994,-57.912597000000005
-150.99238,735.5412193333333,257.47081933333334,-223.1451615,491.634117,10.117179500000002,-92.11738,233.249989,48.2122595,-37.14401599999999,-25.838865999999996,-57.857723
-151.13596233333334,735.802243,257.4512313333334,-223.578283,491.9293455,9.964780999999999,-91.95834550000001,234.4676535,49.1912935,-36.879249,-26.237392999999997,-57.79771099999999
-151.28435666666667,736.0736663333333,257.430008,-224.02163050000001,492.23624600000005,9.809955500000001,-91.79105899999999,235.7387015,50.204634,-36.60413799999999,-26.64655300000001,-57.732356
-151.43753566666666,736.3556130000001,257.4071666666667,-224.474803,492.5548195,9.6529995,-91.615612,237.0631535,51.251279,-36.31895800000001,-27.06588099999999,-57.661484
-151.59546566666668,736.6481956666667,257.382728,-224.93737249999998,492.885029,9.494216999999999,-91.4321375,238.44092799999999,52.330110999999995,-36.023999,-27.494876000000005,-57.584964
-151.75810466666667,736.9515166666666,257.35671366666674,-225.4088795,493.2267925,9.3339175,-91.2408125,239.87184200000002,53.439899999999994,-35.719577,-27.933008,-57.502702
-151.92540433333332,737.2656699999999,257.3291493333333,-225.888832,493.5799775,9.172423499999999,-91.0418535,241.3556105,54.57931000000001,-35.406019,-28.379718999999994,-57.41464800000001
-152.09730933333336,737.5907373333333,257.3000616666667,-226.37670300000002,493.944392,9.010060999999999,-90.83552,242.89185099999997,55.746905999999996,-35.08367,-28.834423999999984,-57.320794
-152.27375700000002,737.9267926666666,257.2694793333333,-226.871927,494.31978499999997,8.8471655,-90.6221115,244.48008350000003,56.941162500000004,-34.752893,-29.296521000000013,-57.221171
-152.45467866666667,738.273897,257.2374333333333,-227.3738995,494.705833,8.6840805,-90.401966,246.1197325,58.160469500000005,-34.414060000000006,-29.765389,-57.115859
-152.63999833333332,738.6321023333334,257.20395766666667,-227.88197200000002,495.1021435,8.5211575,-90.17545949999999,247.81013099999998,59.4031435,-34.067559,-30.240391999999986,-57.004971000000005
-152.8296343333333,739.0014493333333,257.1690873333334,-228.39545750000002,495.50824750000004,8.358752,-89.9430045,249.5505225,60.667435,-33.713785,-30.720886999999976,-56.888662000000004
-153.023499,739.3819696666666,257.13285866666666,-228.91362550000002,495.92360199999996,8.197227499999999,-89.7050455,251.34006449999998,61.9515395,-33.35314700000001,-31.206222999999994,-56.76712500000001
-153.22149833333333,739.7736823333333,257.09531166666665,-229.43570549999998,496.34758999999997,8.036950000000001,-89.462062,253.17783350000002,63.2536075,-32.986062000000004,-31.695749000000006,-56.640583
-153.42353233333333,740.1765976666666,257.05648633333334,-229.9608925,496.77952400000004,7.878285500000002,-89.21455900000001,255.06282600000003,64.5717535,-32.61295199999999,-32.18881200000001,-56.509291
-153.629496,740.5907136666668,257.01642599999997,-230.48835,497.21865550000007,7.721600500000001,-88.963071,256.9939645,65.90407,-32.23424800000001,-32.684766999999994,-56.373528
-153.83927866666667,741.0160203333334,256.9751743333333,-231.0172195,497.664181,7.567256,-88.708155,258.9701015,67.248633,-31.850384000000005,-33.18297500000003,-56.233599999999996
-154.0527656666667,741.4524946666667,256.93277800000004,-231.5466275,498.11525700000004,7.415601999999998,-88.4503895,260.990023,68.603519,-31.461794999999995,-33.68281000000002,-56.089826
-154.26983633333336,741.9001053333333,256.8892843333333,-232.07569949999998,498.571018,7.2669785000000005,-88.1903705,263.0524555,69.9668095,-31.06892099999999,-34.18366100000003,-55.94254299999999
-154.490366,742.3588103333333,256.844743,-232.60357199999999,499.030592,7.121702499999998,-87.92871,265.156066,71.3366055,-30.672200000000004,-34.684932,-55.792094999999996
-154.71422700000002,742.8285559999999,256.799204,-233.129409,499.49312699999996,6.980068000000001,-87.6660325,267.2994725,72.711037,-30.272068999999988,-35.186047,-55.63883
-154.94128566666666,743.3092813333333,256.75272133333334,-233.65242,499.957812,6.842339000000001,-87.40297100000001,269.481244,74.08827099999999,-29.86895600000001,-35.686454000000026,-55.483098
-155.17140600000002,743.8009133333334,256.7053486666667,-234.171878,500.42390950000004,6.708740000000001,-87.140165,271.6999085,75.466523,-29.46329,-36.18562099999997,-55.32524600000001
-155.40444833333333,744.303371,256.6571413333333,-234.6871425,500.890779,6.579452,-86.8782585,273.953956,76.844066,-29.055488999999994,-36.683042,-55.16560799999999
-155.64026866666666,744.8165623333334,256.6081566666667,-235.1976765,501.3579115,6.454605500000001,-86.617895,276.24184349999996,78.2192365,-28.645961999999997,-37.17823900000002,-55.004512999999996
-155.878722,745.340386,256.5584533333333,-235.70307200000002,501.8249575,6.334275500000002,-86.3597175,278.562003,79.5904445,-28.235107,-37.67075999999997,-54.842267
-156.11965966666668,745.8747323333333,256.50809200000003,-236.203067,502.2917565,6.218474499999999,-86.104363,280.91284099999996,80.9561805,-27.823312,-38.16018200000002,-54.679161
-156.36292966666667,746.4194819999999,256.457133,-236.6975695,502.758365,6.107149,-85.852464,283.29274699999996,82.3150205,-27.41094799999999,-38.646109999999965,-54.515463
-156.60837866666668,746.9745063333334,256.40564,-237.186668,503.22507900000005,6.0001774999999995,-85.60464300000001,285.7000965,83.6656335,-26.998372000000003,-39.12817899999999,-54.351415
-156.85585133333333,747.5396693333333,256.3536766666667,-237.670653,503.69245350000006,5.897366,-85.36151,288.1332585,85.006784,-26.585926,-39.606052999999974,-54.187231999999995
-157.10519,748.1148243333333,256.30130833333334,-238.150023,504.1613165,5.7984519999999975,-85.123665,290.5905945,86.3373385,-26.173935999999998,-40.07942700000001,-54.02309700000001
-157.356236,748.6998166666666,256.248601,-238.625491,504.6327775,5.703103500000001,-84.8916905,293.07046749999995,87.65626950000001,-25.762709,-40.548023,-53.859165000000004
-157.60882833333332,749.2944846666666,256.195623,-239.0979875,505.10822500000006,5.610924499999998,-84.666156,295.571244,88.9626545,-25.352536,-41.011594,-53.695555000000006
-157.8628053333333,749.8986573333333,256.1424416666667,-239.56865,505.5893135,5.5214655000000015,-84.4476105,298.0912985,90.255683,-24.943691,-41.46992499999999,-53.532352
-158.118005,750.5121553333333,256.0891276666667,-240.038818,506.077951,5.434225,-84.2365865,300.629016,91.5346545,-24.536429,-41.922825999999986,-53.369607
-158.374263,751.134792,256.03575033333334,-240.51000649999997,506.576262,5.348670500000001,-84.033594,303.1827965,92.79898,-24.130992000000006,-42.370137,-53.207336
-158.63141566666664,751.7663729999999,255.98238100000003,-240.98388549999999,507.08655450000003,5.264246499999999,-83.839125,305.751059,94.048182,-23.727605999999994,-42.811728000000016,-53.04551599999999
-158.88929833333333,752.4066956666667,255.92909233333333,-241.4622455,507.6112665,5.180393500000001,-83.6536495,308.33224199999995,95.28189549999999,-23.326479000000006,-43.24749600000001,-52.884091
-159.14774666666668,753.05555,255.87595566666664,-241.946957,508.15290949999996,5.096565999999999,-83.4776145,310.924807,96.499865,-22.927808999999996,-43.67736400000001,-52.722972
-159.40659566666668,753.7127193333332,255.82304433333334,-242.439928,508.7140045,5.012252,-83.31144649999999,313.5272415,97.7019435,-22.531783000000004,-44.10128499999996,-52.562033
-159.66568166666667,754.3779786666665,255.77043233333333,-242.94305450000002,509.297007,4.926994000000002,-83.155548,316.138061,98.8880925,-22.138574000000006,-44.51923799999997,-52.40111300000001
-159.92483966666668,755.0510966666667,255.71819366666668,-243.458168,509.904235,4.840408499999999,-83.010301,318.755808,100.0583755,-21.748347999999993,-44.93122400000004,-52.240025
-160.18390733333334,755.731835,255.66640266666664,-243.98698100000001,510.53779049999997,4.752208999999999,-82.87606500000001,321.3790565,101.21295950000001,-21.361261999999996,-45.33727299999998,-52.078547
-160.44272166666667,756.4199476666666,255.61513333333332,-244.53103649999997,511.1994835,4.662219500000003,-82.7531765,324.0064115,102.352108,-20.97746500000001,-45.737438999999995,-51.916432000000015
-160.70112233333333,757.1151829999999,255.5644616666667,-245.091656,511.89076449999993,4.570398000000001,-82.641953,326.636508,103.4761805,-20.597105999999997,-46.13179400000001,-51.753406999999996
-160.95894833333332,757.817282,255.51446266666667,-245.6698965,512.6126595,4.476844,-82.5426895,329.268014,104.58562649999999,-20.220322999999993,-46.52043600000002,-51.589175
-161.21604233333335,758.52598,255.46521100000004,-246.266511,513.3657215000001,4.381812,-82.4556635,331.89962749999995,105.6809825,-19.84725499999999,-46.903482999999994,-51.423423
-161.47224633333335,759.2410060000001,255.41678266666668,-246.8819245,514.1499934999999,4.2857140000000005,-82.3811305,334.5300785,106.7628665,-19.478037,-47.281071,-51.25581899999999
-161.72740666666667,759.9620823333335,255.369253,-247.5162105,514.9649870000001,4.189122500000002,-82.319331,337.1581255,107.8319745,-19.112802000000002,-47.65335099999999,-51.08601499999999
-161.981371,760.6889259999999,255.32269766666664,-248.1690925,515.809684,4.0927615,-82.2704875,339.782558,108.88907449999999,-18.751678999999996,-48.020489999999995,-50.913658999999996
-162.23398799999998,761.421249,255.27719166666665,-248.8399485,516.682548,3.9975009999999997,-82.23480649999999,342.40219249999996,109.9350025,-18.394798999999992,-48.38266900000002,-50.738388999999984
-162.48511066666666,762.1587563333333,255.23280999999997,-249.5278315,517.5815635,3.9043384999999997,-82.212481,345.0158725,110.97065649999999,-18.042286000000004,-48.74007900000004,-50.55984499999998
-162.73459400000002,762.9011493333334,255.18962866666666,-250.231498,518.5042814999999,3.8143825000000007,-82.2036885,347.62246749999997,111.9969905,-17.694266999999996,-49.092918999999995,-50.377667
-162.982296,763.6481236666667,255.14772200000002,-250.94945149999998,519.447885,3.7288310000000013,-82.208596,350.22086950000005,113.015012,-17.35086000000001,-49.441395,-50.19149999999999
-163.22807666666668,764.3993706666666,255.10716466666668,-251.6799845,520.4092585000001,3.6489460000000005,-82.227357,352.809996,114.025771,-17.012181999999996,-49.78571199999999,-50.001002
-163.47180133333333,765.1545763333334,255.06803100000002,-252.42123199999997,521.385066,3.5760309999999986,-82.2601165,355.388783,115.030361,-16.678347000000002,-50.126082,-49.805841999999984
-163.71333733333333,765.9134243333333,255.030395,-253.1712235,522.3718355,3.511405,-82.307007,357.9561905,116.029908,-16.349459999999993,-50.46270900000002,-49.60570800000001
-163.95255533333332,766.6755916666667,254.99433033333335,-253.92793700000001,523.366032,3.4563799999999993,-82.368154,360.511196,117.0255665,-16.025620000000004,-50.79579799999999,-49.40031099999999
-164.18933033333334,767.4407556666665,254.959909,-254.6893485,524.364141,3.4122395,-82.44367199999999,363.0527965,118.018515,-15.70692000000001,-51.12554299999999,-49.189381999999995
-164.42354166666667,768.2085860000001,254.927204,-255.4534805,525.362736,3.3802164999999995,-82.5336685,365.5800075,119.009948,-15.393440999999996,-51.45213100000001,-48.97268399999999
-164.65507033333336,768.978753,254.89628733333333,-256.218445,526.3585395,3.3614810000000013,-82.63824199999999,368.09186650000004,120.00107249999999,-15.085257999999996,-51.77573699999999,-48.75000299999999
-164.88380333333336,769.7509226666666,254.86722866666665,-256.9824805,527.3484805,3.3571209999999994,-82.757482,370.587425,120.9931015,-14.782430000000005,-52.096524000000045,-48.521163
-165.10963166666667,770.5247603333333,254.840099,-257.74397899999997,528.329734,3.368139000000001,-82.89147,373.0657605,121.987248,-14.485007999999993,-52.414638999999966,-48.286018
-165.33245,771.299927,254.81496666666666,-258.5015125,529.299755,3.3954369999999994,-83.040277,375.52596700000004,122.9847195,-14.193032000000002,-52.73021399999999,-48.044456999999994
-165.552157,772.076085,254.7918986666667,-259.2538455,530.2563,3.439819999999999,-83.203964,377.96716349999997,123.986715,-13.90652399999999,-53.04336099999995,-47.796402
-165.76865666666666,772.852894,254.77096266666663,-259.999945,531.197439,3.5019895000000005,-83.3825825,380.38849300000004,124.9944185,-13.625496999999996,-53.354179999999985,-47.541814999999986
-165.98185633333333,773.630014,254.75222266666665,-260.7389835,532.1215545,3.582548000000001,-83.576171,382.7891265,126.00899150000001,-13.349950000000007,-53.66274699999997,-47.280687000000015
-166.19166833333335,774.4071046666667,254.73574233333338,-261.470332,533.027339,3.6820024999999994,-83.78475399999999,385.168262,127.0315735,-13.079865999999996,-53.96912200000003,-47.013048999999995
-166.39800966666667,775.1838253333334,254.721583,-262.193555,533.9137760000001,3.8007685,-84.00834449999999,387.52513150000004,128.06327399999998,-12.815217000000004,-54.273347,-46.738958
-166.60080266666668,775.959837,254.70980500000005,-262.908393,534.780121,3.9391789999999993,-84.2469385,389.8590025,129.105169,-12.555959000000001,-54.575447,-46.45850799999998
-166.799972,776.734802,254.70046499999998,-263.6147485,535.625877,4.0974945,-84.50051350000001,392.16917850000004,130.1582985,-12.302036999999999,-54.875427,-46.171818999999985
-166.99545,777.5083840000001,254.69361866666668,-264.312665,536.4507639999999,4.275907,-84.76903250000001,394.45500749999997,131.223659,-12.05338300000001,-55.173283000000026,-45.879037999999994
-167.18717166666667,778.2802483333334,254.68931899999998,-265.00230600000003,537.2546855,4.474553,-85.052435,396.7158805,132.30220500000001,-11.809916000000001,-55.46898900000002,-45.58033800000001
-167.37507733333334,779.0500636666666,254.68761499999997,-265.6839325,538.0377005,4.693522,-85.35064249999999,398.9512385,133.39484249999998,-11.571543000000005,-55.76251100000002,-45.275908999999984
-167.55911266666666,779.8175023333333,254.68855433333337,-266.357881,538.7999890000001,4.932863000000001,-85.66355300000001,401.1605735,134.50242550000002,-11.338160000000002,-56.053803000000016,-44.96596100000001
-167.73922766666666,780.5822403333333,254.69218133333334,-267.0245405,539.541819,5.192596000000002,-85.9910405,403.3434335,135.62575800000002,-11.109655000000004,-56.34281099999998,-44.65072000000001
-167.91537666666667,781.343956,254.69853600000002,-267.6843365,540.2635205,5.472716000000002,-86.3329555,405.49942450000003,136.765584,-10.885901000000004,-56.62947300000002,-44.33041999999999
-168.08752033333334,782.1023346666667,254.70765566666668,-268.3377045,540.9654575,5.773201500000001,-86.6891215,407.628214,137.9225915,-10.666766999999993,-56.91372200000001,-44.00530499999999
-168.255623,782.8570666666666,254.71957266666664,-268.9850805,541.6480035,6.094017500000001,-87.0593375,409.729534,139.0974095,-10.452112999999997,-57.195487999999955,-43.675623000000016
-168.41965433333334,783.6078463333333,254.73431766666667,-269.62688149999997,542.3115255,6.435120999999999,-87.4433735,411.8031815,140.2906025,-10.241787000000002,-57.47469899999999,-43.34162099999999
-168.57958866666667,784.3543763333333,254.75191400000003,-270.263495,542.9563619999999,6.7964635,-87.8409715,413.84902450000004,141.50267300000002,-10.035635,-57.75128699999999,-43.003546
-168.73540566666668,785.096365,254.77238333333332,-270.8952695,543.582816,7.177992999999999,-88.2518485,415.86700099999996,142.734058,-9.833495,-58.025184000000024,-42.66163999999999
-168.88708966666664,785.8335273333333,254.795741,-271.522506,544.1911435,7.579653499999999,-88.6756885,417.8571185,143.9851295,-9.635199,-58.29632700000002,-42.31613499999999
-169.03462966666666,786.5655876666666,254.821999,-272.14545499999997,544.7815475,8.001386,-89.1121515,419.8194605,145.2561915,-9.440574999999995,-58.564659000000006,-41.967253000000014
-169.1780193333333,787.2922779999999,254.85116200000002,-272.764311,545.3541775,8.443126999999999,-89.560866,421.754182,146.547481,-9.249448000000001,-58.83013199999999,-41.61520200000001
-169.317258,788.0133373333333,254.8832316666667,-273.379215,545.909131,8.9048075,-90.0214345,423.661512,147.8591675,-9.061639,-59.09270600000002,-41.26017500000002
-169.45234933333333,788.7285166666667,254.91820433333336,-273.9902515,546.446453,9.386348499999999,-90.4934315,425.541752,149.19135,-8.876967000000008,-59.35234799999995,-40.90234800000002
-169.58330099999998,789.4375736666667,254.956068,-274.5974565,546.966145,9.887662500000001,-90.9764055,427.39527699999996,150.544061,-8.695250999999999,-59.60903999999999,-40.541876
-169.71012666666664,790.1402773333333,254.99680866666668,-275.200815,547.4681695,10.408646000000001,-91.46987899999999,429.222533,151.9172635,-8.516307999999995,-59.862769999999955,-40.17889499999998
-169.83284266666666,790.8364076666667,255.04040533333333,-275.800271,547.95246,10.94918,-91.97335,431.0240335,153.3108545,-8.339957999999996,-60.11354299999999,-39.81351699999999
-169.95147166666666,791.5257540000001,255.08683,-276.395729,548.4189265,11.509124499999999,-92.486292,432.800362,154.724661,-8.166021999999998,-60.361369999999965,-39.44583399999999
-170.066041,792.2081176666666,255.13605100000004,-276.987062,548.867469,12.0883185,-93.008159,434.552165,156.1584445,-7.994323999999992,-60.606277999999975,-39.07591100000002
-170.17657999999997,792.8833106666667,255.18802966666667,-277.5741175,549.297984,12.686574499999999,-93.538382,436.2801495,157.6119005,-7.824693999999994,-60.84830099999999,-38.703790999999995
-170.28312533333334,793.551157,255.24272166666665,-278.156722,549.7103725,13.303675999999998,-94.0763745,437.98508400000003,159.084659,-7.65696299999999,-61.087485999999956,-38.32949399999998
-170.38571466666667,794.2114933333332,255.300077,-278.734687,550.104551,13.939379,-94.6215335,439.66778750000003,160.5762885,-7.490974999999992,-61.32388899999995,-37.95301499999999
-170.48439266666665,794.8641670000001,255.3600406666667,-279.307815,550.4804584999999,14.593407500000001,-95.173239,441.32913199999996,162.0862945,-7.326576000000003,-61.55757799999998,-37.57432299999999
-170.57920533333333,795.5090383333333,255.422551,-279.8759045,550.8380605,15.265452,-95.7308605,442.9700335,163.614121,-7.163623000000001,-61.788625000000025,-37.19336799999999
-170.67020433333332,796.145981,255.487542,-280.4387545,551.177359,15.955171,-96.2937545,444.5914485,165.1591575,-7.00198300000001,-62.017111,-36.81007700000001
-170.75744433333332,796.7748803333334,255.55494199999998,-280.996167,551.4983930000001,16.6621885,-96.8612695,446.1943705,166.720733,-6.841532999999998,-62.243124999999964,-36.424353999999994
-170.84098300000002,797.3956346666668,255.6246736666667,-281.5479505,551.801245,17.3860955,-97.432748,447.77982099999997,168.298126,-6.682159999999996,-62.46675799999997,-36.03608600000001
-170.920882,798.008155,255.69665566666666,-282.093924,552.086043,18.1264505,-98.007527,449.348847,169.890562,-6.523764,-62.688106000000005,-35.64514
-170.997206,798.612366,255.7708023333333,-282.63391650000005,552.352958,18.88278,-98.58494200000001,450.902513,171.4972175,-6.366258000000002,-62.90726600000005,-35.25136900000001
-171.07002333333332,799.208205,255.84702266666667,-283.1677705,552.60221,19.654581,-99.16432950000001,452.4418975,173.11722300000002,-6.209565000000012,-63.12433900000002,-34.85461000000001
-171.13940333333335,799.7956213333333,255.925222,-283.695341,552.834064,20.4413205,-99.745026,453.96808450000003,174.7496655,-6.053623999999999,-63.33942099999996,-34.454689
-171.20542033333334,800.3745773333334,256.00530200000003,-284.216497,553.0488275,21.242438999999997,-100.32637700000001,455.48215849999997,176.3935915,-5.898384000000007,-63.55260900000002,-34.051423
-171.26815033333332,800.9450489999999,256.08716133333337,-284.7311205,553.246853,22.057354,-100.9077305,456.98519699999997,178.04800999999998,-5.743807000000004,-63.76399799999996,-33.64462399999999
-171.327671,801.5070226666667,256.17069466666663,-285.23910750000005,553.428529,22.8854595,-101.4884475,458.4782685,179.711896,-5.589864999999989,-63.973675000000014,-33.23409800000002
-171.38406333333333,802.0605,256.25579500000003,-285.7403645,553.594282,23.72613,-102.0678975,459.9624205,181.38419349999998,-5.436543,-64.18172500000003,-32.819649
-171.43741,802.605492,256.34235233333334,-286.23481100000004,553.7445705,24.578722499999998,-102.6454665,461.43867850000004,183.063818,-5.283834999999996,-64.38822299999998,-32.401088000000016
-171.487795,803.1420233333333,256.4302543333333,-286.722376,553.8798825,25.4425795,-103.220553,462.90803900000003,184.749662,-5.131743999999998,-64.59323999999998,-31.978229999999996
-171.53530466666666,803.6701283333333,256.5193883333333,-287.202998,554.000729,26.317032500000003,-103.7925755,464.371464,186.4405965,-4.980280999999991,-64.79683399999999,-31.55089700000002
-171.58002699999997,804.1898546666666,256.6096386666667,-287.6766245,554.1076435,27.2014025,-104.36097050000001,465.829875,188.13547599999998,-4.829460999999995,-64.999056,-31.118926000000016
-171.6220503333333,804.7012593333333,256.70089033333335,-288.1432085,554.201178,28.095003,-104.925196,467.2841505,189.833142,-4.679305999999997,-65.19994500000001,-30.682170000000013
-171.661465,805.2044106666667,256.7930273333333,-288.60271,554.2818950000001,28.997144,-105.484733,468.7351185,191.5324245,-4.529837999999998,-65.39952900000003,-30.240499
-171.6983623333333,805.6993863333333,256.88593399999996,-289.0550955,554.35037,29.907134,-106.039087,470.18355799999995,193.23215,-4.381085999999996,-65.597826,-29.793807999999984
-171.73283366666666,806.186274,256.979494,-289.500335,554.407183,30.824278,-106.58779050000001,471.63018750000003,194.931141,-4.2330730000000045,-65.79483899999997,-29.342016
-171.76497200000003,806.6651713333332,257.0735936666667,-289.9384025,554.452919,31.747887,-107.1304015,473.075671,196.628223,-4.085822999999991,-65.99055799999996,-28.885072000000008
-171.79486966666664,807.1361833333334,257.1681173333333,-290.3692755,554.4881640000001,32.6772735,-107.666508,474.52060800000004,198.322226,-3.9393559999999894,-66.18496399999998,-28.422956
-171.82262033333333,807.599424,257.262954,-290.792936,554.5135015000001,33.611755,-108.1957285,475.965537,200.01199000000003,-3.7936870000000056,-66.37801999999999,-27.95568
-171.84831599999998,808.0550143333334,257.3579926666667,-291.2093685,554.529513,34.550657,-108.71771150000001,477.41093,201.6963675,-3.648825000000002,-66.56968,-27.483293000000003
-171.8720506666667,808.503083,257.45312466666667,-291.61856,554.536773,35.493314,-109.2321375,478.8571935,203.37422850000002,-3.504773,-66.75988299999995,-27.00588300000001
-171.89391633333332,808.9437656666665,257.548244,-292.0205025,554.53585,36.439068999999996,-109.738721,480.30467,205.044462,-3.361525999999998,-66.948554,-26.523572
-171.91400466666664,809.3772023333332,257.643248,-292.4151905,554.5273045,37.387277,-110.23720850000001,481.753633,206.7059805,-3.2190670000000097,-67.13560799999993,-26.036527000000007
-171.93240733333334,809.8035393333333,257.738036,-292.80262300000004,554.5116845,38.3373045,-110.7273815,483.204293,208.35772500000002,-3.0773750000000035,-67.32094800000004,-25.544948000000005
-171.94921466666665,810.222928,257.83251133333334,-293.18280400000003,554.4895315,39.288532,-111.2090555,484.65679450000005,209.99866600000001,-2.9364149999999967,-67.50446300000004,-25.049082000000027
-171.964516,810.6355226666666,257.92658033333333,-293.555742,554.4613735,40.240352,-111.68208,486.11122,211.62780600000002,-2.796147999999988,-67.686034,-24.549207999999993
-171.97839933333333,811.0414820000001,258.020154,-293.9214505,554.4277265000001,41.1921725,-112.1463395,487.567592,213.24418400000002,-2.656519000000003,-67.86553200000003,-24.04564400000001
-171.99095233333333,811.4409666666667,258.113147,-294.2799505,554.3890965,42.143418,-112.601752,489.025874,214.846876,-2.517474000000007,-68.04281800000001,-23.53874400000001
-172.002259,811.8341399999999,258.205478,-294.63126850000003,554.345975,43.093526499999996,-113.04827,490.4859735,216.4349995,-2.378945999999999,-68.21774699999997,-23.028895000000006
-172.01240399999998,812.2211656666667,258.29707,-294.97543900000005,554.298841,44.0419545,-113.4858775,491.9477445,218.0077125,-2.2408670000000086,-68.39016500000002,-22.516508999999985
-172.02146900000002,812.60221,258.38785,-295.31250550000004,554.2481605,44.988174,-113.914592,493.4109945,219.56421799999998,-2.1031600000000026,-68.55991500000005,-22.00203000000002
-172.029534,812.9774376666668,258.477752,-295.6425175,554.194388,45.931673,-114.3344605,494.875482,221.10376150000002,-1.9657509999999974,-68.72683599999993,-21.485918999999996
-172.0366766666667,813.3470136666666,258.56671166666666,-295.9655355,554.137963,46.8719595,-114.745561,496.3409265,222.62563649999998,-1.828564,-68.89076099999994,-20.96865699999998
-172.042974,813.7111019999999,258.6546713333333,-296.281629,554.0793125,47.8085575,-115.1479985,497.8070055,224.12918000000002,-1.6915250000000128,-69.05152499999997,-20.450733999999983
-172.04849833333333,814.0698656666667,258.74157766666667,-296.590878,554.0188505,48.741009500000004,-115.541904,499.273366,225.613776,-1.5545639999999992,-69.20896399999998,-19.93265200000002
-172.053321,814.4234633333334,258.82738166666667,-296.89337,553.9569779999999,49.6688755,-115.927435,500.7396235,227.0788545,-1.4176199999999994,-69.36291299999993,-19.414913000000013
-172.05751233333334,814.7720533333335,258.9120413333333,-297.189207,553.89408,50.591734,-116.3047685,502.20536599999997,228.5238905,-1.2806369999999987,-69.51321399999995,-18.898014999999987
-172.06113666666667,815.1157886666666,258.9955156666667,-297.4784985,553.8305315,51.509181999999996,-116.6741025,503.67016149999995,229.94840349999998,-1.1435749999999985,-69.65970899999996,-18.38244899999998
-172.06425866666666,815.4548203333334,259.07777200000004,-297.7613655,553.7666915,52.420833,-117.035654,505.133558,231.3519575,-1.0064019999999942,-69.80224999999996,-17.868693000000007
-172.0669386666667,815.7892933333333,259.158781,-298.03794,553.7029064999999,53.326322000000005,-117.38965400000001,506.59509049999997,232.73415699999998,-0.8691060000000022,-69.94069699999994,-17.357202
-172.06923500000002,816.1193499999999,259.2385173333333,-298.308366,553.639509,54.225297,-117.7363465,508.05428299999994,234.094648,-0.7316890000000029,-70.07491599999997,-16.84841399999999
-172.07120233333333,816.4451250000001,259.316961,-298.5727955,553.576816,55.117428000000004,-118.075987,509.5106525,235.4331135,-0.5941720000000004,-70.20478900000006,-16.34273299999998
-172.07289333333333,816.7667503333333,259.39409700000004,-298.831392,553.5151335,56.0024005,-118.4088375,510.963713,236.7492765,-0.4565950000000072,-70.33020200000004,-15.840534999999988
-172.074357,817.0843500000001,259.46991333333335,-299.08433,553.45475,56.879917,-118.735167,512.412977,238.042891,-0.3190179999999998,-70.45105999999998,-15.342159999999978
-172.07563833333336,817.3980423333334,259.544402,-299.331792,553.3959414999999,57.749697499999996,-119.055245,513.857961,239.31374499999998,-0.18152200000000107,-70.56727800000004,-14.84790799999999
-172.07678133333334,817.7079413333335,259.61755999999997,-299.57397100000003,553.33897,58.611477,-119.369344,515.298186,240.561656,-0.04420799999999758,-70.67878599999995,-14.358042000000012
-172.07782466666666,818.014151,259.689388,-299.81106750000004,553.2840805000001,59.465008,-119.677735,516.7331819999999,241.786469,0.092804000000001,-70.78553,-13.872782
-172.07880633333335,818.3167716666667,259.7598903333333,-300.043291,553.2315054999999,60.310055,-119.9806835,518.162489,242.9880555,0.22937500000000455,-70.88746800000001,-13.392305000000022
-172.079758,818.6158943333334,259.82907366666666,-300.270858,553.1814615000001,61.1464005,-120.27845199999999,519.585659,244.16630800000001,0.36534799999999734,-70.984576,-12.916750000000008
-172.08071100000004,818.9116053333333,259.896949,-300.4939915,553.134151,61.9738395,-120.5712945,521.0022584999999,245.32114,0.5005509999999873,-71.07684499999993,-12.446207999999984
-172.0816913333333,819.203981,259.963529,-300.7129195,553.089761,62.7921785,-120.8594555,522.41187,246.45248400000003,0.634797000000006,-71.16428000000002,-11.980738000000002
-172.082723,819.4930936666666,260.02883133333336,-300.9278765,553.0484630000001,63.6012375,-121.14317199999999,523.8140920000001,247.5602885,0.7678880000000134,-71.24689999999998,-11.520355000000023
-172.083827,819.7790063333333,260.092875,-301.13909950000004,553.0104145,64.40084900000001,-121.422667,525.208543,248.644516,0.8996199999999988,-71.32474199999996,-11.065044
-172.08502033333335,820.061776,260.1556806666667,-301.3468295,552.975759,65.1908535,-121.69815299999999,526.594857,249.705141,1.0297800000000024,-71.39785399999994,-10.614756
-172.08631766666667,820.3414509999999,260.2172713333334,-301.551309,552.9446225,65.9711035,-121.96983,527.97269,250.74214849999998,1.158155999999991,-71.466298,-10.169416999999981
-172.08773066666666,820.6180756666666,260.27767266666666,-301.75278249999997,552.9171205,66.74145949999999,-122.23788350000001,529.3417175,251.75553250000002,1.2845329999999962,-71.53014900000005,-9.728927000000027
-172.08926733333337,820.8916833333333,260.336912,-301.9514925,552.8933509999999,67.5017895,-122.502486,530.701632,252.745296,1.4087040000000002,-71.58949200000006,-9.293170000000003
-172.0909343333333,821.1623043333334,260.3950173333333,-302.14768300000003,552.8733990000001,68.2519695,-122.76379449999999,532.0521485,253.7114465,1.5304670000000016,-71.64442500000001,-8.862014999999985
-172.0927343333333,821.4299606666667,260.452018,-302.34159250000005,552.857338,68.99188000000001,-123.0219545,533.3929985,254.653997,1.6496309999999994,-71.69505300000003,-8.435322000000014
-172.09466799999998,821.6946683333334,260.50794433333334,-302.53346,552.845225,69.7214105,-123.2770955,534.7239335,255.5729655,1.766019,-71.74149100000005,-8.012946999999969
-172.09673333333333,821.9564366666667,260.56282733333336,-302.72351749999996,552.8371070000001,70.4404505,-123.5293345,536.044722,256.4683735,1.8794709999999952,-71.783862,-7.594746999999984
-172.098927,822.2152696666666,260.6166983333333,-302.9119925,552.8330175,71.1488965,-123.7787755,537.3551485,257.340247,1.9898450000000025,-71.822293,-7.180582000000015
-172.10124166666665,822.4711659999999,260.6695893333333,-303.099107,552.8329785000001,71.8466465,-124.025508,538.655015,258.1886125,2.0970200000000006,-71.85692,-6.770325000000014
-172.10366933333333,822.7241176666666,260.721532,-303.285074,552.8370015,72.5336015,-124.269611,539.944137,259.01350149999996,2.2009019999999992,-71.88787999999994,-6.363858999999991
-172.10619966666664,822.9741136666667,260.77255766666667,-303.470099,552.8450865,73.209665,-124.51115150000001,541.2223425,259.8149475,2.3014170000000007,-71.91531499999996,-5.961082999999974
-172.10882066666667,823.2211366666667,260.82269766666667,-303.654378,552.8572254999999,73.87474,-124.750186,542.4894735,260.5929875,2.3985199999999907,-71.939371,-5.561918999999989
-172.11151966666668,823.465166,260.87198233333334,-303.838097,552.8733985,74.52873149999999,-124.986759,543.7453815,261.347661,2.492192000000003,-71.96019299999995,-5.166308000000015
-172.11428,823.706176,260.920441,-304.021431,552.8935795,75.17154500000001,-125.22090700000001,544.989927,262.07901300000003,2.5824400000000054,-71.97792799999996,-4.774215999999967
-172.11708666666664,823.9441386666667,260.96810266666665,-304.204541,552.9177334999999,75.80308600000001,-125.452658,546.22298,262.78709200000003,2.6692999999999927,-71.99272400000001,-4.385636000000034
-172.119922,824.1790219999999,261.014995,-304.3875785,552.9458185000001,76.4232595,-125.6820315,547.4444145,263.471953,2.7528349999999904,-72.004727,-4.0005820000000085
-172.1227683333333,824.4107909999999,261.061145,-304.5706785,552.9777845,77.031971,-125.9090405,548.654113,264.133658,2.8331309999999945,-72.01408200000003,-3.619100000000003
-172.12560666666664,824.6394093333333,261.1065773333334,-304.753963,553.013578,77.629126,-126.13369,549.8519590000001,264.7722765,2.9103000000000065,-72.020936,-3.241258999999957
-172.12841633333335,824.8648376666666,261.1513156666667,-304.93754,553.0531364999999,78.2146305,-126.3559815,551.0378415,265.387886,2.9844769999999983,-72.02542900000003,-2.867153999999971
-172.13117866666667,825.0870353333333,261.19538266666666,-305.1215005,553.0963955,78.78839049999999,-126.57591,552.2116490000001,265.9805755,3.055817999999988,-72.02769999999998,-2.496902999999975
-172.13387266666666,825.3059606666667,261.23879800000003,-305.30592,553.1432835,79.3503135,-126.7934665,553.373272,266.55044699999996,3.124499,-72.02788799999996,-2.130650000000003
-172.13647833333334,825.5215706666668,261.281581,-305.490858,553.1937255,79.900308,-127.00863799999999,554.5226,267.097614,3.190712000000005,-72.02612599999998,-1.7685539999999946
-172.13897533333332,825.7338233333334,261.3237503333333,-305.676357,553.2476425,80.438284,-127.2214095,555.6595225,267.6222075,3.2546629999999936,-72.02254500000004,-1.4107970000000023
-172.14134366666667,825.9426750000001,261.3653193333333,-305.8624425,553.304951,80.964156,-127.43176249999999,556.7839275,268.124374,3.316570999999996,-72.01727299999993,-1.0575739999999882
-172.143563,826.1480836666666,261.40630366666664,-306.0491225,553.3655650000001,81.47784150000001,-127.63967550000001,557.8956995000001,268.60427849999996,3.376665000000017,-72.01043300000003,-0.7090949999999907
-172.14561433333333,826.3500076666666,261.44671566666665,-306.2363875,553.4293925,81.979262,-127.84512749999999,558.994721,269.0621075,3.435178999999991,-72.00214600000004,-0.36557899999996835
-172.14747933333334,826.5484053333333,261.4865653333333,-306.424212,553.496339,82.468346,-128.048094,560.080872,269.498069,3.492354000000006,-71.992528,-0.0272539999999708
-172.14913866666666,826.743239,261.5258626666667,-306.6125515,553.5663075,82.94502800000001,-128.2485505,561.1540295,269.9123955,3.5484289999999987,-71.98169099999996,0.3056490000000167
-172.15057533333334,826.93447,261.5646153333333,-306.8013445,553.639195,83.40925150000001,-128.446471,562.2140655000001,270.3053435,3.603648000000007,-71.96974499999999,0.6328949999999622
-172.15177333333335,827.1220643333332,261.602829,-306.9905135,553.7148950000001,83.86097,-128.64183,563.26085,270.677198,3.6582460000000054,-71.95679399999995,0.9542500000000018
-172.15271599999997,827.3059876666666,261.6405096666667,-307.17996300000004,553.793298,84.300146,-128.834598,564.2942495,271.028271,3.712455999999989,-71.94293900000002,1.269487999999967
-172.15339000000003,827.4862113333334,261.67766166666667,-307.3695835,553.8742864999999,84.72675699999999,-129.0247485,565.3141275,271.358905,3.766502999999986,-71.92827499999999,1.5783840000000282
-172.153781,827.662707,261.7142873333333,-307.55924749999997,553.9577415,85.1407915,-129.2122525,566.320344,271.669473,3.8206030000000055,-71.91289800000004,1.8807239999999865
-172.15387633333333,827.8354509999999,261.7503893333333,-307.74881400000004,554.0435365000001,85.542255,-129.3970785,567.312757,271.9603765,3.874956999999995,-71.89689599999997,2.1763049999999566
-172.15366400000002,828.0044216666666,261.78596799999997,-307.9381265,554.1315405,85.931169,-129.579196,568.291221,272.232053,3.9297579999999925,-71.88035200000002,2.464937999999961
-172.153134,828.1696013333334,261.82102533333335,-308.12701649999997,554.221616,86.307574,-129.7585715,569.255589,272.484969,3.985180999999997,-71.86335000000008,2.7464500000000385
-172.152277,828.3309763333333,261.855561,-308.31530050000003,554.3136185,86.671528,-129.93517,570.2057125,272.719625,4.041383999999994,-71.84596499999998,3.02068399999996
-172.15108433333333,828.488536,261.88957466666665,-308.50278649999996,554.407397,87.0231105,-130.10895399999998,571.141442,272.936552,4.0985100000000045,-71.82827199999997,3.2875020000000177
-172.14954766666668,828.6422736666667,261.923067,-308.6892695,554.502795,87.362422,-130.2798835,572.062627,273.136313,4.156678999999997,-71.81034,3.546790000000044
-172.14766066666667,828.7921863333335,261.9560373333333,-308.8745365,554.5996465000001,87.68958649999999,-130.44791550000002,572.9691164999999,273.3195025,4.215992999999997,-71.792235,3.79845499999999
-172.14541766666665,828.938275,261.98848633333336,-309.058365,554.69778,88.0047505,-130.613003,573.8607609999999,273.4867425,4.276533999999998,-71.77401999999995,4.04242899999997
-172.14281333333335,829.0805443333334,262.02041433333335,-309.24052700000004,554.7970144999999,88.3080855,-130.77509600000002,574.7374110000001,273.638685,4.3383579999999995,-71.75575399999991,4.278663999999992
-172.139843,829.2190023333333,262.0518226666667,-309.420789,554.8971635,88.599788,-130.93414,575.5989185000001,273.7760085,4.401504000000017,-71.73749099999998,4.507147000000032
-172.13650233333337,829.353662,262.08271233333335,-309.5989115,554.998032,88.880078,-131.090076,576.445139,273.89941450000003,4.465980000000002,-71.71928400000002,4.727882999999963
-172.13278833333334,829.4845383333335,262.113087,-309.7746545,555.099418,89.149203,-131.2428405,577.2759285,274.009628,4.531779,-71.70118100000002,4.940909999999974
-172.128697,829.6116516666667,262.14295066666665,-309.947776,555.201111,89.40743499999999,-131.39236549999998,578.0911485,274.1073945,4.598865000000018,-71.68322899999998,5.146293000000014
-172.12422633333333,829.735024,262.172307,-310.1180325,555.3028965,89.6550715,-131.5385785,578.890664,274.1934775,4.667178999999976,-71.66546799999992,5.344123000000025
-172.11937333333333,829.8546823333332,262.201164,-310.2851845,555.4045510000001,89.8924355,-131.6814025,579.674344,274.268653,4.736640999999992,-71.64793800000007,5.534519999999986
-172.114134,829.970656,262.229528,-310.44899499999997,555.505847,90.11987400000001,-131.8207545,580.4420634999999,274.333713,4.807144999999991,-71.630675,5.717629999999986
-172.108507,830.0829773333334,262.25740833333333,-310.609231,555.6065505,90.33775800000001,-131.95655,581.1937025,274.389455,4.878568000000001,-71.61371299999996,5.893628000000035
-172.10248866666666,830.1916823333332,262.28481600000003,-310.76566649999995,555.7064235,90.5464815,-132.088698,581.929148,274.4366855,4.950761999999997,-71.597082,6.062713000000031
-172.09607566666668,830.2968096666667,262.31176366666665,-310.91808100000003,555.8052244999999,90.74646,-132.217106,582.6482935,274.4762135,5.023559999999975,-71.58080900000004,6.225109000000032
-172.08926433333332,830.3983996666666,262.33826533333337,-311.0662665,555.9027085,90.93813,-132.3416795,583.3510385,274.5088465,5.096781000000021,-71.56491900000003,6.38106300000004
-172.08205066666665,830.4964953333333,262.3643373333333,-311.2100205,555.9986295,91.1219495,-132.46231949999998,584.0372924999999,274.535392,5.170222999999993,-71.54943300000002,6.530842000000007
-172.07443,830.5911446666665,262.38999633333333,-311.349156,556.0927389999999,91.29839100000001,-132.5789275,584.7069705,274.55665,5.243673000000001,-71.53437299999996,6.674732000000006
-172.0663976666667,830.6823936666666,262.4152633333333,-311.48349800000005,556.184789,91.4679455,-132.691406,585.3599985000001,274.573413,5.316904000000022,-71.51975299999992,6.813041999999996
-172.057947,830.7702929999999,262.440159,-311.612883,556.2745335,91.631119,-132.799655,585.9963084999999,274.58646150000004,5.389681999999993,-71.50558699999999,6.946084999999982
-172.04907133333333,830.8548953333333,262.4647066666667,-311.737165,556.361728,91.78842900000001,-132.90357799999998,586.6158425000001,274.596562,5.461761999999993,-71.49188500000002,7.074196000000029
-172.03976466666666,830.9362533333333,262.48893200000003,-311.85621249999997,556.4461295,91.940406,-133.003082,587.2185515000001,274.604466,5.532895999999994,-71.478657,7.197712000000024
-172.03001766666668,831.0144233333334,262.5128613333333,-311.969912,556.527501,92.08758850000001,-133.098075,587.8043964999999,274.61090549999994,5.602834000000001,-71.4659069999999,7.316980999999998
-172.01982166666667,831.0894613333334,262.5365226666667,-312.078167,556.60561,92.2305245,-133.1884725,588.373347,274.61659099999997,5.671326999999991,-71.45363599999996,7.432353999999975
-172.00916766666668,831.161426,262.5599476666667,-312.180899,556.680231,92.3697645,-133.27419500000002,588.925384,274.622214,5.738123999999999,-71.44184399999995,7.544181999999978
-171.99804499999996,831.230377,262.58316633333334,-312.2780495,556.751145,92.505867,-133.3551695,589.4604965,274.62843799999996,5.802985000000007,-71.43052499999999,7.652815999999973
-171.98644166666668,831.2963746666668,262.60621233333336,-312.36957900000004,556.818141,92.6393885,-133.431331,589.9786865000001,274.6359035,5.865670000000023,-71.41967299999999,7.758600999999999
-171.97434666666666,831.3594816666667,262.62912033333333,-312.455467,556.8810189999999,92.77088950000001,-133.5026245,590.479965,274.64522350000004,5.925954999999988,-71.40927600000009,7.861878999999988
-171.96174633333337,831.4197606666667,262.6519263333334,-312.535715,556.9395875,92.900927,-133.5690045,590.964355,274.656986,5.983620999999999,-71.399318,7.962980000000016
-171.94862733333332,831.4772760000001,262.67466666666667,-312.61034400000005,556.9936655,93.030054,-133.630436,591.4318935,274.6717475,6.038461999999981,-71.38978100000008,8.062227000000007
-171.93497499999998,831.532092,262.6973796666667,-312.6793945,557.043086,93.158822,-133.686897,591.8826255,274.6900385,6.090288000000015,-71.38064299999996,8.159928999999977
-171.92077499999996,831.5842756666666,262.72010366666666,-312.742929,557.0876920000001,93.2877745,-133.738378,592.3166145,274.71236,6.138920000000013,-71.37187700000004,8.25638200000003
-171.90601166666667,831.6338930000001,262.7428786666667,-312.80102850000003,557.127341,93.4174465,-133.78488249999998,592.733934,274.73918549999996,6.184195000000017,-71.36345400000005,8.351871000000017
-171.89066866666667,831.6810123333333,262.76574466666665,-312.85379550000005,557.1619029999999,93.5483665,-133.82642850000002,593.1346735,274.77095799999995,6.225963000000007,-71.35533699999996,8.446663999999998
-171.87472933333333,831.7257030000001,262.788743,-312.90135050000004,557.191264,93.6810505,-133.8630485,593.518939,274.808094,6.264091000000008,-71.34749,8.541014000000018
-171.858176,831.7680340000001,262.81191433333333,-312.94383300000004,557.215323,93.816005,-133.894791,593.8868514999999,274.85098200000004,6.298459999999977,-71.33986700000003,8.635159999999985
-171.84099266666666,831.8080756666667,262.8353,-312.9814035,557.233993,93.9537235,-133.92172,594.2385495,274.8999845,6.328966000000008,-71.33242300000006,8.729327000000012
-171.82316033333333,831.8458993333334,262.85894133333335,-313.0142375,557.247205,94.094687,-133.943915,594.5741905,274.9554365,6.355515999999994,-71.325107,8.823725000000024
-171.80466133333334,831.8815773333332,262.88288066666667,-313.0425275,557.2549025000001,94.23936,-133.96147100000002,594.893951,275.017649,6.37803199999999,-71.31786199999999,8.918547999999987
-171.785478,831.9151833333334,262.9071586666667,-313.066483,557.257046,94.3881945,-133.9745015,595.1980255000001,275.086907,6.396447000000023,-71.31062899999995,9.013981999999999
-171.76559133333333,831.9467906666665,262.93181666666663,-313.086329,557.2536115,94.54162500000001,-133.9831335,595.4866325,275.1634735,6.410707000000002,-71.30334699999992,9.110198999999966
-171.74498433333335,831.976474,262.956895,-313.1023035,557.244589,94.70007050000001,-133.98751049999998,595.7600075,275.247589,6.420764999999989,-71.29594699999996,9.207358
-171.7236373333333,832.0043086666666,262.98243499999995,-313.11465799999996,557.2299865,94.8639325,-133.9877935,596.018411,275.3394725,6.426585000000017,-71.288362,9.305612999999994
-171.70153433333334,832.030371,263.00847466666664,-313.12365450000004,557.2098249999999,95.033593,-133.98415599999998,596.2621254999999,275.43932199999995,6.428136000000023,-71.28051700000003,9.405103999999994
-171.67865700000002,832.0547379999999,263.03505366666667,-313.1295675,557.1841420000001,95.2094185,-133.976788,596.4914535,275.54731749999996,6.425400000000025,-71.27234099999998,9.505966999999998
-171.65498766666667,832.0774873333334,263.06220966666666,-313.13267900000005,557.1529889999999,95.3917535,-133.965893,596.7067215,275.6636185,6.418360000000007,-71.26375300000007,9.608326999999974
-171.63051066666665,832.0986963333334,263.0899796666667,-313.13328,557.1164325,95.580926,-133.951687,596.908279,275.7883685,6.407009999999985,-71.25468000000001,9.712305000000015
-171.60520933333336,832.1184450000001,263.1183996666667,-313.131667,557.074554,95.7772415,-133.9343995,597.0964945000001,275.9216935,6.391346999999996,-71.24504100000001,9.81801299999995
-171.57906833333334,832.1368120000001,263.147504,-313.128142,557.027448,95.980986,-133.91427099999999,597.2717605,276.06370400000003,6.371373999999975,-71.23476100000005,9.925559999999962
-171.55207333333337,832.1538773333333,263.17732666666666,-313.12301049999996,556.9752225,96.1924245,-133.8915515,597.4344885,276.214494,6.347101000000009,-71.22376100000008,10.035045999999966
-171.52421066666668,832.1697206666668,263.20789933333333,-313.1165805,556.9179995,96.4118,-133.8665015,597.5851104999999,276.374144,6.318542999999977,-71.21196900000007,10.146566000000007
-171.495467,832.1844226666666,263.239253,-313.109159,556.855912,96.6393355,-133.83938899999998,597.724075,276.54272000000003,6.285723999999988,-71.19930999999997,10.260203999999987
-171.46583066666668,832.1980643333333,263.27141666666665,-313.10105450000003,556.7891055,96.8752295,-133.8104895,597.8518495000001,276.7202745,6.248672999999997,-71.18571499999996,10.376042999999981
-171.435291,832.2107259999999,263.304419,-313.092572,556.7177365,97.11965950000001,-133.7800825,597.968914,276.906846,6.207426999999996,-71.17112199999997,10.494150000000047
-171.40383866666664,832.2224886666667,263.3382853333333,-313.08401349999997,556.641974,97.3727785,-133.74845299999998,598.0757655,277.1024615,6.162031999999982,-71.15546900000004,10.614587000000029
-171.37146466666664,832.2334336666667,263.37304066666667,-313.075675,556.561995,97.63471849999999,-133.71589,598.1729095000001,277.30713449999996,6.112544000000014,-71.13870299999996,10.737405000000024
-171.33816266666668,832.2436413333334,263.4087073333333,-313.0678465,556.4779854999999,97.905586,-133.682682,598.260862,277.5208655,6.059030000000007,-71.12077599999998,10.862639000000001
-171.30392633333335,832.2531926666667,263.445307,-313.060811,556.390142,98.1854635,-133.6491185,598.340147,277.743645,6.001566999999994,-71.10164800000007,10.990314000000012
-171.26875166666665,832.2621673333333,263.48285933333335,-313.0548425,556.2986685000001,98.4744115,-133.6154875,598.4112935,277.97544949999997,5.940245000000004,-71.08128900000008,11.120438999999976
-171.23263533333332,832.2706463333334,263.52138133333335,-313.050204,556.2037745,98.772464,-133.582076,598.474833,278.2162445,5.875165999999979,-71.05967200000009,11.25300900000002
-171.19557633333332,832.2787096666666,263.5608886666667,-313.047148,556.105678,99.0796335,-133.54916450000002,598.5312980000001,278.4659835,5.806449000000015,-71.03678400000001,11.387999000000036
-171.15757433333337,832.2864353333333,263.60139566666663,-313.0459145,556.0046004999999,99.3959055,-133.517032,598.581219,278.72460850000004,5.734221999999988,-71.01261799999997,11.525367000000017
-171.11863033333336,832.2939023333333,263.64291333333335,-313.04673049999997,555.90077,99.721243,-133.485947,598.625123,278.99204799999995,5.658631999999983,-70.98717999999997,11.665053999999998
-171.07874700000002,832.3011883333334,263.685453,-313.04981050000004,555.7944170000001,100.05558500000001,-133.456173,598.6635305,279.2682205,5.57983999999999,-70.96048099999996,11.806981000000007
-171.03792933333332,832.3083710000001,263.72902066666666,-313.05535150000003,555.685778,100.39884750000002,-133.427963,598.696953,279.55303200000003,5.498016000000007,-70.93254400000001,11.951045999999963
-170.996182,832.315526,263.77362366666665,-313.063539,555.575087,100.750921,-133.4015615,598.7258919999999,279.8463735,5.413351000000006,-70.90340400000002,12.097131000000047
-170.95351266666668,832.322729,263.81926533333336,-313.07454,555.4625845,101.1116755,-133.37719950000002,598.7508359999999,280.1481275,5.326046999999988,-70.8731019999999,12.245098999999982
-170.90993,832.330054,263.86594733333334,-313.088507,555.3485085,101.480958,-133.3550975,598.772259,280.45816,5.2363169999999855,-70.84168599999998,12.39479
-170.86544266666667,832.3375736666667,263.9136693333333,-313.1055755,555.2330979999999,101.8585935,-133.3354605,598.790619,280.7763265,5.144389000000018,-70.8092200000001,12.546029000000033
-170.82006233333334,832.3453599999999,263.96242966666665,-313.125866,555.11659,102.244388,-133.31848,598.8063555,281.1024685,5.050498000000005,-70.77576700000009,12.698622999999998
-170.77380133333335,832.3534843333333,264.01222333333334,-313.14948200000003,554.9992215,102.6381255,-133.30433349999998,598.8198885,281.436413,4.9548910000000035,-70.74140299999999,12.852362000000028
-170.72667266666667,832.3620146666666,264.063044,-313.17651,554.881226,103.03957249999999,-133.29318,598.8316175,281.7779735,4.857820000000004,-70.70620899999994,13.007024999999999
-170.678691,832.3710186666667,264.1148836666667,-313.207023,554.762834,103.4484785,-133.285162,598.8419205,282.12695,4.759546,-70.67026899999996,13.16237799999999
-170.62987166666667,832.3805626666666,264.16773233333333,-313.2410765,554.6442724999999,103.864575,-133.2804055,598.8511525,282.4831285,4.66032899999999,-70.63367700000003,13.318174999999997
-170.58023133333333,832.3907106666667,264.2215773333333,-313.278712,554.525763,104.287579,-133.2790175,598.8596445000001,282.84627950000004,4.5604330000000175,-70.59652300000005,13.474165000000028
-170.52978733333336,832.4015256666667,264.2764046666667,-313.3199555,554.4075225,104.717196,-133.28108550000002,598.8677045,283.2161575,4.460122999999982,-70.55890699999998,13.630090999999993
-170.478558,832.4130673333333,264.33219933333334,-313.3648205,554.2897614999999,105.1531155,-133.2866785,598.875618,283.59250599999996,4.3596589999999935,-70.52092400000004,13.785695999999973
-170.42656200000002,832.4253953333333,264.388943,-313.4133055,554.1726845000001,105.5950195,-133.2958475,598.8836435000001,283.975051,4.259298999999999,-70.48267500000009,13.940721999999994
-170.373819,832.4385653333334,264.446616,-313.4653995,554.0564899999999,106.0425795,-133.308623,598.892018,284.36350500000003,4.159292000000022,-70.444254,14.094911999999965
-170.32034933333333,832.4526323333333,264.505198,-313.5210765,553.9413669999999,106.4954605,-133.325015,598.9009555,284.7575655,4.059879999999993,-70.40575899999999,14.248019
-170.26617333333334,832.4676486666667,264.564667,-313.5803015,553.8274985,106.95332099999999,-133.34501699999998,598.9106465,285.156917,3.961291999999986,-70.36728100000005,14.39980399999996
-170.21131233333332,832.4836643333333,264.62499899999995,-313.643029,553.715059,107.415816,-133.368601,598.9212605,285.56123149999996,3.8637500000000102,-70.32890900000007,14.550039000000027
-170.15578766666667,832.500727,264.68616933333334,-313.709205,553.6042135,107.882599,-133.39572249999998,598.9329475,285.9701655,3.7674570000000074,-70.29072899999994,14.698509000000001
-170.09962166666665,832.518882,264.74815133333334,-313.778766,553.4951185,108.35332149999999,-133.42631749999998,598.945837,286.3833665,3.6726030000000094,-70.25281799999993,14.84501499999999
-170.042836,832.5381719999999,264.8109176666666,-313.85164299999997,553.3879225000001,108.82763750000001,-133.4603055,598.9600425,286.800471,3.5793630000000007,-70.21524900000009,14.989377999999988
-169.98545333333334,832.5586383333333,264.874441,-313.927758,553.282764,109.305204,-133.49759,598.9756600000001,287.221104,3.487891999999988,-70.178088,15.131438000000003
-169.92749533333333,832.5803183333334,264.938692,-314.007029,553.1797710000001,109.7856815,-133.538059,598.9927720000001,287.6448845,3.398329999999987,-70.1413940000001,15.271052999999995
-169.86898466666665,832.6032473333333,265.0036406666667,-314.089368,553.079065,110.268738,-133.58158550000002,599.0114490000001,288.07142450000003,3.310799000000003,-70.10522000000003,15.408109000000024
-169.809944,832.6274583333333,265.06925766666666,-314.1746825,552.9807539999999,110.754047,-133.6280285,599.0317485,288.5003305,3.2253989999999817,-70.06960900000001,15.54251099999999
-169.750395,832.6529823333334,265.13551266666667,-314.2628765,552.88494,111.241294,-133.677237,599.0537205,288.93120650000003,3.1422139999999956,-70.03459699999996,15.674189000000013
-169.69036099999997,832.6798456666666,265.2023746666667,-314.353852,552.7917130000001,111.730173,-133.729047,599.0774074999999,289.3636545,3.0613099999999918,-70.00021499999991,15.803094999999985
-169.62986266666667,832.7080749999999,265.26981433333333,-314.44750650000003,552.7011554999999,112.2203895,-133.7832865,599.1028464999999,289.797279,2.982736999999986,-69.96648100000004,15.929208000000017
-169.568923,832.737693,265.3377996666666,-314.5437365,552.6133385,112.71166350000001,-133.8397745,599.1300695,290.23168699999997,2.906524999999988,-69.93341299999997,16.052524000000005
-169.507563,832.7687186666667,265.4063016666667,-314.64243650000003,552.5283254999999,113.20372699999999,-133.8983235,599.159107,290.66649099999995,2.832689000000016,-69.90101599999991,16.173068
-169.44580366666668,832.8011706666666,265.47529099999997,-314.7435,552.4461695,113.69632899999999,-133.9587405,599.1899875,291.1013115,2.7612290000000144,-69.86929099999998,16.290881000000013
-169.38366600000003,832.8350636666668,265.544739,-314.846819,552.366916,114.189232,-134.0208295,599.2227399999999,291.535778,2.692132999999984,-69.83823199999995,16.406024000000002
-169.32117,832.8704106666668,265.614617,-314.9522855,552.2906005,114.68221650000001,-134.0843895,599.257394,291.9695345,2.625376999999986,-69.80782799999997,16.518575
-169.25833633333332,832.9072223333333,265.6848976666667,-315.05979,552.2172505000001,115.175079,-134.14922,599.2939815,292.402238,2.5609199999999817,-69.77806299999997,16.628631999999982
-169.195184,832.9455066666666,265.7555556666667,-315.1692235,552.146885,115.6676345,-134.21512,599.332536,292.833563,2.498722000000015,-69.74891600000001,16.736301999999966
-169.13173199999997,832.9852690000001,265.82656633333335,-315.28047649999996,552.0795145,116.1597145,-134.28188899999998,599.3730965,293.26320250000003,2.4387240000000077,-69.72036300000002,16.841706999999985
-169.06799866666668,833.0265133333334,265.897905,-315.3934395,552.0151425,116.65117049999999,-134.349329,599.4157025,293.6908695,2.3808679999999924,-69.69237699999996,16.944976999999994
-169.00400166666668,833.0692406666667,265.9695506666667,-315.5080025,551.953765,117.14187,-134.4172455,599.4603985,294.116302,2.3250850000000014,-69.66492500000004,17.04624799999999
-168.93975833333334,833.1134506666667,266.04148200000003,-315.624057,551.8953685,117.6316995,-134.48544800000002,599.507232,294.5392595,2.2713080000000048,-69.63797599999998,17.145667000000003
-168.87528533333332,833.1591403333333,266.11368,-315.7414935,551.8399360000001,118.1205655,-134.55375049999998,599.5562545,294.9595285,2.2194629999999904,-69.61149499999999,17.243379000000004
-168.81059866666666,833.2063043333334,266.18612666666667,-315.8602025,551.7874400000001,118.608389,-134.62197350000002,599.607519,295.37692100000004,2.1694750000000056,-69.58544600000005,17.339534000000015
-168.74571366666666,833.254937,266.25880666666666,-315.9800765,551.7378495,119.095112,-134.6899435,599.6610814999999,295.79127700000004,2.121266999999989,-69.55979300000001,17.434278000000006
-168.68064533333333,833.3050293333332,266.33170566666666,-316.10100650000004,551.6911255,119.5806915,-134.7574955,599.717001,296.20246499999996,2.0747650000000135,-69.53449799999999,17.527758000000006
-168.61540766666667,833.3565696666666,266.4048103333334,-316.2228855,551.6472235,120.065103,-134.82447050000002,599.7753355,296.61037999999996,2.029890999999992,-69.50952499999994,17.620119999999986
-168.55001433333334,833.4095473333333,266.47811099999996,-316.34560550000003,551.606094,120.548337,-134.890718,599.8361460000001,297.0149475,1.9865719999999953,-69.48483599999997,17.711501
-168.48447933333333,833.4639473333333,266.5515976666666,-316.4690615,551.5676814999999,121.03040049999998,-134.9560975,599.8994895000001,297.41612,1.9447349999999801,-69.46039499999995,17.802035999999987
-168.418814,833.5197543333334,266.62526333333335,-316.593148,551.531926,121.511315,-135.02047449999998,599.965426,297.8138765,1.9043069999999886,-69.43616399999996,17.891850999999974
-168.35303066666668,833.576951,266.699101,-316.7177605,551.4987625,121.99111599999999,-135.0837265,600.034011,298.2082255,1.8652170000000012,-69.41210999999998,17.981070999999986
-168.28714233333332,833.6355186666666,266.773107,-316.84279649999996,551.468122,122.469853,-135.145738,600.105298,298.5991975,1.8273959999999931,-69.388196,18.069808999999964
-168.22115866666667,833.695436,266.8472776666667,-316.96815449999997,551.4399315000001,122.947587,-135.206403,600.1793385000001,298.986851,1.790775999999994,-69.36438899999996,18.15817400000003
-168.15509133333333,833.7566813333334,266.92161200000004,-317.09373500000004,551.4141135,123.4243925,-135.2656245,600.2561780000001,299.3712655,1.7552870000000098,-69.34065399999997,18.246268999999984
-168.08895066666665,833.8192310000001,266.9961083333333,-317.2194405,551.390588,123.900352,-135.323315,600.335859,299.7525415,1.720864000000006,-69.316958,18.334189000000038
-168.02274699999998,833.8830603333332,267.0707683333333,-317.3451755,551.3692725000001,124.37555900000001,-135.3793955,600.4184185,300.1308,1.687437000000017,-69.29326700000001,18.42202400000002
-167.95649,833.9481423333333,267.145593,-317.470847,551.350081,124.85011550000002,-135.4337965,600.503889,300.506179,1.654941000000008,-69.26954999999998,18.509855999999957
-167.89019,834.0144489999999,267.22058499999997,-317.59636450000005,551.3329255,125.3241285,-135.486456,600.5922965,300.8788305,1.6233080000000086,-69.24577299999999,18.597766999999976
-167.82385633333334,834.0819516666667,267.29574766666667,-317.72164150000003,551.317715,125.7977145,-135.5373205,600.683661,301.248922,1.5924689999999941,-69.22190599999999,18.685828000000015
-167.75749900000002,834.1506193333335,267.37108566666666,-317.846592,551.304359,126.2709905,-135.5863445,600.7779969999999,301.616629,1.5623569999999916,-69.19791399999997,18.774110000000007
-167.691127,834.2204203333334,267.4466036666667,-317.971136,551.2927645,126.7440805,-135.6334905,600.875313,301.9821375,1.5329010000000096,-69.173768,18.862679000000014
-167.62475066666667,834.2913223333334,267.5223063333333,-318.09519550000005,551.2828375,127.21710949999999,-135.678728,600.97561,302.345639,1.50403399999999,-69.14943800000003,18.951594
-167.55837900000003,834.3632903333333,267.5981996666667,-318.218696,551.2744845,127.690202,-135.722034,601.0788855000001,302.7073295,1.475685999999996,-69.12489100000005,19.04091299999999
-167.492022,834.4362893333333,267.67428866666665,-318.3415675,551.2676100000001,128.1634845,-135.763391,601.1851285,303.067406,1.4477899999999977,-69.100101,19.13068999999996
-167.42568933333334,834.5102826666667,267.7505796666667,-318.463742,551.2621200000001,128.6370795,-135.80278950000002,601.294324,303.426066,1.420279000000022,-69.07503800000006,19.220974000000012
-167.35939133333332,834.5852343333335,267.8270786666667,-318.58515750000004,551.2579215000001,129.1111085,-135.84022499999998,601.4064510000001,303.783505,1.3930900000000008,-69.04967599999998,19.311807999999985
-167.293139,834.661106,267.90379099999996,-318.7057525,551.2549214999999,129.5856865,-135.875698,601.5214814999999,304.139914,1.3661599999999794,-69.02399099999991,19.403230000000008
-167.22694166666665,834.737859,267.980722,-318.825471,551.253027,130.0609235,-135.90921550000002,601.6393855,304.4954785,1.3394350000000088,-68.99796100000003,19.495276999999987
-167.16081166666666,834.8154543333334,268.05787633333335,-318.94426,551.2521485,130.536924,-135.940789,601.760125,304.85037650000004,1.3128619999999955,-68.97156599999994,19.587972999999977
-167.0947603333333,834.8938513333333,268.13525933333335,-319.06207,551.2521975,131.0137825,-135.9704355,601.883659,305.20477900000003,1.2863949999999988,-68.94479000000001,19.681340000000034
-167.02879900000002,834.973011,268.21287366666667,-319.178854,551.2530859999999,131.49158500000001,-135.998174,602.009942,305.55884449999996,1.259996000000001,-68.91762199999994,19.775386999999967
-166.96294066666667,835.0528923333333,268.29072399999995,-319.29456749999997,551.254731,131.970406,-136.02402999999998,602.138924,305.9127225,1.2336360000000184,-68.89004999999997,19.870120999999983
-166.89719833333334,835.1334543333332,268.36881166666666,-319.409169,551.257051,132.4503095,-136.0480315,602.2705510000001,306.2665495,1.2072929999999928,-68.862074,19.965532999999994
-166.83158566666668,835.214657,268.4471383333334,-319.5226195,551.2599660000001,132.93134650000002,-136.070211,602.404765,306.620451,1.1809559999999806,-68.83369399999992,20.06160799999998
-166.766117,835.2964599999999,268.525705,-319.63488,551.2634009999999,133.4135555,-136.090603,602.5415045,306.9745375,1.154623999999984,-68.80491299999994,20.158319000000006
-166.700806,835.3788223333332,268.6045106666666,-319.7459155,551.2672845,133.896959,-136.10924599999998,602.6807045,307.3289065,1.1283079999999757,-68.77574500000003,20.255629
-166.63566999999998,835.4617039999999,268.6835546666666,-319.855691,551.271546,134.3815645,-136.12617999999998,602.822296,307.6836415,1.10202799999999,-68.74620599999992,20.35348700000003
-166.57072333333335,835.5450663333332,268.76283266666667,-319.96417299999996,551.276122,134.867366,-136.14144800000003,602.9662075,308.03881149999995,1.0758160000000032,-68.7163149999999,20.451835000000017
-166.50598433333332,835.6288696666667,268.8423416666667,-320.0713285,551.2809515,135.354339,-136.1550965,603.1123635,308.3944705,1.0497150000000204,-68.68610100000001,20.550599000000034
-166.44146966666668,835.713077,268.92207533333334,-320.17712400000005,551.285978,135.8424435,-136.1671715,603.2606855,308.7506585,1.0237769999999955,-68.65559699999994,20.649699
-166.37719766666666,835.7976500000001,269.0020273333333,-320.28152750000004,551.29115,136.33162249999998,-136.17772200000002,603.4110915,309.10740050000004,0.9980660000000228,-68.62483500000008,20.749040999999977
-166.31318633333333,835.8825533333334,269.08218833333336,-320.384507,551.2964195,136.8218005,-136.1867985,603.563497,309.464707,0.9726510000000133,-68.59386199999994,20.848523999999998
-166.24945633333334,835.9677516666667,269.1625476666666,-320.4860285,551.301745,137.3128865,-136.1944515,603.717813,309.8225735,0.9476130000000182,-68.56272000000001,20.948038999999994
-166.186027,836.0532116666667,269.243095,-320.58606,551.307088,137.8047715,-136.2007335,603.8739495,310.18098150000003,0.9230369999999937,-68.53145700000005,21.047469000000035
-166.12291866666666,836.1389006666667,269.323815,-320.6845665,551.312416,138.297329,-136.2056965,604.0318115,310.539898,0.8990110000000016,-68.50012700000002,21.146690000000035
-166.06015233333335,836.2247876666667,269.4046926666667,-320.78151449999996,551.317702,138.7904165,-136.209393,604.1913025,310.8992765,0.875630000000001,-68.46878300000003,21.245577000000026
-165.99774933333333,836.310844,269.485711,-320.8768675,551.3229235,139.2838745,-136.21187700000002,604.352322,311.25905450000005,0.8529900000000055,-68.43748199999993,21.343998999999997
-165.93573133333334,836.3970413333333,269.566851,-320.970591,551.3280629999999,139.77752800000002,-136.2132,604.514767,311.61915799999997,0.8311840000000075,-68.40627999999992,21.44182600000005
-165.87411999999998,836.4833543333334,269.64808999999997,-321.0626475,551.333109,140.2711855,-136.213414,604.6785335,311.9794975,0.8103100000000154,-68.37523499999998,21.538925000000006
-165.81293766666667,836.5697583333334,269.729406,-321.15299949999996,551.3380545,140.764641,-136.21257,604.8435135,312.339972,0.790458000000001,-68.34440300000006,21.635170000000016
-165.752207,836.6562313333334,269.81077366666665,-321.2416105,551.342898,141.257675,-136.21071899999998,605.009597,312.70046549999995,0.7717159999999978,-68.31384200000002,21.730435
-165.69194966666666,836.7427533333333,269.8921663333333,-321.32844,551.3476435,141.75005449999998,-136.207909,605.1766725,313.0608495,0.7541659999999979,-68.28360500000008,21.824598999999978
-165.63218766666668,836.8293043333333,269.973554,-321.413452,551.3522985,142.241533,-136.204188,605.3446265,313.42098350000003,0.7378839999999798,-68.25374499999998,21.91754499999996
-165.57294366666667,836.915868,270.054907,-321.4966065,551.3568769999999,142.7318535,-136.199602,605.5133450000001,313.780715,0.7229379999999992,-68.22431199999994,22.009165999999993
-165.51423866666667,837.0024296666667,270.13619166666666,-321.577865,551.361397,143.2207485,-136.194196,605.6827129999999,314.1398775,0.7093879999999899,-68.19535400000007,22.099358999999993
-165.456095,837.088975,270.217374,-321.65719,551.3658815,143.70794,-136.18801100000002,605.852613,314.4982945,0.6972839999999962,-68.16691200000002,22.188031000000024
-165.39853200000002,837.1754930000001,270.2984166666667,-321.7345435,551.370357,144.193142,-136.1810885,606.02293,314.85577850000004,0.6866669999999999,-68.13902800000005,22.27509900000001
-165.34157100000002,837.2619733333335,270.37928266666665,-321.809888,551.3748545000001,144.676062,-136.173466,606.1935475,315.212129,0.6775700000000029,-68.11173699999995,22.360486000000037
-165.28523166666668,837.3484076666667,270.45993100000004,-321.883189,551.3794085,145.1564,-136.16517950000002,606.3643495,315.5671385,0.6700130000000115,-68.08507099999997,22.444124999999985
-165.22953266666664,837.4347873333332,270.540322,-321.9544115,551.3840574999999,145.6338515,-136.15626350000002,606.535223,315.9205865,0.664008999999993,-68.05905600000006,22.525957000000005
-165.17449166666665,837.5211076666666,270.620412,-322.0235215,551.3888435,146.10810800000002,-136.1467485,606.706054,316.272247,0.6595590000000016,-68.03371799999991,22.605931999999996
-165.1201256666667,837.6073620000001,270.7001573333334,-322.0904885,551.3938105,146.578857,-136.136662,606.8767315,316.621882,0.6566579999999931,-68.00907499999994,22.68401
-165.066451,837.693547,270.7795126666667,-322.155283,551.3990055,147.0457855,-136.126032,607.047146,316.96924850000005,0.6552900000000079,-67.985142,22.760154999999997
-165.01348266666665,837.7796576666666,270.85843266666666,-322.2178765,551.4044775,147.5085795,-136.114881,607.2171905,317.314095,0.6554320000000189,-67.96193100000005,22.834339999999997
-164.96123333333335,837.865691,270.93686933333333,-322.278244,551.410277,147.966925,-136.1032285,607.3867615,317.65616550000004,0.657053000000019,-67.93944899999997,22.90654699999999
-164.90971599999997,837.9516443333333,271.01477566666665,-322.336363,551.4164575,148.420509,-136.091093,607.555756,317.9951985,0.6601140000000214,-67.91769999999997,22.97676100000001
-164.85894166666668,838.0375130000001,271.0921026666667,-322.3922125,551.4230709999999,148.869022,-136.078489,607.7240765,318.33092750000003,0.6645739999999876,-67.89668499999993,23.04497299999997
-164.80891966666667,838.1232946666665,271.1688026666667,-322.44577400000003,551.4301720000001,149.3121575,-136.065428,607.891627,318.66308349999997,0.6703820000000178,-67.87640199999998,23.111181000000045
-164.75965799999997,838.2089843333333,271.244825,-322.497032,551.437814,149.7496115,-136.0519185,608.058315,318.991395,0.6774829999999952,-67.85684399999991,23.175384000000008
-164.71116266666667,838.2945766666667,271.3201216666667,-322.545974,551.4460515000001,150.181088,-136.03796549999998,608.2240505,319.31559000000004,0.6858210000000042,-67.83800499999995,23.23759000000001
-164.663439,838.380066,271.3946436666667,-322.59258950000003,551.4549360000001,150.6062955,-136.023572,608.3887474999999,319.635396,0.6953320000000076,-67.81987300000003,23.29780599999998
-164.61648966666667,838.4654453333334,271.46834133333334,-322.6368695,551.4645215,151.024948,-136.008737,608.552321,319.950542,0.7059519999999964,-67.80243799999994,23.356045999999992
-164.57031766666668,838.550705,271.54116733333336,-322.6788095,551.4748569999999,151.436769,-135.99345549999998,608.7146895000001,320.2607575,0.7176130000000001,-67.78568299999995,23.41232500000001
-164.524922,838.635834,271.613073,-322.71840699999996,551.485991,151.8414885,-135.97772099999997,608.875773,320.56577749999997,0.730243999999999,-67.76959199999999,23.466658999999993
-164.4803016666667,838.7208196666667,271.68401166666666,-322.7556605,551.4979705000001,152.238846,-135.961523,609.035495,320.86533899999995,0.7437739999999735,-67.75414999999998,23.519071999999994
-164.436453,838.805647,271.7539376666667,-322.7905725,551.5108385,152.628591,-135.9448475,609.193779,321.159186,0.7581309999999917,-67.73933399999999,23.56958400000002
-164.393372,838.8902983333334,271.8228046666666,-322.823147,551.5246354999999,153.01048,-135.927679,609.35055,321.44706699999995,0.7732400000000155,-67.72512800000004,23.618223999999998
-164.35105233333334,838.9747526666666,271.89056999999997,-322.8533905,551.5393985000001,153.384283,-135.9099985,609.505735,321.72874,0.7890269999999759,-67.71150799999998,23.665017999999975
-164.30948633333333,839.0589873333333,271.9571906666667,-322.88131050000004,551.5551595,153.749777,-135.8917845,609.6592605000001,322.00397,0.8054169999999772,-67.69845500000008,23.70999599999999
-164.2686646666667,839.1429750000001,272.022626,-322.90691849999996,551.5719495000001,154.1067535,-135.8730135,609.811053,322.2725295,0.8223349999999812,-67.68594600000006,23.753188999999963
-164.22857766666667,839.2266866666668,272.08683666666667,-322.9302255,551.589791,154.455011,-135.85366,609.9610399999999,322.534203,0.8397080000000017,-67.67395799999997,23.79463199999998
-164.18921333333333,839.31009,272.1497846666667,-322.9512475,551.608704,154.794363,-135.8336965,610.109148,322.78878599999996,0.8574629999999956,-67.66246999999998,23.83435800000001
-164.150559,839.3931473333332,272.21143433333333,-322.97000049999997,551.6287045,155.12463150000002,-135.81309599999997,610.255303,323.03608399999996,0.8755299999999977,-67.65146000000004,23.872404000000017
-164.11260066666668,839.4758193333333,272.2717513333334,-322.986502,551.6498005000001,155.445652,-135.7918295,610.3994299999999,323.2759155,0.8938369999999907,-67.64090799999997,23.90880500000003
-164.075324,839.5580620000001,272.33070533333336,-323.000772,551.6719975,155.75727,-135.769868,610.541453,323.50811050000004,0.9123200000000224,-67.63079000000005,23.943601
-164.038713,839.6398276666665,272.38826466666666,-323.0128335,551.695292,156.0593435,-135.747183,610.6812945,323.7325135,0.9309140000000014,-67.62108699999999,23.97682500000002
-164.002751,839.7210663333334,272.44440233333336,-323.02270899999996,551.7196785,156.3517415,-135.7237455,610.8188769999999,323.9489815,0.9495589999999936,-67.61178200000006,24.008516999999983
-163.96742066666664,839.801722,272.499093,-323.03042500000004,551.7451435,156.634344,-135.69953049999998,610.9541194999999,324.15738550000003,0.9681989999999985,-67.60285699999997,24.038708999999983
-163.93270533333333,839.881738,272.5523126666667,-323.0360085,551.771667,156.907043,-135.6745125,611.0869425000001,324.35761,0.9867810000000077,-67.59429499999999,24.06743799999998
-163.89858633333336,839.9610509999999,272.60404166666666,-323.039489,551.7992245,157.16974,-135.64866899999998,611.2172625000001,324.5495545,1.0052599999999927,-67.58608300000003,24.09473300000002
-163.86504466666665,840.0395956666666,272.65425899999997,-323.0408985,551.8277855,157.4223495,-135.6219805,611.3449975,324.733132,1.0235950000000003,-67.57821100000001,24.12062400000002
-163.83206166666665,840.117304,272.70294966666665,-323.04026899999997,551.8573125,157.664794,-135.5944305,611.4700634999999,324.90826949999996,1.041751000000005,-67.57066700000007,24.145137000000034
-163.799619,840.1941036666667,272.75009833333337,-323.03763649999996,551.887763,157.897007,-135.566007,611.592375,325.0749065,1.0596999999999923,-67.563444,24.16829299999995
-163.76769766666666,840.2699186666667,272.79569299999997,-323.0330375,551.9190885,158.118931,-135.536701,611.711849,325.232997,1.0774220000000128,-67.55653800000005,24.190110000000004
-163.736279,840.3446713333333,272.839723,-323.026512,551.9512354999999,158.330519,-135.506509,611.828399,325.3825075,1.0949019999999905,-67.54994800000009,24.210600999999997
-163.705344,840.41828,272.88218,-323.0180985,551.9841455000001,158.53173149999998,-135.4754325,611.9419415,325.523418,1.112134999999995,-67.54367300000001,24.229772000000025
-163.67487500000001,840.4906616666667,272.9230586666667,-323.007842,552.0177530000001,158.7225365,-135.4434775,612.052392,325.655719,1.1291229999999928,-67.53771799999993,24.24762800000002
-163.64485366666668,840.5617303333333,272.96235433333334,-322.9957855,552.0519905,158.90291150000002,-135.4106545,612.159668,325.77941250000003,1.1458749999999895,-67.53208999999993,24.264162999999996
-163.61526233333333,840.6313973333332,273.000064,-322.9819745,552.0867845,159.07283900000002,-135.376982,612.263688,325.8945115,1.1624100000000226,-67.5267960000001,24.27936900000003
-163.58608533333333,840.699573,273.03618800000004,-322.9664585,552.1220585,159.2323085,-135.34248100000002,612.364372,326.0010395,1.178752000000003,-67.52185000000009,24.29323099999999
-163.55730633333334,840.7661646666667,273.07072666666664,-322.9492845,552.15773,159.3813145,-135.30718050000002,612.4616415,326.099026,1.1949370000000101,-67.51726700000006,24.305725999999993
-163.52890933333333,840.8310796666666,273.1036823333333,-322.93050400000004,552.1937175,159.519857,-135.271114,612.555421,326.188513,1.2110059999999976,-67.51306599999998,24.316827999999987
-163.500881,840.8942229999999,273.1350596666667,-322.9101685,552.2299335,159.6479395,-135.234319,612.6456375,326.269546,1.2270060000000171,-67.50926500000003,24.326504
-163.4732076666667,840.9554993333335,273.1648636666667,-322.88833,552.26629,159.7655695,-135.1968395,612.7322195,326.342178,1.2429950000000076,-67.50588900000002,24.33471400000002
-163.44587666666666,841.0148123333333,273.19310133333335,-322.865042,552.3026964999999,159.87275549999998,-135.1587245,612.8150995000001,326.4064685,1.259034999999983,-67.50296500000002,24.341414999999984
-163.4188773333333,841.0720660000001,273.21978000000007,-322.840359,552.3390615000001,159.96950800000002,-135.120026,612.8942125,326.4624795,1.275195999999994,-67.50051899999994,24.346555000000023
-163.39219899999998,841.1271633333332,273.2449086666667,-322.814335,552.375295,160.0558395,-135.0808,612.9694955,326.5102785,1.2915500000000009,-67.49858300000005,24.35008099999999
-163.36583299999998,841.1800076666667,273.26849733333336,-322.78702499999997,552.4113050000001,160.13176249999998,-135.041107,613.0408895,326.5499335,1.308177999999998,-67.49718900000005,24.35193300000003
-163.33977166666668,841.2305029999999,273.29055666666665,-322.758483,552.447002,160.19728650000002,-135.0010105,613.108336,326.58151499999997,1.3251630000000034,-67.49637200000006,24.35204600000003
-163.31400866666667,841.2785533333332,273.31109799999996,-322.728764,552.4822965,160.2524215,-134.960576,613.1717805,326.605094,1.3425919999999962,-67.496171,24.350351999999987
-163.28853900000001,841.3240643333334,273.3301333333333,-322.69792099999995,552.517102,160.29717349999999,-134.9198695,613.2311685,326.6207405,1.360555000000005,-67.496623,24.34677899999997
-163.263359,841.3669423333332,273.3476743333333,-322.6660085,552.5513345,160.3315475,-134.87896,613.286449,326.628523,1.3791439999999966,-67.49776800000006,24.341251999999997
-163.238466,841.4070943333332,273.36373533333335,-322.633078,552.5849145,160.35554150000002,-134.837916,613.3375685000001,326.62850849999995,1.3984519999999918,-67.49964899999998,24.333688999999993
-163.21385999999998,841.4444309999999,273.378329,-322.599181,552.617764,160.369151,-134.7968065,613.3844755,326.62075949999996,1.4185729999999808,-67.50231099999996,24.324010999999985
-163.18954033333333,841.478862,273.3914683333333,-322.564367,552.649813,160.3723645,-134.7557005,613.427117,326.60533499999997,1.4395990000000154,-67.50579800000003,24.312127999999973
-163.16550966666668,841.5103013333332,273.4031683333333,-322.528685,552.680994,160.3651655,-134.7146635,613.4654375,326.582288,1.4616229999999746,-67.51015699999994,24.297954000000004
-163.1417713333333,841.5386643333333,273.413442,-322.49218199999996,552.7112460000001,160.3475295,-134.673762,613.4993775,326.5516665,1.4847319999999797,-67.51543700000002,24.281394999999975
-163.11832966666668,841.5638683333333,273.42230233333333,-322.454903,552.7405145,160.31942600000002,-134.633058,613.528876,326.51351150000005,1.5090140000000076,-67.52168800000004,24.262355000000014
-163.09519066666667,841.5858336666666,273.42976466666664,-322.416893,552.7687515,160.28081450000002,-134.59261149999998,613.553864,326.46785550000004,1.5345509999999933,-67.52895999999998,24.240737000000024
-163.072362,841.604483,273.43584166666665,-322.3781925,552.7959165,160.231648,-134.55248,613.5742660000001,326.414724,1.5614199999999983,-67.53730800000005,24.216435999999987
-163.04985333333335,841.619742,273.4405463333333,-322.3388415,552.821976,160.17187,-134.5127155,613.5899979999999,326.3541335,1.5896949999999777,-67.546784,24.189346999999998
-163.0276736666667,841.6315396666668,273.44389266666667,-322.2988785,552.846905,160.101414,-134.473368,613.6009675,326.2860905,1.6194399999999973,-67.55744300000003,24.159358999999995
-163.005835,841.6398073333334,273.4458926666667,-322.25833950000003,552.870685,160.0202055,-134.434481,613.607069,326.210593,1.6507139999999936,-67.569344,24.126360000000034
-162.9843503333333,841.6444803333334,273.44655866666665,-322.21725849999996,552.893307,159.9281585,-134.3960955,613.6081845,326.1276275,1.6835710000000006,-67.58254099999999,24.09022699999997
-162.963234,841.6454963333334,273.4459033333333,-322.17566850000003,552.9147700000001,159.8251795,-134.358246,613.604182,326.037172,1.7180520000000001,-67.59709599999996,24.050836000000004
-162.94250066666666,841.6427966666666,273.4439366666666,-322.13359849999995,552.9350825,159.711163,-134.3209645,613.5949115,325.939193,1.7541949999999815,-67.613069,24.008058000000005
-162.92216799999997,841.6363253333333,273.44067033333334,-322.0910785,552.954258,159.5859955,-134.28427549999998,613.5802065,325.8336475,1.7920249999999953,-67.63051900000005,23.961756999999977
-162.90225333333333,841.6260303333333,273.43611366666664,-322.048133,552.9723225,159.449552,-134.2482,613.55988,325.7204825,1.831559999999996,-67.64950999999996,23.911787000000004
-162.88277533333334,841.611863,273.430277,-322.004788,552.9893059999999,159.3016995,-134.21275500000002,613.5337235,325.59963500000003,1.872807999999992,-67.67010500000004,23.858000000000004
-162.86375366666667,841.593778,273.42316866666664,-321.96106599999996,553.0052495,159.1422965,-134.17795,613.5015054999999,325.4710335,1.9157679999999857,-67.692365,23.800238999999976
-162.8452103333333,841.571732,273.41479766666674,-321.916987,553.0201995,158.9711905,-134.14379250000002,613.4629705,325.3345965,1.96042700000001,-67.71635700000002,23.738337
-162.82716733333334,841.5456866666667,273.40517,-321.872571,553.0342115,158.7882245,-134.11028299999998,613.4178345,325.19023649999997,2.006767999999994,-67.74214299999994,23.672121000000004
-162.809647,841.5156063333334,273.394294,-321.827834,553.047345,158.593231,-134.07742000000002,613.365789,325.037858,2.054758000000021,-67.76978799999995,23.60140800000005
-162.79267466666667,841.481457,273.3821746666667,-321.78279150000003,553.059668,158.386037,-134.0451955,613.3064935,324.8773605,2.104358999999988,-67.79935499999999,23.526008999999988
-162.77627466666667,841.4432093333334,273.36881800000003,-321.7374565,553.071254,158.16646450000002,-134.0135985,613.2395785,324.7086385,2.1555210000000216,-67.83090700000002,23.445723000000044
-162.76047233333335,841.4008366666667,273.35422866666664,-321.6918395,553.082181,157.934328,-133.98261300000001,613.1646430000001,324.53158299999996,2.2081859999999836,-67.864506,23.360340000000008
-162.74529566666664,841.3543143333333,273.3384106666667,-321.645949,553.0925315,157.689441,-133.9522205,613.0812524999999,324.346083,2.2622889999999813,-67.90021300000001,23.269646000000023
-162.73077133333334,841.303621,273.3213676666667,-321.59979150000004,553.102391,157.431613,-133.9223965,612.9889395,324.15202650000003,2.3177530000000104,-67.938087,23.17341300000004
-162.71692733333336,841.2487373333333,273.303102,-321.5533715,553.1118505,157.160651,-133.89311400000003,612.887204,323.9493035,2.3744939999999986,-67.97818200000006,23.071409000000017
-162.70379366666666,841.1896466666667,273.28361666666666,-321.50669,553.121001,156.8763635,-133.86434350000002,612.7755085,323.737806,2.432421000000005,-68.02055300000006,22.963393999999994
-162.69139933333335,841.1263349999999,273.2629133333333,-321.459746,553.129936,156.57855800000002,-133.83605,612.6532830000001,323.51743,2.4914340000000266,-68.065248,22.84911999999997
-162.67977499999998,841.0587886666667,273.24099366666667,-321.41253600000005,553.1387505,156.267045,-133.8081955,612.519922,323.2880765,2.5514249999999947,-68.11231400000008,22.728335000000015
-162.66895133333333,840.9869986666666,273.21785900000003,-321.36505350000004,553.1475375,155.9416395,-133.7807395,612.3747860000001,323.0496555,2.612277000000006,-68.161788,22.600783000000035
-162.65896,840.910954,273.19351,-321.31728899999996,553.1563914999999,155.602161,-133.7536375,612.2172,322.80208300000004,2.6738710000000196,-68.213708,22.466204000000005
-162.64983266666667,840.8306480000001,273.16794733333336,-321.26923,553.165405,155.248436,-133.72684199999998,612.0464585,322.545289,2.736075999999997,-68.268101,22.324337999999955
-162.64160233333334,840.7460746666667,273.141172,-321.22086,553.1746665000001,154.880299,-133.70030350000002,611.8618225,322.27921200000003,2.798755,-68.32498899999996,22.174923999999976
-162.63430033333336,840.6572276666667,273.1131846666667,-321.17216099999996,553.184263,154.49759600000002,-133.673968,611.6625214999999,322.003806,2.861761999999999,-68.38438499999995,22.01770399999998
-162.62796166666666,840.564103,273.08398566666665,-321.12311,553.1942765,154.1001825,-133.647781,611.447759,321.71903699999996,2.9249480000000005,-68.44629800000007,21.85242599999998
-162.62261866666665,840.466697,273.05357666666663,-321.07368099999997,553.204786,153.6879285,-133.6216835,611.216709,321.4248885,2.988155000000006,-68.51072199999999,21.67883900000004
-162.61830533333332,840.3650053333334,273.0219583333333,-321.023845,553.2158625,153.260718,-133.595616,610.9685235,321.12136,3.0512180000000058,-68.57764499999996,21.496703999999966
-162.61505499999998,840.2590253333333,272.98913366666665,-320.9735695,553.2275725,152.8184525,-133.569517,610.7023315,320.8084675,3.113966000000005,-68.64704699999993,21.305792999999994
-162.612902,840.1487536666667,272.95510299999995,-320.92281749999995,553.2399755,152.36105,-133.5433245,610.417244,320.4862465,3.1762190000000032,-68.71889399999998,21.105886999999996
-162.61188,840.0341870000001,272.919871,-320.8715495,553.2531225,151.888449,-133.5169755,610.112356,320.15475100000003,3.2377930000000106,-68.79314199999999,20.896781999999973
-162.612022,839.915322,272.8834406666667,-320.8197225,553.2670575,151.400608,-133.4904055,609.7867515,319.8140535,3.2984969999999976,-68.86973699999999,20.678293000000053
-162.61336233333336,839.7921536666666,272.8458166666666,-320.76728949999995,553.2818159999999,150.8975095,-133.463553,609.4395059999999,319.4642465,3.3581319999999835,-68.94861200000003,20.450248999999985
-162.61593466666667,839.664678,272.80700466666667,-320.7142,553.2974234999999,150.37915650000002,-133.4363565,609.0696915,319.1054435,3.416499000000016,-69.02969099999996,20.21250100000003
-162.61977066666668,839.5328893333334,272.76701099999997,-320.66040250000003,553.313895,149.8455785,-133.408757,608.676379,318.737776,3.473386000000005,-69.1128819999999,19.964920000000006
-162.62490366666665,839.3967816666667,272.725844,-320.6058405,553.331238,149.296832,-133.380698,608.258644,318.3613945,3.528583999999995,-69.1980860000001,19.70739900000001
-162.63136466666666,839.2563473333333,272.68351233333334,-320.5504545,553.3494479999999,148.7329975,-133.3521275,607.8155715,317.9764705,3.5818749999999966,-69.28519100000005,19.439854999999966
-162.639185,839.1115786666668,272.64002666666664,-320.494184,553.368509,148.15418499999998,-133.322997,607.346258,317.583193,3.6330400000000225,-69.37407199999996,19.162226000000032
-162.6483946666667,838.962466,272.5953976666667,-320.4369655,553.3883965,147.56053300000002,-133.29326500000002,606.8498175,317.1817695,3.6818600000000004,-69.46459500000003,18.874477000000013
-162.65902333333335,838.8089996666668,272.549639,-320.378732,553.409073,146.952207,-133.26289450000002,606.3253865,316.7724235,3.728112999999979,-69.55661499999997,18.576594999999998
-162.67109766666667,838.6511683333333,272.5027656666666,-320.319417,553.4304905,146.3294045,-133.231857,605.7721255,316.355396,3.771578000000005,-69.64997900000003,18.268592000000012
-162.68464533333335,838.4889596666667,272.45479233333333,-320.25895149999997,553.4525900000001,145.692349,-133.200132,605.189226,315.93094099999996,3.812038000000001,-69.74452200000007,17.95050199999997
-162.69969166666667,838.3223613333333,272.40573766666665,-320.197264,553.4753025,145.041298,-133.167706,604.5759135000001,315.4993275,3.849277999999998,-69.84007299999996,17.622383000000013
-162.71626066666667,838.1513593333333,272.3556193333333,-320.134283,553.4985465,144.376536,-133.13457649999998,603.9314489999999,315.0608375,3.8830890000000124,-69.93645200000003,17.284311000000002
-162.73437433333334,837.9759393333334,272.304458,-320.069936,553.5222305,143.6983755,-133.1007505,603.255135,314.61575949999997,3.913269000000014,-70.03347200000007,16.93638500000003
-162.754053,837.796086,272.25227533333333,-320.00415,553.546253,143.00716,-133.06624399999998,602.546318,314.1643945,3.939624000000009,-70.130942,16.578720999999973
-162.77531533333334,837.6117846666666,272.19909333333334,-319.9368505,553.5705025,142.30326050000002,-133.0310845,601.80439,313.7070485,3.9619710000000055,-70.22866399999998,16.21145100000001
-162.798178,837.423021,272.14493699999997,-319.86796549999997,553.5948575,141.5870745,-132.9953085,601.0287920000001,313.24403199999995,3.9801390000000083,-70.32643599999994,15.834722
-162.82265566666666,837.2297783333333,272.08983066666667,-319.79741950000005,553.6191875,140.859027,-132.958965,600.2190155000001,312.775658,3.9939699999999903,-70.42405300000007,15.448691999999994
-162.84876033333333,837.032043,272.033801,-319.7251395,553.643354,140.119566,-132.9221115,599.3746055,312.302239,4.003325000000018,-70.52131099999997,15.053530000000023
-162.87650233333332,836.8298006666668,271.976875,-319.65105300000005,553.66721,139.369165,-132.8848165,598.4951605,311.82408699999996,4.008075000000019,-70.61799700000006,14.649414000000036
-162.90588966666667,836.623037,271.9190806666667,-319.575086,553.690601,138.6083175,-132.84715549999999,597.5803324999999,311.34150750000003,4.008115000000004,-70.71390299999996,14.236526999999967
-162.93692733333333,836.411741,271.8604476666667,-319.497166,553.713366,137.837539,-132.809216,596.6298294999999,310.8547985,4.0033579999999915,-70.80881699999998,13.815054999999973
-162.96961833333333,836.1959006666666,271.801005,-319.4172215,553.7353395,137.05736050000002,-132.77109000000002,595.6434155,310.3642495,3.9937339999999892,-70.90253300000006,13.38518700000003
-163.00396366666666,835.975507,271.7407826666667,-319.3351815,553.7563475,136.2683325,-132.732879,594.620909,309.8701365,3.9791979999999967,-70.99484000000007,12.947108999999955
-163.03996066666664,835.7505526666667,271.679812,-319.25097400000004,553.776216,135.47101650000002,-132.694687,593.562182,309.37272099999996,3.9597240000000227,-71.08553200000006,12.501008000000013
-163.07760566666667,835.5210323333334,271.61812333333336,-319.164528,553.794763,134.665986,-132.65662550000002,592.4671635,308.872246,3.9353089999999895,-71.17440299999998,12.04706600000003
-163.11689133333334,835.2869426666666,271.55574866666666,-319.07577449999997,553.811807,133.853825,-132.618807,591.3358324999999,308.3689355,3.9059699999999964,-71.26125100000002,11.58546100000001
-163.15780766666666,835.048284,271.492719,-318.984642,553.827163,133.035122,-132.5813475,590.1682209999999,307.86298999999997,3.871746999999999,-71.34587599999998,11.116364000000033
-163.20034366666667,834.8050586666667,271.42906566666665,-318.8910605,553.8406465,132.2104705,-132.5443615,588.96441,307.35458600000004,3.832698999999991,-71.42808200000002,10.639935999999977
-163.24448533333333,834.557272,271.3648206666667,-318.7949585,553.852071,131.38046450000002,-132.5079645,587.7245285,306.8438715,3.788907000000023,-71.50767500000006,10.156337000000008
-163.29021533333332,834.304933,271.30001466666664,-318.6962655,553.8612525,130.54569700000002,-132.47226799999999,586.448753,306.330966,3.7404699999999877,-71.58446600000002,9.66571399999998
-163.3375153333333,834.048054,271.23467933333336,-318.59490800000003,553.8680075,129.70675649999998,-132.43738100000002,585.1373025,305.815957,3.6875040000000183,-71.65826700000002,9.168204000000003
-163.38636499999998,833.7866513333333,271.168845,-318.4908135,553.872155,128.86422449999998,-132.40340700000002,583.7904375,305.298899,3.6301420000000064,-71.72889700000007,8.66393800000003
-163.43674,833.5207443333334,271.1025416666667,-318.38390649999997,553.87352,128.01867249999998,-132.370443,582.40846,304.7798125,3.5685300000000097,-71.79617800000005,8.15304100000003
-163.48861633333334,833.2503563333333,271.03579966666666,-318.274111,553.871928,127.1706605,-132.33857949999998,580.991706,304.25868,3.5028269999999964,-71.85993600000006,7.63562399999995
-163.541967,832.9755156666666,270.9686473333333,-318.161348,553.867213,126.32073299999999,-132.307898,579.540548,303.735448,3.4332019999999943,-71.92000199999995,7.111797999999965
-163.59676333333334,832.6962540000001,270.9011146666667,-318.04553699999997,553.859213,125.46941849999999,-132.27847150000002,578.0553904999999,303.210023,3.359833000000009,-71.97621100000003,6.581661999999994
-163.65297533333333,832.4126070000001,270.8332286666667,-317.926594,553.847774,124.617224,-132.2503625,576.536666,302.6822735,3.2828989999999862,-72.02840200000003,6.045312999999965
-163.71057066666665,832.124614,270.76501666666667,-317.804433,553.8327495,123.76463749999999,-132.223623,574.9848345,302.152028,3.2025879999999916,-72.07642099999998,5.502842000000044
-163.769517,831.8323206666668,270.69650566666667,-317.6789655,553.814001,122.912121,-132.1982955,573.4003815,301.6190745,3.119082999999989,-72.12011899999993,4.9543390000000045
-163.82977966666667,831.5357733333334,270.62772133333334,-317.550097,553.791399,122.060113,-132.17440900000003,571.783813,301.08316149999996,3.0325660000000028,-72.15935200000001,4.399890999999968
-163.89132333333336,831.2350256666667,270.5586896666667,-317.417734,553.764824,121.2090235,-132.1519825,570.135655,300.54399650000005,2.9432130000000143,-72.19398000000001,3.8395869999999945
-163.954112,830.9301340000001,270.48943433333335,-317.281776,553.7341665,120.35923450000001,-132.13102450000002,568.456451,300.00124900000003,2.851192999999995,-72.22387200000003,3.273518000000024
-164.01810833333334,830.6211579999999,270.4199793333333,-317.14212,553.6993279999999,119.5110985,-132.111531,566.746759,299.454549,2.7566640000000007,-72.24890400000004,2.7017740000000003
-164.08327466666665,830.3081619999999,270.35034866666666,-316.99866,553.6602225,118.66493650000001,-132.09348749999998,565.0071485,298.90349100000003,2.6597690000000114,-72.26895300000001,2.1244559999999524
-164.14957233333334,829.9912143333335,270.2805646666667,-316.8512865,553.616773,117.82103950000001,-132.07687049999998,563.2382024999999,298.34763050000004,2.560639000000009,-72.28390900000011,1.541667000000018
-164.21696366666666,829.6703860000001,270.21064866666666,-316.699885,553.568917,116.979665,-132.061646,561.4405085000001,297.78649,2.45938000000001,-72.29366500000003,0.9535220000000209
-164.285409,829.3457520000001,270.140623,-316.5443405,553.516603,116.1410385,-132.0477715,559.6146625,297.2195585,2.3560850000000073,-72.29812300000003,0.36014299999999366
-164.35487033333334,829.0173906666665,270.0705083333333,-316.3845325,553.4597925,115.3053535,-132.03519599999998,557.761265,296.6462945,2.2508200000000045,-72.297192,-0.23833300000001145
-164.42530733333334,828.6853823333335,270.0003246666667,-316.2203385,553.398461,114.47277199999999,-132.0238605,555.8809195,296.0661275,2.1436290000000042,-72.2907889999999,-0.8417590000000246
-164.496683,828.3498113333334,269.93009266666667,-316.0516345,553.3325935,113.64342149999999,-132.01370200000002,553.9742305,295.47846,2.0345279999999946,-72.27883699999995,-1.4499720000000025
-164.56895733333332,828.0107633333333,269.8598313333334,-315.878293,553.2621905,112.817401,-132.00465050000003,552.0418,294.8826705,1.9235089999999957,-72.26126999999997,-2.062792999999999
-164.64209333333335,827.6683266666665,269.7895603333333,-315.70018500000003,553.187264,111.994778,-131.99663149999998,550.084232,294.278115,1.8105349999999873,-72.23802599999999,-2.680027999999993
-164.71605233333332,827.322592,269.7192983333333,-315.51718,553.107838,111.1755905,-131.9895675,548.1021254999999,293.664133,1.6955409999999915,-72.20905299999998,-3.30146400000001
-164.79079633333333,826.9736503333334,269.6490636666667,-315.32914800000003,553.023947,110.3598495,-131.98337800000002,546.0960749999999,293.040045,1.5784339999999872,-72.174308,-3.926868000000013
-164.8662896666667,826.621595,269.578875,-315.135957,552.9356405000001,109.547538,-131.9779815,544.066672,292.405161,1.4590910000000008,-72.13375200000002,-4.555992000000003
-164.94249533333334,826.2665193333332,269.5087506666667,-314.937475,552.8429745000001,108.738614,-131.9732955,542.0145,291.7587785,1.3373630000000105,-72.087356,-5.18856500000004
-165.01937733333332,825.9085166666667,269.4387086666667,-314.7335715,552.746018,107.933013,-131.9692365,539.940137,291.1001875,1.2130730000000085,-72.03509999999994,-5.824298999999996
-165.0969,825.547682,269.36876666666666,-314.524116,552.6448475,107.13065,-131.96572350000002,537.8441545000001,290.428675,1.0860189999999932,-71.97696499999995,-6.462888000000021
-165.175028,825.1841076666666,269.298943,-314.308981,552.5395505,106.331418,-131.9626735,535.7271145,289.743525,0.9559749999999951,-71.91294499999998,-7.10400599999997
-165.253727,824.8178859999999,269.229255,-314.088039,552.4302185,105.53519549999999,-131.96000800000002,533.5895734999999,289.044021,0.8226919999999893,-71.84303499999999,-7.74730999999997
-165.332963,824.449109,269.1597216666667,-313.861167,552.316952,104.741845,-131.957648,531.4320785,288.3294535,0.6859019999999987,-71.76724100000001,-8.392442999999957
-165.41270166666666,824.0778653333333,269.09036033333336,-313.628244,552.1998565,103.951216,-131.955519,529.2551679999999,287.59911550000004,0.5453219999999988,-71.68556799999999,-9.039030999999966
-165.49290933333333,823.7042413333334,269.0211893333333,-313.389152,552.0790405,103.16315,-131.95354700000001,527.059373,286.8523115,0.400652000000008,-71.59803,-9.686690999999996
-165.57355200000003,823.3283216666667,268.952227,-313.143778,551.954617,102.3774785,-131.9516605,524.8452165,286.08835450000004,0.2515809999999874,-71.50464499999998,-10.335027000000025
-165.654596,822.950187,268.883492,-312.89201249999996,551.8267000000001,101.59402850000001,-131.9497895,522.613213,285.30657399999996,0.09779499999999075,-71.40542999999997,-10.983633999999995
-165.73600866666666,822.5699143333335,268.815003,-312.6337495,551.6954035,100.8126255,-131.947867,520.3638695,284.50631150000004,-0.06102800000002162,-71.30040900000006,-11.632104999999967
-165.817755,822.1875773333333,268.746779,-312.36888999999996,551.56084,100.033093,-131.9458265,518.0976855,283.686929,-0.22520699999998328,-71.18960500000003,-12.280028000000016
-165.89980066666666,821.8032433333333,268.67884,-312.0973385,551.4231219999999,99.255258,-131.943604,515.815154,282.847805,-0.39505600000001095,-71.07304399999998,-12.926994000000036
-165.98211133333334,821.4169766666668,268.611204,-311.819006,551.282357,98.4789505,-131.941136,513.5167624999999,281.988342,-0.5708839999999782,-70.95074899999997,-13.572595999999976
-166.064651,821.0288356666666,268.54389266666664,-311.533808,551.138647,97.70400900000001,-131.938359,511.20299050000006,281.1079635,-0.7529820000000029,-70.822745,-14.216432999999995
-166.14738433333332,820.6388723333333,268.476926,-311.2416675,550.992089,96.930279,-131.935209,508.87431300000003,280.206117,-0.9416300000000035,-70.689056,-14.858119999999985
-166.23027366666668,820.2471326666667,268.410324,-310.9425105,550.8427715,96.15761950000001,-131.931624,506.5312015,279.282277,-1.1370820000000208,-70.54969900000003,-15.497277999999994
-166.31328133333332,819.8536566666667,268.34410899999995,-310.636272,550.6907765000001,95.3858985,-131.92753900000002,504.1741235,278.335944,-1.339572000000004,-70.40469500000006,-16.13355200000001
-166.396368,819.4584776666666,268.27830066666667,-310.322891,550.5361735,94.615002,-131.922888,501.8035425,277.3666475,-1.5493020000000115,-70.254055,-16.766603000000032
-166.47949299999996,819.061622,268.21292266666666,-310.0023135,550.379025,93.844831,-131.91760499999998,499.41991999999993,276.373946,-1.766446000000002,-70.09778999999997,-17.396118
-166.562616,818.6631086666666,268.14799700000003,-309.67449150000004,550.219378,93.0753035,-131.91162050000003,497.0237175,275.35742949999997,-1.991139000000004,-69.935901,-18.021807000000024
-166.6456936666667,818.2629486666668,268.08354533333335,-309.339383,550.0572705,92.30635649999999,-131.904864,494.61539400000004,274.316719,-2.22348199999999,-69.76839000000001,-18.643412000000012
-166.72868133333336,817.8611463333333,268.01959166666666,-308.9969515,549.8927255,91.537947,-131.897262,492.1954115,273.25146900000004,-2.46353400000001,-69.59524699999997,-19.260703999999976
-166.81153433333333,817.457698,267.956159,-308.64716599999997,549.7257529999999,90.77005249999999,-131.88873949999999,489.764232,272.1613675,-2.71131299999999,-69.41645799999998,-19.87348700000001
-166.89420466666664,817.0525916666666,267.89327199999997,-308.2900025,549.556347,90.00267099999999,-131.879218,487.322321,271.0461365,-2.966791999999998,-69.23200399999996,-20.481601000000012
-166.976644,816.6458086666667,267.8309533333333,-307.92544050000004,549.3844885000001,89.235822,-131.868617,484.870147,269.905535,-3.2299019999999814,-69.041856,-21.08492000000001
-167.05880200000001,816.2373213333334,267.769228,-307.5534665,549.2101425,88.469547,-131.8568545,482.4081855,268.7393575,-3.500524999999982,-68.84598100000005,-21.68335300000001
-167.14062800000002,815.8270946666667,267.70812,-307.17407000000003,549.0332575,87.7039085,-131.843844,479.93691650000005,267.547437,-3.778500000000008,-68.644339,-22.276845999999978
-167.222068,815.415086,267.647654,-306.78724750000003,548.853768,86.9389905,-131.829499,477.456827,266.32964400000003,-4.0636180000000195,-68.43688200000003,-22.865384000000006
-167.3030676666667,815.0012443333334,267.58785399999994,-306.39299800000003,548.6715915,86.174898,-131.81372950000002,474.968413,265.0858885,-4.355630999999988,-68.22356000000002,-23.448983
-167.383571,814.5855126666667,267.52874433333335,-305.9913245,548.486629,85.4117545,-131.796445,472.47218050000004,263.816119,-4.654240000000016,-68.00431299999997,-24.027694000000025
-167.46352100000001,814.1678253333333,267.470349,-305.58223499999997,548.2987665,84.6497045,-131.7775515,469.9686445,262.5203255,-4.959113000000002,-67.77908300000001,-24.601602999999983
-167.54285833333333,813.7481096666667,267.41269166666666,-305.16573900000003,548.107875,83.888908,-131.7569555,467.4583325,261.198539,-5.269873000000018,-67.54780299999999,-25.17082400000001
-167.62152366666666,813.326287,267.355795,-304.7418495,547.9138089999999,83.1295455,-131.73456099999999,464.941784,259.8508295,-5.586109999999991,-67.310406,-25.735498999999976
-167.69945533333333,812.9022716666667,267.299682,-304.310583,547.716408,82.3718105,-131.7102715,462.419552,258.4773125,-5.907378999999992,-67.066824,-26.29579499999997
-167.77659033333333,812.4759723333333,267.244373,-303.8719555,547.515497,81.6159115,-131.6839895,459.8922025,257.078141,-6.233206999999993,-66.81698900000004,-26.851902000000024
-167.8528656666667,812.0472906666668,267.18988866666666,-303.42598599999997,547.310888,80.86206949999999,-131.6556165,457.360316,255.653512,-6.563095000000004,-66.560834,-27.404025999999988
-167.92821633333335,811.616125,267.13624799999997,-302.972695,547.1023769999999,80.1105175,-131.625053,454.824488,254.2036655,-6.8965220000000045,-66.298296,-27.95238900000001
-168.002576,811.1823673333333,267.083469,-302.5121025,546.8897495,79.3614975,-131.5921995,452.2853295,252.7288805,-7.232949000000005,-66.029315,-28.49722299999999
-168.07587833333332,810.7459063333334,267.031567,-302.044229,546.672777,78.6152595,-131.55695550000002,449.743465,251.22947849999997,-7.571827000000013,-65.75383799999997,-29.03876699999998
-168.14805533333333,810.3066253333333,266.980555,-301.569096,546.451221,77.8720605,-131.5192195,447.1995365,249.7058225,-7.912596999999991,-65.47182100000003,-29.577259000000026
-168.21903766666665,809.8644063333332,266.9304466666667,-301.086725,546.224832,77.132162,-131.47888899999998,444.654198,248.15831450000002,-8.254695999999996,-65.18322599999999,-30.11293900000001
-168.28875566666667,809.4191276666667,266.88124999999997,-300.59713550000004,545.9933530000001,76.39582899999999,-131.435862,442.10812,246.587396,-8.597566,-64.88803000000001,-30.646038000000004
-168.35713966666665,808.9706666666667,266.83297266666665,-300.100348,545.7565165,75.66332750000001,-131.39003399999999,439.5619855,244.99354699999998,-8.94064999999999,-64.58621900000003,-31.17677999999998
-168.424117,808.5188973333334,266.78561766666667,-299.5963825,545.5140495,74.934926,-131.3413,437.01649150000003,243.37728499999997,-9.283404000000004,-64.27779700000002,-31.705367999999993
-168.48961599999998,808.063696,266.7391866666667,-299.0852595,545.2656745,74.21088950000001,-131.2895535,434.47234649999996,241.73916250000002,-9.625298999999998,-63.96277900000001,-32.23199500000001
-168.55356400000002,807.604937,266.693677,-298.56699849999995,545.011109,73.491482,-131.234687,431.9302695,240.0797665,-9.965824000000012,-63.64119900000003,-32.756827000000015
-168.615887,807.1424969999999,266.6490836666666,-298.04161999999997,544.7500695,72.77696499999999,-131.176591,429.39098950000005,238.3997185,-10.304490000000001,-63.313109,-33.28000900000001
-168.676511,806.6762523333333,266.605397,-297.509147,544.482272,72.0675945,-131.11515350000002,426.8552455,236.69966849999997,-10.64083500000001,-62.978579000000025,-33.801659
-168.735362,806.2060836666666,266.56260533333335,-296.96960249999995,544.2074345,71.3636205,-131.050262,424.323781,234.980297,-10.974422000000004,-62.637696000000005,-34.32186200000001
-168.792365,805.7318746666666,266.52069133333333,-296.4230145,543.9252779999999,70.665288,-130.98180150000002,421.797346,233.24231250000003,-11.304851000000014,-62.29057399999999,-34.840677
-168.847444,805.2535123333333,266.479635,-295.8694135,543.6355305,69.972835,-130.909655,419.276694,231.486448,-11.631747999999988,-61.937340000000006,-35.358127999999994
-168.90052433333332,804.7708886666666,266.43941266666667,-295.30883500000004,543.3379279999999,69.28649250000001,-130.8337035,416.7625795,229.7134585,-11.954780999999997,-61.578145000000006,-35.87420500000002
-168.95153033333335,804.2839006666667,266.399997,-294.7413215,543.0322175,68.6064815,-130.7538265,414.2557575,227.924122,-12.273648999999992,-61.21315900000002,-36.388868
-169.00038700000002,803.7924533333334,266.3613566666666,-294.166923,542.718159,67.933017,-130.66990149999998,411.7569805,226.1192345,-12.588088999999997,-60.842573000000016,-36.902039
-169.04701866666667,803.2964559999999,266.3234556666667,-293.58569750000004,542.3955265,67.2663025,-130.581804,409.2669975,224.299608,-12.897874000000002,-60.46659699999998,-37.413612
-169.09135233333336,802.795829,266.2862563333333,-292.997714,542.064114,66.6065355,-130.489408,406.78655000000003,222.466068,-13.202817999999994,-60.085459999999955,-37.92344399999999
-169.13331266666668,802.2904976666667,266.2497166666667,-292.4030535,541.7237339999999,65.953902,-130.392587,404.31637350000005,220.61945500000002,-13.502765999999994,-59.699409,-38.431364
-169.17282699999998,801.7803986666667,266.21379133333335,-291.8018085,541.3742215,65.308579,-130.291214,401.857192,218.760616,-13.797601999999983,-59.30870600000003,-38.937171999999975
-169.209824,801.265477,266.17843266666665,-291.194085,541.0154355,64.670733,-130.18516,399.409718,216.89040699999998,-14.087243999999998,-58.91363000000001,-39.44064
-169.24423299999998,800.7456896666666,266.14358933333335,-290.58000549999997,540.6472610000001,64.04052250000001,-130.0742975,396.9746505,215.00968999999998,-14.371643000000006,-58.51447299999995,-39.94151600000001
-169.275984,800.2210016666667,266.1092083333333,-289.9597065,540.2696100000001,63.4180925,-129.958498,394.55267349999997,213.11933,-14.650779999999997,-58.11153900000005,-40.439526
-169.30501133333334,799.6913913333333,266.0752336666667,-289.33333949999997,539.8824215,62.803580999999994,-129.837635,392.1444505,211.2201935,-14.924668000000011,-57.70514300000002,-40.93437499999999
-169.331248,799.1568473333333,266.04160900000005,-288.701072,539.4856655,62.197111500000005,-129.711582,389.7506305,209.3131475,-15.193346000000005,-57.29560700000002,-41.425753000000014
-169.35463133333334,798.6173706666667,266.008274,-288.0630845,539.079338,61.598797499999996,-129.5802145,387.371839,207.39905599999997,-15.456878999999986,-56.883264,-41.913332
-169.37510066666667,798.0729743333333,265.9751693333333,-287.41957349999996,538.663463,61.0087395,-129.4434105,385.00868049999997,205.4787805,-15.715358999999992,-56.46844500000003,-42.396776999999986
-169.392598,797.523683,265.94223366666665,-286.7707445,538.238094,60.4270255,-129.30105,382.66173649999996,203.5531775,-15.968891999999997,-56.051491,-42.875741000000005
-169.40706833333334,796.9695346666666,265.90940566666666,-286.116815,537.8033055000001,59.853728000000004,-129.1530155,380.3315655,201.6230965,-16.21761099999999,-55.632739000000015,-43.349873
-169.41845933333335,796.4105793333333,265.87662300000005,-285.4580075,537.359198,59.288906,-128.999194,378.018698,199.68938100000003,-16.46166200000002,-55.21252999999996,-43.818816
-169.42672166666668,795.8468796666666,265.8438246666667,-284.7945475,536.905889,58.7325985,-128.8394735,375.723642,197.75286499999999,-16.701209000000006,-54.79119800000001,-44.28221599999998
-169.43181066666668,795.2785113333333,265.810949,-284.1266615,536.443512,58.18483,-128.673748,373.44687650000003,195.8143735,-16.936428000000006,-54.369077000000004,-44.73971500000002
-169.4336833333333,794.70556,265.777935,-283.454569,535.9722115,57.6456035,-128.5019145,371.18885650000004,193.87472200000002,-17.167507,-53.946492999999975,-45.190961999999985
-169.43230300000002,794.128126,265.7447236666667,-282.778481,535.492139,57.114902,-128.323874,368.95000749999997,191.93471449999998,-17.394642000000005,-53.523766999999964,-45.63561100000001
-169.42763399999998,793.54632,265.7112563333333,-282.098593,535.0034455,56.592685,-128.139531,366.730729,189.99514449999998,-17.618042000000003,-53.10121000000004,-46.07332099999999
-169.41964600000003,792.960265,265.67747699999995,-281.41508,534.506279,56.078888,-127.94879549999999,364.531393,188.0567935,-17.837914999999995,-52.679126,-46.50376499999999
-169.40831333333333,792.3700939999999,265.643331,-280.7280915,534.0007774999999,55.5734215,-127.75158099999999,362.35234549999996,186.12043,-18.054479999999998,-52.25780500000002,-46.926620000000014
-169.39361266666666,791.7759526666665,265.608765,-280.0377465,533.4870605,55.076169,-127.547805,360.193905,184.186812,-18.267955999999998,-51.83753199999995,-47.34158000000002
-169.37552566666668,791.1779943333332,265.57372933333335,-279.34412899999995,532.9652295,54.58698699999999,-127.33739,358.05636400000003,182.256682,-18.478566,-51.41857199999998,-47.74834799999999
-169.354038,790.576385,265.53817499999997,-278.647282,532.4353595,54.105703500000004,-127.120262,355.93998799999997,180.3307715,-18.686533999999995,-51.00118400000002,-48.14664299999998
-169.3291383333333,789.9712973333334,265.50205666666665,-277.9472075,531.8974945,53.632117,-126.896352,353.84501950000003,178.4097975,-18.892079999999993,-50.58561300000002,-48.53619900000001
-169.30082099999998,789.3629146666666,265.4653326666667,-277.2438615,531.3516485,53.166000999999994,-126.6655945,351.7716735,176.4944635,-19.095427000000015,-50.172086999999976,-48.916765
-169.269083,788.7514286666668,265.42796233333337,-276.537155,530.7977975,52.707100000000004,-126.42793,349.72014149999995,174.5854595,-19.296791999999996,-49.76082500000001,-49.288107
-169.23392533333333,788.1370366666666,265.3899083333333,-275.8269545,530.2358859999999,52.25513600000001,-126.183303,347.69059,172.68346,-19.496392,-49.35203000000001,-49.65000600000002
-169.19535233333332,787.5199453333335,265.35113800000005,-275.1130845,529.6658235,51.8098075,-125.93166250000002,345.68316100000004,170.78912400000002,-19.694437000000008,-48.945892000000015,-50.002264
-169.153373,786.9003663333333,265.31162033333334,-274.395329,529.0874914999999,51.370795,-125.672964,343.6979735,168.903096,-19.891133999999994,-48.54258900000002,-50.344696
-169.10799933333337,786.2785183333334,265.271328,-273.673445,528.5007465,50.937766,-125.40716900000001,341.7351225,167.026004,-20.086684000000005,-48.142285000000015,-50.677138000000014
-169.05924633333333,785.6546243333332,265.23023766666665,-272.947164,527.9054289999999,50.5103785,-125.13424499999999,339.79467950000003,165.158458,-20.281284000000014,-47.74513099999996,-50.99944399999998
-169.00713266666668,785.0289146666668,265.188329,-272.2162065,527.3013735,50.088289,-124.85416850000001,337.876689,163.301051,-20.47512300000001,-47.35126600000001,-51.311486
-168.95168033333334,784.4016213333334,265.145584,-271.480296,526.6884190000001,49.671159,-124.566923,335.9811755,161.45435700000002,-20.668387999999993,-46.960819000000015,-51.61315399999998
-168.892914,783.7729806666666,265.101991,-270.73917,526.0664245,49.258662,-124.272504,334.108135,159.6189295,-20.86125600000001,-46.57390399999997,-51.904359
-168.830861,783.1432336666667,265.05754,-269.9926005,525.4352865,48.8504945,-123.97091700000001,332.25754099999995,157.795302,-21.053902000000008,-46.19063,-52.18503000000001
-168.76555233333332,782.5126223333333,265.01222466666667,-269.24041,524.7949515,48.4463825,-123.66218,330.42934,155.98398500000002,-21.246494,-45.811087999999984,-52.45511400000001
-168.69702100000003,781.8813926666667,264.9660436666667,-268.48249050000004,524.14544,48.0460915,-123.3463255,328.62345400000004,154.1854675,-21.439196999999993,-45.43536799999998,-52.714579
-168.625302,781.2497906666667,264.91899800000004,-267.7188235,523.4868615,47.64943649999999,-123.0234035,326.83977649999997,152.4002125,-21.63216899999999,-45.06354500000003,-52.96341100000001
-168.55043366666666,780.6180653333334,264.87109333333336,-266.9494995,522.819436,47.25629,-122.6934805,325.078175,150.628658,-21.825567000000007,-44.69568800000002,-53.20161999999999
-168.472457,779.9864656666667,264.822339,-266.174735,522.1435120000001,46.866591500000006,-122.35664450000002,323.33849,148.8712145,-22.019545000000008,-44.33185599999996,-53.42923099999999
-168.39141233333336,779.3552410000001,264.77274933333337,-265.3948905,521.459582,46.480354000000005,-122.013004,321.62053549999996,147.1282675,-22.214251999999988,-43.972103000000004,-53.646293
-168.3073453333333,778.7246406666667,264.7223403333333,-264.610484,520.7682995,46.097671,-121.662693,319.92409599999996,145.4001715,-22.409836000000013,-43.61647599999998,-53.852875
-168.22030166666664,778.0949133333334,264.67113333333333,-263.822203,520.0704885,45.7187195,-121.305871,318.24892950000003,143.687253,-22.606443999999996,-43.265011000000015,-54.04906799999999
-168.13032933333332,777.466307,264.6191533333333,-263.030912,519.367154,45.343767,-120.94272649999999,316.594768,141.9898065,-22.80421899999999,-42.917741999999976,-54.234982999999986
-168.03747766666666,776.8390679999999,264.56642933333336,-262.237655,518.6594845,44.973167,-120.5734775,314.961317,140.3080985,-23.003304999999997,-42.57469400000002,-54.41075699999999
-167.94179733333334,776.2134403333333,264.5129933333333,-261.443651,517.948849,44.60736,-120.1983735,313.34825550000005,138.6423625,-23.20384100000001,-42.235884999999996,-54.576544999999996
-167.84334133333334,775.589666,264.45888199999996,-260.6502905,517.236792,44.2468685,-119.8176965,311.75523999999996,136.992801,-23.405969,-41.90132999999997,-54.73252799999999
-167.74216266666664,774.9679836666668,264.404135,-259.85911550000003,516.5250189999999,43.892289999999996,-119.43176449999999,310.1819045,135.35958649999998,-23.60982299999999,-41.571034999999995,-54.87890899999999
-167.63831666666667,774.3486293333334,264.34879566666666,-259.071804,515.8153765,43.5442865,-119.04093,308.6278615,133.7428595,-23.81554,-41.24499900000001,-55.01591500000001
-167.53185900000003,773.7318346666667,264.2929106666666,-258.290138,515.109825,43.20357,-118.6455815,307.09270749999996,132.1427305,-24.023246999999998,-40.923216999999966,-55.14379500000001
-167.4228456666667,773.1178273333334,264.23653,-257.515977,514.41041,42.870891,-118.24614299999999,305.5760215,130.559281,-24.233069999999984,-40.60567499999996,-55.262822000000014
-167.31133566666668,772.5068299999999,264.17970733333334,-256.751214,513.7192210000001,42.5470155,-117.843076,304.07737050000003,128.9925625,-24.445127999999997,-40.292354999999986,-55.373290999999995
-167.197386,771.8990603333333,264.12249833333334,-255.9977375,513.038352,42.232710499999996,-117.43687399999999,302.59631249999995,127.4426005,-24.659532,-39.983228999999994,-55.475519000000006
-167.08105633333335,771.2947306666666,264.064962,-255.257387,512.3698535,41.9287205,-117.028068,301.1323995,125.9093935,-24.876382000000007,-39.678263000000015,-55.56984499999999
-166.962407,770.6940466666666,264.0071593333334,-254.531902,511.71568750000006,41.635746000000005,-116.61722,299.6851805,124.392916,-25.09577200000001,-39.37741700000004,-55.656623999999994
-166.841497,770.0972076666667,263.949155,-253.822881,511.07768,41.3544235,-116.204921,298.2542055,122.8931195,-25.317778000000004,-39.08064300000001,-55.736233
-166.71838666666667,769.5044073333333,263.89101466666665,-253.131733,510.4574735,41.0853045,-115.79179150000002,296.839032,121.4099365,-25.542465000000007,-38.787886000000015,-55.80906300000001
-166.59313799999998,768.9158309999999,263.832805,-252.4596405,509.856486,40.828838,-115.378477,295.43922399999997,119.94327949999999,-25.769881999999996,-38.49908399999998,-55.87551699999999
-166.46581033333334,768.3316563333334,263.774596,-251.807526,509.2758735,40.5853555,-114.9656415,294.054361,118.49304649999999,-26.000059000000007,-38.21416800000003,-55.93601099999999
-166.33646666666667,767.7520536666667,263.7164583333333,-251.1760225,508.716503,40.355059,-114.55397049999999,292.68403850000004,117.059121,-26.233008999999996,-37.93306100000001,-55.99096800000001
-166.20516766666668,767.177186,263.6584626666667,-250.56546050000003,508.1789315,40.138012,-114.1441605,291.3278745,115.6413765,-26.468722999999997,-37.65568300000001,-56.04081500000001
-166.07197399999998,766.6072063333335,263.60068133333334,-249.9758635,507.66339800000003,39.934139,-113.73691600000001,289.98551,114.2396765,-26.707172,-37.38194600000003,-56.085981000000004
-165.936949,766.0422603333333,263.5431863333333,-249.40695,507.1698245,39.7432285,-113.3329485,288.656616,112.853882,-26.94830300000001,-37.111756000000014,-56.12689
-165.80015233333333,765.482484,263.48605066666664,-248.8581515,506.6978275,39.5649365,-112.93296699999999,287.3408935,111.483847,-27.192043999999996,-36.845016999999984,-56.16396200000001
-165.66164700000002,764.9280060000001,263.429346,-248.32863899999998,506.246742,39.398801999999996,-112.537676,286.03807900000004,110.1294265,-27.438294,-36.58162599999997,-56.197604999999996
-165.521494,764.378944,263.37314433333336,-247.817354,505.81565049999995,39.244257000000005,-112.14776950000001,284.74794499999996,108.79047800000001,-27.68693499999999,-36.32147800000001,-56.228212
-165.37975566666668,763.8354083333334,263.3175156666667,-247.32305050000002,505.40342050000004,39.1006475,-111.763926,283.4703035,107.4668605,-27.937820000000002,-36.064467000000036,-56.256157000000016
-165.23649333333333,763.2974996666667,263.26253033333336,-246.8443385,505.008745,38.9672505,-111.38680500000001,282.205006,106.15844100000001,-28.190783999999994,-35.81048400000003,-56.281796
-165.09176866666667,762.7653093333333,263.2082556666667,-246.379731,504.63018750000003,38.843296499999994,-111.0170405,280.951947,104.865093,-28.445639,-35.55941999999999,-56.305454
-164.94564333333335,762.2389203333332,263.1547586666667,-245.9276875,504.26622799999996,38.727987,-110.6552395,279.711061,103.58669900000001,-28.702174999999997,-35.31116800000001,-56.327434
-164.79817966666667,761.7184066666667,263.10210333333333,-245.486662,503.9153065,38.620514500000006,-110.301976,278.482325,102.323152,-28.960164000000006,-35.06561999999997,-56.34800399999999
-164.649439,761.2038326666667,263.05035233333336,-245.05514449999998,503.57586349999997,38.5200825,-109.957786,277.265759,101.0743575,-29.219359999999995,-34.822674000000006,-56.367401
-164.49948266666664,760.6952563333333,262.9995656666667,-244.631697,503.24638100000004,38.4259205,-109.6231685,276.0614215,99.84023149999999,-29.479501,-34.58222699999999,-56.38582699999999
-164.34837433333334,760.1927253333333,262.94980033333337,-244.2149865,502.92541399999993,38.33729700000001,-109.2985805,274.86941,98.62070449999999,-29.74031099999999,-34.34418599999998,-56.403451000000004
-164.19617466666668,759.6962806666667,262.90111099999996,-243.8038115,502.6116215,38.2535345,-108.984434,273.6898585,97.4157175,-30.001500000000007,-34.10846099999998,-56.42040299999999
-164.04294666666667,759.2059553333333,262.8535493333334,-243.39712400000002,502.303785,38.1740125,-108.6810955,272.522936,96.225225,-30.26276899999999,-33.874966,-56.436784
-163.88875199999998,758.7217743333334,262.807163,-242.994041,502.00082899999995,38.098181,-108.38888349999999,271.368841,95.0491945,-30.523813000000004,-33.64362799999998,-56.452657
-163.73365333333334,758.2437563333333,262.76199833333334,-242.593853,501.7018315,38.0255575,-108.1080705,270.2278015,93.8876025,-30.784317,-33.41437700000003,-56.46805499999999
-163.57771333333332,757.7719139999999,262.71809666666667,-242.19602700000002,501.406027,37.955732,-107.83887899999999,269.1000665,92.740437,-31.043965999999998,-33.187152999999995,-56.48298199999999
-163.42099333333334,757.3062530000001,262.675497,-241.8002025,501.112808,37.8883645,-107.5814845,267.985907,91.6076955,-31.302438999999993,-32.961904000000004,-56.497413
-163.26355766666669,756.8467723333333,262.63423366666666,-241.4061835,500.82172349999996,37.8231815,-107.336014,266.885609,90.489382,-31.559418000000008,-32.73858800000002,-56.51130200000001
-163.10546733333334,756.3934676666667,262.5943383333333,-241.013927,500.53246450000006,37.759973,-107.10254850000001,265.79947100000004,89.3855085,-31.814587000000003,-32.517172000000016,-56.52458300000001
-162.94678666666667,755.946328,262.55583966666666,-240.623528,500.244858,37.6985845,-106.8811245,264.727797,88.296091,-32.06762900000001,-32.29763200000002,-56.537174
-162.78757666666667,755.5053383333333,262.5187613333333,-240.23520050000002,499.958851,37.6389115,-106.67173299999999,263.67089450000003,87.221149,-32.318237999999994,-32.07995299999999,-56.548981999999995
-162.62790166666665,755.0704803333333,262.483124,-239.84926000000002,499.674493,37.5808905,-106.474324,262.62906999999996,86.160704,-32.566109999999995,-31.864127999999994,-56.559908
-162.46782366666665,754.6417313333335,262.44894500000004,-239.466105,499.39192149999997,37.524493,-106.288808,261.602624,85.1147795,-32.810947999999996,-31.650158000000005,-56.569849
-162.30740533333332,754.2190643333333,262.4162383333333,-239.0861935,499.11134250000003,37.469717,-106.115056,260.591848,84.08339749999999,-33.052468000000005,-31.438054000000022,-56.578705
-162.14671,753.8024516666666,262.38501433333334,-238.710025,498.8330155,37.4165775,-105.9529055,259.5970205,83.06657849999999,-33.290391,-31.227829000000014,-56.586381
-161.98579933333335,753.391862,262.35527866666666,-238.3381225,498.557233,37.3651035,-105.80215849999999,258.618404,82.064342,-33.52445300000001,-31.01950999999997,-56.592791999999996
-161.82473733333333,752.9872616666667,262.3270363333333,-237.9710155,498.28431,37.3153275,-105.6625875,257.656242,81.0767035,-33.75439499999999,-30.813121999999964,-56.597867
-161.663585,752.5886163333333,262.30028599999997,-237.6092225,498.01456600000006,37.267281499999996,-105.533936,256.710757,80.1036765,-33.97997599999999,-30.608698000000004,-56.60154899999999
-161.50240599999998,752.1958903333334,262.27502699999997,-237.2532395,497.7483135,37.2209935,-105.415919,255.7821475,79.145268,-34.200965999999994,-30.40627699999996,-56.603802
-161.34126066666667,751.8090463333333,262.25125133333336,-236.903527,497.485849,37.1764815,-105.3082285,254.8705875,78.2014855,-34.417147,-30.205895000000027,-56.604606999999994
-161.180212,751.4280466666665,262.228951,-236.5605035,497.227442,37.133752,-105.210534,253.9762245,77.27233149999999,-34.628316,-30.007597000000004,-56.603969
-161.01932166666666,751.0528543333334,262.20811499999996,-236.2245355,496.97333050000003,37.0927975,-105.1224835,253.0991785,76.3578055,-34.83428699999999,-29.811424999999986,-56.60191700000001
-160.85865033333334,750.6834303333334,262.1887286666667,-235.895935,496.72371449999997,37.0535965,-105.043706,252.2395435,75.4579055,-35.034886,-29.617422999999974,-56.598499
-160.69825933333334,750.319738,262.1707753333333,-235.574956,496.47875500000004,37.016111,-104.9738135,251.3973845,74.57262850000001,-35.229958999999994,-29.425637000000023,-56.593787000000006
-160.53820966666666,749.9617403333333,262.154236,-235.261793,496.2385715,36.980290499999995,-104.9124015,250.5727405,73.7019715,-35.419366999999994,-29.23610899999997,-56.587871
-160.37856033333333,749.6094013333333,262.13908933333335,-234.95658200000003,496.00324150000006,36.946069,-104.85905149999999,249.765625,72.8459325,-35.60299099999999,-29.048884000000015,-56.580863
-160.21937200000002,749.2626856666666,262.125312,-234.6594035,495.7728045,36.913369,-104.8133305,248.9760255,72.00451,-35.780727,-28.864002999999997,-56.572891999999996
-160.06070333333335,748.9215596666667,262.11287899999996,-234.3702845,495.5472625,36.882104,-104.7747955,248.20390650000002,71.177708,-35.952495,-28.68150700000001,-56.564099999999996
-159.90261366666667,748.5859903333334,262.10176233333334,-234.089204,495.326585,36.8521805,-104.74299,247.4492085,70.3655315,-36.118234,-28.50143700000001,-56.554638999999995
-159.74516066666666,748.2559466666667,262.09193466666665,-233.81609550000002,495.11071100000004,36.823498,-104.7174495,246.7118545,69.567994,-36.27790300000001,-28.32382899999999,-56.54467400000001
-159.58840166666664,747.9313993333332,262.08336433333335,-233.5508555,494.8995565,36.7959555,-104.6977,245.99174499999998,68.7851115,-36.431484,-28.148721999999992,-56.534369
-159.43239366666668,747.6123200000001,262.0760196666667,-233.293345,494.69301599999994,36.769451,-104.6832595,245.2887655,68.016911,-36.578981,-27.976148999999992,-56.523894
-159.27719333333334,747.298683,262.06986766666665,-233.0433985,494.4909705,36.743885,-104.6736405,244.60278599999998,67.2634235,-36.720423,-27.806145999999984,-56.51341500000001
-159.12285533333332,746.9904633333334,262.0648736666667,-232.8008275,494.2932905,36.7191625,-104.66834850000001,243.933662,66.5246875,-36.855858999999995,-27.63874800000002,-56.503093
-158.96943466666667,746.6876386666667,262.0610023333333,-232.5654265,494.09983850000003,36.695195999999996,-104.6668885,243.281238,65.8007525,-36.98536300000001,-27.473986000000025,-56.493079
-158.81698500000002,746.390188,262.0582176666667,-232.336977,493.910478,36.671905,-104.668759,242.64534749999999,65.091673,-37.109033999999994,-27.311896999999988,-56.483516
-158.665559,746.0980920000001,262.056481,-232.1152505,493.72507099999996,36.649218499999996,-104.67346,242.0258165,64.3975125,-37.22699,-27.152513,-56.474529
-158.51520866666667,745.811333,262.055756,-231.9000155,493.5434875,36.627077,-104.68049099999999,241.4224625,63.7183395,-37.339376,-26.995870999999994,-56.466225
-158.36598433333333,745.5298946666667,262.056002,-231.691039,493.3656025,36.6054325,-104.689355,240.83509650000002,63.054230000000004,-37.446355999999994,-26.842005,-56.458696
-158.21793666666667,745.253763,262.05718,-231.488088,493.1913015,36.584247,-104.6995585,240.26352450000002,62.405263000000005,-37.54811500000001,-26.690953000000007,-56.45201000000001
-158.07111333333333,744.9829233333334,262.05925,-231.290933,493.0204815,36.563494999999996,-104.71061399999999,239.707551,61.7715225,-37.64485800000001,-26.542754000000002,-56.446217
-157.92556233333332,744.7173650000001,262.0621723333333,-231.09935000000002,492.8530505,36.543161999999995,-104.7220425,239.166972,61.153092,-37.736807,-26.397448000000026,-56.44134
-157.78132966666666,744.4570749999999,262.065905,-230.91312,492.68893049999997,36.523244,-104.733375,238.64158450000002,60.5500545,-37.824202,-26.255077,-56.43738299999999
-157.63845999999998,744.202044,262.0704073333334,-230.732032,492.528054,36.503747,-104.7441555,238.131182,59.9624915,-37.90729499999999,-26.115683999999987,-56.434326999999996
-157.496997,743.9522609999999,262.07563766666664,-230.5558805,492.370368,36.484685999999996,-104.75394299999999,237.635555,59.390477000000004,-37.986352,-25.97931200000002,-56.43213
-157.35698166666666,743.7077166666667,262.0815543333333,-230.3844685,492.215831,36.4660815,-104.76231200000001,237.154492,58.83408,-38.06164600000001,-25.846007999999983,-56.430732000000006
-157.21845566666667,743.4684016666666,262.0881166666667,-230.217606,492.0644125,36.4479625,-104.768857,236.6877805,58.293355999999996,-38.133458000000005,-25.715817000000015,-56.430054
-157.081457,743.234305,262.09528133333333,-230.05510950000001,491.91609100000005,36.4303625,-104.77319399999999,236.235205,57.768349,-38.202073999999996,-25.58878200000001,-56.429995999999996
-156.94602366666666,743.005417,262.103008,-229.89680199999998,491.7708555,36.413316,-104.77496149999999,235.796548,57.259086,-38.267781,-25.464947999999993,-56.430448
-156.81219033333332,742.781727,262.11125366666664,-229.742512,491.62870150000003,36.3968615,-104.77382349999999,235.371591,56.765576499999995,-38.330865,-25.344359999999995,-56.431287
-156.67999133333333,742.5632219999999,262.119978,-229.5920745,491.4896325,36.381037,-104.76947,234.96011149999998,56.287807,-38.39160799999999,-25.22705499999998,-56.432378
-156.549458,742.3498893333334,262.12913933333334,-229.44532800000002,491.353654,36.3658785,-104.76162099999999,234.5618875,55.825739999999996,-38.45028599999999,-25.113073000000014,-56.433582
-156.42062133333334,742.141714,262.13869666666665,-229.3021175,491.220778,36.3514215,-104.75002649999999,234.1766915,55.379312999999996,-38.507165,-25.002444999999994,-56.434751999999996
-156.293509,741.938679,262.148609,-229.16228949999999,491.0910175,36.337695,-104.7344675,233.804295,54.948431,-38.56250100000001,-24.89519999999999,-56.435742000000005
-156.16814733333334,741.7407656666666,262.1588366666667,-229.025697,490.96438850000004,36.3247255,-104.71475749999999,233.444467,54.5329715,-38.61653700000001,-24.791361999999992,-56.436407
-156.04456066666668,741.5479523333333,262.169339,-228.89219500000002,490.840906,36.312532,-104.6907445,233.096973,54.132777,-38.669499,-24.690945999999997,-56.436606
-155.92277066666668,741.3602156666666,262.18007700000004,-228.7616445,490.72058499999997,36.301128,-104.662309,232.7615775,53.7476565,-38.72159599999999,-24.593961000000007,-56.436199
-155.8027976666667,741.177529,262.191012,-228.63390750000002,490.60344,36.2905185,-104.629367,232.43804,53.3773825,-38.773022,-24.500407999999993,-56.435061000000005
-155.68465966666668,740.999863,262.20210533333335,-228.508853,490.489482,36.2807015,-104.591869,232.1261205,53.0216905,-38.82394600000001,-24.410281000000026,-56.43307299999999
-155.56837266666665,740.827183,262.2133196666667,-228.3863525,490.3787215,36.2716665,-104.5498005,231.82557400000002,52.68028150000001,-38.874525000000006,-24.323564000000005,-56.430127000000006
-155.45395,740.6594543333332,262.224618,-228.2662825,490.271165,36.263394500000004,-104.5031805,231.536155,52.352816000000004,-38.92488499999999,-24.240229999999997,-56.42613
-155.34140299999999,740.4966356666667,262.23596433333336,-228.1485255,490.166816,36.2558565,-104.45206250000001,231.25761549999999,52.038918,-38.975140999999994,-24.160247,-56.421002
-155.230742,740.3386826666666,262.247324,-228.0329695,490.065675,36.249018,-104.39653200000001,230.98970500000001,51.7381765,-39.02538399999999,-24.083567999999985,-56.41467300000001
-155.121973,740.1855486666667,262.25866133333335,-227.919507,489.9677395,36.2428335,-104.336707,230.732173,51.450143,-39.075682,-24.010140000000007,-56.407095999999996
-155.01510199999998,740.0371796666667,262.26994466666673,-227.80804,489.873001,36.237252,-104.272735,230.48476549999998,51.174337,-39.126090000000005,-23.939900999999992,-56.39823199999999
-154.910132,739.8935206666666,262.28113966666666,-227.69847399999998,489.781451,36.232212000000004,-104.20479399999999,230.247229,50.910242,-39.176642,-23.872777999999983,-56.388058
-154.80706433333333,739.7545106666666,262.29221566666666,-227.5907235,489.693074,36.227648,-104.13308699999999,230.01930900000002,50.657314,-39.227354000000005,-23.80868799999999,-56.37656799999999
-154.70589700000002,739.6200846666667,262.30314266666664,-227.4847115,489.60785150000004,36.223486,-104.057845,229.8007485,50.414978500000004,-39.27823000000001,-23.747543000000007,-56.363767
-154.606628,739.4901736666666,262.3138906666666,-227.38036799999998,489.525763,36.219649,-103.97932,229.5912915,50.1826365,-39.329256,-23.689245,-56.349672999999996
-154.50925300000003,739.3647043333334,262.32443133333334,-227.2776305,489.446783,36.216052,-103.897787,229.3906815,49.959665,-39.38041,-23.633689000000004,-56.334316
-154.41376466666668,739.2435993333333,262.33473733333335,-227.1764455,489.37088200000005,36.212609,-103.8135375,229.19866100000002,49.745422,-39.431657,-23.58076600000001,-56.317738000000006
-154.32015533333333,739.126777,262.344783,-227.07676750000002,489.298027,36.209228,-103.72688149999999,229.014972,49.5392485,-39.482951,-23.530355999999983,-56.299989000000004
-154.22841533333334,739.0141513333333,262.35454266666665,-226.978559,489.2281835,36.205817499999995,-103.63814099999999,228.839356,49.3404715,-39.53424199999999,-23.482338,-56.28112900000001
-154.13853266666663,738.9056326666667,262.3639933333333,-226.88179,489.16131,36.202282,-103.5476505,228.671557,49.1484105,-39.58547300000001,-23.436586000000005,-56.261224999999996
-154.05049433333332,738.8011276666666,262.3731116666666,-226.7864385,489.097364,36.198527,-103.455752,228.5113145,48.9623785,-39.636582000000004,-23.39297099999999,-56.240351000000004
-153.96428733333335,738.7005399999999,262.381877,-226.6924895,489.036298,36.194457,-103.36279400000001,228.3583715,48.7816865,-39.68750200000001,-23.351359000000002,-56.218587
-153.87989566666667,738.6037689999999,262.3902686666667,-226.59993400000002,488.978062,36.1899775,-103.2691285,228.2124685,48.605647,-39.738164999999995,-23.311615000000018,-56.196016
-153.79730233333333,738.5107113333333,262.3982676666667,-226.50877,488.92260150000004,36.1849955,-103.175106,228.0733465,48.43358,-39.788501999999994,-23.273605000000003,-56.172726
-153.71649,738.4212606666666,262.40585633333336,-226.41899949999998,488.86986,36.179421000000005,-103.08107749999999,227.9407475,48.264815,-39.838443,-23.23719300000002,-56.148808
-153.63743966666667,738.3353083333333,262.41301866666663,-226.330631,488.8197755,36.173165,-102.98738800000001,227.814411,48.0986965,-39.887916000000004,-23.20223999999999,-56.124357
-153.56013233333334,738.252743,262.41973966666666,-226.243675,488.772284,36.166145,-102.894375,227.694079,47.934587,-39.936852,-23.16861400000002,-56.099464
-153.48454766666666,738.173451,262.42600466666664,-226.1581465,488.727318,36.158279,-102.802369,227.57949100000002,47.7718715,-39.98518200000001,-23.136179999999996,-56.074231
-153.410664,738.0973173333333,262.431802,-226.0740625,488.68480650000004,36.1494905,-102.7116855,227.470389,47.6099605,-40.032837,-23.104805999999996,-56.048753000000005
-153.33846066666666,738.024226,262.43712,-225.991441,488.6446755,36.139708999999996,-102.62262799999999,227.3665145,47.448296,-40.07974800000001,-23.074363000000005,-56.02313
-153.267915,737.9540593333335,262.44194899999997,-225.910302,488.6068485,36.128868,-102.535484,227.2676085,47.2863545,-40.125851999999995,-23.044726999999995,-55.997460999999994
-153.19900566666664,737.886699,262.4462806666667,-225.8306655,488.5712465,36.1169065,-102.450523,227.1734155,47.123648,-40.17108,-23.01577500000002,-55.971846
-153.13170933333333,737.8220259999999,262.45010733333334,-225.752549,488.5377865,36.103769,-102.36799450000001,227.0836785,46.9597305,-40.215368999999995,-22.987391000000002,-55.94638500000001
-153.066003,737.7599226666667,262.45342366666665,-225.6759715,488.506386,36.089407,-102.288129,226.99814550000002,46.794202,-40.25865400000001,-22.959463,-55.921178
-153.00186499999998,737.7002696666667,262.45622533333335,-225.60095,488.47695799999997,36.0737775,-102.211131,226.9165645,46.6267085,-40.30087,-22.931883,-55.896325000000004
-152.93927133333332,737.6429503333334,262.45850866666666,-225.52749599999999,488.4494155,36.0568425,-102.13718399999999,226.838688,46.4569455,-40.341955999999996,-22.90455399999999,-55.871925000000005
-152.8782,737.587848,262.4602723333333,-225.455622,488.42367049999996,36.0385735,-102.06644650000001,226.7642725,46.284662999999995,-40.381849,-22.87738300000001,-55.848074
-152.81862866666668,737.5348473333333,262.4615156666667,-225.385335,488.399633,36.0189455,-101.99905100000001,226.693078,46.109665,-40.42048799999999,-22.850284000000016,-55.82486999999999
-152.76053466666667,737.483836,262.4622396666667,-225.31664,488.377214,35.9979425,-101.935103,226.62487099999998,45.931812,-40.457809999999995,-22.823180000000008,-55.802408
-152.70389633333335,737.4347029999999,262.462446,-225.2495375,488.3563225,35.9755535,-101.874682,226.55942399999998,45.751022500000005,-40.493759999999995,-22.79600400000001,-55.780777
-152.64869233333334,737.3873396666667,262.462139,-225.1840255,488.33686900000004,35.9517775,-101.8178415,226.49651749999998,45.5672745,-40.528277,-22.768697000000003,-55.76006700000001
-152.5949016666667,737.341641,262.46132166666666,-225.120095,488.318764,35.926618000000005,-101.7646055,226.43593950000002,45.3806055,-40.561308999999994,-22.741210999999993,-55.74036100000001
-152.54250366666668,737.297506,262.46000066666664,-225.0577375,488.30192,35.900087,-101.714973,226.3774855,45.19111,-40.592804,-22.713506999999993,-55.72174
-152.49147866666667,737.2548353333333,262.4581836666667,-224.996936,488.28624849999994,35.872203,-101.6689165,226.3209645,44.9989445,-40.62271299999999,-22.685557000000017,-55.70427500000001
-152.44180766666668,737.2135349999999,262.45587666666665,-224.937675,488.271665,35.8429935,-101.626381,226.266193,44.8043195,-40.650994,-22.657343999999995,-55.688035
-152.39347133333334,737.1735143333334,262.45309133333336,-224.879931,488.25808399999994,35.812492,-101.5872865,226.21300100000002,44.6075035,-40.677609000000004,-22.628865999999988,-55.67307699999999
-152.34645266666666,737.1346896666668,262.449836,-224.8236785,488.245425,35.7807405,-101.55153,226.16123149999999,44.4088165,-40.702526000000006,-22.600127000000015,-55.659453000000006
-152.300734,737.0969786666666,262.446122,-224.7688905,488.233607,35.747789,-101.51898299999999,226.110738,44.20863,-40.725722000000005,-22.571144000000004,-55.64720199999999
-152.25629833333335,737.0603066666666,262.441963,-224.715535,488.2225535,35.7136935,-101.4894975,226.06139000000002,44.007360000000006,-40.747181,-22.54194800000002,-55.636358
-152.21313066666667,737.0246033333333,262.437371,-224.663579,488.2121895,35.6785195,-101.462903,226.01307,43.805465999999996,-40.766896,-22.51257800000002,-55.626937999999996
-152.17121566666665,736.989803,262.4323606666667,-224.6129865,488.202443,35.6423395,-101.439011,225.9656755,43.603445,-40.784868,-22.483085000000017,-55.61895199999999
-152.13053833333333,736.9558480000001,262.4269463333333,-224.563719,488.1932445,35.6052325,-101.41761650000001,225.9191195,43.401826,-40.801113,-22.453529000000003,-55.612393999999995
-152.091085,736.9226843333332,262.4211443333333,-224.515737,488.184529,35.5672845,-101.398498,225.87332800000001,43.2011635,-40.815653999999995,-22.42398,-55.607249
-152.05284233333336,736.8902646666667,262.414971,-224.4690005,488.17623249999997,35.52859,-101.38142300000001,225.828243,43.00203449999999,-40.828524,-22.39451599999998,-55.603486999999994
-152.01579733333332,736.8585469999999,262.40844266666664,-224.423466,488.168296,35.4892475,-101.36614700000001,225.78382249999999,42.805027499999994,-40.839771999999996,-22.365222999999986,-55.60106699999999
-151.979937,736.8274973333333,262.40157866666664,-224.37909100000002,488.16066249999994,35.449363500000004,-101.3524175,225.740036,42.6107395,-40.849455000000006,-22.336191999999983,-55.59993300000001
-151.94525,736.7970853333333,262.3943956666667,-224.33583199999998,488.153278,35.409048999999996,-101.3399755,225.69687,42.4197665,-40.857641,-22.307519999999982,-55.600017
-151.91172433333335,736.7672893333333,262.38691266666666,-224.293644,488.1460945,35.3684195,-101.328558,225.65432199999998,42.232699000000004,-40.86440999999999,-22.27930599999999,-55.601242
-151.87934833333335,736.7380913333333,262.37914866666665,-224.25248249999999,488.1390635,35.3275955,-101.317903,225.61240400000003,42.050113,-40.869854000000004,-22.251654000000002,-55.603514000000004
-151.84811033333335,736.7094816666666,262.371122,-224.21230250000002,488.1321435,35.286700499999995,-101.307747,225.57114,41.872563500000005,-40.874072,-22.224665999999985,-55.60673500000001
-151.81799966666665,736.6814556666667,262.36285300000003,-224.17305950000002,488.12529400000005,35.24586,-101.2978305,225.530564,41.700578,-40.877173,-22.198442,-55.610794000000006
-151.789005,736.6540146666666,262.354359,-224.134708,488.11848,35.2052015,-101.2879015,225.4907225,41.534648999999995,-40.879273,-22.17308300000002,-55.61557199999999
-151.76111533333332,736.627167,262.34566,-224.0972045,488.11166749999995,35.1648545,-101.2777145,225.451669,41.3752315,-40.88049699999999,-22.148682000000008,-55.620945
-151.734319,736.6009263333334,262.3367733333333,-224.06050399999998,488.10482949999994,35.124946,-101.2670345,225.413467,41.2227325,-40.880971,-22.12533000000002,-55.626781
-151.70860466666667,736.5753116666666,262.327718,-224.024563,488.09794,35.0856045,-101.25564,225.37618600000002,41.07750849999999,-40.88083,-22.103105999999997,-55.632946999999994
-151.68396166666668,736.550349,262.31851033333334,-223.98933849999997,488.0909785,35.046954,-101.243323,225.3399025,40.939863,-40.880204000000006,-22.08208300000001,-55.63931
-151.66037733333334,736.5260696666668,262.30916666666667,-223.954788,488.0839275,35.009116999999996,-101.22989150000001,225.304698,40.8100385,-40.87923099999999,-22.06232399999999,-55.645731
-151.63784066666668,736.502511,262.299703,-223.92087,488.076774,34.97221,-101.2151725,225.2706565,40.688217,-40.878045,-22.043879000000004,-55.65208
-151.61633933333334,736.479715,262.29013333333336,-223.8875445,488.0695085,34.9363465,-101.19901200000001,225.2378665,40.5745175,-40.876772,-22.026787000000013,-55.658227000000004
-151.59586033333332,736.4577296666666,262.28047066666664,-223.85477250000002,488.0621255,34.901632,-101.1812765,225.206417,40.468993,-40.875541,-22.011071999999984,-55.664048
-151.57639233333336,736.4366086666665,262.270727,-223.8225165,488.054625,34.8681665,-101.1618555,225.176397,40.3716325,-40.874469000000005,-21.996744000000007,-55.669427
-151.557922,736.4164106666667,262.26091133333335,-223.790741,488.04701050000006,34.836041,-101.14066249999999,225.1478965,40.282359,-40.87366899999999,-21.98379699999998,-55.674260000000004
-151.540436,736.397199,262.251033,-223.7594125,488.0392905,34.805339,-101.11763400000001,225.121003,40.2010345,-40.873239999999996,-21.97221000000002,-55.678451
-151.52392166666667,736.379043,262.2410976666667,-223.728501,488.03147649999994,34.7761345,-101.09273250000001,225.0958025,40.127458499999996,-40.873273,-21.961949000000004,-55.681923
-151.50836566666666,736.3620166666666,262.23111066666667,-223.69797799999998,488.02358749999996,34.748492,-101.0659475,225.07237700000002,40.061373,-40.873845,-21.952957999999995,-55.684606
-151.49375466666666,736.3461986666666,262.22107366666665,-223.66782,488.015646,34.722466499999996,-101.0372945,225.05080600000002,40.002466999999996,-40.87501900000001,-21.94516999999999,-55.686454
-151.480075,736.3316723333332,262.21098666666666,-223.6380055,488.007679,34.6981,-101.006816,225.031163,39.9503795,-40.876844000000006,-21.938500000000005,-55.687434999999994
-151.467314,736.318526,262.20084833333334,-223.6085195,487.99972,34.675427,-100.974584,225.0135185,39.9047055,-40.879352,-21.93284699999998,-55.687537000000006
-151.45545766666666,736.306852,262.1906543333334,-223.57934999999998,487.991806,34.6544695,-100.940698,224.99793699999998,39.865002000000004,-40.882558,-21.92809600000001,-55.686768
-151.44449333333333,736.2967476666666,262.18039733333336,-223.55049250000002,487.9839825,34.6352395,-100.905285,224.9844775,39.830793,-40.88646,-21.92411900000002,-55.685158
-151.43440866666666,736.2883146666667,262.17006933333334,-223.5219475,487.9762975,34.617738,-100.868503,224.973194,39.801579000000004,-40.891037999999995,-21.920773999999994,-55.68276
-151.42519033333335,736.2816573333333,262.15965866666664,-223.4937235,487.9688075,34.601955000000004,-100.8305365,224.9641345,39.7768415,-40.896253,-21.917907000000014,-55.679645
-151.416827,736.276886,262.1491516666667,-223.4658355,487.9615735,34.587872,-100.791601,224.95734299999998,39.75605049999999,-40.90205,-21.915354000000008,-55.67591099999999
-151.40930666666665,736.2741146666666,262.1385333333333,-223.4383075,487.954662,34.575458499999996,-100.75194049999999,224.952857,39.7386725,-40.908350999999996,-21.912941999999987,-55.671677
-151.40261933333332,736.2734586666667,262.12778533333335,-223.411171,487.9481485,34.564677,-100.711828,224.95071000000002,39.724178,-40.915062000000006,-21.910488000000015,-55.66708200000001
-151.39675433333332,736.2750403333333,262.11688733333335,-223.3844685,487.9421125,34.555479999999996,-100.6715655,224.9509315,39.712047500000004,-40.92207300000001,-21.907808999999986,-55.662291
-151.39170266666667,736.2789823333334,262.10581866666666,-223.358254,487.936641,34.547813000000005,-100.6314835,224.9535485,39.70178,-40.929255,-21.904712999999987,-55.657488
-151.38745533333332,736.2854133333334,262.0945556666666,-223.33258899999998,487.93182849999994,34.5416125,-100.59194249999999,224.958585,39.6929,-40.936459,-21.90100799999999,-55.652876000000006
-151.38400533333333,736.2944630000001,262.0830736666667,-223.3075505,487.92777449999994,34.5368105,-100.55332899999999,224.9660625,39.6849615,-40.943526000000006,-21.896501,-55.648681
-151.38134566666668,736.306265,262.0713456666667,-223.28322550000001,487.92458650000003,34.5333315,-100.51606050000001,224.9760035,39.677557,-40.95027900000001,-21.891005000000007,-55.64514200000001
-151.37947033333333,736.320955,262.05934533333334,-223.25971299999998,487.92237950000003,34.5310955,-100.480579,224.9884295,39.6703225,-40.95652600000001,-21.884334999999993,-55.642515
-151.378375,736.3386716666668,262.04704433333336,-223.23712749999999,487.92127500000004,34.530017,-100.4473565,225.00336399999998,39.6629415,-40.96206699999999,-21.876314000000008,-55.641073000000006
-151.378056,736.3595553333333,262.0344146666667,-223.215596,487.92140100000006,34.5300095,-100.41689099999999,225.02083499999998,39.6551515,-40.966685999999996,-21.866773999999992,-55.64109500000001
-151.37851033333334,736.3837486666666,262.021427,-223.19526000000002,487.92289400000004,34.530981,-100.38970549999999,225.04087249999998,39.6467465,-40.970163,-21.855559,-55.642872999999994
-151.379737,736.411396,262.008053,-223.1762755,487.9258945,34.5328385,-100.366349,225.063512,39.63758,-40.97226599999999,-21.842528000000016,-55.646704
-151.38173566666669,736.4426426666665,261.99426466666665,-223.158812,487.93055350000003,34.5354875,-100.3473955,225.0887965,39.627572,-40.972763,-21.827557000000013,-55.652888
