Sh_x,Sh_y,Sh_z,El_x,El_y,El_z,Wr_x,Wr_y,Wr_z,WrVec_x,WrVec_y,WrVec_z
-151.13687066666668,715.8012133333333,258.553658,-224.379244,477.00966600000004,10.266635500000001,-96.387338,195.946075,35.17186,-33.01907,-18.567428000000007,-63.332676000000006
-151.12076333333334,715.8389633333333,258.59345666666667,-224.39516700000001,477.0448705,10.224410500000001,-96.206074,196.035671,35.160602,-32.893730000000005,-18.55561,-63.41641799999999
-151.10827500000002,715.8850643333334,258.63274333333334,-224.422627,477.088496,10.178227999999999,-96.028288,196.147848,35.1670465,-32.765559999999994,-18.551525999999996,-63.498560999999995
-151.09946566666667,715.9396946666666,258.67144766666667,-224.4622255,477.14086899999995,10.1279595,-95.854001,196.2842895,35.1925465,-32.634208,-18.55564700000002,-63.579044999999994
-151.09439566666666,716.0030356666666,258.7095003333333,-224.5145485,477.202313,10.073483499999998,-95.683225,196.4467285,35.238440999999995,-32.499306000000004,-18.568433,-63.65780399999999
-151.093124,716.0752740000001,258.74683166666665,-224.5801685,477.27314650000005,10.014683499999999,-95.5159625,196.636947,35.306047,-32.36048299999999,-18.590328,-63.734772
-151.0957106666667,716.156599,258.7833723333333,-224.65964150000002,477.3536865,9.951450000000001,-95.3522025,196.856768,35.396652,-32.217359,-18.621764000000013,-63.809878000000005
-151.10221533333333,716.2472046666667,258.819053,-224.75350550000002,477.444249,9.883678500000002,-95.19192699999999,197.10805449999998,35.51151,-32.06954399999999,-18.66315499999999,-63.883048
-151.11269666666666,716.347288,258.8538046666667,-224.8622805,477.545149,9.81127,-95.0351065,197.3927015,35.6518345,-31.916652999999997,-18.714898999999974,-63.954199
-151.12721366666665,716.4570479999999,258.8875596666667,-224.9864655,477.656704,9.7341315,-94.88170299999999,197.712635,35.81879,-31.758291999999997,-18.777372000000014,-64.02324599999999
-151.1458233333333,716.5766876666667,258.920249,-225.12653799999998,477.779236,9.652173,-94.731669,198.0698035,36.013489500000006,-31.594074000000006,-18.850932999999998,-64.090091
-151.16858366666668,716.7064116666667,258.951807,-225.282957,477.913073,9.5653105,-94.5849485,198.4661735,36.236985499999996,-31.423611000000008,-18.935919000000013,-64.154633
-151.19555,716.8464276666667,258.9821663333333,-225.45615800000002,478.05855099999997,9.473462000000001,-94.441478,198.9037245,36.490267,-31.246523999999994,-19.03263899999999,-64.21676
-151.22677733333333,716.9969446666668,259.0112616666667,-225.6465545,478.216018,9.376550500000002,-94.301186,199.3844425,36.774253,-31.062442000000004,-19.141385000000014,-64.276352
-151.26231900000002,717.1581729999999,259.0390293333333,-225.8545395,478.3858335,9.274500999999999,-94.163995,199.910314,37.089785,-30.871004,-19.262418000000025,-64.33327799999999
-151.30222666666666,717.3303253333333,259.06540533333333,-226.08048200000002,478.56837299999995,9.167241,-94.0298205,200.483319,37.437628,-30.671864999999997,-19.395973999999995,-64.3874
-151.346551,717.5136143333333,259.09032833333333,-226.3247275,478.764027,9.054701000000001,-93.898572,201.1054265,37.81846,-30.46469400000001,-19.54226299999999,-64.438568
-151.39534066666667,717.7082533333333,259.11373733333335,-226.5875995,478.973204,8.936815000000001,-93.77015399999999,201.77858700000002,38.232873000000005,-30.249182000000005,-19.70146600000001,-64.486622
-151.44864133333334,717.9144566666668,259.1355733333333,-226.869394,479.196329,8.8135175,-93.644468,202.5047245,38.681363499999996,-30.025036,-19.873732999999987,-64.531391
-151.50649833333333,718.1324383333334,259.155779,-227.1703815,479.433842,8.6847505,-93.521409,203.2857325,39.164334999999994,-29.791992000000008,-20.059185000000014,-64.5727
-151.56895266666666,718.3624116666666,259.174299,-227.49080450000002,479.6861975,8.550457000000002,-93.400871,204.1234665,39.682092000000004,-29.549809999999994,-20.257914999999997,-64.610358
-151.63604466666666,718.6045906666668,259.19107833333334,-227.830872,479.953859,8.410588,-93.28274350000001,205.01973600000002,40.2348365,-29.298277,-20.469979999999993,-64.644169
-151.70781066666666,718.8591863333332,259.2060666666667,-228.19075850000002,480.2372975,8.265101000000001,-93.16691399999999,205.97629999999998,40.822669,-29.03721,-20.695408000000015,-64.673932
-151.78428533333332,719.1264110000001,259.219213,-228.570601,480.536982,8.113962500000001,-93.0532685,206.99486050000002,41.445584,-28.766458999999998,-20.934193000000022,-64.699434
-151.86549966666666,719.406472,259.23047033333336,-228.970491,480.853373,7.957151499999998,-92.9416915,208.07705299999998,42.103471,-28.485905000000002,-21.186297999999994,-64.720462
-151.951481,719.6995776666668,259.239793,-229.390472,481.1869155,7.794660999999998,-92.832066,209.224446,42.796110999999996,-28.195465999999996,-21.451649999999972,-64.736794
-152.04225466666665,720.0059323333334,259.247139,-229.830532,481.53802600000006,7.6265,-92.724276,210.438528,43.523179999999996,-27.895092000000005,-21.73014599999999,-64.74821
-152.13784166666667,720.3257376666667,259.2524673333333,-230.290597,481.9070825,7.452699500000001,-92.618203,211.720707,44.284245,-27.584770000000006,-22.021648,-64.75448800000001
-152.23826033333333,720.6591936666667,259.25574066666667,-230.77052500000002,482.29441199999997,7.273313,-92.51373050000001,213.072303,45.0787695,-27.264527,-22.32598200000001,-64.75540500000001
-152.34352366666667,721.0064946666666,259.2569253333333,-231.27009950000001,482.700277,7.088420499999998,-92.410741,214.4945425,45.90611,-26.934420000000003,-22.642946999999992,-64.75074000000001
-152.453641,721.3678329999999,259.25598833333333,-231.7890195,483.124864,6.898134499999999,-92.309118,215.9885525,46.7655195,-26.594549999999998,-22.97230300000001,-64.740281
-152.56861966666665,721.7433956666667,259.25290233333334,-232.326896,483.5682675,6.702597499999998,-92.20874599999999,217.55535600000002,47.656152,-26.245050000000006,-23.31377999999998,-64.72381800000001
-152.68846033333332,722.133366,259.2476413333333,-232.88324649999998,484.03048,6.501990500000002,-92.1095105,219.19586950000001,48.577062,-25.886087000000003,-23.667074999999983,-64.70115200000001
-152.81316033333334,722.5379213333334,259.24018433333333,-233.45748550000002,484.51138,6.2965315,-92.0112975,220.910896,49.5272085,-25.51786899999999,-24.03185400000001,-64.67209500000001
-152.94271266666667,722.9572346666667,259.23051200000003,-234.0489255,485.010722,6.0864805,-91.913995,222.7011195,50.5054585,-25.140627999999992,-24.40775100000002,-64.636471
-153.07710466666666,723.391473,259.21861033333334,-234.6567725,485.52813000000003,5.872133999999999,-91.817492,224.56710750000002,51.510593,-24.754638,-24.794370999999984,-64.59411800000001
-153.21632,723.8407966666667,259.2044683333333,-235.280127,486.0630945,5.653832999999999,-91.721678,226.5093005,52.541309,-24.360196000000002,-25.191288999999983,-64.544894
-153.36033666666668,724.30536,259.1880786666667,-235.9179855,486.6149695,5.431955500000001,-91.626446,228.52801399999998,53.5962245,-23.95763199999999,-25.598052000000024,-64.488671
-153.509128,724.7853106666666,259.16943799999996,-236.56924650000002,487.18298100000004,5.206916,-91.5316885,230.623434,54.673885500000004,-23.547297,-26.01418000000001,-64.425347
-153.66266133333332,725.2807883333334,259.148548,-237.232719,487.7662325,4.9791609999999995,-91.437301,232.7956155,55.772771000000006,-23.12957,-26.439168999999993,-64.354838
-153.820901,725.7919266666667,259.1254133333333,-237.9071315,488.3637185,4.749162999999999,-91.34317949999999,235.04448050000002,56.8912995,-22.704851000000005,-26.872489,-64.27708899999999
-153.98380333333333,726.3188486666667,259.1000446666667,-238.59115200000002,488.9743465,4.5174140000000005,-91.2492235,237.36981450000002,58.0278335,-22.273554999999988,-27.313587000000012,-64.19206500000001
-154.15132100000002,726.861671,259.0724546666667,-239.2834005,489.5969635,4.284417000000001,-91.155333,239.7712715,59.1806905,-21.836118,-27.76189100000002,-64.099761
-154.32340033333332,727.4205013333334,259.0426626666667,-239.98247550000002,490.23038099999997,4.050673999999999,-91.06141,242.24836699999997,60.348144,-21.392984,-28.216807999999986,-64.00019999999999
-154.49998266666668,727.995437,259.01069266666667,-240.68697550000002,490.873417,3.8166780000000013,-90.96736,244.800481,61.5284375,-20.94461000000001,-28.677731999999992,-63.89343100000001
-154.68100366666667,728.5865663333334,258.97657166666664,-241.39553,491.52493499999997,3.582895999999998,-90.87308999999999,247.42685949999998,62.7197875,-20.491460000000004,-29.144035000000002,-63.779533
-154.86639333333332,729.1939676666667,258.94033333333334,-242.106828,492.183888,3.3497594999999993,-90.778509,250.126612,63.920393000000004,-20.033997999999997,-29.615083999999968,-63.658616
-155.056076,729.8177089999999,258.90201433333334,-242.8196495,492.84936949999997,3.1176475000000003,-90.6835305,252.89871599999998,65.128443,-19.572697000000005,-30.090226,-63.530818
-155.24997066666666,730.4578473333335,258.8616586666667,-243.53290049999998,493.52066049999996,2.8868740000000006,-90.58806899999999,255.74201700000003,66.342127,-19.108019999999996,-30.56880800000002,-63.396305999999996
-155.44798966666667,731.1144283333333,258.8193136666667,-244.245645,494.19728399999997,2.657674499999999,-90.4920455,258.655231,67.5596395,-18.640431000000007,-31.05016600000002,-63.255275
-155.65004166666668,731.7874856666667,258.775032,-244.9571375,494.879053,2.4301914999999994,-90.39538250000001,261.63694649999996,68.7791915,-18.170384999999996,-31.533630999999986,-63.107949000000005
-155.856028,732.4770423333333,258.72887233333336,-245.6668525,495.5661145,2.204464500000002,-90.29800800000001,264.6856285,69.9990155,-17.698325999999994,-32.01853700000004,-62.954578999999995
-156.06584566666666,733.1831073333333,258.680898,-246.37451199999998,496.2589965,1.980420500000001,-90.19985550000001,267.79962,71.2173785,-17.224687000000003,-32.50421400000002,-62.795439
-156.27938466666666,733.9056780000001,258.6311766666667,-247.0801075,496.958639,1.7578654999999976,-90.100863,270.9771475,72.4325865,-16.749888,-32.98999900000001,-62.630827000000004
-156.49653066666667,734.6447383333334,258.57978299999996,-247.78391449999998,497.6664185,1.5364819999999995,-90.00097500000001,274.216324,73.6429945,-16.274330000000006,-33.475232000000005,-62.46106699999999
-156.71716433333333,735.4002576666667,258.526796,-248.48650299999997,498.3841655,1.315828500000002,-89.900143,277.515154,74.847013,-15.798395999999997,-33.95926199999997,-62.28649600000001
-156.94115966666666,736.1721933333333,258.47229999999996,-249.188739,499.11416199999996,1.0953450000000018,-89.7983255,280.8715355,76.043119,-15.322451000000001,-34.441449000000034,-62.107474
-157.16838599999997,736.9604873333334,258.4163843333333,-249.891773,499.8591295,0.8743574999999986,-89.695491,284.28327049999996,77.22986,-14.846838000000005,-34.921167000000025,-61.924374
-157.39870733333336,737.7650669999999,258.3591446666667,-250.597026,500.6222,0.6520969999999995,-89.59161399999999,287.748064,78.4058625,-14.371876,-35.397801999999956,-61.737581
-157.63198266666666,738.5858453333334,258.30068066666666,-251.306156,501.40686900000003,0.4277130000000007,-89.4866815,291.263534,79.569841,-13.897861000000006,-35.87076000000002,-61.547488
-157.86806633333333,739.4227196666667,258.2410976666667,-252.02102349999998,502.21693300000004,0.20029700000000084,-89.38069100000001,294.827216,80.7206025,-13.425066000000001,-36.33946599999996,-61.354499
-158.106807,740.2755723333333,258.18050633333337,-252.7436395,503.0564085,-0.031085499999999655,-89.2736495,298.43656699999997,81.8570535,-12.953738999999999,-36.80336600000004,-61.15901699999999
-158.34804933333336,741.1442696666667,258.1190226666667,-253.476111,503.929442,-0.26737199999999994,-89.165578,302.0889755,82.978206,-12.484104000000002,-37.261933,-60.961448
-158.591633,742.0286626666666,258.05676666666665,-254.220569,504.840196,-0.5094604999999994,-89.0565105,305.781764,84.083182,-12.016357,-37.714661999999976,-60.762196
-158.83739333333335,742.9285853333334,257.99386366666664,-254.979105,505.79273750000004,-0.7581769999999999,-88.9464945,309.512198,85.1712195,-11.550670999999994,-38.16107599999998,-60.561657000000004
-159.08516033333333,743.8438550000001,257.930444,-255.75368550000002,506.790907,-1.0142375000000001,-88.835594,313.2774925,86.2416765,-11.087198,-38.600729,-60.360220999999996
-159.33476133333335,744.7742736666665,257.866643,-256.546084,507.8381955,-1.278209499999999,-88.72388649999999,317.07481700000005,87.29403500000001,-10.626061000000007,-39.03320600000001,-60.15826800000001
-159.58601933333333,745.7196253333333,257.80259900000004,-257.3577975,508.9376155,-1.5504754999999992,-88.611468,320.901305,88.3279025,-10.167366000000001,-39.45812000000001,-59.956157000000005
-159.838753,746.6796780000001,257.7384563333333,-258.18998150000004,510.09158549999995,-1.8312014999999988,-88.49844999999999,324.75405850000004,89.3430165,-9.711191999999997,-39.87512099999998,-59.754239
-160.09277733333334,747.6541823333333,257.67436200000003,-259.0433875,511.301824,-2.12031,-88.3849635,328.6301545,90.339246,-9.257600999999994,-40.283893000000035,-59.55283800000001
-160.34790466666666,748.6428716666666,257.610468,-259.918308,512.5692615,-2.417458,-88.271157,332.526656,91.3165905,-8.806634000000003,-40.68415200000004,-59.352261000000006
-160.60394366666665,749.6454623333334,257.54693000000003,-260.814548,513.8939805,-2.722023499999999,-88.157199,336.4406135,92.2751845,-8.358316000000002,-41.07565499999998,-59.152789
-160.8607003333333,750.6616536666667,257.483906,-261.731403,515.275176,-3.0331004999999998,-88.04327699999999,340.3690755,93.2152935,-7.912651999999994,-41.458191,-58.95467500000001
-161.117978,751.6911273333334,257.421559,-262.6676575,516.711154,-3.3495074999999996,-87.9295985,344.3090945,94.137316,-7.469634999999997,-41.83158700000001,-58.758148000000006
-161.375576,752.7335483333333,257.360054,-263.621609,518.1993515,-3.6697965000000003,-87.816391,348.2577315,95.04178049999999,-7.0292460000000005,-42.19570900000002,-58.563405
-161.633294,753.7885643333333,257.29955866666666,-264.591099,519.7363935,-3.992278999999998,-87.703903,352.2120665,95.929343,-6.591452000000004,-42.550456999999994,-58.370611999999994
-161.89092833333333,754.8558063333334,257.240244,-265.573572,521.3181725,-4.315057500000002,-87.59240249999999,356.1692005,96.80078599999999,-6.156210999999999,-42.89577099999997,-58.179906
-162.14827333333335,755.9348879999999,257.182282,-266.56613699999997,522.93995,-4.6360579999999985,-87.4821785,360.126265,97.657014,-5.723474999999993,-43.231626000000006,-57.991388
-162.405122,757.0254066666666,257.1258476666667,-267.5656465,524.596475,-4.953073499999999,-87.37353999999999,364.0804255,98.4990475,-5.293186000000006,-43.55803300000002,-57.805128999999994
-162.6612673333333,758.1269429999999,257.071117,-268.5687755,526.2821114999999,-5.263804,-87.26681500000001,368.028891,99.3280235,-4.865286000000012,-43.87503800000002,-57.62116300000001
-162.91649966666668,759.2390623333334,257.01826766666665,-269.5721055,527.9909729999999,-5.5659019999999995,-87.1623505,371.9689145,100.1451845,-4.439711000000003,-44.18272300000001,-57.439497
-163.17060933333332,760.361313,256.9674783333333,-270.5722105,529.717055,-5.857011999999999,-87.06051400000001,375.8978035,100.9518765,-4.016396,-44.48120499999999,-57.260101000000006
-163.42338733333335,761.4932283333334,256.91892766666666,-271.565734,531.4543639999999,-6.134811000000001,-86.9616875,379.812921,101.7495405,-3.595279000000005,-44.77062999999998,-57.08291100000001
-163.67462333333333,762.634326,256.87279466666666,-272.5494615,533.1970329999999,-6.3970414999999985,-86.86627250000001,383.71169299999997,102.5397085,-3.176296999999991,-45.05117799999999,-56.907837
-163.92410766666669,763.7841096666667,256.8292596666667,-273.52038699999997,534.939427,-6.641544499999998,-86.77468400000001,387.59161300000005,103.3239925,-2.7593920000000054,-45.32306,-56.73475300000001
-164.17163166666668,764.9420676666667,256.7885,-274.475765,536.676236,-6.866282,-86.6873525,391.450244,104.10408,-2.344510999999997,-45.58651199999997,-56.56350599999999
-164.4169863333333,766.1076760000001,256.7506943333333,-275.413155,538.402546,-7.069357999999999,-86.60472,395.2852245,104.88172600000001,-1.931603999999993,-45.84180299999997,-56.393916000000004
-164.659965,767.2803953333333,256.7160186666667,-276.33045450000003,540.1138905,-7.249031499999999,-86.5272415,399.0942735,105.65874199999999,-1.5206310000000087,-46.08922100000001,-56.22577599999998
-164.90036166666667,768.459676,256.68464766666665,-277.22591750000004,541.806296,-7.4037215,-86.4553795,402.87519050000003,106.43699000000001,-1.1115589999999997,-46.329083000000026,-56.058852000000016
-165.137972,769.644954,256.6567543333333,-278.0981655,543.4762929999999,-7.532014,-86.389606,406.625862,107.218374,-0.7043620000000033,-46.56172399999997,-55.892889999999994
-165.37259433333335,770.8356546666668,256.632508,-278.946187,545.1209265,-7.632654499999999,-86.3303965,410.3442615,108.00483,-0.2990250000000003,-46.78750100000002,-55.72761200000001
-165.60402766666667,772.0311929999999,256.61207666666667,-279.76932650000003,546.73774,-7.704544500000001,-86.2782315,414.0284545,108.798316,0.10445699999999647,-47.00679100000002,-55.562724
-165.83207566666667,773.2309736666667,256.5956233333334,-280.567267,548.3247555,-7.746729999999998,-86.233592,417.676599,109.6008055,0.5060799999999972,-47.219982000000016,-55.39791500000001
-166.05654333333334,774.4343913333332,256.58330866666665,-281.340005,549.8804355,-7.758386999999999,-86.19695899999999,421.2869485,110.4142765,0.9058279999999996,-47.427479000000005,-55.23285499999999
-166.27723933333334,775.6408333333334,256.575288,-282.08782099999996,551.4036435,-7.738809,-86.168809,424.857853,111.24070449999999,1.3036740000000009,-47.62970200000001,-55.067206999999996
-166.49397566666667,776.8496783333334,256.571712,-282.8112455,552.8935895,-7.687387500000002,-86.14961249999999,428.38776099999995,112.08204900000001,1.699583000000004,-47.82707399999998,-54.90062000000002
-166.7065683333333,778.0602983333333,256.57272800000004,-283.511022,554.3497825,-7.603596999999999,-86.1398325,431.8752185,112.940251,2.0935049999999933,-48.02003300000001,-54.73273800000001
-166.91483566666668,779.2720589999999,256.57847666666663,-284.18806900000004,555.7719705,-7.486976,-86.13992049999999,435.318873,113.8172185,2.485382999999999,-48.20901600000002,-54.563197
-167.11860266666667,780.4843220000001,256.5890923333333,-284.84344350000003,557.160088,-7.337112500000002,-86.150314,438.7174705,114.7148215,2.875146000000001,-48.394469000000015,-54.39162900000001
-167.317697,781.6964446666666,256.60470333333336,-285.478303,558.514201,-7.153628999999999,-86.1714365,442.0698585,115.6348825,3.262717000000009,-48.57683700000001,-54.217667000000006
-167.5119523333333,782.90778,256.6254323333333,-286.09387200000003,559.834456,-6.9361654999999995,-86.20369,445.3749835,116.5791685,3.64800799999999,-48.75656500000002,-54.040943
-167.70120633333332,784.11768,256.651395,-286.69140949999996,561.121037,-6.684372,-86.2474575,448.6318915,117.549383,4.030923000000001,-48.93409499999996,-53.861092
-167.88530133333333,785.325495,256.6826976666667,-287.27218000000005,562.3741205,-6.397896000000001,-86.3030975,451.8397275,118.547158,4.411353000000005,-49.10986700000001,-53.67775399999999
-168.06408766666667,786.5305760000001,256.719442,-287.837428,563.593842,-6.076376,-86.37094250000001,454.997735,119.574051,4.789191000000002,-49.284312,-53.49057600000002
-168.23741933333335,787.7322733333334,256.7617193333333,-288.388357,564.78027,-5.719436,-86.45129800000001,458.105252,120.631531,5.1643159999999995,-49.457854,-53.29921399999999
-168.405156,788.9299406666665,256.8096136666666,-288.926112,565.9333795,-5.326684,-86.54443749999999,461.1617145,121.720979,5.5366029999999995,-49.63090699999998,-53.10333200000001
-168.56716433333335,790.1229346666665,256.86320066666667,-289.451766,567.053041,-4.897709000000001,-86.6506025,464.166649,122.84367900000001,5.905924999999996,-49.80387200000001,-52.902606000000006
-168.7233183333333,791.3106160000001,256.92254633333334,-289.966309,568.139008,-4.4320825,-86.77000100000001,467.11967549999997,124.00081349999999,6.272148000000001,-49.97714100000002,-52.69672899999999
-168.87349600000002,792.4923496666667,256.987708,-290.470644,569.1909145,-3.929363500000001,-86.902803,470.0205025,125.19345849999999,6.635136000000003,-50.15108700000002,-52.485403000000005
-169.01758466666666,793.6675083333333,257.058734,-290.965582,570.2082765,-3.3891004999999996,-87.0491435,472.868926,126.42257900000001,6.994753000000003,-50.32606800000002,-52.26835000000001
-169.15547633333335,794.835471,257.1356623333333,-291.451841,571.1905015,-2.810838499999999,-87.209116,475.664826,127.689025,7.350861999999992,-50.502426000000014,-52.04530600000001
-169.28707233333333,795.9956253333334,257.2185216666667,-291.93005000000005,572.136895,-2.194126999999998,-87.38277550000001,478.4081655,128.9935295,7.7033229999999975,-50.680480999999986,-51.81602500000001
-169.41227933333334,797.1473689999999,257.30733133333337,-292.40075249999995,573.046678,-1.538523999999999,-87.5701345,481.09898499999997,130.3367045,8.05199900000001,-50.86053599999997,-51.580282999999994
-169.531012,798.2901093333334,257.40209933333335,-292.8644115,573.919005,-0.8436090000000007,-87.771164,483.73740399999997,131.71903799999998,8.396758000000005,-51.04287400000004,-51.337869999999995
-169.64319333333333,799.423265,257.5028243333333,-293.3214175,574.7529784999999,-0.10898750000000135,-87.985793,486.32361249999997,133.140895,8.737463999999989,-51.227750999999955,-51.0886
-169.748753,800.5462686666666,257.60949566666665,-293.77209500000004,575.547675,0.665697999999999,-88.213907,488.8578725,134.60251399999999,9.07399199999999,-51.415404999999964,-50.83230599999999
-169.84762899999998,801.6585653333333,257.72209,-294.2167115,576.3021635,1.480762499999999,-88.4553495,491.34051250000005,136.104007,9.406215000000003,-51.606051000000036,-50.56884000000001
-169.93976633333332,802.7596146666668,257.84057566666667,-294.6554865,577.0155265,2.336465999999998,-88.70992100000001,493.7719235,137.64535949999998,9.734016000000011,-51.79987700000004,-50.298079
-170.02511833333335,803.848892,257.96491066666664,-295.088597,577.6868830000001,3.2330115,-88.97738000000001,496.152559,139.2264325,10.057280000000006,-51.99704799999995,-50.019915
-170.10364666666666,804.9258896666666,258.09504066666665,-295.516191,578.3154085,4.1705334999999994,-89.25744399999999,498.482927,140.8469595,10.375899999999987,-52.19770599999998,-49.73426699999999
-170.175321,805.9901153333334,258.2309036666666,-295.9383875,578.900353,5.149093499999999,-89.5497895,500.76359049999996,142.506552,10.689774999999997,-52.40196499999996,-49.44107000000001
-170.24011799999997,807.0410966666667,258.3724253333333,-296.3552905,579.44106,6.168676999999999,-89.85405449999999,502.9951615,144.204702,10.998812999999998,-52.609916999999996,-49.140282
-170.29802366666667,808.078379,258.519523,-296.76698999999996,579.9369805,7.229185499999998,-90.169839,505.17829900000004,145.940778,11.302924000000004,-52.821627999999976,-48.83188
-170.34903233333335,809.101528,258.6721023333333,-297.1735695,580.387691,8.330435,-90.49670599999999,507.3137035,147.71403650000002,11.60203,-53.03714099999996,-48.515861
-170.39314399999998,810.1101293333332,258.83006,-297.575112,580.7929015,9.472151,-90.83418599999999,509.40211550000004,149.52362,11.896057999999996,-53.256470999999976,-48.19224000000001
-170.43037,811.1037900000001,258.993284,-297.9716985,581.152466,10.653972,-91.181776,511.44431199999997,151.368563,12.184944000000002,-53.479614000000026,-47.861052000000015
-170.460727,812.0821380000001,259.16165099999995,-298.3634155,581.4663925,11.875441999999998,-91.538944,513.441101,153.247793,12.468627999999995,-53.706537999999966,-47.52234800000002
-170.484242,813.044824,259.33503033333335,-298.750357,581.7348455,13.136014,-91.9051315,515.3933205,155.160142,12.747061000000002,-53.93719099999993,-47.176196000000004
-170.50094833333333,813.9915223333333,259.513281,-299.132621,581.95815,14.435049500000002,-92.2797525,517.301833,157.1043435,13.020196999999996,-54.171499999999924,-46.82268099999999
-170.510887,814.9219283333333,259.69625433333334,-299.510317,582.1367945,15.771822,-92.66220100000001,519.1675235,159.0790425,13.287998000000002,-54.409366999999975,-46.46190099999998
-170.51410833333333,815.8357626666666,259.88379233333336,-299.8835605,582.271427,17.145515000000003,-93.051852,520.9912965,161.08280200000002,13.550432,-54.65067700000003,-46.09396799999999
-170.51066966666664,816.7327693333333,260.07573099999996,-300.25247549999995,582.3628550000001,18.555228,-93.44806449999999,522.7740719999999,163.114104,13.807473000000002,-54.895294000000035,-45.719008
-170.500636,817.6127166666666,260.27189666666663,-300.6171935,582.4120379999999,19.999977,-93.8501835,524.5167815,165.1713615,14.059095000000013,-55.14306499999998,-45.337159000000014
-170.48407899999998,818.475398,260.47210966666665,-300.97785150000004,582.4200854999999,21.478700500000002,-94.25754549999999,526.2203675000001,167.25292100000001,14.305282999999989,-55.39381900000001,-44.948566
-170.46107866666668,819.3206303333333,260.6761833333333,-301.33459200000004,582.388246,22.99026,-94.6694795,527.8857785,169.3570695,14.546019000000001,-55.647369000000026,-44.55338699999999
-170.43172233333334,820.1482553333334,260.8839243333333,-301.6875585,582.317898,24.533448500000002,-95.08531149999999,529.5139675,171.482043,14.781290999999996,-55.90351300000003,-44.151786000000016
-170.396103,820.9581406666666,261.095134,-302.0368985,582.2105425,26.1069895,-95.5043665,531.1058885,173.6260315,15.011088999999998,-56.16203899999999,-43.74393499999999
-170.35432133333336,821.7501779999999,261.30960766666664,-302.3827575,582.0677900000001,27.709548499999997,-95.9259745,532.662495,175.78718750000002,15.235403000000005,-56.42271800000003,-43.33001299999998
-170.3064853333333,822.5242836666666,261.52713666666665,-302.725281,581.8913494999999,29.3397305,-96.3494705,534.1847359999999,177.96363050000002,15.454222999999999,-56.68531599999994,-42.910199000000006
-170.25270866666668,823.2803986666668,261.7475063333334,-303.06460849999996,581.6830155,30.996090999999996,-96.774199,535.673554,180.153457,15.667540000000002,-56.94958399999996,-42.48468200000002
-170.19311000000002,824.018488,261.9704996666666,-303.40087600000004,581.4446555,32.677136999999995,-97.19951649999999,537.1298850000001,182.354745,15.875343,-57.21527200000003,-42.05364800000001
-170.12781566666663,824.7385416666666,262.19589533333334,-303.7342115,581.1781975,34.381335,-97.624796,538.5546545,184.565563,16.077619999999996,-57.482118999999955,-41.617288
-170.056958,825.4405726666668,262.42346933333334,-304.0647355,580.885614,36.10711499999999,-98.049428,539.9487750000001,186.783974,16.274355999999997,-57.74986200000001,-41.175790000000006
-169.980672,826.1246183333333,262.6529953333333,-304.392557,580.568912,37.852875000000004,-98.4728235,541.313146,189.00804549999998,16.465533000000008,-58.01823400000001,-40.72934699999999
-169.899101,826.7907373333334,262.88424566666663,-304.7177775,580.2301175,39.6169875,-98.8944175,542.6486520000001,191.235853,16.651130999999992,-58.28696600000001,-40.27814599999999
-169.81239100000002,827.4390126666667,263.1169903333334,-305.0404835,579.8712634999999,41.397804,-99.3136695,543.95616,193.4654895,16.831123000000005,-58.555792,-39.822373
-169.72069433333334,828.0695493333333,263.350999,-305.36075,579.4943774999999,43.193662,-99.730069,545.2365185,195.695068,17.005482,-58.824442999999974,-39.362212
-169.62416633333336,828.6824723333334,263.5860413333333,-305.67864,579.10147,45.002886000000004,-100.14313250000001,546.4905595,197.922732,17.174170999999987,-59.09265499999992,-38.897842
-169.52296700000002,829.277929,263.82188766666667,-305.99420050000003,578.6945205,46.8237975,-100.5524105,547.7190905,200.146657,17.337153,-59.36016900000004,-38.429441999999995
-169.4172596666667,829.8560856666667,264.058309,-306.307466,578.2754715000001,48.6547165,-100.95748499999999,548.9229,202.365058,17.49438400000001,-59.62672799999996,-37.957179999999994
-169.3072116666667,830.4171299999999,264.29507666666666,-306.618457,577.8462145000001,50.493969,-101.357973,550.102756,204.57619449999999,17.645815999999996,-59.89208600000006,-37.48122500000002
-169.19299366666667,830.9612663333334,264.5319656666666,-306.92718149999996,577.4085835000001,52.339889,-101.7535265,551.2594005000001,206.77837549999998,17.791393,-60.15600099999995,-37.001739000000015
-169.074778,831.4887180000001,264.76875233333334,-307.2336305,576.9643455,54.190827,-102.1438345,552.393554,208.9699635,17.931059000000005,-60.418241999999964,-36.518877
-168.9527403333333,831.9997253333332,265.00521533333335,-307.53778750000004,576.515197,56.04515,-102.528621,553.5059134999999,211.149378,18.06474800000001,-60.678585,-36.032790000000006
-168.82705966666666,832.4945456666666,265.241139,-307.83961899999997,576.0627515,57.901250499999996,-102.90764949999999,554.597152,213.31510300000002,18.192392999999996,-60.93682200000001,-35.543622
-168.697915,832.9734503333333,265.4763096666666,-308.13908349999997,575.6085410000001,59.7575485,-103.2807185,555.6679185,215.4656845,18.313924999999998,-61.19275099999993,-35.051514999999995
-168.56548833333332,833.4367266666667,265.7105183333333,-308.436129,575.15401,61.6124955,-103.64766449999999,556.718837,217.5997375,18.429266999999996,-61.4461839999999,-34.556599000000006
-168.42996233333332,833.8846746666667,265.94356166666665,-308.73069399999997,574.7005105000001,63.464579,-104.0083615,557.750509,219.7159495,18.538343000000012,-61.696946000000025,-34.05900500000001
-168.29152066666668,834.317607,266.17524066666664,-309.0227105,574.2493025,65.3123265,-104.362718,558.763511,221.81307950000001,18.64107200000001,-61.94487600000002,-33.55885500000002
-168.150348,834.735849,266.40536233333336,-309.312103,573.801551,67.1543095,-104.710678,559.7583950000001,223.889961,18.737374000000003,-62.189825999999925,-33.056265999999994
-168.00662966666667,835.1397353333333,266.6337403333334,-309.598794,573.358328,68.98914500000001,-105.05222,560.735692,225.9455065,18.827168,-62.43165799999997,-32.551353000000006
-167.86055033333332,835.5296119999999,266.8601936666667,-309.8827,572.920612,70.8155005,-105.38735700000001,561.6959079999999,227.978703,18.910374000000004,-62.670255999999995,-32.044223999999986
-167.71229533333334,835.9058316666666,267.084549,-310.1637385,572.4892885,72.632097,-105.71612999999999,562.6395279999999,229.9886185,18.98691000000001,-62.905509999999936,-31.534985000000006
-167.56204833333334,836.2687576666666,267.3066403333333,-310.441827,572.0651525,74.437709,-106.038614,563.567014,231.974397,19.056699999999992,-63.13733000000002,-31.02373800000001
-167.40999333333332,836.6187566666667,267.52630733333336,-310.716884,571.648913,76.2311695,-106.35490949999999,564.478808,233.9352635,19.119669000000002,-63.365635999999995,-30.510581000000002
-167.25631266666667,836.9562040000001,267.7433996666667,-310.9888325,571.2411930000001,78.0113715,-106.665144,565.3753305,235.870519,19.175748,-63.59036100000003,-29.99561399999999
-167.101187,837.281478,267.95777266666664,-311.257599,570.842536,79.777268,-106.9694705,566.256983,237.779543,19.224873000000002,-63.81145599999991,-29.47893000000002
-166.944796,837.594962,268.16929166666665,-311.5231175,570.4534074999999,81.5278755,-107.2680625,567.124147,239.6617905,19.26698300000001,-64.02887800000008,-28.960624999999993
-166.78731633333334,837.8970419999999,268.3778293333333,-311.7853295,570.0742015000001,83.262273,-107.5611155,567.977187,241.5167925,19.302029000000005,-64.24260400000003,-28.44079099999999
-166.62892333333335,838.1881053333333,268.58326700000003,-312.04418599999997,569.7052435,84.979606,-107.84884249999999,568.8164505,243.344152,19.329965,-64.45261500000004,-27.91952200000003
-166.46979000000002,838.4685403333333,268.78549433333336,-312.299645,569.346794,86.67908249999999,-108.131471,569.6422660000001,245.143543,19.350759999999994,-64.658906,-27.396911999999986
-166.31008466666665,838.7387363333333,268.98441,-312.55167900000004,568.9990565,88.3599765,-108.409243,570.45495,246.91471,19.36439,-64.8614839999999,-26.873058000000015
-166.14997566666668,838.9990809999999,269.179922,-312.80027,568.6621789999999,90.0216275,-108.6824115,571.254803,248.65746099999998,19.37083899999999,-65.06036200000005,-26.348055999999985
-165.98962566666665,839.2499606666667,269.3719456666667,-313.045412,568.336259,91.66344000000001,-108.95123749999999,572.0421114999999,250.3716695,19.370109,-65.25556100000006,-25.82200499999999
-165.829195,839.4917599999999,269.560406,-313.287112,568.0213495,93.2848805,-109.21598900000001,572.8171495,252.057269,19.36220999999999,-65.44711299999994,-25.295007999999996
-165.66883966666668,839.7248596666667,269.74523833333336,-313.52539049999996,567.717463,94.88548,-109.4769365,573.580179,253.714252,19.347165000000004,-65.63505399999997,-24.76716799999997
-165.50871199999997,839.9496363333333,269.92638400000004,-313.7602795,567.4245725000001,96.4648325,-109.734355,574.331453,255.3426625,19.325012,-65.81942400000003,-24.238594999999975
-165.34895966666667,840.1664623333332,270.1037953333333,-313.9918255,567.1426200000001,98.02259049999999,-109.9885165,575.071213,256.94259850000003,19.295803000000006,-66.00026999999989,-23.70939900000002
-165.189728,840.3757043333334,270.2774323333333,-314.22008600000004,566.871517,99.55846650000001,-110.239693,575.7996925,258.514203,19.259603999999996,-66.17764299999999,-23.17969800000003
-165.03115599999998,840.5777233333333,270.4472636666667,-314.445133,566.6111495,101.07223250000001,-110.48814999999999,576.517116,260.057664,19.216493999999997,-66.35159399999998,-22.64960800000003
-164.873378,840.7728739999999,270.6132666666667,-314.66704849999996,566.36138,102.56371250000001,-110.73414700000001,577.223702,261.5732105,19.166569999999993,-66.52217599999994,-22.119256999999976
-164.7165246666667,840.9615023333332,270.77542700000004,-314.88592700000004,566.1220519999999,104.03278750000001,-110.977937,577.9196625,263.061107,19.109939999999995,-66.68944499999998,-21.58877000000004
-164.56072133333336,841.1439486666667,270.93373833333334,-315.1018735,565.892989,105.4793885,-111.2197615,578.605204,264.521652,19.04673100000001,-66.85345399999994,-21.058279999999996
-164.40608766666665,841.3205436666667,271.088203,-315.3150025,565.674003,106.903496,-111.459851,579.280528,265.9551735,18.97708,-67.01425599999993,-20.527924999999982
-164.25273966666666,841.4916093333335,271.2388296666666,-315.52544,565.4648904999999,108.3051395,-111.698425,579.9458334999999,267.3620255,18.901141999999993,-67.17190500000004,-19.99784699999998
-164.10078633333333,841.6574596666666,271.3856353333333,-315.733317,565.2654375,109.68439049999999,-111.9356865,580.6013145,268.74258499999996,18.819085,-67.32644700000003,-19.468189999999993
-163.950332,841.8183986666667,271.5286453333333,-315.93877499999996,565.0754215,111.0413635,-112.1718255,581.247164,270.0972465,18.731088999999997,-67.47792800000002,-18.93910299999999
-163.80147666666664,841.9747206666667,271.66789,-316.141961,564.8946115,112.3762155,-112.4070165,581.8835735,271.426424,18.637349,-67.62639100000001,-18.410740000000033
-163.65431333333333,842.1267093333332,271.8034073333333,-316.3430265,564.7227695,113.689138,-112.641415,582.5107315,272.730541,18.53806999999999,-67.77187300000003,-17.883256000000017
-163.50893,842.2746393333333,271.9352423333333,-316.5421295,564.559652,114.9803585,-112.875162,583.128827,274.0100325,18.433471999999995,-67.91441000000009,-17.356810999999993
-163.36541033333333,842.4187740000001,272.063445,-316.7394305,564.4050135,116.250136,-113.10837950000001,583.738049,275.26534000000004,18.323785,-68.05402800000002,-16.831568000000004
-163.22383100000002,842.5593666666667,272.18807166666664,-316.935094,564.2586014999999,117.4987615,-113.3411725,584.3385865,276.49691,18.20924500000001,-68.19074899999998,-16.307691999999975
-163.084263,842.6966590000001,272.30918433333335,-317.12928450000004,564.1201635,118.726549,-113.573627,584.9306285,277.705191,18.090102,-68.32459500000004,-15.785349999999994
-162.94677366666667,842.830883,272.42684933333334,-317.3221685,563.9894429999999,119.933842,-113.805812,585.5143665,278.89062950000005,17.966610000000003,-68.45557700000006,-15.264708999999982
-162.811423,842.9622596666667,272.54113866666665,-317.5139135,563.8661845,121.121002,-114.0377795,586.0899915,280.0536715,17.839034999999996,-68.58370100000002,-14.745939000000021
-162.67826633333334,843.0909983333335,272.652128,-317.7046835,563.7501305000001,122.28841200000001,-114.26956200000001,586.657696,281.194757,17.707645999999997,-68.70897000000002,-14.229212000000018
-162.54735366666665,843.2172989999999,272.75989666666663,-317.89464250000003,563.6410235000001,123.436472,-114.50117800000001,587.2176764999999,282.3143215,17.572716,-68.83138300000007,-13.714698999999996
-162.41872899999998,843.34135,272.864529,-318.0839525,563.5386080000001,124.5655955,-114.73262700000001,587.7701285,283.4127915,17.434523999999996,-68.95092899999997,-13.202568999999983
-162.29243266666668,843.4633293333333,272.9661106666667,-318.27277100000003,563.4426285,125.6762085,-114.963896,588.31525,284.490586,17.29334999999999,-69.06759800000009,-12.692993999999999
-162.1684976666667,843.5834043333334,273.0647323333333,-318.461252,563.3528315,126.768748,-115.194955,588.853241,285.548112,17.149476000000007,-69.181374,-12.186142000000018
-162.04695333333333,843.701733,273.16048500000005,-318.6495445,563.268968,127.84365650000001,-115.42576199999999,589.3843045000001,286.5857685,17.00318800000001,-69.292235,-11.682182999999952
-161.92782366666665,843.8184626666666,273.2534636666667,-318.8377935,563.1907895,128.90138149999999,-115.656262,589.9086440000001,287.6039405,16.854768000000007,-69.40015800000003,-11.181283000000008
-161.81112800000002,843.9337306666666,273.343764,-319.026136,563.1180535000001,129.942376,-115.886388,590.4264635,288.6030035,16.704496000000006,-69.50511900000004,-10.683605
-161.69688033333335,844.0476643333335,273.4314826666667,-319.214704,563.050522,130.967092,-116.116064,590.9379705,289.58331899999996,16.55265,-69.60708700000009,-10.189314000000024
-161.585091,844.160383,273.516719,-319.40362300000004,562.987961,131.97598,-116.3452045,591.4433730000001,290.545237,16.39950900000001,-69.70603399999993,-9.698566000000028
-161.47576433333336,844.2719963333333,273.59957133333336,-319.59301100000005,562.9301435,132.969489,-116.573717,591.9428795,291.48909449999996,16.245341999999994,-69.80192699999998,-9.21151900000001
-161.36890166666666,844.3826043333332,273.68013933333333,-319.78297799999996,562.876849,133.948062,-116.8015015,592.4366995,292.41521850000004,16.090415000000007,-69.89473899999996,-8.728326999999979
-161.26449966666667,844.4922996666666,273.7585226666667,-319.97362599999997,562.827865,134.9121375,-117.028455,592.9250420000001,293.3239225,15.934989999999999,-69.98443600000007,-8.249136999999962
-161.16255033333331,844.6011676666667,273.83482,-320.1650495,562.782985,135.8621435,-117.25447,593.4081185,294.2155095,15.779318000000004,-70.07098900000005,-7.774098999999978
-161.063043,844.7092833333332,273.90913,-320.35733500000003,562.7420139999999,136.798501,-117.4794375,593.8861374999999,295.0902715,15.623647000000005,-70.15436899999997,-7.303350999999964
-160.965962,844.8167166666666,273.98155033333336,-320.5505605,562.7047634999999,137.7216205,-117.7032475,594.3593075,295.948491,15.468215,-70.23455100000001,-6.837032000000022
-160.87128933333335,844.9235299999999,274.0521776666667,-320.744795,562.6710565,138.631899,-117.925792,594.827836,296.7904425,15.31325000000001,-70.31151,-6.375276999999983
-160.779002,845.0297773333333,274.121107,-320.94009900000003,562.6407265,139.5297225,-118.146964,595.2919300000001,297.616389,15.158972000000006,-70.38522799999998,-5.918213999999978
-160.68907566666667,845.1355093333333,274.1884316666667,-321.136527,562.613617,140.415463,-118.3666595,595.751792,298.4265905,15.005595,-70.45568800000001,-5.46596900000003
-160.60148166666667,845.2407676666667,274.25424300000003,-321.334122,562.5895820000001,141.2894795,-118.58478099999999,596.207624,299.2212965,14.853315999999992,-70.522876,-5.018661000000009
-160.51618866666666,845.3455909999999,274.3186303333334,-321.53292150000004,562.568489,142.152115,-118.80123499999999,596.659624,300.0007535,14.702328000000009,-70.58678800000007,-4.576404999999966
-160.43316333333334,845.4500103333334,274.381681,-321.73295299999995,562.5502165,143.0036985,-119.015935,597.1079864999999,300.7652025,14.552809999999994,-70.64741900000001,-4.139313000000016
-160.35236899999998,845.5540543333333,274.4434786666667,-321.934239,562.534654,143.84454350000001,-119.2288035,597.552902,301.5148805,14.40492900000001,-70.70477400000004,-3.7074910000000045
-160.273767,845.6577453333333,274.50410633333337,-322.1367925,562.521704,144.6749475,-119.4397705,597.9945560000001,302.2500235,14.258847000000003,-70.75886200000002,-3.2810369999999693
-160.19731733333336,845.7611016666666,274.563642,-322.3406215,562.5112815,145.4951935,-119.6487765,598.4331295,302.970864,14.114706999999996,-70.80969700000003,-2.860048000000006
-160.12297633333333,845.8641389999999,274.62216200000006,-322.5457265,562.5033129999999,146.305547,-119.85577,598.868798,303.677634,13.972646000000012,-70.857302,-2.4446140000000014
-160.05070066666667,845.9668683333333,274.6797393333333,-322.7521005,562.4977375,147.10626050000002,-120.06071399999999,599.3017305,304.370566,13.832788000000008,-70.90170499999999,-2.034819999999968
-159.980444,846.0692983333332,274.736443,-322.95973449999997,562.494505,147.8975695,-120.263579,599.7320890000001,305.0498915,13.695243999999988,-70.94294000000002,-1.6307430000000522
-159.91216,846.1714350000001,274.79234,-323.1686115,562.4935785,148.6796965,-120.4643485,600.1600295,305.7158445,13.560114999999996,-70.98104699999999,-1.232456999999954
-159.84579899999997,846.2732803333333,274.84749266666665,-323.37871,562.494931,149.45284700000002,-120.6630175,600.5856995,306.368662,13.427491000000003,-71.016073,-0.840028000000018
-159.78131266666665,846.3748366666665,274.9019603333333,-323.590005,562.4985465,150.2172135,-120.85959199999999,601.0092405,307.0085795,13.297450000000012,-71.04807300000004,-0.4535170000000335
-159.718651,846.4761013333333,274.9558,-323.802468,562.5044204999999,150.9729745,-121.054092,601.430782,307.63584000000003,13.170057999999997,-71.07710599999996,-0.07297799999997778
-159.65776300000002,846.5770736666667,275.00906299999997,-324.0160665,562.5125565000001,151.720296,-121.2465465,601.8504495,308.25068450000003,13.045371000000003,-71.10323700000004,0.30154099999998607
-159.59859833333334,846.6777486666666,275.06179833333334,-324.2307655,562.5229684999999,152.459329,-121.436996,602.268355,308.8533615,12.923432000000005,-71.12653799999998,0.6700030000000083
-159.541105,846.7781206666667,275.1140516666667,-324.446528,562.535678,153.1902145,-121.625494,602.6846049999999,309.4441205,12.80427400000002,-71.14708600000006,1.032371000000012
-159.48523166666666,846.8781853333334,275.16586433333333,-324.66331349999996,562.550715,153.91307899999998,-121.812102,603.099294,310.02321500000005,12.687919999999991,-71.16496400000005,1.388621999999998
-159.43092766666666,846.9779349999999,275.2172746666667,-324.8810835,562.5681165000001,154.628039,-121.9968935,603.5125075,310.5909015,12.574381000000002,-71.18025699999998,1.7387369999999578
-159.37814133333333,847.077362,275.26831699999997,-325.099794,562.5879255,155.3351995,-122.1799485,603.924321,311.147441,12.463658999999993,-71.19305599999996,2.082708000000025
-159.32682233333333,847.17646,275.31902299999996,-325.3194035,562.6101894999999,156.0346545,-122.361359,604.334799,311.69309450000003,12.355744000000001,-71.20345599999996,2.4205330000000345
-159.27691966666669,847.275221,275.3694196666666,-325.53986799999996,562.634961,156.72648800000002,-122.541221,604.743996,312.22812899999997,12.250619999999998,-71.21155799999997,2.7522200000000225
-159.228384,847.373637,275.419532,-325.761144,562.6622975,157.4107745,-122.71964,605.151957,312.7528115,12.148256000000003,-71.21745999999996,3.077783000000011
-159.18116566666666,847.4717013333333,275.46938166666666,-325.983188,562.692256,158.0875785,-122.896726,605.5587145,313.2674105,12.048615999999996,-71.221269,3.397248999999988
-159.13521733333332,847.5694066666666,275.518985,-326.205956,562.724897,158.7569555,-123.0725935,605.9642915,313.7721985,11.951654999999988,-71.22308899999996,3.7106509999999844
-159.09049100000001,847.6667446666667,275.5683576666667,-326.429404,562.7602815,159.4189515,-123.2473615,606.3687005,314.26744399999995,11.857316999999995,-71.223027,4.018034
-159.04694133333334,847.7637103333333,275.617512,-326.6534885,562.7984695,160.073606,-123.42115150000001,606.7719425,314.7534195,11.765542999999994,-71.22119299999997,4.319446999999968
-159.00452166666665,847.8602970000001,275.6664563333334,-326.87816499999997,562.8395204999999,160.720949,-123.594086,607.1740095,315.2303945,11.676260000000013,-71.21769500000005,4.614953000000014
-158.96318799999997,847.9564986666668,275.715197,-327.1033895,562.883491,161.361001,-123.766288,607.574881,315.6986375,11.589396000000008,-71.21264199999996,4.904623000000015
-158.92289833333334,848.0523103333334,275.7637373333334,-327.32911750000005,562.930435,161.99377850000002,-123.93788,607.974528,316.158415,11.504864000000012,-71.206142,5.188535999999999
-158.88360966666667,848.1477279999999,275.81207900000004,-327.555303,562.9804025,162.61928749999998,-124.108983,608.3729105,316.6099905,11.422577999999987,-71.19830100000001,5.466781000000026
-158.84528266666666,848.2427473333333,275.860221,-327.7819,563.0334379999999,163.237528,-124.27971350000001,608.76998,317.053624,11.342445000000012,-71.18922599999996,5.739452000000028
-158.807877,848.3373646666665,275.908159,-328.00885949999997,563.0895815,163.84849350000002,-124.4501865,609.165677,317.4895705,11.264364999999998,-71.17901999999992,6.006659000000013
-158.77135566666666,848.4315773333334,275.95588833333335,-328.236133,563.1488655,164.4521705,-124.620509,609.5599334999999,317.9180805,11.188236000000003,-71.16778499999998,6.268511000000046
-158.73568233333333,848.5253826666667,276.00340133333333,-328.463667,563.211316,165.048539,-124.7907845,609.952673,318.3393975,11.113951,-71.15561600000001,6.525128999999993
-158.70082166666668,848.618778,276.05068966666664,-328.69140649999997,563.2769515,165.6375725,-124.961107,610.3438095,318.75376,11.041404,-71.14261099999999,6.776642000000038
-158.66673933333334,848.7117633333334,276.09774166666665,-328.9192935,563.3457805,166.21923950000001,-125.131564,610.7332515,319.16139799999996,10.970482000000004,-71.12885900000003,7.023181999999963
-158.63340466666668,848.8043366666667,276.144546,-329.147266,563.417804,166.793503,-125.302234,611.1208965000001,319.562534,10.901072,-71.11444900000004,7.26488999999998
-158.60078566666667,848.8964966666667,276.1910886666667,-329.3752555,563.4930135,167.360321,-125.473186,611.5066375,319.957382,10.833061999999984,-71.09946300000001,7.501909999999953
-158.56885366666666,848.9882426666667,276.2373556666667,-329.6031925,563.571389,167.919647,-125.64447799999999,611.8903620000001,320.34614750000003,10.766338000000005,-71.08398,7.7343890000000215
-158.53758100000002,849.0795746666666,276.283332,-329.830999,563.6529015,168.4714295,-125.816158,612.2719485,320.729027,10.700785999999994,-71.06807299999991,7.962481999999966
-158.50694000000001,849.1704916666667,276.32899999999995,-330.058593,563.7375115,169.0156155,-125.98826199999999,612.651273,321.10620600000004,10.636296000000002,-71.05181400000004,8.186342000000025
-158.47690633333335,849.2609940000001,276.37434333333334,-330.285886,563.825167,169.552146,-126.160814,613.028206,321.47785999999996,10.572757999999993,-71.03526399999998,8.406126000000029
-158.44745699999999,849.3510796666666,276.41934399999997,-330.51278249999996,563.9158070000001,170.0809635,-126.33382649999999,613.402613,321.844156,10.510062999999988,-71.01848399999994,8.621993999999972
-158.41856833333335,849.4407493333333,276.46398466666665,-330.73918249999997,564.009357,170.602004,-126.50730050000001,613.774358,322.20524750000004,10.448109000000002,-71.00152800000001,8.834100999999976
-158.39021966666667,849.5300010000001,276.5082466666667,-330.96497850000003,564.1057335,171.1152075,-126.68122199999999,614.1433015,322.561279,10.386793999999995,-70.98444500000005,9.042605999999978
-158.36239133333333,849.618834,276.5521106666667,-331.19005500000003,564.20484,171.6205095,-126.855566,614.509301,322.912384,10.326021999999995,-70.96727799999996,9.247664000000043
-158.33506433333332,849.7072456666666,276.59555866666665,-331.414291,564.30657,172.1178485,-127.0302945,614.8722150000001,323.2586845,10.265705000000011,-70.95006799999999,9.449427000000014
-158.30822133333334,849.7952343333333,276.63857133333335,-331.6375605,564.4108060000001,172.60716250000002,-127.20535799999999,615.2318984999999,323.6002915,10.205753999999999,-70.93284699999992,9.648042999999973
-158.28184633333333,849.8827970000001,276.681131,-331.85972849999996,564.5174205000001,173.088393,-127.3806935,615.58821,323.9373055,10.146091000000013,-70.91564599999992,9.843659000000002
-158.25592300000002,849.9699303333333,276.72321833333336,-332.080657,564.626274,173.5614825,-127.55622600000001,615.941005,324.269816,10.086641999999998,-70.89848800000004,10.036411999999984
-158.23043800000002,850.056629,276.76481600000005,-332.300201,564.73722,174.0263785,-127.7318705,616.290143,324.597902,10.027343000000002,-70.88139600000011,10.226435999999978
-158.20537666666667,850.1428886666666,276.805906,-332.5182105,564.8501014999999,174.483032,-127.9075295,616.6354845000001,324.9216315,9.968132999999995,-70.86438499999997,10.413857000000007
-158.18072733333332,850.2287026666667,276.846471,-332.7345315,564.964753,174.9313995,-128.08309450000002,616.9768925000001,325.241063,9.908961000000005,-70.84746699999994,10.598793999999998
-158.15647766666666,850.314064,276.88649433333336,-332.9490065,565.081001,175.371441,-128.2584495,617.3142335,325.556245,9.849783000000016,-70.83065099999999,10.781356000000017
-158.13261666666668,850.3989646666665,276.9259603333333,-333.1614755,565.1986655000001,175.8031245,-128.433466,617.647378,325.867216,9.790561999999994,-70.813942,10.961648000000025
-158.10913333333335,850.4833953333333,276.964853,-333.37177399999996,565.3175610000001,176.226425,-128.6080095,617.976201,326.17400499999997,9.731271000000007,-70.79734399999995,11.139759999999967
-158.08601833333333,850.5673446666666,277.00315800000004,-333.57973849999996,565.437496,176.6413245,-128.781936,618.3005820000001,326.476634,9.671890000000005,-70.78085399999998,11.315776000000028
-158.06326233333334,850.6508013333333,277.04086133333334,-333.785204,565.5582744999999,177.0478105,-128.955095,618.6204055000001,326.7751135,9.612408000000002,-70.76447100000007,11.489766999999972
-158.040856,850.7337523333332,277.07794933333327,-333.9880045,565.6796979999999,177.44588149999998,-129.127329,618.935562,327.06944799999997,9.552819999999997,-70.74819000000002,11.661798000000033
-158.01879133333333,850.8161829999999,277.1144103333333,-334.1879775,565.801565,177.835543,-129.298477,619.2459495,327.35963449999997,9.493129999999994,-70.73200299999996,11.831919000000028
-157.99706,850.8980776666667,277.1502326666667,-334.38495850000004,565.923674,178.21680800000001,-129.468372,619.5514705,327.64566149999996,9.433352,-70.7159049999999,12.000170999999966
-157.975654,850.9794190000001,277.185406,-334.57879,566.045822,178.589699,-129.6368435,619.8520365,327.927511,9.373505000000009,-70.699883,12.166585999999995
-157.954566,851.0601886666667,277.21992,-334.769315,566.167807,178.954247,-129.803719,620.147564,328.205159,9.31361600000001,-70.68392999999992,12.331184000000007
-157.93378933333335,851.140367,277.253767,-334.9563815,566.2894315000001,179.3104895,-129.9688245,620.437979,328.478576,9.253720999999999,-70.66803600000003,12.493972000000042
-157.91331633333334,851.2199316666666,277.28693833333335,-335.1398425,566.410498,179.6584755,-130.1319835,620.7232145,328.747726,9.193860999999998,-70.65218900000002,12.654949999999985
-157.89314000000002,851.29886,277.31942733333335,-335.3195575,566.5308145,179.99825800000002,-130.293022,621.0032105,329.012569,9.134083999999987,-70.63637900000003,12.814107999999976
-157.873254,851.3771276666666,277.35122866666666,-335.495392,566.6501945,180.3299,-130.451765,621.2779145,329.27305950000004,9.074446000000009,-70.62059699999998,12.97142500000001
-157.85365133333335,851.45471,277.382337,-335.6672185,566.768457,180.65347,-130.6080415,621.547284,329.5291485,9.015006999999997,-70.60483199999999,13.126869
-157.83432566666667,851.531579,277.41274833333335,-335.834917,566.8854285,180.969045,-130.7616805,621.8112815,329.780784,8.955832999999998,-70.58907699999997,13.280401999999981
-157.81527033333333,851.6077063333333,277.4424596666667,-335.998378,567.000943,181.276706,-130.9125175,622.0698805,330.02790849999997,8.896993000000009,-70.57332499999995,13.431977000000018
-157.79647833333334,851.6830630000001,277.47146833333335,-336.15749800000003,567.1148415,181.57654000000002,-131.06038999999998,622.3230595,330.2704635,8.838563999999991,-70.55756900000006,13.581537000000026
-157.777944,851.7576170000001,277.4997733333333,-336.3121845,567.2269775,181.86864,-131.20514300000002,622.570806,330.50838799999997,8.780626000000012,-70.54180400000007,13.729022000000043
-157.75966033333336,851.8313366666666,277.527374,-336.4623555,567.3372105000001,182.1531015,-131.34662500000002,622.8131145,330.741618,8.72326000000001,-70.526027,13.874359999999967
-157.74162033333332,851.9041883333333,277.55427033333336,-336.60793650000005,567.4454125,182.430025,-131.484693,623.049987,330.9700895,8.666554000000005,-70.51023800000007,14.017477000000042
-157.72381833333336,851.976137,277.5804633333333,-336.74886749999996,567.551465,182.699513,-131.6192105,623.2814315,331.19373399999995,8.610595000000004,-70.49443299999996,14.158294000000012
-157.70624633333333,852.0471476666667,277.605955,-336.885095,567.6552604999999,182.96167,-131.7500495,623.5074645,331.412486,8.555472999999992,-70.47861699999999,14.29672400000004
-157.68889766666666,852.1171826666667,277.6307473333333,-337.01657950000003,567.7567015,183.2166035,-131.877088,623.7281065,331.626276,8.501279999999994,-70.46279300000003,14.43267800000001
-157.67176600000002,852.1862046666666,277.654843,-337.14329050000003,567.8557035,183.46442000000002,-132.0002155,623.943386,331.835036,8.448106999999993,-70.44696399999998,14.566065999999978
-157.65484366666666,852.2541746666667,277.67824666666667,-337.265209,567.9521904999999,183.705228,-132.11933,624.1533360000001,332.0386985,8.396049999999988,-70.43113800000003,14.696793000000014
-157.638123,852.3210536666667,277.70096133333334,-337.38232800000003,568.046098,183.93913450000002,-132.23433799999998,624.3579955,332.2371945,8.34519800000001,-70.41532299999994,14.824763000000019
-157.62159733333334,852.3868006666667,277.72299300000003,-337.49465,568.1373719999999,184.166246,-132.345158,624.557408,332.4304575,8.295645999999977,-70.39952799999992,14.949881000000005
-157.60525933333335,852.4513753333334,277.7443446666667,-337.6021875,568.225968,184.3866675,-132.451717,624.7516205,332.618421,8.24748199999999,-70.38376499999993,15.072047999999995
-157.58910066666667,852.5147350000001,277.76502366666665,-337.704964,568.3118525,184.6005005,-132.55395199999998,624.940685,332.80102,8.200795999999997,-70.36804600000005,15.191168000000005
-157.573114,852.5768396666667,277.7850353333333,-337.80301399999996,568.3949995,184.80784699999998,-132.6518125,625.124657,332.97819100000004,8.155675000000002,-70.35238600000002,15.307150000000036
-157.55729133333332,852.6376446666667,277.804386,-337.89638,568.4753915,185.008802,-132.74525649999998,625.303595,333.149873,8.112204999999989,-70.33679800000004,15.419895999999994
-157.54162499999998,852.6971083333333,277.82308166666667,-337.9851125,568.553021,185.2034595,-132.834253,625.4775589999999,333.316006,8.070465999999982,-70.32129799999996,15.529319999999984
-157.52610666666666,852.7551883333332,277.8411303333333,-338.0692735,568.6278855,185.3919085,-132.91878300000002,625.6466125,333.476534,8.030536000000012,-70.30590300000006,15.635332000000005
-157.510729,852.8118406666667,277.8585373333333,-338.1489295,568.6999895,185.574234,-132.99883649999998,625.810819,333.631402,7.992491000000001,-70.29062999999996,15.737850000000037
-157.49548366666667,852.8670236666667,277.875311,-338.224156,568.7693429999999,185.750515,-133.0744145,625.9702445,333.78055900000004,7.956401,-70.27549899999997,15.836795999999993
-157.48036333333332,852.9206936666666,277.89145866666667,-338.295034,568.8359625,185.9208275,-133.14552650000002,626.124955,333.92395750000003,7.922333000000009,-70.26052400000003,15.932094999999947
-157.46535933333334,852.972809,277.90698733333335,-338.3616505,568.8998665,186.085239,-133.2121935,626.275018,334.0615525,7.890346999999991,-70.24572599999999,16.023679000000016
-157.45046533333334,853.0233263333333,277.92190466666665,-338.424096,568.9610785,186.24381499999998,-133.2744465,626.420498,334.1933035,7.860502999999994,-70.23112400000002,16.111485000000016
-157.43567233333332,853.072205,277.9362193333333,-338.482467,569.0196245,186.396612,-133.3323235,626.5614615,334.319173,7.832851000000005,-70.21673500000009,16.195457999999974
-157.42097366666667,853.1194036666666,277.9499376666667,-338.53686100000004,569.075531,186.543682,-133.385874,626.697973,334.439129,7.8074379999999906,-70.20258000000001,16.27554600000002
-157.40636166666664,853.1648813333333,277.9630686666667,-338.587378,569.1288274999999,186.685072,-133.4351535,626.830096,334.553143,7.784304999999989,-70.18867399999999,16.351707999999974
-157.39183,853.2085996666666,277.97561966666666,-338.6341205,569.179543,186.8208205,-133.480227,626.9578925,334.6611915,7.763490000000019,-70.17503699999997,16.423909000000037
-157.377371,853.2505186666667,277.98759866666666,-338.677191,569.227707,186.9509625,-133.5211675,627.081422,334.7632555,7.745018999999985,-70.16168400000004,16.492119000000002
-157.36297933333333,853.2906013333333,277.99901266666666,-338.71668999999997,569.2733479999999,187.0755245,-133.558053,627.2007415,334.85932149999996,7.728920000000016,-70.14863500000001,16.55632099999997
-157.34864766666666,853.328811,278.0098706666667,-338.75271999999995,569.316493,187.194529,-133.59097,627.315907,334.94938149999996,7.715210000000013,-70.13590399999998,16.616501000000028
-157.33437033333334,853.3651110000001,278.0201796666667,-338.7853795,569.3571685,187.307993,-133.62000949999998,627.4269695,335.033431,7.703901000000002,-70.12350700000002,16.672653999999966
-157.32014266666667,853.3994693333334,278.029947,-338.81476599999996,569.395398,187.4159265,-133.64527,627.5339805,335.111474,7.694999999999993,-70.11145699999997,16.724785999999995
-157.305958,853.4318513333334,278.039182,-338.8409725,569.4312024999999,187.51833649999998,-133.6668525,627.636985,335.1835175,7.688511000000005,-70.09977000000003,16.772909000000027
-157.291813,853.462226,278.0478903333333,-338.8640905,569.464602,187.6152235,-133.684864,627.7360275,335.249577,7.684424000000007,-70.08845700000006,16.817042000000015
-157.277703,853.4905643333333,278.05608033333334,-338.8842055,569.4956115,187.7065845,-133.6994145,627.8311484999999,335.309671,7.682733000000013,-70.07753100000002,16.857212000000004
-157.26362366666666,853.516838,278.0637596666667,-338.9014005,569.5242455,187.792413,-133.71061650000001,627.922385,335.363826,7.683420999999981,-70.06700000000001,16.89345800000001
-157.24957200000003,853.5410193333333,278.0709353333333,-338.915754,569.5505135000001,187.8726985,-133.718588,628.0097714999999,335.41207499999996,7.686465999999996,-70.0568770000001,16.925821999999982
-157.23554566666667,853.5630856666667,278.0776153333333,-338.9273385,569.574424,187.947428,-133.723445,628.09334,335.454456,7.691842000000008,-70.04717000000005,16.954353999999967
-157.22154133333333,853.583013,278.0838066666667,-338.9362235,569.595982,188.01658600000002,-133.72530849999998,628.1731185,335.491013,7.699518999999981,-70.03788499999996,16.979111999999986
-157.20755766666664,853.6007813333332,278.08951633333334,-338.9424725,569.6151895,188.08015699999999,-133.7242985,628.2491319999999,335.521798,7.709458999999981,-70.02903000000003,17.000163999999984
-157.19359433333332,853.6163710000001,278.09475199999997,-338.9461455,569.6320465,188.1381225,-133.72053599999998,628.321404,335.54686749999996,7.721621999999996,-70.02061200000003,17.017577000000017
-157.17964933333334,853.6297666666668,278.09952100000004,-338.9472965,569.6465515,188.19046500000002,-133.71414299999998,628.3899555,335.5662845,7.735963999999996,-70.01263299999994,17.031430999999998
-157.16572299999999,853.6409536666666,278.10383,-338.94597699999997,569.6587005,188.2371675,-133.7052385,628.454804,335.58011999999997,7.752434999999991,-70.00509999999997,17.041809999999998
-157.15181633333336,853.64992,278.107687,-338.9422335,569.6684895000001,188.2782135,-133.6939445,628.515967,335.58844799999997,7.770983000000001,-69.99801400000001,17.04879999999997
-157.13793033333334,853.6566549999999,278.11109933333336,-338.93610850000005,569.675911,188.31358899999998,-133.68037850000002,628.5734580000001,335.5913515,7.791550999999998,-69.99137800000005,17.052494999999965
-157.12406633333333,853.6611526666666,278.1140736666667,-338.92764250000005,569.680959,188.3432825,-133.664658,628.627291,335.588917,7.814077999999995,-69.98519399999998,17.052994000000012
-157.110227,853.663407,278.116617,-338.916873,569.683627,188.367287,-133.646898,628.677478,335.5812375,7.838505999999995,-69.97946200000001,17.050396999999975
-157.09641533333334,853.6634156666665,278.11873799999995,-338.903834,569.6839090000001,188.38559750000002,-133.62721249999998,628.7240315,335.5684115,7.864765000000006,-69.97418300000004,17.044809000000043
-157.08263566666665,853.6611800000001,278.12044266666663,-338.888559,569.681799,188.3982155,-133.60571149999998,628.766961,335.5505435,7.892791000000017,-69.96935599999995,17.036338999999998
-157.06889166666667,853.656701,278.1217393333333,-338.8710795,569.677293,188.4051465,-133.582504,628.806278,335.527741,7.922511999999983,-69.96497999999997,17.025093999999967
-157.05518866666668,853.6499843333332,278.12263433333334,-338.851427,569.670389,188.4064025,-133.55769500000002,628.8419945,335.5001185,7.953856000000002,-69.9610550000001,17.011189
-157.041532,853.6410380000001,278.1231363333333,-338.8296325,569.661087,188.402003,-133.5313875,628.8741225,335.46779349999997,7.986752999999993,-69.9575789999999,16.99473500000005
-157.02792799999997,853.6298713333334,278.12325166666665,-338.805727,569.6493885,188.391972,-133.503681,628.9026745,335.430888,8.021127999999976,-69.95454900000004,16.975847999999985
-157.01438366666665,853.6164976666665,278.12298833333335,-338.7797435,569.635301,188.3763425,-133.474673,628.9276645,335.38952800000004,8.056904000000003,-69.95196499999997,16.954639999999984
-157.00090633333335,853.600932,278.12235366666664,-338.75171550000005,569.6188314999999,188.3551545,-133.444457,628.9491085,335.343843,8.094007999999974,-69.94982300000004,16.931223999999986
-156.98750366666664,853.583192,278.121355,-338.721679,569.5999939999999,188.32845600000002,-133.413123,628.967025,335.293965,8.132362,-69.94812200000001,16.905715999999984
-156.97418466666667,853.5632976666667,278.12000000000006,-338.68967299999997,569.5788055,188.29630300000002,-133.3807605,628.9814325,335.24003000000005,8.171890999999988,-69.94685900000002,16.878225999999984
-156.96095833333334,853.541272,278.11829566666665,-338.655739,569.5552875,188.2587595,-133.347453,628.992354,335.18217549999997,8.212519999999984,-69.94603400000005,16.84886499999999
-156.94783433333336,853.517139,278.11625000000004,-338.619921,569.529465,188.215896,-133.3132825,628.9998135,335.1205405,8.254173000000009,-69.94564100000002,16.817740999999955
-156.93482266666666,853.4909256666666,278.1138703333333,-338.582269,569.50137,188.167792,-133.2783285,629.003839,335.0552655,8.296774999999997,-69.94568200000003,16.784959000000015
-156.92193333333333,853.4626619999999,278.1111643333333,-338.54283399999997,569.471037,188.114534,-133.24266749999998,629.0044594999999,334.986494,8.34025299999999,-69.94615299999998,16.75062200000002
-156.909178,853.4323793333333,278.10813866666666,-338.501674,569.4385075,188.0562165,-133.20637299999999,629.0017075000001,334.91436699999997,8.384535999999997,-69.94705299999998,16.714827999999954
-156.89656799999997,853.4001106666666,278.10480133333334,-338.458848,569.4038264999999,187.9929395,-133.169516,628.9956185000001,334.839029,8.429552000000001,-69.94838100000004,16.677673999999968
-156.88411433333332,853.3658916666667,278.1011596666667,-338.4144235,569.3670440000001,187.924809,-133.13216599999998,628.9862305,334.76062149999996,8.475229999999982,-69.95013500000005,16.63924700000001
-156.87183033333335,853.3297596666666,278.09722066666666,-338.36846849999995,569.328217,187.8519365,-133.094389,628.9735820000001,334.6792865,8.521503999999993,-69.952314,16.59963700000003
-156.85972766666669,853.2917536666668,278.09299166666665,-338.321058,569.287404,187.7744385,-133.0562485,628.9577155,334.59516499999995,8.568309,-69.9549189999999,16.558921999999995
-156.84781833333335,853.2519146666667,278.08848,-338.272269,569.2446705,187.692435,-133.017808,628.9386735,334.5083965,8.615578,-69.95794699999999,16.517179
-156.83611666666664,853.2102846666667,278.083693,-338.22218399999997,569.200086,187.60604899999998,-132.979126,628.9165009999999,334.419117,8.663252,-69.96139800000003,16.474478000000033
-156.82463633333336,853.1669076666667,278.078637,-338.17088850000005,569.153723,187.51540599999998,-132.940261,628.8912435,334.3274615,8.711270000000013,-69.96527300000002,16.430881
-156.81338866666667,853.121829,278.0733193333333,-338.1184705,569.1056585,187.42063100000001,-132.901269,628.8629444999999,334.2335615,8.75957600000001,-69.96957099999997,16.386446999999976
-156.802389,853.0750936666667,278.06774700000005,-338.065021,569.0559735,187.3218505,-132.8622035,628.8316495,334.137546,8.808112999999992,-69.97429299999999,16.341226000000006
-156.79165133333333,853.0267503333333,278.061926,-338.01063550000003,569.0047515,187.219188,-132.8231175,628.7973999999999,334.039538,8.856829000000005,-69.97943799999996,16.29526199999998
-156.78118899999998,852.976847,278.0558633333333,-337.9554085,568.9520795000001,187.112767,-132.7840595,628.7602360000001,333.939659,8.905673000000007,-69.985008,16.24859200000003
-156.77101666666667,852.9254326666666,278.049565,-337.8994365,568.8980469999999,187.002706,-132.74507799999998,628.720194,333.838025,8.95459600000001,-69.99100199999998,16.20124400000003
-156.76114800000002,852.8725566666667,278.043037,-337.84281699999997,568.8427455000001,186.889119,-132.706219,628.6773075,333.73474699999997,9.003552000000013,-69.99742100000003,16.153242000000034
-156.75159799999997,852.818269,278.0362853333333,-337.7856475,568.7862680000001,186.77211499999999,-132.667526,628.631601,333.62993,9.052497999999986,-70.00426600000003,16.10459800000001
-156.74238066666666,852.7626206666667,278.0293153333333,-337.728024,568.7287095,186.6517955,-132.6290405,628.5830965,333.523676,9.101390999999978,-70.01153700000009,16.055319999999995
-156.73351033333333,852.7056616666667,278.02213266666666,-337.6700425,568.6701665,186.5282555,-132.5908005,628.5318045,333.416079,9.150191000000007,-70.01923499999998,16.005404
-156.72500200000002,852.6474426666667,278.0147416666667,-337.611796,568.610736,186.4015805,-132.552843,628.477729,333.307229,9.19886000000001,-70.02735999999993,15.95483999999999
-156.71686866666664,852.5880139999999,278.0071476666667,-337.5533765,568.5505145,186.27184599999998,-132.5152015,628.4208615,333.19720900000004,9.247359000000003,-70.03591099999994,15.90361200000001
-156.70912533333333,852.527426,277.999355,-337.49487,568.4896005,186.139117,-132.4779065,628.3611835,333.086096,9.295656999999991,-70.044891,15.851689999999962
-156.70178633333333,852.4657273333333,277.9913673333333,-337.4363615,568.428091,186.0034495,-132.4409855,628.298662,332.97396100000003,9.343716999999998,-70.05429800000002,15.799042000000043
-156.69486500000002,852.4029676666665,277.983189,-337.377931,568.3660825,185.86488400000002,-132.404463,628.2332504999999,332.860869,9.391507999999988,-70.06413299999997,15.745621999999969
-156.68837466666668,852.3391943333332,277.974823,-337.319654,568.303671,185.723451,-132.368359,628.1648855000001,332.746878,9.438998000000012,-70.07439499999998,15.691377999999986
-156.68232933333334,852.2744543333334,277.9662726666667,-337.2615995,568.240952,185.57916699999998,-132.3326915,628.0934875,332.6320405,9.486157000000006,-70.08508500000005,15.63624900000002
-156.67674233333332,852.2087933333332,277.95754066666666,-337.20383300000003,568.1780185,185.43203599999998,-132.297472,628.018958,332.5164035,9.532954000000004,-70.09620199999995,15.580167000000017
-156.671626,852.1422560000001,277.9486293333334,-337.146412,568.114962,185.28204699999998,-132.26271,627.9411785,332.400007,9.579358,-70.10774500000002,15.523052000000007
-156.66699333333335,852.0748846666667,277.9395406666667,-337.08939050000004,568.051872,185.129176,-132.2284105,627.8600105,332.28288599999996,9.625342999999987,-70.11971499999993,15.464819999999975
-156.66285566666667,852.0067210000001,277.9302773333333,-337.032813,567.988835,184.9733845,-132.1945715,627.775292,332.165069,9.670877000000004,-70.13211000000001,15.405373999999995
-156.659225,851.937804,277.9208396666667,-336.97672,567.9259354999999,184.8146215,-132.1611895,627.6868380000001,332.046581,9.715933000000007,-70.14493000000004,15.344613999999979
-156.65611266666667,851.8681713333334,277.91122966666666,-336.92114300000003,567.863255,184.65282000000002,-132.128254,627.594441,331.9274415,9.760477999999992,-70.15817600000003,15.28242899999998
-156.65352933333332,851.797858,277.901448,-336.8661085,567.8008705,184.487902,-132.0957495,627.4978655,331.807665,9.804485000000014,-70.17184700000007,15.218698000000018
-156.65148566666664,851.7268966666667,277.8914956666667,-336.811634,567.7388555,184.319776,-132.063656,627.3968515,331.68726200000003,9.847921999999997,-70.18594299999995,15.153298000000007
-156.64999066666667,851.6553186666666,277.88137333333333,-336.75773200000003,567.6772794999999,184.148336,-132.031948,627.291113,331.5662405,9.89075600000001,-70.20046400000001,15.086093000000005
-156.649054,851.5831513333333,277.87108066666667,-336.704405,567.6162079999999,183.973467,-132.0005935,627.1803355,331.44460549999997,9.932957000000002,-70.21541100000002,15.016943000000026
-156.64868433333334,851.5104203333334,277.86061866666665,-336.6516505,567.5557005000001,183.7950405,-131.9695565,627.0641775,331.322358,9.974491000000015,-70.23078499999997,14.945701999999983
-156.64888933333336,851.437149,277.849987,-336.59945849999997,567.495812,183.612919,-131.938796,626.942269,331.199498,10.015322000000012,-70.24658599999998,14.872213999999985
-156.649676,851.3633563333333,277.839186,-336.54780949999997,567.436591,183.4269555,-131.908264,626.814213,331.0760245,10.055415999999994,-70.26281399999993,14.796318999999983
-156.651052,851.2890590000001,277.82821466666667,-336.4966775,567.378082,183.236993,-131.877908,626.6795824999999,330.9519355,10.094735999999997,-70.27947299999994,14.717850999999996
-156.65302233333333,851.2142713333334,277.81707366666666,-336.4460305,567.32032,183.0428685,-131.847671,626.5379255,330.827228,10.133239999999986,-70.29656299999999,14.63664
-156.65559266666665,851.1390036666667,277.80576233333335,-336.395826,567.263336,182.84441199999998,-131.81749000000002,626.38876,330.7019,10.17089200000001,-70.31408799999997,14.552505999999994
-156.65876766666668,851.063264,277.79428133333334,-336.3460165,567.2071535,182.64144800000003,-131.7872985,626.2315795,330.5759505,10.207646999999994,-70.33204899999998,14.465266999999983
-156.66255066666668,850.9870553333334,277.78263,-336.296544,567.1517885000001,182.433798,-131.757025,626.0658475,330.44938,10.243464000000003,-70.35044900000003,14.374740000000031
-156.66694500000003,850.9103799999999,277.7708083333333,-336.2473445,567.0972495,182.22127799999998,-131.726594,625.891007,330.32219050000003,10.278296000000012,-70.36929199999997,14.280732999999998
-156.67195266666667,850.8332343333335,277.758817,-336.198345,567.0435375,182.00370500000002,-131.69592600000001,625.7064720000001,330.194387,10.312098000000006,-70.38857999999993,14.183051999999975
-156.67757533333335,850.7556129999999,277.74665566666664,-336.1494655,566.9906464999999,181.780894,-131.664938,625.511636,330.0659785,10.34481799999999,-70.40832,14.081503000000055
-156.68381300000001,850.677506,277.7343253333333,-336.1006165,566.938562,181.5526615,-131.6335455,625.30587,329.9369765,10.37640900000001,-70.42851199999996,13.975887
-156.69066533333333,850.5989016666666,277.721827,-336.05170150000004,566.8872604999999,181.318826,-131.6016605,625.0885235,329.807396,10.406815000000009,-70.449163,13.86600199999998
-156.698132,850.5197823333333,277.7091613333334,-336.0026145,566.836713,181.0792085,-131.569192,624.858929,329.677257,10.43598399999999,-70.47027600000001,13.75165000000004
-156.70621033333333,850.4401293333334,277.6963296666666,-335.95324300000004,566.7868814999999,180.833637,-131.536049,624.6164005,329.546584,10.463858000000002,-70.4918570000001,13.632627999999954
-156.71489733333334,850.3599186666667,277.68333433333333,-335.90346550000004,566.7377185,180.581942,-131.50214,624.3602365,329.415406,10.490380000000002,-70.51391100000001,13.508734000000004
-156.72418933333333,850.2791233333334,277.67017633333336,-335.853152,566.6891725,180.323963,-131.467372,624.089723,329.283757,10.515488000000019,-70.53644199999997,13.379768000000013
-156.734082,850.1977139999999,277.656859,-335.8021655,566.641181,180.059548,-131.43165249999998,623.8041335,329.1516775,10.539120999999994,-70.55945499999996,13.245531000000028
-156.74456999999998,850.1156566666667,277.64338399999997,-335.750361,566.5936765,179.7885535,-131.39489,623.5027335,329.01921,10.561214000000007,-70.58295299999997,13.105825999999979
-156.75564699999998,850.0329143333333,277.629756,-335.697585,566.5465835,179.5108465,-131.3569935,623.1847809999999,328.88640499999997,10.581700999999995,-70.606942,12.960459999999955
-156.76730566666666,849.9494460000001,277.615977,-335.64368,566.499821,179.22630600000002,-131.3178765,622.8495290000001,328.7533165,10.600513000000007,-70.63142400000004,12.809240999999986
-156.77953866666667,849.8652093333334,277.6020526666667,-335.588479,566.4533,178.934823,-131.27745199999998,622.4962275,328.620003,10.617581999999999,-70.65640099999996,12.65198399999997
-156.79233666666667,849.7801573333332,277.5879863333334,-335.53181,566.406926,178.6363015,-131.235638,622.1241275,328.486528,10.632834000000003,-70.68187699999999,12.488509999999962
-156.80569066666666,849.6942396666667,277.573783,-335.4734945,566.3606015,178.330661,-131.19235550000002,621.732482,328.352959,10.646197,-70.70785000000001,12.31864399999995
-156.8195903333333,849.6074043333333,277.5594496666667,-335.413351,566.3142204999999,178.0178335,-131.14753,621.320547,328.2193665,10.657594000000003,-70.73432000000003,12.142217000000016
-156.834024,849.5195943333333,277.544991,-335.3511915,566.2676730000001,177.6977695,-131.1010915,620.8875869999999,328.085825,10.666948999999988,-70.76128400000005,11.959071999999992
-156.848981,849.4307519999999,277.530414,-335.28682549999996,566.2208459999999,177.3704335,-131.052975,620.4328754999999,327.95241,10.674183999999983,-70.78873699999997,11.769053999999983
-156.86444766666668,849.3408153333334,277.51572633333336,-335.2200605,566.173622,177.035807,-131.003122,619.955695,327.81920049999997,10.679215999999983,-70.81667199999993,11.572023000000002
-156.880411,849.2497213333332,277.50093533333336,-335.15070049999997,566.1258789999999,176.69389,-130.9514785,619.4553450000001,327.68627549999997,10.681965000000005,-70.84508199999993,11.36784700000004
-156.89685699999998,849.157403,277.48604900000004,-335.0785505,566.0774925000001,176.344697,-130.8979985,618.9311379999999,327.553715,10.682348999999988,-70.87395200000003,11.15640000000002
-156.913771,849.0637913333334,277.4710763333333,-335.00341449999996,566.028336,175.98826250000002,-130.8426425,618.382406,327.421597,10.680280999999994,-70.90326799999991,10.937573999999984
-156.93113766666667,848.968816,277.4560266666667,-334.9250975,565.978278,175.624637,-130.7853775,617.8085,327.2899995,10.675679000000017,-70.93301399999996,10.711268999999959
-156.9489406666667,848.872403,277.44090966666664,-334.84340599999996,565.9271879999999,175.2538895,-130.726177,617.2087925000001,327.1589985,10.668454000000011,-70.963167,10.477396999999996
-156.967164,848.7744779999999,277.42573500000003,-334.758151,565.87493,174.8761055,-130.66502499999999,616.5826795,327.0286645,10.658519999999996,-70.99370099999999,10.235884999999996
-156.98578999999998,848.6749633333334,277.41051500000003,-334.66914699999995,565.821369,174.4913875,-130.6019095,615.929583,326.8990655,10.645786999999999,-71.02458999999999,9.986669000000006
-157.00480066666668,848.5737816666666,277.39526,-334.576213,565.766368,174.099855,-130.5368285,615.2489505,326.770264,10.630168999999995,-71.05579899999998,9.72970399999997
-157.02417833333334,848.4708513333334,277.379982,-334.47917299999995,565.7097875,173.701642,-130.4697865,614.540258,326.642315,10.611576999999997,-71.08729199999993,9.464954000000034
-157.043904,848.3660920000001,277.3646926666667,-334.3778595,565.6514864999999,173.2969005,-130.400797,613.803011,326.5152665,10.589922000000016,-71.11902799999996,9.192399000000023
-157.06395833333335,848.2594203333333,277.3494046666667,-334.272112,565.5913265,172.885794,-130.32988,613.0367464999999,326.38915799999995,10.565113999999994,-71.15096099999994,8.912036
-157.08432233333335,848.1507533333333,277.334131,-334.16177849999997,565.529164,172.468503,-130.2570645,612.2410305,326.26402,10.537067000000008,-71.183041,8.62387000000001
-157.10497566666666,848.0400053333333,277.3188843333333,-334.04671599999995,565.464858,172.04521699999998,-130.182385,611.415465,326.13987199999997,10.505691999999982,-71.21521399999995,8.327923999999996
-157.125898,847.9270913333334,277.303678,-333.92679,565.3982659999999,171.6161405,-130.105885,610.559683,326.0167215,10.470904000000004,-71.24742000000003,8.024237000000028
-157.14706833333332,847.811926,277.2885253333333,-333.801879,565.3292449999999,171.1814865,-130.027614,609.6733525,325.894564,10.432614000000001,-71.27959699999997,7.712857999999983
-157.16846666666666,847.6944219999999,277.27344066666666,-333.671869,565.2576535000001,170.7414775,-129.947629,608.756175,325.77338299999997,10.390740000000008,-71.31167600000003,7.393851999999981
-157.19007233333335,847.5744933333334,277.25843633333335,-333.53665950000004,565.1833485,170.2963445,-129.8659925,607.8078885,325.653145,10.345198999999994,-71.34358500000008,7.067297999999994
-157.21186333333333,847.4520523333334,277.24352700000003,-333.39615949999995,565.106189,169.8463255,-129.78277350000002,606.828265,325.5338035,10.295911000000018,-71.37524600000006,6.733284999999967
-157.233819,847.3270123333333,277.22872566666666,-333.2502905,565.026035,169.3916615,-129.6980465,605.8171110000001,325.4152965,10.242795000000001,-71.40657999999996,6.391921000000025
-157.2559183333333,847.199287,277.214046,-333.0989855,564.9427475,168.93259899999998,-129.611891,604.774271,325.297544,10.185777999999999,-71.43750399999999,6.043319999999994
-157.2781403333333,847.0687893333334,277.19950066666667,-332.942188,564.8561885,168.469386,-129.52439049999998,603.6996214999999,325.18045099999995,10.124785000000003,-71.46792700000003,5.6876100000000065
-157.30046333333334,846.935434,277.18510333333336,-332.779853,564.7662235,168.002271,-129.435635,602.5930754999999,325.0639035,10.05974400000001,-71.49775899999997,5.324932999999987
-157.32286666666667,846.7991349999999,277.170866,-332.611947,564.672719,167.5315025,-129.345716,601.4545800000001,324.94777,9.990592000000007,-71.52690599999994,4.955438000000015
-157.34533,846.6598083333333,277.1568016666667,-332.4384465,564.575546,167.057324,-129.254728,600.2841175,324.831902,9.917261999999994,-71.55527099999995,4.579286000000025
-157.3678326666667,846.517369,277.1429216666667,-332.259338,564.474579,166.57997849999998,-129.162769,599.0817010000001,324.716129,9.839696000000004,-71.58275399999991,4.196648000000039
-157.39035466666667,846.3717350000001,277.1292373333333,-332.074619,564.3696945,166.09970049999998,-129.06994,597.8473795,324.6002665,9.757835999999998,-71.60925500000008,3.8077030000000036
-157.41287666666668,846.2228246666667,277.11575966666663,-331.8842955,564.260777,165.61672,-128.9763405,596.5812335,324.4841065,9.671633000000014,-71.63466899999992,3.412637000000018
-157.43537833333335,846.070557,277.10249866666663,-331.68838200000005,564.1477130000001,165.131256,-128.8820745,595.283373,324.367425,9.58103700000001,-71.65889199999992,3.0116459999999847
-157.45784166666667,845.9148526666668,277.08946433333335,-331.4869,564.0303960000001,164.6435205,-128.787243,593.9539414999999,324.2499775,9.486007999999998,-71.68181900000002,2.604930999999965
-157.480248,845.7556336666667,277.0766643333333,-331.2798805,563.908726,164.15371299999998,-128.6919495,592.5931105,324.13150199999995,9.386504999999985,-71.70334300000002,2.192698000000007
-157.50257933333333,845.592824,277.06410766666664,-331.06735949999995,563.7826095,163.66202249999998,-128.596294,591.2010805,324.01171650000003,9.282495999999995,-71.72335900000007,1.7751589999999737
-157.524819,845.4263486666667,277.051801,-330.84938,563.651959,163.1686245,-128.5003785,589.77808,323.8903215,9.173951000000002,-71.741758,1.3525330000000508
-157.54695033333334,845.256135,277.03975066666663,-330.6259875,563.516697,162.6736795,-128.40429949999998,588.3243655,323.7669995,9.060846999999995,-71.75843699999996,0.9250389999999697
-157.56895766666665,845.0821113333333,277.02796333333333,-330.39723449999997,563.3767515,162.1773365,-128.308154,586.8402165,323.641415,8.943166000000005,-71.77329099999997,0.49289999999996326
-157.59082533333333,844.9042079999999,277.01644166666665,-330.163177,563.2320589999999,161.679726,-128.21203500000001,585.32594,323.513215,8.820891999999986,-71.78621600000008,0.05634199999997236
-157.612539,844.722358,277.0051906666667,-329.9238715,563.0825665,161.180966,-128.11603300000002,583.781865,323.382031,8.694016000000005,-71.79710799999998,-0.38440800000000763
-157.634086,844.536496,276.99421233333334,-329.6793795,562.9282275,160.681155,-128.02023400000002,582.2083435,323.247478,8.562535999999994,-71.80586899999992,-0.8291219999999839
-157.655454,844.346557,276.9835083333333,-329.429762,562.7690044999999,160.18037850000002,-127.9247205,580.6057495,323.10915450000005,8.426449000000005,-71.81240099999991,-1.277571000000023
-157.67663000000002,844.1524813333334,276.973079,-329.1750805,562.604869,159.67870299999998,-127.8295715,578.9744760000001,322.9666455,8.285763000000003,-71.81660599999998,-1.7295290000000136
-157.69760399999998,843.9542086666667,276.9629233333333,-328.915398,562.435801,159.1761805,-127.734859,577.3149370000001,322.8195215,8.14048600000001,-71.81839200000002,-2.18476899999996
-157.71836666666667,843.7516820000001,276.953041,-328.6507765,562.2617885,158.672846,-127.64065249999999,575.6275635,322.66733999999997,7.990634999999983,-71.81766899999991,-2.643064000000038
-157.73890866666667,843.5448456666667,276.94342800000004,-328.3812765,562.0828265,158.1687195,-127.54701499999999,573.9128035,322.5096455,7.836225999999996,-71.81434899999999,-3.1041930000000093
-157.759223,843.3336476666667,276.934081,-328.1069565,561.898919,157.6638035,-127.4540065,572.171122,322.3459705,7.677285000000012,-71.80834600000003,-3.567934999999977
-157.77930233333333,843.118036,276.924995,-327.8278725,561.7100765,157.15808800000002,-127.3616785,570.4029975,322.175838,7.513836999999995,-71.799579,-4.034074000000032
-157.799142,842.8979633333335,276.91616300000004,-327.54407949999995,561.5163150000001,156.6515465,-127.27007850000001,568.608925,321.9987595,7.345917,-71.78797000000009,-4.502396999999974
-157.81873733333336,842.6733813333334,276.90757933333333,-327.2556275,561.317657,156.14414,-127.1792495,566.7894095,321.8142365,7.173558999999997,-71.77344500000004,-4.972694999999987
-157.83808466666667,842.4442466666666,276.89923466666664,-326.9625635,561.11413,155.63581499999998,-127.08922749999999,564.94497,321.62176450000004,6.996802999999986,-71.75593200000003,-5.444765000000018
-157.85718233333333,842.210516,276.89111866666667,-326.66493,560.9057645,155.126507,-127.0000445,563.076135,321.4208295,6.81569300000001,-71.73536000000001,-5.918407000000002
-157.87602933333332,841.9721490000001,276.8832223333333,-326.3627665,560.6925954999999,154.61614,-126.9117265,561.1834445,321.210911,6.630275000000012,-71.71166699999992,-6.393429999999967
-157.89462600000002,841.7291076666667,276.8755323333333,-326.0561075,560.4746595,154.104627,-126.8242935,559.267447,320.991483,6.440602999999982,-71.68478999999991,-6.869643999999994
-157.91297333333333,841.481355,276.8680366666667,-325.7449805,560.2519955,153.5918705,-126.737763,557.3286975,320.762014,6.246730000000014,-71.65466900000001,-7.346872000000019
-157.93107466666666,841.2288563333333,276.86072033333335,-325.4294105,560.0246425,153.0777645,-126.652145,555.3677605,320.521968,6.048711999999995,-71.62125100000003,-7.82493599999998
-157.948933,840.9715783333332,276.85356866666666,-325.109416,559.792639,152.5621965,-126.56744750000001,553.3852045000001,320.2708055,5.846613000000005,-71.58448099999998,-8.303673000000003
-157.966553,840.7094903333333,276.846566,-324.785011,559.5560244999999,152.045043,-126.48367300000001,551.3816055,320.0079845,5.640495999999999,-71.544309,-8.782918999999993
-157.98394066666665,840.4425626666667,276.839694,-324.4562025,559.3148355000001,151.526178,-126.40082050000001,549.357542,319.7329615,5.430429000000004,-71.50068799999997,-9.262524999999982
-158.00110366666667,840.1707676666666,276.8329346666667,-324.122993,559.0691059999999,151.005467,-126.3188865,547.313598,319.4451915,5.216483000000011,-71.453574,-9.742345
-158.01804933333332,839.8940796666667,276.82626899999997,-323.7853795,558.8188705,150.4827715,-126.237863,545.250357,319.14412749999997,4.998732000000018,-71.40292399999998,-10.222242999999992
-158.03478766666666,839.6124733333332,276.81967633333335,-323.4433535,558.5641579999999,149.9579475,-126.1577405,543.1684075000001,318.8292245,4.777253000000002,-71.34869700000002,-10.702089
-158.05132833333332,839.3259263333333,276.81313500000005,-323.096901,558.3049945,149.4308475,-126.0785075,541.0683375,318.49993900000004,4.5521249999999895,-71.29085499999997,-11.181763999999987
-158.06768333333335,839.034417,276.806624,-322.74600250000003,558.0414055,148.901321,-126.00015,538.950735,318.155727,4.323431999999997,-71.22936000000004,-11.661156000000005
-158.08386299999998,838.7379246666666,276.8001193333334,-322.39063450000003,557.773411,148.369213,-125.9226545,536.816188,317.7960485,4.091258999999994,-71.16417799999999,-12.140158999999983
-158.099883,838.4364313333334,276.79359800000003,-322.03076699999997,557.501031,147.8343665,-125.84600499999999,534.665283,317.420366,3.855696000000009,-71.09527400000007,-12.61868000000004
-158.11575533333334,838.1299183333334,276.787035,-321.6663675,557.224281,147.2966225,-125.770186,532.498603,317.028147,3.6168320000000023,-71.02261599999997,-13.096630000000005
-158.131496,837.8183696666666,276.78040599999997,-321.2973985,556.9431775,146.755819,-125.695183,530.316729,316.6188615,3.374763999999999,-70.94617199999999,-13.573931000000016
-158.14711966666667,837.5017706666666,276.77368433333334,-320.923818,556.657735,146.2117915,-125.6209805,528.120239,316.19198700000004,3.129587000000001,-70.86590999999999,-14.05051199999997
-158.162644,837.180107,276.7668443333333,-320.5455825,556.367968,145.6643745,-125.547566,525.9097055,315.747005,2.8814040000000034,-70.78179900000003,-14.526309999999967
-158.17808533333334,836.8533643333334,276.7598586666666,-320.162643,556.073893,145.1134005,-125.4749285,523.685696,315.283405,2.630314999999996,-70.69380999999998,-15.001272000000029
-158.19346099999999,836.5215323333333,276.7527003333333,-319.77495050000005,555.7755279999999,144.55870050000001,-125.40305649999999,521.448773,314.80068300000005,2.3764269999999925,-70.60191200000003,-15.475349999999992
-158.20879000000002,836.1845983333333,276.745341,-319.382452,555.472893,144.0001035,-125.33194499999999,519.1994910000001,314.2983435,2.1198480000000046,-70.50607400000001,-15.948507000000006
-158.22409066666665,835.842553,276.7377536666666,-318.985094,555.166015,143.43743899999998,-125.26158749999999,516.9384,313.775899,1.8606889999999936,-70.40626799999995,-16.420709999999985
-158.23938233333334,835.4953863333334,276.729908,-318.5828215,554.8549235,142.8705325,-125.1919845,514.666041,313.232874,1.599064999999996,-70.30246399999999,-16.891935999999987
-158.25468433333333,835.1430896666667,276.7217766666667,-318.17557850000003,554.5396565000001,142.2992115,-125.1231365,512.3829475,312.6688,1.3350910000000056,-70.19463100000002,-17.362167999999997
-158.270017,834.785655,276.71332966666665,-317.7633085,554.220257,141.723301,-125.0550485,510.0896445,312.08322150000004,1.0688870000000037,-70.08273900000006,-17.83139699999998
-158.28539933333332,834.4230756666666,276.7045373333333,-317.345956,553.8967775,141.142628,-124.987731,507.7866485,311.475695,0.8005739999999975,-69.96676100000002,-18.299615999999958
-158.30085233333332,834.0553443333333,276.69536999999997,-316.9234645,553.5692785,140.5570165,-124.92119550000001,505.474467,310.84578899999997,0.5302750000000032,-69.84666599999997,-18.766831999999965
-158.3163956666667,833.6824563333334,276.68579833333337,-316.4957795,553.23783,139.9662935,-124.855459,503.15359950000004,310.193085,0.25812000000000523,-69.72242499999999,-19.23305000000005
-158.33204966666668,833.3044056666666,276.67579166666667,-316.06284700000003,552.902512,139.37028700000002,-124.79054099999999,500.82453350000003,309.51718100000005,-0.01576400000000433,-69.59400899999997,-19.698285999999996
-158.34783366666667,832.9211879999999,276.66531933333334,-315.624613,552.563412,138.768825,-124.7264655,498.487749,308.8176875,-0.2912469999999985,-69.46139,-20.162554999999998
-158.36376766666666,832.5328003333333,276.6543516666666,-315.18102650000003,552.2206289999999,138.1617395,-124.66325900000001,496.143717,308.0942325,-0.5681919999999963,-69.32453999999996,-20.625882999999988
-158.379871,832.1392393333334,276.6428573333333,-314.732037,551.8742709999999,137.54886549999998,-124.6009525,493.79289750000004,307.346462,-0.8464650000000091,-69.18343300000004,-21.088295999999957
-158.39616233333334,831.7405023333334,276.6308056666667,-314.277596,551.5244545,136.93004050000002,-124.5395785,491.43574249999995,306.574038,-1.1259270000000043,-69.03804299999996,-21.549824
-158.41266033333332,831.3365883333332,276.6181656666667,-313.817656,551.171303,136.3051075,-124.4791725,489.072695,305.7766425,-1.4064389999999918,-68.88834600000007,-22.010501000000033
-158.42938266666667,830.927497,276.60490599999997,-313.352171,550.8149485,135.673915,-124.4197715,486.704189,304.9539775,-1.687856999999994,-68.73431799999992,-22.47036300000002
-158.44634566666664,830.5132269999999,276.59099533333335,-312.8810985,550.4555295,135.0363185,-124.361415,484.3306495,304.105766,-1.9700399999999973,-68.57593899999995,-22.92944799999998
-158.46356666666668,830.0937809999999,276.57640266666664,-312.404396,550.0931865,134.3921805,-124.30414250000001,481.9524945,303.2317515,-2.2528410000000036,-68.41319099999998,-23.38779500000004
-158.48106066666665,829.6691606666667,276.5610956666667,-311.9220235,549.728067,133.741372,-124.2479945,479.5701365,302.331703,-2.5361130000000003,-68.24605500000001,-23.845444000000043
-158.49884166666666,829.2393676666667,276.545044,-311.433943,549.360316,133.083774,-124.1930095,477.183978,301.40541099999996,-2.819706999999994,-68.07451799999996,-24.302436
-158.51692333333332,828.8044076666666,276.528215,-310.940119,548.9900825,132.419278,-124.1392255,474.79441799999995,300.4526925,-3.103475000000003,-67.89856800000001,-24.758808999999985
-158.53531833333332,828.364285,276.5105766666666,-310.440516,548.6175109999999,131.74778700000002,-124.0866795,472.4018505,299.47339,-3.3872670000000085,-67.71819699999998,-25.214606000000003
-158.55403633333333,827.919006,276.49209766666667,-309.9351045,548.242744,131.06921699999998,-124.035403,470.006664,298.46737299999995,-3.6709299999999985,-67.53339800000003,-25.669864000000018
-158.57308799999998,827.4685786666668,276.47274566666664,-309.423855,547.8659190000001,130.383499,-123.985427,467.60924450000005,297.43453850000003,-3.9543140000000108,-67.34416900000002,-26.124617
-158.592481,827.0130116666666,276.45248933333335,-308.906742,547.4871645000001,129.69057750000002,-123.9367745,465.209975,296.37481349999996,-4.237265000000008,-67.15051199999999,-26.57890100000003
-158.612222,826.5523156666667,276.4312953333333,-308.383743,547.1066040000001,128.990413,-123.8894655,462.8092375,295.28815499999996,-4.519632999999999,-66.95243099999999,-27.03274600000003
-158.63231566666667,826.0865033333333,276.40913266666666,-307.85483999999997,546.724347,128.282984,-123.8435115,460.40741449999996,294.174549,-4.801265000000001,-66.749935,-27.486177999999995
-158.65276566666668,825.6155876666667,276.385969,-307.320017,546.3404935000001,127.568286,-123.798917,458.0048865,293.0340155,-5.082009999999997,-66.54303700000003,-27.939220999999975
-158.67357366666667,825.139584,276.36177133333337,-306.779265,545.9551295,126.8463335,-123.7556785,455.602038,291.8666065,-5.361718999999994,-66.33175399999999,-28.391892999999982
-158.69473933333333,824.6585110000001,276.3365086666667,-306.23257850000005,545.5683275,126.11715950000001,-123.71378250000001,453.19925550000005,290.672406,-5.640240999999989,-66.116105,-28.844208000000037
-158.716261,824.1723866666666,276.3101486666667,-305.679958,545.180144,125.3808175,-123.673206,450.796928,289.45153400000004,-5.917427999999987,-65.896118,-29.296172000000013
-158.7381333333333,823.6812330000001,276.28265933333336,-305.12140999999997,544.79062,124.6373805,-123.6339135,448.39545050000004,288.2041435,-6.193134999999998,-65.67182099999997,-29.74778900000001
-158.76035166666668,823.1850733333334,276.25400799999994,-304.5569465,544.399778,123.886942,-123.59585849999999,445.995224,286.930423,-6.467216999999991,-65.44325000000003,-30.19905399999999
-158.78290733333333,822.683934,276.224164,-303.986587,544.0076260000001,123.129617,-123.558982,443.596654,285.63059699999997,-6.739533999999992,-65.21044400000005,-30.649954000000037
-158.80578933333334,822.1778423333334,276.193095,-303.41035650000003,543.614152,122.36554100000001,-123.52321,441.200156,284.30492649999997,-7.009945999999999,-64.97344599999997,-31.100473000000022
-158.82898633333335,821.6668293333333,276.160769,-302.82828900000004,543.2193285000001,121.59486950000002,-123.48845650000001,438.8061515,282.95370649999995,-7.278317000000001,-64.732305,-31.550583000000017
-158.85248366666667,821.150928,276.1271556666666,-302.2404235,542.82311,120.8177785,-123.4546195,436.4150725,281.57727,-7.544516999999999,-64.48707300000001,-32.00025000000005
-158.87626333333333,820.6301743333333,276.09222266666666,-301.6468075,542.425434,120.034463,-123.4215825,434.027359,280.1759865,-7.808419000000001,-64.23780999999997,-32.449433
-158.90030733333333,820.1046066666667,276.0559396666667,-301.04749400000003,542.026221,119.245139,-123.3892125,431.6434625,278.75025949999997,-8.069896999999997,-63.98458100000005,-32.89808099999999
-158.92459499999998,819.574266,276.01827499999996,-300.442544,541.6253785,118.450038,-123.3573625,429.2638445,277.3005305,-8.328835000000012,-63.727450999999974,-33.346135000000004
-158.949101,819.0391966666666,275.9791993333333,-299.83202400000005,541.2227965,117.64941200000001,-123.32586900000001,426.888977,275.827274,-8.585120000000003,-63.46649400000001,-33.79352799999998
-158.97380133333334,818.4994453333334,275.9386816666667,-299.216006,540.818353,116.84352750000001,-123.29455100000001,424.51934400000005,274.331001,-8.838644000000002,-63.20179000000002,-34.240182000000004
-158.99866699999998,817.955063,275.8966926666667,-298.594568,540.4119135,116.03266550000001,-123.263214,422.15544,272.812256,-9.089308000000003,-62.93342199999995,-34.686012000000005
-159.02366800000001,817.4061013333334,275.8532023333333,-297.96779100000003,540.0033315000001,115.2171225,-123.23164700000001,419.797769,271.2716155,-9.337015999999991,-62.66147799999999,-35.13092500000002
-159.04877166666665,816.852618,275.8081823333334,-297.3357595,539.592451,114.3972065,-123.1996235,417.44684800000005,269.709689,-9.581682999999998,-62.38605000000001,-35.574816
-159.073944,816.2946716666667,275.76160333333337,-296.6985625,539.17911,113.5732355,-123.1669015,415.103204,268.127115,-9.823227000000017,-62.10723999999999,-36.017573999999996
-159.09914666666666,815.7323246666666,275.7134393333333,-296.05628850000005,538.763136,112.74553850000001,-123.1332265,412.76737249999996,266.524563,-10.061579000000009,-61.82514699999996,-36.45908
-159.12434166666665,815.165644,275.66366166666666,-295.409028,538.344355,111.9144505,-123.09832850000001,410.4399005,264.90272949999996,-10.296675000000008,-61.539882999999975,-36.899201000000005
-159.149488,814.5946983333333,275.6122453333333,-294.7568715,537.9225875,111.0803135,-123.0619265,408.12134149999997,263.262337,-10.528460999999993,-61.25155699999999,-37.33780200000001
-159.174543,814.0195600000001,275.55916333333334,-294.099907,537.4976535000001,110.2434745,-123.02372700000001,405.8122575,261.6041315,-10.756890000000013,-60.960290999999984,-37.77473699999999
-159.19945966666666,813.4403053333334,275.50439266666666,-293.438223,537.069373,109.404282,-122.983424,403.513217,259.9288825,-10.98192800000001,-60.66620399999999,-38.20985300000001
-159.224193,812.8570133333333,275.44790933333337,-292.771904,536.6375674999999,108.56308849999999,-122.940704,401.22479350000003,258.23737800000004,-11.203545999999989,-60.369425000000035,-38.64299
-159.24869233333334,812.2697666666667,275.3896906666667,-292.10103349999997,536.202063,107.72024400000001,-122.8952455,398.947565,256.530425,-11.421730999999994,-60.07008199999996,-39.07397999999998
-159.272908,811.6786503333333,275.329715,-291.4256885,535.7626905,106.87609900000001,-122.846717,396.68211099999996,254.80884500000002,-11.636473999999993,-59.76831199999998,-39.50265000000002
-159.296788,811.0837543333333,275.2679626666666,-290.7459465,535.31929,106.0310015,-122.79478399999999,394.429015,253.0734735,-11.847779999999986,-59.46425199999999,-39.92881900000003
-159.32027733333334,810.4851703333334,275.204415,-290.0618795,534.871709,105.185296,-122.7391075,392.1888565,251.3251555,-12.055661000000015,-59.15804700000001,-40.352305
-159.34332099999997,809.8829946666666,275.13905466666665,-289.3735575,534.419808,104.3393235,-122.679345,389.962214,249.56474400000002,-12.260143999999997,-58.84984000000003,-40.77291600000001
-159.36586200000002,809.277326,275.07186533333334,-288.68104800000003,533.9634590000001,103.49342100000001,-122.6151545,387.7496635,247.793098,-12.461263000000002,-58.539783,-41.190462
-159.38784266666667,808.6682643333334,275.0028326666667,-287.98441749999995,533.5025499999999,102.6479175,-122.54619249999999,385.5517735,246.011078,-12.659060999999994,-58.228025,-41.60474399999998
-159.40920300000002,808.0559159999999,274.93194466666665,-287.283731,533.036985,101.80313950000001,-122.4721205,383.369105,244.21954449999998,-12.853597000000008,-57.91472199999998,-42.01556500000001
-159.429883,807.4403886666665,274.85918933333335,-286.57905500000004,532.566686,100.9594055,-122.392603,381.20221100000003,242.419355,-13.044931999999989,-57.60002800000001,-42.42272400000002
-159.44982033333335,806.8217920000001,274.784558,-285.870458,532.0915955,100.11702749999999,-122.3073095,379.0516315,240.6113625,-13.233142999999998,-57.28410500000001,-42.82602300000002
-159.46895433333333,806.2002396666667,274.70804333333336,-285.158012,531.6116764999999,99.276313,-122.21592,376.91789400000005,238.79640899999998,-13.418313999999981,-56.96710999999999,-43.22526000000002
-159.48722133333334,805.5758473333332,274.62964000000005,-284.4417945,531.1269145,98.437562,-122.1181215,374.801511,236.9753275,-13.600539000000012,-56.649204,-43.620236999999975
-159.50455833333334,804.9487336666667,274.5493446666667,-283.72188900000003,530.6373189999999,97.6010685,-122.01361349999999,372.70297700000003,235.148937,-13.779920999999987,-56.330547999999965,-44.010755999999986
-159.52090066666668,804.3190193333334,274.467156,-282.998389,530.142922,96.76711900000001,-121.902108,370.6227685,233.318039,-13.956568000000004,-56.01130499999999,-44.396623999999974
-159.53618566666668,803.6868266666667,274.3830746666667,-282.271395,529.643782,95.9359955,-121.7833325,368.5613415,231.483418,-14.130601000000013,-55.69163299999997,-44.777649999999994
-159.55034866666665,803.052282,274.29710466666666,-281.541022,529.139981,95.10797050000001,-121.657029,366.51913,229.6458365,-14.302143999999998,-55.371695999999986,-45.153651000000025
-159.56332533333332,802.4155113333333,274.209251,-280.80739400000004,528.6316275,94.2833115,-121.522959,364.496542,227.8060335,-14.471329999999995,-55.051649999999995,-45.52444699999998
-159.575052,801.7766446666668,274.1195206666667,-280.0706505,528.1188545,93.4622765,-121.3809015,362.49396349999995,225.964725,-14.638299000000004,-54.731652999999994,-45.88986400000002
-159.585465,801.135813,274.02792500000004,-279.330943,527.601817,92.645116,-121.23065849999999,360.51175049999995,224.122596,-14.803192999999993,-54.41185899999999,-46.24973800000001
-159.59450166666667,800.4931476666667,273.93447599999996,-278.588435,527.0806930000001,91.83207,-121.07205100000002,358.5502325,222.280306,-14.966164000000006,-54.092421,-46.603909999999985
-159.60209899999998,799.8487833333334,273.83918866666664,-277.8433045,526.5556825,91.023367,-120.90492599999999,356.60970899999995,220.43848250000002,-15.127363999999986,-53.773487999999986,-46.95223300000001
-159.60819533333333,799.2028546666667,273.74208100000004,-277.09573850000004,526.027004,90.2192225,-120.729152,354.69045,218.59772199999998,-15.28694999999999,-53.45520399999998,-47.294566
-159.61273000000003,798.5554980000001,273.64317266666666,-276.3459355,525.494891,89.4198385,-120.5446235,352.7926915,216.7585865,-15.445083000000011,-53.13770899999997,-47.63078300000001
-159.61564266666667,797.9068503333333,273.54248666666666,-275.59410049999997,524.959593,88.62539799999999,-120.35126199999999,350.91664049999997,214.921605,-15.601923999999997,-52.82113899999996,-47.96076399999998
-159.61687566666666,797.2570496666667,273.4400473333333,-274.840443,524.4213675,87.836064,-120.1490135,349.0624675,213.08727199999998,-15.757638999999983,-52.50562499999995,-48.28439999999998
-159.61637066666665,796.6062343333333,273.33588299999997,-274.085174,523.8804805,87.05197899999999,-119.93785199999999,347.23031249999997,211.25604700000002,-15.912391999999997,-52.191291000000035,-48.601597999999996
-159.61407233333333,795.9545433333333,273.2300236666667,-273.3285015,523.337201,86.2732585,-119.71778,345.42028,209.42835150000002,-16.066345999999996,-51.87825399999997,-48.912273
-159.609926,795.3021163333333,273.122502,-272.5706285,522.7917965,85.49999,-119.488827,343.632439,207.604575,-16.219668000000013,-51.56662799999998,-49.216352
-159.60387966666667,794.6490923333334,273.0133533333333,-271.811747,522.2445325,84.73223,-119.25105049999999,341.8668265,205.785068,-16.372520999999992,-51.256515000000036,-49.513778
-159.595882,793.9956106666667,272.90261566666663,-271.052034,521.695663,83.970002,-119.004536,340.12344299999995,203.9701475,-16.525064,-50.948014,-49.804501000000016
-159.585884,793.3418106666668,272.790329,-270.291649,521.145432,83.213293,-118.749398,338.4022565,202.16009400000002,-16.677459999999996,-50.64121299999999,-50.08848800000001
-159.57383966666666,792.6878310000001,272.67653633333333,-269.5307305,520.5940674999999,82.4620515,-118.48577750000001,336.703198,200.35515750000002,-16.829864999999998,-50.33619199999998,-50.365714999999994
-159.55970433333334,792.0338093333334,272.5612826666666,-268.7693895,520.041781,81.7161895,-118.21384499999999,335.02616850000004,198.55555099999998,-16.982430000000008,-50.03302500000001,-50.63617400000001
-159.54343466666668,791.3798846666667,272.44461466666667,-268.0077135,519.4887605,80.9755785,-117.9337965,333.371032,196.7614565,-17.13530700000001,-49.731776000000025,-50.899865000000005
-159.52499166666666,790.7261926666666,272.32658299999997,-267.245759,518.9351744999999,80.24005249999999,-117.645855,331.737623,194.973027,-17.28863799999999,-49.43249800000001,-51.15680400000002
-159.50433766666666,790.0728693333334,272.2072396666667,-266.48355549999997,518.381167,79.5094085,-117.35027,330.125743,193.1903835,-17.44256800000001,-49.13523799999996,-51.407015
-159.48143766666666,789.4200483333334,272.0866376666667,-265.7211055,517.8268595,78.7834125,-117.0473155,328.535162,191.4136225,-17.597229,-48.84003200000001,-51.65053499999999
-159.45625966666665,788.7678643333334,271.96483366666666,-264.958386,517.2723525,78.061802,-116.737291,326.9656215,189.642811,-17.752749999999992,-48.54690900000003,-51.88741199999998
-159.42877366666667,788.1164486666667,271.841886,-264.1953575,516.7177275,77.344292,-116.4205185,325.416833,187.877996,-17.90925899999999,-48.25588600000003,-52.117704
-159.39895299999998,787.4659313333333,271.7178533333333,-263.4319645,516.1630505,76.630584,-116.0973425,323.88848199999995,186.1191985,-18.066871000000006,-47.966972,-52.34147899999999
-159.366774,786.8164409999999,271.5927986666667,-262.6681475,515.6083755,75.920376,-115.768129,322.3802255,184.366422,-18.225697999999994,-47.68016699999998,-52.558813999999984
-159.33221566666666,786.1681050000001,271.46678433333335,-261.9038515,515.0537535,75.2133725,-115.433265,320.89169649999997,182.6196525,-18.385846,-47.39546100000001,-52.76979699999998
-159.295259,785.5210473333333,271.33987533333334,-261.139036,514.4992365,74.509296,-115.093155,319.422506,180.87885899999998,-18.547411999999994,-47.112836000000016,-52.97452200000001
-159.25589033333333,784.8753906666667,271.21213766666665,-260.3736925,513.9448864999999,73.8079015,-114.7482225,317.9722425,179.1439985,-18.710487,-46.83226500000001,-53.173091
-159.214097,784.2312553333333,271.0836386666667,-259.607849,513.3907845,73.1089915,-114.398906,316.540472,177.4150165,-18.875156000000004,-46.55371199999996,-53.36561499999999
-159.16987,783.5887606666666,270.95444733333335,-258.841596,512.8370395,72.4124285,-114.04566,315.1267445,175.69185,-19.041494,-46.27713299999999,-53.55221
-159.12320366666665,782.9480210000002,270.82463233333334,-258.075092,512.2837975,71.718154,-113.688952,313.7305935,173.97442999999998,-19.20957200000001,-46.002477,-53.73299799999998
-159.07409433333333,782.3091493333333,270.6942653333333,-257.3085815,511.7312505,71.026198,-113.3292625,312.3515355,172.26268499999998,-19.379448999999994,-45.72968300000002,-53.908108
-159.02254366666668,781.6722573333333,270.563417,-256.5424105,511.1796475,70.336696,-112.96708050000001,310.9890755,170.556539,-19.551179000000005,-45.45868300000001,-54.07767199999998
-158.96855333333335,781.0374526666666,270.43215933333335,-255.7770365,510.6292985,69.64990350000001,-112.6029065,309.642707,168.8559195,-19.724807,-45.18940600000002,-54.241827
-158.91213100000002,780.4048396666667,270.3005653333333,-255.0130395,510.08058600000004,68.9662005,-112.2372465,308.311913,167.160756,-19.900373000000002,-44.92177000000004,-54.400713999999994
-158.85328533333333,779.7745213333333,270.168708,-254.251129,509.53396699999996,68.286104,-111.8706145,306.996172,165.4709825,-20.077902999999992,-44.655688,-54.554475
-158.79202899999999,779.1465963333334,270.03666000000004,-253.4921495,508.989978,67.6102705,-111.50352699999999,305.6949545,163.7865415,-20.257422000000005,-44.39107100000001,-54.70325700000001
-158.72837666666666,778.5211616666667,269.90449533333333,-252.7370795,508.44923300000005,66.9394985,-111.1365055,304.40772849999996,162.107383,-20.438941,-44.12782099999998,-54.84721000000002
-158.66234699999998,777.898311,269.772288,-251.9870295,507.912425,66.2747225,-110.7700715,303.13396250000005,160.433469,-20.622467,-43.865837,-54.98648
-158.59396,777.2781336666667,269.64011066666666,-251.24322999999998,507.380318,65.617006,-110.404747,301.8731225,158.7647735,-20.807996000000003,-43.60501500000004,-55.121218999999996
-158.52324033333335,776.6607173333333,269.50803766666667,-250.5070195,506.853741,64.96753000000001,-110.041052,300.6246795,157.10128650000001,-20.99552,-43.34524699999997,-55.25157900000002
-158.450214,776.0461466666666,269.376142,-249.77982500000002,506.33357550000005,64.327574,-109.67950450000001,299.38810850000004,155.443011,-21.185018999999997,-43.086423000000025,-55.37771000000001
-158.37491,775.4345016666666,269.244496,-249.063137,505.820741,63.6984925,-109.3206165,298.1628915,153.7899685,-21.37646699999999,-42.82843100000002,-55.499763
-158.29736,774.8258613333333,269.1131723333333,-248.35848049999998,505.316176,63.0816905,-108.9648945,296.9485185,152.1421995,-21.569830999999994,-42.57115700000003,-55.617886999999996
-158.21759799999998,774.220299,268.98224266666665,-247.6673825,504.820824,62.478591,-108.61283850000001,295.74449,150.4997635,-21.765068999999997,-42.31448799999998,-55.73223300000001
-158.13566066666667,773.617887,268.8517773333333,-246.9913365,504.3356025,61.8906005,-108.264939,294.5503185,148.862738,-21.962131999999997,-42.05830900000001,-55.842946
-158.05158666666668,773.0186933333334,268.7218473333333,-246.33176150000003,503.86138700000004,61.319074,-107.921675,293.36553200000003,147.231225,-22.160965999999988,-41.80250600000005,-55.95017399999999
-157.96541733333333,772.422783,268.59252066666664,-245.68996399999997,503.3989835,60.765277499999996,-107.583516,292.189672,145.605345,-22.361506000000006,-41.546966,-56.05405999999999
-157.87719533333333,771.8302180000001,268.463866,-245.06709899999998,502.94910500000003,60.2303525,-107.250917,291.022299,143.985242,-22.563683999999995,-41.29158000000001,-56.154743999999994
-157.78696633333334,771.2410566666667,268.33594966666664,-244.464136,502.5123505,59.7152775,-106.92432099999999,289.8629905,142.3710815,-22.76742399999999,-41.03623699999997,-56.252365
-157.69477766666668,770.6553553333333,268.20883699999996,-243.8818215,502.0891825,59.220842,-106.60415449999999,288.711346,140.7630525,-22.97264299999999,-40.78083400000003,-56.34705899999999
-157.60067866666665,770.0731666666667,268.082592,-243.320657,501.6799135,58.747617000000005,-106.29082700000001,287.5669855,139.161364,-23.179254,-40.525266999999985,-56.438959999999994
-157.50471933333333,769.4945393333334,267.95727700000003,-242.7808795,501.2846915,58.2959355,-105.98473150000001,286.429553,137.566249,-23.387163,-40.26943800000004,-56.528195999999994
-157.40695266666668,768.9195203333334,267.83295300000003,-242.262448,500.903495,57.8658845,-105.6862435,285.29871449999996,135.977961,-23.596271,-40.013255000000015,-56.61489399999999
-157.30743299999997,768.3481536666667,267.709679,-241.765045,500.53612899999996,57.457297999999994,-105.3957175,284.17416149999997,134.3967755,-23.806475000000006,-39.75662900000003,-56.699175
-157.20621533333335,767.780479,267.58751266666667,-241.28808299999997,500.182233,57.069762999999995,-105.11349,283.055613,132.8229885,-24.01766599999999,-39.49947599999996,-56.781159
-157.103357,767.2165353333334,267.46650833333337,-240.83072349999998,499.8412885,56.702636,-104.83987450000001,281.9428115,131.2569145,-24.229732999999996,-39.24172299999998,-56.860956999999985
-156.99891566666668,766.6563560000001,267.346721,-240.39190250000001,499.5126345,56.3550625,-104.575165,280.8355295,129.6988885,-24.44256,-38.98329699999999,-56.938683
-156.89295133333334,766.099975,267.2282016666666,-239.97036150000002,499.195488,56.0260045,-104.3196325,279.733564,128.14926300000002,-24.656026999999995,-38.72413800000004,-57.01444000000001
-156.78552333333332,765.5474203333333,267.1109996666667,-239.564685,498.88896550000004,55.7142745,-104.073525,278.63674149999997,126.608407,-24.870013999999998,-38.464188999999976,-57.08832799999999
-156.676693,764.9987203333334,266.995163,-239.17334649999998,498.5921085,55.418572,-103.837068,277.544916,125.0767045,-25.084395999999998,-38.20340399999998,-57.160444999999996
-156.56652266666666,764.4538990000001,266.8807366666667,-238.79474150000001,498.303907,55.137518,-103.610465,276.457969,123.55455549999999,-25.299048,-37.94174399999997,-57.230879
-156.45507366666666,763.9129783333333,266.76776366666667,-238.427239,498.02332750000005,54.86969500000001,-103.393894,275.3758095,122.042371,-25.513844000000006,-37.679178999999976,-57.299718
-156.34241066666667,763.3759793333332,266.65628599999997,-238.0692145,497.74933699999997,54.613683,-103.18751,274.2983735,120.5405755,-25.728654000000006,-37.41568699999999,-57.367041
-156.22859666666668,762.8429186666667,266.5463413333334,-237.71909399999998,497.48092399999996,54.368089999999995,-102.9914445,273.225624,119.0496,-25.943351000000007,-37.151257999999984,-57.432924
-156.11369499999998,762.3138126666666,266.4379666666667,-237.375382,497.21712,54.131587999999994,-102.80580599999999,272.1575505,117.569887,-26.157806000000008,-36.88588900000002,-57.49743599999999
-155.9977703333333,761.7886746666667,266.33119600000003,-237.0366905,496.95702,53.902932500000006,-102.6306785,271.09416699999997,116.1018845,-26.371891000000005,-36.61958799999999,-57.560641000000004
-155.88088766666667,761.2675166666667,266.2260616666667,-236.701767,496.6997905,53.680987,-102.46612300000001,270.03551300000004,114.6460445,-26.585480000000004,-36.352372,-57.62259700000001
-155.76311033333332,760.7503493333334,266.1225933333333,-236.369505,496.4446865,53.4647395,-102.3121775,268.98165,113.2028235,-26.798449000000005,-36.084265999999985,-57.683357
-155.64450366666665,760.2371810000001,266.0208176666667,-236.03896049999997,496.191056,53.253311000000004,-102.168858,267.9326625,111.7726775,-27.010672,-35.81531100000004,-57.74296899999999
-155.525132,759.7280196666667,265.9207613333333,-235.7093575,495.93834649999997,53.045966,-102.0361575,266.88865599999997,110.356064,-27.222028999999992,-35.54555199999999,-57.801472000000004
-155.40505900000002,759.2228709999999,265.8224453333333,-235.380087,495.6861035,52.842108499999995,-101.9140485,265.8497555,108.95343700000001,-27.432403000000008,-35.275047,-57.85890400000001
-155.284349,758.7217396666666,265.725892,-235.050706,495.4339695,52.6412855,-101.8024815,264.816104,107.5652475,-27.641674999999992,-35.003862,-57.915295
-155.16306566666665,758.2246293333334,265.6311173333333,-234.72092750000002,495.18168349999996,52.443176,-101.70138800000001,263.7878625,106.1919395,-27.849735999999993,-34.73207500000001,-57.97066700000002
-155.041272,757.7315433333333,265.5381386666666,-234.390611,494.92906949999997,52.247583000000006,-101.6106795,262.76520500000004,104.83395150000001,-28.056477,-34.45976999999999,-58.025041
-154.91903133333332,757.242484,265.4469696666667,-234.0597495,494.6760325,52.0544235,-101.530248,261.748321,103.4917105,-28.261792,-34.18704199999999,-58.07843299999999
-154.79640500000002,756.7574523333334,265.35762100000005,-233.72845,494.42254849999995,51.863712500000005,-101.45997,260.73741,102.165634,-28.465581999999998,-33.913996,-58.130847999999986
-154.67345533333332,756.2764486666669,265.27010233333334,-233.3969215,494.1686545,51.6755505,-101.39970349999999,259.732684,100.856127,-28.667749,-33.64074199999996,-58.18229199999999
-154.55024333333333,755.7994739999999,265.1844203333333,-233.0654515,493.91443749999996,51.490105,-101.349291,258.7343615,99.563579,-28.868204000000006,-33.367403000000024,-58.23276399999999
-154.42682866666667,755.3265283333334,265.10058000000004,-232.734393,493.66002549999996,51.3075975,-101.3085605,257.7426695,98.2883665,-29.066857,-33.094100999999995,-58.282258999999996
-154.30327166666666,754.8576113333334,265.018584,-232.40414600000003,493.405577,51.1282875,-101.277326,256.757839,97.030846,-29.263630000000006,-32.82097399999998,-58.330768000000006
-154.17963033333334,754.3927226666666,264.9384333333333,-232.07513899999998,493.1512715,50.952458,-101.2553895,255.780105,95.7913565,-29.458443000000003,-32.54815800000003,-58.37827700000001
-154.05596366666666,753.9318623333334,264.86012566666665,-231.747815,492.8973,50.7804015,-101.24254049999999,254.809705,94.57021900000001,-29.651224999999997,-32.275800000000004,-58.42477000000001
-153.93232733333335,753.4750290000001,264.78365833333334,-231.422619,492.643857,50.612409,-101.23855800000001,253.8468765,93.36773099999999,-29.841908000000004,-32.004047000000014,-58.47022600000001
-153.80877866666668,753.0222236666667,264.70902533333333,-231.099984,492.3911365,50.44876,-101.243212,252.891856,92.184168,-30.030429999999996,-31.73305399999998,-58.514624
-153.685372,752.573445,264.6362203333333,-230.7803235,492.13932250000005,50.289713500000005,-101.256264,251.944877,91.019785,-30.216732000000007,-31.46297599999997,-58.557938
-153.56216266666667,752.128695,264.5652333333333,-230.4640225,491.888586,50.135498999999996,-101.277469,251.006172,89.87481,-30.400762,-31.193972000000002,-58.60014
-153.439203,751.6879733333334,264.4960546666667,-230.151429,491.6390825,49.9863155,-101.306574,250.0759645,88.749447,-30.58247,-30.926198999999997,-58.641203999999995
-153.31654566666666,751.2512816666667,264.4286696666666,-229.8428545,491.390948,49.842323,-101.343322,249.154476,87.64387450000001,-30.761814,-30.659819999999968,-58.681099
-153.19424233333334,750.8186220000001,264.36306566666667,-229.5385685,491.1442995,49.703644999999995,-101.3874515,248.241917,86.558246,-30.938750999999996,-30.394992000000002,-58.719795999999995
-153.07234266666669,750.3899966666667,264.299226,-229.238797,490.89923250000004,49.5703645,-101.4386975,247.3384935,85.49268599999999,-31.113245000000006,-30.131872999999985,-58.757266
-152.95089633333336,749.9654083333334,264.2371333333333,-228.943725,490.655822,49.442526,-101.4967925,246.444401,84.447294,-31.285263,-29.870619999999974,-58.79347799999999
-152.82995133333336,749.5448623333333,264.17676866666665,-228.65349600000002,490.4141265,49.320138,-101.56146899999999,245.5598255,83.4221405,-31.454774,-29.611385000000013,-58.828405
-152.70955466666666,749.1283623333334,264.11811166666666,-228.36821700000002,490.17418399999997,49.203171499999996,-101.63245649999999,244.68494249999998,82.4172715,-31.621751000000003,-29.35431700000001,-58.862021
-152.58975266666667,748.7159143333333,264.06113999999997,-228.0879585,489.936019,49.0915685,-101.709486,243.81991900000003,81.4327025,-31.786168000000004,-29.09956200000002,-58.894301
-152.47059033333332,748.307525,264.005831,-227.81276150000002,489.6996425,48.9852425,-101.7922885,242.96490899999998,80.4684235,-31.948004999999995,-28.847255999999987,-58.925222999999995
-152.352111,747.903202,263.9521606666667,-227.54264,489.465055,48.884082,-101.8805975,242.12005599999998,79.524398,-32.10723900000001,-28.597533999999968,-58.95476800000001
-152.23435800000001,747.5029536666667,263.900103,-227.2775835,489.23224849999997,48.787955,-101.9741475,241.2854935,78.6005625,-32.26385099999999,-28.35052300000001,-58.98292299999999
-152.11737300000001,747.1067896666667,263.849631,-227.017566,489.0012115,48.6967145,-102.0726755,240.461342,77.6968265,-32.417821,-28.10633999999999,-59.009674999999994
-152.00119633333333,746.7147199999999,263.8007176666667,-226.7625445,488.771927,48.6102,-102.1759225,239.6477115,76.8130765,-32.569132999999994,-27.865099000000015,-59.035015
-151.88586733333332,746.3267573333334,263.7533343333333,-226.5124675,488.5443785,48.5282425,-102.283632,238.84470149999999,75.949172,-32.71777,-27.626901000000004,-59.058944000000004
-151.771425,745.9429126666668,263.707451,-226.26727499999998,488.318551,48.450667499999994,-102.39555150000001,238.052401,75.104951,-32.863715,-27.391841999999997,-59.081461999999995
-151.65790633333333,745.5632013333334,263.663037,-226.0269035,488.094432,48.3772975,-102.511432,237.27088750000001,74.280227,-33.006947999999994,-27.160008999999974,-59.102577999999994
-151.54534733333332,745.187636,263.62006233333335,-225.7912885,487.872015,48.307955,-102.63102950000001,236.500229,73.474793,-33.147454999999994,-26.931478,-59.122304
-151.4337833333333,744.8162333333333,263.5784943333333,-225.5603665,487.651297,48.2424635,-102.7541045,235.740485,72.6884205,-33.285214999999994,-26.70631800000001,-59.14065900000001
-151.323248,744.4490086666666,263.53830066666666,-225.33407549999998,487.432283,48.1806515,-102.880421,234.99170550000002,71.920862,-33.42021,-26.484587000000005,-59.157668
-151.213775,744.0859793333333,263.49944800000003,-225.112357,487.214985,48.122350999999995,-103.009749,234.25393100000002,71.1718525,-33.55242000000001,-26.266335999999995,-59.173361
-151.10539500000002,743.7271639999999,263.46190333333334,-224.8951585,486.99942250000004,48.0673985,-103.141861,233.527196,70.44111000000001,-33.68182399999999,-26.051607999999987,-59.18777200000001
-150.99813933333334,743.3725803333333,263.425633,-224.682432,486.7856215,48.015639,-103.276536,232.811528,69.728337,-33.80839999999999,-25.840435999999983,-59.200942
-150.89203733333332,743.0222473333333,263.39060233333333,-224.474134,486.5736175,47.966921,-103.413556,232.106947,69.033223,-33.93212600000001,-25.632844000000006,-59.212920000000004
-150.78711766666666,742.6761863333332,263.356776,-224.270226,486.3634495,47.9211,-103.552709,231.4134675,68.355444,-34.05297599999999,-25.42885100000001,-59.223755999999995
-150.68340733333332,742.3344163333333,263.32412100000005,-224.0706745,486.155166,47.8780375,-103.69378499999999,230.7311005,67.6946675,-34.17092799999999,-25.22846900000002,-59.233506999999996
-150.58093233333332,741.9969583333333,263.29260066666666,-223.8754495,485.9488205,47.837598,-103.8365795,230.059851,67.0505505,-34.285953000000006,-25.031701999999996,-59.242234999999994
-150.47971866666668,741.6638336666666,263.26218133333333,-223.6845245,485.744471,47.799653500000005,-103.98089200000001,229.3997215,66.4227415,-34.398028,-24.838549,-59.250004999999994
-150.37978966666665,741.335064,263.2328273333333,-223.497875,485.54217900000003,47.7640765,-104.1265245,228.750711,65.8108855,-34.50712300000001,-24.64900399999999,-59.256887
-150.28116766666665,741.01067,263.2045043333333,-223.31547899999998,485.34201099999996,47.7307455,-104.27328299999999,228.112816,65.214621,-34.61321600000001,-24.463055999999995,-59.262952
-150.183875,740.690674,263.17717666666664,-223.1373145,485.144036,47.699538000000004,-104.420976,227.486032,64.633584,-34.71627600000001,-24.280691999999988,-59.26827600000001
-150.087931,740.375097,263.15081100000003,-222.9633585,484.9483225,47.670336000000006,-104.569417,226.8703535,64.0674105,-34.816280000000006,-24.101895000000013,-59.272937
-149.99335566666667,740.06396,263.1253716666667,-222.793591,484.754944,47.6430215,-104.7184185,226.2657725,63.515733499999996,-34.91320300000001,-23.926645000000008,-59.277013000000004
-149.900167,739.7572843333334,263.10082600000004,-222.62798750000002,484.5639705,47.6174755,-104.867798,225.672283,62.9781895,-35.00702,-23.75492399999999,-59.280583
-149.80838099999997,739.4550909999999,263.077139,-222.466522,484.3754745,47.593581,-105.017376,225.0898775,62.45441699999999,-35.097710000000006,-23.58671099999998,-59.283725999999994
-149.71801466666668,739.1573993333333,263.05427833333334,-222.309169,484.1895265,47.571220000000004,-105.16697149999999,224.51855,61.944058,-35.185253,-23.42198400000001,-59.28652199999999
-149.62908066666665,738.8642290000001,263.032211,-222.1558985,484.006196,47.550274,-105.316409,223.95829500000002,61.446759,-35.26963199999999,-23.260726000000005,-59.28904800000001
-149.54159366666667,738.575598,263.01090500000004,-222.00667800000002,483.82555149999996,47.530624,-105.4655115,223.409107,60.9621725,-35.350831,-23.10291799999999,-59.291377
-149.45556466666667,738.2915253333334,262.99032833333337,-221.861474,483.647658,47.5121505,-105.61410649999999,222.87098300000002,60.489956,-35.42884099999999,-22.948544,-59.293583999999996
-149.371005,738.0120266666667,262.9704503333333,-221.7202485,483.47258,47.494733499999995,-105.76202,222.343921,60.029777,-35.503654,-22.797594000000004,-59.295733999999996
-149.287923,737.7371183333333,262.95124,-221.5829635,483.300379,47.478252499999996,-105.9090815,221.8279195,59.581309,-35.575265,-22.65005500000001,-59.297895999999994
-149.20632799999998,737.466814,262.9326683333333,-221.4495775,483.131114,47.462588,-106.05511899999999,221.3229785,59.144233,-35.64367800000001,-22.505922999999996,-59.300126000000006
-149.126227,737.2011269999999,262.914706,-221.3200475,482.964841,47.4476205,-106.19996549999999,220.82909899999999,58.7182415,-35.70889699999999,-22.365195999999997,-59.302476999999996
-149.047625,736.94007,262.89732499999997,-221.19432899999998,482.8016145,47.4332305,-106.34345099999999,220.346283,58.3030325,-35.770934,-22.227877999999976,-59.30499900000001
-148.97052666666667,736.6836523333335,262.8804983333334,-221.07237550000002,482.641485,47.419300500000006,-106.4854105,219.8745335,57.8983155,-35.82980699999999,-22.093975,-59.307731000000004
-148.894936,736.4318823333333,262.86419900000004,-220.9541405,482.484502,47.405715,-106.625677,219.41385350000002,57.5038085,-35.885536,-21.96349699999999,-59.310706999999994
-148.82085433333333,736.1847673333333,262.84840166666663,-220.839576,482.330711,47.392359500000005,-106.7640875,218.9642465,57.1192365,-35.938151000000005,-21.83646299999998,-59.31395499999999
-148.74828300000001,735.942312,262.83308200000005,-220.728635,482.18015549999996,47.379123,-106.90047849999999,218.525716,56.7443355,-35.98768700000001,-21.712891999999982,-59.317491000000004
-148.67722066666667,735.7045193333333,262.818216,-220.621268,482.032877,47.3658975,-107.03468950000001,218.098265,56.3788465,-36.034183,-21.592809999999986,-59.32132700000001
-148.60766666666666,735.4713903333333,262.803781,-220.517428,481.888913,47.3525765,-107.166562,217.681895,56.0225215,-36.077687999999995,-21.47624400000001,-59.325463
-148.53961766666666,735.2429243333332,262.7897553333333,-220.417067,481.7483005,47.3390595,-107.295938,217.2766065,55.675115500000004,-36.11825399999999,-21.36322900000002,-59.329895
-148.47307,735.019118,262.7761183333334,-220.3201365,481.61107300000003,47.325249,-107.4226645,216.882399,55.3363935,-36.155941,-21.253800000000012,-59.334607000000005
-148.40801833333333,734.7999659999999,262.76285,-220.22659,481.4772605,47.31105,-107.54658950000001,216.4992685,55.006123,-36.190815,-21.147992999999985,-59.339576
-148.34445666666667,734.5854606666667,262.74993233333333,-220.13637999999997,481.34689249999997,47.296375,-107.6675645,216.1272095,54.684077,-36.222949,-21.045849000000004,-59.344774
-148.28237666666666,734.3755926666666,262.73734766666666,-220.0494605,481.21999500000004,47.281138999999996,-107.785444,215.766213,54.370032,-36.25242,-20.947411999999986,-59.35016
-148.22177066666669,734.1703486666667,262.725079,-219.965784,481.09659050000005,47.265262,-107.900087,215.4162655,54.0637665,-36.279312000000004,-20.852722999999997,-59.355689000000005
-148.16262866666668,733.9697150000001,262.7131106666667,-219.885304,480.9767005,47.248669,-108.011356,215.077351,53.765061,-36.303714,-20.761821999999995,-59.36131
-148.10494033333333,733.7736736666666,262.701429,-219.8079745,480.860342,47.231289000000004,-108.119119,214.749448,53.4736975,-36.32572400000001,-20.674752000000012,-59.366963
-148.048693,733.5822056666666,262.6900196666667,-219.733747,480.74752950000004,47.213057500000005,-108.2232475,214.43253099999998,53.189454500000004,-36.345437000000004,-20.591554000000002,-59.372585
-147.993875,733.3952886666666,262.678871,-219.6625745,480.63827449999997,47.193912499999996,-108.32361900000001,214.12656750000002,52.912112500000006,-36.36296,-20.512260999999995,-59.37810700000001
-147.94047266666666,733.2128983333333,262.6679706666667,-219.5944075,480.5325865,47.173799,-108.420117,213.831521,52.641447,-36.37840200000001,-20.436909999999983,-59.383455999999995
-147.888471,733.035007,262.65730933333333,-219.5291965,480.43047,47.1526645,-108.51263,213.5473475,52.377230499999996,-36.391872000000006,-20.36552899999998,-59.388555
-147.83785533333335,732.8615856666667,262.64687633333335,-219.46688899999998,480.33192699999995,47.13046249999999,-108.6010545,213.2739975,52.119232,-36.403487,-20.298140999999987,-59.393326
-147.78860833333331,732.6926023333334,262.63666366666666,-219.407432,480.2369545,47.1071505,-108.685292,213.0114145,51.867215,-36.413364,-20.234762999999987,-59.397692000000006
-147.74071366666666,732.5280223333333,262.6266633333333,-219.350769,480.14554799999996,47.08269,-108.7652515,212.759534,51.6209355,-36.421621,-20.175408000000004,-59.401571
-147.69415366666667,732.367809,262.6168686666667,-219.296842,480.0576965,47.0570465,-108.84085,212.5182845,51.380145,-36.428382,-20.12007700000001,-59.404886000000005
-147.64891,732.2119233333333,262.6072726666667,-219.2455905,479.9733865,47.030191,-108.9120115,212.2875875,51.1445875,-36.433769,-20.06876699999998,-59.40755899999999
-147.60496333333333,732.0603233333335,262.59787066666667,-219.19695000000002,479.892601,47.002098000000004,-108.9786685,212.06735700000002,50.913999000000004,-36.437901,-20.02146000000002,-59.409518
-147.56229333333332,731.9129656666668,262.58865799999995,-219.15085299999998,479.8153175,46.9727445,-109.040761,211.857497,50.688106999999995,-36.440901999999994,-19.97813400000001,-59.410692
-147.52088133333334,731.7698053333334,262.57963033333334,-219.10723050000001,479.74151,46.942113,-109.0982375,211.6579055,50.4666335,-36.442893,-19.938751000000025,-59.41101900000001
-147.48070566666667,731.6307933333334,262.57078433333334,-219.066008,479.671149,46.910189,-109.1510555,211.46847050000002,50.2492895,-36.443995,-19.903265000000005,-59.410441
-147.44174533333333,731.4958806666667,262.56211766666667,-219.027107,479.6041975,46.8769635,-109.19918,211.289073,50.0357805,-36.444322,-19.871618000000012,-59.408908999999994
-147.40397900000002,731.365015,262.5536273333334,-218.99044800000001,479.5406175,46.8424285,-109.24258499999999,211.11958550000003,49.825803,-36.443991999999994,-19.843739,-59.406381999999994
-147.36738466666668,731.2381443333334,262.54531166666663,-218.95594549999998,479.480365,46.806582,-109.2812545,210.9598705,49.61904800000001,-36.443115000000006,-19.819545000000005,-59.40282800000001
-147.33194133333336,731.115212,262.53716966666667,-218.92351,479.423392,46.769425000000005,-109.3151785,210.80978499999998,49.4151985,-36.441799,-19.798937999999993,-59.398225
-147.297626,730.9961630000001,262.52919966666667,-218.893051,479.369647,46.7309625,-109.3443595,210.669175,49.2139315,-36.440146999999996,-19.781812000000002,-59.39256699999999
-147.264417,730.8809393333335,262.52140133333336,-218.86447199999998,479.3190725,46.6912025,-109.36880400000001,210.53788,49.014920000000004,-36.438258000000005,-19.76804199999998,-59.385854
-147.232292,730.769482,262.513774,-218.837674,479.2716085,46.6501585,-109.3885305,210.415732,48.8178335,-36.436223,-19.75749400000001,-59.378102999999996
-147.20122833333335,730.661731,262.5063176666667,-218.812555,479.2271895,46.6078465,-109.403564,210.3025535,48.622336,-36.434132000000005,-19.750021000000004,-59.369344
-147.17120466666668,730.5576263333334,262.49903166666667,-218.7890095,479.185747,46.56428699999999,-109.4139385,210.1981605,48.428093,-36.432064999999994,-19.745458999999983,-59.35961999999999
-147.142198,730.4571056666667,262.49191666666667,-218.7669295,479.147208,46.519504999999995,-109.4196955,210.102361,48.234767999999995,-36.430094999999994,-19.74363599999998,-59.348991999999996
-147.11418766666665,730.3601076666667,262.48497100000003,-218.7462045,479.11149650000004,46.473528,-109.4208825,210.01495749999998,48.042026,-36.428291,-19.744364999999988,-59.337528000000006
-147.08715199999997,730.266571,262.47819566666664,-218.726721,479.0785325,46.4263905,-109.41755649999999,209.9357435,47.849534500000004,-36.426711,-19.747451000000012,-59.325321
-147.061069,730.1764320000001,262.47159,-218.7083655,479.048233,46.37812699999999,-109.409781,209.8645075,47.656966000000004,-36.42541,-19.752680999999995,-59.312472
-147.035919,730.0896293333334,262.4651533333333,-218.6910215,479.0205115,46.32878,-109.39762400000001,209.801031,47.463998499999995,-36.42442999999999,-19.759839999999997,-59.299099
-147.01168133333334,730.006101,262.458885,-218.6745715,478.995279,46.278394500000005,-109.3811625,209.745091,47.270318,-36.423809000000006,-19.768698,-59.285336
-146.98833633333334,729.9257853333334,262.45278333333334,-218.65889900000002,478.972443,46.22702,-109.360477,209.6964585,47.0756205,-36.423576,-19.77901700000001,-59.27132900000001
-146.96586466666668,729.8486213333332,262.446847,-218.643885,478.951909,46.1747085,-109.3356545,209.6548995,46.87961250000001,-36.423750999999996,-19.790550999999994,-59.257239000000006
-146.94424833333335,729.7745490000001,262.441075,-218.629412,478.9335815,46.121519,-109.306786,209.62017550000002,46.6820155,-36.42434399999999,-19.80305100000001,-59.243241
-146.92346866666665,729.7035103333334,262.43546399999997,-218.615363,478.91736149999997,46.06751200000001,-109.273968,209.592044,46.482563,-36.42536200000001,-19.81625599999998,-59.229522
-146.90350933333335,729.635447,262.43001166666664,-218.60162250000002,478.9031485,46.0127525,-109.2373005,209.5702605,46.2810085,-36.426799,-19.829904999999997,-59.21627699999999
-146.88435333333334,729.5703030000001,262.4247136666667,-218.5880775,478.890842,45.95731,-109.196887,209.5545755,46.0771225,-36.428644000000006,-19.843732999999986,-59.20371900000001
-146.865986,729.5080233333333,262.419567,-218.5746165,478.8803395,45.901257,-109.15283500000001,209.5447395,45.870697,-36.430874,-19.857471000000004,-59.19206200000001
-146.84839166666666,729.4485559999999,262.41456666666664,-218.561131,478.871538,45.8446695,-109.105255,209.540499,45.6615445,-36.43346399999999,-19.870851999999985,-59.18153099999999
-146.831557,729.39185,262.40970766666663,-218.54751499999998,478.864335,45.7876255,-109.0542595,209.54160050000002,45.449501999999995,-36.43637899999999,-19.883607000000012,-59.172357999999996
-146.8154693333333,729.3378563333334,262.40498333333335,-218.53366849999998,478.8586265,45.730207,-108.999964,209.54779050000002,45.2344325,-36.43957400000001,-19.895471000000015,-59.164781
-146.800116,729.2865296666668,262.400388,-218.519496,478.85431200000005,45.6724985,-108.942486,209.5588145,45.0162235,-36.443,-19.906183,-59.159037
-146.785486,729.2378266666666,262.395914,-218.5049055,478.851288,45.614587,-108.8819455,209.5744205,44.7947925,-36.44660300000001,-19.915486999999985,-59.155367000000005
-146.77157,729.1917066666666,262.3915533333334,-218.489813,478.8494555,45.5565595,-108.81846300000001,209.594356,44.5700845,-36.450317999999996,-19.923130000000015,-59.154013000000006
-146.75835800000002,729.1481306666666,262.38729800000004,-218.47413899999998,478.84871599999997,45.498507,-108.752163,209.618371,44.3420755,-36.454077999999996,-19.928874000000008,-59.155209
-146.74584266666668,729.107065,262.383138,-218.4578115,478.848974,45.4405205,-108.68316949999999,209.646221,44.110772000000004,-36.45781100000001,-19.932483999999988,-59.159192000000004
-146.734017,729.0684783333332,262.3790636666667,-218.440768,478.850135,45.38269,-108.61161050000001,209.677661,43.8762135,-36.461437000000004,-19.933741999999995,-59.166186999999994
-146.72287433333335,729.0323423333333,262.37506566666667,-218.422951,478.8521095,45.325108,-108.537615,209.7124545,43.6384705,-36.46487400000001,-19.932438999999988,-59.176413
-146.71241,728.9986333333333,262.37113166666666,-218.404315,478.854812,45.2678665,-108.46131399999999,209.750367,43.397647000000006,-36.468036,-19.928380000000004,-59.19007800000001
-146.7026196666667,728.9673296666666,262.36725099999995,-218.38482199999999,478.858159,45.211055,-108.3828415,209.79117100000002,43.153881,-36.470831000000004,-19.921390000000002,-59.207378000000006
-146.69350133333333,728.9384150000001,262.363411,-218.364444,478.8620735,45.154763,-108.302335,209.83464600000002,42.907344,-36.473168,-19.911305999999996,-59.228494
-146.685052,728.9118763333332,262.35959966666667,-218.343164,478.866483,45.0990785,-108.21993499999999,209.8805785,42.65823949999999,-36.47494999999999,-19.897984999999977,-59.25359099999999
-146.67727166666666,728.8877046666667,262.3558043333333,-218.320976,478.8713205,45.044084999999995,-108.1357855,209.928763,42.406807,-36.476079,-19.881305999999995,-59.282818
-146.67016033333334,728.8658956666667,262.35201166666667,-218.2978845,478.876525,44.989866,-108.050037,209.97900249999998,42.153316999999994,-36.476457999999994,-19.861166999999995,-59.31629999999999
-146.66371833333332,728.8464486666667,262.34820800000006,-218.273907,478.8820435,44.9365,-107.962842,210.0311105,41.898074,-36.47598599999999,-19.837489000000005,-59.35414200000001
-146.65794833333334,728.8293676666667,262.34438,-218.249072,478.887828,44.884062,-107.87436249999999,210.08491049999998,41.6414155,-36.474563,-19.810215,-59.396429
-146.65285333333333,728.81466,262.340514,-218.2234225,478.8938395,44.8326225,-107.78476649999999,210.14023650000001,41.383708,-36.472089,-19.77931099999998,-59.443218
-146.64843666666664,728.8023393333333,262.33659600000004,-218.197012,478.90004550000003,44.782247,-107.69422850000001,210.1969355,41.125350999999995,-36.468464999999995,-19.744771000000014,-59.49453999999999
-146.64470333333335,728.792422,262.3326123333334,-218.16990950000002,478.9064235,44.732997,-107.6029335,210.254865,40.8667725,-36.46359299999999,-19.706612000000007,-59.550403
-146.64165833333334,728.7849299999999,262.3285496666667,-218.142197,478.912958,44.684927,-107.511077,210.313897,40.6084295,-36.45737600000001,-19.664877999999987,-59.610783
-146.639308,728.7798883333334,262.324394,-218.113969,478.919644,44.6380865,-107.41886450000001,210.3739165,40.350806,-36.449721,-19.619641,-59.67563
-146.63765999999998,728.7773283333332,262.32013233333333,-218.0853345,478.9264855,44.592518,-107.326514,210.434823,40.0944125,-36.440538000000004,-19.570993999999985,-59.744862999999995
-146.636721,728.7772843333332,262.315752,-218.056417,478.93349550000005,44.5482585,-107.23425800000001,210.49653,39.8397825,-36.429738,-19.51906600000001,-59.818373
-146.63649999999998,728.7797953333333,262.3112413333333,-218.0273545,478.940696,44.505337,-107.142343,210.558967,39.587475000000005,-36.417238,-19.46400399999999,-59.896022
-146.63700533333335,728.7849053333333,262.306588,-217.99829699999998,478.948121,44.463775999999996,-107.0510315,210.6220785,39.338067499999994,-36.402957,-19.40598700000001,-59.97764299999999
-146.63824666666667,728.7926613333333,262.301782,-217.96940899999998,478.9558135,44.4235915,-106.96060349999999,210.685825,39.092158,-36.38682300000001,-19.34521799999999,-60.063036000000004
-146.640233,728.8031153333335,262.296813,-217.94087,478.96382700000004,44.3847925,-106.8713585,210.750182,38.850362499999996,-36.36876699999999,-19.281927999999994,-60.151976999999995
-146.64297566666667,728.816324,262.291672,-217.912871,478.97222450000004,44.34738,-106.7836145,210.81514199999998,38.613313000000005,-36.348725,-19.216370000000012,-60.24421400000001
-146.64648433333335,728.8323466666667,262.28635133333336,-217.8856175,478.98108,44.3113485,-106.6977105,210.880715,38.381654499999996,-36.326640999999995,-19.14882399999999,-60.339462999999995
-146.65077033333333,728.8512470000001,262.28084466666667,-217.8593275,478.990477,44.276686,-106.61400850000001,210.9469245,38.156043999999994,-36.302465,-19.079590999999994,-60.43742199999999
-146.65584433333333,728.8730933333333,262.275147,-217.834232,479.0005095,44.243373500000004,-106.5328925,211.013813,37.937149000000005,-36.276155,-19.008996000000025,-60.537758000000004
-146.661718,728.8979556666667,262.26925366666666,-217.8105715,479.0112805,44.2113875,-106.45477149999999,211.081437,37.7256455,-36.24767899999999,-18.93738400000001,-60.64012099999999
-146.66840166666665,728.9259096666666,262.263163,-217.788601,479.0229025,44.180695,-106.3800795,211.1498685,37.522212499999995,-36.21700700000001,-18.865118999999993,-60.74413499999999
-146.67590800000002,728.9570323333334,262.2568753333333,-217.7685835,479.0354965,44.1512615,-106.309277,211.219197,37.327535499999996,-36.184124,-18.79258200000001,-60.849410999999996
-146.68424733333333,728.9914050000001,262.25039066666665,-217.75079399999998,479.0491945,44.1230445,-106.24284800000001,211.289524,37.142300999999996,-36.14901999999999,-18.72017199999999,-60.955538
-146.69343166666667,729.02911,262.24371433333334,-217.7355145,479.06413399999997,44.0959985,-106.181307,211.36096700000002,36.967194,-36.111695999999995,-18.648299999999978,-61.06209199999999
-146.70347233333334,729.070235,262.2368503333333,-217.72303699999998,479.080461,44.0700745,-106.12519499999999,211.43365599999998,36.8028985,-36.072162000000006,-18.577388000000013,-61.168641
-146.71437966666667,729.114868,262.22980666666666,-217.7136605,479.09832800000004,44.045219,-106.075079,211.507734,36.650093500000004,-36.030438000000004,-18.507870000000025,-61.274739000000004
-146.72616466666668,729.1630999999999,262.222593,-217.70769,479.11789550000003,44.021377,-106.031555,211.58335549999998,36.509451500000004,-35.986554,-18.44018700000001,-61.379935
-146.73883833333335,729.2150233333333,262.21522166666665,-217.70543550000002,479.139327,43.998492,-105.9952475,211.660686,36.381637000000005,-35.940551,-18.374781999999982,-61.483774000000004
-146.75240966666667,729.2707323333333,262.20770699999997,-217.70721250000003,479.16279299999997,43.9765065,-105.9668065,211.73989999999998,36.2673035,-35.892481000000004,-18.312104000000005,-61.585799
-146.76689,729.3303230000001,262.20006566666666,-217.71333950000002,479.188467,43.955362,-105.9469105,211.82118100000002,36.1670925,-35.84240299999999,-18.2526,-61.685557
-146.78228666666666,729.3938913333333,262.19231733333334,-217.7241355,479.216527,43.935002,-105.936263,211.9047205,36.0816335,-35.790394000000006,-18.196714999999983,-61.782597
-146.79861033333336,729.4615363333334,262.18448433333333,-217.739922,479.247152,43.9153715,-105.9355935,211.99071500000002,36.0115365,-35.736535,-18.14488800000001,-61.876477
-146.815868,729.5333543333332,262.1765903333333,-217.7610185,479.280523,43.896417,-105.945655,212.0793645,35.957397,-35.68092200000001,-18.097549000000015,-61.966764000000005
