Sh_x,Sh_y,Sh_z,El_x,El_y,El_z,Wr_x,Wr_y,Wr_z,WrVec_x,WrVec_y,WrVec_z
-79.84796999999999,623.789437,293.76685433333336,-209.16207500000002,428.84281550000003,53.9212685,-91.98228850000001,202.1855455,41.71942,-50.935976999999994,-24.93285899999998,-40.586128
-79.76446133333333,623.7630713333333,293.775935,-209.1962235,428.9545335,53.847541,-91.91680099999999,202.250882,41.742719,-50.82115399999999,-24.920780000000008,-40.717528
-79.68281066666667,623.7402366666666,293.7847106666666,-209.25439999999998,429.0865625,53.76846449999999,-91.8540185,202.3445945,41.797623,-50.694936999999996,-24.915749000000005,-40.85651
-79.60306566666667,623.7209956666667,293.79318500000005,-209.337049,429.2394955,53.683915999999996,-91.79333600000001,202.4683935,41.8860245,-50.556979999999996,-24.918378999999987,-41.002981000000005
-79.52527266666665,623.7054106666666,293.80136266666665,-209.444568,429.4139015,53.593779,-91.73414,202.62401949999997,42.009820000000005,-50.406942,-24.929293,-41.156816
-79.449474,623.693543,293.8092516666666,-209.5773035,429.61032550000004,53.4979455,-91.67581000000001,202.81323,42.1709025,-50.244502,-24.949118,-41.317855
-79.37571133333334,623.6854523333333,293.81685966666663,-209.735546,429.82927700000005,53.396318,-91.6177255,203.03779450000002,42.371156,-50.06935299999999,-24.978488999999996,-41.485904000000005
-79.30402333333333,623.6811976666667,293.8241966666667,-209.919525,430.071233,53.2888095,-91.55926550000001,203.299484,42.612448,-49.881207,-25.01803799999999,-41.660734000000005
-79.23444566666667,623.680837,293.83127566666667,-210.12940650000002,430.33662549999997,53.175346,-91.49981349999999,203.6000635,42.8966195,-49.679795,-25.06839500000001,-41.842077
-79.16701166666667,623.6844276666666,293.83810866666664,-210.365287,430.62584200000003,53.0558645,-91.438759,203.9412815,43.225483,-49.464872,-25.130182999999988,-42.029628
-79.10175166666666,623.692024,293.8447106666667,-210.62719099999998,430.9392175,52.93032,-91.37550250000001,204.3248615,43.6008085,-49.236216999999996,-25.20401700000002,-42.223040999999995
-79.03869466666667,623.7036810000001,293.85109766666665,-210.91506800000002,431.27703299999996,52.7986815,-91.30945700000001,204.75249250000002,44.024321,-48.993635999999995,-25.290496999999988,-42.421932
-78.97786566666666,623.7194503333334,293.857288,-211.2287895,431.63950650000004,52.6609335,-91.240053,205.2258195,44.4976915,-48.736964,-25.390209000000027,-42.625877
-78.91928733333333,623.739384,293.8633006666667,-211.568146,432.026795,52.5170805,-91.166739,205.746436,45.02252850000001,-48.466066,-25.503714000000002,-42.834407000000006
-78.86298,623.7635313333334,293.8691566666667,-211.9328465,432.438985,52.3671455,-91.088988,206.3158695,45.600370999999996,-48.180836,-25.631552999999997,-43.047018
-78.80896066666666,623.7919410000001,293.87487766666663,-212.322514,432.87609199999997,52.211171,-91.00629699999999,206.935581,46.2326815,-47.881209999999996,-25.774237999999997,-43.263159
-78.75724433333333,623.8246583333333,293.88048799999996,-212.73668800000002,433.338056,52.0492225,-90.9181925,207.6069485,46.920839,-47.567150999999996,-25.932253000000003,-43.48224199999999
-78.70784266666666,623.8617283333333,293.88601133333333,-213.174822,433.82473949999996,51.881384999999995,-90.8242315,208.3312625,47.6661315,-47.23866099999999,-26.106044999999995,-43.703637
-78.66076433333335,623.903195,293.89147533333335,-213.636284,434.33592250000004,51.7077695,-90.72400350000001,209.109717,48.4697515,-46.89578300000001,-26.296026000000012,-43.926674999999996
-78.61601633333333,623.9490976666666,293.89690633333333,-214.12035550000002,434.871304,51.5285085,-90.61713549999999,209.943402,49.332787,-46.538593000000006,-26.50256999999999,-44.150648000000004
-78.57360133333333,623.9994760000001,293.9023346666666,-214.626236,435.4304975,51.34376,-90.50329099999999,210.83329750000001,50.256217,-46.16721199999999,-26.72600700000001,-44.374812000000006
-78.53352066666666,624.0543673333333,293.90778933333337,-215.1530405,436.0130295,51.153708,-90.38217549999999,211.780263,51.240907,-45.781797,-26.966622,-44.59838599999999
-78.495772,624.113806,293.9133023333334,-215.69980450000003,436.6183395,50.9585605,-90.253533,212.785037,52.287605,-45.382543999999996,-27.224658000000005,-44.820558000000005
-78.46035066666667,624.1778250000001,293.91890566666666,-216.2654845,437.24577999999997,50.7585545,-90.1171515,213.848228,53.396933000000004,-44.96969299999999,-27.500304,-45.040484
-78.427249,624.246455,293.92463333333336,-216.8489635,437.894614,50.553952,-89.9728635,214.9703095,54.5693895,-44.543521,-27.793701,-45.25729100000001
-78.396456,624.319724,293.930519,-217.449052,438.5640195,50.345043,-89.82054600000001,216.151619,55.8053395,-44.10434600000001,-28.10494,-45.470081
-78.36795966666666,624.3976573333333,293.9366003333334,-218.0644935,439.2530865,50.132144000000004,-89.6601205,217.39235,57.105019500000004,-43.652523,-28.434059999999988,-45.677935000000005
-78.34174366666666,624.4802786666667,293.94291233333337,-218.69396799999998,439.96081949999996,49.9156005,-89.4915555,218.692554,58.468529,-43.18844299999999,-28.78104400000001,-45.879915999999994
-78.31779,624.5676093333333,293.94949333333335,-219.3361,440.6861415,49.695783999999996,-89.3148635,220.0521355,59.8958335,-42.71253899999999,-29.145823000000007,-46.075069
-78.29607700000001,624.6596663333333,293.9563813333333,-219.989458,441.4278935,49.4730955,-89.13010399999999,221.4708515,61.3867625,-42.225272000000004,-29.528277000000003,-46.262432999999994
-78.27658133333334,624.7564663333334,293.96361666666667,-220.652566,442.184839,49.247961,-88.93737949999999,222.948312,62.941009,-41.72714499999999,-29.928226000000024,-46.441038000000006
-78.259277,624.858021,293.9712383333333,-221.32390650000002,442.95566599999995,49.020835,-88.7368385,224.48397799999998,64.5581325,-41.218683,-30.345444000000015,-46.609911000000004
-78.24413466666665,624.9643406666667,293.9792873333333,-222.0019255,443.738993,48.7921995,-88.52867,226.07716399999998,66.23755650000001,-40.70044800000001,-30.77964799999998,-46.768083000000004
-78.23112433333334,625.075432,293.9878056666667,-222.685043,444.53337,48.562561,-88.313106,227.72704199999998,67.978576,-40.17302600000001,-31.23050600000002,-46.914594
-78.220211,625.1912993333334,293.9968343333333,-223.3716565,445.33728599999995,48.3324535,-88.0904185,229.4326375,69.780354,-39.637029,-31.697632999999996,-47.048494000000005
-78.211359,625.3119433333333,294.00641633333333,-224.0601485,446.149171,48.1024345,-87.8609165,231.1928385,71.64193,-39.09309300000001,-32.180599,-47.168848000000004
-78.20453033333332,625.4373609999999,294.016595,-224.7488945,446.967404,47.8730875,-87.6249465,233.0063965,73.56222,-38.541871,-32.67892499999999,-47.274748
-78.19968466666667,625.5675476666667,294.02741266666663,-225.43626799999998,447.79031599999996,47.64501799999999,-87.3828885,234.87193050000002,75.5400225,-37.98403499999999,-33.19208699999999,-47.36530700000001
-78.19677899999999,625.7024946666667,294.03891333333337,-226.1206505,448.616199,47.4188555,-87.1351535,236.7879315,77.574024,-37.42027300000001,-33.719521000000015,-47.439671999999995
-78.19576833333333,625.8421896666667,294.05114133333336,-226.800434,449.443307,47.1952505,-86.8821825,238.7527695,79.662802,-36.851282999999995,-34.260617000000025,-47.497026000000005
-78.19660499999999,625.986617,294.06414033333334,-227.47403400000002,450.26986899999997,46.9748745,-86.6244415,240.764698,81.804833,-36.277772999999996,-34.814731999999964,-47.536588
-78.19924133333333,626.1357583333333,294.0779546666667,-228.1398905,451.0940875,46.7584175,-86.3624235,242.82185850000002,83.998496,-35.700457,-35.38118699999998,-47.557626
-78.203626,626.2895910000001,294.0926286666667,-228.79647849999998,451.914153,46.546589000000004,-86.09663900000001,244.9222905,86.2420805,-35.120052,-35.959269000000006,-47.55945499999999
-78.20970633333333,626.44809,294.108206,-229.4423125,452.728245,46.340114,-85.827619,247.0639355,88.5337945,-34.53727599999999,-36.548237,-47.541439
-78.21742766666667,626.6112253333333,294.124732,-230.075953,453.5345405,46.139734,-85.55591,249.2446445,90.871767,-33.952844,-37.147323,-47.503001999999995
-78.22673400000001,626.7789653333334,294.14225,-230.696014,454.331221,45.94620449999999,-85.2820705,251.4621875,93.2540585,-33.367469,-37.755735000000016,-47.44362100000001
-78.23756733333333,626.9512723333332,294.1608043333333,-231.30116650000002,455.11648,45.7602925,-85.00666749999999,253.71425700000003,95.678668,-32.781853,-38.37266200000002,-47.362840000000006
-78.24986866666667,627.1281076666668,294.1804386666667,-231.89014350000002,455.888527,45.582777500000006,-84.7302785,255.99848,98.1435385,-32.19668899999999,-38.997274000000004,-47.260261
-78.26357733333333,627.309427,294.2011953333334,-232.461749,456.645597,45.414446999999996,-84.45348200000001,258.3124235,100.646567,-31.61265999999999,-39.62872699999997,-47.135555999999994
-78.27863066666667,627.495183,294.22311833333333,-233.014857,457.38595399999997,45.256097000000004,-84.17685900000001,260.653602,103.185608,-31.030432000000005,-40.26616999999996,-46.98846
-78.29496633333333,627.6853259999999,294.24624966666664,-233.5484185,458.10790099999997,45.1085295,-83.900991,263.01948649999997,105.7584855,-30.450655999999995,-40.90874100000002,-46.818781
-78.31251833333333,627.8798003333333,294.27063100000004,-234.061466,458.8097815,44.9725495,-83.626454,265.4075135,108.3629955,-29.873964,-41.55557299999998,-46.626390999999984
-78.33122266666668,628.0785486666667,294.29630433333335,-234.553114,459.48998900000004,44.848966000000004,-83.35381899999999,267.815089,110.9969175,-29.300967999999997,-42.20579999999998,-46.411237000000014
-78.35101200000001,628.281509,294.323309,-235.0225645,460.1469705,44.7385865,-83.0836495,270.2396,113.65802,-28.73225699999999,-42.85855599999999,-46.17333000000001
-78.37181833333334,628.488616,294.35168633333336,-235.469107,460.779233,44.6422195,-82.816498,272.6784215,116.344065,-28.168400000000005,-43.512979,-45.91275200000001
-78.393574,628.6998006666666,294.3814746666667,-235.89212049999998,461.385347,44.560669000000004,-82.55290500000001,275.128922,119.0528205,-27.60994000000001,-44.168217999999996,-45.629653000000005
-78.41620966666666,628.9149913333333,294.41271133333333,-236.29107750000003,461.9639515,44.4947335,-82.2933965,277.58847449999996,121.7820595,-27.057395000000014,-44.823428999999976,-45.32424900000001
-78.43965566666667,629.1341103333334,294.44543500000003,-236.6655405,462.51376100000004,44.445206,-82.038484,280.05445999999995,124.529575,-26.511257999999998,-45.477779999999996,-44.99682
-78.463842,629.357079,294.4796813333333,-237.0151665,463.033564,44.4128695,-81.78866,282.5242755,127.293178,-25.971992,-46.13045899999997,-44.647711999999984
-78.488698,629.583815,294.5154856666666,-237.3397025,463.52223200000003,44.398495,-81.5443985,284.9953445,130.070709,-25.440039000000013,-46.78066899999999,-44.27732400000001
-78.51415266666667,629.8142303333333,294.552882,-237.63898899999998,463.9787185,44.402843999999995,-81.30615499999999,287.465117,132.8600405,-24.915810000000008,-47.42763400000001,-43.886118999999994
-78.540135,630.048236,294.59190366666667,-237.9129575,464.4020625,44.426660999999996,-81.07436150000001,289.931082,135.659084,-24.399693,-48.07060000000001,-43.47461
-78.56657333333332,630.2857376666667,294.632582,-238.1616265,464.791394,44.4706745,-80.8494285,292.39076950000003,138.46579499999999,-23.892043,-48.70883699999996,-43.04336199999999
-78.59339666666666,630.5266403333334,294.67494833333336,-238.385104,465.145931,44.535594,-80.631744,294.84175949999997,141.2781745,-23.393196000000003,-49.34164300000003,-42.592985
-78.620534,630.7708429999999,294.7190313333333,-238.583581,465.46498399999996,44.6221105,-80.421671,297.2816835,144.0942785,-22.903458,-49.968345,-42.12413500000001
-78.64791333333334,631.0182426666667,294.76485933333333,-238.75733150000002,465.74795800000004,44.7308915,-80.2195475,299.708234,146.9122185,-22.42311099999999,-50.58829400000002,-41.63750300000001
-78.67546533333334,631.2687336666667,294.812459,-238.9067095,465.9943485,44.8625825,-80.0256885,302.119168,149.730164,-21.952415000000002,-51.200879999999984,-41.13381800000002
-78.70311833333334,631.522207,294.8618556666666,-239.03214400000002,466.20374549999997,45.017801999999996,-79.84038050000001,304.51231,152.54635,-21.491605000000007,-51.80552,-40.613834
-78.730802,631.7785496666667,294.91307233333333,-239.134136,466.375834,45.1971425,-79.66388549999999,306.88556,155.359077,-21.040894999999992,-52.40166399999998,-40.07833400000001
-78.758448,632.037648,294.96613233333335,-239.2132565,466.51039049999997,45.401168,-79.49643950000001,309.2368935,158.1667145,-20.600478999999993,-52.98879899999997,-39.528121
-78.78598699999999,632.2993836666667,295.0210553333333,-239.2701385,466.6072835,45.630412,-79.3382505,311.5643695,160.96770149999998,-20.17053100000001,-53.56644700000004,-38.964011
-78.81335033333333,632.5636356666668,295.07786133333326,-239.305477,466.6664725,45.885377500000004,-79.189502,313.866131,163.76055100000002,-19.75121,-54.134162,-38.38683399999999
-78.840471,632.8302816666666,295.136567,-239.3200225,466.68800699999997,46.1665335,-79.05034950000001,316.14041050000003,166.54385050000002,-19.342653,-54.69153699999998,-37.797425000000004
-78.86728266666667,633.0991956666667,295.1971883333334,-239.3145745,466.672021,46.474316,-78.92092249999999,318.3855305,169.3162635,-18.944991,-55.23819900000001,-37.19662099999999
-78.89371966666666,633.3702503333334,295.25974033333335,-239.2899825,466.618737,46.809124999999995,-78.801324,320.59990849999997,172.076529,-18.558333999999988,-55.77381099999997,-36.585256000000015
-78.91971766666667,633.643315,295.3242343333333,-239.247134,466.5284575,47.171325499999995,-78.691632,322.7820595,174.823464,-18.182785999999993,-56.29807500000004,-35.964156
-78.94521333333334,633.9182573333334,295.39068199999997,-239.186955,466.401566,47.561244,-78.59189699999999,324.93059700000003,177.555962,-17.818436000000005,-56.810722,-35.334136
-78.97014466666667,634.1949433333333,295.459092,-239.11040450000002,466.238522,47.979169,-78.502145,327.0442335,180.27299399999998,-17.465372000000002,-57.31152300000002,-34.69599400000001
-78.99445033333333,634.4732356666667,295.52947166666667,-239.0184675,466.03985850000004,48.425351,-78.42237700000001,329.1217855,182.973609,-17.123666,-57.800280999999984,-34.050512
-79.018072,634.7529969999999,295.60182633333335,-238.9121515,465.80617900000004,48.9,-78.352569,331.162171,185.6569305,-16.793394000000006,-58.27683200000001,-33.398443000000015
-79.040951,635.034087,295.67616000000004,-238.792483,465.5381545,49.403286,-78.2926735,333.164414,188.3221585,-16.474619000000004,-58.74104399999999,-32.74051700000001
-79.06303133333334,635.3163643333334,295.75247433333334,-238.6604995,465.236517,49.935339,-78.24261849999999,335.127641,190.968566,-16.167409000000006,-59.19281599999999,-32.07743400000001
-79.08425733333333,635.5996863333334,295.8307703333333,-238.5172515,464.902059,50.4962475,-78.20231,337.051086,193.59549950000002,-15.871824000000004,-59.63207799999998,-31.40985900000001
-79.10457666666667,635.8839079999999,295.911045,-238.3637895,464.53562750000003,51.086059000000006,-78.17163149999999,338.934086,196.202377,-15.587926999999993,-60.058786,-30.738421999999986
-79.12393733333333,636.1688846666666,295.99329566666665,-238.201167,464.1381205,51.70478,-78.15044599999999,340.77608250000003,198.788683,-15.315781999999999,-60.472920999999985,-30.063716
-79.14228966666667,636.454471,296.07751733333333,-238.030433,463.71048299999995,52.35237600000001,-78.1385935,342.5766215,201.3539705,-15.055451000000005,-60.87449300000003,-29.386292999999995
-79.15958566666666,636.7405186666666,296.163702,-237.85262899999998,463.25370350000003,53.0287705,-78.1358975,344.33535099999995,203.8978565,-14.807001,-61.26353,-28.70666300000002
-79.17577999999999,637.0268806666667,296.25184133333335,-237.66878450000002,462.76880800000004,53.733848,-78.14216099999999,346.052021,206.42002150000002,-14.570498,-61.640086,-28.025295
-79.190827,637.3134086666668,296.34192499999995,-237.479916,462.25685799999997,54.46745,-78.1571685,347.7264795,208.92020250000002,-14.346014999999994,-62.004227000000014,-27.342613
-79.20468566666666,637.5999543333334,296.43393999999995,-237.28701949999999,461.71894499999996,55.2293815,-78.1806895,349.3586745,211.39819549999999,-14.133624999999995,-62.356043,-26.658994999999976
-79.217315,637.886369,296.52787233333333,-237.0910725,461.156186,56.0194055,-78.212476,350.948646,213.8538485,-13.933403999999996,-62.695632000000046,-25.974775000000022
-79.22867733333334,638.1725033333333,296.6237056666667,-236.89302650000002,460.569721,56.837248,-78.25226749999999,352.4965295,216.2870605,-13.745435,-63.02311099999997,-25.290243000000004
-79.23873666666667,638.45821,296.7214226666667,-236.693807,459.96070799999995,57.682597,-78.299789,354.0025485,218.6977785,-13.569798000000006,-63.33859899999999,-24.60564499999998
-79.24745866666666,638.7433403333333,296.821004,-236.4943115,459.3303185,58.555104,-78.35475249999999,355.4670135,221.0859935,-13.406581000000003,-63.64223100000004,-23.921177
-79.254812,639.0277470000001,296.92242766666664,-236.29540450000002,458.6797345,59.4543845,-78.41686,356.890317,223.45173799999998,-13.255869999999987,-63.934144,-23.236999999999995
-79.26076633333334,639.3112826666667,297.02567200000004,-236.097919,458.0101445,60.3800205,-78.485805,358.27293199999997,225.795082,-13.117756,-64.21447600000005,-22.55322799999999
-79.26529433333333,639.593802,297.13071233333335,-235.9026525,457.322741,61.3315605,-78.5612705,359.615406,228.11613,-12.992328999999998,-64.48337200000003,-21.869935999999996
-79.26837066666667,639.8751596666666,297.2375216666666,-235.71036500000002,456.61871299999996,62.308521,-78.6429335,360.918356,230.4150185,-12.87967900000001,-64.740974,-21.187161000000003
-79.26997266666667,640.155212,297.34607466666665,-235.52178049999998,455.8992485,63.3103885,-78.73046500000001,362.182468,232.691913,-12.779895999999994,-64.98742199999998,-20.50490000000002
-79.27007866666666,640.4338166666666,297.45634033333334,-235.3375835,455.165526,64.33662100000001,-78.8235325,363.4084875,234.9470035,-12.69306499999999,-65.22285099999999,-19.82312300000001
-79.26867066666667,640.7108320000001,297.568289,-235.15841849999998,454.41871449999996,65.386649,-78.9217985,364.597217,237.1805015,-12.619273000000007,-65.44739200000004,-19.141761000000002
-79.26573166666667,640.9861209999999,297.681889,-234.9848895,453.659968,66.459878,-79.024925,365.74951250000004,239.3926395,-12.558598000000003,-65.66116900000003,-18.460718999999983
-79.26124833333334,641.259544,297.79710666666665,-234.81756000000001,452.890426,67.55569,-79.13257300000001,366.866275,241.5836645,-12.511116000000001,-65.86429400000003,-17.779875000000004
-79.255208,641.530967,297.913908,-234.65695150000002,452.1112075,68.673444,-79.2444045,367.948448,243.7538385,-12.476890999999995,-66.056872,-17.099085000000002
-79.24760133333332,641.8002563333333,298.0322566666666,-234.5035455,451.3234115,69.8124795,-79.3600825,368.99701200000004,245.903433,-12.455984999999998,-66.23899799999998,-16.41818599999999
-79.23842033333334,642.0672823333333,298.152116,-234.35778,450.5281115,70.9721185,-79.479273,370.012976,248.03272950000002,-12.448446000000004,-66.410754,-15.736995000000007
-79.22766,642.3319153333333,298.27344800000003,-234.2200535,449.7263555,72.151666,-79.6016475,370.9973765,250.1420125,-12.45431099999999,-66.57220899999999,-15.055318999999997
-79.21531733333333,642.5940306666666,298.3962126666667,-234.09072300000003,448.91916449999997,73.3504125,-79.72688,371.95126949999997,252.2315725,-12.473606000000004,-66.72341899999998,-14.372952999999995
-79.20139066666667,642.853505,298.52036933333335,-233.970105,448.107529,74.5676355,-79.854653,372.875727,254.30170099999998,-12.50634199999999,-66.86443000000003,-13.689690000000013
-79.185882,643.1102179999999,298.645878,-233.8584765,447.29240649999997,75.8026025,-79.984654,373.7718285,256.3526885,-12.552513999999988,-66.995273,-13.005313000000001
-79.16879466666667,643.3640533333333,298.77269433333333,-233.7560765,446.4747235,77.054573,-80.11658,374.64065949999997,258.3848225,-12.612101999999993,-67.11596500000002,-12.319612999999976
-79.15013333333333,643.6148966666666,298.90077633333334,-233.663103,445.6553725,78.32279700000001,-80.250135,375.48330550000003,260.398387,-12.685066000000006,-67.22651300000001,-11.632382000000007
-79.12990599999999,643.862638,299.0300786666666,-233.5797195,444.8352095,79.606522,-80.38503299999999,376.300844,262.39366099999995,-12.771348000000003,-67.32691,-10.943420000000003
-79.10812166666666,644.1071696666667,299.1605563333333,-233.5060525,444.0150545,80.90499,-80.5209975,377.09434450000003,264.37091499999997,-12.87086699999999,-67.41713899999996,-10.252538000000015
-79.08479233333334,644.3483883333333,299.29216333333335,-233.44219350000003,443.195691,82.217443,-80.65776249999999,377.86486149999996,266.33041349999996,-12.983523000000005,-67.49717300000003,-9.559562999999969
-79.059931,644.5861943333333,299.4248523333333,-233.38820099999998,442.3778645,83.54312250000001,-80.7950725,378.6134295,268.2724085,-13.109193000000005,-67.56697499999996,-8.86433900000003
-79.03355266666667,644.8204913333334,299.5585760000001,-233.34409949999997,441.56228250000004,84.8812705,-80.932683,379.34105999999997,270.19714450000004,-13.247727999999995,-67.62650000000002,-8.16672699999998
-79.005675,645.0511866666667,299.69328566666667,-233.309884,440.749616,86.2311345,-81.0703615,380.0487385,272.1048545,-13.398956999999996,-67.67569900000001,-7.466616999999985
-78.97631666666666,645.2781926666667,299.8289326666666,-233.28551950000002,439.940494,87.5919645,-81.207887,380.737419,273.99575949999996,-13.562681999999995,-67.714518,-6.763921000000039
-78.94549833333333,645.5014246666666,299.9654673333334,-233.270943,439.13551,88.963018,-81.34504899999999,381.4080225,275.8700685,-13.738681999999997,-67.74289499999998,-6.058579000000009
-78.91324233333333,645.7208026666667,300.1028386666666,-233.26606450000003,438.33521900000005,90.343559,-81.4816495,382.0614315,277.7279795,-13.926706999999993,-67.76077300000003,-5.350560999999971
-78.87957233333333,645.9362506666666,300.24099666666666,-233.2707695,437.5401375,91.732859,-81.6175035,382.698493,279.5696765,-14.126480999999998,-67.76809200000002,-4.639873000000023
-78.844515,646.147698,300.37989,-233.284919,436.750745,93.1302015,-81.7524355,383.32000800000003,281.3953315,-14.337705,-67.76479599999999,-3.9265490000000227
-78.80809633333332,646.355077,300.51946666666663,-233.3083535,435.967484,94.5348795,-81.8862825,383.92673749999994,283.2051045,-14.560049000000006,-67.750833,-3.210660999999959
-78.77034533333334,646.5583246666666,300.65967500000005,-233.3408925,435.19076099999995,95.94619650000001,-82.0188935,384.51939600000003,284.999142,-14.793160999999998,-67.726158,-2.49231599999996
-78.73129233333334,646.757384,300.800462,-233.382336,434.42094799999995,97.36346950000001,-82.1501275,385.098651,286.77758,-15.036659,-67.69073199999997,-1.7716580000000022
-78.69096766666667,646.952201,300.9417756666667,-233.43246699999997,433.65838199999996,98.78602800000002,-82.2798555,385.665124,288.5405415,-15.290138999999996,-67.64452800000004,-1.0488670000000297
-78.649405,647.1427266666666,301.08356266666664,-233.4910535,432.9033655,100.2132155,-82.40795750000001,386.2193885,290.2881375,-15.553173000000001,-67.58753300000001,-0.3241610000000037
-78.60663766666667,647.3289173333334,301.2257696666666,-233.557849,432.15617050000003,101.64438949999999,-82.534325,386.76197,292.02047,-15.825307999999993,-67.519746,0.4022059999999783
-78.56270066666667,647.5107340000001,301.368344,-233.6325925,431.4170375,103.0789215,-82.65885850000001,387.2933455,293.73762899999997,-16.10606700000001,-67.44118300000002,1.1299439999999663
-78.51763066666666,647.6881416666666,301.51123233333334,-233.715015,430.68617700000004,104.5161995,-82.78146749999999,387.81394450000005,295.43969549999997,-16.394954999999996,-67.351875,1.8587269999999876
-78.47146333333335,647.8611103333334,301.65438133333333,-233.8048345,429.96376899999996,105.9556245,-82.9020725,388.3241505,297.1267405,-16.691452999999996,-67.25187699999998,2.5881969999999797
-78.42423766666667,648.0296156666667,301.7977376666667,-233.9017615,429.2499705,107.3966125,-83.0205995,388.8243015,298.79882799999996,-16.995029000000002,-67.14125899999999,3.3179620000000227
-78.375992,648.1936376666667,301.9412483333333,-234.00549949999998,428.5449085,108.83859849999999,-83.13698550000001,389.31469100000004,300.456013,-17.305129000000008,-67.02011599999997,4.0475999999999885
-78.32676633333334,648.3531603333333,302.084861,-234.1157455,427.848686,110.28102799999999,-83.251172,389.795569,302.098343,-17.621185999999994,-66.88856399999997,4.776659999999993
-78.27660033333333,648.5081736666666,302.22852133333333,-234.232192,427.1613855,111.723365,-83.3631105,390.26714549999997,303.72586149999995,-17.942621000000003,-66.74674699999997,5.504664999999989
-78.22553566666666,648.6586713333335,302.37217833333335,-234.35452700000002,426.4830645,113.165086,-83.4727575,390.729592,305.33860400000003,-18.26884100000001,-66.59482599999996,6.231115999999986
-78.17361366666667,648.8046536666667,302.515779,-234.482437,425.813762,114.605685,-83.580075,391.183043,306.93660150000005,-18.599246000000008,-66.43299200000001,6.955489
-78.120876,648.9461239999999,302.6592726666667,-234.615606,425.153497,116.0446675,-83.685034,391.6275985,308.519882,-18.933228,-66.261461,7.677247999999963
-78.06736599999999,649.0830906666666,302.8026056666667,-234.753717,424.5022725,117.481556,-83.787606,392.0633295,310.08846900000003,-19.270173999999997,-66.08047299999998,8.395835999999974
-78.01312566666667,649.2155676666666,302.94572866666664,-234.8964545,423.860073,118.915884,-83.88777250000001,392.4902755,311.6423835,-19.609469000000004,-65.89029100000005,9.110690999999974
-77.95819833333333,649.3435723333333,303.0885903333333,-235.043503,423.226871,120.34719999999999,-83.98551499999999,392.908453,313.181644,-19.950497999999996,-65.69120799999996,9.821235999999999
-77.90262733333333,649.4671276666667,303.2311403333333,-235.1945475,422.6026225,121.77506500000001,-84.08082250000001,393.317855,314.70626849999996,-20.292647000000002,-65.48353399999996,10.52689700000002
-77.84645666666667,649.5862606666666,303.3733286666667,-235.3492785,421.987274,123.199052,-84.1736855,393.7184545,316.216273,-20.635305000000002,-65.26761099999999,11.227089999999976
-77.78972933333334,649.7010033333332,303.515107,-235.507386,421.38075849999996,124.6187465,-84.264099,394.110209,317.711672,-20.977869999999996,-65.04379400000005,11.921240000000012
-77.73248866666667,649.8113913333333,303.656426,-235.6685665,420.7830025,126.033744,-84.35206099999999,394.493064,319.19248200000004,-21.31974799999999,-64.81246599999997,12.608775999999978
-77.67477866666665,649.917464,303.797238,-235.832518,420.1939205,127.4436525,-84.43757099999999,394.866952,320.658719,-21.660353999999998,-64.574028,13.28913399999999
-77.61664333333333,650.0192673333332,303.937495,-235.9989445,419.6134225,128.8480885,-84.520633,395.2318025,322.11039949999997,-21.999117999999996,-64.32889899999998,13.961762999999962
-77.55812466666667,650.116849,304.07715033333335,-236.1675545,419.0414105,130.246679,-84.60125149999999,395.58754,323.54753949999997,-22.335482999999996,-64.07751400000001,14.626129000000049
-77.49926633333332,650.2102620000001,304.2161573333333,-236.33806199999998,418.477782,131.639059,-84.6794335,395.93408750000003,324.9701585,-22.66891100000001,-63.82032499999997,15.281713000000025
-77.44011166666667,650.2995623333333,304.35447066666666,-236.5101845,417.9224305,133.0248745,-84.7551895,396.27137200000004,326.378276,-22.99888100000001,-63.557795999999996,15.928021999999999
-77.38070133333333,650.3848103333333,304.4920443333333,-236.6836485,417.375245,134.403777,-84.828528,396.59932549999996,327.7719125,-23.32489199999999,-63.29040100000003,16.564583000000027
-77.32107866666666,650.4660706666667,304.62883533333337,-236.8581825,416.8361135,135.77542599999998,-84.899463,396.917888,329.1510915,-23.646466000000004,-63.018624000000045,17.19094899999999
-77.26128466666667,650.5434096666668,304.76479900000004,-237.0335235,416.30492100000004,137.139488,-84.9680055,397.227012,330.5158355,-23.963149,-62.74295600000005,17.806705000000022
-77.20136033333333,650.616899,304.89989266666663,-237.2094145,415.7815535,138.495636,-85.0341715,397.5266615,331.86617,-24.274508999999995,-62.463892999999985,18.411464000000024
-77.14134633333333,650.686612,305.03407366666664,-237.385603,415.265895,139.8435485,-85.09797599999999,397.816818,333.20212200000003,-24.580144000000004,-62.18193200000002,19.004872000000034
-77.08128166666667,650.7526266666667,305.167301,-237.561843,414.7578315,141.1829095,-85.1594355,398.097479,334.5237175,-24.879672999999997,-61.89757000000003,19.58660900000001
-77.02120533333333,650.8150226666667,305.299534,-237.73789599999998,414.257249,142.5134085,-85.2185675,398.36866399999997,335.830985,-25.172748999999996,-61.61130399999996,20.156387999999993
-76.961156,650.8738833333333,305.4307323333333,-237.9135295,413.76403700000003,143.83473850000001,-85.275391,398.630413,337.12395300000003,-25.459047999999996,-61.323623999999995,20.71396199999998
-76.90117133333332,650.9292939999999,305.56085733333333,-238.0885155,413.27808600000003,145.14659650000002,-85.329925,398.88279,338.40264950000005,-25.738280000000003,-61.03501600000004,21.259119
-76.84128833333334,650.9813433333333,305.68987066666665,-238.2626335,412.7992895,146.448684,-85.3821895,399.125882,339.6671035,-26.010177,-60.74595599999998,21.79168100000004
-76.781542,651.0301209999999,305.817735,-238.435669,412.327545,147.740705,-85.4322065,399.3598035,340.917342,-26.27450900000001,-60.456908999999996,22.31151
-76.72196733333332,651.0757206666667,305.944414,-238.6074145,411.862753,149.022367,-85.479997,399.5846945,342.1533915,-26.53107,-60.16832699999998,22.81850499999996
-76.662599,651.1182366666667,306.0698716666667,-238.777666,411.404819,150.29338,-85.5255855,399.8007215,343.375278,-26.779685,-59.880649000000005,23.312602000000027
-76.60347,651.1577656666667,306.1940743333333,-238.94622800000002,410.9536525,151.55345549999998,-85.5689965,400.0080795,344.58302249999997,-27.020208999999994,-59.59429899999998,23.79377100000005
-76.54461233333333,651.1944056666666,306.31698800000004,-239.11291,410.50916700000005,152.80230749999998,-85.6102545,400.20699,345.776648,-27.252525000000006,-59.30967800000002,24.262020000000007
-76.486057,651.2282566666667,306.43857899999995,-239.2775285,410.071283,154.03965300000002,-85.64938649999999,400.39770150000004,346.95617,-27.476545,-59.027173000000005,24.717388000000028
-76.42783433333334,651.2594193333333,306.5588173333333,-239.4399045,409.639925,155.265209,-85.6864205,400.58049,348.121603,-27.692211,-58.74715000000003,25.15994999999998
-76.369973,651.287996,306.677671,-239.59986600000002,409.21502350000003,156.47869550000001,-85.721387,400.7556575,349.27295749999996,-27.899488000000005,-58.46995099999998,25.589809000000002
-76.31250166666666,651.3140893333334,306.7951103333333,-239.757248,408.7965145,157.67983199999998,-85.75431549999999,400.92353049999997,350.4102385,-28.098372999999995,-58.195897,26.00709900000004
-76.25544666666667,651.3378033333333,306.91110733333335,-239.911889,408.38434,158.8683405,-85.78524,401.08446000000004,351.533447,-28.288883999999996,-57.92528599999997,26.411984000000018
-76.19883399999999,651.3592426666668,307.025634,-240.0636365,407.978449,160.04394299999998,-85.8141925,401.23882000000003,352.6425775,-28.471067000000005,-57.65839,26.804652999999973
-76.142688,651.3785116666667,307.13866433333334,-240.21234199999998,407.57879549999996,161.206365,-85.84121049999999,401.3870065,353.73761850000005,-28.644988999999995,-57.39545900000002,27.185316999999998
-76.08703266666667,651.3957153333334,307.25017166666663,-240.357864,407.1853405,162.35532949999998,-85.8663315,401.529432,354.818554,-28.810741000000007,-57.13671599999998,27.554210000000012
-76.03189033333332,651.4109586666667,307.3601323333333,-240.500068,406.798051,163.4905625,-85.8895935,401.6665295,355.885358,-28.968436999999994,-56.882363,27.911587999999995
-75.977282,651.424347,307.46852199999995,-240.6388245,406.416901,164.61179099999998,-85.911039,401.7987455,356.938001,-29.118210000000005,-56.63257299999998,28.257722
-75.92322833333334,651.4359843333333,307.5753193333333,-240.774012,406.04187149999996,165.71874200000002,-85.930711,401.92654200000004,357.9764425,-29.26021,-56.387497999999994,28.59289899999999
-75.869748,651.445975,307.68050266666665,-240.90551349999998,405.6729485,166.8111445,-85.9486545,402.0503885,359.000637,-29.394606999999993,-56.14726299999995,28.917419999999993
-75.81685900000001,651.4544226666667,307.7840516666667,-241.03322150000002,405.310126,167.88872800000001,-85.9649165,402.170766,360.01052949999996,-29.52158700000001,-55.91197199999999,29.231597000000022
-75.76457799999999,651.4614296666667,307.8859463333333,-241.157033,404.953404,168.951223,-85.9795465,402.288159,361.0060565,-29.64134899999999,-55.68170599999996,29.53574900000001
-75.71292100000001,651.467098,307.98616999999996,-241.27685400000001,404.6027885,169.9983615,-85.9925945,402.40305650000005,361.987148,-29.754107000000005,-55.456523000000004,29.83020399999998
-75.66190233333333,651.4715283333334,308.0847046666666,-241.3925965,404.258292,171.029877,-86.004114,402.515947,362.95372299999997,-29.86008799999999,-55.23646000000002,30.11529200000001
-75.61153533333334,651.47482,308.18153433333333,-241.50417950000002,403.9199345,172.045505,-86.01416,402.627316,363.9056925,-29.959525999999997,-55.02153599999997,30.391346999999996
-75.56183233333333,651.477071,308.27664366666664,-241.61153,403.58774,173.0449815,-86.02278799999999,402.7376455,364.8429615,-30.052667999999997,-54.811751000000015,30.658702999999946
-75.512805,651.4783769999999,308.37002,-241.7145835,403.26174000000003,174.02804600000002,-86.0300575,402.847408,365.765423,-30.139764999999997,-54.60708600000004,30.917691999999988
-75.46446300000001,651.4788336666667,308.461649,-241.813282,402.9419715,174.9944395,-86.03602649999999,402.9570665,366.672964,-30.221076999999994,-54.407509000000005,31.168642000000034
-75.416816,651.4785336666667,308.5515203333334,-241.9075765,402.62847750000003,175.9439055,-86.0407575,403.0670695,367.5654625,-30.29686699999999,-54.21297100000004,31.411879
-75.369872,651.477567,308.6396223333333,-241.9974255,402.321305,176.876189,-86.044312,403.1778485,368.44278699999995,-30.367402,-54.023413000000005,31.647717999999998
-75.32363866666667,651.476023,308.7259463333333,-242.08279650000003,402.02050699999995,177.791041,-86.0467545,403.28981799999997,369.3048015,-30.432952999999998,-53.83876200000003,31.876467000000048
-75.27812166666666,651.4739876666666,308.810483,-242.16366499999998,401.726141,178.688213,-86.0481495,403.4033705,370.15136,-30.49378700000001,-53.65893700000004,32.09842600000002
-75.23332666666666,651.471545,308.8932253333333,-242.2400145,401.438271,179.56746199999998,-86.048563,403.51887450000004,370.98231,-30.550174,-53.48384900000002,32.31388399999997
-75.18925766666666,651.468776,308.97416666666663,-242.311838,401.15696149999997,180.42854849999998,-86.0480605,403.636673,371.79749400000003,-30.602383000000003,-53.313401999999996,32.52311400000002
-75.14591866666666,651.4657606666666,309.05330266666664,-242.37913600000002,400.882284,181.27123749999998,-86.0467105,403.75707950000003,372.5967455,-30.650677,-53.14749699999999,32.726381
-75.10331233333334,651.4625736666667,309.13062833333333,-242.44192,400.6143115,182.0952985,-86.0445785,403.8803795,373.37989500000003,-30.69531699999999,-52.98602900000003,32.92393199999998
-75.06143999999999,651.4592883333333,309.20614133333333,-242.500207,400.35312150000004,182.900507,-86.0417325,404.0068255,374.146767,-30.73655699999999,-52.828892999999994,33.11600199999998
-75.02030333333333,651.4559753333333,309.27983966666665,-242.55402549999997,400.0987925,183.686645,-86.0382395,404.136637,374.8971815,-30.774647,-52.67598399999997,33.302809000000025
-74.979902,651.4527016666667,309.3517223333333,-242.603411,399.851407,184.4534995,-86.0341675,404.2699975,375.6309565,-30.809831000000003,-52.527197,33.484555
-74.94023666666666,651.4495309999999,309.42179000000004,-242.64840900000002,399.611048,185.20086600000002,-86.029582,404.407056,376.347905,-30.842339999999993,-52.38243,33.661428
-74.90130533333333,651.4465246666667,309.49004399999995,-242.6890725,399.37779950000004,185.92854599999998,-86.02455,404.5479235,377.04783899999995,-30.8724,-52.24158300000005,33.833594000000005
-74.86310666666667,651.4437396666667,309.55648633333334,-242.72546300000002,399.1517465,186.6363505,-86.019135,404.6926745,377.7305705,-30.900228,-52.104562999999985,34.00120900000002
-74.82563800000001,651.4412306666667,309.6211213333333,-242.7576505,398.932974,187.3240995,-86.013402,404.841344,378.39590899999996,-30.926031999999992,-51.971281999999974,34.16441000000003
-74.788897,651.4390483333333,309.6839533333333,-242.7857145,398.721567,187.9916205,-86.0074135,404.99393,379.0436665,-30.950005000000004,-51.841656,34.32331700000003
-74.75287999999999,651.4372403333333,309.744988,-242.80974,398.5176085,188.638752,-86.00123099999999,405.15038949999996,379.6736565,-30.972334000000004,-51.715611000000024,34.47803299999998
-74.71758266666666,651.4358503333334,309.80423233333335,-242.8298215,398.321181,189.265345,-85.994913,405.31064449999997,380.2856935,-30.99319,-51.593079000000046,34.628647
-74.683001,651.434919,309.86169433333333,-242.84605950000002,398.132364,189.871259,-85.988519,405.4745765,380.87959850000004,-31.012738,-51.473997,34.775233000000014
-74.64913033333333,651.4344833333333,309.91738200000003,-242.858564,397.951234,190.456368,-85.9821025,405.642031,381.4551955,-31.031126999999998,-51.358318,34.91784900000005
-74.615965,651.434577,309.971306,-242.86744900000002,397.77786449999996,191.0205575,-85.9757185,405.8128165,382.0123145,-31.048496999999998,-51.24599499999999,35.05654100000004
-74.58349966666667,651.43523,310.0234766666667,-242.8728365,397.612325,191.563727,-85.969418,405.98670749999997,382.550794,-31.064976,-51.13699500000001,35.19133999999997
-74.55172800000001,651.4364683333333,310.0739066666667,-242.8748555,397.4546805,192.085791,-85.96324999999999,406.163444,383.07047950000003,-31.080675999999997,-51.031289999999956,35.322262999999964
-74.52064466666667,651.4383156666667,310.1226073333333,-242.87363899999997,397.304989,192.5866775,-85.95726049999999,406.342733,383.57122549999997,-31.095704999999995,-50.92886199999998,35.449319
-74.49024233333334,651.4407909999999,310.16959333333335,-242.8693255,397.1633055,193.0663315,-85.951493,406.524251,384.05289949999997,-31.110153999999994,-50.8297,35.57250700000003
-74.46051533333333,651.4439103333333,310.21487866666666,-242.8620595,397.029676,193.52471350000002,-85.9459885,406.7076465,384.515378,-31.124105,-50.73380099999997,35.69181200000003
-74.43145633333334,651.4476866666668,310.258479,-242.851989,396.90414,193.96180249999998,-85.940786,406.8925415,384.958552,-31.137631999999996,-50.641166999999996,35.807214000000045
-74.40305866666667,651.4521286666667,310.30040966666667,-242.83926599999998,396.7867305,194.3775935,-85.93592000000001,407.078532,385.3823265,-31.150794000000005,-50.551806,35.918683000000044
-74.375315,651.457243,310.34068866666667,-242.824045,396.67747099999997,194.77210200000002,-85.931423,407.265193,385.7866215,-31.16364399999999,-50.465734,36.02618699999999
-74.34821866666665,651.4630313333333,310.3793333333333,-242.80648499999998,396.576377,195.14535999999998,-85.9273245,407.45208,386.1713735,-31.176226999999997,-50.38297,36.129683
-74.32176266666666,651.4694936666666,310.41636266666666,-242.786746,396.483454,195.497421,-85.923651,407.63873,386.53653599999996,-31.188575999999998,-50.30353400000001,36.229128
-74.29593966666665,651.4766263333332,310.451795,-242.76499099999998,396.39869899999997,195.828359,-85.92042599999999,407.82466750000003,386.88208050000003,-31.200720000000004,-50.22745100000003,36.32447499999995
-74.270743,651.4844223333334,310.48565133333335,-242.741382,396.322098,196.1382665,-85.917671,408.009404,387.2079995,-31.21267800000001,-50.15474999999998,36.41567500000002
-74.24616533333334,651.4928716666667,310.5179513333333,-242.71608449999997,396.2536275,196.4272595,-85.9154025,408.1924415,387.51430500000004,-31.224467000000004,-50.08545499999997,36.502678
-74.22219966666667,651.5019609999999,310.54871733333334,-242.689262,396.1932515,196.695473,-85.9136365,408.3732775,387.80102899999997,-31.23609499999999,-50.01959500000004,36.58543400000002
-74.19884033333334,651.511676,310.577971,-242.66107849999997,396.1409245,196.94306699999999,-85.912384,408.55140600000004,388.06822750000003,-31.247563999999997,-49.957194000000015,36.66389499999997
-74.17607966666667,651.5219966666667,310.60573466666665,-242.63169649999998,396.0965885,197.1702205,-85.911655,408.72632,388.315977,-31.258876,-49.89827600000001,36.738013999999964
-74.15391199999999,651.5329033333334,310.632032,-242.601278,396.06017499999996,197.3771365,-85.9114565,408.897515,388.5443785,-31.270028999999994,-49.84285999999997,36.807749
-74.13233133333334,651.5443723333334,310.65688666666665,-242.56998199999998,396.03160249999996,197.56403949999998,-85.91179149999999,409.06449150000003,388.753557,-31.28101500000001,-49.79096299999998,36.873062000000004
-74.11133133333334,651.5563766666667,310.6803223333333,-242.53796549999998,396.010777,197.731176,-85.91266200000001,409.226759,388.94366,-31.291826,-49.74259599999999,36.93392
-74.09090633333334,651.5688886666667,310.7023636666667,-242.505383,395.9975955,197.8788155,-85.914067,409.383836,389.114861,-31.302456000000006,-49.69776399999995,36.990294000000006
-74.07105200000001,651.5818776666666,310.72303600000004,-242.472384,395.991939,198.0072495,-85.9160025,409.5352555,389.267357,-31.312893000000003,-49.656465000000026,37.04216399999996
-74.051762,651.5953103333334,310.74236533333334,-242.43911599999998,395.9936795,198.11679149999998,-85.918463,409.680565,389.4013695,-31.323127999999997,-49.618694000000005,37.089517
-74.03303266666667,651.6091526666667,310.760377,-242.40572150000003,396.0026765,198.20777550000003,-85.92143999999999,409.8193315,389.51714549999997,-31.333152,-49.58443300000005,37.13234300000005
-74.01485933333333,651.6233676666667,310.77709666666664,-242.3723375,396.018776,198.2805575,-85.9249245,409.9511405,389.614956,-31.342955000000003,-49.55365900000004,37.17064800000003
-73.99723833333333,651.6379176666666,310.792551,-242.339098,396.041814,198.3355135,-85.92890249999999,410.075599,389.6950945,-31.352531000000013,-49.526340000000005,37.20443899999998
-73.98016566666666,651.652762,310.8067673333333,-242.3061295,396.0716155,198.373039,-85.9333615,410.19234,389.7578805,-31.361873000000003,-49.502437999999984,37.233739000000014
-73.963639,651.6678603333334,310.819771,-242.273553,396.1079935,198.3935485,-85.938284,410.3010215,389.80365400000005,-31.370980000000003,-49.48190099999999,37.25857400000001
-73.94765466666666,651.683169,310.83159,-242.24148549999998,396.150751,198.39747599999998,-85.94365300000001,410.40132700000004,389.8327785,-31.379847999999996,-49.46467200000001,37.27898299999998
-73.93221033333333,651.6986449999999,310.8422503333333,-242.210037,396.1996805,198.3852705,-85.94944749999999,410.4929705,389.845639,-31.388479000000004,-49.450687000000016,37.29501400000004
-73.91730533333333,651.7142436666667,310.85178,-242.179309,396.254565,198.3573985,-85.9556475,410.5756945,389.8426385,-31.396874999999994,-49.439869000000044,37.30672299999998
-73.90293733333333,651.729919,310.860205,-242.1494,396.315178,198.31434000000002,-85.9622295,410.649272,389.824202,-31.405044999999987,-49.432136000000014,37.31417399999998
-73.88910533333332,651.7456253333334,310.867552,-242.1203995,396.38128500000005,198.25658950000002,-85.9691685,410.71350700000005,389.7907705,-31.412993,-49.42739599999999,37.31744500000002
-73.87580933333334,651.7613156666666,310.8738486666667,-242.0923905,396.4526435,198.1846545,-85.97644,410.768236,389.742802,-31.420733999999996,-49.42555200000004,37.31662
-73.863049,651.776943,310.87912066666667,-242.06545,396.5290035,198.099052,-85.9840155,410.8133255,389.68077,-31.428279000000003,-49.42649699999998,37.311789999999974
-73.850825,651.7924596666667,310.8833946666667,-242.0396475,396.6101075,198.00030700000002,-85.9918675,410.8486755,389.60515899999996,-31.435644999999994,-49.430120999999986,37.303056000000026
-73.83913733333334,651.8078186666667,310.8866966666667,-242.01504599999998,396.695694,197.888954,-85.999966,410.8742165,389.516468,-31.442847999999998,-49.436307,37.290527999999995
-73.82798866666667,651.822972,310.8890523333334,-241.9917015,396.7854955,197.765533,-86.00828,410.889911,389.4152035,-31.44990999999999,-49.444931999999994,37.274320999999986
-73.81738,651.837873,310.89048700000006,-241.9696625,396.87924050000004,197.630588,-86.016779,410.895751,389.30188150000004,-31.456851999999998,-49.455872,37.25455900000003
-73.80731366666667,651.8524753333334,310.89102533333335,-241.94897300000002,396.9766535,197.4846645,-86.0254285,410.89175850000004,389.1770225,-31.463695,-49.468997,37.231371000000024
-73.79779233333333,651.8667313333334,310.89069266666667,-241.929667,397.077457,197.328309,-86.034197,410.8779845,389.0411515,-31.470464000000007,-49.48417699999999,37.204890999999975
-73.78881966666667,651.8805963333333,310.8895116666667,-241.91177600000003,397.18137249999995,197.162066,-86.0430495,410.85450749999995,388.894795,-31.477185000000006,-49.501281000000006,37.175257999999985
-73.78039866666667,651.894026,310.887507,-241.895322,397.28812,196.98647749999998,-86.051951,410.8214305,388.73847950000004,-31.48388,-49.520174999999995,37.14261700000003
-73.77253366666667,651.906975,310.884701,-241.8803225,397.397419,196.8020795,-86.0608665,410.7788825,388.572728,-31.490575000000007,-49.540730999999994,37.107114000000024
-73.76522899999999,651.9194016666667,310.88111533333336,-241.86678899999998,397.508993,196.6094015,-86.0697605,410.727013,388.3980605,-31.49729500000001,-49.56281799999999,37.06889899999999
-73.75848966666666,651.9312639999999,310.8767726666667,-241.8547275,397.622564,196.408962,-86.078596,410.6659935,388.21498799999995,-31.50406600000001,-49.58631100000002,37.02812399999999
-73.752321,651.9425213333333,310.871693,-241.844138,397.737859,196.201271,-86.0873375,410.59601250000003,388.02401399999997,-31.510908999999998,-49.61108900000005,36.984939999999995
-73.74672833333334,651.9531343333334,310.86589566666663,-241.835017,397.854609,195.9868235,-86.09594849999999,410.51727700000004,387.8256295,-31.517847000000003,-49.63703600000002,36.93950100000001
-73.74171733333333,651.9630663333334,310.8594013333333,-241.827355,397.9725495,195.7661005,-86.10439199999999,410.430005,387.62031349999995,-31.524897999999993,-49.664041999999995,36.89195699999999
-73.73729533333334,651.972281,310.852227,-241.82113700000002,398.0914205,195.53956499999998,-86.112631,410.3344285,387.40852800000005,-31.53208199999999,-49.692003,36.84246000000002
-73.733469,651.9807436666666,310.8443896666667,-241.8163465,398.210971,195.3076645,-86.1206305,410.2307865,387.190719,-31.539415000000005,-49.72082700000004,36.791154000000006
-73.73024400000001,651.9884233333332,310.83590733333335,-241.812962,398.330955,195.070823,-86.1283535,410.11932449999995,386.96731250000005,-31.546909,-49.750427,36.73818299999999
-73.72762933333333,651.995288,310.826794,-241.81095749999997,398.451137,194.8294455,-86.135764,410.0002935,386.73871299999996,-31.554574000000002,-49.78072899999995,36.68368600000002
-73.725631,652.0013093333333,310.8170636666666,-241.81030550000003,398.571289,194.583911,-86.14282750000001,409.8739445,386.50530249999997,-31.562416999999996,-49.811667,36.62779900000004
-73.724258,652.0064613333334,310.8067303333333,-241.810974,398.69119350000005,194.334577,-86.1495085,409.7405265,386.2674385,-31.570441000000002,-49.843188999999995,36.570644999999956
-73.72351733333333,652.0107200000001,310.795806,-241.8129305,398.8106445,194.0817725,-86.1557725,409.60028550000004,386.02545150000003,-31.578644999999995,-49.87525499999998,36.51234500000004
-73.72341866666666,652.0140620000001,310.78430166666664,-241.81613750000002,398.929446,193.8258005,-86.161587,409.45346,385.7796455,-31.587024,-49.907835999999975,36.453011000000004
-73.723969,652.016468,310.772227,-241.8205585,399.047415,193.5669345,-86.16691800000001,409.30028,385.53029449999997,-31.595568,-49.94091800000001,36.39274500000005
-73.72517800000001,652.01792,310.75959133333333,-241.82615299999998,399.164381,193.3054205,-86.171733,409.1409635,385.2776425,-31.604264,-49.97450300000003,36.331638999999996
-73.72705366666666,652.0184033333334,310.7464016666667,-241.8328805,399.280187,193.041472,-86.1760015,408.9757145,385.0219045,-31.613092999999992,-50.008602999999994,36.26977299999999
-73.72960566666667,652.0179039999999,310.7326646666667,-241.84069850000003,399.39468899999997,192.775273,-86.1796925,408.80472050000003,384.76326,-31.622028999999998,-50.04324700000001,36.20721600000002
-73.732842,652.0164123333334,310.71838533333334,-241.84956400000002,399.50775899999996,192.506977,-86.182776,408.6281505,384.5018585,-31.631044000000003,-50.078479000000016,36.144023000000004
-73.73677199999999,652.01392,310.7035686666666,-241.859434,399.6192825,192.2367025,-86.18522250000001,408.44615250000004,384.2378155,-31.640102999999996,-50.114356999999984,36.080239000000006
-73.741405,652.0104216666667,310.688216,-241.87026250000002,399.729161,191.964538,-86.187005,408.2588525,383.97121200000004,-31.649166000000008,-50.15095500000001,36.01588799999996
-73.74674966666667,652.0059136666667,310.6723303333333,-241.8820055,399.83731150000006,191.6905395,-86.188095,408.0663515,383.70209550000004,-31.658184000000006,-50.188360999999986,35.95098300000001
-73.75281533333333,652.0003959999999,310.6559116666667,-241.89461899999998,399.943667,191.41473,-86.1884665,407.8687255,383.43048050000004,-31.667107,-50.226680999999985,35.88552099999998
-73.75961033333334,651.993871,310.63896,-241.908058,400.048177,191.1371,-86.18809350000001,407.666022,383.1563455,-31.675875000000005,-50.266031999999996,35.819477000000006
-73.76714433333335,651.9863423333333,310.6214723333333,-241.9222765,400.150807,190.8576085,-86.186951,407.4582615,382.879637,-31.684421999999998,-50.30654700000002,35.75281199999995
-73.77542533333333,651.9778176666667,310.6034466666667,-241.937232,400.25154,190.576182,-86.1850135,407.245432,382.6002665,-31.692677000000003,-50.34837200000004,35.685468999999955
-73.784463,651.9683066666666,310.58487833333334,-241.9528785,400.350375,190.29271749999998,-86.1822585,407.0274935,382.3181125,-31.700560999999993,-50.39166899999998,35.617367
-73.79426466666666,651.957822,310.565762,-241.96917249999998,400.447329,190.0070805,-86.178661,406.804374,382.0330225,-31.70799000000001,-50.43661199999997,35.54840899999999
-73.804839,651.9463776666668,310.546092,-241.98607099999998,400.542435,189.7191075,-86.17420050000001,406.5759685,381.74481049999997,-31.714871000000002,-50.48338699999999,35.47847299999995
-73.81619466666668,651.933991,310.52586033333336,-242.00353,400.635743,189.428607,-86.1688515,406.34214199999997,381.45326,-31.721104999999994,-50.53218999999996,35.40742
-73.82833933333333,651.920681,310.5050576666667,-242.0215075,400.72731999999996,189.135359,-86.1625935,406.10272599999996,381.15812500000004,-31.726586999999995,-50.58323200000001,35.33508599999999
-73.84128033333333,651.9064703333333,310.4836746666667,-242.039961,400.8172505,188.83911849999998,-86.1554045,405.85752049999996,380.8591305,-31.731202999999994,-50.63673299999999,35.26128499999999
-73.855025,651.8913816666667,310.4617006666667,-242.058848,400.90563499999996,188.539615,-86.1472615,405.6062945,380.55597450000005,-31.73483300000001,-50.69291900000002,35.18580700000001
-73.86958033333333,651.8754423333334,310.43912266666666,-242.078126,400.9925895,188.2365565,-86.1381425,405.348785,380.24832649999996,-31.737348999999995,-50.752027999999996,35.108420999999964
-73.88495366666668,651.8586793333333,310.415929,-242.0977545,401.0782475,187.92962649999998,-86.128026,405.0847005,379.9358335,-31.738619999999997,-50.814302999999995,35.02887099999998
-73.90115033333333,651.841124,310.3921036666666,-242.117692,401.162758,187.6184905,-86.116889,404.8137185,379.618116,-31.738499999999988,-50.87999500000001,34.946875999999975
-73.918177,651.822807,310.367633,-242.137896,401.246285,187.302795,-86.10470950000001,404.53549,379.2947755,-31.736845000000002,-50.94935800000002,34.86213099999998
-73.936039,651.8037633333333,310.3424996666667,-242.15832600000002,401.3290085,186.9821705,-86.0914635,404.2496375,378.9653905,-31.733497,-51.022650999999996,34.77430900000002
-73.95474166666666,651.7840273333334,310.3166866666667,-242.178939,401.4111215,186.656232,-86.0771285,403.9557595,378.6295205,-31.728296999999998,-51.10013500000002,34.683059000000014
-73.97428866666667,651.763636,310.2901766666667,-242.199695,401.49283249999996,186.324582,-86.061679,403.65342999999996,378.28670999999997,-31.721075999999996,-51.18207000000001,34.58800400000001
-73.99468533333334,651.742628,310.26294966666666,-242.22055,401.5743635,185.986813,-86.0450905,403.3422025,377.936484,-31.711658999999997,-51.268718999999976,34.48874599999999
-74.015935,651.721043,310.2349863333333,-242.24146100000002,401.6559495,185.642508,-86.0273375,403.02160849999996,377.5783565,-31.699869000000007,-51.360341000000005,34.384862999999996
-74.03804066666667,651.6989213333334,310.20626599999997,-242.262386,401.7378375,185.2912425,-86.0083935,402.69116299999996,377.2118275,-31.685520999999994,-51.45719200000002,34.275913
-74.06100433333333,651.6763050000001,310.1767666666667,-242.2832785,401.820288,184.9325875,-85.98823200000001,402.3503635,376.836385,-31.668425999999997,-51.55952300000001,34.161429999999996
-74.08482933333333,651.6532366666667,310.146466,-242.30409500000002,401.903569,184.5661115,-85.9668235,401.9986945,376.45151,-31.648391000000004,-51.667579000000046,34.04092800000001
-74.10951566666667,651.6297606666667,310.11534266666666,-242.32478799999998,401.98796400000003,184.1913825,-85.9441405,401.635629,376.0566745,-31.625219,-51.781596000000036,33.913905
-74.13506566666668,651.6059203333333,310.083372,-242.34530999999998,402.073762,183.807967,-85.920152,401.2606295,375.6513435,-31.598712000000006,-51.90180299999997,33.77983700000004
-74.161479,651.5817609999999,310.05053100000003,-242.3656125,402.16126299999996,183.4154365,-85.894829,400.8731515,375.2349785,-31.568669999999997,-52.028414999999995,33.638187000000016
-74.188755,651.5573276666667,310.016795,-242.3856445,402.25077450000003,183.01336750000002,-85.8681385,400.4726465,374.8070365,-31.534890999999988,-52.16163500000005,33.488399000000015
-74.21689300000001,651.5326653333333,309.982139,-242.405354,402.34261200000003,182.601341,-85.84004949999999,400.058562,374.3669735,-31.497177000000008,-52.301649999999995,33.32990899999999
-74.24589200000001,651.5078206666667,309.946538,-242.4246875,402.43709650000005,182.1789475,-85.8105285,399.63034600000003,373.9142435,-31.455326999999997,-52.44863200000003,33.16213700000003
-74.27574866666667,651.4828386666667,309.909967,-242.44358899999997,402.5345555,181.745788,-85.77954249999999,399.187447,373.448302,-31.40914500000001,-52.60273599999999,32.98449800000003
-74.30646066666667,651.4577646666667,309.87240033333336,-242.46200149999999,402.635321,181.3014735,-85.74705800000001,398.7293195,372.968606,-31.358437999999992,-52.76409700000005,32.79639800000001
-74.338024,651.4326436666666,309.83381233333336,-242.47986450000002,402.739728,180.845629,-85.71304,398.2554205,372.474613,-31.303022000000013,-52.932826999999975,32.597238000000004
-74.37043566666667,651.407521,309.79417800000004,-242.4971175,402.8481155,180.3778945,-85.67745550000001,397.7652185,371.965787,-31.24271499999999,-53.109016999999994,32.38641999999999
-74.403689,651.38244,309.7534703333333,-242.5136965,402.960823,179.8979245,-85.6402685,397.25819,371.44159449999995,-31.177345000000003,-53.292733999999996,32.163343
-74.43777966666666,651.357445,309.7116643333333,-242.529535,403.078193,179.4053925,-85.6014465,396.73382300000003,370.901507,-31.106751000000003,-53.484016000000054,31.927414
-74.472701,651.332578,309.66873433333336,-242.5445655,403.2005655,178.8999895,-85.56095400000001,396.1916195,370.3450025,-31.030782000000002,-53.68287899999996,31.678043000000002
-74.50844566666667,651.3078806666666,309.6246556666667,-242.5587185,403.3282805,178.381425,-85.5187595,395.6310965,369.77156549999995,-30.94930099999999,-53.88930700000003,31.414650999999992
-74.54500633333333,651.2833933333333,309.5794023333333,-242.57191999999998,403.46167649999995,177.8494305,-85.474829,395.0517875,369.18068600000004,-30.862184000000013,-54.103252999999995,31.136672000000033
-74.58237466666667,651.2591556666666,309.5329503333333,-242.58409650000002,403.6010875,177.3037595,-85.42913300000001,394.45324300000004,368.5718625,-30.769323999999997,-54.32464399999998,30.843555000000038
-74.62054066666667,651.2352040000001,309.48527466666667,-242.5951705,403.746845,176.744186,-85.3816405,393.8350345,367.94460100000003,-30.670632999999995,-54.55337099999997,30.534768000000042
-74.65949533333334,651.2115753333334,309.436352,-242.60506299999997,403.899273,176.17050749999999,-85.332324,393.1967505,367.298414,-30.566039999999987,-54.78929299999999,30.209802000000025
-74.69922833333334,651.1883039999999,309.3861586666667,-242.61369399999998,404.0586915,175.58254549999998,-85.281158,392.538004,366.6328235,-30.45549799999999,-55.03223800000001,29.868173000000013
-74.73972833333333,651.1654216666667,309.334672,-242.62098,404.2254125,174.980146,-85.2281175,391.858427,365.947359,-30.338977,-55.28199599999999,29.509423999999967
-74.78098266666666,651.1429593333334,309.2818703333333,-242.626836,404.3997395,174.3631785,-85.173183,391.1576775,365.2415585,-30.216476,-55.53832500000004,29.13313100000005
-74.82297966666665,651.120946,309.22773233333334,-242.63117599999998,404.58196699999996,173.7315375,-85.11633499999999,390.435434,364.51496599999996,-30.088015999999996,-55.800948000000005,28.738901999999996
-74.865706,651.099407,309.172237,-242.63391149999998,404.772378,173.08514300000002,-85.05756,389.69140000000004,363.767136,-29.953643999999997,-56.06955199999999,28.326385999999957
-74.90914733333334,651.0783663333333,309.115365,-242.6349535,404.9712455,172.42394050000001,-84.9968475,388.9253025,362.997631,-29.813435,-56.343789000000015,27.895267999999987
-74.95328966666666,651.0578446666667,309.057098,-242.6342115,405.1788305,171.74789900000002,-84.93419,388.13689450000004,362.20601899999997,-29.66749,-56.62327899999997,27.44527599999998
-74.99811733333334,651.037862,308.99741766666665,-242.6315935,405.3953795,171.05701499999998,-84.869586,387.32595200000003,361.3918785,-29.51594,-56.90760400000005,26.976184999999987
-75.04361466666667,651.0184333333333,308.93630766666666,-242.627008,405.621125,170.35130800000002,-84.80303799999999,386.492276,360.554792,-29.358942,-57.196316000000024,26.487814000000014
-75.08976533333333,650.9995726666666,308.87375233333336,-242.6203605,405.8562855,169.63082450000002,-84.734553,385.6356935,359.694353,-29.196686,-57.488932999999975,25.98003
-75.136552,650.9812900000001,308.8097373333333,-242.6115585,406.101062,168.895633,-84.66414499999999,384.7560545,358.810159,-29.029387999999997,-57.784941,25.452754000000027
-75.18395766666667,650.9635923333334,308.7442486666667,-242.6005095,406.355639,168.145829,-84.59183300000001,383.8532355,357.9018175,-28.85729400000001,-58.083797000000004,24.90595300000001
-75.23196333333333,650.9464859999999,308.67727433333334,-242.5871195,406.620183,167.38153,-84.517642,382.92713449999997,356.96894,-28.68068000000001,-58.384929,24.339652
-75.280551,650.9299703333332,308.60880433333335,-242.57129650000002,406.89484300000004,166.602878,-84.441604,381.97767699999997,356.011148,-28.49984599999999,-58.68774000000002,23.75392599999998
-75.32970100000001,650.9140453333333,308.5388276666667,-242.5529485,407.179747,165.81003750000002,-84.36375699999999,381.00481,355.02806699999996,-28.315121999999988,-58.991602,23.148901999999964
-75.37939266666666,650.8987056666666,308.4673373333333,-242.531985,407.4750045,165.0031955,-84.28414749999999,380.008505,354.0193305,-28.126864999999995,-59.295874000000026,22.524765000000002
-75.42960699999999,650.8839433333333,308.394325,-242.50831749999998,407.7807025,164.182561,-84.2028265,378.9887575,352.9845805,-27.93545499999999,-59.59988500000003,21.88175100000001
-75.480322,650.8697473333333,308.319786,-242.4818585,408.096907,163.3483645,-84.119855,377.9455845,351.9234635,-27.741298,-59.902953000000025,21.220151000000044
-75.53151733333333,650.856103,308.2437156666667,-242.4525225,408.423662,162.5008555,-84.035301,376.879027,350.83563549999997,-27.544818000000006,-60.204376000000025,20.540305000000046
-75.58317066666666,650.8429926666666,308.16611133333333,-242.42022699999998,408.760989,161.640306,-83.949239,375.7891475,349.7207605,-27.346462000000002,-60.50344100000001,19.842606999999987
-75.63525966666667,650.8303956666667,308.08697133333334,-242.38489199999998,409.108886,160.767006,-83.86175399999999,374.67603199999996,348.5785095,-27.146696000000006,-60.79942599999998,19.127500999999995
-75.68776166666667,650.8182873333334,308.00629599999996,-242.34644,409.467328,159.8812615,-83.7729365,373.5397875,347.4085625,-26.946000999999995,-61.09160099999997,18.39547699999997
-75.74065399999999,650.8066403333333,307.9240873333333,-242.304798,409.8362635,158.98340050000002,-83.682886,372.3805415,346.210611,-26.744870000000006,-61.379233,17.647072000000037
-75.79391266666666,650.7954239999999,307.84034866666667,-242.259896,410.2156195,158.07376449999998,-83.5917105,371.198446,344.984354,-26.54381099999999,-61.661586,16.88286800000003
-75.847514,650.7846043333334,307.7550836666667,-242.21166649999998,410.6052955,157.152712,-83.499526,369.9936715,343.72950349999996,-26.343339999999998,-61.93793099999999,16.10348700000003
-75.90143433333333,650.7741433333332,307.66829966666666,-242.1600495,411.00516749999997,156.2206175,-83.40645549999999,368.766411,342.445783,-26.143976999999992,-62.207539999999995,15.309589999999957
-75.955649,650.7640013333333,307.5800043333333,-242.1049865,411.41508699999997,155.277869,-83.31263100000001,367.5168775,341.13292950000005,-25.946250000000006,-62.469695,14.501874999999984
-76.010133,650.7541343333334,307.49020733333333,-242.046424,411.83487749999995,154.324869,-83.218192,366.24530749999997,339.79069400000003,-25.750686,-62.723690999999974,13.681070000000034
-76.06486100000001,650.7444966666667,307.39892000000003,-241.984315,412.26434,153.3620315,-83.12328600000001,364.9519555,338.4188415,-25.557810000000003,-62.96883700000001,12.847935000000007
-76.11980833333332,650.7350373333333,307.30615466666666,-241.918616,412.7032475,152.3897825,-83.028066,363.63709800000004,337.0171565,-25.368145999999996,-63.20445999999998,12.003256999999962
-76.17494933333334,650.725705,307.211926,-241.849289,413.15135050000004,151.4085595,-82.9326945,362.30103299999996,335.5854395,-25.182209,-63.42990600000002,11.147842999999966
-76.230258,650.7164433333334,307.1162503333333,-241.776302,413.6083715,150.418811,-82.837339,360.9440805,334.1235115,-25.000506,-63.64454699999999,10.282520999999974
-76.28570866666666,650.7071946666666,307.019145,-241.69962850000002,414.0740095,149.420993,-82.7421735,359.56657900000005,332.631214,-24.823533000000012,-63.84778,9.408136000000013
-76.34127533333334,650.6978983333333,306.9206296666667,-241.619246,414.5479405,148.4155705,-82.647379,358.1688895,331.10841300000004,-24.65177399999999,-64.03902899999997,8.52554200000003
-76.39693133333333,650.6884903333333,306.820725,-241.5351395,415.029813,147.4030155,-82.5531405,356.751396,329.5549945,-24.485692999999998,-64.21775200000002,7.635604999999998
-76.45265133333332,650.6789053333333,306.719454,-241.44729949999999,415.51925500000004,146.383808,-82.4596485,355.314501,327.970875,-24.325739,-64.38343599999996,6.739193999999998
-76.50840833333332,650.6690746666667,306.61683999999997,-241.35572100000002,416.01587,145.358432,-82.3670985,353.858631,326.355995,-24.172338999999994,-64.53560800000002,5.837181999999984
-76.56417566666667,650.6589286666666,306.512909,-241.260405,416.5192395,144.3273775,-82.275688,352.384232,324.710325,-24.025903999999997,-64.67382599999996,4.930439999999976
-76.61992766666667,650.6483933333333,306.4076883333333,-241.161359,417.02892199999997,143.291137,-82.1856195,350.891773,323.03386650000004,-23.88681299999999,-64.797688,4.0198330000000055
-76.67563633333334,650.637395,306.3012063333333,-241.0585945,417.54445699999997,142.2502075,-82.09709649999999,349.3817445,321.3266525,-23.75542700000001,-64.906835,3.106221000000005
-76.73127633333333,650.625857,306.19349333333327,-240.9521295,418.0653635,141.205087,-82.0103245,347.854658,319.58874849999995,-23.632079000000004,-65.00094199999995,2.190449000000001
-76.78682166666668,650.6137006666667,306.0845806666667,-240.8419865,418.5911405,140.156275,-81.9255105,346.31104700000003,317.8202565,-23.517075000000006,-65.07973199999998,1.273352999999986
-76.84224466666667,650.600847,305.9745006666667,-240.72819249999998,419.121269,139.104272,-81.8428605,344.751466,316.02131299999996,-23.41069300000001,-65.14296200000001,0.35575000000000045
-76.89751933333334,650.5872136666667,305.8632886666667,-240.6107805,419.655214,138.0495765,-81.76258150000001,343.176491,314.1920935,-23.313182999999995,-65.19043799999997,-0.5615589999999884
-76.95261966666668,650.5727193333333,305.7509783333333,-240.48978599999998,420.19242399999996,136.992687,-81.684876,341.58671949999996,312.3328105,-23.224766000000002,-65.22200500000002,-1.4777950000000146
-77.007519,650.5572793333333,305.63760733333334,-240.36525,420.732333,135.934099,-81.609947,339.98276799999996,310.443717,-23.145634,-65.237548,-2.3922039999999924
-77.06219233333333,650.5408093333334,305.523214,-240.237217,421.2743615,134.8743055,-81.537992,338.3652755,308.5251055,-23.075947999999997,-65.23699699999997,-3.3040509999999585
-77.11661233333334,650.523224,305.4078356666667,-240.10573349999999,421.81791899999996,133.8137945,-81.4692065,336.734899,306.577311,-23.01584299999999,-65.22032200000001,-4.212631999999985
-77.17075433333333,650.5044366666667,305.291514,-239.970851,422.36240250000003,132.753051,-81.40377749999999,335.092316,304.600708,-22.965423,-65.18752999999998,-5.117267999999967
-77.22459266666665,650.4843616666667,305.17428866666665,-239.83262249999999,422.90720150000004,131.6925525,-81.34188950000001,333.438221,302.59571500000004,-22.924761000000004,-65.13867000000005,-6.017310000000009
-77.27810133333334,650.4629113333333,305.05620266666665,-239.691102,423.45169799999996,130.6327725,-81.283718,331.77332750000005,300.562792,-22.893907999999996,-65.07382899999999,-6.912136000000032
-77.33125566666666,650.439998,304.9372986666667,-239.546347,423.995266,129.5741755,-81.22943000000001,330.0983655,298.50244150000003,-22.87288199999999,-64.99312899999995,-7.801159000000041
-77.38403133333333,650.4155356666666,304.817621,-239.398415,424.537277,128.51722,-81.17918499999999,328.414082,296.4152085,-22.861677999999998,-64.896726,-8.683818999999971
-77.436403,650.3894376666667,304.697213,-239.247364,425.077099,127.4623555,-81.1331335,326.72123750000003,294.30168000000003,-22.860263000000003,-64.78480900000005,-9.55958800000002
-77.48834666666666,650.3616163333332,304.57612166666667,-239.093253,425.6140985,126.4100225,-81.09141249999999,325.020608,292.162485,-22.868578999999997,-64.657602,-10.42796999999996
-77.539838,650.331987,304.4543926666667,-238.93614,426.14764149999996,125.3606525,-81.054151,323.312981,289.998294,-22.886548000000005,-64.51535200000001,-11.288501999999994
-77.590854,650.3004633333334,304.33207300000004,-238.77608149999998,426.677098,124.3146665,-81.021463,321.599156,287.8098155,-22.914063999999996,-64.35834,-12.140751000000023
-77.64137066666667,650.2669623333333,304.2092096666667,-238.613134,427.20184,123.27247549999998,-80.99345299999999,319.87994349999997,285.597801,-22.951003999999998,-64.18686499999995,-12.984316000000035
-77.69136533333334,650.2313993333333,304.0858513333333,-238.447351,427.7212465,122.23447949999999,-80.970208,318.1561615,283.36303699999996,-22.997221999999994,-64.00125500000001,-13.818826000000001
-77.740815,650.193694,303.96204566666665,-238.27878299999998,428.2347015,121.201068,-80.95180450000001,316.42863550000004,281.106349,-23.052554999999998,-63.801852999999994,-14.643943999999976
-77.78969833333333,650.1537646666667,303.837843,-238.10748,428.7416,120.1726165,-80.93830299999999,314.698199,278.8285965,-23.116820000000004,-63.589023999999995,-15.459359000000006
-77.83799233333333,650.1115326666667,303.713291,-237.9334855,429.24134549999997,119.14949200000001,-80.9297475,312.965686,276.530674,-23.189819,-63.363148000000024,-16.264790000000005
-77.88567666666667,650.066921,303.58844066666666,-237.7568415,429.73335499999996,118.132047,-80.92616899999999,311.23193649999996,274.213509,-23.271338,-63.124617,-17.059987999999976
-77.93273,650.0198536666667,303.46334133333335,-237.5775845,430.21705799999995,117.120622,-80.9275815,309.4977905,271.87805649999996,-23.361148999999997,-62.873834999999985,-17.844728999999973
-77.97913133333333,649.970259,303.3380426666667,-237.395746,430.69190000000003,116.11554650000001,-80.933982,307.7640855,269.5253025,-23.459010000000006,-62.61121700000001,-18.618817000000035
-78.02486133333333,649.9180643333334,303.21259533333335,-237.211353,431.15734299999997,115.11713499999999,-80.945353,306.0316605,267.15625750000004,-23.564670000000007,-62.33718099999999,-19.382085000000018
-78.06990033333334,649.863202,303.0870493333333,-237.0244275,431.6128675,114.1256925,-80.96166,304.3013465,264.77195600000005,-23.67786199999999,-62.05215500000003,-20.13438400000001
-78.11422866666668,649.8056059999999,302.9614543333333,-236.834984,432.0579735,113.14150849999999,-80.98285200000001,302.573972,262.37345600000003,-23.79831399999999,-61.75656399999997,-20.875598000000025
-78.15782833333334,649.7452123333333,302.83586099999997,-236.6430325,432.4921805,112.164862,-81.00886299999999,300.8503565,259.9618315,-23.925742,-61.450837000000035,-21.60562900000002
-78.200682,649.6819613333333,302.71031866666664,-236.448575,432.915034,111.1960195,-81.03961050000001,299.1313095,257.5381765,-24.059857000000008,-61.135401,-22.32440299999999
-78.24277133333332,649.6157946666666,302.584877,-236.25160849999997,433.3260995,110.23523349999999,-81.0749965,297.417633,255.10359699999998,-24.200362999999996,-60.81067999999999,-23.031869999999998
-78.28408,649.5466580000001,302.45958633333333,-236.0521225,433.724969,109.2827465,-81.1149085,295.710114,252.659211,-24.34695500000001,-60.47709400000002,-23.727994000000024
-78.32459066666667,649.4744993333334,302.33449466666667,-235.8500995,434.1112605,108.3387875,-81.15921900000001,294.00952700000005,250.206147,-24.49932600000001,-60.13506000000001,-24.41276400000001
-78.364289,649.3992716666668,302.20965133333334,-235.64551600000001,434.484618,107.403575,-81.207787,292.316632,247.745538,-24.657163999999995,-59.78498199999996,-25.086185999999998
-78.40315866666667,649.3209293333333,302.0851043333334,-235.43833999999998,434.8447145,106.477315,-81.260458,290.63217099999997,245.278523,-24.820154000000002,-59.427261999999985,-25.748282000000017
-78.441186,649.2394313333333,301.9609006666667,-235.228535,435.19125099999997,105.560202,-81.317065,288.956869,242.8062415,-24.987978,-59.062288000000024,-26.399091
-78.47835633333332,649.15474,301.837089,-235.016057,435.523957,104.652421,-81.3774305,287.291432,240.329831,-25.160319,-58.69044200000002,-27.038666000000006
-78.51465733333333,649.0668213333333,301.71371433333337,-234.800855,435.8425945,103.75414549999999,-81.44136499999999,285.636546,237.850428,-25.336854000000002,-58.312094,-27.667074000000014
-78.55007533333334,648.9756446666667,301.590823,-234.5828735,436.14695400000005,102.865538,-81.5086695,283.9928755,235.36916100000002,-25.517267000000004,-57.927605,-28.284395999999987
-78.58459900000001,648.8811836666667,301.4684603333333,-234.36204949999998,436.43685849999997,101.986751,-81.579138,282.3610615,232.88715050000002,-25.70123799999999,-57.53732100000002,-28.890721000000013
-78.618217,648.7834156666667,301.3466706666666,-234.13831700000003,436.71216200000003,101.1179285,-81.6525555,280.74172450000003,230.4055065,-25.888453,-57.14158100000003,-29.486153
-78.65091766666667,648.6823213333333,301.2254976666666,-233.911603,436.9727505,100.259203,-81.7287015,279.13545999999997,227.92532699999998,-26.078597000000002,-56.74070999999998,-30.070797999999996
-78.682692,648.5778866666666,301.10498366666667,-233.68183299999998,437.2185415,99.41069900000001,-81.80734899999999,277.5428385,225.4476945,-26.271361999999996,-56.33502300000001,-30.644777000000005
-78.71353066666667,648.4701006666668,300.98517066666665,-233.44892699999997,437.44948550000004,98.5725305,-81.88826850000001,275.964406,222.9736745,-26.466445000000007,-55.924826000000024,-31.208213
-78.74342433333332,648.3589559999999,300.8660996666666,-233.2128035,437.665564,97.74480349999999,-81.971228,274.400684,220.5043145,-26.663548000000006,-55.510412,-31.76123100000001
-78.77236566666666,648.24445,300.7478106666667,-232.97337850000002,437.86679100000003,96.9276165,-82.0559925,272.852167,218.0406395,-26.862379000000004,-55.09206599999999,-32.303965000000005
-78.80034666666667,648.1265846666666,300.6303423333333,-232.730567,438.05321200000003,96.12105700000001,-82.1423285,271.3193245,215.583655,-27.062657,-54.670063,-32.83654799999999
-78.82736166666668,648.0053643333333,300.51373233333334,-232.484285,438.22490300000004,95.3252055,-82.230002,269.8026,213.134341,-27.264109999999988,-54.24467200000001,-33.35911200000001
-78.853405,647.880799,300.39801866666664,-232.2344475,438.381973,94.5401335,-82.318782,268.3024105,210.693652,-27.466474000000005,-53.81615099999999,-33.871792
-78.87847066666667,647.7529026666667,300.28323600000004,-231.9809725,438.5245575,93.7659065,-82.408441,266.819148,208.262516,-27.6695,-53.38475600000001,-34.37471399999998
-78.90255466666667,647.621692,300.16941933333334,-231.72378,438.652825,93.002579,-82.498756,265.353178,205.841835,-27.872950000000003,-52.95073400000001,-34.86800599999998
-78.92565366666666,647.4871893333333,300.0566023333334,-231.462795,438.7669715,92.2501995,-82.58950899999999,263.90484100000003,203.4324785,-28.0766,-52.51433000000003,-35.35178500000001
-78.94776499999999,647.34942,299.94481733333333,-231.1979455,438.86722,91.5088085,-82.68049099999999,262.4744535,201.0352895,-28.280242,-52.07578499999997,-35.826167
-78.968886,647.2084136666666,299.8340953333333,-230.929168,438.9538225,90.778438,-82.771499,261.06230500000004,198.65107799999998,-28.48368599999999,-51.635335999999995,-36.291252000000014
-78.98901566666666,647.0642039999999,299.72446633333334,-230.6564035,439.02705449999996,90.0591125,-82.86233899999999,259.6686635,196.280624,-28.686753999999993,-51.19322299999996,-36.74713599999998
-79.00815333333333,646.9168283333332,299.61595933333336,-230.3796025,439.087219,89.3508495,-82.952828,258.293772,193.92467449999998,-28.889294000000007,-50.749679999999984,-37.19390100000001
-79.026299,646.7663279999999,299.50860133333333,-230.098726,439.1346405,88.65365750000001,-83.04279249999999,256.937852,191.5839445,-29.091167,-50.304947999999996,-37.631617000000006
-79.043454,646.6127476666667,299.40241899999995,-229.813742,439.169667,87.967538,-83.132072,255.6011005,189.2591155,-29.29225799999999,-49.85926699999999,-38.060340999999994
-79.05962033333333,646.4561363333333,299.29743733333333,-229.524632,439.1926665,87.292485,-83.220517,254.28369500000002,186.95083699999998,-29.492469999999997,-49.41287600000001,-38.480113999999986
-79.07479966666666,646.296546,299.19367933333336,-229.2313905,439.2040275,86.628484,-83.30799300000001,252.985791,184.659724,-29.691729999999993,-48.966023999999976,-38.890962
-79.08899533333333,646.1340326666667,299.09116766666665,-228.9340215,439.2041565,85.975514,-83.39437749999999,251.70752499999998,182.386359,-29.889987000000005,-48.518959999999964,-39.29289799999998
-79.10221166666666,645.9686553333332,298.989924,-228.6325475,439.19347600000003,85.3335455,-83.479563,250.4490125,180.13129249999997,-30.087208000000004,-48.07193699999999,-39.685913
-79.11445333333333,645.800477,298.889968,-228.327003,439.172424,84.7025415,-83.5634565,249.2103515,177.8950395,-30.283389,-47.625215000000026,-40.069987
-79.125726,645.6295630000001,298.791317,-228.017437,439.1414515,84.0824575,-83.645981,247.9916215,175.678084,-30.47854199999999,-47.17905699999997,-40.44507999999999
-79.136036,645.4559820000001,298.6939893333333,-227.7039185,439.1010205,83.473242,-83.727075,246.7928855,173.48087900000002,-30.67270400000001,-46.733731000000034,-40.81113400000001
-79.14538966666667,645.279807,298.5980006666667,-227.3865275,439.0516045,82.8748345,-83.806691,245.614189,171.3038435,-30.86593400000001,-46.28951399999997,-41.16807899999998
-79.15379566666667,645.1011116666667,298.503365,-227.06536599999998,438.9936835,82.287169,-83.884801,244.4555615,169.1473675,-31.058310000000006,-45.846682999999985,-41.51582500000001
-79.16126266666667,644.9199749999999,298.4100963333333,-226.74054999999998,438.9277455,81.710172,-83.9613905,243.31701850000002,167.0118095,-31.24993099999999,-45.40552100000002,-41.85426899999999
-79.16779933333333,644.7364763333333,298.31820666666664,-226.4122145,438.854282,81.14376200000001,-84.0364625,242.19856049999999,164.89749849999998,-31.44091499999999,-44.966316999999975,-42.183295000000015
-79.17341566666666,644.5506996666667,298.2277056666667,-226.080511,438.7737885,80.5878515,-84.1100355,241.10017249999999,162.8047365,-31.631394999999998,-44.529360999999994,-42.50277300000002
-79.17812299999999,644.3627299999999,298.138604,-225.74561,438.68676,80.0423465,-84.18214549999999,240.0218285,160.733795,-31.821523,-44.09494699999999,-42.812561999999986
-79.18193266666667,644.1726553333333,298.050909,-225.40769699999998,438.5936935,79.50714500000001,-84.2528425,238.963487,158.684921,-32.01146499999999,-43.66337199999998,-43.112509999999986
-79.18485700000001,643.9805656666666,297.96462866666667,-225.0669775,438.49508149999997,78.9821405,-84.32219549999999,237.9250965,156.6583355,-32.201397,-43.23493099999999,-43.40246300000001
-79.18690833333334,643.786553,297.8797676666667,-224.72367150000002,438.3914145,78.467219,-84.3902855,236.9065925,154.654234,-32.391507000000004,-42.80991900000001,-43.682254
-79.18810133333334,643.5907116666666,297.7963316666667,-224.3780155,438.283176,77.96226200000001,-84.457211,235.907898,152.67278950000002,-32.58198999999999,-42.388632,-43.951717
-79.18844966666667,643.393138,297.7143226666667,-224.030263,438.170843,77.46714499999999,-84.52308450000001,234.9289255,150.714152,-32.773050999999995,-41.971361,-44.21068599999998
-79.18796900000001,643.1939283333335,297.6337436666667,-223.680681,438.054884,76.981739,-84.588034,233.969578,148.77845150000002,-32.964892000000006,-41.558392,-44.458991
-79.18667466666666,642.9931823333334,297.554596,-223.3295525,437.9357585,76.5059095,-84.652199,233.0297465,146.86579799999998,-33.15772,-41.15000699999999,-44.696472
-79.18458266666667,642.7909999999999,297.476879,-222.977171,437.81391299999996,76.039517,-84.715734,232.1093125,144.976283,-33.35174000000001,-40.74648099999999,-44.922972
-79.181711,642.5874836666667,297.4005916666667,-222.62384500000002,437.6897815,75.5824205,-84.7788045,231.208148,143.109981,-33.547152999999994,-40.348082000000005,-45.13834400000002
-79.17807633333332,642.3827353333332,297.3257323333333,-222.26989400000002,437.563785,75.134472,-84.8415885,230.326114,141.2669495,-33.74415099999999,-39.95506399999999,-45.342451
-79.17369833333333,642.1768583333333,297.25229766666666,-221.91564449999998,437.436329,74.6955225,-84.9042745,229.4630655,139.447235,-33.94292100000001,-39.56767300000001,-45.535172
-79.16859466666666,641.9699573333332,297.1802826666667,-221.56143550000002,437.3078025,74.26542,-84.967061,228.618844,137.6508675,-34.143636,-39.18614400000001,-45.716403000000014
-79.16278533333333,641.762137,297.109683,-221.20761199999998,437.178578,73.844009,-85.03015450000001,227.793287,135.877866,-34.346455000000006,-38.81069400000001,-45.88605600000001
-79.15629,641.5535023333333,297.04049233333336,-220.8545245,437.04901,73.431134,-85.093771,226.9862195,134.1282405,-34.55152,-38.441529,-46.044065
-79.14913,641.34416,296.97270333333336,-220.50252949999998,436.919435,73.026635,-85.158132,226.19746049999998,132.40199,-34.75895799999999,-38.07883699999999,-46.190388
-79.14132566666667,641.1342146666667,296.9063076666667,-220.15198700000002,436.7901695,72.6303535,-85.2234655,225.42682200000002,130.699106,-34.968875,-37.722792,-46.32500800000001
-79.13289933333334,640.9237726666667,296.84129800000005,-219.803258,436.66151049999996,72.242129,-85.2900025,224.6741045,129.019573,-35.181354999999996,-37.373547,-46.447931999999994
-79.123873,640.7129403333333,296.7776626666667,-219.4567035,436.533736,71.861801,-85.357979,223.93910599999998,127.3633695,-35.396457999999996,-37.03124,-46.559197
-79.114269,640.5018226666667,296.7153926666667,-219.112685,436.407102,71.48921,-85.4276325,223.2216145,125.73047,-35.61422300000001,-36.695989000000026,-46.65886599999999
-79.10411066666667,640.2905246666667,296.654476,-218.7715615,436.28184450000003,71.1241955,-85.4992,222.521411,124.12084300000001,-35.83466200000001,-36.36789399999998,-46.747034
-79.09342099999999,640.0791523333334,296.59490000000005,-218.43368550000002,436.15818149999996,70.766599,-85.5729195,221.8382715,122.534456,-36.057762999999994,-36.047033,-46.823824
-79.08222433333333,639.8678083333333,296.53665266666667,-218.09940749999998,436.0363075,70.416264,-85.6490255,221.171965,120.9712725,-36.283485,-35.733468000000016,-46.88939099999999
-79.070545,639.656597,296.4797203333333,-217.76907,435.9163975,70.07303350000001,-85.7277495,220.522255,119.43125549999999,-36.511765,-35.42724199999998,-46.943918999999994
-79.05840699999999,639.445621,296.42408900000004,-217.443006,435.7986085,69.736755,-85.8093185,219.888899,117.914366,-36.742513,-35.128376,-46.98761999999999
-79.045836,639.2349816666667,296.36974333333336,-217.1215405,435.683076,69.40727749999999,-85.89395350000001,219.27165000000002,116.42056400000001,-36.975612999999996,-34.83687599999999,-47.02073800000001
-79.03285666666666,639.0247800000001,296.316668,-216.80498799999998,435.5699165,69.0844535,-85.981866,218.6702565,114.94980999999999,-37.210926,-34.552729,-47.04354199999999
-79.01949499999999,638.8151156666667,296.264847,-216.493649,435.459229,68.7681365,-86.07326,218.08445999999998,113.50206299999999,-37.44829,-34.275904,-47.05632999999999
-79.00577600000001,638.6060860000001,296.2142636666667,-216.187814,435.35109350000005,68.4581865,-86.168329,217.514002,112.0772825,-37.68751800000001,-34.00635199999999,-47.05942500000002
-78.99172633333333,638.3977886666667,296.164901,-215.88775750000002,435.24557500000003,68.154465,-86.2672545,216.9586165,110.675428,-37.92840500000001,-33.744012999999995,-47.053169999999994
-78.97737233333334,638.190318,296.116742,-215.5937385,435.1427195,67.8568375,-86.3702045,216.4180375,109.296457,-38.170727,-33.48880700000001,-47.03793400000001
-78.96274033333333,637.9837686666666,296.069768,-215.30600099999998,435.04255950000004,67.5651745,-86.4773325,215.891993,107.940329,-38.414243,-33.240646,-47.01410200000001
-78.94785633333333,637.7782316666667,296.0239603333333,-215.02477149999999,434.94511250000005,67.27935,-86.58877799999999,215.38020999999998,106.6069995,-38.658696000000006,-32.99942200000001,-46.982077000000004
-78.93274666666667,637.5737973333333,295.979301,-214.750259,434.8503815,66.99924299999999,-86.704662,214.88241449999998,105.2964245,-38.903816000000006,-32.765023000000014,-46.942279
-78.91743933333333,637.3705546666666,295.93577,-214.4826555,434.7583585,66.7247365,-86.8250895,214.398328,104.0085575,-39.149325000000005,-32.53732199999999,-46.895134999999996
-78.90195966666667,637.1685883333333,295.893349,-214.222132,434.669022,66.455718,-86.95014499999999,213.927672,102.743348,-39.394932,-32.316186000000016,-46.841086000000004
-78.88633533333335,636.967984,295.852017,-213.968842,434.5823425,66.19208,-87.079896,213.470168,101.5007445,-39.640344,-32.101472,-46.780576999999994
-78.87059333333333,636.768823,295.81175499999995,-213.722919,434.4982775,65.9337195,-87.2143885,213.0255355,100.280689,-39.88526300000001,-31.893033000000003,-46.71405800000001
-78.85475933333333,636.571185,295.772542,-213.4844765,434.41677949999996,65.6805385,-87.3536475,212.593493,99.08311950000001,-40.12938899999999,-31.690714000000014,-46.641981
-78.83886100000001,636.3751476666666,295.73435766666665,-213.253607,434.3377915,65.4324425,-87.497679,212.173762,97.907967,-40.372426000000004,-31.494358000000005,-46.564796
-78.822925,636.1807873333333,295.69718233333333,-213.0303855,434.26125,65.1893425,-87.6464655,211.76606099999998,96.755158,-40.614076999999995,-31.303803999999985,-46.48295
-78.80697733333334,635.9881753333333,295.6609936666667,-212.814865,434.187088,64.9511535,-87.799969,211.3701115,95.62460899999999,-40.854054000000005,-31.118888999999996,-46.39688199999999
-78.791044,635.7973826666666,295.6257723333333,-212.607079,434.115231,64.717795,-87.95813000000001,210.9856355,94.5162285,-41.092076000000006,-30.93945100000002,-46.307027000000005
-78.77515266666666,635.6084766666667,295.591496,-212.4070415,434.0456025,64.4891895,-88.1208665,210.612356,93.42991599999999,-41.32786900000001,-30.765326000000016,-46.21380599999999
-78.75932766666666,635.4215243333333,295.5581446666667,-212.214746,433.978124,64.2652645,-88.288077,210.2499985,92.365561,-41.561173999999994,-30.596351,-46.117627999999996
-78.74359600000001,635.2365873333333,295.5256963333333,-212.030168,433.9127135,64.04595,-88.4596375,209.8982895,91.323039,-41.791741,-30.432365000000004,-46.01889
-78.72798266666668,635.0537263333332,295.4941303333333,-211.853265,433.849289,63.831181,-88.63540499999999,209.556958,90.302218,-42.01933799999999,-30.273210000000006,-45.91797
-78.71251233333334,634.872999,295.46342566666664,-211.683974,433.78776700000003,63.6208935,-88.815215,209.22573549999998,89.30295,-42.243746,-30.118729000000002,-45.815234000000004
-78.69721066666666,634.694461,295.43356033333333,-211.5222175,433.72806449999996,63.4150275,-88.9988875,208.904356,88.325076,-42.46476299999999,-29.968772,-45.711023999999995
-78.682102,634.5181640000001,295.40451433333334,-211.367898,433.67010000000005,63.2135255,-89.18622149999999,208.5925565,87.3684215,-42.682204999999996,-29.823189000000013,-45.605669000000006
-78.66721,634.3441583333333,295.37626633333326,-211.2209045,433.61379250000005,63.0163305,-89.377,208.2900765,86.4328,-42.895904,-29.681834999999978,-45.499474
-78.652559,634.1724909999999,295.3487956666667,-211.081108,433.55906300000004,62.82339,-89.57099149999999,207.99665850000002,85.5180105,-43.105712999999994,-29.544568999999996,-45.39272499999999
-78.63817166666666,634.0032073333333,295.32208066666664,-210.94836750000002,433.5058345,62.634649499999995,-89.76794849999999,207.71204849999998,84.62383650000001,-43.311503,-29.411257000000006,-45.285689000000005
-78.62407133333333,633.8363479999999,295.29610066666663,-210.82252649999998,433.4540325,62.450058,-89.9676125,207.435996,83.75004799999999,-43.513161,-29.281766000000005,-45.178612
-78.61028033333334,633.671953,295.27083633333336,-210.7034165,433.403585,62.269565,-90.16971050000001,207.168254,82.8964005,-43.710595,-29.155969999999996,-45.071719
-78.59682,633.5100586666667,295.24626600000005,-210.59085599999997,433.354424,62.093119,-90.373962,206.908578,82.062637,-43.90373000000001,-29.033744000000013,-44.96521599999999
-78.58371166666666,633.3506996666666,295.22237033333334,-210.4846545,433.306483,61.920668500000005,-90.58007649999999,206.6567275,81.248486,-44.092507,-28.91497100000001,-44.859288
-78.57097633333333,633.1939070000001,295.1991286666667,-210.38461,433.2597005,61.752164,-90.787757,206.412467,80.45366250000001,-44.276888,-28.799538000000013,-44.754104999999996
-78.55863366666667,633.039709,295.1765216666667,-210.29051299999998,433.214017,61.587551500000004,-90.996701,206.175563,79.6778705,-44.45684800000001,-28.687331999999998,-44.649812999999995
-78.54670399999999,632.8881326666666,295.15452966666663,-210.2021445,433.169377,61.4267785,-91.206602,205.9457875,78.9208025,-44.632378,-28.578249,-44.54654899999999
-78.53520533333334,632.7392016666666,295.133132,-210.119281,433.125728,61.2697905,-91.4171515,205.722915,78.18214,-44.803481000000005,-28.472184000000027,-44.444426
-78.524156,632.5929376666667,295.1123116666667,-210.0416915,433.08302100000003,61.1165325,-91.6280415,205.50672550000002,77.461556,-44.970175,-28.369039000000015,-44.343546
-78.513574,632.4493586666667,295.09204900000003,-209.96914199999998,433.0412095,60.966944999999996,-91.838964,205.297001,76.7587135,-45.132492,-28.268715999999984,-44.243997
-78.50347566666666,632.3084816666667,295.0723243333333,-209.90139349999998,433.0002515,60.820968,-92.049613,205.0935295,76.0732705,-45.29047,-28.171122999999994,-44.145855
-78.49387733333333,632.1703206666667,295.05312,-209.8382065,432.960107,60.678540999999996,-92.25968800000001,204.8961035,75.4048795,-45.444158,-28.076168999999993,-44.049183000000006
-78.484794,632.0348870000001,295.03441833333335,-209.779338,432.9207375,60.539597,-92.46889350000001,204.7045185,74.7531855,-45.59361700000001,-27.983765000000005,-43.954033
-78.47624133333333,631.9021903333332,295.01620099999997,-209.7245475,432.88210949999996,60.404070000000004,-92.6769415,204.5185755,74.117835,-45.73890900000001,-27.893826999999987,-43.860452
-78.46823166666667,631.772238,294.9984503333333,-209.67359299999998,432.844191,60.27189,-92.88355050000001,204.3380795,73.498469,-45.880105,-27.806269000000015,-43.768474
-78.46077933333333,631.645034,294.98114933333335,-209.6262345,432.80695249999997,60.142984500000004,-93.08845,204.16284100000001,72.8947325,-46.01727799999999,-27.721012,-43.67813099999999
-78.45389633333333,631.520581,294.9642803333333,-209.582236,432.7703655,60.017278,-93.2913795,203.9926735,72.3062685,-46.150509,-27.637974999999983,-43.58944700000001
-78.447594,631.3988806666667,294.94782833333335,-209.5413645,432.7344055,59.894693,-93.49209,203.827399,71.732726,-46.279876,-27.55708200000001,-43.50244
-78.44188333333334,631.2799296666667,294.93177533333335,-209.503391,432.6990475,59.775149,-93.6903445,203.6668415,71.173756,-46.405461,-27.478256999999985,-43.41713000000001
-78.43677366666667,631.1637253333333,294.9161063333333,-209.468093,432.66427,59.6585645,-93.885919,203.5108305,70.6290175,-46.527344,-27.401427000000012,-43.333527000000004
-78.43227433333334,631.0502616666666,294.9008053333333,-209.435254,432.630053,59.5448535,-94.078604,203.359203,70.098176,-46.64560800000001,-27.32652200000001,-43.25164600000001
-78.42839333333332,630.939531,294.8858576666667,-209.404663,432.59637699999996,59.433930000000004,-94.268203,203.21179999999998,69.5809045,-46.760332000000005,-27.253472000000016,-43.171496999999995
-78.42513833333334,630.8315233333333,294.87124866666665,-209.37611900000002,432.563225,59.325705,-94.45453499999999,203.0684685,69.0768875,-46.871594,-27.182210999999995,-43.09308899999999
-78.42251566666665,630.726227,294.856963,-209.349429,432.53058,59.2200895,-94.637434,202.929061,68.5858195,-46.979468,-27.112675999999993,-43.016433
-78.420531,630.6236296666666,294.84298766666666,-209.324407,432.4984275,59.1169915,-94.81674799999999,202.793438,68.1074055,-47.084028,-27.044805999999994,-42.941539
-78.41918933333334,630.5237149999999,294.82930933333336,-209.300878,432.46675500000003,59.01632,-94.9923425,202.661465,67.64136450000001,-47.185343,-26.978542000000004,-42.86841700000001
-78.418494,630.426467,294.81591366666663,-209.278678,432.435549,58.917982,-95.1640955,202.53301399999998,67.18742950000001,-47.283480999999995,-26.913827999999995,-42.797079000000004
-78.41844833333333,630.3318676666667,294.802789,-209.2576515,432.4048,58.8218855,-95.3319025,202.407964,66.7453445,-47.378502999999995,-26.850616000000002,-42.727534999999996
-78.41905466666667,630.2398956666666,294.7899233333333,-209.23765400000002,432.37449649999996,58.727939,-95.4956715,202.286202,66.31487,-47.47046900000001,-26.78885600000001,-42.6598
-78.42031433333334,630.1505310000001,294.77730433333335,-209.21855349999998,432.3446325,58.636050499999996,-95.6553265,202.16762,65.8957795,-47.559437,-26.728503999999987,-42.593885
-78.42222733333334,630.0637499999999,294.7649206666667,-209.200228,432.315201,58.5461315,-95.81080600000001,202.05212,65.487862,-47.64546,-26.669519999999977,-42.529804
-78.42479333333334,629.9795283333333,294.752762,-209.1825675,432.28619649999996,58.4580925,-95.9620615,201.93960850000002,65.0909195,-47.72859100000001,-26.611868999999984,-42.467567
-78.42801133333333,629.8978413333333,294.74081699999994,-209.16547350000002,432.257617,58.371848,-96.109058,201.830003,64.7047685,-47.808876,-26.55552,-42.40718699999999
-78.431879,629.8186616666667,294.7290756666667,-209.14885950000001,432.2294615,58.287314,-96.25177249999999,201.723226,64.32924,-47.886365,-26.500443999999987,-42.34867400000001
-78.43639266666666,629.7419613333334,294.7175276666667,-209.13265,432.20173,58.204411500000006,-96.390195,201.6192085,63.964176,-47.96110399999999,-26.446623000000017,-42.292038000000005
-78.441549,629.6677116666666,294.706165,-209.1167825,432.1744255,58.123061,-96.5243275,201.51789000000002,63.609433,-48.03313700000001,-26.394036,-42.237284
-78.44734333333334,629.595883,294.69497766666666,-209.1012035,432.14755349999996,58.0431905,-96.65418199999999,201.4192185,63.264877,-48.10251000000001,-26.34267299999999,-42.184416
-78.45376933333334,629.5264433333333,294.683957,-209.0858735,432.1211225,57.9647305,-96.77978049999999,201.3231475,62.930386,-48.169269,-26.292527000000007,-42.133433999999994
-78.46082133333333,629.4593613333333,294.67309500000005,-209.070762,432.095141,57.887615499999995,-96.901156,201.22964050000002,62.605844499999996,-48.23346000000001,-26.243593000000004,-42.084334999999996
-78.46849133333333,629.3946053333333,294.6623823333333,-209.05585050000002,432.06962250000004,57.811786,-97.0183495,201.138668,62.2911485,-48.295131,-26.195874000000003,-42.037109
-78.476771,629.33214,294.6518126666667,-209.0411305,432.0445815,57.737187,-97.13141,201.050208,61.986198,-48.354332,-26.149378000000013,-41.991746000000006
-78.485652,629.2719323333332,294.64137766666664,-209.026603,432.0200375,57.6637675,-97.2403955,200.964245,61.6908995,-48.411113,-26.10411400000001,-41.948223000000006
-78.495124,629.2139470000001,294.63107033333335,-209.012279,431.99601,57.5914845,-97.34537,200.88077249999998,61.405164,-48.465531999999996,-26.060099000000008,-41.906518000000005
-78.50517666666667,629.1581486666668,294.62088366666666,-208.998179,431.972523,57.5202975,-97.446405,200.79978949999997,61.128902,-48.51764399999999,-26.017348999999996,-41.866598
-78.51579866666667,629.1045003333334,294.6108106666667,-208.984331,431.94960249999997,57.4501735,-97.543578,200.721302,60.8620285,-48.567511999999994,-25.975887999999998,-41.828424999999996
-78.526978,629.0529670000001,294.6008453333333,-208.970771,431.9272775,57.3810855,-97.63697099999999,200.645322,60.604455,-48.6152,-25.935742000000005,-41.791956
-78.53870266666667,629.00351,294.59098166666666,-208.95754349999999,431.90558150000004,57.31301,-97.72667200000001,200.5718665,60.3560925,-48.66077399999999,-25.896938999999975,-41.757139
-78.550958,628.9560926666667,294.58121366666666,-208.9446975,431.884547,57.245931,-97.81277399999999,200.500959,60.116848000000005,-48.70431000000001,-25.859508000000005,-41.723916
-78.56373033333334,628.910677,294.571535,-208.93229000000002,431.864213,57.179837,-97.8953735,200.432627,59.8866225,-48.745881,-25.823484000000008,-41.692220999999996
-78.57700566666666,628.8672243333334,294.561941,-208.92038200000002,431.8446175,57.114720999999996,-97.9745715,200.36690149999998,59.6653115,-48.785565000000005,-25.788898999999986,-41.661983
-78.59076733333333,628.8256966666667,294.55242666666663,-208.9090395,431.8258035,57.0505825,-98.050471,200.303818,59.4528035,-48.82344599999999,-25.755786,-41.63312500000001
-78.605,628.7860553333334,294.542987,-208.89833249999998,431.8078155,56.987425,-98.123181,200.243414,59.248977000000004,-48.85960800000001,-25.724181999999985,-41.605564
-78.61968733333333,628.7482606666666,294.533618,-208.888332,431.7906985,56.9252555,-98.19281,200.1857315,59.0537005,-48.894138,-25.694119,-41.579211
-78.634811,628.7122746666666,294.5243143333334,-208.87911400000002,431.774501,56.864086,-98.259473,200.1308105,58.866834,-48.92712599999999,-25.66563100000002,-41.553976
-78.65035400000001,628.6780573333334,294.5150736666667,-208.87075399999998,431.759272,56.8039325,-98.3232835,200.07869399999998,58.6882235,-48.958661000000006,-25.638747999999993,-41.52976099999999
-78.66629866666666,628.6455696666667,294.505891,-208.8633285,431.7450605,56.744812,-98.38435949999999,200.029426,58.517705,-48.988837000000004,-25.613499999999988,-41.506466
-78.682625,628.6147730000001,294.4967633333333,-208.8569135,431.73191899999995,56.686746,-98.44282,199.983048,58.355100500000006,-49.01774399999999,-25.589911999999998,-41.483993000000005
-78.69931433333333,628.5856273333334,294.48768766666666,-208.8515855,431.7198985,56.6297575,-98.4987865,199.93960049999998,58.20022,-49.045473,-25.568005,-41.46223799999999
-78.71634633333333,628.5580946666665,294.47866100000005,-208.8474165,431.70905100000004,56.573871000000004,-98.5523805,199.8991245,58.052860499999994,-49.072115,-25.547798999999998,-41.441100999999996
-78.733701,628.532135,294.46968066666665,-208.84447799999998,431.699427,56.519112,-98.603725,199.8616545,57.912807,-49.097758,-25.52930699999999,-41.42048
-78.75135733333333,628.5077103333333,294.46074433333337,-208.842838,431.6910785,56.4655065,-98.65294399999999,199.8272245,57.77983,-49.12248799999999,-25.51253700000001,-41.400278
-78.76929433333333,628.4847823333333,294.45185066666664,-208.842559,431.684053,56.413081,-98.700162,199.7958635,57.653690499999996,-49.146388,-25.49749300000002,-41.380401
-78.78749,628.463311,294.442996,-208.8437,431.6784015,56.3618615,-98.7455025,199.767596,57.5341355,-49.169534999999996,-25.484170000000006,-41.36075699999999
-78.80592233333334,628.4432606666668,294.4341806666667,-208.8463135,431.6741675,56.3118705,-98.7890895,199.74244099999999,57.4209015,-49.192003,-25.472560000000016,-41.341261
-78.82456866666666,628.4245923333333,294.42540233333335,-208.850447,431.67139699999996,56.263132,-98.831047,199.720413,57.313717,-49.213862000000006,-25.462648,-41.321833999999996
-78.843407,628.4072683333334,294.41665933333337,-208.85614149999998,431.6701305,56.215666,-98.8714955,199.701519,57.212299,-49.235173,-25.454409999999996,-41.302406
-78.862414,628.3912526666667,294.40795133333336,-208.8634285,431.67040599999996,56.169490499999995,-98.910556,199.68576000000002,57.116357,-49.25599600000001,-25.447818000000012,-41.282911999999996
-78.88156533333334,628.376508,294.3992773333334,-208.87233500000002,431.6722585,56.1246205,-98.948346,199.673129,57.025594,-49.276377999999994,-25.442836,-41.263296
-78.90083833333334,628.3629983333334,294.39063699999997,-208.8828775,431.675718,56.081067499999996,-98.98498000000001,199.6636145,56.939707999999996,-49.29636599999999,-25.43942100000001,-41.243514
-78.92020833333333,628.350688,294.3820293333333,-208.895065,431.6808115,56.0388395,-99.02057049999999,199.657193,56.858391499999996,-49.315993000000006,-25.437523999999996,-41.223531
-78.93965133333333,628.3395423333333,294.373455,-208.90889700000002,431.68755999999996,55.997939,-99.05522450000001,199.653837,56.781335,-49.335291,-25.43708799999999,-41.20331999999999
-78.95914266666666,628.329526,294.36491333333333,-208.92436550000002,431.6959795,55.9583655,-99.089044,199.65350949999998,56.708227,-49.354282,-25.438052999999996,-41.182866000000004
-78.97865766666666,628.320605,294.3564046666666,-208.941451,431.7060825,55.9201145,-99.1221285,199.6561655,56.6387565,-49.372980999999996,-25.440350999999993,-41.162164999999995
-78.99817166666666,628.3127456666666,294.34792833333336,-208.960126,431.7178735,55.883176000000006,-99.15456950000001,199.66175249999998,56.5726135,-49.391397,-25.44390899999999,-41.141223000000004
-79.01765999999999,628.3059153333334,294.339486,-208.98035299999998,431.73135149999996,55.847534,-99.186451,199.6702105,56.509491499999996,-49.409532,-25.44864899999999,-41.120055
-79.037097,628.3000813333333,294.33107766666666,-209.0020865,431.746511,55.8131705,-99.2178515,199.68147,56.4490865,-49.427383000000006,-25.454487999999998,-41.098685
-79.05645733333334,628.2952123333333,294.32270366666665,-209.02526849999998,431.76333850000003,55.780060500000005,-99.2488425,199.695455,56.3911025,-49.444941,-25.461342000000002,-41.07715099999999
-79.07571566666667,628.2912769999999,294.31436533333334,-209.04983499999997,431.7818145,55.7481755,-99.27948549999999,199.712083,56.335248,-49.462191000000004,-25.469120000000004,-41.055493999999996
-79.09484733333333,628.2882450000001,294.30606366666666,-209.0757115,431.8019135,55.717482499999996,-99.309833,199.731263,56.2812405,-49.479116000000005,-25.47772999999998,-41.033765
-79.11382566666667,628.2860873333333,294.29779933333333,-209.10281500000002,431.823603,55.687943,-99.33993000000001,199.75289850000001,56.228806500000005,-49.495695999999995,-25.487081000000018,-41.012021000000004
-79.13262666666667,628.284775,294.2895736666666,-209.131053,431.8468435,55.659517,-99.3698105,199.7768865,56.177682,-49.51190500000001,-25.49707700000002,-40.990325999999996
-79.15122333333333,628.28428,294.2813886666667,-209.160327,431.87158999999997,55.63215700000001,-99.399498,199.80311799999998,56.127615,-49.52771800000001,-25.507623999999993,-40.96874799999999
-79.16959166666668,628.2845753333334,294.27324433333337,-209.1905305,431.8977905,55.605816000000004,-99.42900700000001,199.831479,56.078362999999996,-49.54311,-25.518625999999983,-40.947358
-79.18770533333334,628.2856346666667,294.26514333333336,-209.22154849999998,431.925387,55.580441500000006,-99.45833999999999,199.861851,56.0296965,-49.55805400000001,-25.529991999999993,-40.926229000000006
-79.20554,628.2874326666666,294.25708733333335,-209.253261,431.9543165,55.5559795,-99.48748950000001,199.8941115,55.9814005,-49.572526999999994,-25.541629,-40.905433
-79.22306933333334,628.2899446666667,294.24907766666666,-209.285543,431.984509,55.532374000000004,-99.5164375,199.928135,55.9332705,-49.58650300000001,-25.553448000000003,-40.885047
-79.24026933333333,628.2931473333333,294.24111666666664,-209.318263,432.0158905,55.509566,-99.545154,199.963792,55.885116499999995,-49.599964,-25.565364000000017,-40.865137
-79.25711466666667,628.2970186666666,294.23320666666666,-209.35128550000002,432.048381,55.487497,-99.5735995,200.0009535,55.836761499999994,-49.612893,-25.577294999999992,-40.845773
-79.273581,628.301536,294.225349,-209.384473,432.081897,55.466105999999996,-99.601725,200.039487,55.788043,-49.62527800000001,-25.58916400000001,-40.82701800000001
-79.28964333333333,628.30668,294.21754699999997,-209.4176835,432.1163515,55.445334,-99.6294695,200.07926049999998,55.73881,-49.637113,-25.600897000000003,-40.80892800000001
-79.30527766666667,628.3124303333334,294.2098026666667,-209.45077450000002,432.1516535,55.425120500000006,-99.65676400000001,200.1201425,55.688925499999996,-49.648398,-25.61242899999999,-40.791551
-79.32046000000001,628.3187683333334,294.2021183333333,-209.48360250000002,432.18770900000004,55.4054055,-99.68353149999999,200.1620015,55.638266,-49.659137,-25.623696999999993,-40.77492999999999
-79.33516666666667,628.3256770000002,294.194498,-209.516024,432.2244225,55.386131,-99.70968450000001,200.20470749999998,55.5867195,-49.66934500000001,-25.634647,-40.759097
-79.349374,628.3331396666667,294.186944,-209.5478955,432.261698,55.3672415,-99.7351295,200.248135,55.534186,-49.67903899999999,-25.645231999999993,-40.744072
-79.36305866666667,628.341141,294.17945933333334,-209.57907699999998,432.2994375,55.3486815,-99.75976750000001,200.2921585,55.480578,-49.688249,-25.655407000000025,-40.729866
-79.37619833333333,628.3496666666666,294.1720476666667,-209.6094305,432.3375435,55.3303985,-99.7834925,200.3366585,55.42581800000001,-49.697008999999994,-25.665141000000006,-40.716478
-79.38877000000001,628.3587036666667,294.1647126666667,-209.6388215,432.375919,55.3123435,-99.8061945,200.3815195,55.3698395,-49.705360999999996,-25.674402999999984,-40.703897000000005
-79.40075133333333,628.36824,294.15745799999996,-209.6671205,432.4144695,55.294469500000005,-99.82776100000001,200.4266305,55.312586,-49.713353999999995,-25.683174999999977,-40.69209600000001
-79.412121,628.3782640000001,294.150287,-209.69420300000002,432.453103,55.276733,-99.84807649999999,200.471886,55.25401000000001,-49.72104900000001,-25.69144,-40.68104
-79.42285700000001,628.3887666666667,294.14320433333336,-209.71995149999998,432.49172899999996,55.259093500000006,-99.86702650000001,200.51718699999998,55.1940725,-49.72850699999999,-25.69919200000001,-40.67067899999999
-79.43293866666666,628.399739,294.1362143333333,-209.7442545,432.530263,55.2415155,-99.884495,200.562442,55.132743000000005,-49.73580000000001,-25.70643000000001,-40.660954000000004
-79.44234466666666,628.4111736666667,294.12932133333334,-209.7670115,432.5686245,55.223964,-99.90036950000001,200.607565,55.069999499999994,-49.743005,-25.71316200000001,-40.651790999999996
-79.451056,628.423064,294.1225293333334,-209.788127,432.606739,55.2064105,-99.9145405,200.652479,55.0058255,-49.750203,-25.719396000000017,-40.643109
-79.45905166666667,628.4354046666667,294.115844,-209.80751800000002,432.6445385,55.1888285,-99.92690350000001,200.6971145,54.940213,-49.757481,-25.725150999999983,-40.634814000000006
-79.46631266666667,628.448192,294.1092693333333,-209.8251105,432.681961,55.171195499999996,-99.937361,200.7414105,54.8731595,-49.764928,-25.730447000000026,-40.626809
-79.47282,628.4614226666666,294.10281133333336,-209.8408415,432.71895400000005,55.1534925,-99.9458235,200.785316,54.804668,-49.772637,-25.735314000000017,-40.618982
-79.478556,628.4750953333333,294.09647433333333,-209.8546605,432.7554735,55.135703,-99.95220900000001,200.8287865,54.73474949999999,-49.780704,-25.739779,-40.611219
-79.48350233333333,628.4892093333334,294.0902643333333,-209.866528,432.79148399999997,55.117813,-99.95644899999999,200.8717895,54.663418500000006,-49.78922200000001,-25.743878999999993,-40.603399
-79.48764166666666,628.5037656666667,294.0841866666667,-209.8764185,432.82696050000004,55.099813,-99.95848649999999,200.9143,54.5906965,-49.798287,-25.74765000000002,-40.595400999999995
-79.49095733333333,628.5187649999999,294.07824733333337,-209.884319,432.861889,55.081694000000006,-99.95827750000001,200.9563045,54.51661,-49.807992999999996,-25.751131000000015,-40.587096
-79.49343333333333,628.5342116666667,294.072451,-209.89023,432.8962675,55.063449500000004,-99.955794,200.9977975,54.441192,-49.818428,-25.754362999999984,-40.57835800000001
-79.49505433333333,628.550109,294.06680466666666,-209.8941665,432.9301035,55.0450745,-99.95102349999999,201.038785,54.3644795,-49.829683,-25.75738799999999,-40.569063
-79.495805,628.5664626666667,294.061314,-209.896158,432.96341900000004,55.026565500000004,-99.943973,201.07928099999998,54.286517,-49.841836,-25.760250000000013,-40.559088
-79.495672,628.5832783333334,294.05598533333335,-209.89624750000002,432.9962475,55.007919,-99.93466699999999,201.119311,54.207353999999995,-49.854966000000005,-25.762990000000002,-40.548314
-79.494641,628.6005653333333,294.0508243333333,-209.894495,433.028636,54.989133499999994,-99.92315049999999,201.15891,54.1270485,-49.869142999999994,-25.765649999999994,-40.536629000000005
-79.49269866666667,628.6183303333333,294.0458383333333,-209.890972,433.060645,54.9702045,-99.90949,201.1981235,54.045661499999994,-49.884426000000005,-25.768272999999994,-40.523929
-79.48983466666667,628.6365843333334,294.04103233333336,-209.88576899999998,433.092349,54.9511295,-99.8937735,201.237005,53.963263999999995,-49.900869,-25.770895999999993,-40.510118
-79.48603566666667,628.6553379999999,294.03641466666664,-209.878988,433.12383550000004,54.931905,-99.8761135,201.2756195,53.879932999999994,-49.918515,-25.773556999999983,-40.495112
-79.48129233333333,628.6746033333333,294.03199033333334,-209.8707495,433.15520649999996,54.9125235,-99.856645,201.314041,53.795754,-49.937398,-25.776292000000012,-40.478836
-79.47559433333333,628.6943933333333,294.027767,-209.8611855,433.1865795,54.8929785,-99.8355285,201.352352,53.7108185,-49.957537,-25.779132000000004,-40.461231
-79.46893266666666,628.7147223333333,294.02375033333334,-209.85044549999998,433.21808350000003,54.873259000000004,-99.8129485,201.390646,53.625229000000004,-49.978943,-25.782106,-40.442252
-79.46129900000001,628.7356053333333,294.0199486666667,-209.838693,433.249865,54.853353500000004,-99.7891175,201.429024,53.539094500000004,-50.001613000000006,-25.785239999999988,-40.421865000000004
-79.45268566666667,628.757059,294.0163673333334,-209.82610549999998,433.282081,54.833246499999994,-99.7642715,201.467597,53.452533,-50.02553300000001,-25.788556,-40.400058
-79.44308633333334,628.7791000000001,294.01301433333333,-209.812876,433.3149045,54.8129205,-99.7386755,201.506484,53.365671999999996,-50.05067299999999,-25.79207200000002,-40.37683
-79.43249533333334,628.8017463333334,294.00989599999997,-209.79921050000002,433.348523,54.792352,-99.71261949999999,201.5458125,53.278648000000004,-50.076995,-25.795805,-40.352202000000005
-79.42090733333333,628.825018,294.0070196666667,-209.7853295,433.3831345,54.7715175,-99.6864215,201.58571849999998,53.1916085,-50.10444299999999,-25.799765000000008,-40.326207000000004
-79.40831866666666,628.8489343333334,294.004392,-209.771467,433.418953,54.7503875,-99.660426,201.6263455,53.104706,-50.13295199999999,-25.803958999999992,-40.298897999999994
-79.39472633333332,628.873516,294.0020203333333,-209.757869,433.4562035,54.72893,-99.635002,201.667845,53.0181075,-50.162442,-25.808392000000026,-40.27034499999999
-79.380128,628.898785,293.99991133333333,-209.744796,433.4951235,54.707108,-99.61054899999999,201.710375,52.931985,-50.19282199999999,-25.813063999999997,-40.240634
-79.36452233333334,628.9247643333333,293.99807233333337,-209.7325185,433.535961,54.684883,-99.58749,201.7541015,52.84652199999999,-50.22398799999999,-25.817971,-40.20986799999999
-79.34790933333333,628.9514766666667,293.99650966666667,-209.72132,433.5789765,54.662211,-99.56627399999999,201.7991965,52.7619095,-50.255826,-25.823108999999988,-40.17816299999999
-79.33028900000001,628.9789456666667,293.99523066666666,-209.711495,433.62444,54.639046,-99.54737349999999,201.84583800000001,52.678348,-50.288211000000004,-25.828468000000015,-40.145656
-79.31166400000001,629.007197,293.9942423333334,-209.7033475,433.67263049999997,54.615338,-99.531289,201.8942095,52.5960445,-50.321008000000006,-25.834036999999995,-40.11249099999999
-79.292036,629.036255,293.99355099999997,-209.6971925,433.7238365,54.591036,-99.518541,201.9445015,52.515215,-50.354074,-25.839803000000018,-40.07883
-79.27140966666667,629.0661463333333,293.9931633333333,-209.693354,433.778354,54.5660835,-99.50967449999999,201.9969075,52.4360815,-50.387254999999996,-25.845749000000012,-40.044841
-79.249789,629.0968966666666,293.993086,-209.6921645,433.8364855,54.540425,-99.505255,202.051626,52.3588735,-50.420396,-25.851857999999993,-40.010707
