Sh_x,Sh_y,Sh_z,El_x,El_y,El_z,Wr_x,Wr_y,Wr_z,WrVec_x,WrVec_y,WrVec_z
-78.58690666666666,624.7477726666667,295.152184,-202.857959,431.761097,50.241409499999996,-90.84320550000001,202.238447,42.1690845,-49.645922999999996,-24.492131999999998,-41.610295
-78.50921566666666,624.7084616666666,295.1530606666667,-202.800826,431.7354355,50.2252105,-90.6441305,202.233206,42.224368999999996,-49.565157,-24.47935000000001,-41.71175
-78.43313633333334,624.6708916666666,295.154022,-202.764369,431.7232655,50.205847,-90.447118,202.2480575,42.313235,-49.47467,-24.473321,-41.820592000000005
-78.35870899999999,624.6351076666666,295.15507166666663,-202.749163,431.7253565,50.1828955,-90.2514805,202.2848875,42.437726500000004,-49.37392700000001,-24.474739,-41.936927
-78.28597366666666,624.6011566666666,295.1562133333333,-202.75574749999998,431.74247249999996,50.155941999999996,-90.056524,202.3456275,42.599931500000004,-49.262398000000005,-24.484325000000013,-42.060823
-78.21496633333334,624.5690856666666,295.15745166666665,-202.78461950000002,431.775359,50.12459,-89.8615495,202.432249,42.8019715,-49.139562999999995,-24.502824000000004,-42.192299000000006
-78.14572333333332,624.5389413333334,295.158793,-202.8362285,431.82474449999995,50.0884605,-89.6658615,202.5467495,43.045989500000005,-49.004915,-24.530997000000013,-42.331323000000005
-78.07827733333333,624.5107733333333,295.1602443333333,-202.91097000000002,431.891329,50.047197499999996,-89.4687665,202.6911435,43.33414,-48.857967,-24.569623000000007,-42.477804000000006
-78.012659,624.4846309999999,295.16181266666666,-203.009182,431.9757805,50.000470500000006,-89.269579,202.86745200000001,43.668575499999996,-48.698257999999996,-24.61948800000002,-42.631591
-77.94889866666666,624.460564,295.163507,-203.131138,432.0787295,49.947979000000004,-89.06762599999999,203.07769150000001,44.05143150000001,-48.525356,-24.681387,-42.792463000000005
-77.887022,624.4386243333333,295.1653363333333,-203.277042,432.20076,49.8894565,-88.86224849999999,203.32386100000002,44.484814,-48.33886500000001,-24.756110000000007,-42.960131999999994
-77.82705566666668,624.418863,295.1673113333333,-203.4470265,432.3424075,49.824670000000005,-88.652808,203.607935,44.9707845,-48.13842799999999,-24.844446000000005,-43.134235000000004
-77.76902133333333,624.401334,295.16944333333333,-203.641143,432.50415050000004,49.753425,-88.438686,203.931847,45.5113435,-47.923733999999996,-24.947168000000005,-43.314330999999996
-77.71294,624.3860896666666,295.1717433333333,-203.8593635,432.68640600000003,49.6755685,-88.2192915,204.2974835,46.1084165,-47.694520999999995,-25.065033,-43.49990699999999
-77.65882999999998,624.3731853333333,295.17422566666664,-204.101574,432.88952600000005,49.5909875,-87.9940635,204.70667,46.7638385,-47.450581,-25.19877200000002,-43.690366999999995
-77.60670766666668,624.3626753333333,295.176902,-204.367573,433.1137875,49.499613000000004,-87.7624725,205.161163,47.4793385,-47.19175899999999,-25.349086,-43.885041
-77.556587,624.3546166666666,295.1797873333333,-204.65706749999998,433.359395,49.4014215,-87.52402599999999,205.66264,48.256526,-46.917962,-25.516638,-44.083186
-77.50848033333334,624.349064,295.1828966666667,-204.969674,433.6264715,49.296431,-87.278271,206.21268750000002,49.096875000000004,-46.62915400000001,-25.702049000000017,-44.28398
-77.46239566666667,624.3460756666667,295.18624600000004,-205.3049135,433.9150565,49.184706,-87.024799,206.8127955,50.0017145,-46.32536199999999,-25.905887000000007,-44.48653900000001
-77.418341,624.345708,295.18985066666664,-205.662215,434.22510250000005,49.066356,-86.763243,207.4643485,50.972212500000005,-46.006674000000004,-26.128667000000007,-44.689913000000004
-77.376321,624.3480203333334,295.19372833333335,-206.040911,434.556473,48.941531,-86.4932895,208.16861649999998,52.0093675,-45.673239,-26.370843000000008,-44.893095
-77.336339,624.35307,295.1978956666667,-206.4402435,434.908942,48.810425,-86.2146725,208.926749,53.1139985,-45.32526299999999,-26.632799999999975,-45.095027
-77.298394,624.3609153333333,295.202371,-206.85935999999998,435.28218849999996,48.673272000000004,-85.927182,209.73977,54.2867375,-44.963012,-26.914851999999996,-45.294611
-77.26248533333334,624.3716156666667,295.20717199999996,-207.29732,435.675801,48.5303445,-85.630663,210.6085695,55.5280205,-44.586805999999996,-27.217241,-45.490713
-77.22860800000001,624.3852293333333,295.212318,-207.7530945,436.0892725,48.3819515,-85.3250165,211.533902,56.838086000000004,-44.197015,-27.54012400000002,-45.682176000000005
-77.19675533333333,624.4018153333333,295.21782866666666,-208.2255725,436.5220045,48.228435,-85.0102065,212.5163785,58.2169695,-43.794057,-27.883578999999997,-45.867824999999996
-77.16691966666666,624.421432,295.2237216666667,-208.7135605,436.973306,48.07017,-84.686254,213.556467,59.664501,-43.378392,-28.247597999999982,-46.046484
-77.13908933333333,624.4441376666667,295.23001766666664,-209.21579250000002,437.44239600000003,47.9075575,-84.35324299999999,214.65448650000002,61.1803085,-42.950518,-28.63208499999999,-46.216977
-77.11325166666666,624.4699903333334,295.2367366666667,-209.7309315,437.928406,47.7410265,-84.011318,215.8106085,62.7638165,-42.510966,-29.036858999999993,-46.37814899999999
-77.089392,624.499048,295.24389833333333,-210.2575765,438.4303815,47.571028,-83.6606855,217.0248515,64.41425100000001,-42.060294999999996,-29.461648999999994,-46.528864000000006
-77.06749233333333,624.5313666666667,295.2515230000001,-210.7942685,438.94728799999996,47.398031,-83.301613,218.29708399999998,66.13064299999999,-41.599084000000005,-29.90609600000002,-46.66802199999999
-77.047534,624.5670036666667,295.2596303333333,-211.339498,439.4780125,47.2225245,-82.934428,219.627022,67.9118355,-41.127934,-30.369755999999995,-46.794566999999994
-77.02949533333333,624.606014,295.268241,-211.8917135,440.0213695,47.045009,-82.5595155,221.014233,69.75649250000001,-40.647454999999994,-30.852102000000002,-46.90749100000001
-77.013353,624.648452,295.2773746666667,-212.4493255,440.576106,46.865998,-82.177319,222.4581345,71.663105,-40.158263999999996,-31.35252300000002,-47.005843999999996
-76.999083,624.6943716666666,295.287052,-213.0107195,441.140905,46.686014,-81.7883335,223.957999,73.6300035,-39.66098100000001,-31.870334000000014,-47.088744999999996
-76.98665733333333,624.743825,295.29729233333336,-213.5742605,441.71439599999997,46.5055855,-81.3931065,225.51295499999998,75.6553655,-39.156229,-32.404774,-47.155381000000006
-76.97604766666667,624.796864,295.30811566666665,-214.1383035,442.295156,46.3252465,-80.992233,227.1219925,77.73723100000001,-38.64462399999999,-32.95501300000001,-47.20501
-76.96722266666667,624.8535376666666,295.31954033333335,-214.701204,442.881721,46.1455335,-80.58635050000001,228.78396700000002,79.873512,-38.126771000000005,-33.520163999999994,-47.236974000000004
-76.96015066666666,624.913895,295.33158733333335,-215.261323,443.47258999999997,45.9669855,-80.1761375,230.49760350000003,82.062004,-37.603271,-34.099278999999996,-47.250691999999994
-76.95479766666666,624.977983,295.344274,-215.8170395,444.066234,45.790139999999994,-79.76230699999999,232.261505,84.300402,-37.074708,-34.69135799999998,-47.24566600000001
-76.95112833333333,625.045847,295.35761966666666,-216.3667585,444.66110249999997,45.6155355,-79.345601,234.074157,86.5863105,-36.541655999999996,-35.29536399999998,-47.221481000000004
-76.94910466666666,625.1175303333333,295.37164233333334,-216.90892,445.255634,45.443706500000005,-78.926789,235.93393400000002,88.9172575,-36.004672,-35.91022000000001,-47.177803
-76.94868866666665,625.1930743333334,295.3863596666667,-217.442008,445.848261,45.2751875,-78.506658,237.8391095,91.2907075,-35.46430000000001,-36.53482299999999,-47.114377000000005
-76.94983966666666,625.2725193333332,295.401789,-217.964557,446.43741850000004,45.110508,-78.0860105,239.78786300000002,93.704073,-34.921068999999996,-37.16804800000003,-47.031028000000006
-76.95251666666667,625.3559033333333,295.41794699999997,-218.4751635,447.0215535,44.9501955,-77.66565750000001,241.77828699999998,96.15472700000001,-34.375491,-37.80875999999998,-46.92765200000001
-76.95667666666667,625.443261,295.4348499999999,-218.97249,447.599133,44.794773500000005,-77.2464155,243.8083985,98.640016,-33.828069,-38.45581500000003,-46.80421799999999
-76.962276,625.534626,295.452514,-219.455276,448.1686505,44.644763499999996,-76.8290975,245.876147,101.15726749999999,-33.279289000000006,-39.10807399999999,-46.660760999999994
-76.96926866666666,625.6300293333333,295.4709536666667,-219.92234200000001,448.728634,44.500682,-76.4145105,247.979422,103.703806,-32.729629,-39.76440600000001,-46.497376
-76.97760866666667,625.729499,295.490184,-220.3725955,449.27765450000004,44.363044,-76.00345150000001,250.116065,106.27695550000001,-32.179557,-40.42369800000003,-46.314215000000004
-76.98724800000001,625.8330610000002,295.5102186666667,-220.805037,449.814332,44.2323595,-75.5966995,252.2838805,108.8740555,-31.629531000000007,-41.084858999999966,-46.11148300000001
-76.998139,625.940739,295.53107166666666,-221.21876400000002,450.3373435,44.1091365,-75.195015,254.48064,111.492465,-31.080005999999997,-41.74682600000003,-45.88942799999998
-77.01023133333334,626.0525533333333,295.552755,-221.6129755,450.84542650000003,43.9938785,-74.799133,256.7040965,114.1295725,-30.531428,-42.40857500000001,-45.64833900000001
-77.02347533333334,626.1685216666666,295.57528099999996,-221.98697449999997,451.3373885,43.887087,-74.4097625,258.9519895,116.7828,-29.984242999999992,-43.069117000000034,-45.388542
-77.03781933333333,626.288658,295.59866133333327,-222.340169,451.812109,43.789258,-74.02758,261.222058,119.4496135,-29.438896,-43.72750799999997,-45.11039299999999
-77.05321133333334,626.4129750000001,295.62290633333333,-222.672075,452.268546,43.700884,-73.65323,263.512045,122.127524,-28.895823999999998,-44.38285399999998,-44.814272
-77.069599,626.5414803333333,295.6480266666667,-222.9823135,452.705738,43.622453,-73.28732049999999,265.819709,124.81409400000001,-28.355473000000003,-45.034310000000005,-44.50058400000002
-77.08692933333333,626.6741803333333,295.6740316666667,-223.27061400000002,453.12281099999996,43.554446,-72.93042249999999,268.142826,127.50694349999999,-27.818284999999996,-45.68108599999999,-44.16975099999999
-77.105148,626.8110763333333,295.7009293333333,-223.5368105,453.518975,43.497339000000004,-72.5830685,270.4792025,130.2037505,-27.284701000000005,-46.32244499999999,-43.822209
-77.12420133333335,626.9521676666667,295.7287293333333,-223.78084,453.8935325,43.451599,-72.245751,272.82667749999996,132.902254,-26.755166000000003,-46.957704999999976,-43.45840600000001
-77.14403433333332,627.0974493333333,295.7574373333333,-224.002738,454.2458745,43.417682,-71.9189215,275.1831295,135.60026,-26.230127000000003,-47.58624499999999,-43.07879999999999
-77.16459166666667,627.2469146666666,295.787062,-224.20263799999998,454.5754835,43.396037,-71.6029935,277.54648050000003,138.2956405,-25.710026999999997,-48.20749500000002,-42.68385700000002
-77.185819,627.4005510000001,295.81760833333334,-224.380763,454.8819315,43.387099,-71.2983375,279.91470000000004,140.9863335,-25.195313,-48.820942,-42.27404899999999
-77.20766,627.5583433333334,295.849082,-224.5374235,455.16488300000003,43.391287500000004,-71.0052855,282.28580999999997,143.6703485,-24.686422999999998,-49.426128000000006,-41.84985500000002
-77.23005966666666,627.7202733333334,295.8814883333334,-224.673013,455.424088,43.409009000000005,-70.72413,284.657885,146.345765,-24.183801999999993,-50.02264600000001,-41.41175600000001
-77.252962,627.8863190000001,295.914831,-224.787997,455.659383,43.440650999999995,-70.4551245,287.02905499999997,149.01073350000001,-23.687883,-50.61013799999995,-40.96023899999997
-77.27631133333334,628.0564546666666,295.9491146666666,-224.8829125,455.8706885,43.4865835,-70.1984865,289.397508,151.6634735,-23.199093000000005,-51.18829199999999,-40.49579700000001
-77.30005266666667,628.230651,295.9843413333333,-224.9583585,456.05800550000004,43.547152499999996,-69.9543965,291.7614895,154.3022795,-22.71785700000001,-51.756843,-40.01892700000002
-77.32413066666668,628.4088740000001,296.020514,-225.0149895,456.22141050000005,43.622684500000005,-69.7229995,294.1193015,156.92551500000002,-22.244583000000006,-52.315563,-39.53013200000001
-77.34848966666668,628.591088,296.05763500000006,-225.05351000000002,456.36105399999997,43.713480000000004,-69.5044085,296.46930299999997,159.531618,-21.779672999999995,-52.86426399999999,-39.029920000000004
-77.37307466666668,628.7772506666666,296.0957056666667,-225.07466599999998,456.47715500000004,43.819815999999996,-69.298703,298.8099115,162.11909500000002,-21.323512,-53.40279099999998,-38.51880800000001
-77.39783133333333,628.9673196666666,296.13472666666667,-225.079241,456.569996,43.941939500000004,-69.1059325,301.139596,164.686528,-20.876471000000002,-53.93101999999999,-37.99732
-77.422706,629.161246,296.17469800000003,-225.06804699999998,456.6399195,44.080073999999996,-68.92611500000001,303.4568825,167.2325685,-20.438902,-54.44885099999999,-37.46598900000001
-77.44764433333333,629.3589783333333,296.21561966666667,-225.041919,456.6873225,44.234410999999994,-68.7592425,305.760346,169.755939,-20.011139000000007,-54.956211999999994,-36.925355999999994
-77.47259333333334,629.5604603333333,296.2574916666667,-225.00171,456.7126525,44.405115,-68.6052785,308.048613,172.255435,-19.593497000000006,-55.45304799999997,-36.37597199999999
-77.49750133333333,629.7656333333333,296.300312,-224.9482845,456.71640149999996,44.592318999999996,-68.46415999999999,310.320357,174.72992399999998,-19.186266000000003,-55.93931999999995,-35.81839599999998
-77.522315,629.9744343333333,296.34408,-224.8825115,456.69910200000004,44.796129,-68.3357995,312.574297,177.17834399999998,-18.789714999999994,-56.41500599999995,-35.253202000000016
-77.54698433333334,630.1867963333333,296.3887926666667,-224.80526400000002,456.66132300000004,45.0166195,-68.2200855,314.809197,179.5997055,-18.404086999999997,-56.880093999999985,-34.68096700000001
-77.57145866666667,630.4026486666667,296.43444866666664,-224.717411,456.60366350000004,45.253838,-68.116883,317.023863,181.9930905,-18.029599999999995,-57.33458400000001,-34.102281000000005
-77.59568733333333,630.6219173333333,296.48104366666666,-224.61981300000002,456.52675,45.5078025,-68.026034,319.21714099999997,184.3576525,-17.666446,-57.77847800000001,-33.517739000000006
-77.61962266666667,630.8445236666666,296.5285756666667,-224.51332100000002,456.43123149999997,45.778504,-67.9473595,321.387917,186.69261699999998,-17.314792999999995,-58.21178800000001,-32.92794799999999
-77.64321633333333,631.070386,296.57704033333334,-224.3987715,456.3177735,46.065906999999996,-67.880658,323.53511549999996,188.99728149999999,-16.974781999999998,-58.634528999999986,-32.333517
-77.66642133333333,631.299419,296.6264343333333,-224.2769845,456.18705850000003,46.3699515,-67.8257095,325.657698,191.271016,-16.646527,-59.046718,-31.73505799999998
-77.68919166666667,631.531532,296.676753,-224.14875999999998,456.0397765,46.69055350000001,-67.7822725,327.7546625,193.513261,-16.33011700000001,-59.448373000000004,-31.133190000000013
-77.71148233333334,631.7666333333333,296.72799166666664,-224.014878,455.876628,47.027606,-67.7500875,329.825046,195.7235295,-16.025618999999992,-59.839518,-30.528526999999997
-77.73324933333333,632.0046253333334,296.78014666666667,-223.87609550000002,455.698315,47.380983,-67.728874,331.867921,197.9014065,-15.733072,-60.22017199999999,-29.921684999999997
-77.75445033333334,632.2454073333333,296.833212,-223.73314499999998,455.505541,47.750538,-67.718337,333.88239799999997,200.0465475,-15.452497999999999,-60.59036199999997,-29.31326899999999
-77.775043,632.4888753333333,296.8871833333333,-223.5867345,455.2990065,48.136106500000004,-67.71816199999999,335.867625,202.158679,-15.183895999999997,-60.95011200000005,-28.703879999999998
-77.794987,632.7349209999999,296.9420543333333,-223.437546,455.0794085,48.5375115,-67.728018,337.822791,204.2375975,-14.927246000000004,-61.299447999999984,-28.094107000000008
-77.81424333333334,632.983433,296.997821,-223.2862365,454.84743549999996,48.9545575,-67.74756,339.74712450000004,206.28316999999998,-14.682511999999996,-61.63839899999999,-27.484522
-77.83277333333334,633.234296,297.054477,-223.13343600000002,454.6037665,49.3870395,-67.776428,341.639896,208.2953305,-14.449644,-61.96699799999999,-26.875680999999986
-77.850541,633.487392,297.1120166666667,-222.9797485,454.34906750000005,49.834740000000004,-67.8142485,343.5004195,210.2740805,-14.228579000000003,-62.285279,-26.268119000000013
-77.86751,633.7425986666666,297.17043433333333,-222.825751,454.08399199999997,50.297434,-67.860635,345.32805399999995,212.2194905,-14.019243999999993,-62.59328199999999,-25.662342999999993
-77.88364633333333,633.9997906666666,297.2297246666667,-222.671996,453.80917650000004,50.774885499999996,-67.91519149999999,347.122205,214.1316915,-13.821558999999993,-62.89105000000001,-25.058835000000016
-77.89891733333333,634.2588386666666,297.28988133333337,-222.51900949999998,453.525239,51.266854,-67.97751099999999,348.8823265,216.01088099999998,-13.635440000000003,-63.178630999999996,-24.458044
-77.91329233333333,634.5196119999999,297.350899,-222.367293,453.232779,51.773092,-68.0471795,350.6079215,217.8573155,-13.460799000000002,-63.45608299999998,-23.860383000000013
-77.92673966666666,634.7819753333333,297.41277233333335,-222.2173225,452.93237450000004,52.293349,-68.123777,352.298544,219.6713115,-13.297550000000001,-63.72346600000003,-23.266227000000015
-77.93923133333332,635.04579,297.47549566666663,-222.069551,452.62458,52.82737,-68.20687749999999,353.953803,221.4532425,-13.145608999999993,-63.98085000000003,-22.675911000000013
-77.95074066666668,635.310916,297.53906233333333,-221.924407,452.309927,53.3748985,-68.296053,355.573357,223.20353599999999,-13.004894000000007,-64.22830799999997,-22.089726000000013
-77.96124100000002,635.577209,297.6034686666667,-221.7822955,451.988921,53.935677,-68.390873,357.1569215,224.92267149999998,-12.875336000000004,-64.46592699999997,-21.507918999999987
-77.97070933333333,635.844524,297.66870866666665,-221.6436,451.6620415,54.509448,-68.490908,358.704267,226.6111775,-12.756868000000004,-64.69379600000002,-20.930684999999983
-77.979122,636.1127106666667,297.734777,-221.5086805,451.32973949999996,55.095954000000006,-68.595731,360.215216,228.2696295,-12.649436000000001,-64.912014,-20.358172999999994
-77.98645833333335,636.381619,297.80166933333334,-221.377877,450.992438,55.694941,-68.7049185,361.68964900000003,229.89864649999998,-12.552999000000007,-65.12068600000003,-19.790483000000023
-77.992698,636.6510956666667,297.86938066666664,-221.2515075,450.65053,56.306155,-68.818053,363.127502,231.498888,-12.467526,-65.31992600000001,-19.22766200000001
-77.99782333333333,636.9209846666666,297.9379073333333,-221.12986899999999,450.30437900000004,56.929349,-68.9347245,364.528763,233.0710505,-12.392999000000003,-65.50985199999997,-18.669704999999993
-78.00181833333333,637.191129,298.0072443333333,-221.0132375,449.9543155,57.5642805,-69.054531,365.89347399999997,234.6158675,-12.329414000000007,-65.69058799999999,-18.11656099999999
-78.00466733333333,637.4613706666667,298.07738866666665,-220.901871,449.6006395,58.210710000000006,-69.177082,367.221731,236.13410149999999,-12.276781999999997,-65.86226600000003,-17.56812499999998
-78.00635766666666,637.7315473333334,298.148337,-220.79600649999998,449.24362,58.868410000000004,-69.301999,368.513679,237.6265465,-12.235120000000009,-66.02501999999998,-17.024248999999998
-78.00687666666667,638.0014986666666,298.2200853333333,-220.6958625,448.8834895,59.537157,-69.428915,369.7695125,239.0940225,-12.204464000000002,-66.178989,-16.484735
-78.006215,638.271061,298.29263066666664,-220.60163849999998,448.520451,60.216741,-69.5574805,370.989474,240.537372,-12.184852999999997,-66.32431200000002,-15.949343999999996
-78.00436466666666,638.5400706666667,298.365971,-220.51351449999999,448.154673,60.906960999999995,-69.687358,372.1738505,241.95746,-12.176337999999994,-66.46113300000002,-15.417798000000005
-78.00131699999999,638.8083636666667,298.44010366666663,-220.431654,447.7862895,61.607629,-69.818229,373.322972,243.35517099999998,-12.178973999999997,-66.58959800000002,-14.889781999999997
-77.99706833333333,639.0757733333334,298.51502666666664,-220.3562015,447.41540299999997,62.3185715,-69.94979000000001,374.4372095,244.731403,-12.192818000000003,-66.70984699999997,-14.364948000000027
-77.99161433333335,639.3421353333333,298.5907373333334,-220.2872845,447.04208100000005,63.039629,-70.0817575,375.51697049999996,246.087074,-12.217928999999991,-66.82202699999999,-13.842921999999987
-77.984953,639.6072836666666,298.6672346666667,-220.2250135,446.6663595,63.77066000000001,-70.213865,376.562699,247.4231095,-12.254357999999996,-66.92627600000003,-13.323307
-77.97708366666667,639.871053,298.74451733333336,-220.169483,446.2882415,64.51154149999999,-70.345865,377.5748705,248.740449,-12.302154000000002,-67.02273699999995,-12.805688000000004
-77.96800733333333,640.1332783333334,298.82258299999995,-220.120769,445.907699,65.2621695,-70.4775285,378.5539905,250.04004200000003,-12.361352999999994,-67.11154499999998,-12.289636000000002
-77.95772699999999,640.3937943333334,298.901431,-220.078935,445.52467,66.02246149999999,-70.608646,379.50059050000004,251.32284449999997,-12.431976000000006,-67.19283300000001,-11.774720999999971
-77.946247,640.6524380000001,298.98106,-220.04402599999997,445.139065,66.79235750000001,-70.739027,380.4152275,252.5898205,-12.51402800000001,-67.266731,-11.260503000000028
-77.93357266666668,640.9090460000001,299.061469,-220.0160745,444.7507645,67.5718195,-70.8685,381.2984785,253.8419405,-12.607485999999994,-67.33336300000002,-10.746555
-77.919711,641.1634576666667,299.1426573333333,-219.99509799999998,444.3596195,68.360836,-70.99691200000001,382.150941,255.08017900000002,-12.712305999999998,-67.39285000000001,-10.232452000000023
-77.90467066666668,641.415512,299.224623,-219.9811005,443.965455,69.15942,-71.124128,382.97322499999996,256.305513,-12.828416000000004,-67.44530800000001,-9.71778999999998
-77.888462,641.6650513333334,299.30736666666667,-219.974073,443.5680695,69.967612,-71.2500315,383.765959,257.5189265,-12.955705000000009,-67.49084800000003,-9.202181000000024
-77.871097,641.9119196666667,299.39088566666663,-219.9739945,443.16723950000005,70.785477,-71.374522,384.5297785,258.7214035,-13.094031999999999,-67.52957699999996,-8.685262999999992
-77.85258833333334,642.1559619999999,299.4751796666667,-219.98083250000002,442.7627165,71.613108,-71.4975175,385.26533,259.913928,-13.243212999999997,-67.561598,-8.166701999999987
-77.83295,642.3970266666666,299.5602466666667,-219.994543,442.35423249999997,72.450627,-71.61895100000001,385.9732685,261.097488,-13.403027999999992,-67.58700900000002,-7.646198000000027
-77.81219766666668,642.634966,299.646086,-220.015073,441.941501,73.2981815,-71.73877049999999,386.6542505,262.27306899999996,-13.573211,-67.605905,-7.123482000000024
-77.79034866666666,642.8696330000001,299.732695,-220.04236,441.524219,74.1559445,-71.856939,387.3089405,263.4416555,-13.753457999999995,-67.61837700000001,-6.598328999999978
-77.76742166666666,643.1008846666667,299.82007333333337,-220.07633299999998,441.10206800000003,75.02411749999999,-71.973433,387.9380005,264.60423149999997,-13.943416000000013,-67.62451299999998,-6.070550999999966
-77.74343499999999,643.3285823333333,299.90821766666664,-220.1169145,440.67471850000004,75.9029255,-72.08824150000001,388.54209649999996,265.7617755,-14.142691,-67.62440099999998,-5.540000999999961
-77.71841033333334,643.552589,299.99712633333337,-220.164018,440.241831,76.792618,-72.20136500000001,389.121892,266.9152635,-14.350846000000004,-67.61812399999997,-5.006578999999988
-77.69236966666666,643.772773,300.0867966666667,-220.217554,439.80305999999996,77.6934675,-72.312815,389.6780495,268.0656645,-14.567406000000005,-67.60576500000002,-4.470222999999976
-77.66533633333334,643.989007,300.17722533333335,-220.277426,439.358052,78.60576499999999,-72.4226135,390.211229,269.21394050000004,-14.791853000000003,-67.58740599999999,-3.9309169999999654
-77.637333,644.2011666666666,300.268409,-220.3435335,438.9064555,79.529822,-72.53079,390.7220875,270.3610435,-15.023632000000006,-67.56312700000001,-3.3886850000000095
-77.60838600000001,644.409133,300.360344,-220.415773,438.4479185,80.46596650000001,-72.637383,391.2112775,271.507916,-15.262158,-67.53301099999999,-2.843592000000001
-77.57852166666667,644.6127916666667,300.45302666666663,-220.494037,437.9820925,81.4145375,-72.74243799999999,391.67944750000004,272.6554865,-15.50681200000001,-67.49713700000001,-2.295741000000021
-77.54776666666667,644.812033,300.5464513333333,-220.578216,437.50863549999997,82.3758875,-72.84600549999999,392.12724149999997,273.8046675,-15.756952999999996,-67.45558899999997,-1.7452729999999974
-77.51615,645.0067526666667,300.64061366666664,-220.66819900000002,437.0272155,83.350376,-72.94814199999999,392.555298,274.956356,-16.011914000000004,-67.40844800000002,-1.192359999999951
-77.48370066666666,645.1968516666667,300.7355073333333,-220.7638715,436.53751350000005,84.3383655,-73.0489075,392.96425250000004,276.1114275,-16.271015000000006,-67.35579899999999,-0.6372069999999894
-77.450448,645.3822366666667,300.831127,-220.865119,436.03922550000004,85.3402215,-73.14836650000001,393.3547335,277.270734,-16.533561000000006,-67.29772500000001,-0.08004600000003848
-77.41642399999999,645.56282,300.927465,-220.97182650000002,435.5320655,86.35630499999999,-73.24658600000001,393.7273635,278.43510349999997,-16.798851999999997,-67.23431299999999,0.4788689999999747
-77.38165933333333,645.7385189999999,301.02451433333334,-221.08387499999998,435.01577,87.3869715,-73.34363350000001,394.0827625,279.6053345,-17.066187,-67.16564900000003,1.0392589999999586
-77.346187,645.9092573333334,301.122266,-221.2011465,434.49009850000004,88.43256550000001,-73.43957950000001,394.421544,280.782194,-17.334864999999994,-67.09181999999998,1.6008319999999685
-77.31003966666667,646.074966,301.220712,-221.3235215,433.9548385,89.4934165,-73.5344955,394.744316,281.966415,-17.604197,-67.01291599999996,2.163279999999986
-77.27325233333333,646.2355816666667,301.3198423333333,-221.450877,433.4098065,90.569837,-73.62845100000001,395.05168249999997,283.158692,-17.873508,-66.92902499999997,2.726286000000016
-77.23585833333334,646.3910460000001,301.419646,-221.58309,432.8548515,91.662114,-73.7215175,395.3442415,284.35967949999997,-18.142139,-66.840237,3.289522999999974
-77.19789366666667,646.5413096666666,301.520112,-221.720033,432.28985750000004,92.7705095,-73.8137645,395.62258699999995,285.56998699999997,-18.409457000000003,-66.74664200000001,3.8526619999999525
-77.15939333333334,646.6863283333333,301.621228,-221.861576,431.7147455,93.895254,-73.90526,395.8873065,286.79017799999997,-18.674856000000005,-66.64832899999999,4.415373999999986
-77.12039366666666,646.826064,301.72298033333334,-222.0075855,431.1294745,95.0365425,-73.9960735,396.138984,288.020765,-18.93776100000001,-66.545388,4.977328
-77.08093166666667,646.960487,301.825355,-222.157923,430.534046,96.19453100000001,-74.08626849999999,396.378197,289.26220750000005,-19.197635000000005,-66.437906,5.538201000000015
-77.04104366666667,647.0895736666666,301.92833633333333,-222.31244600000002,429.92850250000004,97.369333,-74.17590999999999,396.60551699999996,290.5149095,-19.453975999999997,-66.32597200000004,6.097670999999991
-77.00076733333334,647.213307,302.0319083333333,-222.471004,429.312932,98.5610145,-74.265061,396.82151250000004,291.77921649999996,-19.706328,-66.20967100000001,6.655426999999975
-76.96014033333334,647.331677,302.13605333333334,-222.63344,428.687466,99.769593,-74.3537805,397.02674349999995,293.05541300000004,-19.95427699999999,-66.089089,7.2111679999999865
-76.91920066666667,647.4446810000001,302.2407523333333,-222.7995925,428.052283,100.99503150000001,-74.4421265,397.2217655,294.3437185,-20.197457,-65.96430699999996,7.764601000000027
-76.87798633333334,647.5523226666667,302.34598566666665,-222.9692875,427.407607,102.2372375,-74.530156,397.407125,295.64428999999996,-20.435547999999997,-65.83540800000003,8.315444000000014
-76.83653566666666,647.6546123333333,302.451732,-223.1423455,426.753709,103.496061,-74.61792299999999,397.58336599999996,296.9572155,-20.668278,-65.70247,8.863430999999991
-76.79488733333334,647.7515683333332,302.5579696666667,-223.318576,426.090906,104.7712885,-74.705479,397.7510205,298.28251550000004,-20.895430000000005,-65.56557300000003,9.408304999999984
-76.753079,647.8432146666667,302.66467400000005,-223.49777949999998,425.4195615,106.0626475,-74.7928745,397.9106165,299.62014,-21.116827,-65.42478900000003,9.94982200000004
-76.71115,647.9295823333333,302.771821,-223.6797455,424.74008200000003,107.3697975,-74.8801585,398.06267049999997,300.96997,-21.332351000000003,-65.28019499999999,10.48775599999999
-76.66913799999999,648.010709,302.879384,-223.8642535,424.0529205,108.692336,-74.967377,398.2076935,302.331815,-21.541923999999995,-65.13186299999995,11.021885999999995
-76.627082,648.086639,302.98733666666664,-224.05107249999998,423.35856950000004,110.029792,-75.0545765,398.346185,303.705414,-21.745520999999997,-64.97986400000002,11.552009999999996
-76.58501966666667,648.157422,303.0956493333333,-224.2399605,422.657562,111.381631,-75.14180049999999,398.47863700000005,305.0904355,-21.943157,-64.82427000000001,12.07793700000002
-76.542989,648.223116,303.20429333333334,-224.4306665,421.95047,112.7472525,-75.22909250000001,398.605529,306.4864785,-22.13489299999999,-64.66515200000003,12.599485000000016
-76.501028,648.2837823333333,303.313237,-224.6229275,421.2378995,114.12599,-75.3164935,398.7273325,307.8930735,-22.320831000000013,-64.50258100000002,13.116487000000006
-76.45917433333334,648.3394910000001,303.42244766666664,-224.816473,420.5204895,115.51711399999999,-75.4040445,398.84450549999997,309.3096845,-22.50110699999999,-64.33663099999995,13.628782999999999
-76.41746433333333,648.3903156666667,303.5318936666667,-225.01102300000002,419.798908,116.919834,-75.4917875,398.9574955,310.7357105,-22.675894999999997,-64.16737499999999,14.13622700000002
-76.375936,648.4363366666666,303.641539,-225.206289,419.073847,118.3333005,-75.57976,399.066739,312.170488,-22.845398000000003,-63.994888,14.638679999999965
-76.33462466666667,648.4776390000001,303.7513483333333,-225.4019775,418.346023,119.756606,-75.6680015,399.172659,313.6132935,-23.009847000000008,-63.819252000000006,15.136013000000048
-76.29356766666666,648.514313,303.86128533333334,-225.59778749999998,417.616168,121.18879100000001,-75.7565515,399.2756665,315.063348,-23.169495000000012,-63.64054699999997,15.628102000000013
-76.2528,648.5464543333333,303.97131200000007,-225.79341449999998,416.8850295,122.628845,-75.8454475,399.3761585,316.519817,-23.32461500000001,-63.45886300000001,16.11483599999997
-76.21235566666667,648.5741623333333,304.08139,-225.9885525,416.1533645,124.07571200000001,-75.93472650000001,399.47452050000004,317.981819,-23.475497000000004,-63.274291000000005,16.59610600000002
-76.172271,648.5975413333334,304.1914796666667,-226.18289149999998,415.42193599999996,125.52829550000001,-76.024427,399.5711225,319.4484265,-23.622439999999997,-63.086929,17.07181300000002
-76.132579,648.6167003333334,304.3015396666667,-226.3761245,414.691507,126.985463,-76.11458400000001,399.6663215,320.91866949999996,-23.76575000000001,-62.89687900000001,17.541862999999978
-76.09331366666667,648.631751,304.411529,-226.5679455,413.9628395,128.44604750000002,-76.205235,399.7604605,322.391544,-23.90573599999999,-62.704252999999994,18.006166000000007
-76.054507,648.6428093333333,304.521406,-226.758052,413.23668799999996,129.908859,-76.2964145,399.8538685,323.8660125,-24.042709000000002,-62.50916699999999,18.46464100000003
-76.01619166666666,648.6499949999999,304.63112666666666,-226.946148,412.5137955,131.372685,-76.388158,399.94686,325.341013,-24.176969999999997,-62.311743999999976,18.917208000000016
-75.97839966666668,648.6534303333333,304.74064799999996,-227.131944,411.79489049999995,132.8363005,-76.480498,400.0397355,326.81546000000003,-24.308816000000007,-62.11211500000002,19.363796000000036
-75.94116133333334,648.6532403333334,304.8499256666667,-227.3151605,411.0806845,134.298468,-76.573466,400.13278049999997,328.288254,-24.43853,-61.910416999999995,19.804336000000035
-75.90450633333334,648.6495533333333,304.95891566666666,-227.49553100000003,410.3718635,135.7579505,-76.6670945,400.226267,329.75828349999995,-24.566383000000002,-61.706796,20.238765
-75.86846533333333,648.6424986666666,305.06757166666665,-227.672798,409.669092,137.21351149999998,-76.76141,400.320452,331.22443150000004,-24.69262599999999,-61.501401999999985,20.667025000000024
-75.83306599999999,648.6322096666667,305.17584899999997,-227.846721,408.9730035,138.6639255,-76.85644049999999,400.415579,332.6855815,-24.817493,-61.294389999999964,21.08906300000001
-75.79833633333334,648.6188189999999,305.28370266666667,-228.01707549999998,408.2842025,140.1079815,-76.9522085,400.51187600000003,334.140624,-24.941194999999993,-61.085924000000034,21.50482999999997
-75.76430333333333,648.6024633333333,305.39108533333336,-228.1836535,407.603259,141.544489,-77.04873549999999,400.60956,335.5884575,-25.063921000000008,-60.87617,21.914282999999955
-75.73099366666666,648.583279,305.497953,-228.346266,406.930708,142.9722855,-77.1460385,400.70883249999997,337.027997,-25.185839,-60.66529899999995,22.317386
-75.69843233333333,648.5614036666666,305.60425933333335,-228.50474499999999,406.26704800000005,144.390238,-77.244131,400.8098805,338.4581795,-25.307085999999998,-60.453483000000006,22.714106999999956
-75.66664333333334,648.536976,305.70995899999997,-228.658942,405.61273900000003,145.7972545,-77.34302149999999,400.9128805,339.8779665,-25.427780999999996,-60.24089699999996,23.104422999999997
-75.63565133333333,648.510135,305.81500766666665,-228.80873150000002,404.968202,147.1922825,-77.4427145,401.0179935,341.28634999999997,-25.548015000000007,-60.027716999999996,23.488315999999998
-75.605478,648.4810206666666,305.91935966666665,-228.95400949999998,404.3338195,148.57432,-77.54320799999999,401.125371,342.68235649999997,-25.66785800000001,-59.81411799999995,23.865775000000042
-75.57614566666666,648.4497719999999,306.02297266666665,-229.0946965,403.7099305,149.94241399999999,-77.644496,401.235151,344.0650505,-25.787356000000003,-59.60027199999996,24.236797000000024
-75.54767433333332,648.4165283333333,306.1258023333333,-229.23073599999998,403.096838,151.29566799999998,-77.746563,401.3474585,345.4335395,-25.906532,-59.386348999999996,24.601391000000035
-75.520084,648.3814293333334,306.2278073333334,-229.3620945,402.4948035,152.6332455,-77.8493905,401.46240950000004,346.786975,-26.02538899999999,-59.17251300000004,24.959569999999985
-75.49339300000001,648.344612,306.32894600000003,-229.488763,401.9040495,153.95437149999998,-77.9529495,401.580109,348.124559,-26.143912999999998,-58.958924000000025,25.311357999999984
-75.46761966666668,648.3062156666666,306.4291776666667,-229.61075699999998,401.32476199999996,155.258338,-78.05720500000001,401.700651,349.4455435,-26.262074,-58.74573399999997,25.656789000000003
-75.44277966666665,648.2663753333333,306.52846466666665,-229.728114,400.7570895,156.544503,-78.162114,401.8241195,350.7492345,-26.379824,-58.53308700000002,25.99590699999999
-75.418889,648.2252273333334,306.6267686666667,-229.8408955,400.2011445,157.8122945,-78.267624,401.95059000000003,352.034993,-26.497106000000002,-58.32112000000001,26.328765999999973
-75.39596166666666,648.1829056666667,306.7240533333333,-229.949185,399.65700749999996,159.061211,-78.37367499999999,402.080129,353.302237,-26.61385,-58.109958000000006,26.65542800000003
-75.37401,648.139543,306.8202836666667,-230.0530895,399.124726,160.290823,-78.4801985,402.2127945,354.55044350000003,-26.729979,-57.89971699999995,26.97596900000002
-75.35304633333332,648.0952703333332,306.9154273333333,-230.152735,398.6043185,161.50077199999998,-78.58711550000001,402.3486365,355.77914599999997,-26.845409000000004,-57.69050100000004,27.29047399999996
-75.333082,648.0502163333334,307.0094526666666,-230.24827,398.09577549999995,162.6907725,-78.6943395,402.48769849999996,356.98793850000004,-26.960050999999993,-57.48240500000003,27.599035000000015
-75.314125,648.0045083333333,307.10232933333333,-230.3398595,397.599062,163.86061,-78.8017755,402.63001399999996,358.176474,-27.073814999999996,-57.27551199999999,27.901755999999978
-75.29618466666666,647.958271,307.19403033333333,-230.42768999999998,397.11411999999996,165.01013899999998,-78.9093185,402.775613,359.3444635,-27.18660700000001,-57.06989200000004,28.198751000000016
-75.279267,647.911628,307.28452966666663,-230.51196149999998,396.640869,166.1392835,-79.0168575,402.9245175,360.4916745,-27.29833500000001,-56.86560700000001,28.490139
-75.263378,647.864698,307.373802,-230.5928925,396.179211,167.24803400000002,-79.124273,403.07674299999996,361.61793250000005,-27.408907999999997,-56.662706000000014,28.776049
-75.24852233333333,647.8176003333333,307.46182600000003,-230.6707155,395.7290325,168.336443,-79.231437,403.2322985,362.723117,-27.518237999999997,-56.46123299999999,29.056615999999963
-75.23470133333333,647.7704493333334,307.548581,-230.7456735,395.29020349999996,169.404628,-79.338216,403.3911875,363.8071605,-27.626239999999996,-56.26121699999999,29.331976999999995
-75.221918,647.7233566666667,307.634049,-230.8180255,394.8625835,170.4527595,-79.44447199999999,403.5534065,364.8700465,-27.732829999999993,-56.06268499999999,29.602278999999953
-75.210172,647.6764323333333,307.718214,-230.888036,394.44602050000003,171.481067,-79.550061,403.7189455,365.911807,-27.83793399999999,-55.865651000000014,29.867665999999986
-75.19946233333333,647.6297826666668,307.8010603333333,-230.9559815,394.040357,172.4898265,-79.65483449999999,403.887789,366.9325195,-27.941477000000006,-55.67012799999998,30.128287
-75.18978666666668,647.5835103333334,307.88257633333336,-231.02214400000003,393.645428,173.47936099999998,-79.758643,404.059912,367.9323045,-28.043390000000002,-55.47612600000002,30.384289000000024
-75.18114066666666,647.5377159999999,307.96275166666663,-231.086812,393.2610635,174.450037,-79.861335,404.235285,368.91132400000004,-28.143609999999995,-55.28364800000003,30.635820000000024
-75.17352,647.492496,308.041577,-231.15027650000002,392.88709400000005,175.4022555,-79.9627565,404.413867,369.8697745,-28.242075,-55.09269599999999,30.88302299999998
-75.16691766666666,647.4479436666666,308.1190463333333,-231.2128325,392.5233465,176.33644900000002,-80.062757,404.595611,370.807887,-28.338729999999998,-54.903276000000005,31.126037999999994
-75.16132633333335,647.4041486666666,308.19515399999995,-231.27477399999998,392.169651,177.253079,-80.16118700000001,404.7804605,371.7259225,-28.43352,-54.715390999999954,31.364998999999955
-75.15673633333334,647.3611983333334,308.26989733333335,-231.33639599999998,391.825838,178.152627,-80.2579,404.968347,372.624167,-28.526393999999996,-54.529049999999984,31.600032000000056
-75.15313833333333,647.3191746666666,308.3432746666667,-231.3979905,391.491742,179.0355915,-80.3527545,405.1591925,373.502932,-28.617305,-54.34426300000001,31.831255999999996
-75.15052033333333,647.2781573333333,308.41528666666665,-231.459844,391.167202,179.902483,-80.445614,405.35290699999996,374.36254499999995,-28.706205999999995,-54.161046,32.05878000000001
-75.148869,647.2382213333334,308.48593466666665,-231.522239,390.852062,180.7538155,-80.5363505,405.5493885,375.2033515,-28.793053,-53.979423,32.28270299999997
-75.14817233333333,647.1994396666666,308.55522233333335,-231.58545149999998,390.546173,181.590108,-80.6248425,405.74852050000004,376.025707,-28.87779900000001,-53.799424999999985,32.50311199999999
-75.14841333333334,647.1618793333333,308.62315466666666,-231.6497465,390.249391,182.41187250000002,-80.71097800000001,405.950172,376.829976,-28.960403999999997,-53.621087999999986,32.720083999999986
-75.14957733333334,647.1256050000001,308.6897383333333,-231.71538099999998,389.96158149999997,183.21961299999998,-80.794655,406.15419899999995,377.616528,-29.040822000000006,-53.444458,32.93368200000003
-75.15164700000001,647.090678,308.7549803333333,-231.7826,389.682616,184.0138215,-80.8757835,406.360439,378.3857345,-29.119012999999995,-53.26959199999999,33.143955000000005
-75.15460433333332,647.0571546666666,308.81888933333335,-231.851635,389.412375,184.7949715,-80.9542835,406.5687155,379.13796349999996,-29.194932999999992,-53.09655299999997,33.35094099999998
-75.15843000000001,647.025088,308.88147533333336,-231.922704,389.15074549999997,185.5635135,-81.030088,406.7788325,379.87358,-29.26854200000001,-52.92541699999998,33.55466000000001
-75.16310433333334,646.9945273333333,308.942749,-231.9960085,388.897624,186.319874,-81.10314249999999,406.99057949999997,380.5929415,-29.339794999999995,-52.75626500000004,33.75512500000002
-75.16860733333333,646.9655183333333,309.00272233333334,-232.071735,388.65291449999995,187.06445,-81.173406,407.20372499999996,381.29639299999997,-29.40865199999999,-52.589189999999974,33.95233000000002
-75.174917,646.9381023333334,309.06140766666664,-232.1500505,388.41652899999997,187.797607,-81.24085,407.4180225,381.9842685,-29.475071999999997,-52.42429100000004,34.146258999999986
-75.182012,646.9123176666666,309.1188176666667,-232.231105,388.1883855,188.519674,-81.3054605,407.63320650000003,382.65688550000004,-29.539018999999996,-52.261679000000015,34.336883
-75.18986866666667,646.8881983333333,309.17496666666665,-232.3150265,387.968409,189.230944,-81.36723549999999,407.84899299999995,383.3145465,-29.600453,-52.10146800000001,34.52416099999999
-75.19846466666667,646.865775,309.229868,-232.4019255,387.7565325,189.93167,-81.426187,408.0650835,383.9575345,-29.65934200000001,-51.943779000000006,34.70804099999998
-75.20777633333334,646.845074,309.28353666666663,-232.49188800000002,387.5526935,190.622065,-81.48234049999999,408.281161,384.5861105,-29.71565299999999,-51.78873799999997,34.88846100000001
-75.21777900000001,646.826119,309.335987,-232.58497949999997,387.35683300000005,191.3022985,-81.535733,408.496894,385.20051750000005,-29.769359999999992,-51.636476000000016,35.06535100000002
-75.22844833333333,646.8089289999999,309.387234,-232.681244,387.1689,191.972498,-81.58641349999999,408.7119355,385.800973,-29.820441000000002,-51.48712699999999,35.23863
-75.23976033333334,646.793521,309.4372926666667,-232.7807005,386.98884350000003,192.6327475,-81.634443,408.9259275,386.387674,-29.868877999999995,-51.340823,35.408214000000044
-75.251689,646.779907,309.48617766666666,-232.8833465,386.81661599999995,193.28308750000002,-81.67989299999999,409.13849849999997,386.96079399999996,-29.914660000000012,-51.197699,35.57401199999998
-75.26421,646.7680956666667,309.5339036666667,-232.98915549999998,386.6521725,193.9235165,-81.722846,409.34926900000005,387.520483,-29.957784000000004,-51.057885999999996,35.735928
-75.27729733333334,646.7580933333334,309.5804856666667,-233.098077,386.495468,194.553991,-81.763391,409.5578505,388.0668685,-29.998254000000003,-50.921515,35.893865000000005
-75.29092566666667,646.749902,309.62593733333335,-233.2100385,386.346458,195.17442549999998,-81.801628,409.76385100000005,388.6000565,-30.03608,-50.78870999999998,36.047725000000014
-75.30507066666667,646.743521,309.67027333333334,-233.32494350000002,386.20509649999997,195.7846965,-81.83766399999999,409.96687199999997,389.1201305,-30.071286,-50.65959000000004,36.197407
-75.319706,646.7389456666666,309.7135073333333,-233.44267250000001,386.071334,196.3846415,-81.8716115,410.166518,389.627155,-30.103899000000013,-50.534266,36.342813999999976
-75.33480733333333,646.7361696666667,309.75565166666667,-233.5630835,385.945121,196.974065,-81.903589,410.3623925,390.1211735,-30.133961999999997,-50.41284099999996,36.483852999999954
-75.35034900000001,646.735182,309.7967203333333,-233.686015,385.82640200000003,197.55273649999998,-81.9337195,410.5541055,390.60221249999995,-30.161521000000008,-50.295411,36.620430999999996
-75.36630633333334,646.7359700000001,309.836725,-233.8112805,385.715118,198.120396,-81.9621305,410.741273,391.070282,-30.186639,-50.18205800000004,36.75246199999998
-75.38265533333333,646.7385163333333,309.87567733333333,-233.93867849999998,385.6112025,198.676756,-81.9889505,410.9235225,391.525379,-30.209383000000003,-50.072855000000004,36.87986799999999
-75.399371,646.7428033333334,309.91358933333333,-234.0679835,385.514587,199.22150399999998,-82.01431,411.1004915,391.9674845,-30.229833999999997,-49.96786100000003,37.00257499999998
-75.41643033333334,646.7488083333334,309.950471,-234.198956,385.42519100000004,199.754308,-82.038342,411.2718365,392.396571,-30.248079999999987,-49.86712499999999,37.12052
-75.433809,646.7565066666666,309.986332,-234.33133800000002,385.34293049999997,200.27481699999998,-82.0611775,411.437229,392.8126015,-30.264218999999997,-49.77067999999997,37.23364699999996
-75.45148466666666,646.765872,310.021182,-234.4648565,385.267711,200.782666,-82.0829475,411.596363,393.2155325,-30.278358999999995,-49.67854999999997,37.34190899999999
-75.46943366666666,646.7768736666667,310.05503,-234.5992255,385.199432,201.277479,-82.10378,411.74895449999997,393.60531349999997,-30.290609999999987,-49.59074100000004,37.44527099999999
-75.48763466666666,646.7894806666667,310.08788366666664,-234.734146,385.13798199999997,201.758873,-82.1238015,411.8947455,393.981893,-30.301097,-49.507249,37.543705999999986
-75.506065,646.8036573333334,310.119751,-234.86931,385.08324200000004,202.2264615,-82.1431345,412.033504,394.345217,-30.309943000000004,-49.428057999999965,37.63720000000001
-75.52470466666666,646.819368,310.15063833333335,-235.004399,385.03508350000004,202.679858,-82.16189800000001,412.16502649999995,394.695234,-30.31728199999999,-49.353137000000004,37.72574800000001
-75.543532,646.8365723333333,310.1805523333333,-235.13909,384.9933685,203.1186785,-82.180206,412.2891415,395.03189150000003,-30.323248000000007,-49.282444999999996,37.809357000000034
-75.56252666666667,646.8552296666667,310.20949833333333,-235.2730535,384.95795050000004,203.542548,-82.198166,412.405708,395.3551455,-30.327978,-49.21592999999996,37.88804300000004
-75.58167,646.8752973333334,310.2374816666666,-235.405958,384.9286735,203.9510985,-82.215881,412.5146175,395.6649545,-30.331611999999993,-49.15353099999999,37.96183500000001
-75.60094166666666,646.8967289999999,310.26450700000004,-235.5374705,384.905374,204.3439785,-82.23344700000001,412.6157945,395.96128450000003,-30.334288,-49.09517500000004,38.030771000000016
-75.62032366666666,646.9194776666667,310.29057833333337,-235.667261,384.88787950000005,204.72085099999998,-82.25095400000001,412.70919749999996,396.244111,-30.33614200000001,-49.04078099999998,38.094898
-75.63979833333333,646.943495,310.3156986666666,-235.79500099999998,384.8760085,205.081399,-82.268484,412.7948175,396.513418,-30.337311999999997,-48.99026299999997,38.15427399999999
-75.65934833333334,646.9687296666666,310.339872,-235.920369,384.8695745,205.4253285,-82.286112,412.8726815,396.769201,-30.337925999999996,-48.94352700000002,38.20896800000003
-75.678956,646.9951296666667,310.3631013333333,-236.0430485,384.868383,205.7523695,-82.30390449999999,412.9428465,397.0114655,-30.338115000000002,-48.90047499999997,38.259052999999994
-75.69860566666667,647.0226406666666,310.385388,-236.1627345,384.872233,206.0622775,-82.3219215,413.0054025,397.2402305,-30.337995000000006,-48.86100099999999,38.30461500000001
-75.71828199999999,647.0512076666668,310.4067353333333,-236.2791335,384.88092,206.354841,-82.3402135,413.060471,397.4555255,-30.337683,-48.82499999999999,38.34574500000002
-75.73796933333334,647.0807743333334,310.42714499999994,-236.391963,384.894233,206.6298745,-82.3588235,413.1082025,397.6573955,-30.33728500000001,-48.79236100000003,38.382541
-75.757653,647.1112826666666,310.44661933333333,-236.5009565,384.91195849999997,206.88723,-82.3777875,413.148776,397.8458965,-30.336896999999993,-48.76297599999998,38.41510899999997
-75.77731966666666,647.1426726666667,310.4651596666667,-236.6058645,384.93388000000004,207.1267895,-82.3971325,413.18239700000004,398.02109900000005,-30.336611000000005,-48.73673200000002,38.44355999999999
-75.79695533333334,647.1748853333332,310.4827686666667,-236.7064545,384.959779,207.348474,-82.4168775,413.209295,398.1830875,-30.336505000000002,-48.71351600000003,38.46800900000005
-75.81654766666666,647.2078596666666,310.499448,-236.8025135,384.9894355,207.5522375,-82.43703500000001,413.2297215,398.331959,-30.336650000000006,-48.693220999999994,38.48857800000002
-75.83608333333332,647.241533,310.51519966666666,-236.89385099999998,385.0226305,207.7380725,-82.45760949999999,413.2439475,398.467824,-30.337103,-48.67573500000003,38.505394000000024
-75.85555166666667,647.2758433333332,310.5300266666667,-236.9802955,385.059144,207.90600849999998,-82.478598,413.2522645,398.59080700000004,-30.337918000000002,-48.66095100000001,38.51858199999998
-75.87494033333333,647.3107269999999,310.54393166666665,-237.06169949999997,385.09875999999997,208.05611249999998,-82.499993,413.254975,398.701045,-30.339132000000006,-48.64876600000002,38.528276000000005
-75.894239,647.3461206666666,310.556918,-237.13794,385.141263,208.188488,-82.52177900000001,413.25239650000003,398.79868650000003,-30.340773999999996,-48.63907499999999,38.534610999999984
-75.91343699999999,647.38196,310.5689886666667,-237.2089165,385.186441,208.3032775,-82.54393400000001,413.24485549999997,398.883894,-30.342864000000006,-48.63178099999999,38.53772200000003
-75.932525,647.41818,310.580148,-237.27455350000002,385.23408700000005,208.40065950000002,-82.5664335,413.232686,398.9568405,-30.345413000000008,-48.62678600000004,38.53774499999997
-75.95149300000001,647.4547153333333,310.5904013333333,-237.334802,385.283998,208.48084749999998,-82.5892475,413.2162265,399.0177125,-30.348421000000002,-48.623999000000026,38.53482100000002
-75.970332,647.4915016666667,310.5997526666667,-237.3896355,385.3359775,208.544092,-82.6123405,413.19581900000003,399.0667055,-30.351878999999997,-48.62332999999995,38.529089
-75.989034,647.5284733333333,310.60820900000004,-237.4390535,385.389833,208.590678,-82.635675,413.1718025,399.10402799999997,-30.355772,-48.624694999999974,38.52068800000001
-76.00759000000001,647.5655643333334,310.6157763333334,-237.4830805,385.445381,208.6209205,-82.6592115,413.144516,399.12989749999997,-30.360074999999995,-48.62801000000002,38.509754999999984
-76.025993,647.60271,310.62246166666665,-237.52176400000002,385.502444,208.63517000000002,-82.682907,413.114291,399.1445425,-30.364756,-48.63319799999999,38.496429000000035
-76.04423566666667,647.6398439999999,310.62827266666665,-237.5551765,385.5608515,208.6338055,-82.706717,413.0814535,399.1482015,-30.369777999999997,-48.64018299999998,38.48084699999998
-76.06230966666668,647.6769016666667,310.63321933333333,-237.583412,385.62044149999997,208.617234,-82.7305975,413.0463195,399.141122,-30.375099000000006,-48.64889299999999,38.463144
-76.08021000000001,647.7138186666666,310.63731,-237.60658800000002,385.6810605,208.5858905,-82.754503,413.009194,399.123561,-30.38066599999999,-48.65926200000001,38.44345199999998
-76.09792933333334,647.7505283333334,310.64055533333334,-237.624841,385.742562,208.5402355,-82.77839,412.97036949999995,399.095785,-30.386427999999995,-48.671223,38.42190199999999
-76.11546233333333,647.7869676666666,310.6429663333333,-237.6383275,385.80480950000003,208.480751,-82.80221449999999,412.9301225,399.05806900000005,-30.39232700000001,-48.68471299999999,38.39862199999999
-76.13280266666666,647.823072,310.644555,-237.6472245,385.86767299999997,208.4079415,-82.825936,412.8887165,399.010696,-30.398302,-48.69967300000002,38.373738
-76.14994533333332,647.8587773333333,310.6453343333333,-237.6517245,385.9310335,208.32233050000002,-82.8495135,412.846396,398.9539575,-30.404289000000006,-48.71604599999995,38.34736899999996
-76.16688533333333,647.8940216666666,310.64531733333337,-237.652036,385.9947765,208.224458,-82.8729115,412.80338800000004,398.88815350000004,-30.410224999999997,-48.73377599999998,38.319635000000005
-76.183618,647.9287416666667,310.64451866666667,-237.6483815,386.05879849999997,208.114878,-82.896095,412.759901,398.813591,-30.416042000000004,-48.75281000000001,38.29064999999997
-76.20013833333333,647.962876,310.642953,-237.64099599999997,386.123003,207.99416,-82.91903500000001,412.716125,398.730584,-30.42167400000001,-48.773098000000005,38.26052199999998
-76.21644266666668,647.9963633333333,310.64063633333336,-237.630126,386.1873005,207.86288050000002,-82.941705,412.6722295,398.6394545,-30.427054,-48.794588999999974,38.22935700000005
-76.23252666666667,648.0291436666666,310.63758533333333,-237.61602600000003,386.25161,207.7216265,-82.96408149999999,412.62836400000003,398.540529,-30.43211699999999,-48.81723600000004,38.19725600000004
-76.248387,648.0611583333333,310.63381766666663,-237.5989595,386.3158545,207.57099,-82.98614749999999,412.5846585,398.4341435,-30.436797,-48.84099100000003,38.16431499999999
-76.26402,648.092348,310.629351,-237.5791955,386.3799665,207.411567,-83.00788800000001,412.541224,398.3206365,-30.441031999999993,-48.865808000000015,38.130627000000004
-76.27942300000001,648.1226566666667,310.6242033333333,-237.557005,386.443882,207.2439555,-83.0292955,412.498151,398.2003525,-30.444762999999995,-48.89164199999999,38.096276999999986
-76.29459233333334,648.1520276666666,310.618395,-237.532665,386.5075435,207.0687515,-83.0503635,412.4555105,398.0736415,-30.447930999999997,-48.918447000000015,38.06134700000001
-76.30952633333334,648.1804070000001,310.61194466666666,-237.50645100000003,386.5708985,206.88655,-83.07109299999999,412.413357,397.9408555,-30.450484000000003,-48.946177999999975,38.025915
-76.32422166666667,648.207741,310.60487366666666,-237.4786365,386.6338985,206.69793950000002,-83.0914875,412.37172499999997,397.8023505,-30.452372999999994,-48.974792000000036,37.99005299999999
-76.338677,648.2339773333333,310.59720166666665,-237.44949549999998,386.696498,206.503502,-83.111554,412.3306325,397.6584855,-30.453552000000002,-49.004241000000036,37.95382699999999
-76.35289066666667,648.2590666666666,310.5889506666667,-237.4192955,386.7586575,206.303811,-83.13130699999999,412.290082,397.5096195,-30.453979999999987,-49.03448199999997,37.91730100000001
-76.36686099999999,648.2829593333332,310.5801413333333,-237.38829950000002,386.8203375,206.099428,-83.15076049999999,412.2500585,397.356113,-30.453625000000002,-49.06546900000001,37.88053400000001
-76.380587,648.305608,310.5707953333333,-237.356764,386.8815035,205.890902,-83.16993500000001,412.210535,397.198324,-30.452452000000008,-49.09715600000004,37.843575999999985
-76.39406766666667,648.3269676666667,310.56093500000003,-237.3249355,386.942121,205.678767,-83.1888525,412.171469,397.036611,-30.450440999999998,-49.12949800000001,37.806479999999965
-76.40730233333333,648.3469933333332,310.55058133333335,-237.2930525,387.00216,205.46354050000002,-83.207539,412.1328065,396.8713285,-30.447572000000008,-49.162446999999986,37.76928699999996
-76.42029166666667,648.3656443333333,310.5397576666667,-237.2613435,387.061589,205.24572,-83.226021,412.09448150000003,396.7028265,-30.443830000000005,-49.195956999999964,37.73203699999999
-76.43303466666667,648.3828796666667,310.528485,-237.23002449999998,387.12038,205.02578549999998,-83.24433,412.05641849999995,396.53145,-30.439210000000003,-49.22998100000001,37.69476599999996
-76.44553366666666,648.3986616666666,310.5167853333333,-237.199298,387.178504,204.8041935,-83.2624965,412.018531,396.35753750000003,-30.433708999999993,-49.264471999999955,37.65750499999996
-76.45778833333333,648.4129536666668,310.50467999999995,-237.1693545,387.23593400000004,204.581376,-83.2805545,411.9807255,396.1814185,-30.427329,-49.29938500000003,37.62027899999998
-76.46980066666667,648.4257213333334,310.4921903333333,-237.14037050000002,387.292643,204.357742,-83.29853650000001,411.942899,396.00341449999996,-30.420079,-49.33467400000001,37.58310899999998
-76.48157233333333,648.4369326666666,310.4793376666667,-237.112506,387.3486055,204.13367399999998,-83.31647699999999,411.904944,395.8238335,-30.411974,-49.37029600000005,37.546010999999964
-76.49310633333333,648.446558,310.4661423333333,-237.0859075,387.4037945,203.909526,-83.3344115,411.8667465,395.642974,-30.403029000000004,-49.40620900000005,37.50899799999996
-76.50440466666667,648.454569,310.45262499999995,-237.06070499999998,387.4581845,203.68562450000002,-83.3523735,411.8281865,395.461119,-30.39326700000001,-49.44237099999998,37.47207400000002
-76.51547133333334,648.4609403333334,310.4388036666667,-237.0370115,387.5117505,203.462264,-83.370397,411.7891395,395.27853600000003,-30.382713999999993,-49.478747,37.435239999999965
-76.52630933333333,648.4656486666667,310.4246983333333,-237.0149255,387.56446800000003,203.2397115,-83.388514,411.7494785,395.0954775,-30.371396000000004,-49.51530300000002,37.39849099999998
-76.53692366666667,648.468673,310.410327,-236.9945275,387.616312,203.01819849999998,-83.406757,411.7090735,394.912176,-30.359343999999993,-49.552009,37.361815999999976
-76.54731966666667,648.4699946666666,310.3957063333333,-236.975883,387.6672605,202.79792650000002,-83.42515549999999,411.66778899999997,394.728845,-30.346591000000004,-49.58883999999995,37.325198
-76.55750166666667,648.469597,310.38085333333333,-236.9590385,387.7172905,202.5790625,-83.443739,411.62548949999996,394.54567899999995,-30.33317000000001,-49.62577700000003,37.288612
-76.567476,648.467467,310.36578233333336,-236.9440275,387.766381,202.36174,-83.4625335,411.58203749999996,394.3628485,-30.319114999999996,-49.66280699999999,37.252027
-76.57724966666666,648.4635926666667,310.3505096666667,-236.93086499999998,387.81451300000003,202.146059,-83.48156399999999,411.537292,394.180503,-30.30445999999999,-49.69991999999996,37.21540600000003
-76.58682966666666,648.4579650000001,310.335047,-236.9195515,387.8616685,201.93208349999998,-83.50085200000001,411.491111,393.9987665,-30.289237999999997,-49.737120000000004,37.178702999999985
-76.59622333333333,648.450578,310.31940733333334,-236.91007150000002,387.907833,201.719844,-83.520418,411.443351,393.81773899999996,-30.273479999999992,-49.77441399999998,37.14186599999999
-76.60543933333334,648.4414283333334,310.303602,-236.902396,387.952994,201.50933500000002,-83.5402795,411.393865,393.637495,-30.257218999999992,-49.81181800000002,37.10483399999998
-76.61448633333333,648.4305146666667,310.28764099999995,-236.896479,387.9971415,201.300518,-83.5604505,411.3425065,393.4580815,-30.240481000000003,-49.849357,37.067537000000016
-76.623375,648.417838,310.27153266666664,-236.8922635,388.0402695,201.0933185,-83.580945,411.2891255,393.279521,-30.223291999999987,-49.88706500000001,37.0299
-76.632114,648.4034030000001,310.2552846666667,-236.8896785,388.0823755,200.8876305,-83.60177049999999,411.23357,393.101806,-30.205675,-49.92498599999999,36.991836000000035
-76.640715,648.3872166666666,310.238903,-236.888641,388.123462,200.683312,-83.622935,411.1756845,392.92490399999997,-30.18764999999999,-49.96317299999998,36.95325399999996
-76.64918933333333,648.3692890000001,310.2223933333333,-236.8890565,388.16353449999997,200.48019,-83.6444435,411.11531149999996,392.7487535,-30.16923100000001,-50.001687000000004,36.91405100000003
-76.65754833333334,648.3496309999999,310.20575866666667,-236.89081900000002,388.202605,200.27805949999998,-83.66629499999999,411.0522905,392.573266,-30.15043200000001,-50.04060099999998,36.87411800000001
-76.66580533333332,648.328259,310.18900099999996,-236.8938145,388.2406915,200.076685,-83.6884905,410.98645650000003,392.398326,-30.131260999999995,-50.079995,36.833338000000026
-76.67397366666667,648.3051906666667,310.17212133333334,-236.897919,388.2778155,199.875801,-83.711025,410.9176415,392.22379,-30.111723999999995,-50.11996099999999,36.791585999999995
-76.68206666666667,648.2804463333333,310.155119,-236.90300150000002,388.3140065,199.675115,-83.733892,410.84567100000004,392.049489,-30.091822000000008,-50.160596,36.74873000000002
-76.69009866666667,648.2540493333332,310.13799266666666,-236.90892350000001,388.3493005,199.4743065,-83.757082,410.7703695,391.875229,-30.071556,-50.20200699999998,36.70463000000001
-76.69808466666666,648.226025,310.1207376666667,-236.91554250000002,388.38374,199.273031,-83.780584,410.691551,391.700791,-30.050920000000005,-50.244308000000046,36.65914200000003
-76.70603966666665,648.1964036666667,310.1033503333333,-236.922709,388.41737450000005,199.070921,-83.8043825,410.6090275,391.525931,-30.029909000000004,-50.28761900000001,36.61211400000002
-76.71398033333334,648.1652153333333,310.0858243333333,-236.9302725,388.4502615,198.86758700000001,-83.8284615,410.5226045,391.35038299999997,-30.008515000000003,-50.33206700000005,36.563387999999975
-76.721922,648.1324940000001,310.068152,-236.93807850000002,388.4824665,198.6626205,-83.8528005,410.4320785,391.17386,-29.986727000000002,-50.37778300000002,36.51280600000001
-76.72988233333334,648.0982779999999,310.050324,-236.945972,388.51406199999997,198.45559550000002,-83.877378,410.337242,390.9960535,-29.964535999999995,-50.42490399999997,36.46019899999999
-76.73787833333334,648.0626056666666,310.03233133333333,-236.953797,388.5451295,198.246071,-83.90216899999999,410.237877,390.8166375,-29.94193,-50.47356599999995,36.40540099999998
-76.74592766666666,648.0255193333334,310.014162,-236.9614,388.5757595,198.0335945,-83.927146,410.133761,390.6352675,-29.918898,-50.523911999999996,36.348239000000035
-76.754048,647.987063,309.9958026666667,-236.968628,388.60604850000004,197.817701,-83.952279,410.0246605,390.451585,-29.895430000000005,-50.57608099999999,36.288539999999955
-76.76225766666667,647.9472846666666,309.97724066666666,-236.9753325,388.6361035,197.5979185,-83.9775365,409.91033500000003,390.2652165,-29.871514999999988,-50.63021599999996,36.226129000000014
-76.77057533333333,647.9062326666667,309.95845899999995,-236.981369,388.66604,197.373769,-84.002883,409.79053650000003,390.07577549999996,-29.847145999999995,-50.68645499999997,36.16083299999997
-76.77902066666667,647.8639593333334,309.9394436666667,-236.986597,388.69598,197.1447715,-84.0282805,409.66500599999995,389.8828665,-29.822319000000007,-50.744935999999996,36.09247499999998
-76.78761166666665,647.820519,309.9201763333333,-236.9908835,388.72605699999997,196.9104425,-84.05368999999999,409.5334775,389.6860835,-29.797027999999997,-50.80579499999999,36.02088100000003
-76.79636799999999,647.7759673333334,309.90063833333335,-236.9941035,388.75640899999996,196.6703015,-84.0790685,409.395675,389.485014,-29.771272999999994,-50.86916000000002,35.94587999999999
-76.80530900000001,647.7303633333332,309.880811,-236.996138,388.78718549999996,196.42387050000002,-84.1043705,409.251315,389.2792395,-29.745058999999998,-50.935158,35.867301
-76.81445466666666,647.6837673333333,309.8606743333333,-236.99687799999998,388.818542,196.1706765,-84.1295485,409.100104,389.06833900000004,-29.718389000000002,-51.00390600000003,35.78497799999997
-76.823823,647.6362419999999,309.84020733333335,-236.9962245,388.850642,195.9102565,-84.15455299999999,408.9417405,388.8518875,-29.691274000000007,-51.07551699999999,35.69874299999998
-76.83343533333333,647.5878516666667,309.8193886666666,-236.99408849999998,388.88365699999997,195.642155,-84.1793315,408.775916,388.629461,-29.663726999999994,-51.15009599999996,35.60843799999998
-76.84330966666668,647.5386626666667,309.7981956666667,-236.990391,388.917765,195.365929,-84.203829,408.60231250000004,388.40063399999997,-29.635763999999995,-51.22774099999998,35.51390399999997
-76.85346600000001,647.4887433333333,309.7766056666667,-236.98506700000002,388.95315100000005,195.08114849999998,-84.22799,408.420606,388.164987,-29.607408000000007,-51.308539999999994,35.41498999999999
-76.86392366666666,647.4381623333333,309.7545956666667,-236.97806000000003,388.99000650000005,194.7874,-84.2517555,408.23046450000004,387.9220995,-29.578678999999994,-51.39257500000002,35.31154700000002
-76.87470133333333,647.3869913333334,309.73214233333334,-236.96932850000002,389.0285295,194.484285,-84.27506500000001,408.0315515,387.6715605,-29.549605999999997,-51.479917,35.20343100000002
-76.885818,647.3353036666666,309.70922133333335,-236.9588415,389.0689225,194.1714235,-84.29785749999999,407.82352549999996,387.4129615,-29.520216999999988,-51.570629,35.09050300000001
-76.89729166666666,647.2831729999999,309.685809,-236.94658099999998,389.11139449999996,193.848455,-84.3200705,407.6060385,387.14590350000003,-29.490546999999992,-51.66476499999999,34.972627000000045
-76.90914133333332,647.2306743333334,309.66188066666666,-236.932542,389.156157,193.5150395,-84.3416395,407.37874,386.86999449999996,-29.46062900000001,-51.76237000000003,34.84967499999999
-76.92138366666667,647.1778850000001,309.63741166666665,-236.9167315,389.20342800000003,193.1708565,-84.36250150000001,407.1412775,386.58485199999996,-29.43049699999999,-51.86348099999998,34.72152
-76.93403699999999,647.1248820000001,309.612379,-236.899168,389.25342850000004,192.815609,-84.382591,406.893297,386.2901045,-29.400192000000004,-51.968125999999984,34.58803899999998
-76.94711833333334,647.071744,309.5867576666667,-236.8798835,389.3063815,192.44902150000001,-84.40184450000001,406.634444,385.9853885,-29.369750999999994,-52.076324,34.449115000000006
-76.96064299999999,647.0185506666667,309.5605243333333,-236.85892,389.3625135,192.07084300000002,-84.4201975,406.36436349999997,385.67035450000003,-29.339211000000006,-52.18808900000005,34.30463100000003
-76.97462766666666,646.9653823333333,309.53365533333334,-236.83633099999997,389.4220515,191.68084399999998,-84.437589,406.08270400000004,385.3446645,-29.308611999999997,-52.30342200000001,34.154476999999986
-76.98908733333333,646.9123206666667,309.50612700000005,-236.8121805,389.48522649999995,191.2788205,-84.453956,405.789116,385.0079915,-29.277990000000003,-52.422324,33.99854300000004
-77.00403633333333,646.859446,309.47791766666666,-236.786543,389.55226749999997,190.86459050000002,-84.4692395,405.48325450000004,384.660023,-29.24738099999999,-52.54478499999999,33.83671999999996
-77.01948933333334,646.8068403333333,309.44900433333333,-236.7595005,389.62340500000005,190.437996,-84.483383,405.1647795,384.300459,-29.216818000000004,-52.67078900000001,33.668902
-77.035459,646.7545873333333,309.41936566666664,-236.73114549999997,389.698869,189.99890299999998,-84.4963325,404.833357,383.9290125,-29.186333000000005,-52.800318000000004,33.49498100000005
-77.05195733333333,646.7027673333333,309.388981,-236.7015765,389.7788875,189.5472,-84.508036,404.48865950000004,383.5454105,-29.155952,-52.93334299999998,33.31485299999997
-77.06899733333333,646.6514643333334,309.3578293333333,-236.67090000000002,389.86368749999997,189.0828,-84.51844700000001,404.13036999999997,383.14939400000003,-29.125702000000004,-53.06983599999995,33.12841199999997
-77.08658833333334,646.6007596666667,309.3258926666667,-236.639227,389.953494,188.605636,-84.52752100000001,403.7581765,382.740718,-29.095602,-53.209761000000015,32.93554999999998
-77.10474166666667,646.5507356666667,309.29315066666663,-236.606674,390.0485285,188.115665,-84.53522000000001,403.371779,382.3191505,-29.065668000000002,-53.35308199999997,32.73615699999999
-77.12346566666668,646.501474,309.259587,-236.57336250000003,390.14900950000003,187.612866,-84.541509,402.97088699999995,381.8844745,-29.035911999999996,-53.499753999999996,32.530123
-77.142769,646.4530553333334,309.2251836666667,-236.5394155,390.2551515,187.097238,-84.5463595,402.55521899999997,381.4364845,-29.00633900000001,-53.649734000000024,32.31733299999996
-77.162659,646.4055603333333,309.18992533333335,-236.50495899999999,390.367164,186.5687995,-84.5497475,402.124506,380.974991,-28.976951,-53.802974000000006,32.09767199999999
-77.18314233333332,646.3590690000001,309.153796,-236.4701195,390.4852525,186.02759200000003,-84.551654,401.678488,380.499817,-28.947744,-53.95942200000002,31.871017999999992
-77.204224,646.3136593333334,309.116783,-236.4350245,390.60961699999996,185.47367200000002,-84.55206749999999,401.21691699999997,380.0107975,-28.918708999999993,-54.119024000000024,31.637248999999997
-77.22590866666667,646.2694096666665,309.0788723333333,-236.399801,390.7404515,184.907117,-84.55098000000001,400.739554,379.50778049999997,-28.889830000000003,-54.28172600000005,31.396236999999985
-77.24820033333333,646.2263956666667,309.04005166666667,-236.364573,390.877943,184.328022,-84.5483925,400.2461715,378.99062649999996,-28.861089000000007,-54.44746699999996,31.147849000000008
-77.271101,646.1846926666667,309.00031033333335,-236.32946299999998,391.022273,183.73649849999998,-84.54431,399.73655199999996,378.459208,-28.832459999999998,-54.61618600000003,30.891952000000003
-77.294612,646.1443736666666,308.9596383333333,-236.29458999999997,391.173616,183.132674,-84.53874300000001,399.210486,377.9134075,-28.803914000000006,-54.78781600000002,30.628405000000043
-77.31873466666667,646.1055116666668,308.918027,-236.26007,391.33213850000004,182.51669099999998,-84.531711,398.667774,377.3531185,-28.775418000000002,-54.962289999999996,30.35706300000004
-77.34346799999999,646.0681766666667,308.87546733333335,-236.2260125,391.4980005,181.888708,-84.523236,398.108224,376.778244,-28.746933999999996,-55.13953600000002,30.07778400000001
-77.36881133333334,646.0324363333333,308.83195266666667,-236.192523,391.6713535,181.2488965,-84.5133495,397.5316515,376.18869700000005,-28.718420999999992,-55.319477000000006,29.790414
-77.39476066666667,645.998357,308.787478,-236.159701,391.8523425,180.5974395,-84.50208549999999,396.9378805,375.58439799999996,-28.689836999999997,-55.50203099999999,29.494803999999988
-77.42131433333334,645.9660036666668,308.742037,-236.127638,392.0411025,179.93453399999999,-84.489487,396.326739,374.965273,-28.661136,-55.68711200000001,29.19079800000003
-77.44846666666666,645.9354376666666,308.69562633333334,-236.096421,392.23776250000003,179.2603875,-84.4756,395.698062,374.3312575,-28.632270000000005,-55.87462800000003,28.878241000000003
-77.47621266666667,645.9067183333333,308.64824300000004,-236.0661265,392.4424415,178.575218,-84.460478,395.05169,373.68229099999996,-28.603191999999993,-56.06448,28.556978000000015
-77.504546,645.8799026666667,308.59988433333336,-236.036826,392.65525149999996,177.8792525,-84.444178,394.3874675,373.01831549999997,-28.573853999999997,-56.25656300000003,28.226850999999954
-77.53345933333333,645.8550453333334,308.5505493333333,-236.008582,392.876295,177.1727265,-84.42676349999999,393.705245,372.3392795,-28.544211000000004,-56.450762,27.887707000000034
-77.562945,645.8321970000001,308.5002376666667,-235.981448,393.1056675,176.455883,-84.408303,393.0048755,371.64513,-28.514216000000005,-56.64695899999998,27.53939200000002
-77.59299299999999,645.811407,308.4489496666667,-235.9554695,393.3434555,175.728973,-84.3888695,392.28621899999996,370.93581800000004,-28.483824999999996,-56.84502200000003,27.181758000000002
-77.62359433333334,645.7927196666667,308.39668566666666,-235.93068449999998,393.58973649999996,174.9922505,-84.36854,391.54913899999997,370.211292,-28.452997999999994,-57.044812000000036,26.814656000000014
-77.65473766666666,645.7761780000001,308.3434486666667,-235.90712200000002,393.8445815,174.24597649999998,-84.347397,390.7935035,369.4715,-28.421695999999997,-57.24618099999998,26.437948000000006
-77.68641133333334,645.76182,308.28924033333334,-235.88480149999998,394.10805300000004,173.49041599999998,-84.325526,390.01918850000004,368.7163855,-28.389888,-57.44897099999997,26.05149700000004
-77.71860366666667,645.7496809999999,308.2340643333334,-235.863735,394.3802045,172.725834,-84.30301750000001,389.226075,367.945891,-28.357543000000007,-57.65301199999999,25.655175999999983
-77.75130066666667,645.7397936666667,308.1779246666667,-235.843928,394.66108299999996,171.95250099999998,-84.279966,388.41405299999997,367.159952,-28.324635999999998,-57.85812600000003,25.248861999999974
-77.78448933333333,645.732185,308.1208246666667,-235.8253755,394.95072600000003,171.1706865,-84.25646800000001,387.58302,366.3584965,-28.291150000000002,-58.06412399999999,24.832445000000007
-77.81815399999999,645.7268789999999,308.0627696666667,-235.808066,395.2491655,170.3806605,-84.232625,386.732885,365.54144799999995,-28.257068000000004,-58.270804,24.405822
-77.852281,645.7238963333333,308.003765,-235.79198000000002,395.5564245,169.582693,-84.2085395,385.863568,364.70871850000003,-28.222385000000003,-58.477958,23.968901000000017
-77.88685399999999,645.7232533333332,307.9438166666667,-235.77709199999998,395.872519,168.77705150000003,-84.184318,384.97500149999996,363.8602135,-28.187095999999997,-58.685361,23.52159899999998
-77.92185666666666,645.724961,307.88293000000004,-235.763369,396.197458,167.9640025,-84.1600675,384.0671345,362.9958245,-28.151205000000004,-58.892785,23.063846999999953
-77.95727233333334,645.7290283333333,307.82111133333336,-235.750771,396.53124349999996,167.143808,-84.135899,383.1399305,362.115436,-28.114722,-59.099988999999994,22.59558800000002
-77.993084,645.7354580000001,307.75836833333335,-235.739254,396.8738695,166.316728,-84.1119235,382.1933725,361.2189165,-28.077661000000006,-59.306723000000034,22.116777000000013
-78.02927366666667,645.7442486666667,307.6947073333333,-235.728766,397.2253245,165.48301700000002,-84.0882515,381.227462,360.3061255,-28.040042999999997,-59.51272600000004,21.627381000000014
-78.065824,645.7553956666667,307.6301353333333,-235.71925149999998,397.585589,164.6429255,-84.06499600000001,380.24222199999997,359.3769065,-28.001894000000007,-59.71773400000001,21.127385000000004
-78.10271633333333,645.768889,307.56466033333334,-235.7106485,397.9546375,163.796698,-84.042269,379.2376985,358.4310905,-27.963245999999998,-59.921471,20.616781000000003
-78.13993233333333,645.7847136666667,307.49828966666666,-235.702892,398.33243749999997,162.944574,-84.02018000000001,378.2139605,357.46849599999996,-27.924133999999995,-60.123654999999985,20.095583999999974
-78.17745333333333,645.8028503333334,307.43103133333335,-235.695911,398.71894999999995,162.086786,-83.9988405,377.171104,356.488926,-27.884601000000004,-60.32400000000001,19.56381399999998
-78.21526,645.8232753333334,307.362893,-235.6896315,399.1141295,161.22356050000002,-83.97835699999999,376.109248,355.4921705,-27.84469,-60.522212000000025,19.021513000000027
-78.25333433333334,645.8459606666667,307.293883,-235.6839745,399.517923,160.355118,-83.958835,375.0285415,354.47800700000005,-27.804454000000007,-60.71799299999998,18.468733999999984
-78.29165666666667,645.8708723333333,307.224009,-235.67885950000002,399.930273,159.4816705,-83.9403775,373.92915849999997,353.446197,-27.763945000000007,-60.91104100000001,17.905546000000015
-78.33020866666668,645.8979720000001,307.15328,-235.67419999999998,400.3511125,158.60342500000002,-83.923082,372.8113015,352.39649299999996,-27.72321799999999,-61.10105299999998,17.33203199999997
-78.36897066666667,645.9272176666667,307.08170366666667,-235.66990800000002,400.7803705,157.72057999999998,-83.90704450000001,371.675201,351.328633,-27.682337000000004,-61.287717999999984,16.748289999999997
-78.407924,645.9585616666667,307.0092883333333,-235.6658905,401.217967,156.833327,-83.89235450000001,370.521114,350.242344,-27.641361000000003,-61.47072800000001,16.154432000000043
-78.447051,645.9919513333333,306.9360423333333,-235.6620545,401.66381650000005,155.94185149999998,-83.879098,369.349326,349.137346,-27.600356000000005,-61.649771999999984,15.550584000000015
-78.48633199999999,646.0273296666667,306.8619736666667,-235.6583005,402.11782700000003,155.046332,-83.8673555,368.160147,348.01334599999996,-27.559388999999996,-61.82453799999996,14.93688800000001
-78.52575066666667,646.0646350000001,306.7870906666667,-235.6545275,402.5798975,154.1469385,-83.857203,366.9539155,346.870046,-27.518528000000003,-61.99471299999999,14.313495999999986
-78.56528766666666,646.1038016666666,306.711401,-235.6506325,403.0499205,153.2438365,-83.84871000000001,365.730991,345.707142,-27.477841999999995,-62.159986,13.680578000000025
-78.60492633333332,646.1447576666667,306.6349133333333,-235.64650799999998,403.527782,152.33718449999998,-83.84194149999999,364.4917595,344.5243235,-27.43740100000001,-62.32004500000005,13.038315000000011
-78.64464966666667,646.1874283333333,306.55763533333334,-235.642045,404.0133595,151.4271345,-83.8369565,363.23662750000005,343.32128,-27.397275000000008,-62.474581,12.386897999999974
-78.68444166666667,646.2317336666666,306.47957433333335,-235.63712999999998,404.506523,150.513834,-83.8338085,361.9660225,342.0976975,-27.357535,-62.623287000000005,11.726537000000008
-78.72428566666667,646.2775893333334,306.4007393333333,-235.63164899999998,405.007133,149.597424,-83.83254600000001,360.680391,340.8532635,-27.318247999999997,-62.765855999999985,11.057446999999968
-78.76416666666667,646.324907,306.3211366666667,-235.62548400000003,405.515044,148.678041,-83.833213,359.3801965,339.5876685,-27.27948599999999,-62.90198499999997,10.379861000000005
-78.80407066666668,646.373593,306.24077466666665,-235.6185155,406.0300995,147.755816,-83.8358475,358.0659185,338.30060649999996,-27.241315,-63.031375000000025,9.694016999999974
-78.843983,646.4235516666666,306.15966099999997,-235.61062249999998,406.55213649999996,146.830877,-83.840484,356.7380515,336.9917795,-27.203801999999996,-63.15373099999999,9.000167000000033
-78.88389000000001,646.4746816666666,306.077803,-235.60168099999999,407.0809805,145.903348,-83.8471545,355.39710149999996,335.660895,-27.167011000000002,-63.268760999999984,8.298573999999974
-78.92377933333334,646.5268783333333,305.995209,-235.5915665,407.616449,144.9733485,-83.855885,354.0435865,334.307673,-27.13100399999999,-63.37617899999998,7.589509999999962
-78.96364,646.5800330000001,305.911885,-235.580154,408.15835,144.040996,-83.86670050000001,352.678033,332.9318455,-27.095842999999988,-63.47570200000001,6.873254999999972
-79.003459,646.6340353333334,305.8278403333333,-235.567317,408.70648,143.1064055,-83.879622,351.3009775,331.53315499999997,-27.061586000000005,-63.56705899999997,6.150100000000009
-79.043228,646.6887683333334,305.7430813333333,-235.552931,409.260627,142.1696885,-83.89467,349.9129615,330.111362,-27.02829,-63.649981000000025,5.420344
-79.08293633333334,646.744115,305.657617,-235.53687050000002,409.8205675,141.2309565,-83.911862,348.514534,328.6662435,-26.99600799999999,-63.72420800000003,4.68429500000002
-79.12257566666666,646.7999530000001,305.57145433333335,-235.519013,410.38606749999997,140.290319,-83.93121500000001,347.1062485,327.1975925,-26.964793999999998,-63.789491,3.9422670000000153
-79.16213833333335,646.8561586666666,305.484602,-235.4992385,410.956882,139.347884,-83.9527465,345.688663,325.7052235,-26.934697,-63.845587999999964,3.1945870000000127
-79.20161733333333,646.912604,305.397068,-235.47743049999997,411.532756,138.40376,-83.976471,344.262338,324.18896900000004,-26.905766,-63.89226599999995,2.4415839999999776
-79.24100700000001,646.9691603333333,305.3088603333333,-235.45347450000003,412.113421,137.458055,-84.002405,342.8278375,322.6486855,-26.87805,-63.92930899999999,1.6835989999999583
-79.280301,647.0256956666667,305.21998866666667,-235.427265,412.698599,136.510877,-84.0305645,341.38572899999997,321.0842485,-26.851595000000003,-63.95650800000004,0.9209789999999884
-79.31949666666667,647.082076,305.130461,-235.3986985,413.288002,135.56233600000002,-84.060966,339.9365785,319.49555699999996,-26.826448,-63.97366899999997,0.1540799999999649
-79.358589,647.1381659999998,305.04028700000003,-235.3676825,413.8813275,134.6125415,-84.093625,338.480957,317.8825345,-26.802656,-63.980614,-0.6167350000000056
-79.39757633333333,647.193828,304.949476,-235.33412950000002,414.4782645,133.6616055,-84.128559,337.0194355,316.245126,-26.780267999999992,-63.97717499999999,-1.3910940000000096
-79.43645666666667,647.2489233333333,304.85803833333335,-235.29796299999998,415.07848950000005,132.709642,-84.1657845,335.5525865,314.5832995,-26.759334999999993,-63.96320700000001,-2.168619000000035
-79.47522866666667,647.3033113333332,304.76598333333334,-235.259115,415.6816695,131.7567675,-84.205319,334.0809825,312.89704700000004,-26.739908,-63.938575000000014,-2.948917999999992
-79.513892,647.356852,304.6733226666666,-235.2175295,416.28746049999995,130.8031005,-84.24718,332.605198,311.186383,-26.722046000000006,-63.903166,-3.7315960000000246
-79.552448,647.409404,304.58006666666665,-235.1731615,416.89550799999995,129.8487635,-84.291383,331.1258085,309.451345,-26.70581,-63.85688300000004,-4.516244000000029
-79.590897,647.4608246666667,304.48622700000004,-235.125978,417.505449,128.89388200000002,-84.3379435,329.6433865,307.69199249999997,-26.691266999999996,-63.79964899999999,-5.302448999999967
-79.62924133333333,647.510972,304.391816,-235.07595949999998,418.1169095,127.93858549999999,-84.386877,328.1585075,305.908406,-26.67849000000001,-63.731404999999995,-6.089784000000009
-79.667483,647.5597033333333,304.2968456666667,-235.0230995,418.72951,126.98300749999999,-84.4381955,326.671746,304.10068850000005,-26.667560999999992,-63.65211399999998,-6.877813000000003
-79.70562533333333,647.6068783333334,304.2013293333333,-234.967405,419.34286050000003,126.027288,-84.4919105,325.18367450000005,302.268963,-26.658570999999995,-63.561757,-7.666089999999997
-79.743672,647.6523550000001,304.105281,-234.90889800000002,419.95656599999995,125.07156850000001,-84.54803050000001,323.694864,300.413372,-26.651618999999997,-63.46033399999999,-8.454160000000002
-79.78162666666667,647.6959933333334,304.0087153333333,-234.84761399999996,420.5702235,124.115999,-84.606562,322.20588399999997,298.53407849999996,-26.646814000000006,-63.347868000000005,-9.241557
-79.81949466666667,647.7376543333334,303.911646,-234.783603,421.183427,123.1607325,-84.6675065,320.71729949999997,296.63126250000005,-26.644277000000002,-63.224401,-10.027805
-79.85728,647.7772016666667,303.81409,-234.716927,421.79576299999997,122.2059305,-84.730864,319.22967300000005,294.7051235,-26.644142000000002,-63.08999399999999,-10.812418999999977
-79.894988,647.8144986666666,303.71606233333335,-234.647665,422.40681800000004,121.2517585,-84.7966295,317.74356049999994,292.7558785,-26.646552999999997,-62.944727,-11.594903000000045
-79.93262466666665,647.8494126666668,303.61758133333336,-234.57590549999998,423.01617450000003,120.29839000000001,-84.8647945,316.25951299999997,290.78376149999997,-26.651667000000003,-62.788700000000006,-12.374752999999998
-79.970195,647.881812,303.51866433333333,-234.501752,423.623414,119.346004,-84.93534650000001,314.778073,288.78902200000005,-26.659656999999996,-62.622029999999995,-13.151455999999996
-80.007705,647.9115683333333,303.419329,-234.425317,424.2281185,118.3947875,-85.0082685,313.2997755,286.771929,-26.670704999999998,-62.444852999999966,-13.924493999999981
-80.04516033333333,647.9385566666666,303.319596,-234.3467265,424.82987,117.4449335,-85.0835395,311.825147,284.732763,-26.685009000000008,-62.25731999999999,-14.693339999999978
-80.082567,647.9626539999999,303.21948433333336,-234.26611450000001,425.42825400000004,116.49664250000001,-85.161133,310.35470050000004,282.6718265,-26.702776,-62.059597,-15.457462999999962
-80.11993066666666,647.9837416666666,303.11901533333327,-234.1836225,426.022859,115.55012299999999,-85.24101999999999,308.888939,280.5894325,-26.724227999999997,-61.85186799999997,-16.21632699999998
-80.157257,648.0017046666667,303.0182106666667,-234.0994005,426.6132775,114.60559099999999,-85.3231665,307.4283515,278.485914,-26.749596999999994,-61.634326999999985,-16.969394000000023
-80.19455133333334,648.0164313333333,302.9170933333333,-234.01360449999999,427.19910949999996,113.66326799999999,-85.4075355,305.973412,276.36161849999996,-26.779125000000008,-61.40718400000003,-17.716124999999977
-80.23181966666668,648.0278143333334,302.8156853333333,-233.926393,427.7799595,112.72338500000001,-85.494086,304.5245805,274.21691150000004,-26.813062000000002,-61.170657000000006,-18.455985
-80.26906566666666,648.0357513333332,302.7140116666667,-233.83792849999998,428.35544100000004,111.7861805,-85.582776,303.0823005,272.0521735,-26.85166600000001,-60.924976999999956,-19.188436999999965
-80.30629566666666,648.0401436666666,302.612097,-233.748374,428.9251775,110.8518985,-85.673558,301.646997,269.867804,-26.895202000000012,-60.67038400000001,-19.91295199999996
-80.34351266666667,648.0408983333333,302.50996633333335,-233.6578945,429.4888005,109.92079100000001,-85.7663855,300.21907799999997,267.6642205,-26.94393500000001,-60.407126000000005,-20.629005000000006
-80.380721,648.0379266666666,302.407646,-233.566649,430.0459535,108.99311700000001,-85.861209,298.7989335,265.441859,-26.998136000000002,-60.13545700000003,-21.33608399999997
-80.41792399999999,648.0311456666667,302.30516366666666,-233.4747965,430.596291,108.0691415,-85.957978,297.3869345,263.201175,-27.058071999999996,-59.855639,-22.03368599999996
-80.455124,648.020477,302.202546,-233.38248900000002,431.139481,107.149136,-86.05664300000001,295.9834315,260.942642,-27.12400799999999,-59.567939000000024,-22.721319999999963
-80.492324,648.005848,302.09982099999996,-233.2898735,431.67520249999995,106.233377,-86.15715399999999,294.58875850000004,258.666757,-27.19620400000001,-59.272627,-23.398514000000006
-80.52952566666666,647.9871926666666,301.99701833333336,-233.1970875,432.203151,105.3221475,-86.2594615,293.2032285,256.374037,-27.274914999999993,-58.96997900000002,-24.06480799999997
-80.56672933333333,647.9644483333333,301.89416666666665,-233.1042615,432.723033,104.41573249999999,-86.3635185,291.827137,254.0650205,-27.360378999999995,-58.660267999999974,-24.719769000000014
-80.60393566666666,647.9375606666667,301.7912963333333,-233.0115135,433.2345715,103.51442399999999,-86.4692785,290.46076100000005,251.7402715,-27.452827,-58.34377599999999,-25.362978999999996
-80.64114433333334,647.9064793333333,301.68843666666663,-232.9189505,433.737503,102.6185145,-86.576698,289.1043595,249.400374,-27.55247,-58.020781,-25.99404800000002
-80.67835433333333,647.8711606666667,301.5856186666667,-232.82666799999998,434.23157949999995,101.7282995,-86.68573599999999,287.758175,247.04593849999998,-27.659506000000007,-57.69156399999997,-26.612606999999997
-80.71556366666667,647.8315673333333,301.48287400000004,-232.73474649999997,434.7165675,100.8440775,-86.796355,286.4224335,244.6776005,-27.774106000000003,-57.356403,-27.218319000000008
-80.75277,647.7876676666666,301.38023333333336,-232.64325300000002,435.1922495,99.9661455,-86.9085195,285.0973465,242.29602,-27.896421000000004,-57.01557700000001,-27.810872000000018
-80.78997066666666,647.7394356666667,301.277728,-232.552239,435.65842050000003,99.094802,-87.0221985,283.7831115,239.9018835,-28.026578999999998,-56.669365,-28.389983
-80.82716033333332,647.6868513333334,301.17538999999994,-232.46174200000002,436.114892,98.230343,-87.137363,282.4799125,237.495902,-28.164677999999995,-56.31804300000002,-28.955403999999987
-80.86433533333333,647.629902,301.0732513333333,-232.3717825,436.5614885,97.3730615,-87.25398799999999,281.1879215,235.078815,-28.310787999999988,-55.961883,-29.506913999999995
-80.90149033333334,647.56858,300.97134366666666,-232.282365,436.9980495,96.52325,-87.372052,279.90730099999996,232.6513875,-28.464945999999998,-55.601158,-30.044331
-80.93861833333334,647.5028833333333,300.8696986666667,-232.1934785,437.4244275,95.681194,-87.491535,278.638202,230.21441149999998,-28.627160000000003,-55.23613599999996,-30.56750100000002
-80.97571333333333,647.4328173333334,300.76834933333333,-232.1050965,437.8404865,94.847174,-87.612421,277.38077,227.768704,-28.797404,-54.86708199999998,-31.07630800000001
-81.01276733333333,647.358392,300.667326,-232.0171755,438.2461055,94.02146400000001,-87.7346965,276.13514050000003,225.31511,-28.975617,-54.494259,-31.570668000000012
-81.04977233333334,647.2796239999999,300.566661,-231.9296585,438.641174,93.20433249999999,-87.85834700000001,274.90144499999997,222.85449849999998,-29.161702000000005,-54.11792599999998,-32.050534999999996
-81.08672,647.196535,300.466386,-231.8424725,439.0255935,92.39603600000001,-87.983362,273.6798085,220.3877635,-29.355529999999987,-53.73833699999997,-32.515896999999995
-81.123601,647.1091540000001,300.36653266666667,-231.75553100000002,439.39927450000005,91.596824,-88.10973050000001,272.47035300000005,217.915824,-29.556934999999996,-53.35574200000002,-32.966774000000015
-81.16040500000001,647.0175136666666,300.2671306666667,-231.6687335,439.762141,90.8069345,-88.237441,271.27319650000004,215.43962299999998,-29.765715999999998,-52.97038900000001,-33.40322599999999
-81.19712233333333,646.9216533333333,300.16821166666665,-231.58196800000002,440.1141245,90.0265945,-88.36648149999999,270.0884545,212.9601225,-29.981636999999992,-52.58251899999999,-33.825345
-81.23374166666666,646.8216176666666,300.06980633333336,-231.495111,440.4551665,89.256018,-88.496838,268.9162425,210.4783085,-30.204431999999997,-52.19237100000001,-34.23325699999998
-81.27025266666668,646.7174563333333,299.9719433333334,-231.408027,440.7852165,88.4954065,-88.6284955,267.756672,207.9951855,-30.433798999999993,-51.80017600000002,-34.62711899999999
-81.30664233333333,646.6092243333334,299.87465299999997,-231.3205735,441.10423349999996,87.7449475,-88.761435,266.60985750000003,205.5117755,-30.66940799999999,-51.406165000000016,-35.007125
-81.3429,646.4969816666667,299.77796366666666,-231.2325995,441.41218549999996,87.004813,-88.8956355,265.47591,203.02911799999998,-30.910897000000006,-51.01056000000003,-35.37349600000002
-81.37901333333333,646.3807926666667,299.6819043333333,-231.14394749999997,441.7090455,86.275162,-89.03107,264.3549435,200.5482655,-31.15787800000001,-50.61358100000001,-35.726485
-81.41496866666667,646.2607283333333,299.58650200000005,-231.05445500000002,441.994797,85.55613650000001,-89.1677075,263.247072,198.07028400000002,-31.409938999999994,-50.21544199999997,-36.066374000000025
-81.450755,646.136862,299.491785,-230.963955,442.2694285,84.8478615,-89.3055115,262.15241000000003,195.596251,-31.666645000000003,-49.81635399999999,-36.393472
-81.48635866666666,646.0092726666667,299.3977796666666,-230.8722795,442.5329385,84.1504475,-89.4444405,261.071073,193.127251,-31.927538999999996,-49.416522000000015,-36.708112
-81.52176666666666,645.8780423333333,299.304512,-230.7792595,442.7853315,83.4639875,-89.5844465,260.0031785,190.664376,-32.192150999999996,-49.01614900000001,-37.01065
-81.55696566666667,645.7432593333333,299.2120073333333,-230.684727,443.0266195,82.788558,-89.725473,258.948846,188.2087225,-32.459992,-48.61543199999997,-37.30146500000001
-81.591944,645.605014,299.1202906666667,-230.5885155,443.2568235,82.1242175,-89.867459,257.9081955,185.7613885,-32.730565999999996,-48.214564999999965,-37.580952999999994
-81.626687,645.463401,299.029386,-230.4904635,443.475971,81.47100900000001,-90.010335,256.881349,183.32347149999998,-33.003366,-47.81374200000002,-37.849526999999995
-81.66118266666666,645.3185183333333,298.9393176666667,-230.390413,443.6840995,80.8289585,-90.154024,255.8684295,180.89606750000002,-33.277884,-47.41314699999998,-38.107612999999986
-81.695418,645.1704673333334,298.85010733333337,-230.28821449999998,443.8812555,80.1980745,-90.29844299999999,254.86956200000003,178.48026650000003,-33.55360800000001,-47.01297200000002,-38.355649
-81.72937966666666,645.0193533333334,298.7617773333333,-230.18372449999998,444.067493,79.578351,-90.4434995,253.884872,176.0771515,-33.83003099999999,-46.61339800000002,-38.594078999999994
-81.76305566666666,644.8652840000001,298.67434933333334,-230.07681050000002,444.242878,78.969764,-90.5890935,252.914487,173.6877975,-34.106651,-46.214608,-38.823351
-81.79643333333333,644.7083683333334,298.587844,-229.96734750000002,444.4074855,78.3722755,-90.7351195,251.95853449999998,171.3132645,-34.38297300000001,-45.81678699999998,-39.04391700000002
-81.829501,644.5487203333333,298.50228066666665,-229.8552235,444.56140300000004,77.785832,-90.8814625,251.01714349999997,168.95460250000002,-34.658519,-45.420116999999976,-39.256223000000006
-81.86224600000001,644.3864546666667,298.417679,-229.7403385,444.70472800000005,77.2103665,-91.028002,250.0904415,166.612843,-34.93282400000001,-45.02477899999997,-39.460713999999996
-81.89465733333333,644.221689,298.334057,-229.6226045,444.837571,76.6457975,-91.17461,249.17855600000001,164.2889995,-35.205442000000005,-44.63095799999999,-39.65782299999998
-81.926724,644.0545423333333,298.2514323333333,-229.5019475,444.960055,76.09203049999999,-91.321152,248.281614,161.98406549999999,-35.47595200000001,-44.23883999999998,-39.84797499999999
-81.95843533333333,643.8851346666667,298.1698216666667,-229.3783085,445.0723155,75.548959,-91.4674875,247.399741,159.69901299999998,-35.743950999999996,-43.84861000000001,-40.031576
-81.98978,643.7135896666667,298.08924099999996,-229.2516415,445.174504,75.016465,-91.613471,246.53305849999998,157.434788,-36.009068,-43.46045699999999,-40.20902000000001
-82.02074833333334,643.5400296666667,298.00970566666666,-229.121917,445.26678400000003,74.494421,-91.7589515,245.681686,155.19231200000002,-36.270961,-43.07457000000002,-40.38067600000002
-82.05133099999999,643.3645803333334,297.93122966666664,-228.98911950000002,445.3493325,73.9826875,-91.9037735,244.84573749999998,152.972479,-36.529313,-42.69114299999998,-40.54689400000001
-82.08151866666667,643.187366,297.85382733333336,-228.8532495,445.4223435,73.4811185,-92.0477775,244.025322,150.77615200000002,-36.783845,-42.31037199999997,-40.707998
-82.11130266666667,643.008514,297.77751033333334,-228.7143225,445.486024,72.9895595,-92.19080249999999,243.22054199999997,148.604165,-37.034305,-41.932451999999984,-40.86428599999999
-82.14067466666667,642.8281496666667,297.70229133333333,-228.57236949999998,445.5405965,72.5078485,-92.3326845,242.4314905,146.4573195,-37.280479,-41.557581,-41.01602900000002
-82.16962699999999,642.6464006666666,297.62818066666665,-228.427435,445.5862965,72.0358185,-92.47325649999999,241.658253,144.336381,-37.522183,-41.18596000000002,-41.163470000000004
-82.19815266666666,642.463393,297.55518966666665,-228.2795805,445.62337549999995,71.573297,-92.6123535,240.900902,142.242083,-37.759265,-40.81779,-41.30682200000001
-82.226245,642.2792543333334,297.48332666666664,-228.1288795,445.652097,71.120108,-92.7498095,240.1594995,140.175121,-37.991611000000006,-40.453273000000024,-41.44627200000001
-82.253897,642.09411,297.41260066666666,-227.97541999999999,445.672738,70.676073,-92.88546099999999,239.434092,138.1361545,-38.21913199999999,-40.09260599999999,-41.581973000000005
-82.28110433333333,641.9080869999999,297.34301966666663,-227.819303,445.6855895,70.241011,-93.019146,238.724712,136.12580400000002,-38.441772,-39.73599200000001,-41.714056
-82.30786099999999,641.721309,297.27458966666666,-227.6606415,445.6909505,69.8147395,-93.150705,238.0313745,134.1446515,-38.659504,-39.383623,-41.84262100000001
-82.33416233333332,641.5339016666667,297.207318,-227.4995605,445.68913299999997,69.397077,-93.27998550000001,237.3540765,132.193238,-38.872325000000004,-39.03569299999998,-41.967743999999996
-82.36000533333333,641.3459866666667,297.141209,-227.33619349999998,445.6804565,68.987842,-93.4068375,236.6927945,130.272065,-39.080257,-38.692391000000015,-42.08947599999999
-82.385386,641.1576873333333,297.07626766666664,-227.1706865,445.66524949999996,68.5868545,-93.53111849999999,236.0474865,128.38159199999998,-39.283347000000006,-38.35389699999999,-42.20784999999999
-82.410301,640.9691226666667,297.01249766666666,-227.003193,445.6438465,68.1939375,-93.652694,235.41808600000002,126.52223649999999,-39.481656,-38.020386,-42.322874999999996
-82.43474833333333,640.7804130000001,296.94990133333334,-226.83387349999998,445.6165855,67.8089155,-93.771435,234.804506,124.69437349999998,-39.675268,-37.692024,-42.434546999999995
-82.45872666666666,640.5916743333332,296.888481,-226.662897,445.583809,67.4316185,-93.8872235,234.2066345,122.898335,-39.864277,-37.36896899999999,-42.542844
-82.48223333333333,640.4030216666666,296.82823766666667,-226.4904355,445.54585999999995,67.0618795,-93.9999505,233.6243365,121.13441,-40.048789,-37.051364999999976,-42.64773200000002
-82.505268,640.2145686666668,296.76917199999997,-226.3166675,445.5030825,66.699537,-94.1095155,233.057453,119.4028435,-40.22892300000001,-36.73934800000001,-42.74917300000001
-82.52783133333334,640.0264259999999,296.7112836666667,-226.141774,445.455817,66.3444325,-94.21583,232.5057995,117.703836,-40.404799999999994,-36.433041,-42.84711400000002
-82.54992166666666,639.838703,296.6545713333333,-225.965938,445.4044,65.9964155,-94.318817,231.96917000000002,116.037545,-40.57655,-36.132552000000004,-42.94150599999999
-82.57154033333333,639.6515046666667,296.5990323333333,-225.7893435,445.349163,65.655339,-94.418408,231.44733200000002,114.404083,-40.744304,-35.837976,-43.03229200000001
-82.59268800000001,639.464936,296.54466500000007,-225.61217349999998,445.29043,65.321063,-94.51454799999999,230.940032,112.80351999999999,-40.908193999999995,-35.549396,-43.119417999999996
-82.613366,639.2790963333333,296.491465,-225.43461250000001,445.228516,64.9934525,-94.6071935,230.44699400000002,111.23587950000001,-41.06835099999999,-35.26687799999999,-43.20282900000001
-82.63357566666666,639.0940843333333,296.43942799999996,-225.25683850000001,445.1637255,64.6723785,-94.69631050000001,229.9679225,109.7011435,-41.224903,-34.99047299999998,-43.28247900000001
-82.65331966666666,638.9099956666666,296.3885493333334,-225.0790295,445.09634900000003,64.35771749999999,-94.781878,229.5025015,108.19925,-41.377978,-34.720218999999986,-43.358322
-82.67259966666667,638.7269223333334,296.33882266666666,-224.901356,445.02666550000004,64.0493515,-94.86388500000001,229.0503975,106.73009400000001,-41.527698,-34.456141,-43.430322000000004
-82.69141833333333,638.5449536666666,296.290242,-224.7239855,444.9549395,63.7471685,-94.9423305,228.611263,105.293529,-41.674178999999995,-34.19824800000001,-43.498450000000005
-82.709779,638.3641746666667,296.2427993333333,-224.547077,444.8814175,63.451060999999996,-95.0172245,228.1847345,103.8893665,-41.81753499999999,-33.94653500000001,-43.56268300000001
-82.727684,638.1846690000001,296.196487,-224.37078350000002,444.80633,63.160927,-95.0885855,227.7704385,102.517378,-41.95787299999999,-33.700987,-43.623008
-82.745137,638.0065166666667,296.1512953333333,-224.19525,444.729891,62.876667999999995,-95.1564415,227.36799150000002,101.177295,-42.09529499999999,-33.46157500000001,-43.67941999999999
-82.76214233333333,637.8297926666665,296.10721600000005,-224.0206105,444.6522955,62.5981895,-95.2208275,226.977003,99.86881,-42.22989899999999,-33.22825799999998,-43.73192400000001
-82.77870333333334,637.654571,296.0642383333333,-223.846993,444.57371950000004,62.3254035,-95.28178750000001,226.5970775,98.591582,-42.361777000000004,-33.000991,-43.780531999999994
-82.794824,637.48092,296.022351,-223.674513,444.4943205,62.0582215,-95.3393695,226.22781700000002,97.3452305,-42.491018999999994,-32.77971199999999,-43.825265
-82.810508,637.3089066666666,295.9815433333333,-223.5032775,444.414238,61.7965615,-95.39363,225.86882350000002,96.1293435,-42.61771,-32.564355000000006,-43.866153
-82.82576066666667,637.138593,295.941802,-223.333382,444.3335915,61.5403435,-95.44462949999999,225.519701,94.943476,-42.74193100000001,-32.35485,-43.903232
-82.840586,636.9700376666666,295.9031156666667,-223.16491050000002,444.252483,61.289488500000004,-95.49243100000001,225.180057,93.7871535,-42.863761999999994,-32.151116,-43.936543
-82.85498866666667,636.8032973333334,295.865469,-222.9979375,444.1709965,61.043921499999996,-95.5371035,224.84950600000002,92.6598735,-42.983281000000005,-31.953069999999997,-43.966134999999994
-82.868974,636.638423,295.82885000000005,-222.832527,444.0891995,60.8035685,-95.578717,224.52767,91.5611065,-43.100562,-31.760624000000007,-43.992063
-82.88254633333334,636.4754643333333,295.793243,-222.66873149999998,444.0071415,60.5683575,-95.6173425,224.214181,90.4903005,-43.21567900000001,-31.573688000000004,-44.014387
-82.89571066666667,636.3144653333333,295.75863333333336,-222.506592,443.92485899999997,60.338218499999996,-95.653055,223.9086815,89.44688149999999,-43.328706,-31.39217100000002,-44.033169
-82.90847233333334,636.1554689999999,295.7250046666667,-222.3461415,443.8423715,60.113082,-95.68592699999999,223.610827,88.43025650000001,-43.43971599999999,-31.215978000000007,-44.048479
-82.920837,635.9985133333333,295.69234133333333,-222.18740150000002,443.75968850000004,59.892879,-95.7160325,223.3202875,87.43981500000001,-43.548778999999996,-31.045015000000006,-44.060388
-82.93280933333334,635.8436336666667,295.66062733333337,-222.03038600000002,443.676805,59.677542499999994,-95.743444,223.036746,86.47493349999999,-43.65596600000001,-30.879186000000004,-44.06897099999999
-82.94439433333334,635.6908609999999,295.629845,-221.87509799999998,443.593707,59.467007,-95.768234,222.7599015,85.534976,-43.76134800000001,-30.718395000000015,-44.074308
-82.95559800000001,635.5402253333333,295.5999776666667,-221.7215325,443.5103705,59.261204,-95.790471,222.48946899999999,84.6192975,-43.864993999999996,-30.562546000000026,-44.076479000000006
-82.96642566666667,635.391751,295.5710066666667,-221.569679,443.4267655,59.0600695,-95.8102245,222.225179,83.7272445,-43.966971,-30.411545999999987,-44.075571
-82.97688333333333,635.2454613333333,295.54291466666666,-221.41951849999998,443.34285350000005,58.8635365,-95.8275595,221.96677799999998,82.858161,-44.067345,-30.265296000000006,-44.071672
-82.98697566666668,635.1013750000001,295.5156826666667,-221.271024,443.2585935,58.6715405,-95.8425385,221.71402949999998,82.011387,-44.166180999999995,-30.123703000000006,-44.064876
-82.99670866666668,634.9595083333332,295.48929266666664,-221.124166,443.17394,58.484015,-95.855222,221.4667115,81.186262,-44.263540000000006,-29.986669000000006,-44.05528
-83.00608799999999,634.8198756666667,295.4637253333333,-220.9789075,443.0888455,58.3008935,-95.865667,221.22461700000002,80.382127,-44.35947999999999,-29.854097999999993,-44.042984000000004
-83.01511866666667,634.682487,295.43896266666667,-220.8352085,443.0032625,58.1221085,-95.87392750000001,220.9875535,79.598327,-44.45405699999999,-29.725893000000013,-44.028094
-83.02380699999999,634.5473513333333,295.41498466666667,-220.6930235,442.9171425,57.947594,-95.8800545,220.75534299999998,78.83421150000001,-44.547323000000006,-29.601954000000006,-44.01071900000001
-83.03215766666666,634.4144736666667,295.39177166666667,-220.552306,442.8304425,57.777279500000006,-95.884095,220.52781950000002,78.08913749999999,-44.639324,-29.482179000000002,-43.990975000000006
-83.04017733333333,634.2838573333333,295.369306,-220.4130045,442.74311750000004,57.611096,-95.8860935,220.30482849999999,77.36247,-44.73010500000001,-29.366464999999977,-43.96898199999999
-83.04787033333334,634.155503,295.347567,-220.2750665,442.65513,57.4489705,-95.8860905,220.0862275,76.653582,-44.81970299999999,-29.254706999999996,-43.944862
-83.055243,634.0294090000001,295.32653666666664,-220.1384385,442.5664465,57.290831,-95.884124,219.8718825,75.961859,-44.908152,-29.146794999999997,-43.918746000000006
-83.06230033333334,633.9055726666667,295.30619466666667,-220.0030635,442.477038,57.1366015,-95.88023050000001,219.661669,75.286697,-44.995481,-29.042618000000004,-43.890767999999994
-83.069048,633.7839876666667,295.28652366666665,-219.868885,442.386882,56.986204,-95.8744415,219.455469,74.627504,-45.08171300000001,-28.942061999999993,-43.861064
-83.075491,633.6646463333333,295.267504,-219.73584549999998,442.29596349999997,56.839558,-95.866787,219.2531705,73.98370249999999,-45.166867999999994,-28.845004999999986,-43.829778999999995
-83.08163466666667,633.5475406666666,295.249117,-219.603886,442.204274,56.696581,-95.85729549999999,219.054669,73.354727,-45.25095900000001,-28.751326000000006,-43.797056
-83.08748466666667,633.4326586666666,295.23134566666664,-219.4729495,442.111812,56.5571865,-95.84599349999999,218.85986100000002,72.740027,-45.333997,-28.660898000000003,-43.763044
-83.09304533333334,633.3199883333333,295.214171,-219.34297600000002,442.01858400000003,56.4212865,-95.83290600000001,218.66864850000002,72.1390665,-45.41598599999999,-28.57359299999999,-43.727892999999995
-83.09832266666666,633.2095166666667,295.1975753333333,-219.2139075,441.92460500000004,56.2887885,-95.818056,218.4809345,71.551324,-45.49692999999999,-28.489274999999992,-43.691753999999996
-83.103321,633.1012283333333,295.1815426666667,-219.0856845,441.8298955,56.159597500000004,-95.8014675,218.296624,70.976293,-45.576825,-28.40780799999999,-43.65478000000001
-83.10804566666667,632.9951070000001,295.16605500000003,-218.9582495,441.7344855,56.033615499999996,-95.7831635,218.1156225,70.4134815,-45.655666999999994,-28.329054999999983,-43.617123
-83.11250133333334,632.8911366666666,295.151097,-218.831544,441.63841249999996,55.910741,-95.76316750000001,217.9378355,69.862414,-45.73344899999999,-28.252872999999994,-43.578934000000004
-83.11669266666667,632.789298,295.13665266666663,-218.7055105,441.541719,55.790871,-95.7415045,217.763168,69.322631,-45.810159,-28.179115999999993,-43.540361999999995
-83.12062466666667,632.6895733333332,295.1227063333333,-218.58008999999998,441.4444565,55.6738975,-95.718201,217.591523,68.79368649999999,-45.885788000000005,-28.107642,-43.501551
-83.12430099999999,632.5919423333333,295.1092436666667,-218.45522649999998,441.3466815,55.559712000000005,-95.6932835,217.4228035,68.275153,-45.96032100000001,-28.038303000000013,-43.46264600000001
-83.12772633333334,632.4963856666667,295.09624933333333,-218.330864,441.2484575,55.448204000000004,-95.666784,217.256911,67.766617,-46.033742000000004,-27.970954000000006,-43.423784000000005
-83.13090533333333,632.4028823333333,295.08371033333333,-218.20694600000002,441.149852,55.339259,-95.638736,217.09374350000002,67.2676835,-46.106036,-27.905449000000004,-43.385097
-83.133841,632.3114113333334,295.071614,-218.0834185,441.05093899999997,55.232763000000006,-95.60917599999999,216.9332,66.777973,-46.17718599999999,-27.841643999999974,-43.346714
-83.13653866666668,632.2219513333333,295.0599466666667,-217.960228,440.951796,55.128602,-95.57814450000001,216.7751755,66.2971245,-46.24717500000001,-27.77939699999999,-43.308752999999996
-83.13900033333333,632.1344806666666,295.04869633333334,-217.837323,440.852505,55.02666,-95.5456875,216.619565,65.824795,-46.31598299999999,-27.71857,-43.271331999999994
-83.141231,632.0489779999999,295.0378513333333,-217.7146525,440.7531495,54.9268225,-95.511855,216.4662625,65.3606605,-46.38359199999999,-27.659024999999986,-43.23455700000001
-83.14323266666666,631.9654206666665,295.0274023333333,-217.5921695,440.653819,54.828975500000006,-95.476701,216.3151615,64.904415,-46.449984,-27.600632999999988,-43.198525999999994
-83.145009,631.8837863333333,295.017337,-217.4698275,440.554601,54.733006,-95.4402855,216.166154,64.4557755,-46.51513700000001,-27.543268000000012,-43.163333
-83.14656266666667,631.804053,295.0076466666667,-217.347586,440.45558800000003,54.6388055,-95.40267349999999,216.0191345,64.014477,-46.579031,-27.486808999999994,-43.129062000000005
-83.14789599999999,631.7261986666666,294.998322,-217.225405,440.35687099999996,54.5462665,-95.3639355,215.873998,63.5802795,-46.641647000000006,-27.431146000000012,-43.095789
-83.14901166666667,631.6502016666667,294.9893543333333,-217.1032505,440.25854400000003,54.455284999999996,-95.32414600000001,215.73064,63.15296549999999,-46.702962,-27.376173999999992,-43.06358099999999
-83.14991099999999,631.5760383333334,294.9807356666667,-216.981092,440.16069749999997,54.365764,-95.28338600000001,215.58896149999998,62.73234049999999,-46.76295399999999,-27.32179499999998,-43.032498999999994
-83.15059666666667,631.5036886666667,294.9724586666667,-216.858904,440.0634245,54.2776105,-95.241739,215.44886400000001,62.318236500000005,-46.821602,-27.267924000000022,-43.002593000000005
-83.15106933333334,631.433129,294.96451666666667,-216.736668,439.966814,54.1907355,-95.19929450000001,215.31025499999998,61.910511,-46.87888500000001,-27.214484,-42.973906
-83.15133,631.3643396666666,294.956903,-216.6143705,439.870955,54.1050605,-95.15614550000001,215.1730465,61.509048500000006,-46.934779000000006,-27.161410999999987,-42.94647100000001
-83.15138066666667,631.2972983333333,294.94961166666667,-216.492005,439.775934,54.0205105,-95.112388,215.03715699999998,61.113761000000004,-46.989262,-27.108647999999988,-42.920314000000005
-83.151221,631.2319836666667,294.94263866666665,-216.3695715,439.681835,53.937021,-95.06812,214.9025095,60.7245895,-47.042316,-27.05615499999999,-42.895449
-83.15085133333334,631.1683756666666,294.93597766666664,-216.24707949999998,439.58873800000003,53.854535500000004,-95.023443,214.7690365,60.341502500000004,-47.093918,-27.003900999999985,-42.871883000000004
-83.15027166666665,631.106454,294.929625,-216.12454350000002,439.49671950000004,53.773005,-94.97845749999999,214.63667800000002,59.9644975,-47.144051000000005,-26.95187200000001,-42.849609
-83.14948166666666,631.0461973333333,294.92357699999997,-216.00198949999998,439.4058535,53.6923925,-94.9332665,214.5053815,59.5936025,-47.192699000000005,-26.90006299999999,-42.828613
-83.148481,630.987587,294.9178296666667,-215.87944900000002,439.31620899999996,53.6126695,-94.8879705,214.37510350000002,59.2288715,-47.23984900000001,-26.848487000000006,-42.808871
-83.147268,630.930603,294.91238066666665,-215.756966,439.22785,53.5338175,-94.84267,214.245812,58.8703875,-47.28549000000001,-26.797168,-42.79034299999999
-83.14584133333334,630.8752256666667,294.907227,-215.634589,439.1408355,53.455830500000005,-94.797463,214.117482,58.5182605,-47.329616,-26.746148000000005,-42.772983
-83.14419966666667,630.8214373333334,294.90236600000003,-215.512379,439.0552205,53.3787095,-94.7524455,213.9900985,58.172625499999995,-47.372226999999995,-26.69547700000001,-42.756729
-83.14234133333333,630.7692179999999,294.89779599999997,-215.390404,438.971053,53.302470500000005,-94.707707,213.863658,57.8336415,-47.41332800000001,-26.645224000000013,-42.741507000000006
-83.14026266666667,630.7185503333334,294.8935153333333,-215.2687415,438.8883785,53.227138,-94.66333549999999,213.73816599999998,57.501489,-47.452927,-26.595470000000006,-42.727232
-83.13796266666667,630.6694160000001,294.88952166666667,-215.147477,438.8072335,53.1527485,-94.61941200000001,213.61363649999998,57.176368499999995,-47.491044,-26.546306999999985,-42.713805
-83.13543700000001,630.621798,294.88581500000004,-215.026704,438.72765100000004,53.079347,-94.57601199999999,213.4900935,56.858494500000006,-47.52770199999999,-26.497840999999994,-42.701113
-83.13268366666667,630.5756783333333,294.8823933333333,-214.9065245,438.649658,53.0069905,-94.53320500000001,213.3675705,56.54809900000001,-47.562932,-26.450187,-42.689032000000005
-83.12969833333334,630.5310396666666,294.87925633333333,-214.787046,438.57327499999997,52.9357465,-94.491053,213.246109,56.245420499999994,-47.59677599999999,-26.403471999999994,-42.677423
-83.126478,630.487866,294.87640333333337,-214.668385,438.4985185,52.8656905,-94.449612,213.12575700000002,55.950706,-47.629282,-26.357830000000007,-42.666140000000006
-83.12301833333332,630.4461403333333,294.8738333333333,-214.550662,438.42539899999997,52.796906500000006,-94.40893,213.006571,55.664203,-47.66050799999999,-26.313401999999996,-42.655018000000005
-83.11931533333333,630.4058466666667,294.871546,-214.43400350000002,438.3539215,52.729489,-94.3690465,212.88861350000002,55.386159500000005,-47.690518999999995,-26.270337000000012,-42.64388900000001
-83.11536533333333,630.3669686666667,294.86954199999997,-214.31854049999998,438.284087,52.6635375,-94.329995,212.7719525,55.1168165,-47.719386,-26.228785000000016,-42.632571000000006
-83.11116299999999,630.3294896666666,294.86781966666666,-214.204408,438.2158915,52.599159,-94.29180099999999,212.656662,54.856404,-47.74719399999999,-26.188896,-42.620878
-83.10670433333333,630.293395,294.86637966666666,-214.091743,438.14932799999997,52.536466,-94.254483,212.5428185,54.605138499999995,-47.774029999999996,-26.150824999999998,-42.608617
-83.10198433333333,630.2586686666666,294.8652220000001,-213.9806855,438.0843855,52.475575,-94.2180505,212.430503,54.363217999999996,-47.799989,-26.114720000000005,-42.595591999999996
-83.09699866666666,630.2252950000001,294.8643456666667,-213.8713765,438.0210505,52.4166065,-94.18250900000001,212.31980049999999,54.1308165,-47.825171999999995,-26.080726999999996,-42.58160500000001
-83.09174233333333,630.1932579999999,294.8637513333333,-213.763956,437.95930599999997,52.359683,-94.147857,212.2107975,53.908083,-47.849683999999996,-26.048984999999988,-42.56645999999999
-83.08621033333333,630.1625433333334,294.8634386666667,-213.658564,437.899134,52.304927,-94.1140865,212.10358200000002,53.695134499999995,-47.87363300000001,-26.019622,-42.549967
-83.080398,630.1331353333334,294.86340633333333,-213.5553405,437.8405165,52.2524625,-94.08118400000001,211.998244,53.4920545,-47.89713200000001,-25.99275799999998,-42.53193900000001
-83.07429966666666,630.1050186666666,294.86365499999994,-213.45442100000002,437.783434,52.2024085,-94.049132,211.89487450000001,53.29889,-47.920289999999994,-25.968500999999975,-42.512206
-83.06791166666666,630.0781773333333,294.864184,-213.35593799999998,437.72786699999995,52.154885500000006,-94.0179085,211.7935655,53.115649,-47.943219,-25.94694099999998,-42.490606
-83.06122800000001,630.0525973333333,294.8649923333333,-213.260022,437.6737975,52.1100045,-93.987488,211.6944105,52.942296999999996,-47.966026,-25.928155000000004,-42.466995999999995
-83.054244,630.028262,294.86607933333335,-213.166796,437.621209,52.067874,-93.957842,211.59750200000002,52.778757999999996,-47.98881800000001,-25.912200000000013,-42.44125
-83.04695500000001,630.0051566666667,294.8674436666667,-213.0763795,437.570088,52.0285955,-93.92894050000001,211.50293449999998,52.624911499999996,-48.011692999999994,-25.899117000000018,-42.413271
-83.03935633333333,629.9832656666666,294.86908366666665,-212.98888399999998,437.52042200000005,51.9922595,-93.90075,211.410803,52.4805915,-48.034741999999994,-25.888924000000003,-42.382979000000006
-83.03144266666668,629.9625736666667,294.870998,-212.904416,437.47220500000003,51.958949499999996,-93.8732375,211.321202,52.3455895,-48.058051000000006,-25.881619999999998,-42.350327
-83.02320999999999,629.943064,294.873185,-212.82307350000002,437.425431,51.9287365,-93.8463675,211.234228,52.2196505,-48.081691000000006,-25.877182000000005,-42.315296999999994
-83.01465266666666,629.9247223333333,294.875642,-212.744946,437.3801015,51.901680999999996,-93.82010550000001,211.149979,52.10248,-48.105731000000006,-25.875565999999992,-42.277899999999995
-83.005768,629.907532,294.87836666666664,-212.6701145,437.336222,51.8778305,-93.794416,211.0685515,51.993741,-48.13022000000001,-25.876706999999982,-42.238181999999995
-82.99654966666667,629.891477,294.88135566666665,-212.59865200000002,437.29380249999997,51.857219,-93.76926449999999,210.990046,51.8930575,-48.155198999999996,-25.880521999999985,-42.196221
-82.98699466666666,629.8765416666666,294.8846063333333,-212.53062,437.252858,51.839866,-93.744617,210.914562,51.800017499999996,-48.180694,-25.886899999999997,-42.152127
-82.977098,629.86271,294.88811366666664,-212.4660725,437.2134095,51.8257765,-93.7204405,210.842201,51.714177500000005,-48.206721,-25.89572000000001,-42.106045
-82.96685633333334,629.849965,294.8918756666667,-212.40505100000001,437.1754825,51.814941,-93.6967035,210.7730645,51.6350635,-48.23327900000001,-25.90683899999999,-42.058147
-82.95626533333332,629.8382906666667,294.8958863333333,-212.3475875,437.1391085,51.807334499999996,-93.6733745,210.7072545,51.562177,-48.260357,-25.920097,-42.00864
-82.94532133333333,629.8276706666667,294.900142,-212.2937015,437.1043225,51.8029165,-93.65042299999999,210.64487300000002,51.4949965,-48.28793,-25.935322000000014,-41.957753
-82.93402066666667,629.818088,294.90463733333337,-212.243404,437.071166,51.801632,-93.62782100000001,210.58602150000002,51.432986,-48.315962,-25.95232899999999,-41.905742000000004
-82.92236,629.8095263333333,294.9093663333333,-212.19669299999998,437.03968299999997,51.8034115,-93.60554049999999,210.5308005,51.3755945,-48.344407000000004,-25.970923,-41.852885
-82.91033533333332,629.8019696666667,294.91432333333336,-212.15355449999998,437.00992199999996,51.808170000000004,-93.58355499999999,210.4793075,51.322264,-48.373205999999996,-25.990901000000008,-41.799471999999994
-82.897944,629.7953996666666,294.9195026666667,-212.1139635,436.98193349999997,51.81581,-93.561838,210.43163850000002,51.272434000000004,-48.402294,-26.01205300000001,-41.745810000000006
-82.88518233333333,629.7898003333333,294.9248976666667,-212.07788299999999,436.955772,51.8262205,-93.5403635,210.387883,51.225544,-48.431601,-26.034167999999994,-41.69220999999999
-82.87204833333334,629.7851549999999,294.930501,-212.045265,436.93149200000005,51.839279499999996,-93.5191075,210.348128,51.181041,-48.461049,-26.057035999999982,-41.63898999999999
-82.85853866666666,629.7814460000001,294.93630633333333,-212.0160475,436.909149,51.854853000000006,-93.498043,210.3124525,51.138381,-48.49055800000001,-26.080443000000002,-41.586462
-82.84465033333333,629.7786573333333,294.9423066666667,-211.9901595,436.8887995,51.872797,-93.4771465,210.28092750000002,51.097034,-48.520044999999996,-26.104186999999996,-41.53493200000001
-82.83038066666666,629.7767709999999,294.94849366666665,-211.967517,436.8704975,51.892961,-93.45639,210.253616,51.056489500000005,-48.549428000000006,-26.128067999999985,-41.484695
-82.81572733333333,629.7757713333334,294.95486,-211.9480245,436.854296,51.915184499999995,-93.43574849999999,210.23057,51.01625800000001,-48.578627,-26.151894000000027,-41.436026000000005
-82.80068866666666,629.77564,294.9613976666667,-211.931575,436.8402455,51.9393025,-93.41519249999999,210.21183050000002,50.975875,-48.607567,-26.175487000000004,-41.389182000000005
-82.78526099999999,629.7763610000001,294.968099,-211.9180505,436.8283915,51.96514500000001,-93.394693,210.197426,50.934906,-48.636176000000006,-26.198678,-41.344392
-82.76944333333334,629.7779173333333,294.97495533333336,-211.90732350000002,436.8187765,51.9925395,-93.3742185,210.1873695,50.892944,-48.664389,-26.221315000000004,-41.301855999999994
-82.75323300000001,629.7802916666666,294.9819586666667,-211.89925499999998,436.8114355,52.021311499999996,-93.353736,210.18166200000002,50.84961800000001,-48.69215199999999,-26.243259999999992,-41.261742000000005
-82.736627,629.783469,294.98910133333334,-211.8936975,436.8064,52.05128499999999,-93.33320900000001,210.1802855,50.8045885,-48.719418000000005,-26.26439099999999,-41.224181
-82.71962366666666,629.7874313333333,294.99637366666667,-211.8904925,436.803692,52.082285,-93.3126005,210.183209,50.7575535,-48.74615299999999,-26.284604,-41.18927099999999
-82.70222100000001,629.7921633333334,295.003769,-211.8894745,436.803328,52.11414,-93.291868,210.1903815,50.708245999999995,-48.77233,-26.303810999999996,-41.157066
-82.684416,629.7976486666668,295.011278,-211.8904695,436.8053135,52.146681,-93.27096800000001,210.20173749999998,50.6564375,-48.79794,-26.321945,-41.127584999999996
-82.66620733333333,629.8038713333334,295.018893,-211.8932965,436.80964800000004,52.179743,-93.249854,210.217193,50.6019345,-48.822981999999996,-26.338952000000006,-41.100805
-82.64759099999999,629.8108166666667,295.0266056666667,-211.897769,436.81632049999996,52.213166,-93.2284755,210.2366475,50.5445805,-48.84746899999999,-26.35480100000001,-41.076667
-82.62856533333333,629.8184686666667,295.034409,-211.903693,436.82531,52.246798,-93.206778,210.25998199999998,50.484254,-48.87142800000001,-26.369473999999997,-41.05507200000001
-82.60912733333333,629.8268136666667,295.042294,-211.91087399999998,436.836587,52.280493,-93.184706,210.287064,50.4208675,-48.894898,-26.382972000000024,-41.035887
-82.58927433333332,629.8358363333333,295.0502543333333,-211.91911149999999,436.85011299999996,52.314112,-93.16220050000001,210.3177435,50.354366,-48.917929,-26.395308999999997,-41.018946
-82.56900233333334,629.8455240000001,295.0582816666667,-211.9282035,436.8658375,52.3475265,-93.1391985,210.3518575,50.28472549999999,-48.940585,-26.406515000000013,-41.004051
-82.54830866666667,629.8558623333333,295.0663703333333,-211.937949,436.88370150000003,52.380616,-93.1156355,210.389229,50.21195,-48.962939000000006,-26.416633999999988,-40.99098000000001
-82.52718966666667,629.8668390000001,295.07451266666664,-211.948145,436.9036385,52.413269,-93.0914455,210.4296695,50.136071,-48.985073,-26.42571699999999,-40.979482
-82.50564066666668,629.8784420000001,295.0827033333333,-211.9585925,436.925571,52.445383500000005,-93.06656,210.472981,50.0571415,-49.00708,-26.433831999999995,-40.969291
-82.48365866666667,629.8906596666667,295.090935,-211.96909549999998,436.949415,52.476868499999995,-93.040911,210.518955,49.975239,-49.029061999999996,-26.44104999999999,-40.960119999999996
-82.46123866666666,629.9034813333333,295.0992043333333,-211.9794625,436.9750775,52.507642000000004,-93.01443,210.5673775,49.890457500000004,-49.051124,-26.447452999999996,-40.951677000000004
-82.43837633333334,629.9168970000001,295.10750533333334,-211.989509,437.00246000000004,52.5376315,-92.9870485,210.6180295,49.802907499999996,-49.07337899999999,-26.453126999999995,-40.943653
-82.41506666666668,629.9308970000001,295.11583333333334,-211.999058,437.0314585,52.566776999999995,-92.95870149999999,210.67068899999998,49.712714000000005,-49.095940999999996,-26.458163999999982,-40.93574400000001
-82.39130433333334,629.9454726666668,295.124185,-212.007942,437.0619635,52.595025500000006,-92.929327,210.725132,49.6200125,-49.118930000000006,-26.462653999999986,-40.927639
-82.36708399999999,629.9606170000001,295.132557,-212.016004,437.0938625,52.622335,-92.898866,210.7811355,49.524948,-49.14246399999999,-26.466695000000016,-40.919033999999996
-82.3424,629.9763226666668,295.14094700000004,-212.023101,437.12703999999997,52.648672,-92.8672665,210.838482,49.4276715,-49.166661000000005,-26.470379999999977,-40.90963500000001
-82.31724633333334,629.992584,295.1493523333333,-212.0291025,437.1613815,52.674013,-92.8344845,210.8969545,49.328339,-49.191637,-26.473803000000004,-40.899156000000005
-82.29161666666666,630.0093956666666,295.15777233333336,-212.0338955,437.19677,52.6983425,-92.80048400000001,210.956345,49.227110999999994,-49.217504000000005,-26.47705400000001,-40.887325999999995
-82.26550466666667,630.026754,295.16620599999993,-212.03738049999998,437.233092,52.7216545,-92.7652405,211.016455,49.1241465,-49.244367,-26.480221999999998,-40.873892999999995
-82.23890333333333,630.044656,295.17465300000003,-212.039481,437.2702385,52.7439495,-92.7287415,211.0770945,49.019609,-49.27232699999999,-26.48338700000002,-40.858622
-82.21180566666668,630.0630996666666,295.18311466666665,-212.040136,437.3081035,52.765236,-92.69099,211.1380855,48.9136585,-49.301474,-26.486631000000017,-40.841305
-82.18420433333334,630.0820843333332,295.1915916666667,-212.039307,437.3465875,52.785529000000004,-92.6520045,211.1992645,48.806457,-49.331889000000004,-26.490023000000008,-40.821758
-82.15609266666668,630.1016093333333,295.200087,-212.0369795,437.3856005,52.804851,-92.611823,211.2604805,48.698164,-49.363642,-26.493629,-40.79982199999999
-82.12746233333333,630.1216773333334,295.20860266666665,-212.0331585,437.425061,52.823229500000004,-92.570503,211.321601,48.588938,-49.396789999999996,-26.49750800000001,-40.77536599999999
-82.098306,630.1422899999999,295.217142,-212.027874,437.4648985,52.840697000000006,-92.5281265,211.382508,48.478939999999994,-49.431377,-26.501711999999998,-40.74829
-82.06861566666667,630.1634506666666,295.22570966666666,-212.021182,437.50505499999997,52.8572915,-92.484798,211.443103,48.368329,-49.467432,-26.50628599999999,-40.718524
-82.038383,630.185165,295.23430966666666,-212.013162,437.54548550000004,52.8730545,-92.44064900000001,211.5033045,48.257267000000006,-49.50497,-26.511267000000004,-40.68603
-82.007601,630.2074383333334,295.2429476666667,-212.00392,437.5861615,52.888031500000004,-92.39584049999999,211.5630505,48.1459195,-49.543987,-26.516684999999995,-40.650797
-81.97626033333334,630.230278,295.2516296666667,-211.9935875,437.62707,52.902271,-92.350561,211.6222985,48.0344565,-49.584464,-26.522564999999986,-40.612849
-81.94435333333332,630.253693,295.2603623333334,-211.982321,437.6682145,52.9158245,-92.30503200000001,211.681026,47.923053,-49.626366000000004,-26.528922000000023,-40.57224000000001
-81.911872,630.2776926666667,295.2691526666667,-211.9703055,437.709617,52.928743499999996,-92.25950850000001,211.739227,47.811895,-49.669639000000004,-26.53576800000002,-40.52905199999999
-81.87880833333334,630.3022876666668,295.278008,-211.95774849999998,437.7513175,52.941083,-92.214279,211.796918,47.701177,-49.714212,-26.543105999999995,-40.483397999999994
-81.84515499999999,630.3274906666667,295.2869373333333,-211.944885,437.7933765,52.9528975,-92.16966550000001,211.854132,47.591106499999995,-49.75999900000001,-26.550938000000002,-40.435416999999994
-81.810903,630.3533156666666,295.29594933333334,-211.931973,437.8358735,52.964243,-92.126029,211.9109205,47.4819045,-49.806895999999995,-26.559257000000002,-40.38527500000001
-81.77604633333333,630.3797763333333,295.305053,-211.91929599999997,437.878907,52.9751755,-92.083765,211.9673525,47.3738095,-49.854782,-26.568055000000015,-40.333161000000004
-81.74057766666665,630.40689,295.3142583333333,-211.90715899999998,437.922596,52.9857505,-92.043306,212.0235125,47.267077,-49.903526,-26.577316999999994,-40.27928800000001
-81.70448933333334,630.4346736666666,295.32357566666667,-211.89589,437.967078,52.996023,-92.0051215,212.0794995,47.161981499999996,-49.952979,-26.587029,-40.223884999999996
-81.66777533333332,630.463146,295.3330153333333,-211.885837,438.01251149999996,53.006047,-91.969719,212.135429,47.058820499999996,-50.00298000000001,-26.597172,-40.167201
-81.630429,630.4923266666666,295.34258900000003,-211.877368,438.05907049999996,53.015878,-91.937641,212.1914255,46.957910999999996,-50.05336199999999,-26.60772700000001,-40.109498
-81.59244566666666,630.5222383333333,295.35230800000005,-211.870868,438.106949,53.025567499999994,-91.90946600000001,212.247625,46.859594,-50.103944,-26.618674,-40.051050000000004
-81.55381966666666,630.552903,295.36218433333335,-211.866738,438.15635599999996,53.03517,-91.8858075,212.304174,46.764235,-50.154540999999995,-26.629989999999992,-39.992135999999995
-81.51454666666666,630.5843436666668,295.37223033333333,-211.86539549999998,438.207517,53.044737000000005,-91.8673115,212.361225,46.672221,-50.204961,-26.64165399999999,-39.93304400000001
-81.47462300000001,630.616587,295.3824583333333,-211.8672685,438.26067,53.054320499999996,-91.8546575,212.41893349999998,46.5839635,-50.255010999999996,-26.65364500000001,-39.874061
-81.43404533333334,630.6496583333334,295.3928816666667,-211.8727965,438.316067,53.063975,-91.8485555,212.477462,46.499897000000004,-50.304495,-26.665942,-39.815472
-81.39281033333333,630.683586,295.40351333333336,-211.8824295,438.3739685,53.0737515,-91.84974199999999,212.5369705,46.4204775,-50.35322000000001,-26.678522999999984,-39.757559
-81.35091733333333,630.7183986666665,295.414367,-211.896623,438.434647,53.08370599999999,-91.858982,212.5976205,46.346181,-50.400998,-26.691371000000004,-39.700593999999995
-81.30836466666666,630.754125,295.42545566666666,-211.9158375,438.4983805,53.093894500000005,-91.877064,212.65956799999998,46.2775035,-50.447644,-26.704465999999996,-39.644839000000005
