Sh_x,Sh_y,Sh_z,El_x,El_y,El_z,Wr_x,Wr_y,Wr_z,WrVec_x,WrVec_y,WrVec_z
-72.85434133333332,624.1762513333333,296.44391766666666,-204.57753300000002,432.2103155,54.453230500000004,-82.6655965,208.307895,40.632661999999996,-49.324355000000004,-25.205539999999985,-42.3327
-72.82006,624.168127,296.4435173333333,-204.5373935,432.23218099999997,54.4054045,-82.550853,208.2786835,40.72839,-49.237018000000006,-25.180480999999986,-42.419532000000004
-72.78731900000001,624.162541,296.44260499999996,-204.5161265,432.271073,54.350717499999995,-82.4378735,208.2712655,40.8481975,-49.14257500000001,-25.161127000000022,-42.506411
-72.75612166666666,624.1595613333334,296.441196,-204.51419099999998,432.32757100000003,54.2888195,-82.3262925,208.2874845,40.994409000000005,-49.040287,-25.14830699999999,-42.593792
-72.72647033333332,624.1592583333334,296.43931000000003,-204.5320135,432.4022295,54.219390000000004,-82.2157575,208.32922000000002,41.1694725,-48.929401,-25.14288400000001,-42.682167
-72.69836966666666,624.161701,296.43696700000004,-204.56998349999998,432.495576,54.1421445,-82.10592600000001,208.39837899999998,41.375936,-48.809160000000006,-25.145744000000008,-42.772054
-72.671822,624.16696,296.43418833333334,-204.6284485,432.608103,54.0568375,-81.996467,208.49687999999998,41.616432,-48.678816000000005,-25.157792,-42.863982
-72.646831,624.175104,296.430997,-204.70771,432.7402625,53.963266999999995,-81.8870525,208.626644,41.893658,-48.537639000000006,-25.179948000000024,-42.958478
-72.6234,624.1862030000001,296.427418,-204.8080205,432.892463,53.8612785,-81.7773635,208.7895805,42.210353,-48.384933000000004,-25.213135000000023,-43.056046
-72.60153166666667,624.2003256666667,296.423477,-204.929578,433.0650605,53.75077,-81.6670815,208.9875735,42.569275499999996,-48.220039,-25.258274999999998,-43.157157
-72.58122966666667,624.2175416666668,296.4192013333333,-205.0725215,433.2583575,53.63169,-81.555892,209.2224725,42.973181000000004,-48.042358,-25.31627900000001,-43.262232
-72.56249533333333,624.237919,296.41461999999996,-205.23693150000003,433.472595,53.504048,-81.4434785,209.49607550000002,43.424798,-47.851350999999994,-25.388045000000005,-43.371626000000006
-72.545333,624.2615263333333,296.40976233333333,-205.422823,433.7079485,53.3679085,-81.32952900000001,209.81011949999998,43.9268045,-47.646552,-25.47444299999998,-43.485613
-72.52974333333333,624.2884313333333,296.40466033333337,-205.6301445,433.96452650000003,53.223397999999996,-81.213728,210.166268,44.481805,-47.427580000000006,-25.576318000000015,-43.604380000000006
-72.51572933333334,624.318701,296.399346,-205.8587755,434.2423635,53.07070350000001,-81.0957625,210.5660995,45.092308,-47.194135,-25.694470999999993,-43.728006
-72.50329133333334,624.3524023333333,296.393852,-206.10852549999998,434.54142,52.9100735,-80.97532,211.0110965,45.760705,-46.94602,-25.82966300000001,-43.85646
-72.49243133333333,624.3896003333333,296.388214,-206.37913,434.8615755,52.7418165,-80.852093,211.502636,46.48925,-46.68313,-25.98260400000001,-43.98958999999999
-72.48314900000001,624.4303603333333,296.38246666666663,-206.6702525,435.2026325,52.566303500000004,-80.7257775,212.04198,47.2800395,-46.405463000000005,-26.153948000000014,-44.127120999999995
-72.47544566666666,624.474746,296.376647,-206.981483,435.56431,52.383963,-80.596078,212.630268,48.134997999999996,-46.113118,-26.34428600000001,-44.26865
-72.46931966666666,624.52282,296.370791,-207.312338,435.946245,52.1952795,-80.462711,213.268508,49.0558605,-45.806296,-26.554144000000008,-44.413639
-72.46477033333333,624.5746436666667,296.36493700000005,-207.662259,436.34799,52.000793,-80.325405,213.9575695,50.044159500000006,-45.485298,-26.783974999999998,-44.561431000000006
-72.461796,624.6302776666666,296.3591226666667,-208.030619,436.7690175,51.801095000000004,-80.183909,214.6981825,51.1012155,-45.150513999999994,-27.034156999999993,-44.711237
-72.46039433333333,624.6897796666667,296.35338733333333,-208.4167185,437.20871750000003,51.596824,-80.0379935,215.490927,52.228123999999994,-44.802431000000006,-27.304992,-44.862154
-72.460562,624.7532073333333,296.34777,-208.81979,437.6663995,51.388664,-79.8874555,216.336235,53.425753,-44.441613,-27.596698000000004,-45.01316800000001
-72.462296,624.820615,296.34231033333333,-209.239002,438.141295,51.1773355,-79.732122,217.2343855,54.6947375,-44.068702,-27.909410999999977,-45.163165
-72.46559133333334,624.8920573333334,296.33704766666665,-209.67345899999998,438.63256149999995,50.963596499999994,-79.5718565,218.18550199999999,56.035473499999995,-43.684405,-28.243180000000024,-45.310943
-72.470443,624.9675843333333,296.332022,-210.1222075,439.13928450000003,50.7482345,-79.40656,219.18955749999998,57.4481205,-43.289486000000004,-28.597971,-45.455221
-72.47684533333333,625.0472453333333,296.327273,-210.584238,439.6604805,50.532061999999996,-79.236177,220.24636900000002,58.9326025,-42.88475400000001,-28.973660000000024,-45.594661
-72.48479133333332,625.1310873333333,296.322841,-211.058492,440.19510149999996,50.315909500000004,-79.0606955,221.3556045,60.488609499999995,-42.471055,-29.37003900000002,-45.727877
-72.49427333333334,625.2191546666667,296.3187643333333,-211.54386449999998,440.74204199999997,50.1006245,-78.880157,222.516784,62.115606,-42.049258,-29.786811999999998,-45.853452000000004
-72.505284,625.3114883333333,296.315084,-212.0392085,441.30014,49.8870615,-78.6946495,223.7292825,63.812833499999996,-41.620249,-30.223602999999997,-45.969956999999994
-72.51781333333334,625.4081279999999,296.311837,-212.543342,441.8681865,49.6760785,-78.504317,224.99233650000002,65.57932,-41.184912,-30.679948999999993,-46.07596399999999
-72.531852,625.50911,296.3090623333333,-213.05505399999998,442.4449265,49.468532,-78.30935550000001,226.305049,67.413888,-40.744127000000006,-31.155309999999986,-46.170063999999996
-72.547389,625.6144673333333,296.306798,-213.5731075,443.0290695,49.2652725,-78.1100165,227.666395,69.3151675,-40.298759,-31.649068,-46.250882999999995
-72.56441333333333,625.7242296666667,296.30507966666664,-214.096247,443.61929299999997,49.0671365,-77.9066045,229.075229,71.281602,-39.849647000000004,-32.160529999999994,-46.317094000000004
-72.58291233333334,625.838425,296.30394499999994,-214.62320499999998,444.214247,48.8749465,-77.6994775,230.530293,73.311466,-39.397593,-32.68893600000001,-46.367436
-72.60287266666667,625.9570756666667,296.30342833333333,-215.1527085,444.8125655,48.68950100000001,-77.4890435,232.030225,75.4028695,-38.943363,-33.233457999999985,-46.400721
-72.62428066666666,626.080203,296.3035633333334,-215.683482,445.412867,48.511576999999996,-77.2757595,233.573566,77.553778,-38.487675,-33.79321199999998,-46.415851999999994
-72.64712133333333,626.207824,296.30438366666664,-216.214257,446.0137645,48.3419195,-77.06012799999999,235.158772,79.762021,-38.031198,-34.36725200000001,-46.411828
-72.67137866666667,626.3399516666667,296.3059206666667,-216.7437755,446.613871,48.181242499999996,-76.8426915,236.78422,82.0253045,-37.574545,-34.954588,-46.387755000000006
-72.69703766666667,626.4765956666666,296.30820500000004,-217.270799,447.21180549999997,48.030225,-76.624031,238.448219,84.3412265,-37.11827399999999,-35.554179999999974,-46.342851
-72.72407933333334,626.6177626666666,296.31126566666666,-217.7941085,447.8061985,47.8895085,-76.404759,240.1490215,86.707285,-36.662881999999996,-36.16495499999999,-46.276454
-72.75248633333332,626.7634533333334,296.31512999999995,-218.312518,448.39570100000003,47.759693,-76.18551500000001,241.88482900000002,89.1208975,-36.20881200000001,-36.78580200000002,-46.188027000000005
-72.78224,626.9136686666667,296.319825,-218.8248715,448.9789855,47.6413385,-75.9669605,243.6538055,91.579406,-35.756447,-37.415591000000006,-46.077152
-72.81332066666667,627.0684013333333,296.3253743333333,-219.33005500000002,449.554756,47.534962,-75.749773,245.454085,94.0800935,-35.306116,-38.053165999999976,-45.943539
-72.84570733333334,627.2276439999999,296.3318013333333,-219.8269965,450.12175149999996,47.4410355,-75.534642,247.28378049999998,96.6201955,-34.858094,-38.69736099999997,-45.78702299999999
-72.87937866666667,627.3913823333334,296.33912733333335,-220.3146715,450.6787505,47.3599885,-75.322259,249.1409945,99.19690750000001,-34.41261,-39.34700300000003,-45.607557
-72.91431366666667,627.559601,296.347372,-220.79210999999998,451.22457699999995,47.292204000000005,-75.113318,251.02382550000002,101.807402,-33.969844,-40.000921000000005,-45.405214
-72.95048833333333,627.7322783333334,296.3565536666667,-221.2583955,451.7581045,47.2380225,-74.9085035,252.930376,104.44883250000001,-33.529939,-40.657947999999976,-45.180178999999995
-72.98788,627.9093913333334,296.3666876666667,-221.7126725,452.27826200000004,47.1977395,-74.708492,254.858764,107.118349,-33.093,-41.31693199999998,-44.932744
-73.026464,628.090911,296.37778933333334,-222.15414500000003,452.7840335,47.171608,-74.5139415,256.80712300000005,109.81310300000001,-32.659105000000004,-41.97673800000001,-44.66329800000001
-73.06621433333333,628.276806,296.38987066666664,-222.582083,453.2744645,47.1598405,-74.3254905,258.7736145,112.530261,-32.228305000000006,-42.636258999999995,-44.37232399999999
-73.107107,628.4670416666667,296.4029433333333,-222.995822,453.7486665,47.162607,-74.143754,260.75643,115.2670095,-31.800634000000002,-43.29441800000001,-44.06038899999999
-73.14911333333333,628.6615780000001,296.4170166666667,-223.394765,454.2058145,47.1800395,-73.96931649999999,262.7537985,118.0205655,-31.376110999999995,-43.95017299999998,-43.728137000000004
-73.19220766666666,628.860373,296.4320976666667,-223.77838350000002,454.6451535,47.2122325,-73.8027335,264.763988,120.788183,-30.954746999999998,-44.60252399999999,-43.376271999999986
-73.23636166666667,629.0633803333334,296.44819233333334,-224.14621799999998,455.06599900000003,47.2592455,-73.6445245,266.78531050000004,123.5671605,-30.536551000000003,-45.250519,-43.00556499999999
-73.28154533333334,629.2705503333333,296.46530466666667,-224.49787800000001,455.467737,47.3211035,-73.495174,268.8161265,126.354848,-30.121534000000004,-45.893250999999964,-42.616826
-73.32773100000001,629.4818309999999,296.48343700000004,-224.8330425,455.8498265,47.3978005,-73.355128,270.854844,129.148652,-29.709709999999994,-46.52987399999998,-42.210914
-73.37488766666667,629.6971656666668,296.50259,-225.1514575,456.2117985,47.4892995,-73.224793,272.899923,131.946043,-29.30110599999999,-47.15958999999998,-41.788713999999985
-73.42298433333333,629.9164946666666,296.522763,-225.45293600000002,456.5532575,47.5955375,-73.104536,274.949873,134.744559,-28.895759999999996,-47.781666,-41.351134000000016
-73.47198966666667,630.1397566666667,296.5439523333334,-225.7373575,456.873878,47.7164255,-72.994683,277.00325699999996,137.5418095,-28.493729999999992,-48.39542799999998,-40.89910099999999
-73.52187233333333,630.3668856666667,296.56615533333337,-226.0046625,457.173407,47.8518495,-72.8955185,279.0586885,140.33548150000001,-28.095088999999994,-49.00026500000001,-40.433549
-73.57259866666668,630.597813,296.5893653333333,-226.25485450000002,457.451661,48.001674,-72.807287,281.114833,143.12334349999998,-27.699930000000002,-49.59562599999998,-39.95541299999999
-73.62413533333333,630.832468,296.6135756666667,-226.48799400000001,457.70852549999995,48.165745,-72.7301925,283.17040299999996,145.9032425,-27.308372999999996,-50.181024000000036,-39.465625
-73.67644933333334,631.0707766666667,296.638778,-226.70419800000002,457.94395,48.343889000000004,-72.664399,285.2241595,148.6731155,-26.920553999999996,-50.756035,-38.96510699999999
-73.72950466666667,631.3126619999999,296.66496166666667,-226.903637,458.15794900000003,48.5359165,-72.610034,287.27491,151.4309835,-26.53663600000001,-51.32029399999999,-38.45476500000001
-73.78326700000001,631.558045,296.692116,-227.08652949999998,458.3505995,48.741623,-72.5671835,289.321503,154.174957,-26.156802999999996,-51.873493999999994,-37.93548799999999
-73.83770066666666,631.8068443333333,296.7202293333333,-227.253142,458.52203499999996,48.960792999999995,-72.535902,291.3628285,156.903236,-25.781259999999996,-52.41538499999996,-37.40814399999999
-73.89276933333333,632.0589753333334,296.74928666666665,-227.40378249999998,458.672446,49.1931965,-72.5162045,293.3978125,159.61410949999998,-25.410235,-52.94577099999998,-36.87357299999999
-73.94843533333334,632.314352,296.7792753333334,-227.5388005,458.802075,49.438596000000004,-72.508076,295.42541600000004,162.3059585,-25.04397,-53.46450399999998,-36.332588999999984
-74.00466266666666,632.572886,296.81017933333334,-227.658581,458.911213,49.6967445,-72.51146800000001,297.4446315,164.9772505,-24.682728000000004,-53.97148499999997,-35.78597500000001
-74.06141333333333,632.8344856666666,296.8419823333333,-227.7635405,459.000198,49.9673895,-72.526301,299.45447850000005,167.626544,-24.326786000000006,-54.466655,-35.23448400000001
-74.11864866666666,633.0990586666667,296.87466766666665,-227.854128,459.06941,50.25027,-72.55246700000001,301.4540035,170.25248499999998,-23.976428000000006,-54.94999299999995,-34.67884000000001
-74.17633033333333,633.3665100000001,296.90821766666664,-227.930816,459.1192675,50.545124,-72.5898315,303.442272,172.8538065,-23.631950999999994,-55.421514,-34.11972900000001
-74.234419,633.636743,296.9426143333333,-227.9941025,459.15022550000003,50.85168350000001,-72.638234,305.4183715,175.4293255,-23.293656,-55.881260999999995,-33.55780899999999
-74.29287566666666,633.909659,296.9778386666666,-228.04450500000002,459.16277,51.169681,-72.69748799999999,307.38140599999997,177.97794449999998,-22.961845999999994,-56.329304000000036,-32.993705000000006
-74.35166066666666,634.1851580000001,297.01387266666666,-228.0825595,459.1574165,51.498847,-72.767386,309.3304945,180.4986445,-22.636823999999997,-56.76573300000001,-32.428011
-74.41073333333334,634.4631373333333,297.05069699999996,-228.108815,459.1347055,51.838913,-72.8476995,311.2647675,182.990489,-22.318885,-57.19065499999999,-31.861288000000002
-74.47005433333334,634.7434939999999,297.0882913333333,-228.1238345,459.09519950000004,52.189613,-72.93818,313.18336899999997,185.4526185,-22.008318000000003,-57.60418999999996,-31.294070999999974
-74.52958233333334,635.026122,297.126637,-228.1281915,459.03948049999997,52.550683,-73.0385605,315.0854525,187.88425,-21.705402999999997,-58.00646899999998,-30.72686200000001
-74.58927666666666,635.3109166666667,297.16571433333337,-228.1224675,458.968147,52.9218625,-73.148558,316.970182,190.284672,-21.410401999999998,-58.39762999999999,-30.160136000000023
-74.649097,635.5977686666666,297.205504,-228.1072485,458.88180850000003,53.302895500000005,-73.26787350000001,318.836731,192.65324700000002,-21.123561000000002,-58.77781199999998,-29.594344000000007
-74.709002,635.8865693333333,297.245987,-228.0831275,458.781087,53.693534,-73.396196,320.684284,194.9894065,-20.845107999999996,-59.147159999999985,-29.029908999999975
-74.76895066666667,636.1772086666666,297.2871436666667,-228.050699,458.66661050000005,54.0935345,-73.5332015,322.51203599999997,197.29264999999998,-20.575245000000002,-59.50581600000004,-28.467228000000006
-74.82890133333333,636.469575,297.328956,-228.010559,458.539013,54.5026615,-73.678555,324.3191965,199.5625425,-20.314154000000002,-59.85391899999996,-27.906678999999997
-74.888814,636.7635566666667,297.371405,-227.963305,458.39893,54.920688500000004,-73.83191099999999,326.1049855,201.79871400000002,-20.061988,-60.191606999999976,-27.34860999999998
-74.94864700000001,637.0590396666666,297.41447266666665,-227.9095315,458.2469985,55.3473975,-73.992917,327.868644,204.0008575,-19.818876000000003,-60.51901400000003,-26.793352999999996
-75.008359,637.3559103333333,297.4581416666667,-227.8498335,458.083852,55.78258,-74.1612145,329.60943,206.1687265,-19.584919000000014,-60.836269999999956,-26.241214999999983
-75.06790966666667,637.6540533333333,297.5023946666666,-227.78480050000002,457.910121,56.226037000000005,-74.3364385,331.3266255,208.302134,-19.36018899999999,-61.14350099999996,-25.69247999999999
-75.12725866666666,637.9533536666667,297.5472153333333,-227.715021,457.7264295,56.677581,-74.518218,333.0195375,210.40095300000002,-19.144734,-61.44082700000001,-25.147413999999998
-75.18636500000001,638.2536943333333,297.5925873333333,-227.6410775,457.5333935,57.137036,-74.70618150000001,334.6875025,212.46511249999998,-18.938575,-61.72836900000004,-24.606258999999994
-75.24518966666666,638.5549589999999,297.63849566666664,-227.563547,457.3316195,57.604234500000004,-74.89995350000001,336.3298925,214.4945975,-18.741709,-62.006242999999984,-24.069234999999992
-75.303692,638.8570293333333,297.6849253333333,-227.4830005,457.12170100000003,58.079023,-75.09915799999999,337.94611499999996,216.489448,-18.554106000000004,-62.27456599999999,-23.536540000000002
-75.36183333333334,639.159788,297.73186200000004,-227.40000400000002,456.90422049999995,58.561257499999996,-75.30341849999999,339.535621,218.449758,-18.375723000000008,-62.53345200000001,-23.008348000000012
-75.41957433333333,639.4631169999999,297.77929233333333,-227.315114,456.67974449999997,59.050807,-75.512359,341.09790599999997,220.375673,-18.206494000000006,-62.78301800000003,-22.48481000000001
-75.47687733333333,639.766897,297.82720366666666,-227.2288805,456.4488235,59.54755,-75.725606,342.6325175,222.2673905,-18.04634200000001,-63.02338099999997,-21.966050999999993
-75.53370433333333,640.071009,297.8755833333334,-227.141844,456.21199049999996,60.051378,-75.942787,344.139056,224.125158,-17.895173999999997,-63.25466399999999,-21.452170000000024
-75.590018,640.3753336666667,297.924421,-227.054537,455.9697595,60.562192,-76.1635315,345.6171785,225.9492715,-17.75289500000001,-63.476991,-20.943241
-75.645782,640.6797516666667,297.97370466666666,-226.96748,455.7226255,61.079904,-76.387475,347.06660450000004,227.7400745,-17.619401999999994,-63.69049100000001,-20.43930499999999
-75.700961,640.984143,298.0234253333333,-226.88118400000002,455.4710605,61.6044365,-76.614254,348.487117,229.4979565,-17.494596,-63.895298000000025,-19.940376999999984
-75.75551933333332,641.2883886666666,298.0735736666666,-226.79614850000002,455.2155165,62.1357225,-76.8435115,349.878566,231.223351,-17.37837499999999,-64.09155000000004,-19.446439999999996
-75.80942366666666,641.5923676666666,298.12414066666673,-226.7128615,454.9564215,62.673702999999996,-77.0748925,351.240869,232.9167335,-17.270651,-64.27939399999997,-18.957445000000007
-75.86264033333333,641.895962,298.1751186666666,-226.6317955,454.69417899999996,63.218329,-77.30805050000001,352.5740135,234.5786215,-17.171342999999993,-64.458979,-18.473310999999995
-75.915137,642.1990506666666,298.226502,-226.55341199999998,454.429168,63.769560999999996,-77.5426405,353.878059,236.2095695,-17.080382999999998,-64.63045599999998,-17.993923000000024
-75.96688233333333,642.5015153333333,298.2782826666667,-226.4781575,454.161744,64.327367,-77.7783245,355.153134,237.81017,-16.997722999999993,-64.79398399999997,-17.51913000000002
-76.01784566666667,642.8032366666666,298.3304563333333,-226.40646049999998,453.89223549999997,64.8917225,-78.01477,356.39943949999997,239.3810475,-16.923329999999993,-64.949723,-17.048748999999987
-76.06799866666667,643.104096,298.38301766666666,-226.3387375,453.62094349999995,65.4626105,-78.25165050000001,357.617245,240.9228605,-16.857197,-65.09783399999998,-16.582561
-76.11731233333335,643.4039746666667,298.43596333333335,-226.2753845,453.3481455,66.0400215,-78.488643,358.8068875,242.4362945,-16.799335999999997,-65.23847899999998,-16.12031300000001
-76.16575966666667,643.7027553333334,298.4892893333333,-226.216781,453.07409099999995,66.623952,-78.72543300000001,359.96877,243.92206349999998,-16.749781999999996,-65.37181799999996,-15.661714999999987
-76.21331466666668,644.000321,298.5429936666667,-226.163289,452.79900250000003,67.2144045,-78.96171,361.10335699999996,245.3809025,-16.708596,-65.49800799999997,-15.206448999999992
-76.25995366666668,644.2965546666666,298.5970733333333,-226.1152485,452.5230765,67.81138800000001,-79.19717,362.2111715,246.81357,-16.675861999999995,-65.61720099999997,-14.754160000000013
-76.30565166666668,644.5913409999999,298.6515283333333,-226.072982,452.246484,68.414917,-79.43151399999999,363.2927925,248.22084,-16.651687999999993,-65.72954499999997,-14.304463999999996
-76.35038800000001,644.8845646666667,298.7063576666667,-226.0367905,451.96936900000003,69.0250095,-79.6644495,364.348847,249.6035035,-16.636202999999995,-65.83517599999999,-13.856950999999981
-76.39414099999999,645.1761116666667,298.76156066666664,-226.006952,451.69185,69.64169,-79.8956895,365.380008,250.962363,-16.629554999999996,-65.93422200000003,-13.411181999999997
-76.43689166666667,645.46587,298.81713799999994,-225.9837255,451.41402100000005,70.264986,-80.1249535,366.38698650000003,252.298228,-16.631908999999993,-66.02680300000003,-12.966695999999985
-76.47862133333334,645.7537273333332,298.873091,-225.9673445,451.13595150000003,70.894932,-80.3519665,367.3705285,253.6119175,-16.643449000000004,-66.113023,-12.523010999999997
-76.51931400000001,646.039573,298.929421,-225.958021,450.8576865,71.5315625,-80.5764595,368.331406,254.90425150000002,-16.664365000000004,-66.192972,-12.079629000000011
-76.55895466666666,646.3232979999999,298.98613,-225.9559435,450.5792505,72.1749185,-80.79817,369.27041299999996,256.1760525,-16.69485800000001,-66.26673,-11.636037000000016
-76.597528,646.6047946666666,299.0432196666667,-225.9612775,450.30064400000003,72.8250425,-81.016841,370.18835950000005,257.4281405,-16.735131999999993,-66.334361,-11.191715000000016
-76.63502299999999,646.8839563333332,299.1006933333333,-225.9741625,450.021848,73.4819815,-81.232224,371.08606299999997,258.661331,-16.785390000000007,-66.39591000000001,-10.746139999999997
-76.67142866666667,647.160678,299.1585543333333,-225.99471599999998,449.742822,74.145784,-81.444075,371.9643455,259.876432,-16.845830000000007,-66.451413,-10.298784000000012
-76.706735,647.4348576666666,299.21680466666663,-226.0230305,449.4635095,74.8165015,-81.6521585,372.8240245,261.074245,-16.916641,-66.50088900000003,-9.849128000000007
-76.74093466666666,647.706393,299.2754483333333,-226.05917449999998,449.18383500000004,75.4941875,-81.856247,373.6659085,262.255558,-16.997996,-66.54434300000003,-9.396659999999997
-76.77402033333333,647.9751849999999,299.3344886666667,-226.103193,448.903708,76.178895,-82.05612049999999,374.4907945,263.4211495,-17.090051000000003,-66.58176700000001,-8.94088499999998
-76.80598733333333,648.241136,299.3939296666667,-226.1551065,448.6230215,76.87068099999999,-82.2515675,375.2994565,264.5717795,-17.19293499999999,-66.61314499999997,-8.481326999999965
-76.83683266666667,648.5041516666666,299.45377433333334,-226.2149125,448.3416575,77.5696005,-82.442387,376.092647,265.70819700000004,-17.306749999999994,-66.63844800000004,-8.017536000000007
-76.86655366666666,648.7641373333332,299.51402666666667,-226.28258499999998,448.059484,78.27571,-82.6283865,376.871089,266.83113000000003,-17.431562999999997,-66.65764000000001,-7.549090000000035
-76.89515,649.021003,299.5746903333333,-226.35807699999998,447.77636,78.989064,-82.80938599999999,377.6354735,267.941291,-17.567403999999996,-66.670681,-7.0756039999999985
-76.92262266666667,649.27466,299.63576966666665,-226.4413175,447.4921335,79.709716,-82.9852175,378.38645499999996,269.0393735,-17.714259,-66.677528,-6.596734999999967
-76.94897366666667,649.5250213333334,299.697267,-226.5322155,447.2066455,80.43771749999999,-83.15572499999999,379.1246495,270.1260495,-17.872069999999994,-66.678135,-6.112181000000021
-76.97420699999999,649.7720036666666,299.75918666666666,-226.63065899999998,446.919731,81.17311649999999,-83.3207685,379.850632,271.2019725,-18.040727000000004,-66.67246,-5.621694999999988
-76.99832766666667,650.015527,299.82153166666666,-226.736516,446.63122,81.9159585,-83.4802205,380.564934,272.26777549999997,-18.220068999999995,-66.66046600000004,-5.125076999999976
-77.02134266666667,650.255511,299.884305,-226.8496355,446.34093800000005,82.6662825,-83.6339715,381.2680435,273.32406949999995,-18.409876999999994,-66.64212300000003,-4.622188999999992
-77.04325899999999,650.4918813333334,299.94750999999997,-226.9698485,446.0487085,83.424124,-83.78192999999999,381.9604005,274.371447,-18.609876,-66.61740900000001,-4.112952000000007
-77.06408699999999,650.7245643333334,300.011149,-227.0969695,445.754354,84.189511,-83.92402150000001,382.6424,275.410477,-18.81972900000001,-66.58632,-3.5973520000000008
-77.08383666666667,650.9534913333333,300.07522466666666,-227.2307955,445.4576985,84.96246450000001,-84.0601915,383.3143895,276.44171,-19.039045,-66.548859,-3.075435999999968
-77.10252000000001,651.1785936666666,300.1397386666667,-227.371109,445.158567,85.742998,-84.190406,383.976671,277.4656735,-19.267365999999996,-66.50505399999997,-2.5473230000000058
-77.12014966666668,651.399808,300.20469299999996,-227.517678,444.856786,86.531115,-84.3146515,384.6295,278.482875,-19.504178999999993,-66.454946,-2.0131939999999986
-77.13673966666666,651.6170743333333,300.2700893333333,-227.670258,444.552188,87.32681050000001,-84.432937,385.27308700000003,279.493804,-19.748909999999995,-66.39860000000004,-1.4733019999999897
-77.15230666666666,651.8303336666667,300.33592866666663,-227.8285915,444.2446095,88.130067,-84.54529199999999,385.9076,280.498926,-20.000929999999997,-66.33609799999999,-0.9279619999999795
-77.166865,652.0395319999999,300.4022116666667,-227.992411,443.93389449999995,88.94085849999999,-84.651769,386.533163,281.498689,-20.259558,-66.26755000000003,-0.37756000000001677
-77.18043433333334,652.2446190000001,300.46893800000004,-228.161439,443.61989300000005,89.7591435,-84.7524425,387.14986,282.493519,-20.524063000000012,-66.193084,0.1774639999999863
-77.193032,652.4455456666666,300.536108,-228.33538850000002,443.3024645,90.58487149999999,-84.847408,387.757738,283.48382349999997,-20.79367400000001,-66.11284999999998,0.7366049999999973
-77.20467766666667,652.6422676666666,300.60372033333334,-228.51396549999998,442.98147700000004,91.417975,-84.93678249999999,388.3568055,284.469989,-21.06757499999999,-66.02702099999999,1.2993060000000014
-77.21539133333334,652.8347446666667,300.67177300000003,-228.6968695,442.656809,92.258375,-85.0207025,388.947039,285.452381,-21.344921,-65.93579399999999,1.8649580000000014
-77.22519466666667,653.0229383333334,300.74026366666664,-228.8837945,442.328351,93.105978,-85.0993235,389.5283815,286.431347,-21.624843,-65.83937900000001,2.4329119999999875
-77.23410966666667,653.2068146666667,300.80919033333333,-229.074429,441.996003,93.9606745,-85.17281750000001,390.1007485,287.40721,-21.90645099999999,-65.73800499999999,3.0024779999999964
-77.24215833333334,653.386343,300.87854899999996,-229.2684595,441.65968,94.82234199999999,-85.2413725,390.6640285,288.380276,-22.188849000000005,-65.63191899999998,3.57293599999997
-77.24936433333333,653.5614966666667,300.94833500000004,-229.4655705,441.319308,95.69084149999999,-85.3051915,391.2180865,289.350826,-22.47113499999999,-65.52137899999997,4.14354400000002
-77.25575133333332,653.7322523333333,301.0185433333333,-229.66544299999998,440.9748285,96.566019,-85.3644875,391.762766,290.319121,-22.752416999999994,-65.40664800000002,4.713543999999956
-77.26134366666668,653.89859,301.089168,-229.86775999999998,440.6261955,97.4477055,-85.41948149999999,392.297893,291.28540050000004,-23.031817000000004,-65.288002,5.28216900000001
-77.26616666666668,654.0604933333334,301.1602023333333,-230.0722035,440.27337850000004,98.33571599999999,-85.470404,392.8232775,292.2498785,-23.308480000000003,-65.16571700000003,5.848652999999956
-77.27024466666667,654.2179503333333,301.231638,-230.2784575,439.9163615,99.2298515,-85.5174885,393.33871750000003,293.212748,-23.58158499999999,-65.04007099999995,6.412238000000002
-77.27360366666666,654.3709516666667,301.3034666666667,-230.4862085,439.55514400000004,100.129897,-85.5609695,393.844002,294.17417850000004,-23.850348999999994,-64.911338,6.9721830000000296
-77.27626966666666,654.519493,301.3756786666667,-230.69514600000002,439.18974000000003,101.0356225,-85.601083,394.33891100000005,295.134313,-24.114037999999994,-64.779784,7.52777199999997
-77.27826766666665,654.6635726666667,301.44826300000005,-230.904963,438.8201805,101.94678400000001,-85.6380605,394.823223,296.093273,-24.371971000000002,-64.64567199999999,8.078313999999978
-77.279625,654.8031930000001,301.52120866666667,-231.1153585,438.4465105,102.863123,-85.6721285,395.29671299999995,297.051153,-24.623526999999996,-64.50924600000002,8.62316199999998
-77.280366,654.9383603333334,301.5945023333333,-231.326036,438.0687905,103.784367,-85.7035065,395.75915899999995,298.00802450000003,-24.868149000000003,-64.370744,9.161703000000045
-77.28051833333332,655.0690843333333,301.6681303333333,-231.53670449999998,437.6870965,104.71023,-85.732405,396.2103425,298.96393450000005,-25.105349999999987,-64.23038300000002,9.693378999999993
-77.28010733333333,655.195378,301.74207900000005,-231.7470815,437.301521,105.640412,-85.759023,396.65005199999996,299.918904,-25.334711999999996,-64.08836600000001,10.217679999999973
-77.27915866666666,655.3172589999999,301.8163313333333,-231.95689000000002,436.91216999999995,106.574601,-85.783548,397.078085,300.8729315,-25.555896000000004,-63.94487600000002,10.734149000000002
-77.27769766666667,655.4347476666667,301.890872,-232.165862,436.5191625,107.512473,-85.8061535,397.49425199999996,301.8259915,-25.768631,-63.80008200000003,11.242385000000013
-77.27575033333333,655.547868,301.9656823333334,-232.373737,436.1226355,108.4536905,-85.826999,397.898378,302.77803500000005,-25.972724,-63.65413000000001,11.742048000000011
-77.273342,655.656648,302.04074399999996,-232.5802645,435.7227365,109.39790500000001,-85.84623149999999,398.290303,303.7289905,-26.168053,-63.507150000000024,12.232848999999987
-77.27049633333333,655.761118,302.11603766666667,-232.7852015,435.319628,110.3447585,-85.86398,398.66988949999995,304.678767,-26.354563999999996,-63.359257000000014,12.714560000000006
-77.267238,655.8613139999999,302.191542,-232.988316,434.9134835,111.29388,-85.880361,399.0370185,305.627253,-26.532271999999992,-63.210549000000015,13.187004000000002
-77.263591,655.9572726666667,302.26723633333336,-233.18938500000002,434.5044905,112.2448885,-85.8954765,399.391596,306.57431599999995,-26.70125300000001,-63.06111199999998,13.650054000000011
-77.25957833333332,656.0490353333333,302.34309733333333,-233.388195,434.092846,113.1973945,-85.909416,399.7335545,307.519808,-26.861638000000013,-62.911021000000005,14.103635999999995
-77.25522366666667,656.1366456666666,302.41910233333334,-233.5845445,433.67876,114.150998,-85.922255,400.06285149999997,308.463563,-27.01361200000001,-62.76034299999998,14.547713999999985
-77.250548,656.2201516666667,302.4952263333334,-233.77824049999998,433.2624495,115.1052905,-85.93405899999999,400.3794745,309.40540150000004,-27.157402000000005,-62.60913899999997,14.982294999999965
-77.24557333333333,656.2996033333334,302.5714453333333,-233.9691025,432.8441435,116.0598535,-85.944883,400.68344249999996,310.3451285,-27.293276000000006,-62.457469,15.40741700000001
-77.240321,656.3750536666668,302.64773266666674,-234.156959,432.42407749999995,117.0142625,-85.954774,400.9748045,311.2825385,-27.421527999999995,-62.30538899999999,15.823149
-77.234811,656.4465593333333,302.7240616666666,-234.34165000000002,432.0024965,117.96808200000001,-85.963772,401.253643,312.21741399999996,-27.542481999999993,-62.152962,16.229581999999994
-77.229063,656.514178,302.800406,-234.52302650000001,431.5796505,118.920873,-85.971913,401.52007349999997,313.14952700000003,-27.656477999999993,-62.000256999999976,16.626825999999994
-77.22309566666667,656.5779719999999,302.8767363333333,-234.7009495,431.1557985,119.872186,-85.9792285,401.7742455,314.0786425,-27.76386699999999,-61.84734900000001,17.015004999999974
-77.21692766666666,656.6380043333334,302.95302433333336,-234.875291,430.7312,120.82156649999999,-85.9857495,402.01634349999995,315.00451499999997,-27.865003,-61.694323,17.39425
-77.21057666666667,656.6943426666667,303.0292406666667,-235.045934,430.306124,121.7685545,-85.991506,402.24658350000004,315.926895,-27.96024,-61.54127699999998,17.764699999999948
-77.204059,656.7470543333334,303.1053556666667,-235.212771,429.8808415,122.712683,-85.9965305,402.465218,316.8455245,-28.049929000000006,-61.38832200000002,18.126488999999992
-77.19739,656.7962106666668,303.1813386666667,-235.37570549999998,429.455625,123.65348,-86.00085899999999,402.6725315,317.760142,-28.134406,-61.23558300000002,18.47975200000002
-77.19058666666668,656.8418849999999,303.257159,-235.5346505,429.03075,124.59047000000001,-86.004531,402.868841,318.6704795,-28.21399600000001,-61.08319799999998,18.824618999999984
-77.18366200000001,656.8841516666666,303.33278466666667,-235.689529,428.60649550000005,125.523174,-86.00759249999999,403.054494,319.5762645,-28.289001,-60.931321999999966,19.161213000000032
-77.176631,656.9230883333333,303.408185,-235.84027450000002,428.18313850000004,126.4511075,-86.01009400000001,403.229868,320.47722,-28.359707999999998,-60.780118000000016,19.489644
-77.16950566666667,656.9587733333333,303.483327,-235.986827,427.7609565,127.373786,-86.012096,403.395368,321.373065,-28.426379999999995,-60.62976600000002,19.81002000000001
-77.162299,656.9912860000001,303.5581793333333,-236.129139,427.3402285,128.2907205,-86.013665,403.551426,322.263513,-28.489254000000003,-60.48045400000001,20.122435999999993
-77.15502266666668,657.0207096666667,303.63270933333337,-236.267169,426.921229,129.201424,-86.0148765,403.698496,323.148273,-28.548547000000013,-60.332378000000006,20.426980000000015
-77.147687,657.047126,303.70688433333333,-236.40088550000002,426.5042325,130.10540600000002,-86.01581200000001,403.8370535,324.0270495,-28.604451999999995,-60.185738999999955,20.723734999999976
-77.140303,657.0706203333334,303.7806716666667,-236.530264,426.089511,131.0021805,-86.0165635,403.96759399999996,324.899541,-28.657137000000006,-60.04074399999996,21.012774000000036
-77.13288033333333,657.0912776666668,303.85403933333333,-236.65528799999998,425.677333,131.8912595,-86.017228,404.090627,325.7654425,-28.70675,-59.89759600000002,21.294171000000006
-77.125427,657.1091849999999,303.9269543333333,-236.775948,425.267962,132.77215999999999,-86.0179095,404.20667549999996,326.624441,-28.753421000000003,-59.75649900000002,21.56799799999999
-77.11795233333333,657.1244283333333,303.999385,-236.8922425,424.86166000000003,133.6444015,-86.0187195,404.316272,327.47622,-28.797258999999997,-59.617647999999974,21.834328000000028
-77.11046333333333,657.1370973333334,304.07129833333335,-237.00417499999998,424.45868099999996,134.50751,-86.019772,404.4199565,328.32045700000003,-28.838359999999994,-59.481228999999985,22.09323599999999
-77.10296766666666,657.1472796666666,304.142663,-237.111756,424.05927699999995,135.361015,-86.021186,404.518272,329.1568235,-28.876805999999988,-59.34741600000001,22.344808999999998
-77.095472,657.1550643333334,304.21344700000003,-237.21500099999997,423.6636915,136.2044545,-86.023083,404.611762,329.9849865,-28.91266999999999,-59.21636999999998,22.589135
-77.08798166666666,657.1605416666666,304.283619,-237.3139335,423.272164,137.037374,-86.02558400000001,404.700968,330.8046075,-28.946016,-59.088232000000005,22.826318999999955
-77.08050266666667,657.1638003333333,304.3531483333333,-237.4085785,422.884927,137.8593295,-86.02881,404.786425,331.615343,-28.976904000000005,-58.96312599999999,23.056475999999975
-77.07304033333332,657.164931,304.4220046666667,-237.498968,422.502205,138.66988600000002,-86.0328795,404.86866150000003,332.4168475,-29.00539099999999,-58.841151000000025,23.279735000000016
-77.06559833333334,657.1640226666667,304.490157,-237.5851375,422.124218,139.46862099999998,-86.0379075,404.948192,333.20877199999995,-29.031532999999996,-58.722388000000024,23.49624
-77.05818166666667,657.1611656666668,304.55757666666665,-237.6671275,421.751176,140.2551245,-86.0440035,405.02552049999997,333.9907645,-29.05538899999999,-58.60689299999996,23.706152999999972
-77.05079366666666,657.1564486666667,304.624234,-237.744981,421.38328249999995,141.029001,-86.05127,405.101132,334.76247249999994,-29.077020000000005,-58.49469799999997,23.909649
-77.04343833333333,657.1499616666666,304.69010099999997,-237.8187455,421.020734,141.789869,-86.0598005,405.1754955,335.523546,-29.09649499999999,-58.38581099999999,24.106920000000002
-77.03611766666666,657.1417923333333,304.755149,-237.888472,420.6637185,142.5373625,-86.06967850000001,405.249058,336.273635,-29.113884999999996,-58.28021799999999,24.298172000000022
-77.02883533333333,657.132029,304.81935200000004,-237.95421249999998,420.312414,143.27113450000002,-86.08097799999999,405.32224499999995,337.01239350000003,-29.129272,-58.17788200000001,24.483629000000008
-77.02159333333333,657.1207596666667,304.882682,-238.016024,419.966993,143.99085399999998,-86.09375800000001,405.395459,337.73947999999996,-29.142746000000002,-58.07874800000002,24.663522
-77.01439366666666,657.10807,304.94511466666665,-238.0739645,419.627618,144.6962095,-86.108066,405.469075,338.45456049999996,-29.154404,-57.98273999999998,24.83809500000001
-77.007239,657.094046,305.0066233333334,-238.12809499999997,419.294444,145.3869075,-86.123936,405.543444,339.157309,-29.164352000000008,-57.88976399999996,25.00759800000003
-77.00012966666667,657.0787723333333,305.06718466666666,-238.178479,418.967616,146.0626775,-86.141385,405.6188895,339.84740999999997,-29.17270400000001,-57.79971499999999,25.172288000000037
-76.99306899999999,657.062333,305.1267746666667,-238.22518050000002,418.64727300000004,146.7232655,-86.160416,405.695705,340.5245575,-29.179581999999996,-57.712473999999986,25.332425
-76.98605733333333,657.04481,305.185371,-238.2682675,418.33354399999996,147.36844150000002,-86.181017,405.774157,341.1884615,-29.185115999999994,-57.62791400000003,25.488265000000013
-76.97909633333335,657.0262843333334,305.24295133333334,-238.3078085,418.026549,147.997996,-86.20316,405.8544815,341.83884450000005,-29.189440000000005,-57.545901000000015,25.640064999999993
-76.97218666666666,657.0068366666666,305.2994943333333,-238.343874,417.726402,148.61174,-86.22680199999999,405.93688799999995,342.4754455,-29.192697999999993,-57.466297999999995,25.788072999999997
-76.96532933333333,656.9865443333333,305.35498033333334,-238.37653799999998,417.4332065,149.2095095,-86.251884,406.021552,343.098021,-29.195031999999998,-57.38896599999998,25.932525999999996
-76.95852666666667,656.9654843333334,305.40938966666664,-238.4058725,417.1470595,149.7911575,-86.278335,406.10862199999997,343.706345,-29.19659200000001,-57.31376800000004,26.073654000000033
-76.951778,656.943732,305.462704,-238.431956,416.86804900000004,150.356562,-86.30606900000001,406.1982165,344.300211,-29.197525999999996,-57.24057300000004,26.211666000000037
-76.94508533333334,656.9213606666667,305.5149056666667,-238.454866,416.59625700000004,150.905622,-86.3349875,406.29042400000003,344.879432,-29.197982999999994,-57.16925399999997,26.346758000000023
-76.93844966666667,656.8984409999999,305.5659783333333,-238.474682,416.33175500000004,151.4382575,-86.3649825,406.385302,345.4438395,-29.198113000000006,-57.099692000000005,26.479105000000004
-76.931872,656.8750433333333,305.615906,-238.491487,416.074609,151.954408,-86.3959335,406.482881,345.99328749999995,-29.198060999999996,-57.03177999999997,26.608858999999995
-76.92535366666667,656.8512343333333,305.664674,-238.50536449999998,415.8248785,152.454035,-86.4277135,406.58316,346.52765,-29.197969,-56.965418,26.736154
-76.918895,656.82708,305.71226900000005,-238.516403,415.5826135,152.9371195,-86.46018699999999,406.686111,347.04681800000003,-29.197974000000002,-56.90052199999997,26.861098000000027
-76.91249833333335,656.8026433333333,305.758677,-238.524691,415.34785850000003,153.4036605,-86.49321499999999,406.79167600000005,347.5507055,-29.198208000000008,-56.837018,26.983775000000037
-76.906165,656.7779853333333,305.8038873333333,-238.53032,415.12065099999995,153.8536785,-86.52665350000001,406.899769,348.039243,-29.19879300000001,-56.77484400000003,27.10424599999999
-76.89989700000001,656.7531646666666,305.84788799999995,-238.533386,414.901023,154.28720700000002,-86.5603555,407.01027550000003,348.51238,-29.19984500000001,-56.71395699999999,27.222545999999966
-76.89369466666666,656.728237,305.89066933333334,-238.53398550000003,414.6889985,154.70430149999999,-86.594177,407.12305349999997,348.97008300000005,-29.20147,-56.65431700000005,27.338689999999986
-76.88756166666667,656.7032576666667,305.93222199999997,-238.53222,414.484596,155.10503,-86.627971,407.2379345,349.4123335,-29.203764000000007,-56.59590300000002,27.45266700000002
-76.88149933333334,656.678276,305.972538,-238.5281935,414.2878275,155.489477,-86.661597,407.35472200000004,349.8391285,-29.20681400000001,-56.53870599999999,27.56444700000003
-76.875511,656.6533433333333,306.01161,-238.522014,414.0987005,155.857743,-86.694917,407.47319400000003,350.250477,-29.210694000000004,-56.48272000000003,27.67398000000003
-76.869598,656.6285046666667,306.0494316666667,-238.51379150000002,413.917216,156.20993900000002,-86.7278,407.5931025,350.6464015,-29.215469999999996,-56.42795699999999,27.781200999999953
-76.86376433333334,656.6038043333334,306.0859973333333,-238.5036405,413.74336900000003,156.546191,-86.760121,407.7141755,351.026934,-29.221192000000002,-56.37442900000002,27.886026000000015
-76.858013,656.579284,306.12130233333335,-238.49167949999998,413.57714899999996,156.866635,-86.791765,407.8361165,351.39211450000005,-29.227903999999995,-56.322163000000046,27.988359000000003
-76.85234733333334,656.5549826666667,306.1553436666667,-238.4780295,413.4185415,157.1714195,-86.822625,407.9586065,351.74199150000004,-29.235634000000005,-56.27118100000001,28.088093000000015
-76.846771,656.5309363333332,306.18811766666664,-238.46281599999998,413.2675255,157.460702,-86.85260500000001,408.0813055,352.0766215,-29.2444,-56.221517000000006,28.185113
-76.84128866666667,656.5071793333333,306.2196226666667,-238.4461665,413.1240755,157.7346485,-86.881621,408.20385150000004,352.39606249999997,-29.25421,-56.173204999999996,28.279296999999985
-76.83590466666666,656.4837426666667,306.2498573333333,-238.42821349999997,412.9881615,157.993434,-86.9096,408.32586649999996,352.7003785,-29.265062,-56.126277000000016,28.370521000000053
-76.830623,656.4606560000001,306.2788216666667,-238.4090905,412.859746,158.23724049999998,-86.9364815,408.4469535,352.989636,-29.276939,-56.08076900000003,28.458658000000014
-76.82544966666666,656.4379446666667,306.30651600000004,-238.388937,412.73879,158.466257,-86.9622165,408.5667015,353.26390449999997,-29.289818999999994,-56.036711000000025,28.543582999999956
-76.82038966666666,656.4156336666666,306.3329416666666,-238.36789100000001,412.6252465,158.680677,-86.986771,408.684686,353.523253,-29.303668000000002,-55.994136000000026,28.625174000000015
-76.81544866666665,656.3937443333333,306.35810066666664,-238.346096,412.519066,158.880701,-87.010121,408.8004735,353.7677535,-29.318445999999994,-55.95306900000003,28.703313000000037
-76.81063266666666,656.3722956666667,306.381996,-238.3236955,412.420193,159.0665315,-87.0322555,408.91362100000003,353.997477,-29.334101000000004,-55.913531999999975,28.77789199999995
-76.80594866666667,656.351305,306.404632,-238.3008355,412.32856649999997,159.2383775,-87.05317600000001,409.02368,354.21249650000004,-29.350578,-55.87554399999999,28.848807000000022
-76.801403,656.330787,306.4260123333333,-238.277662,412.244122,159.396448,-87.07289499999999,409.130201,354.41288399999996,-29.367813999999996,-55.83911599999999,28.915967999999964
-76.797002,656.3107540000001,306.4461416666666,-238.2543215,412.1667895,159.5409565,-87.0914355,409.2327345,354.5987145,-29.385740999999996,-55.80425700000001,28.97929300000004
-76.79275433333333,656.291216,306.46502733333335,-238.23095949999998,412.096495,159.672118,-87.10883100000001,409.33083350000004,354.770062,-29.404284000000004,-55.77096499999999,29.038712000000032
-76.788667,656.272182,306.4826756666667,-238.207722,412.0331575,159.7901485,-87.1251235,409.424059,354.92700349999996,-29.423367,-55.739239999999995,29.094171000000017
-76.784748,656.2536583333334,306.4990933333333,-238.1847515,411.9766945,159.895266,-87.14036200000001,409.511981,355.069619,-29.442911999999993,-55.70906600000001,29.145623999999998
-76.78100566666666,656.2356483333333,306.51428899999996,-238.1621905,411.92701650000004,159.9876865,-87.1546045,409.594183,355.1979895,-29.462836999999993,-55.68043399999999,29.193040999999994
-76.77744899999999,656.218155,306.52827133333335,-238.1401755,411.88403,160.06763,-87.167914,409.67026450000003,355.312203,-29.483059999999995,-55.653318999999954,29.236403999999993
-76.77408666666666,656.2011793333332,306.5410493333333,-238.11884149999997,411.847638,160.135312,-87.180356,409.739845,355.4123495,-29.503501999999997,-55.627696000000014,29.275709000000006
-76.770928,656.1847193333334,306.552633,-238.0983185,411.8177375,160.19095099999998,-87.192002,409.80256499999996,355.49852599999997,-29.524079999999998,-55.603538000000015,29.310963999999956
-76.767982,656.1687726666668,306.56303266666663,-238.0787315,411.7942225,160.234762,-87.202923,409.8580915,355.57083650000004,-29.544715999999994,-55.58081100000004,29.34218900000002
-76.765259,656.153335,306.57225999999997,-238.0602,411.77698250000003,160.26695949999998,-87.21319199999999,409.906119,355.6293905,-29.565335999999988,-55.55948000000001,29.369417
-76.76276833333333,656.1384013333333,306.5803263333333,-238.04283500000003,411.76590250000004,160.287756,-87.22288,409.946371,355.6743075,-29.585868000000005,-55.53950599999996,29.39268900000002
-76.76052066666666,656.1239636666666,306.5872436666666,-238.0267445,411.76086499999997,160.29736350000002,-87.232057,409.978605,355.7057145,-29.606246,-55.52085199999999,29.412059
-76.75852566666667,656.1100150000001,306.5930246666667,-238.012025,411.761748,160.2959915,-87.240787,410.0026115,355.723747,-29.626409999999993,-55.50347499999998,29.42759000000001
-76.75679466666666,656.0965446666667,306.59768233333335,-237.99876799999998,411.76842750000003,160.28384499999999,-87.2491325,410.0182175,355.728551,-29.646303000000003,-55.487337000000025,29.43934999999999
-76.75533733333333,656.0835430000001,306.60123100000004,-237.9870555,411.7807755,160.26112949999998,-87.257146,410.025284,355.720281,-29.665878000000006,-55.47239999999999,29.447419999999966
-76.75416566666667,656.0709983333334,306.603684,-237.9769605,411.7986615,160.2280455,-87.264876,410.0237125,355.6991005,-29.685093999999992,-55.45862299999999,29.45188300000001
-76.75329,656.0588993333334,306.605056,-237.9685475,411.821954,160.18479150000002,-87.27236049999999,410.0134395,355.6651845,-29.703919,-55.445974999999976,29.45282900000001
-76.75272066666668,656.0472323333333,306.6053616666666,-237.96187200000003,411.8505185,160.131562,-87.27963,409.9944395,355.61871399999995,-29.722325999999995,-55.43442100000004,29.450354000000004
-76.75246966666667,656.035984,306.604616,-237.9569805,411.8842195,160.0685475,-87.28670249999999,409.9667245,355.55988,-29.740299000000007,-55.423933000000034,29.444555999999977
-76.75254733333333,656.0251406666666,306.60283499999997,-237.953909,411.92292199999997,159.9959365,-87.293587,409.9303405,355.488879,-29.757828000000003,-55.414489,29.435535999999956
-76.752966,656.0146876666666,306.60003466666666,-237.95268599999997,411.96648849999997,159.913911,-87.30028,409.8853685,355.405916,-29.774913999999995,-55.406069,29.42339800000002
-76.753735,656.0046103333333,306.59622966666666,-237.95333,412.01478299999997,159.8226485,-87.3067665,409.83192099999997,355.31119950000004,-29.791561,-55.39866000000001,29.408245000000022
-76.75486666666667,655.9948939999999,306.5914373333333,-237.9558515,412.067669,159.722324,-87.31302,409.77013999999997,355.2049415,-29.807783999999998,-55.39225600000003,29.390180999999984
-76.75637133333333,655.9855223333333,306.5856743333333,-237.96025149999997,412.12501299999997,159.613104,-87.31900049999999,409.700195,355.0873575,-29.823605,-55.38686000000001,29.369309000000044
-76.75826066666666,655.976481,306.57895633333334,-237.966523,412.1866825,159.49515250000002,-87.3246575,409.6222795,354.9586625,-29.839046999999994,-55.382480999999984,29.345729000000006
-76.76054433333333,655.9677543333333,306.57130033333334,-237.9746525,412.252547,159.368625,-87.3299275,409.536607,354.8190715,-29.854142999999993,-55.37913400000002,29.319538999999963
-76.763234,655.9593266666667,306.5627233333334,-237.98461700000001,412.3224795,159.2336725,-87.33473749999999,409.4434075,354.6687955,-29.868925000000004,-55.376847,29.290831000000026
-76.76633966666667,655.9511833333332,306.55324233333334,-237.99638850000002,412.3963565,159.0904375,-87.33900249999999,409.34292500000004,354.508042,-29.883430999999987,-55.37565599999999,29.259691999999973
-76.76987100000001,655.9433096666667,306.5428736666667,-238.009933,412.474059,158.939057,-87.3426285,409.235412,354.33701099999996,-29.897695,-55.375608,29.226202
-76.77383966666666,655.9356893333334,306.53163366666666,-238.02520850000002,412.555472,158.7796605,-87.34551400000001,409.121124,354.155895,-29.91175600000001,-55.37675999999999,29.190433999999982
-76.77825366666667,655.928309,306.51954,-238.0421705,412.640488,158.612368,-87.3475495,409.00032,353.964875,-29.925645000000003,-55.37918000000002,29.152449999999988
-76.783124,655.9211536666667,306.5066083333333,-238.060769,412.72900400000003,158.4372935,-87.3486195,408.87325150000004,353.7641225,-29.939391,-55.382948999999996,29.112301000000002
-76.788459,655.91421,306.49285533333335,-238.08094950000003,412.82092350000005,158.25454,-87.34860499999999,408.7401635,353.553794,-29.95301400000001,-55.38815699999998,29.070025999999984
-76.79426833333333,655.907464,306.47829733333333,-238.10265600000002,412.91615750000005,158.06420450000002,-87.347385,408.6012885,353.33403250000003,-29.966527999999997,-55.394912999999974,29.025648999999987
-76.80056033333334,655.9009026666668,306.4629496666667,-238.125829,413.014626,157.866373,-87.34483499999999,408.456842,353.104965,-29.979935999999995,-55.40332999999998,28.979180000000042
-76.80734333333334,655.8945136666666,306.4468286666667,-238.15040549999998,413.116255,157.6611225,-87.3408335,408.3070185,352.8667,-29.99322699999999,-55.41354299999995,28.93061
-76.81462533333334,655.888284,306.42994933333335,-238.176324,413.22098,157.4485215,-87.3352615,408.15198799999996,352.6193295,-30.00637900000001,-55.42569199999997,28.879910999999993
-76.82241433333333,655.8822023333333,306.412327,-238.20352050000002,413.32874749999996,157.228629,-87.32800449999999,407.991893,352.36292649999996,-30.01934899999999,-55.439933999999994,28.82703299999997
-76.83071666666667,655.8762573333333,306.39397633333334,-238.23193150000003,413.4395095,157.0014925,-87.3189525,407.82684500000005,352.0975445,-30.03208099999999,-55.456439999999986,28.771907
-76.83953966666667,655.8704386666667,306.374912,-238.26149149999998,413.5532315,156.767153,-87.30800500000001,407.65692249999995,351.8232185,-30.04449799999999,-55.475391,28.714436999999975
-76.84888933333333,655.864736,306.35514700000004,-238.292138,413.66988649999996,156.52564,-87.29506950000001,407.482164,351.539962,-30.056503000000006,-55.496982,28.65450199999998
-76.85877166666667,655.8591396666667,306.33469599999995,-238.323809,413.78945799999997,156.276975,-87.2800665,407.3025745,351.2477715,-30.067978999999994,-55.521416999999985,28.591954999999984
-76.86919233333333,655.853641,306.3135713333333,-238.3564435,413.9119405,156.02117099999998,-87.2629255,407.118116,350.946624,-30.078784999999996,-55.54891199999997,28.52661999999998
-76.88015633333333,655.8482313333334,306.29178600000006,-238.389982,414.03733750000004,155.758231,-87.2435925,406.928709,350.636477,-30.088763,-55.57969399999996,28.458294000000024
-76.89166766666666,655.8429030000001,306.26935199999997,-238.42436700000002,414.165663,155.488153,-87.222026,406.73423349999996,350.317272,-30.097730000000013,-55.61399499999999,28.386742000000027
-76.90373033333333,655.8376483333333,306.24628033333335,-238.4595425,414.29694099999995,155.2109245,-87.19819899999999,406.53452649999997,349.988933,-30.105484000000004,-55.65205499999996,28.311702000000025
-76.91634800000001,655.8324616666667,306.2225826666667,-238.495457,414.43120650000003,154.92652800000002,-87.172102,406.329383,349.65137,-30.111801999999997,-55.69412,28.232880000000023
-76.92952333333334,655.827336,306.1982686666667,-238.5320575,414.56850099999997,154.63494,-87.143739,406.118556,349.304478,-30.116444,-55.74043799999998,28.149951999999985
-76.94325933333334,655.8222666666667,306.1733483333333,-238.5692975,414.708878,154.33613250000002,-87.1131335,405.90175750000003,348.9481395,-30.119152999999997,-55.79125700000003,28.062567
-76.95755666666666,655.8172483333333,306.147831,-238.6071285,414.852398,154.0300715,-87.08032,405.67866100000003,348.582227,-30.119657999999987,-55.846824000000026,27.970342000000016
-76.97241766666667,655.8122776666665,306.12172533333336,-238.645508,414.99913000000004,153.716722,-87.0453535,405.448903,348.206602,-30.117675000000006,-55.907384000000036,27.872869999999978
-76.987843,655.8073493333334,306.09503866666665,-238.6843935,415.149152,153.39604500000002,-87.008302,405.2120835,347.821121,-30.11291399999999,-55.97317099999998,27.76971800000001
-77.003833,655.8024613333333,306.067779,-238.723745,415.302547,153.0680005,-86.969247,404.96777099999997,347.425633,-30.105075999999997,-56.04441400000002,27.66043000000002
-77.020386,655.7976103333333,306.03995133333336,-238.76352450000002,415.4594055,152.73255,-86.928285,404.715502,347.01998349999997,-30.093863999999996,-56.12132600000001,27.544528999999955
-77.03750166666667,655.792794,306.0115636666667,-238.803696,415.619823,152.389654,-86.8855245,404.4547885,346.6040155,-30.078981,-56.20410700000002,27.421520999999984
-77.055179,655.78801,305.98262,-238.8442245,415.7839005,152.039276,-86.84108549999999,404.18511750000005,346.1775705,-30.060132999999993,-56.29293899999999,27.290894999999978
-77.07341566666666,655.7832576666667,305.9531246666667,-238.88507700000002,415.9517425,151.681383,-86.795098,403.9059555,345.74049449999995,-30.037040000000005,-56.38797899999997,27.152129000000002
-77.09220866666668,655.778535,305.923083,-238.926221,416.12345700000003,151.315947,-86.747701,403.61675149999996,345.29263249999997,-30.00943199999999,-56.489364999999964,27.00469700000002
-77.11155466666666,655.7738410000001,305.89249766666666,-238.9676255,416.299154,150.942943,-86.6990395,403.3169435,344.833835,-29.977058999999997,-56.597204999999974,26.848063999999965
-77.13145033333333,655.7691753333334,305.86137133333335,-239.00925999999998,416.4789455,150.562355,-86.6492665,403.00595699999997,344.36395849999997,-29.939693000000005,-56.71157999999997,26.681697000000042
-77.15189033333333,655.7645366666667,305.82970700000004,-239.05109499999998,416.662944,150.1741725,-86.598537,402.683212,343.88286500000004,-29.897126,-56.832538,26.505067999999994
-77.17287033333334,655.7599253333334,305.79750599999994,-239.093101,416.85126049999997,149.7783955,-86.5470105,402.34812550000004,343.39042400000005,-29.849185000000006,-56.96009499999997,26.317657999999994
-77.19438466666668,655.7553406666666,305.76476966666667,-239.1352495,417.04400699999997,149.375031,-86.49484749999999,402.0001155,342.88651400000003,-29.795722999999995,-57.09423300000003,26.118957999999964
-77.216427,655.7507826666666,305.7314993333334,-239.177511,417.241291,148.9640975,-86.442208,401.638603,342.3710215,-29.73662800000001,-57.23489599999999,25.908479
-77.23899066666667,655.7462506666667,305.69769433333335,-239.219858,417.4432185,148.5456225,-86.3892505,401.2630145,341.843843,-29.671827000000008,-57.38199099999997,25.685749999999985
-77.262069,655.7417446666667,305.66335533333336,-239.26226200000002,417.649892,148.1196465,-86.33613,400.8727875,341.3048835,-29.601281999999998,-57.53538900000001,25.450327000000016
-77.285653,655.7372636666666,305.628482,-239.30469399999998,417.861408,147.686218,-86.28299949999999,400.46736899999996,340.75405750000004,-29.524995000000004,-57.69492199999996,25.20179300000001
-77.30973566666667,655.7328073333333,305.59307299999995,-239.3471265,418.07785850000005,147.24540100000002,-86.23000400000001,400.0462205,340.191287,-29.443008000000006,-57.86038500000001,24.93975999999998
-77.334308,655.7283746666666,305.557127,-239.38953099999998,418.29933,146.797269,-86.177284,399.6088185,339.6165045,-29.355401999999998,-58.03153900000001,24.66387900000001
-77.35936033333333,655.7239643333334,305.52064333333334,-239.43187899999998,418.52590050000003,146.341908,-86.12497049999999,399.15465800000004,339.0296475,-29.262299,-58.20810599999999,24.373834999999985
-77.384883,655.719575,305.4836193333333,-239.474143,418.7576425,145.8794145,-86.0731885,398.6832505,338.4306615,-29.163857000000007,-58.38978100000003,24.069350999999983
-77.41086633333335,655.7152043333334,305.4460536666667,-239.51629450000001,418.9946195,145.4098985,-86.022052,398.194128,337.8194965,-29.060271999999998,-58.57621999999998,23.75019500000002
-77.437299,655.7108496666666,305.407944,-239.5583065,419.23688649999997,144.93348,-85.9716655,397.686842,337.19610550000004,-28.951776999999993,-58.767056000000025,23.416173000000015
-77.46417100000001,655.7065079999999,305.36928766666665,-239.6001505,419.48449,144.450289,-85.9221225,397.16096400000004,336.560446,-28.83863500000001,-58.96189399999997,23.06713400000001
-77.49147033333334,655.7021753333333,305.33008233333334,-239.6418005,419.7374665,143.960466,-85.87350599999999,396.616088,335.91247350000003,-28.721140000000005,-59.160315999999966,22.702972999999986
-77.51918500000001,655.6978476666667,305.290325,-239.68322899999998,419.995844,143.464161,-85.825887,396.051827,335.2521435,-28.59961,-59.36188400000003,22.323624999999993
-77.547304,655.6935196666667,305.250013,-239.72440949999998,420.25964,142.961531,-85.779325,395.467815,334.57941,-28.474388000000005,-59.56614399999995,21.92907200000002
-77.57581366666666,655.6891846666666,305.2091433333333,-239.76531549999999,420.5288615,142.452743,-85.733866,394.863706,333.894219,-28.345838,-59.772628,21.519334000000015
-77.60470233333335,655.6848363333334,305.16771266666666,-239.805921,420.80350599999997,141.9379685,-85.689546,394.239176,333.196512,-28.214338000000012,-59.98085800000001,21.09447399999999
-77.63395633333333,655.6804666666666,305.12571933333334,-239.846201,421.0835605,141.417385,-85.6463875,393.59391949999997,332.4862225,-28.080276999999995,-60.19035100000002,20.654592999999977
-77.66356333333333,655.6760666666668,305.08315866666663,-239.88612949999998,421.369002,140.891173,-85.6044015,392.92764950000003,331.76327249999997,-27.944055000000006,-60.400616999999954,20.19983099999996
-77.69350933333334,655.6716266666666,305.04002833333334,-239.925681,421.659798,140.359519,-85.563588,392.2401,331.0275735,-27.806073999999995,-60.611170000000016,19.730365000000006
-77.72378099999999,655.667136,304.9963256666667,-239.96483,421.95590400000003,139.822609,-85.5239335,391.53102249999995,330.279022,-27.666739000000007,-60.82152500000001,19.24640199999999
-77.75436466666667,655.6625816666667,304.95204766666666,-240.00355,422.2572675,139.28063,-85.4854165,390.800188,329.5175035,-27.526453000000004,-61.03120000000001,18.748182999999983
-77.78524633333333,655.6579516666667,304.907191,-240.041814,422.56382599999995,138.73377,-85.448005,390.04738699999996,328.742885,-27.385611999999995,-61.23972199999997,18.235978000000046
-77.816412,655.6532303333333,304.86175333333335,-240.07959599999998,422.8755075,138.1822125,-85.41165699999999,389.2724285,327.95501750000005,-27.244603999999995,-61.44662900000003,17.710082999999997
-77.84784833333335,655.648403,304.81573199999997,-240.11686650000001,423.192231,137.626141,-85.37632400000001,388.4751415,327.15373650000004,-27.103809999999996,-61.651467000000025,17.170818999999995
-77.87954033333334,655.6434519999999,304.7691253333333,-240.153594,423.513907,137.06573350000002,-85.34195,387.655376,326.3388605,-26.963594,-61.85379599999999,16.618528999999967
-77.911474,655.6383593333334,304.72193,-240.1897485,423.840438,136.5011635,-85.30847299999999,386.813002,325.51018999999997,-26.824307999999988,-62.05318799999998,16.053575999999964
-77.94363600000001,655.6331053333333,304.67414433333335,-240.2252945,424.1717185,135.932597,-85.27582899999999,385.9479145,324.6675075,-26.68629,-62.24923099999995,15.476339000000053
-77.97601166666665,655.6276693333334,304.62576666666666,-240.260195,424.5076355,135.360195,-85.243949,385.06003050000004,323.810582,-26.549858,-62.44152700000001,14.887211999999977
-78.00858633333333,655.6220283333333,304.576795,-240.2944105,424.8480685,134.784109,-85.2127655,384.1492915,322.939165,-26.415312999999998,-62.62969099999998,14.286606000000006
-78.04134766666668,655.616159,304.527228,-240.327897,425.19289200000003,134.20448199999998,-85.182211,383.215668,322.052993,-26.282939999999996,-62.813354000000004,13.674939999999992
-78.07427966666667,655.6100353333333,304.4770643333333,-240.36060750000001,425.54197350000004,133.6214485,-85.152221,382.259158,321.151791,-26.153002,-62.99216200000001,13.052639999999997
-78.10736999999999,655.6036316666666,304.4263036666666,-240.39249049999998,425.895175,133.0351325,-85.1227355,381.2797905,320.235272,-26.025745,-63.165773,12.420145999999988
-78.14060466666668,655.596919,304.37494433333336,-240.423491,426.25235250000003,132.445646,-85.09370200000001,380.2776265,319.303137,-25.90139599999999,-63.33385899999996,11.777897999999993
-78.17396966666666,655.589868,304.322987,-240.45354650000002,426.61336,131.8530935,-85.06507400000001,379.2527605,318.3550825,-25.780164,-63.496105,11.126342999999963
-78.20745166666667,655.5824466666667,304.27043,-240.4825925,426.978044,131.257565,-85.036819,378.20532349999996,317.390796,-25.662238000000002,-63.65220700000003,10.46592800000002
-78.24103733333334,655.5746236666668,304.21727533333336,-240.5105585,427.34625,130.659142,-85.0089135,377.135484,316.409963,-25.54778900000001,-63.801872,9.79710399999999
-78.27471433333334,655.5663643333334,304.16352133333334,-240.53736750000002,427.7178185,130.057893,-84.981348,376.043447,315.4122655,-25.436970000000002,-63.944818,9.12032099999999
-78.30846866666667,655.5576323333333,304.1091696666667,-240.562937,428.092588,129.4538775,-84.9541285,374.92946,314.39738850000003,-25.329915,-64.08077400000002,8.43602500000003
-78.34228866666666,655.548392,304.0542213333333,-240.58718100000002,428.4703935,128.8471415,-84.9272775,373.79381,313.36501699999997,-25.226741000000004,-64.209474,7.744658000000015
-78.37616066666666,655.5386036666667,303.9986773333333,-240.610006,428.851068,128.23772300000002,-84.900835,372.63682300000005,312.314843,-25.127545999999995,-64.33066400000001,7.046661999999969
-78.41007333333334,655.528229,303.94253933333334,-240.63131449999997,429.2344435,127.625649,-84.874857,371.4588685,311.24656500000003,-25.03241,-64.444095,6.342467999999997
-78.44401433333333,655.5172253333334,303.885808,-240.651003,429.62035000000003,127.01093550000002,-84.8494225,370.260357,310.15989049999996,-24.941395,-64.54953,5.632500999999991
-78.47797166666668,655.5055513333333,303.82848633333333,-240.66896350000002,430.008616,126.393592,-84.8246255,369.04173649999996,309.05453850000004,-24.854546999999997,-64.64673499999998,4.917178999999976
-78.51193366666666,655.493163,303.7705756666667,-240.68508300000002,430.3990685,125.7736185,-84.80058199999999,367.8034965,307.93023900000003,-24.771888000000004,-64.73548700000003,4.196907999999951
-78.54588933333334,655.4800150000001,303.71207899999996,-240.6992455,430.7915355,125.15100799999999,-84.77742549999999,366.54616450000003,306.786739,-24.693427,-64.81556700000004,3.4720839999999953
-78.57982733333334,655.4660616666666,303.6529986666667,-240.71133099999997,431.1858425,124.525747,-84.75530900000001,365.27030349999995,305.6237985,-24.619152,-64.88676700000002,2.7430909999999926
-78.613737,655.4512556666667,303.593337,-240.72121449999997,431.581816,123.89781550000001,-84.734404,363.9765085,304.441197,-24.549034000000006,-64.94888499999996,2.0103020000000242
-78.64760700000001,655.4355489999999,303.53309766666666,-240.7287715,431.979282,123.26719,-84.7148965,362.66540999999995,303.23873000000003,-24.483024999999998,-65.00172800000001,1.2740739999999846
-78.681427,655.4188916666666,303.472283,-240.733873,432.37806650000005,122.633843,-84.69699,361.33766349999996,302.0162125,-24.42106000000001,-65.04511099999996,0.5347510000000284
-78.71518766666667,655.4012336666667,303.41089600000004,-240.73639,432.7779955,121.9977435,-84.680901,359.99395200000004,300.7734775,-24.36305800000001,-65.07886200000002,-0.2073350000000005
-78.74887799999999,655.3825246666667,303.348941,-240.73619200000002,433.178895,121.3588605,-84.666857,358.6349815,299.5103805,-24.308919999999986,-65.10281300000003,-0.951864999999998
-78.78248833333333,655.3627123333334,303.2864216666667,-240.73315050000002,433.580591,120.7171615,-84.655096,357.261475,298.2267935,-24.258535999999992,-65.11681199999998,-1.6985369999999875
-78.81600999999999,655.3417436666667,303.22334100000006,-240.7271345,433.982911,120.0726165,-84.6458635,355.8741745,296.92260999999996,-24.211781000000002,-65.12071700000001,-2.4470600000000218
-78.84943266666666,655.3195666666666,303.159704,-240.7180185,434.385682,119.425194,-84.63941,354.47383149999996,295.59774300000004,-24.168518000000006,-65.11439899999999,-3.197154000000012
-78.88274766666666,655.2961256666667,303.0955133333333,-240.7056765,434.78873,118.77486999999999,-84.635987,353.06120699999997,294.25212350000004,-24.128603999999996,-65.09773999999999,-3.948551000000009
-78.91594633333334,655.2713693333334,303.03077533333334,-240.68998700000003,435.1918825,118.121621,-84.63584800000001,351.6370675,292.88570200000004,-24.091889999999992,-65.07063700000003,-4.70098999999999
-78.94901933333334,655.2452406666666,302.965493,-240.670832,435.594966,117.465431,-84.63924,350.2021815,291.4984455,-24.058223999999996,-65.03300300000001,-5.454220999999961
-78.98195833333334,655.2176860000001,302.8996723333334,-240.648098,435.997808,116.806289,-84.646405,348.757316,290.09034099999997,-24.02745200000001,-64.98476400000004,-6.207996000000037
-79.01475533333333,655.1886503333334,302.833318,-240.62167699999998,436.4002345,116.144193,-84.6575765,347.30323250000004,288.661388,-23.999429000000006,-64.925861,-6.96207400000003
-79.04740133333334,655.1580786666667,302.7664353333333,-240.591468,436.8020705,115.47914800000001,-84.67297450000001,345.8406855,287.2116035,-23.974014999999994,-64.85625700000003,-7.716210999999987
-79.079889,655.125916,302.69903066666666,-240.55737499999998,437.2031425,114.81117,-84.69280499999999,344.37041999999997,285.7410175,-23.951082,-64.77592599999997,-8.470164999999952
-79.112211,655.0921079999999,302.63111,-240.51931050000002,437.6032735,114.1402845,-84.717255,342.8931675,284.24967449999997,-23.930517999999992,-64.68485899999996,-9.223688999999979
-79.14435833333333,655.0565993333333,302.56267866666667,-240.477195,438.002286,113.46652800000001,-84.746493,341.409644,282.73762899999997,-23.91223199999999,-64.58307000000002,-9.976527999999973
-79.17632433333334,655.0193363333333,302.493745,-240.430956,438.40000150000003,112.78995,-84.780664,339.92055,281.204949,-23.896153999999996,-64.47058400000003,-10.728418000000033
-79.20810133333333,654.9802643333334,302.4243143333333,-240.380532,438.796239,112.110613,-84.81988799999999,338.42656750000003,279.65171150000003,-23.882245999999995,-64.34744900000004,-11.479084999999998
-79.23968233333333,654.9393306666666,302.3543946666667,-240.3258685,439.1908165,111.4285915,-84.864259,336.92835749999995,278.0780035,-23.870497999999998,-64.213729,-12.228238999999974
-79.27105933333334,654.8964823333334,302.28399433333334,-240.2669215,439.5835485,110.743976,-84.91384450000001,335.426561,276.48392,-23.860933000000003,-64.069504,-12.975573999999995
-79.30222666666667,654.8516673333334,302.21312,-240.203658,439.974247,110.0568705,-84.968681,333.92179799999997,274.8695645,-23.853612,-63.914872,-13.720764999999972
-79.33317633333333,654.804834,302.14178066666665,-240.136053,440.3627225,109.36739399999999,-85.02877649999999,332.4146635,273.235049,-23.848634999999987,-63.749949000000015,-14.46347000000003
-79.363902,654.755933,302.069985,-240.064093,440.7487815,108.6756815,-85.094108,330.9057335,271.580491,-23.846140000000005,-63.574869000000035,-15.203319999999962
-79.39439633333333,654.7049143333334,301.9977423333333,-239.987773,441.1322285,107.98188200000001,-85.16462150000001,329.3955595,269.906018,-23.846309000000005,-63.389774999999986,-15.939930000000004
-79.42465366666666,654.651729,301.9250613333333,-239.90709950000002,441.5128635,107.2861615,-85.24023600000001,327.884671,268.211761,-23.849362,-63.19483399999996,-16.672888
-79.45466666666667,654.5963306666667,301.8519523333334,-239.8220895,441.89048449999996,106.58869999999999,-85.3208395,326.373576,266.497862,-23.85556100000001,-62.99022200000002,-17.401761999999962
-79.48442933333332,654.5386736666667,301.7784263333333,-239.732767,442.2648855,105.889694,-85.40629200000001,324.86276050000004,264.7644675,-23.86520800000001,-62.77612700000003,-18.126097000000016
-79.51393499999999,654.4787126666666,301.7044926666667,-239.63916899999998,442.63585750000004,105.18935400000001,-85.496429,323.3526895,263.011736,-23.878640000000004,-62.55275500000005,-18.84541599999997
-79.54317800000001,654.4164043333334,301.630163,-239.5413385,443.003189,104.48790550000001,-85.5910595,321.8438095,261.239831,-23.896231,-62.320318999999984,-19.559222000000034
-79.572151,654.351708,301.555449,-239.439329,443.3666645,103.78558849999999,-85.68997300000001,320.336546,259.44892849999997,-23.918381999999994,-62.07904199999996,-20.26700299999999
-79.60084866666666,654.284583,301.4803626666667,-239.33320200000003,443.7260655,103.08265549999999,-85.7929375,318.831309,257.6392135,-23.94552499999999,-61.82916,-20.968229000000008
-79.62926499999999,654.2149906666667,301.4049156666667,-239.2230275,444.0811725,102.37937149999999,-85.89970450000001,317.328489,255.810884,-23.978111,-61.57091200000002,-21.66235800000001
-79.65739366666666,654.1428950000001,301.32912200000004,-239.10888,444.431763,101.67601549999999,-86.01001400000001,315.828464,253.964152,-24.01661,-61.30454599999996,-22.348838
-79.68522833333334,654.068261,301.25299366666667,-238.99084449999998,444.77761250000003,100.97287499999999,-86.123593,314.331595,252.09924,-24.061499999999995,-61.03031599999997,-23.027112000000017
-79.71276399999999,653.9910553333334,301.1765453333333,-238.8690095,445.1184945,100.27024899999999,-86.2401625,312.838231,250.216391,-24.113267000000008,-60.74847799999998,-23.696620000000024
-79.73999466666668,653.9112476666666,301.09979066666665,-238.743469,445.4541815,99.5684445,-86.359441,311.34871,248.31586199999998,-24.172396000000006,-60.459292000000005,-24.356805999999978
-79.76691366666667,653.8288090000001,301.0227443333333,-238.6143235,445.784448,98.867777,-86.4811445,309.8633575,246.39792899999998,-24.239362999999997,-60.16302099999996,-25.007115999999968
-79.79351666666666,653.7437126666667,300.94542099999995,-238.481674,446.109065,98.16856849999999,-86.60499300000001,308.3824925,244.4628895,-24.314630000000008,-59.85992699999997,-25.64700899999997
-79.819798,653.655934,300.8678366666667,-238.34562849999998,446.4278065,97.47114450000001,-86.730713,306.90642349999996,242.5110615,-24.39864,-59.55027100000001,-26.275959
-79.84575133333333,653.5654506666666,300.79000666666667,-238.2062945,446.7404475,96.77583750000001,-86.8580405,305.4354535,240.54278499999998,-24.491806999999994,-59.23431700000003,-26.893455999999986
-79.87137166666666,653.472243,300.7119476666666,-238.063783,447.046764,96.08298,-86.986725,303.9698795,238.5584265,-24.594516000000013,-58.91232100000002,-27.49901699999998
-79.89665366666667,653.3762936666666,300.63367566666665,-237.9182055,447.34653649999996,95.39290700000001,-87.1165295,302.50999549999995,236.5583765,-24.707110999999998,-58.584541,-28.092183000000006
-79.92159266666667,653.277587,300.55520900000005,-237.769673,447.6395465,94.705953,-87.2472355,301.0560915,234.543052,-24.829894999999993,-58.25123100000002,-28.672528
-79.94618266666667,653.1761106666668,300.47656366666666,-237.61829799999998,447.925582,94.02244999999999,-87.378645,299.6084555,232.5128985,-24.963122,-57.91263900000001,-29.239655
-79.97041933333333,653.0718543333332,300.39775933333334,-237.46419,448.204435,93.342729,-87.5105805,298.167376,230.468391,-25.106993000000003,-57.56901199999999,-29.793209999999988
-79.99429833333333,652.9648106666667,300.318813,-237.3074575,448.47590249999996,92.6671155,-87.642889,296.733141,228.410032,-25.261657999999997,-57.220590000000016,-30.332876
-80.01781333333334,652.8549746666666,300.23974466666664,-237.1482065,448.73978750000003,91.995929,-87.7754405,295.3060405,226.3383565,-25.427205,-56.867613000000006,-30.858379000000014
-80.04096133333333,652.7423433333333,300.16057233333333,-236.986541,448.99590149999995,91.329482,-87.908132,293.8863665,224.2539285,-25.603663999999995,-56.51031499999999,-31.369486999999992
-80.063737,652.6269186666667,300.08131733333335,-236.822561,449.24406350000004,90.6680795,-88.0408845,292.47441549999996,222.1573445,-25.791005,-56.14892500000002,-31.866017
-80.08613633333333,652.5087013333333,300.00199833333335,-236.656363,449.4841,90.012016,-88.1736445,291.0704875,220.0492305,-25.989137,-55.78367100000003,-32.347826999999995
-80.10815466666666,652.3876993333333,299.92263699999995,-236.48803949999999,449.715847,89.3615755,-88.30638300000001,289.674887,217.93024400000002,-26.197906000000003,-55.41477800000001,-32.81482600000001
-80.129789,652.2639193333333,299.84325366666667,-236.317677,449.9391505,88.71703,-88.43909550000001,288.28792550000003,215.80107550000002,-26.417098999999993,-55.04246900000004,-33.266966999999994
-80.15103466666666,652.137374,299.76387,-236.14535899999998,450.1538675,88.07863900000001,-88.5718,286.909921,213.6624435,-26.646448000000007,-54.666966,-33.704249000000004
-80.171888,652.0080753333333,299.68450766666666,-235.9711635,450.359865,87.4466465,-88.7045355,285.5411975,211.515097,-26.885627,-54.28848900000003,-34.12671599999999
-80.192346,651.8760416666667,299.60518833333333,-235.795162,450.5570225,86.8212825,-88.83736099999999,284.18208649999997,209.3598145,-27.134258000000003,-53.90725900000001,-34.53445499999998
-80.21240466666667,651.7412906666666,299.52593466666667,-235.617423,450.745232,86.20276199999999,-88.970351,282.832927,207.1974015,-27.391914,-53.52349800000002,-34.927593
-80.23206166666667,651.603845,299.44676899999996,-235.43800700000003,450.9243975,85.5912805,-89.103595,281.49406650000003,205.02869149999998,-27.65812600000001,-53.13743100000002,-35.306298999999996
-80.25131366666666,651.4637286666666,299.36771400000003,-235.2569705,451.09443650000003,84.987018,-89.23719550000001,280.1658565,202.854542,-27.932383,-52.74928300000002,-35.670773999999994
-80.270158,651.3209693333333,299.288793,-235.0743645,451.2552815,84.3901365,-89.3712625,278.8486605,200.6758365,-28.214141000000012,-52.359283000000005,-36.02125699999999
-80.28859266666666,651.1755963333334,299.21002833333336,-234.8902335,451.4068795,83.8007795,-89.50591349999999,277.5428445,198.49347949999998,-28.50282700000001,-51.96766500000001,-36.358013
-80.30661500000001,651.0276413333333,299.1314443333333,-234.7046185,451.5491895,83.21906949999999,-89.641269,276.2487825,196.30839600000002,-28.79784199999999,-51.57466299999999,-36.681336000000016
-80.32422266666667,650.8771396666667,299.0530636666667,-234.51755450000002,451.682189,82.645112,-89.7774495,274.9668535,194.1215305,-29.098568999999998,-51.180519000000004,-36.991545
-80.34141466666667,650.724128,298.9749096666667,-234.329071,451.8058695,82.0789925,-89.9145735,273.69744,191.933842,-29.404382999999996,-50.78547799999998,-37.28897599999999
-80.358189,650.5686460000001,298.89700633333337,-234.13919399999997,451.9202385,81.5207765,-90.05275449999999,272.440928,189.746307,-29.714645000000004,-50.38978800000001,-37.573983999999996
-80.37454433333333,650.410735,298.8193766666667,-233.9479435,452.02531999999997,80.9705095,-90.19209699999999,271.197706,187.5599115,-30.028720000000007,-49.99370399999998,-37.846935
-80.39048000000001,650.2504393333334,298.74204433333335,-233.7553375,452.1211545,80.428218,-90.332696,269.9681605,185.375653,-30.345974,-49.59748300000001,-38.108205999999996
-80.40599433333334,650.0878053333333,298.66503200000005,-233.56138900000002,452.207798,79.89390949999999,-90.474635,268.7526775,183.194536,-30.665781999999993,-49.20138499999999,-38.358182
-80.421087,649.9228806666666,298.5883646666667,-233.366108,452.2853235,79.3675735,-90.617981,267.55163949999996,181.01757,-30.987531999999987,-48.80567500000001,-38.59724399999999
-80.43575866666667,649.7557166666667,298.51206333333334,-233.1695005,452.353821,78.8491785,-90.7627875,266.365423,178.845768,-31.310629000000006,-48.41061800000003,-38.825782000000004
-80.45000833333333,649.5863653333332,298.4361523333334,-232.9715715,452.41339600000003,78.338678,-90.909089,265.1943965,176.6801425,-31.634500000000003,-48.016478999999975,-39.04417700000002
-80.46383666666667,649.414881,298.36065433333334,-232.7723225,452.4641705,77.83600799999999,-91.0569035,264.038919,174.521704,-31.958592999999993,-47.623524,-39.25280600000002
-80.477243,649.2413193333333,298.28559133333334,-232.5717535,452.5062815,77.3410875,-91.206228,262.8993355,172.37145850000002,-32.282388,-47.23201900000004,-39.452038999999985
-80.490229,649.065739,298.2109863333333,-232.369864,452.5398835,76.8538215,-91.3570435,261.7759785,170.23040600000002,-32.605389,-46.84222500000001,-39.642236
-80.50279533333332,648.8881993333333,298.1368616666667,-232.166651,452.56514400000003,76.3741005,-91.50931,260.6691605,168.0995335,-32.927132,-46.45439900000002,-39.823745
-80.51494266666667,648.7087613333334,298.0632386666667,-231.96211399999999,452.5822455,75.90180050000001,-91.6629705,259.57917599999996,165.97982050000002,-33.247187,-46.06879399999997,-39.996903
-80.52667266666667,648.5274886666666,297.99014,-231.75625,452.5913845,75.43679,-91.8179495,258.5062965,163.872229,-33.565152999999995,-45.685655000000025,-40.162030000000016
-80.53798666666667,648.3444443333333,297.917586,-231.5490575,452.59276950000003,74.97892250000001,-91.97415649999999,257.4507685,161.777706,-33.88066500000001,-45.30521700000003,-40.319435999999996
-80.54888733333333,648.1596946666667,297.845598,-231.34053699999998,452.58662200000003,74.528046,-92.131484,256.412813,159.6971785,-34.193388,-44.92770999999999,-40.46940900000001
-80.55937533333334,647.9733063333333,297.7741966666667,-231.13068950000002,452.573174,74.083999,-92.2898135,255.392621,157.6315535,-34.503017,-44.55334799999997,-40.61222700000002
-80.56945366666666,647.7853466666667,297.7034023333333,-230.91951849999998,452.552668,73.646616,-92.44901300000001,254.390353,155.581715,-34.80928200000001,-44.18233599999999,-40.748152000000005
-80.57912433333333,647.5958853333333,297.6332353333334,-230.707031,452.5253555,73.21572599999999,-92.60893999999999,253.406138,153.5485205,-35.111937999999995,-43.81486400000003,-40.877431
-80.58839066666667,647.4049919999999,297.563715,-230.493236,452.49149550000004,72.791154,-92.76944700000001,252.4400705,151.5328015,-35.41077,-43.451108999999974,-41.000294999999994
-80.59725433333334,647.212737,297.4948606666667,-230.278147,452.4513525,72.372727,-92.93037749999999,251.492211,149.5353615,-35.705586999999994,-43.091233999999986,-41.116963
-80.60571900000001,647.0191920000001,297.42669100000006,-230.06178,452.40519900000004,71.9602685,-93.09157400000001,250.56258300000002,147.556973,-35.99622599999999,-42.73538399999998,-41.227642
-80.61378733333333,646.8244293333333,297.3592246666667,-229.8441575,452.3533095,71.553607,-93.252876,249.65117550000002,145.598377,-36.28253799999999,-42.38369300000002,-41.33252800000001
-80.62146366666667,646.628521,297.292479,-229.6253045,452.2959615,71.1525725,-93.4141245,248.7579395,143.6602815,-36.564403,-42.03627499999999,-41.431805
-80.62875033333333,646.4315403333334,297.22647233333333,-229.40525300000002,452.233434,70.757001,-93.57516150000001,247.8827905,141.7433595,-36.84171500000001,-41.693228999999974,-41.52565300000002
-80.63565166666666,646.2335596666666,297.161221,-229.184038,452.16600600000004,70.3667335,-93.7358345,247.02560799999998,139.84825,-37.114383000000004,-41.35463999999999,-41.61424000000001
-80.64217166666667,646.0346533333333,297.09674266666667,-228.9617025,452.093956,69.9816195,-93.895996,246.1862365,137.9755545,-37.382332000000005,-41.020577,-41.697733
-80.64831366666668,645.8348940000001,297.03305266666666,-228.7382925,452.017559,69.6015165,-94.0555055,245.3644865,136.1258375,-37.645500999999996,-40.69109300000002,-41.77629499999999
-80.65408233333333,645.6343556666667,296.97016633333334,-228.513861,451.93708549999997,69.226293,-94.2142315,244.5601355,134.299627,-37.903839000000005,-40.366228999999976,-41.85008400000001
-80.65948133333333,645.4331109999999,296.9080993333333,-228.2884665,451.85280250000005,68.8558275,-94.3720505,243.77293049999997,132.4974115,-38.157307,-40.046009,-41.919261000000006
-80.66451500000001,645.2312336666668,296.84686600000003,-228.062173,451.7649695,68.4900105,-94.528851,243.0025875,130.719641,-38.405872,-39.73044700000003,-41.983986
-80.66918933333334,645.0287956666667,296.78648,-227.83505050000002,451.6738395,68.12874500000001,-94.684529,242.24879700000002,128.966727,-38.649513999999996,-39.419544,-42.044422
-80.673507,644.8258696666667,296.72695466666664,-227.6071725,451.579656,67.77194750000001,-94.838994,241.51122399999997,127.23904250000001,-38.888217999999995,-39.11328799999998,-42.100735
-80.67747466666667,644.622527,296.668303,-227.3786205,451.48265349999997,67.4195495,-94.9921635,240.7895115,125.536919,-39.121977,-38.81166099999999,-42.15309399999998
-80.68109533333333,644.4188393333334,296.6105376666667,-227.1494785,451.383056,67.071494,-95.143967,240.0832815,123.860652,-39.35079399999999,-38.51463100000001,-42.20167599999999
-80.68437566666667,644.2148773333333,296.553669,-226.91983549999998,451.281076,66.727742,-95.2943425,239.39214049999998,122.2104945,-39.57467700000001,-38.222159000000005,-42.24666099999999
-80.68732033333333,644.0107096666667,296.4977086666667,-226.6897855,451.1769145,66.388266,-95.4432365,238.7156785,120.586664,-39.79364100000001,-37.93419899999998,-42.28823600000001
-80.68993433333334,643.8064066666667,296.44266666666664,-226.459425,451.070759,66.0530545,-95.590605,238.053476,118.9893375,-40.007712,-37.650698000000006,-42.326593
-80.69222333333333,643.6020356666667,296.38855233333334,-226.2288545,450.9627855,65.7221115,-95.73641,237.4051035,117.418655,-40.21692,-37.371594999999985,-42.36193200000001
-80.69419233333333,643.3976633333333,296.335375,-225.998176,450.853154,65.3954525,-95.880619,236.770125,115.874718,-40.421306,-37.09682799999999,-42.39445599999999
-80.69584766666667,643.1933563333333,296.28314266666666,-225.767496,450.7420115,65.0731095,-96.0232035,236.148103,114.35759200000001,-40.620917000000006,-36.826325999999995,-42.424374000000014
-80.69719466666666,642.9891793333333,296.23186333333337,-225.53692,450.6294915,64.755125,-96.164139,235.538598,112.867306,-40.81581200000001,-36.56002000000001,-42.451898
-80.69823866666667,642.7851956666667,296.1815426666667,-225.306556,450.51571149999995,64.44155599999999,-96.303401,234.9411735,111.40385400000001,-41.006056,-36.297831,-42.47724600000001
-80.69898533333333,642.5814686666666,296.132188,-225.076513,450.4007755,64.1324695,-96.4409655,234.35539599999998,109.967195,-41.191725000000005,-36.039683999999994,-42.500631999999996
-80.69944133333333,642.3780596666667,296.08380400000004,-224.8468985,450.28477250000003,63.8279435,-96.576807,233.7808415,108.5572555,-41.372901999999996,-35.78550100000001,-42.52227499999998
-80.69961266666667,642.175029,296.03639533333336,-224.6178205,450.1677765,63.528065500000004,-96.71089649999999,233.21709349999998,107.17392949999999,-41.54968100000001,-35.535202999999996,-42.542390999999995
-80.69950399999999,641.9724353333334,295.98996666666665,-224.3893845,450.0498485,63.2329325,-96.8432,232.663746,105.8170795,-41.72216400000001,-35.28870999999998,-42.561189
-80.699123,641.7703363333334,295.9445206666667,-224.1616975,449.9310355,62.942646,-96.9736795,232.1204085,104.48653949999999,-41.89045899999999,-35.04594700000001,-42.578875
-80.69847433333334,641.5687883333334,295.90006,-223.9348605,449.811369,62.6573155,-97.102287,231.5867025,103.18211550000001,-42.054686000000004,-34.806837,-42.595648999999995
-80.69756533333333,641.3678466666667,295.85658599999994,-223.7089745,449.69087049999996,62.3770545,-97.228969,231.06226800000002,101.90358599999999,-42.214968,-34.571308000000016,-42.6117
-80.69640166666666,641.1675646666666,295.8141,-223.48413749999997,449.569546,62.101977500000004,-97.35366099999999,230.546762,100.6507065,-42.371438,-34.339290000000005,-42.62720300000001
-80.69498966666667,640.9679950000001,295.77260233333334,-223.2604435,449.44739200000004,61.8322035,-97.47628950000001,230.03985999999998,99.4232085,-42.524231,-34.11071799999999,-42.642323000000005
-80.693335,640.7691886666668,295.73209266666663,-223.0379825,449.3243915,61.567849499999994,-97.5967685,229.5412585,98.22080199999999,-42.673489000000004,-33.88553300000001,-42.65720599999999
-80.69144433333332,640.571195,295.692569,-222.816841,449.20051950000004,61.309032,-97.7150035,229.0506725,97.04317950000001,-42.81935700000001,-33.663679,-42.671981
-80.68932366666667,640.3740616666666,295.65403,-222.597102,449.0757405,61.0558645,-97.83088649999999,228.5678405,95.8900145,-42.96198299999999,-33.445111,-42.68675900000001
-80.68697933333333,640.1778363333334,295.616472,-222.37884400000002,448.95000849999997,60.808455499999994,-97.944299,228.09251949999998,94.7609685,-43.10151400000001,-33.22978900000001,-42.701627
-80.68441800000001,639.9825633333334,295.57989200000003,-222.162139,448.823272,60.566908,-98.0551105,227.6244915,93.6556875,-43.238101,-33.01768099999998,-42.71665300000001
-80.68164533333334,639.788287,295.54428566666667,-221.9470575,448.6954715,60.3313195,-98.1631805,227.163557,92.57380649999999,-43.371893,-32.808764,-42.731879000000006
-80.67866766666667,639.5950499999999,295.509648,-221.7336625,448.5665405,60.101778,-98.26835550000001,226.709539,91.51495349999999,-43.503035,-32.603026,-42.747325000000004
-80.67549133333334,639.4028926666666,295.475973,-221.5220135,448.43641,59.8783615,-98.370475,226.2622815,90.478748,-43.63167200000001,-32.400465,-42.762984
-80.67212266666667,639.2118546666667,295.4432543333333,-221.312165,448.3050055,59.6611385,-98.469368,225.82164799999998,89.46480500000001,-43.757946000000004,-32.201086000000004,-42.778824
-80.66856800000001,639.0219743333333,295.41148433333336,-221.1041655,448.172249,59.450168000000005,-98.5648565,225.387523,88.4727365,-43.881991,-32.004908,-42.794793
-80.66483266666667,638.8332879999999,295.3806553333333,-220.89806149999998,448.03806199999997,59.245492999999996,-98.65675350000001,224.959808,87.5021525,-44.00393899999999,-31.81196,-42.81080899999999
-80.66092366666668,638.6458306666667,295.350759,-220.6938905,447.90236500000003,59.047147,-98.7448695,224.5384215,86.552664,-44.12391699999999,-31.622280999999987,-42.826773999999986
-80.65684599999999,638.4596366666666,295.3217856666667,-220.491689,447.76507749999996,58.855149,-98.8290105,224.1233005,85.62388200000001,-44.242041,-31.435923000000003,-42.842562
-80.65260666666667,638.2747370000001,295.29372600000005,-220.291486,447.6261215,58.669504,-98.908979,223.714394,84.71542199999999,-44.35842600000001,-31.252944000000014,-42.858031999999994
-80.64821099999999,638.0911633333333,295.26656899999995,-220.093309,447.48542050000003,58.490203,-98.9845785,223.3116675,83.826903,-44.47317699999999,-31.073413000000016,-42.873022
-80.64366566666666,637.9089446666667,295.2403033333333,-219.8971775,447.34290250000004,58.3172245,-99.05561399999999,222.915096,82.957948,-44.586394,-30.897410000000008,-42.887358000000006
-80.63897566666667,637.7281096666667,295.214918,-219.70310999999998,447.198497,58.150529999999996,-99.121893,222.52466650000002,82.1081865,-44.69816399999999,-30.725020999999998,-42.900850999999996
-80.634147,637.5486843333333,295.1904,-219.511118,447.052142,57.99007,-99.1832285,222.1403745,81.277255,-44.80857499999999,-30.55633900000001,-42.91329999999999
-80.62918533333333,637.3706933333334,295.166737,-219.321211,446.903779,57.8357795,-99.2394415,221.7622205,80.4647965,-44.917700999999994,-30.391463000000016,-42.924501
-80.62409633333334,637.194162,295.14391499999994,-219.133394,446.7533565,57.687580999999994,-99.29036049999999,221.39021300000002,79.67045949999999,-45.02561300000001,-30.230495999999988,-42.934241
-80.61888533333334,637.019112,295.121921,-218.94766800000002,446.60083199999997,57.545384500000004,-99.3358255,221.0243625,78.8939025,-45.132373,-30.073543,-42.942311000000004
-80.61355833333333,636.845565,295.1007396666667,-218.7640315,446.4461695,57.409088,-99.3756895,220.664683,78.13479,-45.23803500000001,-29.920709999999985,-42.948497999999994
-80.60812,636.6735406666667,295.08035666666666,-218.582478,446.2893435,57.278577,-99.4098185,220.31118700000002,77.392793,-45.342648999999994,-29.77210599999998,-42.952597999999995
-80.60257566666667,636.5030586666667,295.0607563333333,-218.40300000000002,446.130337,57.153728,-99.438096,219.9638865,76.6675915,-45.446256000000005,-29.62783300000001,-42.954412999999995
-80.596931,636.3341353333334,295.04192400000005,-218.22558450000002,445.9691425,57.034406499999996,-99.460422,219.62279,75.958871,-45.548894000000004,-29.487989999999996,-42.953754
-80.59119066666666,636.1667886666668,295.02384166666667,-218.050218,445.805765,56.9204705,-99.476714,219.2879035,75.2663245,-45.650589999999994,-29.352670999999987,-42.950447
-80.58535933333333,636.0010333333333,295.0064943333333,-217.87688400000002,445.6402185,56.811769999999996,-99.48691,218.959227,74.589649,-45.75137199999999,-29.22196200000002,-42.94433399999999
-80.57944200000001,635.8368839999999,294.9898646666666,-217.70556249999998,445.4725285,56.708147499999995,-99.49096800000001,218.6367525,73.9285495,-45.85125599999999,-29.095938999999987,-42.935273
-80.57344333333334,635.674354,294.97393566666665,-217.53623349999998,445.3027335,56.609441,-99.488868,218.320465,73.282734,-45.950255999999996,-28.97466799999998,-42.92314
-80.56736799999999,635.5134549999999,294.9586893333333,-217.368873,445.1308805,56.515482,-99.48061,218.010342,72.6519165,-46.048382000000004,-28.858202000000006,-42.907835
-80.56122033333334,635.354199,294.94410866666664,-217.20345700000001,444.95703149999997,56.4261005,-99.466217,217.70635049999999,72.0358145,-46.145635999999996,-28.746579000000025,-42.889277
-80.55500466666666,635.1965956666667,294.930176,-217.0399585,444.781258,56.3411215,-99.4457345,217.40844900000002,71.43415,-46.242019,-28.639826,-42.86741000000001
-80.54872533333332,635.0406546666667,294.9168723333333,-216.878351,444.60364400000003,56.2603695,-99.419229,217.116585,70.84664699999999,-46.337524,-28.537948,-42.842203999999995
-80.54238633333334,634.8863849999999,294.90418033333333,-216.718606,444.424284,56.1836685,-99.38679,216.830696,70.273033,-46.432142,-28.44093799999999,-42.813646
-80.53599133333334,634.7337933333333,294.8920816666666,-216.5606945,444.243285,56.110840499999995,-99.348527,216.5507095,69.713038,-46.525859999999994,-28.348769000000004,-42.781754
-80.52954466666667,634.582887,294.8805586666667,-216.4045875,444.0607625,56.04171,-99.304572,216.276543,69.1663945,-46.618662,-28.26139999999998,-42.74656900000001
-80.52304966666667,634.433672,294.8695926666667,-216.2502545,443.876845,55.976102,-99.2550755,216.008104,68.632836,-46.710528999999994,-28.17876799999999,-42.708152000000005
-80.51651033333333,634.2861533333333,294.859165,-216.097667,443.6916695,55.9138435,-99.200209,215.74529,68.112098,-46.801435999999995,-28.100796000000003,-42.66658999999999
-80.50993,634.1403349999999,294.849259,-215.9467945,443.505382,55.854765,-99.1401615,215.48799050000002,67.603918,-46.89135900000001,-28.027387000000004,-42.62199
-80.50331200000001,633.9962203333333,294.83985633333333,-215.79760850000002,443.31813850000003,55.798698,-99.07513850000001,215.236088,67.108034,-46.98026900000001,-27.958427999999998,-42.57448
-80.49666033333334,633.8538123333334,294.83093933333333,-215.6500805,443.1301015,55.74548,-99.00536249999999,214.98945550000002,66.62418650000001,-47.068135,-27.893790999999993,-42.524209
-80.48997766666666,633.7131136666666,294.822491,-215.5041845,442.94144200000005,55.694950000000006,-98.931072,214.7479615,66.1521165,-47.15492599999999,-27.833334999999977,-42.471341
-80.48326666666667,633.5741246666666,294.8144933333333,-215.3598925,442.752337,55.6469535,-98.852517,214.5114685,65.6915655,-47.24060999999999,-27.776899000000014,-42.416056999999995
-80.476532,633.4368463333333,294.80693033333336,-215.217181,442.562969,55.601338999999996,-98.769961,214.279836,65.2422765,-47.325152,-27.724316000000016,-42.358553
-80.46977533333335,633.301278,294.799786,-215.076027,442.373525,55.5579585,-98.683678,214.05291699999998,64.803995,-47.40851599999999,-27.675403999999986,-42.299037999999996
-80.46300033333334,633.1674196666667,294.79304333333334,-214.93640900000003,442.1841965,55.516672,-98.5939515,213.830566,64.3764655,-47.490667,-27.62997200000001,-42.237728999999995
-80.45621033333333,633.0352693333333,294.786687,-214.7983075,441.9951785,55.47734,-98.5010755,213.61263350000002,63.959434,-47.571571000000006,-27.587822999999986,-42.174856000000005
-80.449408,632.9048240000001,294.78070099999997,-214.66170599999998,441.806666,55.439832,-98.40534650000001,213.39897200000001,63.552648500000004,-47.65119299999999,-27.548748000000018,-42.110651
-80.44259566666666,632.7760830000001,294.7750716666667,-214.5265905,441.618857,55.404019000000005,-98.30707100000001,213.1894345,63.155858499999994,-47.72949999999999,-27.512541,-42.045354999999994
-80.43577733333333,632.6490413333333,294.76978299999996,-214.3929485,441.4319485,55.369779,-98.206556,212.98387350000002,62.768811,-47.806458000000006,-27.478984999999994,-41.979209999999995
-80.42895433333332,632.5236953333333,294.7648213333334,-214.2607715,441.24613650000003,55.3369935,-98.10411500000001,212.7821475,62.391259,-47.88203800000001,-27.447867000000002,-41.912459999999996
-80.422131,632.400041,294.76017299999995,-214.1300525,441.06161599999996,55.3055485,-98.0000595,212.5841155,62.022951000000006,-47.956209,-27.418969000000004,-41.84534800000001
-80.41530900000001,632.2780733333333,294.7558243333333,-214.0007885,440.8785785,55.2753365,-97.894705,212.38964299999998,61.66364,-48.02894599999999,-27.392079999999993,-41.778112
-80.40849200000001,632.1577866666667,294.75176200000004,-213.87298049999998,440.6972125,55.246252999999996,-97.788364,212.198598,61.313078000000004,-48.10022599999999,-27.366984000000002,-41.710992000000005
-80.40168166666668,632.039175,294.7479733333334,-213.746631,440.517703,55.218198,-97.6813485,212.0108555,60.971018,-48.17002500000001,-27.343477000000007,-41.644216
-80.394882,631.922233,294.74444666666665,-213.621747,440.34022749999997,55.191077,-97.5739665,211.82629500000002,60.6372115,-48.238325,-27.321354000000014,-41.578007
-80.38809466666667,631.806953,294.7411696666667,-213.4983375,440.164959,55.164799,-97.46652499999999,211.644802,60.3114115,-48.305111999999994,-27.30041799999998,-41.512581
-80.38132266666666,631.6933293333333,294.738131,-213.3764175,439.9920635,55.13927699999999,-97.3593225,211.4662685,59.9933705,-48.370373,-27.280482999999975,-41.448139
-80.37456900000001,631.5813529999999,294.735319,-213.2560025,439.8217005,55.1144295,-97.252656,211.2905925,59.6828395,-48.4341,-27.261363000000017,-41.384876999999996
-80.367836,631.471018,294.73272333333335,-213.1371125,439.6540205,55.090177999999995,-97.146813,211.1176785,59.37957,-48.496286,-27.242886999999996,-41.322972
-80.36112633333333,631.3623156666666,294.730334,-213.0197705,439.489167,55.066449,-97.04207600000001,210.94743599999998,59.0833125,-48.55693000000001,-27.224891999999983,-41.262592999999995
-80.354443,631.2552386666666,294.72814066666666,-212.9040035,439.32727250000005,55.0431715,-96.93871949999999,210.7797825,58.79381649999999,-48.616033,-27.207223,-41.203889
-80.34778899999999,631.1497776666666,294.72613466666667,-212.78984,439.168463,55.0202805,-96.837008,210.61464,58.5108295,-48.67359999999999,-27.189734000000016,-41.146998999999994
-80.34116633333333,631.0459256666667,294.724306,-212.6773125,439.012853,54.997712500000006,-96.7371995,210.451937,58.234099,-48.729637,-27.172292,-41.092042
-80.33457766666668,630.9436736666667,294.7226473333333,-212.56645450000002,438.86054850000005,54.975409,-96.6395405,210.2916065,57.9633705,-48.784155,-27.154770999999982,-41.039123000000004
-80.32802666666667,630.8430126666666,294.7211496666667,-212.457304,438.711644,54.9533165,-96.544269,210.13358749999998,57.698391,-48.837164,-27.137057,-40.98833
-80.32151533333332,630.743935,294.719806,-212.349899,438.5662255,54.9313815,-96.45161200000001,209.977823,57.4389045,-48.888682,-27.119043999999974,-40.939735
-80.31504733333334,630.6464306666667,294.7186093333333,-212.2442805,438.4243675,54.909557,-96.361784,209.8242615,57.184656000000004,-48.93872200000001,-27.100637000000006,-40.893392000000006
-80.30862433333333,630.5504913333333,294.717553,-212.1404905,438.2861345,54.8877985,-96.2749915,209.672854,56.93539,-48.987303,-27.08175,-40.849340000000005
-80.30225,630.4561076666668,294.7166306666666,-212.038571,438.15158099999996,54.8660645,-96.191428,209.52355749999998,56.690853,-49.034442,-27.06230500000001,-40.807599999999994
-80.29592733333334,630.3632713333333,294.715838,-211.93856699999998,438.020751,54.844314999999995,-96.11127450000001,209.376331,56.450792500000006,-49.080158999999995,-27.042232000000013,-40.768183
-80.28965866666665,630.271973,294.71516833333334,-211.8405215,437.893679,54.82251600000001,-96.034701,209.2311375,56.2149595,-49.12447,-27.02147099999999,-40.731081
-80.28344700000001,630.1822033333333,294.714618,-211.7444785,437.77038849999997,54.8006335,-95.961865,209.0879435,55.983108,-49.16739200000001,-26.999968999999993,-40.69627599999999
-80.277296,630.0939536666667,294.7141823333333,-211.650482,437.6508935,54.778638,-95.8929115,208.94671799999998,55.754998,-49.208943000000005,-26.977677999999997,-40.663734000000005
-80.271208,630.0072140000001,294.7138576666667,-211.558573,437.53519900000003,54.7565015,-95.827973,208.8074315,55.530395,-49.24913599999999,-26.95455899999999,-40.633416000000004
-80.265186,629.921976,294.71364166666666,-211.468794,437.4233,54.734199000000004,-95.7671705,208.67005999999998,55.3090725,-49.287981,-26.930577999999997,-40.60526899999999
-80.25923333333333,629.8382296666667,294.71352966666666,-211.3811835,437.315183,54.711707000000004,-95.7106095,208.5345805,55.090813499999996,-49.325489000000005,-26.905709,-40.579237
-80.25335266666667,629.7559660000001,294.7135203333333,-211.29577999999998,437.2108255,54.689005,-95.65838550000001,208.400972,54.8754125,-49.36166300000001,-26.879928000000007,-40.555255
-80.247548,629.675176,294.71361133333335,-211.212618,437.11019650000003,54.666075,-95.610579,208.26921850000002,54.662677,-49.39650399999999,-26.85322099999999,-40.533254
-80.24182166666667,629.5958496666667,294.71380033333327,-211.131731,437.013258,54.642900999999995,-95.567258,208.13930499999998,54.4524265,-49.430012000000005,-26.825571999999994,-40.513164999999994
-80.23617666666667,629.517977,294.71408633333334,-211.0531475,436.91996300000005,54.619468499999996,-95.528478,208.01122049999998,54.2445,-49.462180000000004,-26.796978999999993,-40.494915999999996
-80.23061666666666,629.44155,294.71446699999996,-210.97689450000001,436.83025899999996,54.5957655,-95.494279,207.88495699999999,54.0387525,-49.49299599999999,-26.767438,-40.47843900000001
-80.22514466666667,629.3665583333333,294.7149423333333,-210.902996,436.7440855,54.5717835,-95.4646885,207.7605095,53.8350595,-49.522447,-26.736953,-40.463665
-80.219764,629.292992,294.71551066666666,-210.831471,436.66137649999996,54.547514500000005,-95.439722,207.6378765,53.6333155,-49.55051399999999,-26.705531000000008,-40.450531
-80.21447766666667,629.2208423333333,294.716172,-210.7623365,436.582061,54.5229545,-95.4193775,207.517062,53.43344,-49.577177000000006,-26.67318800000001,-40.43898
-80.20928866666667,629.1500983333334,294.716926,-210.6956035,436.5060605,54.498101500000004,-95.4036425,207.39807150000001,53.2353735,-49.602408999999994,-26.639939,-40.428959000000006
-80.204201,629.0807516666667,294.717772,-210.631282,436.4332945,54.472955999999996,-95.39248749999999,207.2809165,53.03908200000001,-49.626187,-26.60581099999999,-40.420424000000004
-80.19921733333332,629.012791,294.7187103333333,-210.5693765,436.3636765,54.4475215,-95.3858705,207.165612,52.844556,-49.648481000000004,-26.570831999999996,-40.413338
-80.194341,628.946208,294.719741,-210.5098875,436.29711699999996,54.4218055,-95.3837345,207.0521785,52.6518115,-49.669264999999996,-26.535038999999983,-40.407673
-80.18957566666667,628.8809913333333,294.7208636666667,-210.452812,436.2335225,54.3958175,-95.386007,206.9406395,52.4608895,-49.68851199999999,-26.498474999999985,-40.403407
-80.184924,628.8171313333334,294.7220796666667,-210.398144,436.1727975,54.369572,-95.3926015,206.83102350000001,52.2718565,-49.70619500000001,-26.461187000000024,-40.40052500000001
-80.18038933333334,628.7546176666666,294.723389,-210.34587249999998,436.114843,54.3430855,-95.40341749999999,206.7233645,52.084802499999995,-49.72229299999999,-26.423230999999987,-40.399023
-80.17597500000001,628.693441,294.72479233333337,-210.295984,436.05956000000003,54.3163785,-95.4183385,206.6177005,51.899840499999996,-49.73678700000001,-26.384669000000002,-40.398900999999995
-80.17168433333335,628.6335893333334,294.72629033333334,-210.24846150000002,436.0068455,54.2894775,-95.43723299999999,206.5140725,51.7171075,-49.749666000000005,-26.345569000000012,-40.40016299999999
-80.16752033333334,628.5750533333334,294.7278836666667,-210.2032845,435.956598,54.2624095,-95.459957,206.412527,51.536758,-49.760921999999994,-26.306009999999986,-40.402820000000006
-80.16348599999999,628.5178219999999,294.72957333333335,-210.160428,435.90871300000003,54.235209,-95.486352,206.3131135,51.358967,-49.770557999999994,-26.266072999999977,-40.406884000000005
-80.15958433333333,628.461885,294.7313596666667,-210.1198665,435.8630885,54.20791200000001,-95.516244,206.21588400000002,51.183922,-49.778582,-26.22584600000002,-40.412368
-80.15581866666666,628.4072306666666,294.7332446666667,-210.08157,435.819619,54.180561000000004,-95.54944850000001,206.1208935,51.011826,-49.785016999999996,-26.185427000000004,-40.419284000000005
-80.15219166666667,628.3538486666666,294.73522799999995,-210.045506,435.7782025,54.1531995,-95.5857665,206.0281995,50.8428915,-49.789891,-26.144915000000026,-40.427643
-80.14870666666667,628.3017276666666,294.7373116666667,-210.011641,435.7387365,54.1258785,-95.624989,205.9378595,50.6773375,-49.79324399999999,-26.104417000000012,-40.437450999999996
-80.14536566666668,628.2508563333333,294.7394963333333,-209.9799365,435.7011195,54.098648499999996,-95.66689600000001,205.84993200000002,50.5153855,-49.79513200000001,-26.064043999999996,-40.448708999999994
-80.142172,628.201223,294.74178266666667,-209.9503545,435.665251,54.0715665,-95.711258,205.7644765,50.3572585,-49.795614,-26.023909000000003,-40.461409
-80.13912833333332,628.1528166666667,294.74417166666666,-209.92285349999997,435.631034,54.044692,-95.7578375,205.6815485,50.203176,-49.79476699999999,-25.984128999999996,-40.475534
-80.13623700000001,628.1056246666667,294.74666500000006,-209.89739150000003,435.59837100000004,54.018086,-95.80639,205.6012035,50.053349499999996,-49.792676,-25.944818999999995,-40.491061
-80.13350000000001,628.0596353333334,294.7492626666667,-209.873923,435.5671685,53.991813,-95.856667,205.523493,49.907981,-49.789435999999995,-25.90609999999998,-40.507952
-80.13092,628.0148363333333,294.75196566666665,-209.85240249999998,435.5373335,53.965937999999994,-95.90841549999999,205.4484655,49.767258500000004,-49.785152999999994,-25.868085000000008,-40.526155
-80.12849866666666,627.9712153333334,294.7547756666666,-209.8327835,435.50877849999995,53.9405285,-95.96138149999999,205.37616400000002,49.631354,-49.779939,-25.830889999999982,-40.54561000000001
-80.12623833333333,627.928759,294.7576916666667,-209.81501550000002,435.4814165,53.915651499999996,-96.01531,205.3066255,49.500417999999996,-49.77391399999999,-25.794623,-40.56623999999999
-80.12414033333333,627.887455,294.7607156666666,-209.79905050000002,435.45516299999997,53.891374500000005,-96.0699505,205.2398805,49.3745805,-49.767205000000004,-25.759390999999994,-40.587959
-80.122207,627.8472893333333,294.763848,-209.78483699999998,435.429939,53.867764,-96.1250525,205.175953,49.2539465,-49.759941,-25.725291999999996,-40.610665000000004
-80.12043933333334,627.8082483333333,294.767088,-209.7723235,435.405668,53.844885000000005,-96.1803755,205.1148575,49.138594000000005,-49.752252999999996,-25.692414999999983,-40.634246000000005
-80.11883766666666,627.7703183333333,294.7704366666667,-209.7614565,435.38227500000005,53.8228015,-96.2356825,205.056601,49.0285745,-49.744275,-25.660842000000002,-40.658576999999994
-80.11740333333334,627.7334853333333,294.773894,-209.752184,435.359691,53.801573000000005,-96.2907495,205.001182,48.923908999999995,-49.736137,-25.630646000000013,-40.683524
-80.11613766666666,627.6977343333333,294.77745899999996,-209.7444505,435.33785,53.7812555,-96.3453595,204.948588,48.824588500000004,-49.72796700000001,-25.601887999999974,-40.708945
-80.11504000000001,627.66305,294.7811323333333,-209.7382015,435.316689,53.761903,-96.399311,204.898798,48.730577,-49.719886,-25.574615999999992,-40.73469
-80.114111,627.6294173333333,294.78491333333335,-209.7333805,435.29614949999996,53.743562000000004,-96.452416,204.85178200000001,48.641806,-49.71201199999999,-25.548868,-40.760605999999996
-80.11335000000001,627.5968206666668,294.7888003333333,-209.72993200000002,435.276177,53.7262755,-96.504499,204.8074975,48.558178500000004,-49.704452,-25.52466899999999,-40.786533000000006
-80.11275733333333,627.5652436666667,294.7927936666667,-209.727798,435.25671950000003,53.710079500000006,-96.555402,204.7658965,48.479571500000006,-49.697304,-25.502030999999988,-40.812311
-80.112331,627.534671,294.7968906666667,-209.726921,435.2377305,53.695004,-96.6049845,204.7269195,48.4058345,-49.69065499999999,-25.480953,-40.837783
-80.11207066666667,627.5050843333333,294.801091,-209.7272425,435.2191675,53.681071,-96.6531205,204.690498,48.336792,-49.68458100000001,-25.461422,-40.86279
-80.11197533333333,627.476468,294.8053923333334,-209.728703,435.2009895,53.668297,-96.699704,204.65655750000002,48.272248000000005,-49.679146,-25.443410999999998,-40.887182
-80.11204133333332,627.448804,294.80979299999996,-209.731243,435.1831615,53.65669,-96.744644,204.62501500000002,48.2119845,-49.67439800000001,-25.426885999999996,-40.91081500000001
-80.11226766666665,627.4220763333333,294.81429099999997,-209.7348025,435.165651,53.64625,-96.787869,204.595781,48.155769500000005,-49.670376000000005,-25.41179600000001,-40.933549000000006
-80.112652,627.3962656666666,294.81888333333336,-209.73932000000002,435.14842899999996,53.6369695,-96.829322,204.568762,48.103354,-49.667102,-25.398086000000006,-40.955259999999996
-80.11319066666668,627.371355,294.8235673333333,-209.7447345,435.13147100000003,53.628833,-96.86896300000001,204.543857,48.0544795,-49.664587999999995,-25.385688000000016,-40.975831
-80.11388,627.3473266666666,294.8283406666667,-209.7509835,435.1147545,53.621818499999996,-96.906768,204.520965,48.00887899999999,-49.66283200000001,-25.374529999999993,-40.995157999999996
-80.114717,627.3241616666666,294.8331993333333,-209.758005,435.0982605,53.6158945,-96.94272649999999,204.4999805,47.966281,-49.66182099999999,-25.364531,-41.013152000000005
-80.115696,627.3018433333333,294.83814033333334,-209.765736,435.081972,53.6110235,-96.9768395,204.480797,47.9264125,-49.661531,-25.355605999999995,-41.029739
-80.11681399999999,627.2803523333333,294.84316000000007,-209.774114,435.065877,53.607161000000005,-97.00912199999999,204.46330749999998,47.8890015,-49.661928,-25.347669000000025,-41.04485699999999
-80.11806433333334,627.2596713333334,294.84825366666666,-209.783074,435.04996400000005,53.6042555,-97.0395985,204.447408,47.85378,-49.662972999999994,-25.34062799999998,-41.05846199999999
-80.11944166666667,627.2397823333332,294.85341866666664,-209.792554,435.034224,53.602250000000005,-97.0683015,204.432993,47.820488,-49.664613,-25.33439200000001,-41.070526
-80.12094033333334,627.2206679999999,294.85864933333335,-209.80248899999998,435.01865050000004,53.6010815,-97.0952715,204.419962,47.7888745,-49.666797,-25.328869999999995,-41.081035
-80.122553,627.20231,294.8639416666667,-209.812816,435.0032385,53.600684,-97.120554,204.408219,47.758701,-49.669464000000005,-25.32397400000002,-41.089988000000005
-80.124273,627.1846919999999,294.86929100000003,-209.82347099999998,434.98798550000004,53.6009855,-97.1441995,204.39767,47.729741999999995,-49.67255499999999,-25.31961799999999,-41.097404
-80.12609166666668,627.167796,294.87469266666665,-209.83438999999998,434.972889,53.6019115,-97.16626099999999,204.388229,47.701789500000004,-49.67600399999999,-25.31572,-41.103311
-80.12800233333333,627.151606,294.880142,-209.8455105,434.9579485,53.603386,-97.1867915,204.3798135,47.6746505,-49.679749,-25.312202999999982,-41.10775100000001
-80.12999500000001,627.1361053333334,294.88563433333337,-209.85676899999999,434.94316549999996,53.605329,-97.2058465,204.37234949999998,47.648153,-49.683729000000014,-25.30899500000001,-41.11077999999999
-80.13206066666667,627.1212783333334,294.89116366666667,-209.86810300000002,434.92854,53.6076615,-97.223477,204.365769,47.622142000000004,-49.687882,-25.30603000000002,-41.112464
-80.13419066666665,627.1071096666667,294.89672566666667,-209.87945050000002,434.91407449999997,53.6103035,-97.2397345,204.36001,47.5964845,-49.692153000000005,-25.30325000000002,-41.112877
-80.13637333333332,627.0935846666666,294.9023153333333,-209.890751,434.89977050000005,53.613177,-97.25466499999999,204.35502,47.571066,-49.696488,-25.300606000000016,-41.112103999999995
-80.138598,627.080688,294.90792733333336,-209.90194300000002,434.8856315,53.616204,-97.268311,204.350753,47.5457915,-49.700841999999994,-25.29804999999999,-41.110235
-80.14085299999999,627.0684063333333,294.913557,-209.912968,434.87165949999996,53.619309,-97.280709,204.34717,47.520588,-49.70517000000001,-25.295547999999997,-41.107366
-80.14312733333333,627.056727,294.9191993333334,-209.923767,434.8578575,53.622421,-97.29189249999999,204.34424,47.495397499999996,-49.709436999999994,-25.29307,-41.103597
-80.14540733333332,627.0456363333333,294.9248493333333,-209.9342835,434.84422800000004,53.625471000000005,-97.3018865,204.341938,47.4701845,-49.713612999999995,-25.290595999999994,-41.099031
-80.14768099999999,627.0351233333333,294.93050266666665,-209.94446,434.83077349999996,53.6283945,-97.31071,204.3402465,47.444925999999995,-49.71767600000001,-25.288111000000015,-41.093771999999994
-80.14993366666667,627.0251766666667,294.93615466666665,-209.95424350000002,434.817497,53.6311325,-97.318377,204.339155,47.419617499999994,-49.72160600000001,-25.28560999999999,-41.087925
-80.152151,627.015786,294.94180066666667,-209.96357949999998,434.804399,53.633632,-97.3248945,204.3386575,47.394266,-49.72539499999999,-25.283090999999985,-41.081592
-80.15431866666667,627.0069413333334,294.947437,-209.9724165,434.79148250000003,53.635844,-97.330262,204.3387545,47.3688935,-49.729038,-25.280564999999996,-41.074873
-80.15642133333334,626.998635,294.953059,-209.9807045,434.77874899999995,53.637727,-97.334474,204.339452,47.343531,-49.73253600000001,-25.278042,-41.06786400000001
-80.15844266666666,626.990858,294.95866300000006,-209.9883945,434.7661985,53.639245499999994,-97.33752,204.3407575,47.318218,-49.73589799999999,-25.275543,-41.060654
-80.16036666666668,626.983604,294.96424533333334,-209.99544,434.75383150000005,53.640371,-97.339382,204.34268550000002,47.293001499999995,-49.739136,-25.27309299999999,-41.053331
-80.16217533333334,626.976867,294.96980199999996,-210.001795,434.741649,53.6410815,-97.34003899999999,204.34525150000002,47.267933,-49.742270000000005,-25.27072100000001,-41.045972000000006
-80.16385166666667,626.9706413333333,294.97533066666665,-210.007416,434.72965150000005,53.641360999999996,-97.33946499999999,204.3484735,47.24306849999999,-49.74532000000001,-25.268461000000002,-41.038644999999995
-80.16537833333332,626.964924,294.9808273333333,-210.0122605,434.7178375,53.641200999999995,-97.33763,204.3523715,47.2184645,-49.748312,-25.26635299999998,-41.031413
-80.16673633333333,626.9597116666667,294.98629,-210.0162885,434.706207,53.6406005,-97.334502,204.3569655,47.194177,-49.75127599999999,-25.26443499999999,-41.024330000000006
-80.167906,626.9550026666667,294.99171566666666,-210.01946099999998,434.69476,53.6395625,-97.3300455,204.3622765,47.1702605,-49.754245,-25.26275100000001,-41.017435
-80.16886899999999,626.9507956666666,294.9971026666667,-210.02174050000002,434.6834955,53.6380975,-97.3242235,204.3683235,47.146766,-49.75725299999999,-25.261348999999996,-41.01076599999999
-80.16960433333333,626.9470906666667,295.00244833333335,-210.02309200000002,434.67241349999995,53.6362215,-97.3169995,204.37512600000002,47.1237405,-49.760335,-25.26027400000001,-41.004343
-80.17009333333333,626.943891,295.0077513333333,-210.0234805,434.66151149999996,53.633956,-97.308335,204.382699,47.101223499999996,-49.76352800000001,-25.259573999999986,-40.998183
-80.17031433333334,626.9411973333333,295.0130106666666,-210.0228745,434.650791,53.6313265,-97.298194,204.3910565,47.0792485,-49.76687199999999,-25.25929500000001,-40.992284999999995
-80.170246,626.9390146666666,295.0182253333333,-210.021241,434.64025100000003,53.628363,-97.2865415,204.4002075,47.057841,-49.770403,-25.25948299999999,-40.986644
-80.16986833333334,626.9373476666667,295.023394,-210.0185525,434.629893,53.6250985,-97.27334400000001,204.41015850000002,47.0370185,-49.77416000000001,-25.260185000000007,-40.981246999999996
-80.16915866666666,626.9362026666666,295.0285176666667,-210.0147795,434.6197175,53.621571,-97.2585715,204.4209095,47.016788000000005,-49.778178999999994,-25.261438999999996,-40.976066
-80.16809500000001,626.9355876666667,295.03359666666665,-210.009895,434.6097265,53.617818500000006,-97.242198,204.4324575,46.997147999999996,-49.782498000000004,-25.263284999999996,-40.97107
-80.16665566666667,626.9355106666667,295.03863033333334,-210.003876,434.599923,53.613882499999995,-97.224202,204.4447905,46.9780885,-49.78715,-25.26575699999998,-40.966217
-80.16481833333333,626.9359823333333,295.043621,-209.99669749999998,434.5903115,53.6098035,-97.204568,204.457893,46.959589,-49.79217,-25.268883999999986,-40.96146
-80.16256,626.937013,295.04856966666665,-209.988339,434.5808985,53.605624999999996,-97.1832845,204.471744,46.941619499999995,-49.79758899999999,-25.27269000000001,-40.956745
-80.159858,626.9386163333334,295.05347866666665,-209.9787815,434.57169150000004,53.601389000000005,-97.160349,204.486313,46.924144,-49.803438,-25.277192000000014,-40.952011999999996
-80.15668933333332,626.9408053333333,295.05835,-209.968008,434.5627005,53.5971355,-97.135764,204.501565,46.9071165,-49.809742,-25.28240199999999,-40.94719900000001
-80.15303066666667,626.9435950000001,295.06318699999997,-209.956004,434.553939,53.592906,-97.1095415,204.5174585,46.890485,-49.81652899999999,-25.288320999999996,-40.942238
-80.14885933333333,626.9470016666667,295.06799266666667,-209.942758,434.5454205,53.5887375,-97.081702,204.53394550000002,46.8741905,-49.82382199999999,-25.294947000000008,-40.937062999999995
-80.14415233333334,626.9510426666667,295.072771,-209.92826300000002,434.5371665,53.584666,-97.052273,204.550973,46.858171,-49.83163999999999,-25.302265999999975,-40.931602
-80.13888566666667,626.9557369999999,295.07752666666664,-209.9125135,434.5291985,53.580723,-97.02129500000001,204.56848050000002,46.8423595,-49.84000400000001,-25.310259000000002,-40.92578699999999
-80.133037,626.9611043333333,295.08226399999995,-209.8955105,434.52154299999995,53.576939499999995,-96.9888165,204.58640450000001,46.826688000000004,-49.848927,-25.31889700000002,-40.919548
-80.12658266666666,626.9671656666668,295.08698833333335,-209.87725849999998,434.514233,53.5733395,-96.954898,204.604678,46.8110875,-49.858424000000014,-25.328142000000014,-40.912823
-80.11949933333334,626.9739436666667,295.09170566666666,-209.85776750000002,434.507305,53.569945499999996,-96.91961,204.62322899999998,46.79549,-49.86850600000001,-25.33794800000001,-40.90554800000001
-80.111765,626.981461,295.096422,-209.8370535,434.500802,53.56677500000001,-96.883037,204.64198499999998,46.779830499999996,-49.879182,-25.348264,-40.897667
-80.103357,626.9897433333334,295.10114433333337,-209.8151395,434.49477249999995,53.563841,-96.845275,204.66087249999998,46.764048,-49.890456,-25.359028999999992,-40.889128
-80.094252,626.9988166666667,295.105879,-209.792056,434.489273,53.56115199999999,-96.8064335,204.679818,46.748089500000006,-49.902333,-25.370175999999987,-40.879887000000004
-80.08442866666667,627.0087073333334,295.110634,-209.7678405,434.48436649999996,53.5587115,-96.76663500000001,204.69874900000002,46.731908,-49.91481399999999,-25.381631999999996,-40.869907999999995
-80.07386466666667,627.0194443333334,295.11541733333337,-209.74254150000002,434.480124,53.556521499999995,-96.72602,204.717598,46.715466500000005,-49.92789599999999,-25.393317999999994,-40.859163
-80.062539,627.0310559999999,295.120238,-209.71621399999998,434.47662549999995,53.5545755,-96.6847405,204.736301,46.6987405,-49.941576999999995,-25.405153999999982,-40.84763100000001
-80.05042999999999,627.0435736666667,295.1251033333333,-209.68892599999998,434.473958,53.552865,-96.642967,204.7548,46.6817185,-49.95584600000001,-25.417051999999984,-40.835305000000005
-80.03751733333333,627.0570283333333,295.1300243333333,-209.6607555,434.47221850000005,53.551377,-96.600887,204.7730465,46.6644025,-49.970696000000004,-25.428926999999987,-40.822187
-80.023781,627.0714526666666,295.13500933333336,-209.631793,434.471515,53.550095,-96.55870350000001,204.790999,46.646812,-49.98611100000001,-25.440688000000023,-40.808288000000005
-80.00920066666667,627.08688,295.14006900000004,-209.60214,434.47196199999996,53.548998999999995,-96.5166405,204.8086285,46.6289825,-50.002077,-25.45225099999999,-40.79363099999999
-79.993758,627.1033453333333,295.145213,-209.5719145,434.4736875,53.5480645,-96.4749405,204.825918,46.6109705,-50.01857100000001,-25.463526,-40.778251
-79.97743433333333,627.1208836666666,295.15045299999997,-209.541245,434.476828,53.547266,-96.4338665,204.84286450000002,46.59285,-50.03557099999999,-25.474433000000005,-40.762192
-79.96021233333333,627.1395306666667,295.15579933333333,-209.51027599999998,434.48152949999997,53.5465765,-96.39370149999999,204.8594785,46.574717500000006,-50.053049,-25.484891000000005,-40.745511
-79.94207433333332,627.1593246666666,295.161264,-209.479169,434.4879495,53.545964,-96.35475199999999,204.8757885,46.5566905,-50.070972,-25.494826999999987,-40.728273
-79.92300466666666,627.1803026666666,295.1668583333333,-209.4480985,434.496256,53.545399,-96.317346,204.8918395,46.5389075,-50.08930599999999,-25.504177,-40.710550999999995
-79.90298766666668,627.202504,295.17259466666667,-209.4172565,434.506625,53.544849,-96.281834,204.907693,46.521532,-50.10801000000001,-25.512879999999996,-40.69243200000001
-79.88200966666666,627.2259673333333,295.17848533333336,-209.38685099999998,434.5192455,53.544283,-96.248593,204.9234315,46.504747,-50.127038,-25.520886999999988,-40.674006000000006
-79.86005666666667,627.250733,295.1845436666667,-209.35710849999998,434.534313,53.543669,-96.218022,204.9391545,46.488761499999995,-50.146342000000004,-25.52815700000002,-40.655369
-79.83711699999999,627.2768420000001,295.19078199999996,-209.32826899999998,434.5520335,53.5429795,-96.19054600000001,204.954981,46.473805999999996,-50.16587,-25.53466400000002,-40.636626
-79.81317766666668,627.3043346666667,295.19721366666664,-209.3005925,434.572621,53.542186,-96.1666165,204.9710495,46.460131,-50.185563,-25.540389000000005,-40.617881999999994
-79.78822933333333,627.3332526666667,295.2038526666666,-209.2743555,434.596297,53.541264,-96.14670849999999,204.9875165,46.448012500000004,-50.205359,-25.54532499999999,-40.599247
-79.762263,627.3636386666667,295.21071266666667,-209.24984949999998,434.623291,53.5401935,-96.131324,205.00455499999998,46.43774500000001,-50.225196,-25.54947999999999,-40.580828000000004
-79.73527,627.3955343333333,295.2178073333333,-209.2273845,434.653838,53.538957999999994,-96.1209915,205.0223585,46.4296445,-50.245003,-25.552873000000005,-40.562732999999994
