Sh_x,Sh_y,Sh_z,El_x,El_y,El_z,Wr_x,Wr_y,Wr_z,WrVec_x,WrVec_y,WrVec_z
-143.19245999999998,619.4908366666667,294.40919,-227.8102305,428.648414,45.427369,-111.91046700000001,182.794905,60.634503,-50.108098,-23.845151999999985,-35.23921
-143.169946,619.4540580000001,294.42823200000004,-227.68382300000002,428.64505499999996,45.3857535,-111.784362,182.7822485,60.4589125,-50.095338,-23.818446999999992,-35.25324499999999
-143.14894266666667,619.420601,294.4457763333333,-227.56123300000002,428.65045299999997,45.337269,-111.6626585,182.7792675,60.2776525,-50.079755000000006,-23.790144999999995,-35.272287000000006
-143.12939766666668,619.3904263333334,294.4618553333333,-227.442395,428.6643945,45.282140500000004,-111.544702,182.786055,60.091061999999994,-50.061368000000016,-23.760400000000004,-35.29622
-143.11125466666667,619.3634846666667,294.476511,-227.327244,428.6866775,45.2205915,-111.42991,182.802666,59.8995185,-50.04021,-23.729360000000014,-35.324901000000004
-143.09445433333335,619.339725,294.4897946666667,-227.215712,428.71712049999996,45.1528415,-111.317782,182.8291155,59.703439,-50.01632799999999,-23.69717700000001,-35.358163999999995
-143.07893433333334,619.3190873333333,294.5017646666667,-227.1077345,428.7555585,45.0791045,-111.2079035,182.86538050000001,59.50327800000001,-49.98978700000001,-23.663999000000018,-35.395816
-143.06463,619.301507,294.51248933333335,-227.0032455,428.8018475,44.999583,-111.09994850000001,182.91139900000002,59.29952850000001,-49.96066900000001,-23.62997199999998,-35.437637
-143.05147499999998,619.2869139999999,294.5220453333333,-226.902184,428.855865,44.9144685,-110.993683,182.9670755,59.0927215,-49.92906799999999,-23.595240999999987,-35.48338700000001
-143.03940033333333,619.2752303333333,294.5305153333333,-226.80449099999998,428.9175135,44.823934,-110.888965,183.0322825,58.8834265,-49.89509799999999,-23.55994899999999,-35.53280699999999
-143.02833566666666,619.2663756666666,294.5379913333333,-226.710116,428.98671950000005,44.7281365,-110.78574750000001,183.1068645,58.672253,-49.858883000000006,-23.524234999999976,-35.585612
-143.01820933333335,619.2602616666667,294.5445703333333,-226.6190145,429.063436,44.627210000000005,-110.68407450000001,183.19064550000002,58.4598485,-49.82056100000001,-23.488236999999998,-35.641509
-143.00895033333333,619.2567973333333,294.550355,-226.53115300000002,429.147647,44.521266,-110.584079,183.283431,58.246900499999995,-49.780280000000005,-23.45209,-35.700185
-143.00048566666666,619.255885,294.555456,-226.44651,429.23936249999997,44.4103915,-110.48598199999999,183.3850175,58.034139,-49.73819599999999,-23.41592300000002,-35.761318
-142.992743,619.257424,294.55998666666665,-226.36507949999998,429.338625,44.2946485,-110.390083,183.495199,57.8223345,-49.694474000000014,-23.37987000000001,-35.824585000000006
-142.98565166666666,619.2613096666666,294.5640653333333,-226.28687050000002,429.445507,44.1740725,-110.29675950000001,183.61377249999998,57.612298499999994,-49.64927899999999,-23.344054999999997,-35.889655
-142.97914,619.2674343333333,294.5678136666666,-226.21191399999998,429.560113,44.0486755,-110.206456,183.740548,57.4048875,-49.602779999999996,-23.308604000000003,-35.956201
-142.97314,619.2756863333334,294.5713563333333,-226.1402605,429.682577,43.9184415,-110.1196795,183.875353,57.2010015,-49.555143000000015,-23.273641999999995,-36.023905
-142.96758433333335,619.2859536666667,294.57482066666665,-226.071984,429.813067,43.783333999999996,-110.03698700000001,184.01804299999998,57.001583499999995,-49.50652800000002,-23.239292000000006,-36.092453
-142.96240733333335,619.2981216666667,294.5783333333334,-226.007185,429.95178,43.643292,-109.9589815,184.168507,56.8076245,-49.45708699999999,-23.205673999999988,-36.161551
-142.95754833333334,619.3120743333334,294.5820233333333,-225.94599,430.0989425,43.498238,-109.8862975,184.3266735,56.6201595,-49.40696299999999,-23.17291499999999,-36.230923
-142.952948,619.327696,294.586019,-225.8885545,430.25481,43.348077499999995,-109.819594,184.49251900000002,56.44027,-49.35628000000001,-23.14113599999999,-36.30031199999999
-142.9485513333333,619.344872,294.59044666666665,-225.835063,430.4196645,43.1927035,-109.7595425,184.66607249999998,56.269087,-49.305149,-23.110465000000005,-36.369492
-142.94430766666667,619.363489,294.595432,-225.7857315,430.593813,43.0320005,-109.7068185,184.8474215,56.107786499999996,-49.25365900000001,-23.081030999999996,-36.438261
-142.94016933333333,619.3834343333333,294.6010973333333,-225.7408045,430.777585,42.865849000000004,-109.66209,185.03671450000002,55.95759699999999,-49.20187399999999,-23.052966999999995,-36.506449999999994
-142.936094,619.4045983333334,294.60756166666664,-225.70056,430.97132899999997,42.6941295,-109.62600800000001,185.2341675,55.819792500000005,-49.14983600000001,-23.02641300000002,-36.57392500000001
-142.93204466666666,619.426876,294.61494066666666,-225.665304,431.175412,42.516726999999996,-109.59919550000001,185.4400665,55.6956985,-49.097559000000004,-23.001514999999984,-36.640585
-142.927989,619.4501663333334,294.6233426666666,-225.63537350000001,431.39021349999996,42.333536,-109.582241,185.654767,55.5866915,-49.045023999999984,-22.978426000000013,-36.706368999999995
-142.92389866666667,619.4743713333334,294.6328736666667,-225.6111345,431.6161235,42.1444665,-109.57568749999999,185.8786995,55.494197,-48.99218699999999,-22.957311000000004,-36.771246
-142.91975166666666,619.4994003333334,294.6436303333333,-225.59297850000002,431.853539,41.949447000000006,-109.580027,186.1123685,55.4196925,-48.93896799999999,-22.938344999999998,-36.835226999999996
-142.91553166666665,619.525169,294.6557056666667,-225.5813255,432.10285999999996,41.748429,-109.5956895,186.35635200000002,55.364707499999994,-48.885255,-22.921715999999975,-36.898355
-142.91122700000003,619.551598,294.66918200000003,-225.5766155,432.364484,41.5413925,-109.6230405,186.6113025,55.330823,-48.83090699999998,-22.907624999999996,-36.960706
-142.906832,619.5786173333333,294.684136,-225.5793115,432.6388065,41.328348000000005,-109.6623755,186.8779455,55.3196705,-48.77574700000001,-22.89629099999999,-37.022389000000004
-142.902346,619.606164,294.7006343333333,-225.5898965,432.9262095,41.1093415,-109.713911,187.1570785,55.33293449999999,-48.719565999999986,-22.88794900000002,-37.083538999999995
-142.897773,619.6341836666667,294.71873566666665,-225.608866,433.22706500000004,40.8844565,-109.77778599999999,187.449568,55.3723495,-48.662127999999996,-22.88285400000001,-37.144318999999996
-142.893123,619.6626296666667,294.73849,-225.636731,433.541727,40.6538155,-109.85405800000001,187.756349,55.4397015,-48.603166,-22.881280000000004,-37.20490900000001
-142.88840966666666,619.6914656666667,294.7599363333333,-225.67401,433.870528,40.417583500000006,-109.9426985,188.078423,55.5368235,-48.54238299999999,-22.88352599999999,-37.265509
-142.88365266666668,619.720664,294.78310600000003,-225.721229,434.2137745,40.1759665,-110.04359600000001,188.4168545,55.665597500000004,-48.479466,-22.88990899999999,-37.326327
-142.87887533333333,619.7502066666667,294.80801866666667,-225.77891549999998,434.57174499999996,39.9292135,-110.1565535,188.7727675,55.82795,-48.41407500000001,-22.90077099999999,-37.387578
-142.87410466666668,619.7800853333333,294.8346863333333,-225.8475995,434.9446865,39.677616,-110.28129150000001,189.14734700000002,56.02585,-48.345849,-22.916483999999997,-37.44947599999999
-142.86937166666667,619.8103016666666,294.8631086666666,-225.92780249999998,435.332809,39.421505499999995,-110.417446,189.5418315,56.2613055,-48.27441999999999,-22.93743699999999,-37.512232999999995
-142.86471166666666,619.8408669999999,294.893278,-226.0200405,435.7362845,39.161254,-110.56457599999999,189.9575155,56.5363595,-48.199405999999996,-22.964050999999984,-37.576043000000006
-142.86016099999998,619.8718016666667,294.92517633333335,-226.124818,436.1552425,38.897268999999994,-110.7221635,190.39574399999998,56.8530855,-48.12041900000001,-22.996768000000003,-37.641082999999995
-142.85576,619.903136,294.958777,-226.24262349999998,436.5897705,38.629993,-110.889616,190.857909,57.213582,-48.037071999999995,-23.036059999999992,-37.707508
-142.85155166666667,619.9349100000001,294.99404400000003,-226.37392699999998,437.03990699999997,38.359897999999994,-111.06627399999999,191.34545250000002,57.6199655,-47.94898199999999,-23.082418999999987,-37.775435
-142.84757833333333,619.967174,295.03093400000006,-226.51917650000001,437.5056445,38.0874835,-111.25141299999999,191.8598575,58.074366,-47.85577199999999,-23.136367000000007,-37.844944
-142.84388633333333,619.9999846666668,295.0693956666667,-226.678792,437.9869245,37.8132715,-111.44425249999999,192.4026495,58.578916,-47.757082999999994,-23.198444999999992,-37.916070000000005
-142.84052066666666,620.0334106666668,295.10937066666673,-226.8531645,438.4836365,37.537803,-111.6439555,192.975394,59.135746,-47.65257300000002,-23.269216,-37.988797999999996
-142.837528,620.0675256666667,295.1507936666667,-227.0426505,438.99561900000003,37.2616305,-111.84964,193.579692,59.746972,-47.54192599999999,-23.349266,-38.063050000000004
-142.83495433333334,620.1024143333333,295.19359533333335,-227.24757,439.52265550000004,36.98531800000001,-112.0603835,194.2171755,60.41468999999999,-47.424854999999994,-23.439194999999984,-38.138687999999995
-142.83284433333333,620.138167,295.2377,-227.4681995,440.0644775,36.709433,-112.2752265,194.889507,61.1409625,-47.301107,-23.53962200000001,-38.215507
-142.83124333333333,620.1748836666667,295.28302866666667,-227.7047715,440.62076,36.434543,-112.493185,195.59837349999998,61.927808999999996,-47.170468,-23.65117699999999,-38.293226
-142.83019333333334,620.2126683333332,295.3295003333333,-227.957469,441.191126,36.161212,-112.7132495,196.3454805,62.777198,-47.03276500000001,-23.774495,-38.371488
-142.829735,620.2516336666666,295.3770313333334,-228.226424,441.77514199999996,35.8899985,-112.9343995,197.13254849999998,63.69103249999999,-46.887872999999985,-23.910224999999997,-38.449859
-142.82990666666666,620.291898,295.4255356666667,-228.5117095,442.3723225,35.621447,-113.1556045,197.961304,64.67114000000001,-46.735715,-24.05901,-38.527822
-142.83074233333332,620.3335853333334,295.47493000000003,-228.813342,442.9821265,35.35609,-113.3758325,198.83347550000002,65.7192605,-46.576263,-24.221490999999986,-38.604783000000005
-142.83227533333334,620.3768246666667,295.52513,-229.13127300000002,443.603962,35.094443999999996,-113.59405699999999,199.7507805,66.837036,-46.40954199999999,-24.398304999999993,-38.68006199999999
-142.83453266666666,620.4217506666666,295.57605366666667,-229.46538999999999,444.237183,34.8370075,-113.8092645,200.714921,68.025999,-46.235630999999984,-24.590069999999997,-38.75290799999999
-142.83753833333333,620.4685013333333,295.62762266666664,-229.8155105,444.8810925,34.5842615,-114.020457,201.72757000000001,69.287561,-46.054658,-24.79738999999998,-38.82248799999999
-142.84131166666666,620.5172206666667,295.6797616666667,-230.18138299999998,445.534942,34.336667500000004,-114.226663,202.79036200000002,70.623,-45.86680000000001,-25.020841999999988,-38.887904
-142.845867,620.5680546666666,295.7324,-230.5626825,446.1979335,34.094667,-114.4269405,203.9048795,72.0334515,-45.67228499999999,-25.260973000000007,-38.948193
-142.85121366666667,620.621153,295.785474,-230.9590095,446.869222,33.8586855,-114.62038100000001,205.07264099999998,73.5198975,-45.471384000000015,-25.518292000000002,-39.002337000000004
-142.85735533333335,620.6766693333334,295.838925,-231.3698885,447.547911,33.6291315,-114.8061195,206.295087,75.083158,-45.26440699999999,-25.793266000000017,-39.04927
-142.86429099999998,620.734759,295.89270166666665,-231.79477049999997,448.23306,33.406398,-114.98333550000001,207.57356750000002,76.723877,-45.051699,-26.086310999999995,-39.087892000000004
-142.87201166666668,620.7955796666666,295.94676066666665,-232.23303,448.923681,33.190868,-115.151259,208.909323,78.4425215,-44.833631999999994,-26.397789999999986,-39.117075
-142.880504,620.8592910000001,296.00106766666664,-232.683965,449.6187435,32.9829125,-115.3091735,210.3034755,80.239366,-44.610603,-26.727998999999983,-39.135682
-142.88974833333336,620.9260536666667,296.0555963333333,-233.14680199999998,450.31717100000003,32.7829,-115.4564225,211.75700849999998,82.114492,-44.383021,-27.077168999999998,-39.14257599999999
-142.89971799999998,620.9960293333332,296.1103296666667,-233.620695,451.0178475,32.591193499999996,-115.5924085,213.2707545,84.06777650000001,-44.151301000000004,-27.44545500000001,-39.136635
-142.91037966666667,621.06938,296.16526,-234.1047305,451.719615,32.408158,-115.716598,214.8453815,86.09889050000001,-43.915858000000014,-27.83293500000002,-39.116766999999996
-142.92169433333333,621.1462680000001,296.220391,-234.59792850000002,452.4212765,32.2341645,-115.82852550000001,216.481377,88.20729499999999,-43.67709700000002,-28.239599999999996,-39.081924
-142.933616,621.2268543333333,296.27573433333333,-235.09925,453.121597,32.0695895,-115.92779049999999,218.179039,90.392237,-43.43540499999999,-28.665356000000003,-39.031116
-142.946092,621.3112993333334,296.33131299999997,-235.6075975,453.81930650000004,31.914822,-116.0140625,219.93846100000002,92.65275,-43.191141,-29.110016,-38.963426
-142.95906333333332,621.399761,296.3871596666667,-236.121825,454.5130995,31.7702675,-116.08707999999999,221.759525,94.987651,-42.94463399999999,-29.573300000000017,-38.87802400000001
-142.97246533333333,621.4923956666667,296.4433166666667,-236.6407415,455.201641,31.6363465,-116.146649,223.64189199999998,97.395546,-42.696169999999995,-30.054832000000005,-38.774176
-142.98622533333332,621.5893556666666,296.499836,-237.1631175,455.883562,31.5135005,-116.192646,225.584995,99.8748295,-42.445988,-30.55413999999999,-38.651255000000006
-143.00026566666668,621.6907903333333,296.5567793333333,-237.68769450000002,456.5574695,31.4021945,-116.2250135,227.58803749999998,102.4236915,-42.19428100000002,-31.070659000000006,-38.508757
-143.014502,621.796843,296.61421666666666,-238.21319,457.221944,31.3029155,-116.243759,229.6499885,105.0401205,-41.94117800000001,-31.60373100000001,-38.34629899999999
-143.02884433333335,621.9076523333333,296.6722276666667,-238.738307,457.875544,31.2161765,-116.2489555,231.7695865,107.721915,-41.68675499999999,-32.152603,-38.16363199999999
-143.04319733333332,622.0233509999999,296.7309003333333,-239.261742,458.5168085,31.1425165,-116.2407355,233.9453405,110.46668700000001,-41.431027000000014,-32.716441,-37.96064000000001
-143.05745933333333,622.1440636666666,296.790329,-239.7821935,459.144262,31.0824985,-116.219288,236.175536,113.27187749999999,-41.173946,-33.29432600000001,-37.73734499999999
-143.07152399999998,622.2699076666667,296.850616,-240.29837199999997,459.7564145,31.036713,-116.18485799999999,238.45824299999998,116.13476450000002,-40.915408,-33.88526199999998,-37.49390100000001
-143.08528033333334,622.4009903333334,296.91186866666663,-240.80900450000001,460.351771,31.005774,-116.137741,240.7913285,119.05247700000001,-40.655247999999986,-34.48818899999998,-37.230598
-143.09861166666667,622.5374109999999,296.97420266666666,-241.31284799999997,460.92883,30.990319,-116.0782775,243.17246649999998,122.0220095,-40.39325299999999,-35.10198299999999,-36.947849000000005
-143.11139766666668,622.679256,297.03773666666666,-241.808695,461.4860915,30.9910055,-116.0068525,245.5991575,125.040236,-40.12915899999999,-35.72546699999998,-36.64618999999999
-143.12351466666667,622.8266010000001,297.102594,-242.29538200000002,462.022061,31.008512500000002,-115.92388550000001,248.0687415,128.103927,-39.86266100000002,-36.35742300000001,-36.32625999999999
-143.13483333333335,622.9795093333333,297.16890166666667,-242.77179700000002,462.535253,31.043533500000002,-115.829831,250.578421,131.2097635,-39.593422000000004,-36.996598000000034,-35.988800999999995
-143.14522366666665,623.138031,297.23679,-243.2368865,463.0241995,31.096779,-115.72517249999999,253.125277,134.35435950000002,-39.32107699999999,-37.641718000000026,-35.63463700000001
-143.15455133333333,623.3022016666667,297.306391,-243.6896635,463.4874525,31.168969,-115.61041499999999,255.7062985,137.5342735,-39.045246000000006,-38.291492999999974,-35.264661000000004
-143.16268033333333,623.4720426666667,297.37783800000005,-244.1292095,463.9235905,31.2608335,-115.48608300000001,258.3183975,140.74602850000002,-38.765541999999996,-38.94463499999998,-34.87982500000001
-143.16947233333335,623.6475596666666,297.45126566666664,-244.554684,464.331227,31.373108000000002,-115.35271800000001,260.9584365,143.9861315,-38.48158200000002,-39.59985900000004,-34.481117
-143.17478833333334,623.8287426666667,297.52680633333335,-244.9653265,464.7090125,31.5065295,-115.210869,263.623254,147.25109,-38.192992000000004,-40.25589999999997,-34.069546
-143.17848766666668,624.015566,297.60459433333335,-245.3604585,465.05564400000003,31.661838000000003,-115.061092,266.3096835,150.53742549999998,-37.899426000000005,-40.91152099999999,-33.646129
-143.180431,624.2079866666667,297.6847606666667,-245.739489,465.3698685,31.8397675,-114.90394549999999,269.0145795,153.841696,-37.600567,-41.56551900000002,-33.211872
-143.18047833333333,624.4059453333333,297.767435,-246.10191250000003,465.6504925,32.041049,-114.73998800000001,271.7348405,157.1605095,-37.296138,-42.216735,-32.767754999999994
-143.17849066666668,624.6093653333334,297.852743,-246.447314,465.896385,32.2664045,-114.569772,274.467427,160.49053650000002,-36.985913999999994,-42.864063999999985,-32.314717
-143.17433133333336,624.818155,297.940808,-246.7753635,466.1064845,32.5165465,-114.3938445,277.2093865,163.8285275,-36.669725000000014,-43.50645700000004,-31.853646999999995
-143.16786499999998,625.0322043333333,298.0317493333333,-247.08581900000001,466.279805,32.792174,-114.21274399999999,279.95786599999997,167.1713245,-36.34746,-44.14293200000003,-31.38536099999999
-143.15896033333334,625.2513876666667,298.125681,-247.37852300000003,466.4154435,33.0939715,-114.026995,282.7101315,170.5158735,-36.01907799999999,-44.772568999999976,-30.910609000000022
-143.14748866666665,625.4755633333333,298.222713,-247.65339999999998,466.5125805,33.422606,-113.837113,285.46358250000003,173.8592345,-35.684606,-45.39452699999998,-30.43005100000002
-143.133325,625.7045753333333,298.32294833333333,-247.910452,466.5704895,33.7787255,-113.643598,288.21576300000004,177.1985885,-35.344144000000014,-46.00803400000001,-29.944258999999988
-143.11635166666667,625.938251,298.4264846666667,-248.14975750000002,466.58853899999997,34.1629565,-113.446936,290.9643695,180.5312505,-34.997862,-46.61239500000005,-29.45371499999999
-143.096453,626.1764056666667,298.533414,-248.3714635,466.56619750000004,34.575902,-113.247599,293.7072625,183.854672,-34.64599999999999,-47.20699300000001,-28.958798
-143.07352166666666,626.4188399999999,298.64382033333334,-248.575783,466.503037,35.0181385,-113.0460445,296.44246699999997,187.166446,-34.288871000000015,-47.79128399999996,-28.4598
-143.047456,626.6653426666667,298.75778199999996,-248.762991,466.398734,35.490213499999996,-112.84271749999999,299.16818,190.464312,-33.926846999999995,-48.36479800000001,-27.956914000000012
-143.01816166666666,626.9156923333334,298.875368,-248.933415,466.25307599999996,35.9926435,-112.6380475,301.8827665,193.746158,-33.56036499999999,-48.927137000000016,-27.450245999999993
-142.98555266666665,627.1696546666667,298.996641,-249.087434,466.065958,36.5259115,-112.432454,304.584761,197.010023,-33.18991000000001,-49.47797200000002,-26.939819999999997
-142.94954866666666,627.426988,299.121655,-249.22547100000003,465.83738900000003,37.090462,-112.22634450000001,307.2728615,200.2540925,-32.816019,-50.01703900000001,-26.425579
-142.91008133333335,627.6874429999999,299.25045666666665,-249.347987,465.56748849999997,37.686699000000004,-112.020117,309.9459275,203.4767025,-32.43926599999999,-50.54413499999998,-25.907407000000006
-142.867088,627.950761,299.38308266666667,-249.455479,465.2564885,38.314984,-111.81416100000001,312.6029685,206.6763335,-32.060254,-51.05911099999997,-25.385120999999998
-142.82051666666666,628.2166793333333,299.51956233333334,-249.5484705,464.90473099999997,38.9756295,-111.60885999999999,315.2431405,209.851608,-31.67961000000001,-51.561871,-24.858496000000002
-142.77032466666665,628.48493,299.6599156666667,-249.62750999999997,464.512669,39.6688995,-111.4045895,317.86573450000003,213.0012875,-31.297975000000008,-52.05236499999995,-24.327270999999996
-142.71647833333336,628.7552413333333,299.804154,-249.6931655,464.080863,40.395,-111.201724,320.4701625,216.124264,-30.915996000000007,-52.53058299999998,-23.791157999999996
-142.658955,629.027338,299.952279,-249.746019,463.6099765,41.154082499999994,-111.00063,323.05595300000004,219.2195585,-30.534313999999995,-52.99655000000001,-23.24985699999999
-142.59774033333335,629.3009443333334,300.104284,-249.786666,463.100777,41.946236,-110.801676,325.6227345,222.2863105,-30.153561999999994,-53.45032299999997,-22.703063000000014
-142.532831,629.5757843333332,300.260152,-249.81570700000003,462.5541285,42.771485,-110.60522549999999,328.170226,225.32377400000001,-29.774355,-53.89197999999999,-22.150479999999988
-142.46423366666667,629.8515813333333,300.419858,-249.8337495,461.9709885,43.6297865,-110.411641,330.69822150000005,228.33130749999998,-29.397282000000004,-54.32162299999999,-21.591830999999985
-142.39196333333334,630.12806,300.583367,-249.84140150000002,461.352403,44.5210285,-110.2212835,333.206584,231.308368,-29.02290500000001,-54.73936599999996,-21.02686399999999
-142.31604666666667,630.404949,300.750634,-249.8392695,460.6995015,45.4450275,-110.034513,335.6952265,234.254502,-28.651747999999998,-55.14533499999999,-20.45536199999998
-142.23651766666669,630.6819773333333,300.9216053333333,-249.82795750000002,460.0134905,46.4015255,-109.851686,338.1641065,237.1693365,-28.2843,-55.539661000000024,-19.877147000000008
-142.153422,630.95888,301.0962183333333,-249.808064,459.2956475,47.390191,-109.6731575,340.61321050000004,240.0525725,-27.921013000000002,-55.922481000000005,-19.292091
-142.066812,631.2353939999999,301.27440099999995,-249.7801795,458.547316,48.410616499999996,-109.49927550000001,343.042547,242.903974,-27.562292999999997,-56.293926,-18.700113999999985
-141.97674966666668,631.5112633333333,301.4560716666667,-249.744887,457.76989649999996,49.462321,-109.330385,345.452135,245.7233625,-27.20850800000001,-56.65412600000002,-18.101189000000005
-141.88330566666664,631.7862363333334,301.64114033333334,-249.702757,456.96484250000003,50.5447495,-109.1668225,347.8419955,248.5106065,-26.85998500000001,-57.003202999999985,-17.495349000000004
-141.78655866666665,632.0600676666667,301.829507,-249.6543515,456.1336505,51.657272500000005,-109.008917,350.2121445,251.265614,-26.517014000000003,-57.341271000000006,-16.88267400000001
-141.68659266666666,632.3325173333334,302.0210653333333,-249.60021799999998,455.27785500000005,52.7991915,-108.8569835,352.562582,253.988326,-26.179846999999995,-57.668431999999996,-16.263304000000005
-141.58350233333334,632.6033536666667,302.2156973333333,-249.5408905,454.399021,53.969738,-108.711326,354.893289,256.6787075,-25.848707999999988,-57.984774000000016,-15.637426999999974
-141.477386,632.8723493333333,302.4132803333334,-249.47689100000002,453.498738,55.168079500000005,-108.57223300000001,357.20422199999996,259.3367425,-25.523790000000005,-58.290373999999986,-15.005284999999986
-141.36835,633.1392863333334,302.61368066666665,-249.408724,452.578611,56.393321,-108.439975,359.49530500000003,261.9624245,-25.205265999999995,-58.58528800000005,-14.367159000000015
-141.2565053333333,633.403953,302.816759,-249.3368795,451.64025549999997,57.644508,-108.31480250000001,361.76642849999996,264.555753,-24.893287,-58.86956300000003,-13.723373999999978
-141.14196933333332,633.6661453333334,303.02236766666664,-249.26183149999997,450.685291,58.9206335,-108.1969445,364.017446,267.1167295,-24.587995000000006,-59.14322200000004,-13.07428699999997
-141.024863,633.9256660000001,303.2303533333333,-249.1840385,449.715334,60.22064,-108.086606,366.24816899999996,269.64534749999996,-24.289524,-59.406277999999986,-12.420284999999978
-140.905313,634.1823263333333,303.440554,-249.1039415,448.731991,61.543426,-107.9839645,368.4583705,272.141593,-23.99800300000001,-59.65872300000001,-11.76177800000005
-140.78344933333332,634.435944,303.652804,-249.02196550000002,447.736856,62.8878495,-107.889171,370.6477795,274.60544,-23.713566,-59.90053499999999,-11.099192000000016
-140.65940533333332,634.6863446666666,303.86693066666663,-248.938518,446.7315025,64.252733,-107.8023475,372.8160845,277.0368465,-23.436355000000006,-60.13167499999997,-10.432965000000024
-140.53331866666667,634.9333623333333,304.0827566666666,-248.8539895,445.7174775,65.6368705,-107.72358349999999,374.96293049999997,279.435753,-23.166521000000003,-60.35209100000003,-9.763537999999983
-140.40532833333336,635.176836,304.3000993333333,-248.7687535,444.696301,67.039028,-107.652939,377.08792500000004,281.80208100000004,-22.90423,-60.561713999999995,-9.091349999999977
-140.27557733333333,635.4166156666666,304.51877233333335,-248.683168,443.6694575,68.457954,-107.5904395,379.1906375,284.135732,-22.649666999999994,-60.76046500000001,-8.41683599999999
-140.14420900000002,635.652555,304.73858566666667,-248.59757299999998,442.6383925,69.8923805,-107.5360775,381.270602,286.43658800000003,-22.403036999999998,-60.94825400000002,-7.740420000000029
-140.01136999999997,635.8845176666667,304.95934600000004,-248.5122945,441.6045115,71.34102899999999,-107.489814,383.327321,288.70451049999997,-22.164564,-61.124978,-7.062507000000039
-139.87720766666666,636.1123726666666,305.18085766666667,-248.4276395,440.569174,72.8026145,-107.4515735,385.3602695,290.93934449999995,-21.934495,-61.29053099999999,-6.383487000000002
-139.74187033333334,636.3359973333332,305.4029223333334,-248.343903,439.53369150000003,74.2758495,-107.42125,387.368898,293.1409145,-21.713096000000007,-61.444796,-5.703724999999963
-139.60550733333332,636.5552753333333,305.6253403333333,-248.261364,438.4993265,75.7594505,-107.39870400000001,389.3526385,295.3090345,-21.500656000000006,-61.58765699999998,-5.023564999999962
-139.46826866666666,636.7700976666666,305.8479116666667,-248.18028700000002,437.467285,77.252138,-107.38376550000001,391.3109095,297.44350399999996,-21.297477,-61.71899300000001,-4.343322000000001
-139.33030433333332,636.9803620000001,306.0704353333333,-248.100925,436.43872150000004,78.752644,-107.3762325,393.24311850000004,299.5441135,-21.103881,-61.838685,-3.6632890000000202
-139.19176466666667,637.185973,306.292711,-248.02351649999997,435.41473299999996,80.25971150000001,-107.375876,395.14867100000004,301.61064799999997,-20.92019599999999,-61.946619999999996,-2.98372999999998
-139.0527986666667,637.3868423333333,306.5145383333333,-247.94829,434.39635799999996,81.77210249999999,-107.3824395,397.026974,303.642891,-20.746761000000006,-62.04268400000001,-2.3048840000000155
-138.913557,637.5828876666666,306.7357186666667,-247.875462,433.3845775,83.2885955,-107.3956405,398.87744150000003,305.640628,-20.583912999999995,-62.126780999999994,-1.6269700000000284
-138.77418766666668,637.7740353333334,306.95605566666666,-247.80523950000003,432.380311,84.807993,-107.415175,400.6995005,307.60365049999996,-20.43198600000001,-62.19881899999996,-0.9501809999999864
-138.63483866666667,637.9602173333333,307.175354,-247.7378205,431.384421,86.3291225,-107.440717,402.4925945,309.53175999999996,-20.291308,-62.25872300000003,-0.2746940000000109
-138.49565633333333,638.1413716666667,307.3934226666667,-247.67339499999997,430.3977065,87.85083800000001,-107.4719235,404.2561935,311.4247715,-20.162187000000003,-62.306434999999965,0.39933100000001787
-138.3567866666667,638.3174443333332,307.61007333333333,-247.612145,429.4209095,89.3720215,-107.508434,405.9897915,313.28252050000003,-20.04491399999999,-62.34191500000003,1.0717470000000162
-138.21837233333335,638.4883886666667,307.82512199999996,-247.5542455,428.454711,90.891589,-107.54987650000001,407.69291799999996,315.104865,-19.939746999999997,-62.36514600000004,1.7424139999999966
-138.08055633333333,638.6541626666667,308.03838866666666,-247.499867,427.499733,92.408488,-107.595868,409.365138,316.891688,-19.846913999999998,-62.37613399999998,2.411196000000018
-137.943478,638.8147336666667,308.249699,-247.4491725,426.55654,93.921701,-107.646019,411.0060565,318.6429035,-19.766604,-62.37491299999999,3.077961000000016
-137.807276,638.9700743333333,308.4588836666666,-247.4023215,425.6256385,95.43024750000001,-107.6999335,412.6153215,320.3584605,-19.698960999999997,-62.36154299999998,3.742570999999998
-137.67208633333334,639.1201646666667,308.66577866666665,-247.3594695,424.70748000000003,96.93318400000001,-107.7572135,414.19262749999996,322.0383425,-19.644076999999996,-62.33611500000001,4.404881000000046
-137.53804100000002,639.264991,308.87022733333333,-247.32076700000002,423.802462,98.429607,-107.8174625,415.737716,323.68257400000005,-19.601993000000007,-62.29875199999998,5.064737999999977
-137.405272,639.4045476666666,309.0720793333333,-247.28636,422.910928,99.9186505,-107.880285,417.250379,325.29121999999995,-19.57269199999999,-62.24960799999997,5.721971999999994
-137.27390666666665,639.5388353333334,309.2711913333333,-247.2563935,422.03317200000004,101.39949250000001,-107.945292,418.7304565,326.864389,-19.556098000000006,-62.188868999999954,6.37639999999999
-137.14406966666664,639.6678606666668,309.4674273333333,-247.23100549999998,421.169439,102.871349,-108.0121,420.177839,328.402233,-19.552071999999995,-62.11675600000001,7.027815999999973
-137.01588333333333,639.7916383333333,309.6606586666667,-247.210332,420.3199265,104.33348000000001,-108.080335,421.592467,329.90495,-19.560416000000004,-62.03351999999995,7.675995999999998
-136.88946633333333,639.9101893333333,309.8507663333333,-247.194504,419.48479,105.78518700000001,-108.14963399999999,422.9743295,331.3727835,-19.580864000000005,-61.93944899999997,8.320693000000006
-136.764934,640.0235409999999,310.0376376666666,-247.183648,418.664139,107.2258135,-108.219645,424.32346299999995,332.8060205,-19.613098000000008,-61.834858,8.961638999999991
-136.64239866666665,640.1317276666667,310.22116966666664,-247.1778865,417.858047,108.654746,-108.29003,425.6399465,334.204994,-19.656732000000005,-61.72009300000002,9.598541999999952
-136.52196833333335,640.23479,310.4012676666666,-247.177335,417.06654949999995,110.07140999999999,-108.36046350000001,426.92390350000005,335.5700765,-19.711328999999992,-61.595529,10.231091000000049
-136.40374733333334,640.3327753333333,310.57784466666664,-247.18210249999998,416.2896465,111.47527600000001,-108.4306375,428.17549699999995,336.90168600000004,-19.776400999999993,-61.461568,10.858951999999988
-136.28783733333333,640.4257363333332,310.750825,-247.1922915,415.527307,112.86585249999999,-108.50025600000001,429.394926,338.20027500000003,-19.851408000000006,-61.318633999999975,11.481776000000025
-136.17433466666668,640.5137326666667,310.92014,-247.2079965,414.7794715,114.24269050000001,-108.56904,430.5824225,339.4663335,-19.93577400000001,-61.167170999999996,12.099197000000004
-136.06333166666664,640.5968303333334,311.08573033333334,-247.2293025,414.0460525,115.605378,-108.63672700000001,431.7382485,340.70038750000003,-20.02888399999999,-61.00764300000003,12.710837000000026
-135.95491766666666,640.6751009999999,311.24754566666667,-247.256284,413.3269395,116.9535415,-108.703068,432.8626925,341.90299000000005,-20.130094,-60.840529000000004,13.316311999999982
-135.84917666666666,640.7486203333333,311.40554433333335,-247.289006,412.622002,118.2868445,-108.767831,433.95606399999997,343.0747225,-20.238738000000012,-60.66631799999999,13.915226999999959
-135.74618866666665,640.817471,311.559694,-247.3275205,411.9310875,119.6049845,-108.830799,435.018692,344.216191,-20.354131999999993,-60.48550999999998,14.507191999999975
-135.64602866666667,640.881741,311.70997033333333,-247.371866,411.25403,120.907695,-108.89176900000001,436.05092249999996,345.3280205,-20.475588000000002,-60.298607000000004,15.091818999999987
-135.54876666666667,640.9415223333334,311.85635866666667,-247.42206849999997,410.590649,122.1947395,-108.9505525,437.053111,346.4108545,-20.602413000000013,-60.10611600000004,15.668723
-135.45446966666665,640.9969123333334,311.99885,-247.478138,409.94075250000003,123.4659135,-109.0069775,438.0256235,347.4653485,-20.733920999999995,-59.908541000000014,16.23753499999998
-135.363197,641.0480126666666,312.1374466666667,-247.54006950000002,409.30413799999997,124.72103899999999,-109.06088299999999,438.96883249999996,348.492171,-20.869434,-59.70638300000002,16.79789999999997
-135.27500533333333,641.094929,312.272157,-247.6078405,408.68059800000003,125.95996650000001,-109.112124,439.8831135,349.4919965,-21.008296,-59.500136999999995,17.34947900000003
-135.189945,641.137772,312.4029963333333,-247.681413,408.0699175,127.182572,-109.16056800000001,440.768845,350.46550449999995,-21.149872000000002,-59.29028800000003,17.891958999999986
-135.10806033333333,641.1766546666666,312.52998899999994,-247.76072900000003,407.4718795,128.388753,-109.2060955,441.626405,351.41337799999997,-21.293550999999994,-59.077312000000006,18.425044000000014
-135.02939166666667,641.2116943333333,312.65316433333334,-247.8457145,406.88626450000004,129.57843,-109.248603,442.456169,352.336298,-21.438758000000007,-58.861670000000004,18.948472000000038
-134.95397266666666,641.2430106666667,312.7725606666666,-247.9362755,406.3128535,130.7515425,-109.287998,443.258513,353.2349465,-21.584947999999997,-58.643812000000025,19.46200300000004
-134.88183166666667,641.2707273333334,312.8882193333334,-248.03230000000002,405.7514285,131.908048,-109.324205,444.033807,354.11000049999996,-21.731613999999993,-58.424170000000004,19.965431000000024
-134.81299066666665,641.2949703333333,313.0001903333333,-248.1336565,405.2017735,133.047921,-109.3571605,444.782422,354.962132,-21.878287,-58.20316200000002,20.458575999999994
-134.747467,641.315866,313.1085273333333,-248.24019699999997,404.6636765,134.171151,-109.38681650000001,445.5047235,355.792008,-22.024536999999995,-57.98119099999997,20.941287999999986
-134.68527066666667,641.3335456666667,313.21329,-248.35175299999997,404.13693,135.2777405,-109.4131415,446.2010755,356.600288,-22.16997099999999,-57.75863900000002,21.41344799999996
-134.626406,641.3481413333334,313.3145426666667,-248.4681405,403.6213315,136.367706,-109.436117,446.871843,357.3876245,-22.314234,-57.535878000000025,21.87496299999998
-134.57087166666668,641.359785,313.41235266666666,-248.5891565,403.11668399999996,137.4410735,-109.4557425,447.517388,358.15466200000003,-22.457009,-57.313260000000014,22.325767999999982
-134.51865866666665,641.3686116666667,313.506793,-248.714584,402.6227985,138.497881,-109.47203300000001,448.13807799999995,358.90203599999995,-22.598011999999997,-57.09111999999999,22.76582400000001
-134.46975433333333,641.3747566666666,313.59793833333333,-248.84419,402.13949,139.538176,-109.48501999999999,448.7342815,359.6303755,-22.736993999999996,-56.86978099999999,23.195114999999987
-134.42413733333333,641.3783556666666,313.685867,-248.97772750000001,401.666583,140.5620145,-109.4947525,449.3063755,360.3402985,-22.873733,-56.64954899999998,23.61364900000001
-134.38178133333335,641.3795453333333,313.77066,-249.1149375,401.2039055,141.569461,-109.5012955,449.854743,361.03241549999996,-23.008038999999997,-56.43071600000002,24.02144900000002
-134.34265366666668,641.3784626666667,313.85240000000005,-249.25555,400.75129549999997,142.560589,-109.50473,450.37977850000004,361.70732599999997,-23.139742,-56.21355699999998,24.418560000000014
-134.30671533333333,641.375243,313.93117166666667,-249.399285,400.3085955,143.535479,-109.505156,450.88189,362.36562349999997,-23.268698,-55.99833799999999,24.805043000000012
-134.27392166666667,641.3700233333333,314.00705999999997,-249.54585600000001,399.87565500000005,144.4942185,-109.50268650000001,451.3614995,363.0078875,-23.394783000000004,-55.785304999999994,25.180971
-134.244222,641.362939,314.08015266666666,-249.6949695,399.4523285,145.4369045,-109.4974495,451.8190495,363.634689,-23.517888999999997,-55.57469100000003,25.54643200000004
-134.21756033333335,641.3541253333333,314.1505363333333,-249.84632900000003,399.0384765,146.36364,-109.4895885,452.255001,364.24658850000003,-23.637924999999996,-55.366716,25.90152900000004
-134.1938736666667,641.3437153333333,314.2182976666667,-249.99963400000001,398.6339625,147.27453450000002,-109.47926050000001,452.669839,364.8441335,-23.754813,-55.16158200000001,26.24636899999996
-134.173095,641.3318413333333,314.28352333333333,-250.1545845,398.23865650000005,148.16970750000002,-109.466632,453.0640735,365.42785949999995,-23.868492000000003,-54.959475,26.581075
-134.15515200000002,641.3186350000001,314.3462996666667,-250.3108815,397.85242949999997,149.0492845,-109.451881,453.43823999999995,365.998286,-23.978910000000013,-54.76056199999999,26.905779999999993
-134.13996699999998,641.3042256666666,314.4067113333333,-250.4682295,397.47515599999997,149.913398,-109.4351935,453.79290549999996,366.55592,-24.086028999999996,-54.56499100000002,27.220627999999977
-134.12745800000002,641.288741,314.4648416666667,-250.62633749999998,397.106712,150.7621895,-109.4167625,454.128664,367.1012505,-24.189820999999995,-54.372889999999984,27.525773000000015
-134.11753766666666,641.2723056666667,314.5207726666667,-250.7849205,396.746975,151.59580699999998,-109.396785,454.44614149999995,367.6347485,-24.290272,-54.184365000000014,27.821380999999974
-134.11011566666664,641.2550433333333,314.574584,-250.9437005,396.39582299999995,152.41440599999999,-109.3754615,454.745996,368.15686700000003,-24.387381000000005,-53.99949600000002,28.10763000000003
-134.10509833333333,641.2370753333333,314.6263533333333,-251.1024095,396.053132,153.2181495,-109.352992,455.02891650000004,368.668037,-24.481162000000012,-53.818340999999975,28.38471199999998
-134.10238666666666,641.218519,314.676156,-251.260788,395.71878000000004,154.007208,-109.3295785,455.29562250000004,369.16866949999996,-24.571642999999995,-53.64092699999998,28.65283500000004
-134.10188000000002,641.19949,314.724064,-251.4185895,395.39264149999997,154.781756,-109.3054165,455.5468635,369.65915099999995,-24.658868999999996,-53.46725699999996,28.91221999999999
-134.103475,641.1801,314.77014733333334,-251.575577,395.07459,155.541978,-109.280698,455.78341850000004,370.13984500000004,-24.742902,-53.297301000000004,29.163106000000028
-134.10706533333334,641.1604596666667,314.8144733333333,-251.731527,394.764496,156.2880605,-109.2556115,456.0060925,370.61109,-24.82382100000001,-53.131005000000016,29.405744000000027
-134.11254366666665,641.1406736666667,314.8571043333333,-251.88622850000002,394.46222850000004,157.020196,-109.2303345,456.2157145,371.0732,-24.901726999999994,-52.968278999999995,29.64040799999998
-134.11980066666663,641.1208453333334,314.89810200000005,-252.03948250000002,394.167653,157.7385815,-109.205038,456.41313449999996,371.5264635,-24.976737999999997,-52.809009,29.86738299999996
-134.12872566666667,641.1010729999999,314.93752333333333,-252.191103,393.880632,158.4434165,-109.179884,456.5992205,371.97114350000004,-25.048992,-52.65304900000001,30.086973
-134.13920866666666,641.0814533333333,314.97542366666664,-252.3409175,393.601026,159.134901,-109.155025,456.774852,372.4074795,-25.118650000000002,-52.50022799999999,30.29949700000003
-134.15113766666664,641.0620776666666,315.0118526666667,-252.488765,393.3286925,159.8132385,-109.1306035,456.940919,372.83568449999996,-25.185885,-52.350346,30.505285000000015
-134.16440300000002,641.0430343333334,315.04685966666665,-252.63449599999998,393.0634865,160.478629,-109.106753,457.0983165,373.255952,-25.250894000000002,-52.20318500000002,30.70468199999999
-134.17889366666665,641.0244073333333,315.08048966666667,-252.77797349999997,392.80526199999997,161.1312725,-109.083597,457.247937,373.6684505,-25.31388799999999,-52.05850400000003,30.898041000000035
-134.19450166666664,641.0062766666666,315.11278500000003,-252.91907,392.55386999999996,161.7713655,-109.061254,457.390668,374.0733325,-25.37509,-51.916044,31.085721000000035
-134.21111966666666,640.98872,315.14378466666665,-253.05766850000003,392.309162,162.3990995,-109.03983199999999,457.527384,374.47073,-25.434736,-51.77553999999998,31.268084000000044
-134.22864233333334,640.971809,315.173527,-253.19366200000002,392.07099000000005,163.01466,-109.019436,457.6589445,374.86076049999997,-25.49306999999999,-51.63671099999999,31.445493
-134.24696733333334,640.9556130000001,315.202045,-253.3269495,391.839205,163.618225,-109.000167,457.786185,375.24352899999997,-25.55033999999999,-51.499281999999994,31.61830600000002
-134.265994,640.9401966666667,315.2293726666666,-253.45744150000002,391.61366050000004,164.2099645,-108.982122,457.9099135,375.619128,-25.606793999999994,-51.36297300000001,31.786872000000017
-134.28562533333334,640.92562,315.2555386666667,-253.58505200000002,391.394213,164.79003699999998,-108.9654,458.03090499999996,375.98764400000005,-25.662678,-51.22751599999998,31.95152999999999
-134.30576866666667,640.9119413333333,315.280573,-253.7097035,391.1807215,165.3585905,-108.9501,458.149895,376.349156,-25.718232,-51.09265399999998,32.11259799999999
-134.32633333333334,640.8992123333334,315.3045013333333,-253.831324,390.9730505,165.91576049999998,-108.93632249999999,458.26757899999996,376.7037415,-25.773680999999996,-50.95814999999999,32.27037899999999
-134.34723366666665,640.8874826666666,315.32734899999997,-253.94984549999998,390.7710685,166.46166799999997,-108.92417649999999,458.384602,377.051476,-25.829234999999997,-50.823789999999974,32.42514399999999
-134.36838766666668,640.8767986666667,315.349139,-254.06520799999998,390.574652,166.9964205,-108.9137745,458.5015595,377.392436,-25.885085000000004,-50.689391,32.57714200000004
-134.389718,640.8672006666667,315.36989566666665,-254.17735349999998,390.383684,167.52011,-108.9052365,458.618994,377.7267025,-25.941396999999995,-50.5548,32.726585
-134.41115166666668,640.858728,315.3896383333333,-254.2862295,390.1980545,168.0328135,-108.898692,458.737388,378.05435950000003,-25.998312,-50.419903999999974,32.87365300000005
-134.43262066666668,640.8514140000001,315.408389,-254.39178900000002,390.0176645,168.5345905,-108.8942775,458.8571675,378.37549750000005,-26.055935000000005,-50.28463099999999,33.01848699999999
-134.45406033333333,640.8452903333333,315.426167,-254.493989,389.842423,169.025487,-108.89214,458.978695,378.69021399999997,-26.114341999999994,-50.148954,33.16119199999997
-134.475412,640.8403836666666,315.44299133333334,-254.592791,389.67224899999997,169.5055295,-108.89243400000001,459.1022725,378.998611,-26.173571999999993,-50.01288900000003,33.301828
-134.49662033333334,640.8367183333334,315.45887999999997,-254.68816400000003,389.5070735,169.97473200000002,-108.89532249999999,459.228139,379.3008,-26.233628999999993,-49.876503999999954,33.44042000000002
-134.51763666666668,640.834315,315.473852,-254.780081,389.3468355,170.433092,-108.900973,459.3564715,379.5968985,-26.29447599999999,-49.739911000000006,33.57694700000002
-134.53841400000002,640.8331903333334,315.4879243333333,-254.86852149999999,389.191488,170.8805925,-108.9095595,459.487386,379.887026,-26.356041000000005,-49.603272000000004,33.71135200000003
-134.55891166666666,640.8333583333334,315.501114,-254.95347199999998,389.0409915,171.3172045,-108.921258,459.62093749999997,380.1713095,-26.418216,-49.466792999999996,33.84354300000001
-134.57909266666664,640.834831,315.51343833333334,-255.034928,388.8953205,171.742885,-108.93624299999999,459.757124,380.449877,-26.480854000000008,-49.330727999999965,33.973386000000005
-134.59892433333334,640.837614,315.52491333333336,-255.112891,388.7544565,172.157581,-108.95468650000001,459.895888,380.722856,-26.54377699999999,-49.195363999999984,34.100724000000014
-134.61837766666667,640.8417136666667,315.535555,-255.187372,388.61839399999997,172.56123050000002,-108.9767545,460.03711999999996,380.9903715,-26.606776999999994,-49.06103000000002,34.22536500000001
-134.63742666666667,640.847131,315.5453803333333,-255.25839249999999,388.48713399999997,172.95376299999998,-109.0025995,460.180661,381.252545,-26.669618999999997,-48.92808600000001,34.34709799999996
-134.6560506666667,640.8538646666666,315.55440333333337,-255.32598050000001,388.3606865,173.3351025,-109.032364,460.3263075,381.50949049999997,-26.732044000000002,-48.79691500000001,34.46569100000005
-134.674231,640.8619106666666,315.5626403333333,-255.3901775,388.2390695,173.7051705,-109.0661685,460.4738155,381.761309,-26.793777000000006,-48.66792299999997,34.580899999999986
-134.69195233333335,640.8712623333334,315.57010533333334,-255.451033,388.12230750000003,174.06388299999998,-109.10411350000001,460.6229045,382.0080915,-26.854527000000004,-48.541526999999974,34.69247300000001
-134.70920233333334,640.8819096666667,315.576814,-255.50860799999998,388.01043,174.411159,-109.14627300000001,460.77326400000004,382.249913,-26.91399600000001,-48.41815200000002,34.80015400000002
-134.725971,640.8938413333333,315.582779,-255.562974,387.90346999999997,174.7469175,-109.19269,460.9245545,382.4868275,-26.97188399999999,-48.29822100000001,34.903692999999976
-134.742252,640.9070416666667,315.5880143333333,-255.6142115,387.801464,175.071083,-109.2433775,461.076419,382.7188715,-27.027895,-48.182147999999984,35.00284700000003
-134.7580396666667,640.9214943333333,315.59253400000006,-255.66241250000002,387.7044505,175.38358449999998,-109.298311,461.228482,382.9460575,-27.081738,-48.070336,35.097387000000026
-134.77333166666668,640.937179,315.5963503333333,-255.70767700000002,387.612467,175.68436,-109.3574285,461.3803575,383.1683755,-27.133139,-47.963161000000014,35.187107000000026
-134.78812666666667,640.9540740000001,315.5994763333333,-255.750115,387.52555,175.9733555,-109.42062899999999,461.531655,383.38578900000005,-27.181840000000008,-47.860974,35.271821999999986
-134.802427,640.9721543333334,315.60192433333333,-255.78984350000002,387.443735,176.2505295,-109.48777050000001,461.681981,383.59823700000004,-27.227613000000005,-47.764092000000005,35.351376000000016
-134.8162343333333,640.9913943333332,315.6037066666667,-255.82698699999997,387.367052,176.515853,-109.55867,461.8309475,383.8056335,-27.27024999999999,-47.67278700000003,35.425647000000026
-134.82955266666667,641.011764,315.60483466666665,-255.8616755,387.295526,176.7693115,-109.633104,461.97817499999996,384.0078675,-27.309579999999997,-47.587293999999986,35.49454499999996
-134.84238833333333,641.0332326666667,315.60532066666667,-255.894043,387.2291765,177.01090549999998,-109.71081050000001,462.1232955,384.20480299999997,-27.345467,-47.50779499999999,35.55802
-134.854747,641.0557676666666,315.60517733333336,-255.92422850000003,387.1680165,177.2406535,-109.79149050000001,462.26595799999996,384.39628500000003,-27.377809,-47.434421999999984,35.616060000000004
-134.866637,641.079333,315.6044156666667,-255.952372,387.1120475,177.458591,-109.874809,462.405831,384.582137,-27.406548,-47.36725200000001,35.668694000000016
-134.87806633333332,641.1038910000001,315.6030486666666,-255.978614,387.0612645,177.664772,-109.96040350000001,462.542606,384.762168,-27.431663,-47.306309999999996,35.71598599999999
-134.8890453333333,641.1294023333334,315.60108800000006,-256.00309400000003,387.015651,177.8592705,-110.04788300000001,462.6759985,384.9361735,-27.453176,-47.25156700000002,35.75804500000004
-134.89958366666667,641.1558256666667,315.59854866666666,-256.0259515,386.97517949999997,178.0421805,-110.1368355,462.805753,385.10393999999997,-27.471148999999997,-47.20293800000002,35.795011999999986
-134.9096933333333,641.1831163333333,315.5954433333333,-256.047319,386.939811,178.213616,-110.226832,462.931641,385.2652485,-27.485681999999997,-47.160285999999985,35.827067
-134.91938566666667,641.21123,315.591787,-256.067329,386.909494,178.373712,-110.31743399999999,463.0534625,385.4198815,-27.49691399999999,-47.12342699999999,35.854421
-134.92867166666667,641.2401176666667,315.5875946666667,-256.0861035,386.884165,178.5226245,-110.408199,463.1710495,385.56762549999996,-27.505020000000002,-47.092130999999995,35.87731100000002
-134.93756599999998,641.2697303333333,315.582884,-256.103763,386.8637475,178.6605305,-110.4986855,463.28426249999995,385.70827699999995,-27.510203000000004,-47.066125,35.896004000000005
-134.9460796666667,641.3000153333334,315.57767266666673,-256.120416,386.84815100000003,178.787627,-110.5884595,463.39299100000005,385.84164599999997,-27.512698999999998,-47.04509999999999,35.91078399999998
-134.95422699999997,641.3309196666667,315.57198,-256.136166,386.837273,178.9041335,-110.677102,463.4971515,385.9675625,-27.512764000000004,-47.02871499999998,35.921952999999974
-134.96202100000002,641.3623866666667,315.56582633333335,-256.15110749999997,386.830997,179.010288,-110.764212,463.596688,386.085881,-27.51067599999999,-47.01660399999997,35.929823999999996
-134.96947533333332,641.3943576666667,315.55923466666667,-256.16532700000005,386.8291935,179.10635000000002,-110.84941549999999,463.6915695,386.1964815,-27.506728999999993,-47.00838299999998,35.93471899999997
-134.97660333333332,641.4267736666667,315.55222900000007,-256.1789005,386.8317215,179.192599,-110.932367,463.781788,386.299278,-27.501224000000008,-47.00364999999999,35.936958000000004
-134.98341833333333,641.4595716666668,315.544835,-256.19189800000004,386.83842500000003,179.26933350000002,-111.012755,463.867355,386.39421849999997,-27.494470000000007,-47.00200000000001,35.93686299999996
-134.9899343333333,641.492688,315.53708066666667,-256.20438,386.84913800000004,179.33686999999998,-111.090308,463.9483005,386.4812905,-27.48677400000001,-47.003022999999985,35.934747000000016
-134.9961636666667,641.5260556666667,315.52899533333334,-256.2164005,386.8636815,179.39554600000002,-111.16479100000001,464.024671,386.5605195,-27.478439999999992,-47.00631800000002,35.93091300000003
-135.00211933333333,641.5596063333332,315.520611,-256.228005,386.881866,179.4457135,-111.236016,464.096526,386.6319745,-27.469759999999994,-47.01148999999998,35.925651000000016
-135.0078136666667,641.5932696666667,315.511961,-256.2392345,386.9034915,179.48774450000002,-111.3038345,464.16393700000003,386.6957645,-27.46101499999999,-47.01816200000002,35.91923099999997
-135.01325900000003,641.6269736666667,315.5030806666666,-256.25012449999997,386.928348,179.5220235,-111.368144,464.2269855,386.7520445,-27.452466,-47.02597500000002,35.91190499999999
-135.01846566666666,641.660643,315.4940073333333,-256.26070550000003,386.95621600000004,179.5489535,-111.42888450000001,464.28575850000004,386.80100649999997,-27.444352999999992,-47.034595000000024,35.90390099999996
-135.02344533333334,641.6942023333334,315.484779,-256.2710055,386.9868685,179.5689495,-111.48603800000001,464.340352,386.842887,-27.43688999999999,-47.04371400000002,35.895425999999986
-135.0282073333333,641.727574,315.47543733333333,-256.28105,387.02007000000003,179.58244000000002,-111.5396245,464.3908645,386.8779565,-27.43026499999999,-47.053057000000024,35.88665900000001
-135.03276133333335,641.760678,315.4660236666667,-256.2908645,387.0555805,179.589865,-111.589703,464.43739949999997,386.906523,-27.424633999999998,-47.062377000000026,35.87775599999998
-135.037116,641.7934343333333,315.45658133333336,-256.3004735,387.0931525,179.5916735,-111.63636149999999,464.480066,386.928923,-27.420123000000004,-47.07146399999999,35.86884799999996
-135.04127833333334,641.8257600000001,315.447155,-256.3099015,387.132536,179.5883235,-111.6797205,464.51897299999996,386.945523,-27.416825000000003,-47.08013799999998,35.860037999999975
-135.04525566666666,641.8575730000001,315.4377886666667,-256.3191785,387.1734765,179.58027750000002,-111.7199205,464.5542355,386.956709,-27.414803000000006,-47.088255000000004,35.85141199999998
-135.04905399999998,641.888789,315.42852966666663,-256.3283335,387.21572000000003,179.568004,-111.7571245,464.5859715,386.962886,-27.414083000000005,-47.095707000000004,35.843028000000004
-135.05267800000001,641.919323,315.419423,-256.3374005,387.259009,179.55196899999999,-111.7915065,464.6143035,386.964468,-27.414660999999995,-47.10241099999996,35.83492799999999
-135.056133,641.9490906666666,315.4105153333333,-256.3464185,387.303089,179.532641,-111.8232515,464.63935849999996,386.961876,-27.416505,-47.108317,35.827132000000006
-135.05942166666668,641.978007,315.4018526666667,-256.35543,387.347708,179.51048100000003,-111.85254599999999,464.661271,386.95553,-27.419551999999996,-47.113403999999946,35.819650000000024
-135.062547,642.0059876666667,315.39348,-256.3644835,387.392616,179.48594200000002,-111.87957750000001,464.680181,386.94584299999997,-27.423715,-47.11767199999997,35.812476000000004
-135.06551133333332,642.0329479999999,315.3854416666666,-256.3736315,387.43757100000005,179.4594665,-111.9045255,464.6962355,386.933215,-27.428883,-47.121144999999956,35.805593999999985
-135.06831633333334,642.0588053333332,315.37778033333336,-256.382933,387.48233700000003,179.43148150000002,-111.9275605,464.70959,386.9180275,-27.434924999999993,-47.12386200000003,35.798981000000026
-135.07096233333334,642.0834776666667,315.3705376666667,-256.392453,387.52668700000004,179.4023915,-111.9488385,464.72040749999996,386.90063599999996,-27.441693,-47.125879,35.792610000000025
-135.07345099999998,642.106885,315.36375200000003,-256.402261,387.570405,179.372581,-111.968499,464.72886,386.88136599999996,-27.449028,-47.12726399999997,35.78645
-135.07578233333334,642.128949,315.35746,-256.4124315,387.613288,179.342402,-111.986661,464.73512400000004,386.86050850000004,-27.456761999999998,-47.128089999999986,35.78046899999998
-135.07795766666666,642.1495933333334,315.351695,-256.423045,387.6551465,179.31217500000002,-112.003424,464.73938350000003,386.838312,-27.46472,-47.12843700000002,35.77464200000003
-135.07997666666665,642.1687453333334,315.346487,-256.434186,387.6958085,179.282182,-112.01886350000001,464.7418265,386.81498250000004,-27.472730999999996,-47.12838499999998,35.76894299999998
-135.08184033333336,642.1863343333333,315.3418616666667,-256.4459445,387.735119,179.2526605,-112.033033,464.7426435,386.7906765,-27.480624000000006,-47.128015000000005,35.763351
-135.0835503333333,642.202294,315.337841,-256.4584115,387.7729455,179.22380149999998,-112.045964,464.742022,386.76549850000004,-27.488237999999996,-47.12740000000002,35.757855000000006
-135.08510833333332,642.2165606666666,315.3344426666667,-256.471685,387.80917550000004,179.195741,-112.057666,464.74014650000004,386.73950049999996,-27.49542199999999,-47.12661299999996,35.75244700000002
-135.08651733333332,642.229076,315.33167733333335,-256.485865,387.84372199999996,179.168558,-112.0681305,464.7371915,386.71267950000004,-27.502043,-47.125715000000014,35.747127000000035
-135.08778066666665,642.2397856666666,315.3295523333333,-256.5010525,387.8765225,179.142268,-112.077331,464.7333165,386.684974,-27.50798599999999,-47.124761000000035,35.74190399999998
-135.08890399999999,642.2486393333334,315.3280683333333,-256.5173525,387.90754400000003,179.116819,-112.0852295,464.728663,386.65626699999996,-27.513157000000007,-47.12379800000002,35.73679199999998
-135.08989366666665,642.2555926666668,315.32721933333335,-256.5348715,387.93678350000005,179.0920895,-112.09177550000001,464.72334550000005,386.6263855,-27.517488999999998,-47.122859000000005,35.731809
-135.09075733333336,642.2606059999999,315.326993,-256.5537165,387.964266,179.06788,-112.096914,464.717446,386.595099,-27.520944,-47.12197400000002,35.72697800000003
-135.09150533333332,642.2636466666667,315.327371,-256.5739965,387.9900535,179.0439145,-112.10058699999999,464.7110075,386.56212500000004,-27.523511999999997,-47.121159000000034,35.722324000000015
-135.09214933333334,642.264685,315.32832666666667,-256.595821,388.01423950000003,179.019834,-112.102739,464.704026,386.5271295,-27.525216,-47.12042799999995,35.717873000000054
-135.09270333333333,642.2637016666666,315.3298266666667,-256.619299,388.036954,178.99519750000002,-112.103321,464.6964415,386.48972849999996,-27.526113999999993,-47.11978499999998,35.71364699999998
-135.09318333333331,642.2606793333333,315.33183033333336,-256.6445405,388.0583645,178.969476,-112.102295,464.688134,386.449494,-27.526291999999998,-47.11923200000001,35.709663999999975
-135.09360833333335,642.2556106666666,315.3342893333333,-256.6716535,388.07867550000003,178.94205649999998,-112.099639,464.6789125,386.4059555,-27.525875999999997,-47.118768999999986,35.70593299999996
-135.09399900000003,642.2484926666666,315.3371466666667,-256.7007475,388.09813199999996,178.9122365,-112.0953485,464.668507,386.358607,-27.52502100000001,-47.11839800000001,35.70245
-135.09437899999998,642.2393306666667,315.3403386666667,-256.7319275,388.11701700000003,178.8792285,-112.08944349999999,464.6565645,386.306908,-27.523916999999997,-47.118124999999964,35.69919799999997
-135.09477533333333,642.2281366666667,315.34379366666667,-256.7653,388.1356535,178.84215799999998,-112.0819685,464.64263900000003,386.250291,-27.522783000000004,-47.11796199999998,35.696140000000014
-135.0952166666667,642.2149293333333,315.3474323333333,-256.80096649999996,388.154406,178.8000685,-112.07299499999999,464.6261855,386.18816549999997,-27.521867999999998,-47.117931,35.69321099999996
-135.095734,642.1997353333334,315.3511676666667,-256.8390275,388.17368,178.751921,-112.06262699999999,464.606554,386.1199235,-27.521441999999993,-47.11806999999999,35.69032699999997
-135.096363,642.1825876666667,315.35490566666664,-256.879578,388.1939185,178.6965985,-112.05099799999999,464.5829855,386.044945,-27.521801999999994,-47.11843299999998,35.687366
-135.097139,642.163527,315.35854466666666,-256.92271,388.21560850000003,178.632911,-112.038273,464.55460700000003,385.9626005,-27.523256000000003,-47.119095999999956,35.68417099999999
-135.09810266666668,642.1426016666668,315.3619773333333,-256.96850900000004,388.23927249999997,178.5596005,-112.02464950000001,464.52042500000005,385.87225950000004,-27.526131000000007,-47.120158,35.68054699999999
-135.09929566666668,642.1198656666667,315.3650886666666,-257.017054,388.265475,178.475344,-112.0103555,464.479328,385.77329299999997,-27.530756999999994,-47.12175000000002,35.676252000000034
-135.10076166666667,642.0953813333334,315.36775900000004,-257.068417,388.29481599999997,178.378763,-111.995646,464.430081,385.66507850000005,-27.537464,-47.124030000000005,35.670997
-135.10254799999998,642.0692176666666,315.3698626666667,-257.122661,388.3279325,178.2684285,-111.980805,464.371327,385.547002,-27.546577999999997,-47.12719400000003,35.66444000000001
-135.10470166666667,642.041449,315.37126866666665,-257.179839,388.365495,178.1428685,-111.9661375,464.3015875,385.41846499999997,-27.558414999999997,-47.13147700000002,35.656182
-135.10727333333332,642.012157,315.37184233333335,-257.23999150000003,388.408209,178.00057750000002,-111.951971,464.2192645,385.2788845,-27.573268000000013,-47.13715300000001,35.64576299999999
-135.11031366666668,641.9814296666667,315.371445,-257.30314699999997,388.456808,177.84002149999998,-111.9386465,464.1226425,385.1276955,-27.591407000000004,-47.144543,35.63266299999998
-135.11387633333334,641.9493603333334,315.36993533333333,-257.369318,388.5120555,177.65965,-111.9265175,464.00989649999997,384.9643545,-27.613067,-47.154007000000036,35.61629099999999
-135.11801333333335,641.916047,315.36717,-257.438503,388.57474,177.457903,-111.9159435,463.87909449999995,384.788337,-27.638442999999995,-47.16595899999999,35.59599400000002
-135.122779,641.881593,315.363004,-257.5106805,388.645673,177.23322050000002,-111.907284,463.72820750000005,384.5991405,-27.667682,-47.180857,35.571042999999975
-135.128227,641.8461056666666,315.35729066666664,-257.585811,388.7256875,176.98405250000002,-111.90089750000001,463.555116,384.39628100000004,-27.700879,-47.199206000000004,35.54064199999999
-135.13441133333333,641.8096956666667,315.34988466666664,-257.663834,388.81563100000005,176.708866,-111.8971305,463.357619,384.179295,-27.738068999999996,-47.221559999999954,35.503922000000046
-135.14138433333332,641.772478,315.34064133333334,-257.7446675,388.91636600000004,176.406156,-111.896317,463.133449,383.94773250000003,-27.779222000000004,-47.24851799999999,35.459947
-135.1491993333333,641.7345683333333,315.329418,-257.828206,389.02876549999996,176.0744545,-111.89877,462.880279,383.7011555,-27.824240000000003,-47.28072000000003,35.407707000000016
-135.15790633333333,641.6960846666667,315.3160736666666,-257.9143205,389.153707,175.712337,-111.90478,462.5957375,383.4391355,-27.872953999999993,-47.318847000000005,35.34612699999997
-135.167555,641.6571463333333,315.30047099999996,-258.002857,389.29207299999996,175.318433,-111.914608,462.277423,383.1612465,-27.925117999999998,-47.36361599999998,35.274073000000044
-135.17819166666666,641.6178723333334,315.28247766666664,-258.0936355,389.44474349999996,174.891433,-111.9284825,461.922917,382.867059,-27.980414999999994,-47.41577000000001,35.19034599999998
-135.18986166666664,641.5783809999999,315.26196466666664,-258.1864505,389.6125945,174.430095,-111.9465965,461.52980049999996,382.556136,-28.03845100000001,-47.476076999999975,35.09369800000002
-135.2026066666667,641.5387883333334,315.23881033333333,-258.281072,389.7964935,173.9332535,-111.969105,461.0956685,382.228024,-28.09876,-47.54531700000001,34.98283200000003
-135.216466,641.4992083333333,315.2128983333333,-258.377244,389.9972945,173.39982400000002,-111.9961215,460.6181455,381.882248,-28.160807000000005,-47.624280999999996,34.85641399999997
-135.231474,641.4597523333333,315.1841193333333,-258.474685,390.2158365,172.82881049999997,-112.027717,460.0949025,381.5183025,-28.223988000000006,-47.713751,34.713075
-135.24766366666668,641.4205256666665,315.15237133333335,-258.573092,390.452938,172.219308,-112.06392,459.52367449999997,381.1356435,-28.287648000000004,-47.81450100000001,34.55143099999998
-135.26506199999997,641.3816293333333,315.11756033333336,-258.672138,390.7093955,171.57050950000001,-112.104715,458.90227400000003,380.73368400000004,-28.35107400000001,-47.927273999999954,34.37007999999997
-135.28369333333333,641.3431576666667,315.0796013333333,-258.7714765,390.9859755,170.881709,-112.1500435,458.2286075,380.311785,-28.413511,-48.05278099999998,34.167625999999984
-135.303577,641.3051993333333,315.0384186666667,-258.870743,391.28341650000004,170.15230400000002,-112.19980749999999,457.500693,379.869246,-28.474171,-48.191682000000014,33.942679999999996
-135.324729,641.2678326666667,314.993944,-258.969556,391.6024225,169.3817985,-112.2538665,456.71667149999996,379.4053045,-28.532241,-48.34457900000001,33.69387900000004
-135.34715966666667,641.2311286666667,314.94612033333334,-259.0675215,391.943661,168.5698055,-112.31204299999999,455.874823,378.919125,-28.586898000000005,-48.51199600000001,33.419895999999994
-135.37087466666665,641.1951486666667,314.89489933333334,-259.1642365,392.30775900000003,167.7160475,-112.374127,454.97358099999997,378.40979749999997,-28.637317999999993,-48.69437799999997,33.11945099999997
-135.39587633333335,641.1599433333332,314.8402423333333,-259.25928999999996,392.6953025,166.820356,-112.439876,454.0115415,377.876331,-28.682688,-48.89206899999999,32.79132800000002
-135.422162,641.125552,314.78212033333335,-259.35227,393.106831,165.8826745,-112.5090195,452.987478,377.3176545,-28.722217,-49.105308000000036,32.434379000000035
-135.44972399999997,641.0920036666666,314.720515,-259.442764,393.54283699999996,164.903056,-112.581266,451.9003485,376.732611,-28.75515,-49.33421499999997,32.047548000000006
-135.478552,641.0593126666668,314.65541566666667,-259.53036599999996,394.00376500000004,163.881662,-112.6563045,450.74930800000004,376.11996,-28.780778999999995,-49.57878599999998,31.629869999999983
-135.50863,641.0274843333333,314.5868213333333,-259.614679,394.490005,162.8187615,-112.7338095,449.5337125,375.47837949999996,-28.798455000000004,-49.83888099999996,31.180493000000013
-135.53993866666667,640.9965073333333,314.5147416666667,-259.69532100000004,395.001898,161.714731,-112.8134475,448.2531285,374.806466,-28.807592999999997,-50.11422300000004,30.698677999999973
-135.572455,640.966359,314.439193,-259.7719285,395.53972650000003,160.57004849999998,-112.8948795,446.90733750000004,374.10274,-28.807682999999997,-50.40438899999998,30.18381199999999
-135.60615366666667,640.937003,314.36020133333335,-259.84416050000004,396.10371899999996,159.3852945,-112.977767,445.49633900000003,373.36565099999996,-28.798302000000007,-50.70881200000002,29.63542000000001
-135.64100466666665,640.9083893333333,314.2777986666667,-259.911705,396.6940465,158.161147,-113.0617775,444.0203535,372.59358499999996,-28.77911300000001,-51.02677500000004,29.05316399999998
-135.67697666666666,640.8804546666667,314.19202666666666,-259.9742805,397.3108225,156.898381,-113.146585,442.47982449999995,371.78486999999996,-28.749876,-51.35742099999999,28.436849999999993
-135.71403566666666,640.8531226666668,314.102932,-260.0316425,397.954102,155.59786,-113.23188,440.8754185,370.937791,-28.710443999999995,-51.699747,27.78643599999998
-135.752146,640.8263026666667,314.01056866666664,-260.08358699999997,398.62388150000004,154.260538,-113.31736649999999,439.2080215,370.0505935,-28.660770999999997,-52.052615,27.102029000000016
-135.79127100000002,640.7998926666668,313.91499466666664,-260.1299515,399.32009949999997,152.8874525,-113.4027705,437.47874,369.12150099999997,-28.600909,-52.41476,26.383890000000008
-135.83137133333332,640.773778,313.8162766666667,-260.170622,400.042634,151.47972,-113.487841,435.688896,368.1487225,-28.531003999999996,-52.78479600000003,25.632427000000007
-135.87240966666664,640.747833,313.71448166666664,-260.205533,400.7913075,150.0385345,-113.572351,433.840021,367.1304695,-28.45129800000001,-53.16122999999999,24.848203000000012
-135.914347,640.7219203333333,313.6096836666666,-260.234669,401.565885,148.5651575,-113.6561025,431.9338515,366.064968,-28.362121000000002,-53.54247099999998,24.031924000000004
-135.95714566666666,640.6958926666667,313.50195866666667,-260.25807,402.36607549999997,147.06092,-113.738924,429.97232399999996,364.9504715,-28.263886,-53.92685,23.184437000000003
-136.000768,640.6695940000001,313.3913856666667,-260.2758265,403.1915325,145.5272115,-113.8206755,427.957563,363.785278,-28.157083,-54.31263000000001,22.30672400000003
-136.04517866666666,640.64286,313.278047,-260.288085,404.04185900000004,143.96547800000002,-113.901245,425.891878,362.567742,-28.042270000000002,-54.69802199999998,21.399901999999997
-136.09034333333332,640.6155193333333,313.162025,-260.2950425,404.916605,142.377215,-113.98055099999999,423.7777495,361.296289,-27.920066000000006,-55.081207000000006,20.46519999999998
-136.13622999999998,640.587395,313.043405,-260.2969495,405.8152735,140.7639625,-114.05854049999999,421.61782200000005,359.969431,-27.79114700000001,-55.460346000000015,19.50396999999998
-136.18280933333332,640.5583053333334,312.9222723333333,-260.294106,406.737322,139.1272995,-114.1351875,419.41489049999996,358.585777,-27.656227,-55.83360299999998,18.517661999999973
-136.23005566666666,640.5280646666666,312.7987126666667,-260.286858,407.6821645,137.468836,-114.21049550000001,417.171893,357.14405,-27.516059,-56.199160000000006,17.507820000000038
-136.27794466666668,640.4964860000001,312.67281166666663,-260.275595,408.649176,135.79021,-114.284491,414.891894,355.64309449999996,-27.37142,-56.55523199999999,16.47607899999997
-136.326457,640.4633829999999,312.54465533333337,-260.260744,409.6376935,134.0930765,-114.357223,412.5780755,354.0818925,-27.223110000000005,-56.90008499999999,15.42414100000002
-136.375577,640.4285680000002,312.4143286666667,-260.242769,410.6470225,132.3791065,-114.4287635,410.233722,352.45957,-27.071934999999996,-57.23204999999996,14.353777999999977
-136.42529166666668,640.3918583333334,312.2819156666667,-260.2221595,411.676439,130.6499755,-114.4992025,407.8622085,350.77540799999997,-26.918708999999993,-57.54954099999998,13.26681000000002
-136.47559333333334,640.3530726666667,312.1474983333333,-260.1994275,412.725194,128.9073605,-114.568646,405.46698449999997,349.0288515,-26.76424,-57.851061000000016,12.165104999999983
-136.52647733333333,640.312037,312.0111586666667,-260.17510300000004,413.79251550000004,127.152931,-114.63721699999999,403.051561,347.219515,-26.60933200000001,-58.135216000000014,11.050562000000014
-136.57794433333333,640.2685836666666,311.87297666666666,-260.1497225,414.8776155,125.38834550000001,-114.705049,400.619497,345.3471905,-26.45477199999999,-58.40073000000001,9.925103000000036
-136.62999766666667,640.222554,311.7330299999999,-260.1238275,415.97969,123.6152415,-114.772287,398.17438300000003,343.4118495,-26.30133400000001,-58.646446000000026,8.79066499999999
-136.682646,640.1737973333334,311.59139533333337,-260.0979515,417.09792600000003,121.835232,-114.83908249999999,395.71982649999995,341.413648,-26.149769000000006,-58.87133499999999,7.649183999999991
-136.73590133333332,640.1221766666666,311.4481466666667,-260.07261800000003,418.2315045,120.049899,-114.905596,393.2594365,339.352928,-26.000808000000006,-59.07450299999999,6.502597999999978
-136.78977899999998,640.0675653333333,311.3033573333333,-260.04832999999996,419.3796005,118.26078949999999,-114.971991,390.79681,337.2302185,-25.855158000000003,-59.255191999999965,5.352826999999991
-136.84429999999998,640.009852,311.15709666666663,-260.02556549999997,420.54139250000003,116.46940749999999,-115.0384345,388.3355145,335.04623549999997,-25.713499,-59.41278299999999,4.201768999999956
-136.89948633333333,639.9489393333334,311.009434,-260.004769,421.716058,114.6772115,-115.105095,385.8790765,332.8018785,-25.576489999999993,-59.54679299999998,3.051294999999982
-136.95536433333334,639.8847460000001,310.860435,-259.986348,422.9027815,112.8856095,-115.172141,383.430961,330.498228,-25.444761999999997,-59.656878000000006,1.9032359999999926
-137.011963,639.8172076666666,310.710164,-259.9706645,424.100754,111.095958,-115.23974,380.99456250000003,328.1365435,-25.31891999999999,-59.74282699999998,0.7593830000000139
-137.06931366666666,639.7462776666666,310.5586846666667,-259.9580325,425.309174,109.30955499999999,-115.3080555,378.57318699999996,325.718255,-25.199549000000005,-59.804557999999986,-0.37852399999997033
-137.127451,639.6719280000001,310.40605666666664,-259.9487135,426.52725,107.52764149999999,-115.37724750000001,376.17003850000003,323.244958,-25.087204999999997,-59.84211299999998,-1.5088020000000029
-137.18641066666666,639.5941503333333,310.25233966666667,-259.94291250000003,427.754201,105.751398,-115.4474695,373.788206,320.7184045,-24.982425000000006,-59.855655999999954,-2.6298249999999825
-137.246229,639.5129536666667,310.09758966666664,-259.94077500000003,428.98925399999996,103.9819455,-115.5188685,371.4306505,318.140499,-24.885723,-59.84545700000001,-3.740035999999975
-137.306945,639.42837,309.94186233333335,-259.942387,430.2316465,102.22034400000001,-115.59158149999999,369.100192,315.513282,-24.797589000000002,-59.811892,-4.837947999999983
-137.36859633333333,639.3404483333334,309.785212,-259.947772,431.4806235,100.467594,-115.6657345,366.79949650000003,312.8389265,-24.71849499999999,-59.75543299999998,-5.9221430000000055
-137.43122266666668,639.2492596666666,309.6276903333333,-259.9568925,432.73543500000005,98.724639,-115.74144100000001,364.5310665,310.119722,-24.648886000000005,-59.67663700000003,-6.991286000000002
-137.49486233333334,639.1548943333333,309.46934833333336,-259.96965,433.9953365,96.992366,-115.818799,362.297229,307.358066,-24.589190000000002,-59.576138000000014,-8.04412000000002
-137.55955333333335,639.0574623333333,309.31023466666664,-259.9858855,435.259583,95.27161000000001,-115.89789100000002,360.1001265,304.5564515,-24.539808000000008,-59.454642999999976,-9.079471000000012
-137.62533166666665,638.9570933333333,309.15039866666666,-260.005385,436.527427,93.563157,-115.97877749999999,357.9417085,301.717453,-24.501115,-59.312914999999975,-10.096249999999998
-137.69223233333335,638.8539346666666,308.9898866666667,-260.0278775,437.7981145,91.867749,-116.0614995,355.823721,298.843714,-24.473467000000014,-59.151768000000004,-11.093456000000003
-137.76028699999998,638.748152,308.828745,-260.0530425,439.070881,90.186088,-116.146072,353.74770249999995,295.9379355,-24.457183999999998,-58.972061,-12.070177000000001
-137.829527,638.6399293333334,308.66701800000004,-260.080511,440.34494600000005,88.5188425,-116.232485,351.71497450000004,293.00286,-24.452562,-58.77468700000003,-13.02558799999997
-137.89997833333334,638.529465,308.50475,-260.1098705,441.6195095,86.866652,-116.3206975,349.726639,290.0412595,-24.45986099999999,-58.560564,-13.958956999999998
-137.97166466666667,638.4169733333333,308.34198433333336,-260.140671,442.8937455,85.2301335,-116.4106395,347.7835715,287.055922,-24.479310999999996,-58.33063100000004,-14.869638000000009
-138.04460433333333,638.3026823333333,308.17876333333334,-260.172427,444.16679750000003,83.609889,-116.502205,345.8864195,284.0496385,-24.511101999999994,-58.08583699999997,-15.757076999999981
-138.11881333333335,638.1868323333333,308.01512899999994,-260.20462349999997,445.437773,82.00651099999999,-116.59525400000001,344.0355975,281.025188,-24.555388000000008,-57.82713899999999,-16.620806000000016
-138.1943,638.069674,307.85112300000003,-260.23672150000004,446.7057385,80.4205885,-116.68960799999999,342.231288,277.98532850000004,-24.61228,-57.55548999999996,-17.460446999999988
-138.27107033333334,637.9514683333333,307.68678666666665,-260.26816,447.96971399999995,78.8527155,-116.78505100000001,340.473439,274.93278,-24.681848000000016,-57.27184,-18.275701999999967
-138.34912233333333,637.8324836666667,307.5221616666667,-260.2983635,449.22866799999997,77.3034955,-116.8813265,338.761763,271.870218,-24.764118999999994,-56.977124,-19.066359999999975
-138.42845,637.7129936666666,307.3572883333333,-260.326744,450.4815155,75.77354700000001,-116.978135,337.09574250000003,268.800256,-24.859075999999988,-56.67226699999998,-19.83228600000001
-138.509039,637.5932773333333,307.192208,-260.352706,451.72710900000004,74.2635125,-117.07514,335.474627,265.7254415,-24.966656,-56.35816799999998,-20.57342300000002
-138.59087,637.473615,307.02696266666663,-260.375651,452.96423949999996,72.77405999999999,-117.17196000000001,333.897441,262.6482405,-25.086754,-56.03570400000001,-21.289785000000023
-138.673916,637.354288,306.861594,-260.39497700000004,454.191632,71.3058905,-117.26817700000001,332.362987,259.571033,-25.219220000000007,-55.70572599999997,-21.98145199999999
-138.75814333333332,637.2355763333334,306.696145,-260.41008750000003,455.40794300000005,69.8597395,-117.3633315,330.869847,256.496101,-25.36386300000001,-55.369054000000006,-22.648567999999983
-138.84351033333334,637.1177573333333,306.5306586666667,-260.420389,456.6117605,68.436383,-117.4569275,329.416396,253.42562450000003,-25.52045299999999,-55.026476,-23.291339000000022
-138.929969,637.0011016666667,306.3651806666667,-260.4252945,457.8016015,67.0366355,-117.548434,328.000805,250.3616735,-25.688722000000013,-54.678743999999995,-23.910019000000005
-139.01746233333333,636.8858743333334,306.1997566666667,-260.424229,458.975916,65.6613555,-117.637288,326.62105099999997,247.30620299999998,-25.86836600000001,-54.326573999999994,-24.504909999999967
-139.10592699999998,636.7723303333333,306.034434,-260.416626,460.133083,64.31144549999999,-117.72289699999999,325.274928,244.2610485,-26.05905399999999,-53.970642,-25.076356999999973
-139.19529166666666,636.660716,305.8692623333334,-260.4019325,461.2714215,62.98784549999999,-117.804645,323.960058,241.22792299999998,-26.26042799999999,-53.61158999999998,-25.624741999999998
-139.28547733333335,636.5512626666667,305.7042933333333,-260.37960999999996,462.389186,61.691539000000006,-117.88189600000001,322.673904,238.208416,-26.472108000000006,-53.250013999999965,-26.150476000000026
-139.37639700000003,636.4441893333334,305.53958000000006,-260.3491345,463.4845765,60.423543,-117.95399650000002,321.4137835,235.203991,-26.693695000000005,-52.88647099999997,-26.653998
-139.46795733333332,636.339699,305.37517900000006,-260.3099985,464.5557435,59.1849085,-118.020286,320.176883,232.21598649999999,-26.92478,-52.521478,-27.135763000000026
-139.56005733333333,636.2379776666667,305.2111486666667,-260.2617125,465.600796,57.97671,-118.080097,318.960277,229.245615,-27.16494399999999,-52.155506,-27.596243999999984
-139.65258866666667,636.139192,305.047551,-260.203803,466.61780799999997,56.800043,-118.1327665,317.76094,226.2939685,-27.413767000000007,-51.78898800000002,-28.03592499999999
-139.745438,636.0434903333334,304.88445099999996,-260.135818,467.60483050000005,55.6560135,-118.177638,316.57577200000003,223.3620195,-27.670827999999986,-51.42231399999997,-28.455292999999983
-139.83848466666666,635.950999,304.721916,-260.0573235,468.5599005,54.5457285,-118.214071,315.4016115,220.450623,-27.93571,-51.05583300000001,-28.854839999999996
-139.93160266666666,635.861822,304.5600196666667,-259.967908,469.48105250000003,53.470288,-118.241446,314.23525900000004,217.56052599999998,-28.208005999999997,-50.689854000000025,-29.23505800000001
-140.02466066666668,635.7760410000001,304.39883533333335,-259.8671815,470.3663315,52.4307735,-118.25917150000001,313.07349650000003,214.6923685,-28.487323000000004,-50.32464299999998,-29.596431000000024
-140.117523,635.6937153333333,304.238444,-259.7547755,471.21380650000003,51.428235,-118.266692,311.9131085,211.84669350000001,-28.773278000000005,-49.96043300000002,-29.93944300000001
-140.21004933333333,635.6148776666665,304.0789273333333,-259.63034700000003,472.02158099999997,50.46368,-118.263491,310.75090550000004,209.023951,-29.065507999999994,-49.59741500000001,-30.264567999999997
-140.302097,635.5395383333333,303.92037366666665,-259.4935775,472.7878115,49.538063,-118.249101,309.583743,206.2245085,-29.363664000000014,-49.235742000000016,-30.572271
-140.39351933333333,635.4676816666666,303.7628736666666,-259.3441725,473.5107165,48.6522705,-118.2231065,308.4085445,203.448656,-29.667417,-48.87553500000001,-30.86301400000002
-140.48416899999998,635.3992673333333,303.60652266666665,-259.1818665,474.188595,47.8071105,-118.18515000000001,307.222323,200.696618,-29.976458000000008,-48.51688200000001,-31.137246000000005
-140.57389533333333,635.3342303333334,303.4514203333333,-259.0064195,474.819837,47.0032985,-118.134937,306.022203,197.96855950000003,-30.290492,-48.15983399999999,-31.395410999999996
-140.66254866666665,635.272481,303.2976693333333,-258.8176195,475.402939,46.2414505,-118.07224,304.80543850000004,195.26459549999998,-30.609241999999995,-47.804418999999996,-31.63794900000002
-140.7499783333333,635.2139053333333,303.14537666666666,-258.615282,475.9365165,45.5220685,-117.9968995,303.569435,192.5848015,-30.932446999999996,-47.45063000000005,-31.865295000000003
-140.83603466666668,635.1583663333334,302.9946526666667,-258.399251,476.41931650000004,44.845532999999996,-117.9088305,302.3117655,189.92922199999998,-31.259855,-47.098434999999995,-32.07788400000001
-140.92056966666667,635.1057030000001,302.845611,-258.1693985,476.85022649999996,44.212097,-117.8080185,301.030192,187.29787950000002,-31.591227000000003,-46.747780000000034,-32.276149000000004
-141.00343733333332,635.0557336666667,302.6983686666667,-257.92562499999997,477.228288,43.621875,-117.694525,299.7226745,184.6907815,-31.926330000000007,-46.39858700000002,-32.46052899999998
-141.08449399999998,635.008256,302.5530443333333,-257.6678555,477.552704,43.0748425,-117.56848500000001,298.3873945,182.1079325,-32.264934,-46.05075700000003,-32.63146699999999
-141.16360033333333,634.9630466666666,302.40975999999995,-257.396044,477.82284549999997,42.570831,-117.430103,297.02276,179.549339,-32.606809999999996,-45.704173999999966,-32.78941800000001
-141.24062066666667,634.9198646666667,302.268638,-257.1101665,478.03826,42.109526,-117.279654,295.6274195,177.0150185,-32.951725999999994,-45.35870700000004,-32.934843
-141.31542333333334,634.8784523333334,302.129804,-256.8102235,478.19867250000004,41.690470499999996,-117.1174795,294.2002705,174.5050055,-33.29944499999999,-45.014208999999994,-33.068219
-141.38788333333332,634.8385373333332,301.9933813333333,-256.496237,478.3039935,41.313064,-116.94398100000001,292.740467,172.0193585,-33.64972200000001,-44.670525999999995,-33.19003699999999
-141.45788000000002,634.7998326666667,301.85949666666664,-256.1682475,478.354315,40.976569500000004,-116.75961699999999,291.24742349999997,169.55816249999998,-34.00229999999999,-44.32749099999995,-33.300805
-141.52529966666665,634.7620403333334,301.7282736666666,-255.82631500000002,478.349914,40.680118500000006,-116.564898,289.720817,167.12153899999998,-34.35691000000001,-43.984938,-33.40104599999998
-141.590035,634.7248523333334,301.5998363333333,-255.47051299999998,478.291249,40.422718499999995,-116.360376,288.1605885,164.709643,-34.71326599999999,-43.64269100000001,-33.49130200000002
-141.651986,634.6879533333333,301.474305,-255.1009295,478.17895799999997,40.203263500000006,-116.146643,286.5669405,162.3226685,-35.07106999999999,-43.300576999999976,-33.57213300000001
-141.71105866666667,634.6510206666666,301.3517996666667,-254.717664,478.01385000000005,40.020542999999996,-115.9243195,284.94033149999996,159.96085,-35.430003,-42.95842499999998,-33.64411000000001
-141.76716833333333,634.6137296666667,301.232435,-254.320826,477.79690600000004,39.873255,-115.6940505,283.2814725,157.624463,-35.78973300000001,-42.61606900000004,-33.70782600000001
-141.82023666666666,634.5757523333333,301.11632299999997,-253.9105325,477.529264,39.7600165,-115.456496,281.59131649999995,155.31382100000002,-36.14990800000001,-42.273348999999996,-33.76388
-141.87019333333333,634.5367613333333,301.0035706666667,-253.4869085,477.21221549999996,39.6793775,-115.212326,279.87104899999997,153.02927649999998,-36.51016200000001,-41.930116000000055,-33.81288900000001
-141.916977,634.4964323333334,300.894279,-253.0500855,476.8471955,39.6298345,-114.96221249999999,278.1220755,150.77121649999998,-36.87011699999999,-41.58623299999999,-33.855469
-141.96053233333333,634.454444,300.7885443333334,-252.600199,476.4357705,39.6098435,-114.70682350000001,276.346007,148.5400605,-37.229377000000014,-41.241577999999976,-33.892247
-142.00081366666666,634.410482,300.68645399999997,-252.137393,475.9796305,39.6178315,-114.44681750000001,274.5446455,146.3362555,-37.587541,-40.89604699999998,-33.923845
-142.03778300000002,634.3642396666668,300.5880893333333,-251.66181550000002,475.4805755,39.65221,-114.1828385,272.7199655,144.160269,-37.94419699999999,-40.549555000000026,-33.95088399999999
-142.07140933333335,634.3154206666667,300.493524,-251.173622,474.940508,39.71139,-113.9155135,270.874099,142.012588,-38.298930999999996,-40.20203600000002,-33.97397599999999
-142.10167033333335,634.2637396666667,300.4028226666666,-250.672977,474.361415,39.793786,-113.64544599999999,269.009313,139.8937095,-38.65132399999999,-39.85345000000001,-33.993719
-142.12855,634.208925,300.3160403333333,-250.160054,473.745363,39.897833,-113.3732155,267.1279905,137.804134,-39.00096099999999,-39.50377900000001,-34.010695999999996
-142.15204133333336,634.1507206666666,300.2332226666667,-249.635038,473.09448199999997,40.021991,-113.0993765,265.232613,135.7443615,-39.34742899999999,-39.15303399999999,-34.025465
-142.172143,634.0888846666667,300.1544066666667,-249.0981305,472.410956,40.164755,-112.8244565,263.3257365,133.714883,-39.69032700000001,-38.801248999999984,-34.038562
-142.18886166666667,634.023194,300.079616,-248.5495475,471.697012,40.32466,-112.5489535,261.4099725,131.7161745,-40.02926099999999,-38.44848899999997,-34.05049100000001
-142.20221033333334,633.9534446666667,300.0088663333333,-247.98952450000002,470.954905,40.5002875,-112.27334250000001,259.487968,129.748692,-40.363855000000015,-38.094842,-34.06172199999999
-142.21220866666667,633.8794506666667,299.942161,-247.418321,470.186915,40.690267999999996,-111.998071,257.5623855,127.8128635,-40.693748,-37.74042899999998,-34.072687
-142.21888233333334,633.8010493333334,299.879492,-246.836218,469.39533,40.893285000000006,-111.723562,255.63588549999997,125.90908350000001,-41.018602000000016,-37.38539499999999,-34.083781
-142.222262,633.7180973333334,299.8208406666667,-246.2435265,468.58243849999997,41.10807749999999,-111.45021650000001,253.7111055,124.0377105,-41.33810100000001,-37.02991500000002,-34.095349
-142.222386,633.6304726666666,299.76617666666664,-245.64058699999998,467.75052100000005,41.333437499999995,-111.178414,251.790645,122.1990595,-41.651954,-36.674184000000025,-34.10769499999999
-142.21929733333334,633.538078,299.715457,-245.0277695,466.90184050000005,41.568211,-110.9085155,249.8770515,120.3934005,-41.959903,-36.31842900000001,-34.12107499999999
-142.213043,633.4408376666667,299.6686293333333,-244.40547949999998,466.038635,41.8112995,-110.640865,247.9728015,118.62095249999999,-42.26171400000001,-35.962895,-34.135694999999984
-142.203676,633.3386993333334,299.62562733333334,-243.774158,465.16310799999997,42.0616535,-110.3757905,246.0802945,116.88188450000001,-42.55719099999999,-35.60785100000004,-34.151709
-142.191254,633.231633,299.58637666666664,-243.134281,464.2774235,42.318273500000004,-110.1136055,244.2018345,115.176311,-42.846166999999994,-35.25358499999999,-34.16922199999999
-142.17583933333333,633.1196336666667,299.55078899999995,-242.486363,463.383698,42.580205,-109.85460900000001,242.3396275,113.5042915,-43.128512000000015,-34.900397,-34.18829099999999
-142.15749733333334,633.0027180000001,299.51876733333336,-241.830952,462.4839945,42.846537500000004,-109.59908949999999,240.4957695,111.8658305,-43.40413099999999,-34.54861100000002,-34.208917000000014
-142.13629733333335,632.8809256666667,299.4902036666667,-241.16863650000002,461.58031800000003,43.116398000000004,-109.3473205,238.67224099999999,110.2608765,-43.67296299999998,-34.19855199999998,-34.231061
-142.112314,632.7543186666666,299.464981,-240.50003850000002,460.67460800000003,43.3889495,-109.099563,236.870906,108.6893235,-43.934984000000014,-33.85056,-34.254628999999994
-142.085624,632.622981,299.442972,-239.82581399999998,459.7687385,43.66339,-108.8560635,235.093502,107.1510135,-44.190205000000006,-33.504977999999994,-34.279489
-142.05630766666664,632.4870179999999,299.424041,-239.146654,458.8645095,43.9389435,-108.6170545,233.3416465,105.6457355,-44.43866899999999,-33.16215299999999,-34.30546699999999
-142.02444933333334,632.346555,299.4080446666667,-238.4632765,457.9636455,44.2148615,-108.38275300000001,231.616832,104.17322999999999,-44.68045000000001,-32.82243,-34.332350000000005
-141.99013433333334,632.2017380000001,299.3948316666667,-237.7764305,457.0677945,44.490418999999996,-108.153357,229.9204285,102.7331915,-44.915654,-32.48614899999998,-34.359897000000004
-141.953453,632.052732,299.384244,-237.086887,456.1785225,44.7649115,-107.929047,228.25368500000002,101.3252705,-45.14441599999999,-32.15364600000001,-34.387833
-141.91449633333332,631.899719,299.37611766666663,-236.395441,455.2973135,45.037654,-107.70998349999999,226.61773349999999,99.949077,-45.366890999999995,-31.82524700000002,-34.415865999999994
-141.873359,631.7428980000001,299.37028366666664,-235.702903,454.425571,45.307977,-107.49630450000001,225.01359300000001,98.6041855,-45.58325900000001,-31.50126400000002,-34.44368700000001
-141.830137,631.5824853333334,299.366569,-235.0101015,453.564612,45.5752285,-107.288125,223.4421715,97.2901375,-45.793717999999984,-31.181992999999977,-34.47097299999999
-141.78492933333334,631.4187113333334,299.364796,-234.317872,452.7156695,45.838772,-107.085537,221.90427649999998,96.006445,-45.99847600000001,-30.867715000000004,-34.497401999999994
-141.737837,631.2518190000001,299.3647863333333,-233.627058,451.87989600000003,46.097983,-106.888608,220.4006125,94.752596,-46.19775399999999,-30.558689000000015,-34.52265
-141.68896166666667,631.0820656666666,299.36635766666666,-232.93850600000002,451.058359,46.352253499999996,-106.69738050000001,218.9317935,93.52805900000001,-46.391777000000005,-30.255155000000002,-34.546408
-141.638408,630.9097183333333,299.3693283333334,-232.253061,450.252046,46.6009885,-106.5118715,217.4983465,92.332284,-46.580771,-29.95732700000002,-34.568376
-141.58628066666665,630.7350546666667,299.3735166666666,-231.57156149999997,449.4618625,46.84361,-106.332076,216.10071499999998,91.1647105,-46.76495799999999,-29.66539800000001,-34.588279
-141.53268733333334,630.558361,299.378741,-230.89483900000002,448.68863999999996,47.079554,-106.157963,214.73926749999998,90.0247685,-46.94455399999998,-29.379535000000004,-34.60587099999999
-141.47773600000002,630.3799316666667,299.38482266666665,-230.22371199999998,447.9331325,47.308274999999995,-105.989482,213.414302,88.9118845,-47.119764,-29.09987799999999,-34.620935
-141.42153566666664,630.2000666666667,299.39158499999996,-229.558981,447.19602150000003,47.5292455,-105.8265595,212.1260505,87.8254845,-47.290775,-28.82654500000001,-34.63329300000001
-141.364197,630.0190713333334,299.398856,-228.901429,446.4779185,47.7419575,-105.669106,210.8746855,86.764997,-47.45775800000001,-28.559626999999978,-34.64280799999999
-141.30582933333335,629.8372533333333,299.40646633333336,-228.2518165,445.77936950000003,47.9459255,-105.517013,209.660323,85.72985750000001,-47.62086200000002,-28.299192000000005,-34.64938500000001
-141.24654633333333,629.654926,299.414253,-227.610879,445.100855,48.140688,-105.3701585,208.4830285,84.719511,-47.780213,-28.045283000000012,-34.652975999999995
-141.18645866666668,629.472401,299.4220583333333,-226.979323,444.4427965,48.3258075,-105.228408,207.34282100000001,83.73341400000001,-47.935916000000006,-27.797923999999995,-34.653577999999996
-141.12567866666666,629.2899926666668,299.429732,-226.357827,443.80555649999997,48.500875,-105.091618,206.239673,82.7710385,-48.08804599999999,-27.557118000000003,-34.651236999999995
-141.06431933333332,629.108014,299.43712966666664,-225.747036,443.18944350000004,48.665512,-104.9596375,205.1735195,81.831875,-48.23665500000001,-27.32284900000002,-34.646038000000004
-141.00249233333332,628.9267756666667,299.44411433333335,-225.1475625,442.594717,48.81937,-104.832309,204.14425599999998,80.9154305,-48.38176999999999,-27.095088000000004,-34.638115
-140.94030999999998,628.746587,299.4505586666666,-224.5599835,442.021585,48.9621345,-104.7094735,203.1517435,80.021233,-48.523393,-26.873789000000016,-34.627638000000005
-140.87788433333333,628.5677523333334,299.45634333333334,-223.98483950000002,441.4702125,49.0935285,-104.590971,202.195809,79.14883449999999,-48.66150399999998,-26.658896,-34.614810999999996
-140.81532666666666,628.3905726666667,299.461356,-223.4226335,440.9407215,49.2133105,-104.476642,201.276247,78.2978055,-48.796065999999996,-26.450342000000006,-34.599872999999995
-140.752747,628.2153443333333,299.4654963333333,-222.87383,440.4331925,49.321278,-104.36632999999999,200.392821,77.4677425,-48.927021999999994,-26.248058000000015,-34.583085000000004
-140.69025633333334,628.0423563333334,299.46867199999997,-222.3388535,439.94766949999996,49.4172705,-104.259883,199.5452655,76.6582635,-49.05430200000001,-26.051963,-34.564727000000005
-140.627962,627.8718933333333,299.4708,-221.81809099999998,439.48415850000004,49.501169499999996,-104.157154,198.7332835,75.86901,-49.177828000000005,-25.861981000000014,-34.545096
-140.56597133333332,627.7042303333334,299.47180733333335,-221.3118875,439.04263349999997,49.572900000000004,-104.05800450000001,197.9565495,75.099645,-49.297511,-25.67802900000001,-34.524494
-140.50439033333333,627.539637,299.47163,-220.82054749999998,438.6230345,49.6324305,-103.962301,197.2147055,74.3498535,-49.41326200000002,-25.500024999999994,-34.503223000000006
-140.44332333333332,627.3783733333333,299.47021433333333,-220.3443365,438.225269,49.679775,-103.869921,196.507365,73.61934049999999,-49.52499400000001,-25.32789199999999,-34.481581
-140.382872,627.2206916666668,299.46751666666665,-219.8834785,437.84921499999996,49.7149935,-103.7807515,195.83410750000002,72.9078305,-49.632621,-25.161552999999998,-34.459857
-140.323137,627.0668346666668,299.4635016666667,-219.438156,437.494721,49.73819,-103.69468750000001,195.1944805,72.215067,-49.736067000000006,-25.000935,-34.438320000000004
-140.26421466666667,626.9170366666667,299.458144,-219.008512,437.161605,49.749516,-103.611637,194.58799850000003,71.540809,-49.835269999999994,-24.845968999999997,-34.41722599999999
-140.20620166666666,626.7715206666667,299.4514276666667,-218.5946485,436.849657,49.7491645,-103.53151749999999,194.0141395,70.88483,-49.930172999999996,-24.696587000000022,-34.396802
-140.149189,626.6304993333333,299.44334399999997,-218.196628,436.55863899999997,49.737376499999996,-103.45425900000001,193.472345,70.24691899999999,-50.02074399999999,-24.552729999999997,-34.377247999999994
-140.093265,626.4941769999999,299.43389433333334,-217.81447350000002,436.288283,49.714432,-103.37980099999999,192.962021,69.626875,-50.10696399999999,-24.414333999999997,-34.358740000000004
-140.03851666666665,626.3627453333334,299.423088,-217.4481665,436.038295,49.680653,-103.308097,192.482533,69.0245075,-50.188834,-24.28134400000002,-34.341421
-139.985025,626.2363853333333,299.41094100000004,-217.097653,435.808351,49.6364015,-103.23911000000001,192.0332095,68.4396365,-50.266374,-24.153699000000017,-34.325405
-139.93286933333334,626.1152666666667,299.3974783333333,-216.76283949999998,435.5981005,49.5820755,-103.172815,191.613339,67.872087,-50.33962199999999,-24.03134399999999,-34.310776
-139.88212133333332,625.9995476666667,299.38273066666665,-216.443595,435.40716399999997,49.5181065,-103.10919849999999,191.222171,67.321692,-50.408638999999994,-23.914218000000005,-34.29759000000001
-139.83285233333334,625.8893743333333,299.36673666666667,-216.139752,435.235136,49.4449575,-103.04825600000001,190.858917,66.7882875,-50.473500000000016,-23.802257999999995,-34.285881
-139.78512633333332,625.7848806666666,299.34953866666666,-215.85111,435.08158149999997,49.3631215,-102.9899925,190.52275,66.2717145,-50.53430100000001,-23.69539800000001,-34.275653000000005
-139.73900366666666,625.6861873333334,299.3311876666667,-215.577432,434.94604100000004,49.273115,-102.934423,190.2128085,65.771815,-50.591148000000004,-23.59356299999999,-34.26689399999999
-139.69453833333333,625.5934043333333,299.311738,-215.31845049999998,434.8280265,49.175475500000005,-102.8815675,189.92819500000002,65.2884335,-50.644165000000015,-23.496674000000013,-34.259573
-139.65177966666667,625.5066270000001,299.29124833333333,-215.0738655,434.72702549999997,49.0707605,-102.831453,189.6679825,64.82141250000001,-50.69348199999999,-23.404642999999993,-34.253649
-139.610772,625.425938,299.26978333333335,-214.8433495,434.6425015,48.9595405,-102.784109,189.4312155,64.370596,-50.73924199999999,-23.31737100000001,-34.249066000000006
-139.57155233333333,625.351407,299.247409,-214.62654600000002,434.5738925,48.8423975,-102.73956749999999,189.21691249999998,63.935824,-50.781589,-23.23475099999999,-34.245765999999996
-139.53415366666667,625.2830903333332,299.22419599999995,-214.4230735,434.520615,48.719921,-102.69785999999999,189.024073,63.516934500000005,-50.820674,-23.156667999999996,-34.243687
-139.49860033333334,625.2210306666666,299.20021733333334,-214.2325275,434.48206600000003,48.592704,-102.659014,188.8516805,63.1137595,-50.85664399999999,-23.08299100000002,-34.242769
-139.464913,625.1652560000001,299.17554766666666,-214.054482,434.45762,48.461341499999996,-102.623051,188.69870500000002,62.72612649999999,-50.88965000000002,-23.01358400000001,-34.242951
-139.43310433333332,625.1157810000001,299.1502633333333,-213.88849299999998,434.44663649999995,48.326423999999996,-102.5899855,188.56411400000002,62.353853,-50.919835000000006,-22.948296,-34.24418
-139.40318133333332,625.0726066666666,299.124442,-213.73409850000002,434.4484575,48.188538,-102.55981750000001,188.446871,61.996750000000006,-50.947337000000005,-22.886971999999986,-34.246410000000004
-139.37514433333334,625.03572,299.09816099999995,-213.5908235,434.462412,48.048263,-102.5325345,188.345946,61.654613,-50.97228899999999,-22.829444000000024,-34.249604
-139.348987,625.0050930000001,299.0714993333333,-213.4581825,434.487817,47.9061675,-102.5081055,188.26031849999998,61.3272265,-50.99481700000001,-22.775537000000014,-34.25372900000001
-139.32469733333335,624.9806843333334,299.04453433333333,-213.33568,434.52398,47.762808500000006,-102.4864795,188.1889825,61.014358,-51.015035,-22.72507300000001,-34.25876399999999
-139.30225666666664,624.9624383333334,299.0173423333333,-213.22281299999997,434.57020050000006,47.6187295,-102.4675815,188.1309525,60.7157545,-51.033051,-22.677866999999992,-34.264693
-139.28163933333335,624.950286,298.9899986666667,-213.119078,434.6257735,47.4744595,-102.451311,188.0852675,60.431142,-51.04896599999999,-22.633728999999988,-34.271508
-139.26281500000002,624.9441436666667,298.9625773333333,-213.023968,434.6899895,47.330513,-102.437539,188.0509975,60.160221500000006,-51.062872,-22.59247099999999,-34.279203
-139.2457466666667,624.943915,298.93514899999997,-212.936977,434.762139,47.1873855,-102.426106,188.0272435,59.9026655,-51.074854,-22.55390299999999,-34.28777300000001
-139.230391,624.9494896666666,298.90778266666666,-212.85760299999998,434.8415135,47.04556,-102.416822,188.013144,59.658116,-51.084996000000004,-22.517840000000007,-34.29720999999999
-139.21669999999997,624.960744,298.88054366666665,-212.7853515,434.927408,46.905501,-102.4094635,188.007877,59.4261825,-51.09337500000001,-22.48409799999999,-34.307505000000006
-139.20462033333334,624.977543,298.85349433333334,-212.71973400000002,435.01912200000004,46.7676575,-102.4037725,188.010663,59.206436499999995,-51.10006899999999,-22.452499999999986,-34.318636999999995
-139.19409299999998,624.9997366666666,298.8266926666667,-212.66027300000002,435.11596199999997,46.632461500000005,-102.39945700000001,188.02076499999998,58.998411499999996,-51.10516,-22.422877999999997,-34.330574999999996
-139.18505566666667,625.0271653333333,298.800193,-212.606504,435.2172445,46.5003315,-102.3961935,188.037492,58.8016035,-51.108733,-22.395072,-34.343273
-139.17744066666668,625.059656,298.77404466666667,-212.5579765,435.3222955,46.37167049999999,-102.39362349999999,188.0601985,58.615465,-51.110877,-22.368933,-34.356662
-139.17117599999997,625.0970253333334,298.74829300000005,-212.514255,435.430455,46.246866000000004,-102.391359,188.0882835,58.439409999999995,-51.111694,-22.344324999999998,-34.370656
-139.16618766666667,625.1390783333333,298.72297766666674,-212.4749235,435.54107650000003,46.126293000000004,-102.3889825,188.1211925,58.272811,-51.111299,-22.321124999999995,-34.385138
-139.1623966666667,625.18561,298.6981333333333,-212.43958400000002,435.6535305,46.010311,-102.38605000000001,188.158414,58.1150025,-51.109818000000004,-22.29922400000001,-34.399967000000004
-139.15972200000002,625.2364063333333,298.67378933333333,-212.407858,435.7672055,45.899265500000006,-102.38209499999999,188.199482,57.965283,-51.10739600000001,-22.278532000000013,-34.414970000000004
-139.15808066666668,625.2912430000001,298.64996866666667,-212.3793915,435.881509,45.7934875,-102.3766325,188.2439705,57.82292,-51.104197,-22.258969000000008,-34.42994
-139.15738766666666,625.3498866666667,298.626689,-212.35385050000002,435.9958705,45.693293000000004,-102.369163,188.291494,57.687153499999994,-51.100404,-22.240477999999996,-34.44463699999999
-139.15755466666667,625.4120973333333,298.60396199999997,-212.330928,436.10974350000004,45.598979,-102.359177,188.341706,57.5572045,-51.09622400000001,-22.223017999999996,-34.458788999999996
-139.15849500000002,625.4776246666667,298.581793,-212.3103395,436.22260800000004,45.51082650000001,-102.346163,188.3942965,57.432280500000005,-51.091882,-22.206563000000017,-34.472086999999995
-139.16011999999998,625.5462136666666,298.560182,-212.291828,436.33397049999996,45.429094,-102.329612,188.44898899999998,57.311583999999996,-51.087630000000004,-22.19110600000002,-34.484192
-139.16234,625.6176016666666,298.53912166666663,-212.27516100000003,436.44336899999996,45.3540175,-102.30902449999999,188.5055415,57.194323499999996,-51.083738999999994,-22.176659,-34.494730999999994
-139.165066,625.6915196666667,298.518599,-212.2601365,436.5503735,45.2858065,-102.283918,188.56374,57.0797255,-51.080501999999996,-22.163250000000005,-34.503303
-139.16821133333335,625.7676953333333,298.4985956666667,-212.2465765,436.65459,45.2246405,-102.25383500000001,188.623402,56.967041,-51.078232,-22.15092199999998,-34.509484
-139.17168766666668,625.8458486666667,298.47908600000005,-212.234334,436.75566200000003,45.170664,-102.2183495,188.684373,56.855563000000004,-51.077259,-22.139737999999994,-34.512824
-139.17541066666666,625.9256973333333,298.4600403333333,-212.2232885,436.8532755,45.1239845,-102.177078,188.746524,56.744635,-51.077928,-22.129770000000008,-34.51286199999999
-139.17929666666666,626.0069553333334,298.4414203333333,-212.213351,436.9471585,45.084666,-102.1296855,188.809752,56.633666,-51.080595,-22.121109999999987,-34.509124
-139.18326466666664,626.089334,298.4231856666667,-212.20445949999998,437.0370865,45.052725,-102.0758955,188.8739785,56.522143,-51.085621,-22.113856999999996,-34.501132000000005
-139.18723566666665,626.1725423333334,298.4052893333333,-212.19658349999997,437.122885,45.028124999999996,-102.0154995,188.93914999999998,56.409639999999996,-51.093371000000005,-22.108126,-34.488412000000004
-139.191136,626.2562876666667,298.3876786666667,-212.18972150000002,437.204434,45.010772,-101.948363,189.005237,56.295834,-51.104208,-22.104038000000003,-34.470504000000005
-139.194894,626.340278,298.3702983333333,-212.1839015,437.28166799999997,45.0005095,-101.8744385,189.0722335,56.1805115,-51.11848500000001,-22.101720999999998,-34.446963
-139.19844233333333,626.4242206666667,298.3530876666667,-212.1791825,437.35458,44.997114999999994,-101.79377,189.1401565,56.0635825,-51.13654,-22.101308999999986,-34.417377
-139.201718,626.5078246666667,298.33598266666667,-212.175653,437.4232255,45.000293,-101.7065035,189.2090495,55.945083499999996,-51.158691000000005,-22.102938999999992,-34.381369
-139.20466366666668,626.5908009999999,298.31891666666667,-212.1734315,437.487723,45.009674,-101.6128945,189.2789765,55.825187,-51.185227,-22.10674499999999,-34.338616
-139.20722633333332,626.6728636666667,298.30181999999996,-212.1726655,437.5482575,45.024811,-101.513315,189.3500285,55.704204,-51.216404,-22.11286100000001,-34.28884599999999
-139.20935866666665,626.7537316666666,298.2846216666667,-212.17353450000002,437.6050805,45.045174499999995,-101.408259,189.42231800000002,55.5825885,-51.252433999999994,-22.121413999999987,-34.23185900000001
-139.21101866666666,626.8331283333333,298.2672483333334,-212.176244,437.65851399999997,45.0701545,-101.298352,189.495983,55.460935500000005,-51.293482,-22.13252,-34.167531000000004
-139.21217199999998,626.910784,298.2496273333333,-212.18103,437.7089485,45.099057,-101.18435149999999,189.57118450000002,55.339977000000005,-51.339657,-22.14628300000001,-34.095825999999995
-139.21278933333332,626.986437,298.23168400000003,-212.188155,437.7568435,45.1311065,-101.06715249999999,189.64810649999998,55.220580999999996,-51.39100900000001,-22.162789000000004,-34.016804
-139.212848,627.0598333333334,298.2133463333333,-212.19790949999998,437.802729,45.1654465,-100.94779199999999,189.72695299999998,55.103741,-51.44751599999999,-22.182108,-33.930623999999995
-139.21233266666667,627.1307320000001,298.1945416666667,-212.2106085,437.8472015,45.201142000000004,-100.827449,189.807951,54.9905665,-51.509085999999996,-22.204281999999978,-33.837565000000005
-139.21123433333332,627.1989006666666,298.1752016666666,-212.2265925,437.8909235,45.2371845,-100.707444,189.891344,54.8822715,-51.575546,-22.229326000000015,-33.738015
-139.20955166666667,627.264122,298.15525866666667,-212.24622399999998,437.9346235,45.272497,-100.589239,189.977391,54.780157,-51.646648,-22.257226000000003,-33.63249
-139.2072903333333,627.326192,298.1346493333333,-212.2698865,437.979085,45.3059395,-100.474435,190.06636500000002,54.6856,-51.722054,-22.287931999999984,-33.52163
-139.20446266666667,627.3849236666666,298.11331533333333,-212.2979815,438.025152,45.336318500000004,-100.3647675,190.1585485,54.6000265,-51.80134100000001,-22.321357000000006,-33.406201
-139.20108866666666,627.4401466666667,298.091202,-212.33092950000002,438.073716,45.3623955,-100.2621,190.2542295,54.5248985,-51.884,-22.357372999999995,-33.28710099999999
-139.197195,627.4917093333333,298.0682613333333,-212.3691605,438.12571349999996,45.3828955,-100.1684175,190.3536975,54.461689,-51.969435000000004,-22.395809000000014,-33.165350000000004
-139.19281566666666,627.5394806666667,298.044451,-212.413117,438.1821205,45.39652099999999,-100.085816,190.45723650000002,54.4118585,-52.056968,-22.436451000000005,-33.042095
-139.18799133333334,627.5833503333333,298.019737,-212.46324850000002,438.2439425,45.401963499999994,-100.0164965,190.565123,54.376833,-52.145838999999995,-22.479036000000008,-32.918594
-139.182769,627.623231,297.99409099999997,-212.52000750000002,438.3122095,45.3979145,-99.96274650000001,190.677616,54.3579815,-52.23521100000001,-22.52325400000001,-32.796217
