Sh_x,Sh_y,Sh_z,El_x,El_y,El_z,Wr_x,Wr_y,Wr_z,WrVec_x,WrVec_y,WrVec_z
17.831764,694.929647,271.41604366666667,-73.125116,584.1826965,27.978371499999998,-22.092051,325.76708199999996,39.276758,-42.692518,6.019611999999995,-44.252216000000004
17.84060266666667,694.8671979999999,271.40230066666663,-73.1069955,584.1490805000001,27.960112499999997,-22.02363,325.7359805,39.096564,-42.774055999999995,5.977771000000018,-44.180516
17.849654333333334,694.80623,271.38865400000003,-73.090588,584.117663,27.941675,-21.960919999999998,325.70720700000004,38.913787,-42.853236,5.936080000000004,-44.111436
17.858892,694.7467499999999,271.37509900000003,-73.075938,584.0884725000001,27.923056,-21.903982499999998,325.680748,38.728547,-42.929947,5.894540000000006,-44.04508800000001
17.86829,694.6887620000001,271.36163,-73.0630885,584.061537,27.904252,-21.8528705,325.65659500000004,38.540974500000004,-43.004085,5.853149999999971,-43.981579
17.877821,694.6322686666667,271.34824333333336,-73.0520845,584.0368865,27.885258999999998,-21.8076285,325.634743,38.351206000000005,-43.075542999999996,5.811908000000017,-43.921016
17.887456333333333,694.5772713333332,271.33493300000004,-73.0429685,584.01455,27.8660715,-21.7682935,325.61519,38.159389,-43.144221,5.770807999999988,-43.8635
17.89716866666667,694.5237699999999,271.32169466666664,-73.035784,583.9945574999999,27.846684,-21.734895,325.59794,37.9656775,-43.21002,5.7298379999999725,-43.809131
17.906928333333337,694.4717626666667,271.30852166666665,-73.0305735,583.9769405,27.8270895,-21.707452,325.583002,37.770236,-43.272844,5.68898999999999,-43.758004
17.916707333333335,694.4212466666668,271.29540933333334,-73.0273805,583.96173,27.807280499999997,-21.685976999999998,325.570389,37.5732365,-43.332602,5.648246000000029,-43.710211
17.926475,694.372217,271.282351,-73.026247,583.9489585,27.78725,-21.670471,325.56011950000004,37.374861,-43.389206,5.6075910000000135,-43.665838
17.936200999999997,694.324667,271.26934133333333,-73.0272145,583.938658,27.7669885,-21.660928499999997,325.552218,37.175301,-43.442571,5.567003999999997,-43.62497
17.945854333333333,694.27859,271.25637333333333,-73.0303245,583.9308625,27.746487,-21.657333,325.5467165,36.9747555,-43.492614,5.526459000000045,-43.587683
17.955403,694.2339756666667,271.243441,-73.0356195,583.925606,27.725735,-21.65966,325.5436495,36.773435,-43.539262,5.485930999999994,-43.554052
17.964816333333335,694.1908146666666,271.2305373333333,-73.0431395,583.9229230000001,27.7047225,-21.667875,325.5430625,36.5715575,-43.582438,5.445386999999982,-43.524147
17.974060666666666,694.1490950000001,271.21765566666664,-73.052925,583.922849,27.6834375,-21.681935499999998,325.545004,36.3693515,-43.622075,5.404796000000033,-43.498031
17.983103333333332,694.1088026666666,271.20478933333334,-73.065016,583.92542,27.661869,-21.7017875,325.549531,36.167054,-43.658111,5.364117999999962,-43.475762
17.991910333333333,694.0699236666666,271.1919306666667,-73.0794525,583.9306725,27.640003999999998,-21.7273685,325.556708,35.9649125,-43.690485,5.323313999999982,-43.457397
18.000448666666667,694.0324416666666,271.17907299999996,-73.096273,583.9386440000001,27.6178295,-21.758606500000003,325.56660650000003,35.7631835,-43.719141,5.282339000000036,-43.442979
18.008683,693.99634,271.1662083333333,-73.115517,583.949372,27.595332,-21.795421,325.57930450000003,35.562132500000004,-43.74403,5.241145000000017,-43.432555
18.016578333333335,693.9616003333334,271.15332966666665,-73.1372215,583.9628955000001,27.5724985,-21.837719,325.5948895,35.362035,-43.765108,5.199680999999998,-43.426158
18.024099666666668,693.9282033333333,271.14042966666665,-73.161424,583.979253,27.549312999999998,-21.8854005,325.6134565,35.163176,-43.782333,5.157893000000001,-43.423822
18.031210666666666,693.896128,271.1275,-73.1881615,583.9984845,27.5257625,-21.9383555,325.635108,34.965849,-43.795671,5.11572000000001,-43.425568
18.037875666666665,693.8653523333332,271.11453266666666,-73.2174695,584.0206304999999,27.5018305,-21.996464,325.6599545,34.7703585,-43.805091999999995,5.073103000000003,-43.431416999999996
18.04405733333333,693.8358539999999,271.10152066666666,-73.249384,584.0457305,27.477501999999998,-22.059596,325.68811600000004,34.577016,-43.81057,5.0299759999999765,-43.441382000000004
18.049719333333332,693.8076093333334,271.08845533333334,-73.2839385,584.073826,27.452761499999998,-22.127613,325.7197195,34.3861445,-43.812086,4.986266999999998,-43.455467
18.054823333333335,693.7805923333334,271.0753286666666,-73.3211675,584.104959,27.427592999999998,-22.200368,325.7549025,34.198073,-43.809626,4.941907000000015,-43.47367199999999
18.059332666666666,693.7547786666668,271.06213299999996,-73.3611035,584.1391699999999,27.4019795,-22.2777015,325.79380949999995,34.013142,-43.803180999999995,4.896816999999999,-43.495992
18.063208333333332,693.7301406666667,271.0488603333333,-73.4037775,584.176502,27.3759055,-22.3594485,325.836594,33.8317,-43.792745,4.850917999999979,-43.522412
18.066412333333336,693.7066513333334,271.035502,-73.449221,584.2169965,27.3493535,-22.445433,325.8834185,33.6541035,-43.778322,4.804128999999989,-43.552913000000004
18.068906000000002,693.6842823333333,271.02205000000004,-73.497464,584.2606965,27.322307499999997,-22.535470500000002,325.93445499999996,33.480717,-43.759917,4.756362000000024,-43.587468
18.070650666666666,693.663005,271.00849666666664,-73.548534,584.3076435,27.294750999999998,-22.629368499999998,325.9898835,33.3119145,-43.737543,4.7075269999999705,-43.626045000000005
18.071607333333333,693.642789,270.994833,-73.6024595,584.357881,27.266665999999997,-22.7269255,326.049892,33.148077,-43.711217000000005,4.6575319999999465,-43.668604
18.071736333333334,693.6236046666667,270.9810516666667,-73.659266,584.4114515,27.238037499999997,-22.827931,326.11468,32.989593,-43.68096,4.606280000000027,-43.71510000000001
18.070998333333332,693.6054209999999,270.96714399999996,-73.7189785,584.4683964999999,27.208847,-22.9321675,326.1844525,32.836858,-43.646800999999996,4.553673000000003,-43.76548
18.069354333333333,693.5882066666667,270.95310233333333,-73.781621,584.528759,27.1790795,-23.0394095,326.25942499999996,32.690276,-43.608771,4.499608000000023,-43.819684
18.066764333333335,693.57193,270.93891866666667,-73.847215,584.592581,27.1487175,-23.149423,326.33982149999997,32.5502565,-43.566908,4.443980999999951,-43.877647
18.063189333333334,693.5565583333333,270.92458500000004,-73.9157815,584.6599034999999,27.117745499999998,-23.2619675,326.425875,32.4172155,-43.521255000000004,4.3866840000000025,-43.939299
18.058588999999998,693.5420596666667,270.910093,-73.9873395,584.7307685000001,27.086146499999998,-23.376794999999998,326.517825,32.291575,-43.47186,4.327606000000003,-44.00456
18.05292366666667,693.5284006666667,270.895436,-74.0619065,584.805216,27.053905999999998,-23.493651500000002,326.61592099999996,32.1737635,-43.418771,4.2666340000000105,-44.073345
18.046154,693.5155490000001,270.880605,-74.1394985,584.8832864999999,27.0210075,-23.612275,326.7204205,32.064214,-43.362047999999994,4.203655000000026,-44.145566
18.038241,693.5034713333333,270.865594,-74.220129,584.9650194999999,26.987436,-23.732399,326.8315875,31.9633645,-43.30175,4.138549000000012,-44.221123
18.029145,693.4921343333334,270.850394,-74.3038105,585.0504545,26.9531775,-23.85375,326.94969549999996,31.871657,-43.237942,4.0711990000000355,-44.299915999999996
18.01882666666667,693.4815043333334,270.83499866666665,-74.390554,585.139628,26.9182165,-23.9760495,327.075025,31.789538,-43.170695,4.00148200000001,-44.38183599999999
18.007247666666668,693.4715483333333,270.81940033333336,-74.480367,585.232578,26.88254,-24.0990155,327.20786250000003,31.7174585,-43.100081,3.9292750000000183,-44.466769
17.994368333333338,693.462234,270.803592,-74.5732565,585.3293405,26.846134,-24.2223575,327.348504,31.655869499999998,-43.026177000000004,3.8544540000000325,-44.554595
17.98015133333333,693.453527,270.787567,-74.669227,585.42995,26.8089855,-24.3457845,327.49725,31.605227499999998,-42.949062999999995,3.7768919999999753,-44.645189
17.964557666666668,693.4453953333333,270.77131833333334,-74.768281,585.5344405000001,26.7710825,-24.469,327.654409,31.565989000000002,-42.868824000000004,3.696461999999997,-44.738422
17.947550666666668,693.4378063333334,270.75484,-74.8704185,585.642844,26.732412999999998,-24.591703499999998,327.82029450000005,31.538612999999998,-42.785547,3.61303700000002,-44.834158
17.929092666666666,693.4307273333334,270.7381253333333,-74.975637,585.7551920000001,26.6929655,-24.713593,327.9952275,31.523559,-42.699324,3.5264869999999746,-44.932258000000004
17.909146333333336,693.4241273333333,270.72116766666664,-75.083933,585.8715139999999,26.6527295,-24.834362499999997,328.179532,31.521285999999996,-42.610247,3.436682000000019,-45.032578
17.887676666666668,693.4179743333334,270.7039613333333,-75.1952985,585.991838,26.6116945,-24.953704000000002,328.3735405,31.532252999999997,-42.518412,3.3434929999999667,-45.134968
17.864647,693.412238,270.68650099999996,-75.3097265,586.1161905,26.569851999999997,-25.071309,328.577587,31.5569195,-42.423918,3.2467880000000378,-45.239275000000006
17.840022333333334,693.406888,270.6687803333333,-75.4272045,586.244596,26.527193,-25.186867,328.792012,31.5957405,-42.326865999999995,3.146437999999989,-45.345345
17.813768,693.4018943333334,270.65079399999996,-75.547719,586.3770764999999,26.483708999999998,-25.3000665,329.01716,31.649172,-42.227357,3.0423119999999813,-45.453013999999996
17.785851333333333,693.3972286666667,270.632538,-75.6712535,586.5136545,26.439393499999998,-25.4105965,329.253378,31.7176635,-42.125497,2.934281999999996,-45.562121000000005
17.756238,693.392863,270.6140056666666,-75.79778900000001,586.6543485,26.394239499999998,-25.518145,329.5010165,31.801664499999998,-42.021392,2.8222190000000182,-45.672497
17.724896,693.388769,270.59519300000005,-75.927304,586.799175,26.348240999999998,-25.6224025,329.760429,31.9016175,-41.915149,2.7059940000000324,-45.783973
17.691794333333334,693.3849213333333,270.576096,-76.059775,586.9481490000001,26.301394000000002,-25.72306,330.031972,32.0179615,-41.806875999999995,2.5854799999999614,-45.896377
17.656902000000002,693.3812939999999,270.5567096666667,-76.1951755,587.101283,26.2536925,-25.8198095,330.316002,32.15113,-41.696683,2.460554000000002,-46.009534
17.620188666666667,693.3778626666667,270.53702999999996,-76.3334755,587.2585875,26.2051345,-25.9123465,330.61287749999997,32.3015495,-41.584679,2.331090999999958,-46.123267
17.581627,693.3746030000001,270.517054,-76.4746435,587.4200705000001,26.1557165,-26.0003685,330.9229595,32.46964,-41.470973,2.1969689999999673,-46.237398
17.541188000000002,693.3714933333334,270.4967766666667,-76.618645,587.585737,26.105437000000002,-26.083575500000002,331.2466055,32.655812999999995,-41.355677,2.058068999999989,-46.351746
17.498844666666667,693.3685126666666,270.4761956666667,-76.7654425,587.7555904999999,26.054294000000002,-26.161673999999998,331.584177,32.860473,-41.2389,1.9142739999999776,-46.46613
17.454572,693.3656403333333,270.45530766666667,-76.9149965,587.9296320000001,26.002288500000002,-26.234372,331.93603099999996,33.084013,-41.120751999999996,1.7654679999999985,-46.580368
17.408344999999997,693.3628580000001,270.4341093333333,-77.06726400000001,588.1078585,25.9494195,-26.301384000000002,332.302526,33.32682,-41.001342,1.6115419999999858,-46.694278000000004
17.36013966666667,693.3601476666666,270.41259866666667,-77.2221995,588.2902655,25.895689,-26.3624285,332.6840165,33.5892665,-40.880776999999995,1.4523849999999925,-46.807675
17.309934000000002,693.357493,270.390773,-77.3797555,588.476846,25.841099,-26.4172305,333.0808565,33.8717165,-40.759165,1.2878929999999968,-46.920379
17.257706666666667,693.354879,270.36863,-77.53988100000001,588.66759,25.7856515,-26.4655225,333.4933955,34.174521,-40.636611,1.1179629999999747,-47.032204
17.203438000000002,693.3522929999999,270.34616766666664,-77.7025235,588.862484,25.729350500000002,-26.507042,333.9219795,34.498019,-40.513220000000004,0.942498999999998,-47.142970000000005
17.147109,693.3497226666667,270.3233846666667,-77.867626,589.0615124999999,25.672200500000002,-26.541534499999997,334.36695050000003,34.842535,-40.389093,0.7614050000000248,-47.252496
17.088702333333334,693.3471566666667,270.300279,-78.035131,589.2646569999999,25.6142055,-26.5687535,334.82864700000005,35.2083815,-40.264331,0.5745919999999956,-47.360601
17.028201,693.3445873333334,270.2768496666667,-78.204977,589.471896,25.5553725,-26.5884595,335.30740000000003,35.5958555,-40.139033,0.3819759999999519,-47.467107
16.965591333333332,693.3420063333333,270.2530956666667,-78.3771005,589.6832055,25.4957065,-26.600424,335.80353649999995,36.0052385,-40.013293999999995,0.18347499999998718,-47.571837
16.900859999999998,693.3394083333333,270.229016,-78.5514355,589.898558,25.4352155,-26.6044245,336.317376,36.436796,-39.887207000000004,-0.02098599999999351,-47.674616
16.833994333333333,693.336789,270.20461,-78.7279135,590.1179235,25.373907000000003,-26.600251,336.84923100000003,36.8907785,-39.760864,-0.23147799999998142,-47.775273
16.764984333333334,693.3341456666667,270.1798773333333,-78.906464,590.3412685000001,25.3117895,-26.587702,337.399407,37.3674185,-39.63435199999999,-0.4480660000000398,-47.873637
16.693820666666667,693.3314776666666,270.15481833333337,-79.087014,590.5685579999999,25.248872000000002,-26.566587,337.96819949999997,37.8669305,-39.507756,-0.6708110000000147,-47.969543
16.620495333333334,693.328786,270.129432,-79.2694875,590.7997525000001,25.185164,-26.536725,338.5558975,38.389512499999995,-39.381156,-0.8997669999999971,-48.062825
16.545002333333333,693.3260726666667,270.10371933333334,-79.4538075,591.0348105,25.120676,-26.497947500000002,339.1627785,38.935342,-39.254633,-1.1349810000000389,-48.153324
16.467337666666666,693.323343,270.0776803333333,-79.6398935,591.2736875,25.055419,-26.450097,339.789112,39.5045775,-39.12826,-1.3764959999999746,-48.240883000000004
16.387497666666665,693.3206020000001,270.0513153333333,-79.8276655,591.516335,24.989404500000003,-26.393028,340.435155,40.097361,-39.00211,-1.6243499999999926,-48.32535
16.305480333333332,693.3178586666667,270.02462633333334,-80.0170385,591.7627035,24.922644000000002,-26.3266065,341.1011545,40.713809499999996,-38.876251,-1.8785729999999603,-48.406575
16.221286333333335,693.3151216666666,269.997613,-80.2079275,592.01274,24.855150000000002,-26.250712,341.787346,41.354023500000004,-38.750744,-2.139185999999995,-48.484415
16.134917,693.3124036666667,269.97027733333334,-80.400245,592.2663875000001,24.786936,-26.1652355,342.493952,42.018080499999996,-38.625653,-2.4062099999999873,-48.558729
16.046375333333334,693.3097170000001,269.9426203333333,-80.593903,592.5235875000001,24.7180155,-26.0700825,343.2211825,42.7060385,-38.501033,-2.6796530000000303,-48.629383000000004
15.955665666666667,693.3070779999999,269.914643,-80.788809,592.784279,24.648401500000002,-25.9651715,343.969235,43.41793199999999,-38.376937000000005,-2.9595220000000495,-48.696245999999995
15.862794999999998,693.304502,269.88634766666667,-80.98487250000001,593.0483975,24.5781095,-25.8504325,344.738292,44.153774,-38.253413,-3.245810000000006,-48.759194
15.767769666666666,693.3020093333333,269.85773666666665,-81.1819995,593.3158765000001,24.5071535,-25.725812,345.5285235,44.913557,-38.130508,-3.5385109999999713,-48.818106
15.670600333333333,693.2996196666667,269.8288106666667,-81.3800955,593.586646,24.435549,-25.5912685,346.3400825,45.6972495,-38.008261,-3.8376049999999964,-48.87286700000001
15.571297666666666,693.2973563333334,269.7995733333333,-81.579065,593.8606345000001,24.363311,-25.446775,347.1731085,46.504797499999995,-37.88671,-4.14307100000002,-48.923370999999996
15.469873333333334,693.2952426666667,269.770026,-81.7788105,594.137768,24.290456000000002,-25.292318499999997,348.0277245,47.336125499999994,-37.765887,-4.454876999999954,-48.969513
15.366342000000001,693.2933056666667,269.740171,-81.9792345,594.4179690000001,24.2169995,-25.1279025,348.904038,48.1911345,-37.645823,-4.772986000000003,-49.011195
15.260719333333334,693.2915726666666,269.71001133333334,-82.180238,594.7011595,24.142958500000002,-24.95354,349.802139,49.069700499999996,-37.526542,-5.097352000000001,-49.048327
15.153021666666666,693.2900736666667,269.67955,-82.3817225,594.9872574999999,24.0683495,-24.769264,350.722102,49.9716805,-37.408068,-5.427921999999967,-49.080822999999995
15.043268333333335,693.28884,269.6487896666667,-82.58358750000001,595.2761800000001,23.9931895,-24.5751175,351.6639835,50.896905,-37.290415,-5.764639000000045,-49.108604
14.931479000000001,693.2879043333334,269.61773366666665,-82.78573300000001,595.5678415,23.9174955,-24.3711615,352.627822,51.845183500000005,-37.173601000000005,-6.107436000000007,-49.131597
14.817675333333334,693.2873026666667,269.5863846666667,-82.988058,595.862154,23.841285000000003,-24.157467999999998,353.61363900000003,52.816301,-37.057634,-6.456238000000042,-49.149736000000004
14.701880666666666,693.2870706666666,269.55474566666663,-83.190462,596.1590295000001,23.764576,-23.934126,354.621436,53.810021500000005,-36.942524000000006,-6.810966000000008,-49.162959
14.584119333333334,693.2872470000001,269.5228216666667,-83.3928435,596.4583755,23.6873855,-23.7012385,355.65119849999996,54.8260845,-36.828273,-7.171531000000016,-49.17121300000001
14.464417000000003,693.2878716666668,269.490615,-83.5951025,596.7600995,23.609732,-23.4589225,356.70289149999996,55.8642075,-36.714881000000005,-7.5378410000000144,-49.17445099999999
14.342801666666668,693.2889863333334,269.45812966666665,-83.7971385,597.0641075000001,23.531633499999998,-23.207308,357.7764605,56.924087,-36.602348,-7.909792999999979,-49.17263
14.219300666666667,693.2906336666666,269.42537,-83.99885,597.3703035000001,23.4531085,-22.946541,358.8718335,58.00539499999999,-36.490666,-8.287279000000012,-49.165715999999996
14.093945333333336,693.292859,269.392339,-84.20013850000001,597.6785895,23.374174999999997,-22.67678,359.988918,59.1077835,-36.379825999999994,-8.670184000000006,-49.153681
13.966766666666667,693.295708,269.359042,-84.400904,597.988867,23.2948515,-22.398197500000002,361.12760149999997,60.230881999999994,-36.269819,-9.058386999999982,-49.136502
13.837797333333333,693.2992286666667,269.32548233333335,-84.601048,598.3010360000001,23.215156999999998,-22.110979999999998,362.287753,61.3743005,-36.16063,-9.45176200000003,-49.114165
13.707070666666667,693.3034693333334,269.29166533333336,-84.800473,598.614995,23.1351095,-21.8153265,363.4692205,62.537626,-36.052243,-9.85017300000004,-49.08666
13.574621666666667,693.308482,269.25759466666665,-84.9990815,598.9306425,23.054727999999997,-21.511449,364.6718335,63.7204265,-35.944638,-10.25347899999997,-49.053982999999995
13.440488000000002,693.3143166666667,269.22327533333333,-85.196778,599.247875,22.974031,-21.199572500000002,365.89540050000005,64.92225049999999,-35.837795,-10.66153700000001,-49.016138999999995
13.304705333333333,693.3210273333333,269.18871266666673,-85.3934685,599.5665895,22.8930375,-20.879935000000003,367.13971000000004,66.1426255,-35.73169,-11.074191999999982,-48.973137
13.167312666666666,693.328668,269.15391100000005,-85.5890595,599.8866800000001,22.811766499999997,-20.5527845,368.40453149999996,67.381063,-35.626299,-11.491288999999995,-48.924991999999996
13.028349999999998,693.3372946666667,269.11887566666667,-85.7834585,600.2080425,22.7302365,-20.218383499999998,369.68961349999995,68.63705300000001,-35.521595,-11.912663000000009,-48.871728000000004
12.887857333333335,693.346963,269.08361199999996,-85.976576,600.5305715,22.648466,-19.877003,370.994687,69.9100705,-35.41755,-12.338146000000052,-48.813371
12.745876333333333,693.3577316666666,269.04812599999997,-86.1683235,600.85416,22.566475,-19.528927,372.3194605,71.199572,-35.314134,-12.76756499999999,-48.749954
12.602449333333333,693.3696586666666,269.01242233333335,-86.35861249999999,601.1787019999999,22.484281,-19.174448,373.663624,72.504999,-35.211316000000004,-13.200742000000048,-48.681518000000004
12.45762,693.382803,268.9765073333333,-86.547359,601.504092,22.401904,-18.813871,375.0268505,73.82577549999999,-35.109064000000004,-13.637493000000006,-48.608109
12.311432000000002,693.3972263333334,268.9403873333333,-86.734479,601.830222,22.319362,-18.447508,376.4087905,75.16131250000001,-35.007344,-14.077630999999997,-48.529777
12.16393,693.4129893333334,268.90406733333333,-86.919892,602.156986,22.2366745,-18.075682,377.8090775,76.51100500000001,-34.906124000000005,-14.520967000000041,-48.446578
12.01516,693.430154,268.86755466666665,-87.103518,602.484278,22.1538605,-17.698723,379.227326,77.874236,-34.805368,-14.967302000000018,-48.358574
11.865168333333331,693.4487829999999,268.830855,-87.285281,602.8119905,22.070938,-17.3169705,380.663133,79.250376,-34.705041,-15.416438000000028,-48.265831999999996
11.714001666666668,693.4689396666668,268.793976,-87.46510549999999,603.1400189999999,21.987927,-16.930771,382.116076,80.638782,-34.605108,-15.86817400000001,-48.168422
11.561707333333333,693.4906873333333,268.756924,-87.64291850000001,603.468257,21.904845,-16.5404775,383.585716,82.0388015,-34.505533,-16.322302000000036,-48.066424999999995
11.408333999999998,693.5140913333333,268.71970566666664,-87.8186505,603.7965995,21.8217115,-16.146449999999998,385.07159750000005,83.4497715,-34.40628,-16.778616999999997,-47.959919000000006
11.253929333333334,693.5392156666667,268.68232933333337,-87.992234,604.1249425,21.738545,-15.749054,386.5732465,84.87102,-34.307311999999996,-17.236905000000036,-47.84899200000001
11.098542333333334,693.5661253333334,268.64480166666664,-88.163603,604.4531815,21.6553645,-15.348659999999999,388.0901745,86.301866,-34.208594,-17.696953000000008,-47.733736
10.942223,693.594885,268.6071303333334,-88.3326955,604.781214,21.5721885,-14.9456445,389.6218755,87.74162100000001,-34.110091,-18.158547,-47.614244
10.785020333333334,693.625561,268.56932366666666,-88.499451,605.1089365,21.4890355,-14.540386,391.16782950000004,89.18959100000001,-34.011766,-18.62146899999999,-47.490616
10.626984333333333,693.6582183333334,268.53138966666666,-88.6638125,605.436249,21.405924000000002,-14.133268,392.727502,90.6450755,-33.913585999999995,-19.085500000000025,-47.362955
10.468164666666665,693.6929230000001,268.49333733333333,-88.82572400000001,605.7630495000001,21.322874000000002,-13.7246765,394.3003435,92.10737,-33.815515,-19.55042100000003,-47.231368
10.308612333333333,693.729739,268.45517466666666,-88.9851335,606.0892395000001,21.239902500000003,-13.3149985,395.8857905,93.5757645,-33.717521,-20.016010999999992,-47.095967
10.148376666666667,693.7687333333333,268.41691066666664,-89.14199199999999,606.4147204999999,21.1570295,-12.9046245,397.4832675,95.0495485,-33.619569,-20.482049000000018,-46.95686499999999
9.987508666666665,693.8099699999999,268.378555,-89.29625200000001,606.7393945,21.074272500000003,-12.4939435,399.09218699999997,96.528008,-33.521629,-20.948312000000044,-46.814178
9.826058666666666,693.8535136666666,268.34011633333336,-89.4478695,607.0631655,20.991650500000002,-12.083347,400.7119475,98.01043,-33.423668,-21.414581,-46.66802799999999
9.664077333333333,693.8994286666666,268.301605,-89.5968035,607.3859385000001,20.9091825,-11.6732235,402.3419405,99.496099,-33.325655,-21.88063299999999,-46.51853800000001
9.501613666666666,693.9477790000001,268.263031,-89.74301399999999,607.7076195,20.826887000000003,-11.263964000000001,403.98154350000004,100.984302,-33.227562,-22.346249,-46.36583400000001
9.338718666666667,693.9986276666665,268.22440466666666,-89.88646499999999,608.0281165,20.744782500000003,-10.855954,405.63012649999996,102.47432850000001,-33.12936,-22.81120900000002,-46.210043
9.175441666666666,694.0520379999999,268.18573633333335,-90.02712299999999,608.347338,20.662888000000002,-10.449577999999999,407.28704949999997,103.96547000000001,-33.031022,-23.275292999999976,-46.051295999999994
9.011832666666665,694.1080706666667,268.1470366666667,-90.16495699999999,608.6651945,20.581221,-10.045218499999999,408.9516665,105.4570225,-32.932522999999996,-23.738287000000014,-45.889725
8.847941,694.1667876666667,268.108317,-90.299939,608.981597,20.499802499999998,-9.643253,410.623322,106.948286,-32.833836,-24.199972000000002,-45.72546399999999
8.683815000000001,694.2282483333333,268.069589,-90.432043,609.296459,20.418649499999997,-9.2440545,412.301355,108.4385675,-32.734939,-24.660139999999956,-45.558649
8.519503666666667,694.2925133333333,268.030864,-90.5612455,609.609695,20.337782,-8.8479925,413.985099,109.92717950000001,-32.635809,-25.118575999999962,-45.38941700000001
8.355055333333334,694.3596396666667,267.9921543333333,-90.6875255,609.92122,20.2572185,-8.455428000000001,415.673883,111.4134435,-32.536426,-25.575073999999972,-45.21790499999999
8.190517333333332,694.4296843333333,267.95347266666664,-90.810865,610.2309515,20.176978,-8.066719500000001,417.3670305,112.896687,-32.436769,-26.02942900000005,-45.044253999999995
8.025936666666666,694.5027033333332,267.91483066666666,-90.9312475,610.538808,20.09708,-7.6822159999999995,419.06386399999997,114.37625,-32.336822,-26.48143799999997,-44.8686
7.86136,694.5787516666666,267.87624266666666,-91.0486595,610.8447095,20.0175435,-7.302259,420.76370199999997,115.85148050000001,-32.236566,-26.930905999999993,-44.691086999999996
7.696833333333333,694.6578813333334,267.8377213333333,-91.1630895,611.1485775,19.938387499999997,-6.927183500000001,422.465862,117.3217385,-32.135987,-27.377634,-44.511853
7.532401666666668,694.7401456666666,267.79928,-91.2745285,611.4503345,19.8596325,-6.5573135,424.16966149999996,118.7863955,-32.035071,-27.821435000000008,-44.331036999999995
7.368109666666666,694.825593,267.76093266666663,-91.382969,611.7499045,19.781298,-6.192967500000001,425.874417,120.244837,-31.933805,-28.26211999999998,-44.148780000000016
7.204001666666667,694.9142736666666,267.722694,-91.488406,612.047213,19.703402999999998,-5.83445,427.5794475,121.6964595,-31.83218,-28.699508999999978,-43.965221
7.040120666666667,695.0062333333334,267.68457766666666,-91.59083650000001,612.3421865,19.6259685,-5.482057999999999,429.2840735,123.1406755,-31.730184,-29.133425000000045,-43.780497
6.876508333333334,695.1015173333334,267.64659966666665,-91.69025950000001,612.6347535,19.549014,-5.136076999999999,430.987617,124.5769135,-31.627809999999997,-29.563694000000055,-43.59474700000001
6.713206333333332,695.2001696666666,267.6087743333333,-91.7866745,612.9248425000001,19.472561,-4.796780500000001,432.68940499999997,126.0046145,-31.525053,-29.99015000000003,-43.40810499999999
6.5502563333333335,695.3022313333335,267.57111733333335,-91.88008500000001,613.2123845,19.396628999999997,-4.464431,434.38877,127.4232385,-31.421906,-30.412631999999974,-43.220707000000004
6.387697666666667,695.4077406666665,267.53364433333337,-91.970494,613.4973105,19.321239499999997,-4.139279500000001,436.08504700000003,128.83226200000001,-31.318367000000002,-30.830982000000006,-43.03268399999999
6.2255683333333325,695.5167366666666,267.4963716666667,-92.057908,613.7795530000001,19.246413999999998,-3.8215615000000005,437.7775795,130.2311785,-31.214433,-31.245052999999984,-42.84416900000001
6.0639073333333355,695.629254,267.45931466666667,-92.1423335,614.0590460000001,19.1721735,-3.5115030000000003,439.46571600000004,131.61949950000002,-31.110104,-31.654697999999996,-42.65528900000001
5.902751666666667,695.7453253333333,267.4224916666667,-92.22377850000001,614.3357235,19.09854,-3.2093135000000004,441.148815,132.9967565,-31.005381,-32.059777999999994,-42.466168999999994
5.742136333333332,695.864982,267.38591733333334,-92.302254,614.609522,19.025536,-2.9151914999999997,442.826242,134.362499,-30.900267,-32.46016400000002,-42.27693400000001
5.582097999999999,695.988253,267.3496103333334,-92.377769,614.8803775,18.953183499999998,-2.6293184999999992,444.4973725,135.7162975,-30.794764999999998,-32.855727,-42.08770300000002
5.422669333333334,696.1151636666667,267.3135876666667,-92.4503375,615.1482275000001,18.8815055,-2.351864000000001,446.1615905,137.057741,-30.68888,-33.246351000000004,-41.89859399999999
5.263884,696.2457383333334,267.277867,-92.51997200000001,615.4130095,18.810525,-2.082981,447.81829300000004,138.38644,-30.582622,-33.631921999999975,-41.70971999999999
5.105774333333333,696.379998,267.242465,-92.5866865,615.674663,18.740266,-1.8228084999999998,449.4668875,139.702027,-30.475994999999998,-34.01233500000001,-41.52119200000001
4.948370333333333,696.5179616666666,267.207401,-92.650496,615.933127,18.670752,-1.5714689999999996,451.10679300000004,141.004154,-30.369009999999996,-34.387490000000014,-41.33311800000001
4.791703000000001,696.6596453333333,267.1726933333333,-92.711416,616.188341,18.602007999999998,-1.329072,452.737442,142.292496,-30.26168,-34.75729799999999,-41.14559800000001
4.6358006666666665,696.8050626666667,267.1383593333333,-92.7694635,616.4402465000001,18.534059,-1.0957085000000006,454.3582805,143.56674900000002,-30.154015,-35.12167099999999,-40.95873400000001
4.480690666666667,696.9542246666666,267.10441799999995,-92.82465450000001,616.6887835,18.4669295,-0.8714559999999993,455.96876799999995,144.8266305,-30.046030000000002,-35.48053399999998,-40.77261700000001
4.3264000000000005,697.1071386666666,267.070888,-92.877008,616.9338945,18.400646,-0.6563749999999997,457.56838000000005,146.071883,-29.937739999999998,-35.83381600000001,-40.587338
4.172954666666667,697.2638113333334,267.0377883333333,-92.92654049999999,617.1755195000001,18.3352345,-0.4505094999999999,459.15660549999996,147.3022675,-29.829161,-36.181452999999976,-40.402983000000006
4.020378666666667,697.4242440000002,267.0051373333334,-92.97327200000001,617.4136025,18.270722,-0.25388949999999966,460.73294999999996,148.5175705,-29.720309,-36.523390000000006,-40.21963299999999
3.868695666666667,697.5884376666667,266.972955,-93.01722050000001,617.6480845,18.2071365,-0.06652699999999978,462.29693599999996,149.7176005,-29.611206000000003,-36.859578,-40.037361000000004
3.7179276666666667,697.7563876666667,266.94125966666667,-93.05840549999999,617.878908,18.144504,0.11158099999999926,463.848101,150.902187,-29.50187,-37.189976,-39.856240000000014
3.568096,697.9280886666667,266.910071,-93.096845,618.106016,18.082854,0.28045350000000013,465.3860015,152.0711835,-29.392323,-37.51454899999999,-39.676334999999995
3.419221333333333,698.1035313333333,266.8794076666667,-93.13256000000001,618.329351,18.0222155,0.44012600000000024,466.91021,153.224466,-29.282586000000002,-37.83326999999997,-39.497705999999994
3.271322,698.2827040000001,266.84928933333333,-93.1655695,618.548855,17.9626175,0.590649,468.420318,154.361932,-29.172683999999997,-38.146119999999996,-39.320407999999986
3.1244166666666655,698.4655906666667,266.81973466666665,-93.19589199999999,618.7644715,17.90409,0.7320900000000004,469.915934,155.483502,-29.062640000000002,-38.453085999999985,-39.144491999999985
2.978522333333333,698.652174,266.79076366666663,-93.2235475,618.9761424999999,17.846664,0.8645304999999999,471.3966865,156.58911799999998,-28.952478999999997,-38.754163000000005,-38.97
2.8336536666666663,698.8424326666667,266.76239400000003,-93.24855550000001,619.1838115,17.7903695,0.9880674999999997,472.862222,157.6787445,-28.842229,-39.049352,-38.796970999999985
2.689826999999999,699.0363419999999,266.73464633333333,-93.27093450000001,619.387419,17.7352385,1.1028150000000005,474.3122055,158.752366,-28.731916,-39.33865900000001,-38.62544
2.5470556666666675,699.2338753333333,266.70753833333333,-93.29070399999999,619.586909,17.6813035,1.2088990000000006,475.7463225,159.8099905,-28.621568,-39.62210299999998,-38.455430999999976
2.405352333333334,699.435002,266.6810893333333,-93.30788299999999,619.7822235,17.6285965,1.3064619999999998,477.1642765,160.851645,-28.511214,-39.89970299999999,-38.28697
2.264729,699.6396876666666,266.65531766666663,-93.3224895,619.9733034999999,17.577150999999997,1.3956605,478.56579150000005,161.877378,-28.400883,-40.17148700000001,-38.12007199999999
2.1251963333333337,699.847897,266.630242,-93.334542,620.1600920000001,17.5269995,1.4766645,479.95061050000004,162.8872575,-28.290607,-40.437490999999966,-37.954747
1.9867639999999998,700.0595893333333,266.60587933333335,-93.344059,620.3425305000001,17.478177,1.5496574999999995,481.31849550000004,163.881372,-28.180413,-40.69775699999997,-37.79100199999999
1.8494416666666667,700.2747220000001,266.5822493333333,-93.351057,620.5205595,17.4307175,1.6148375000000001,482.6692305,164.8598285,-28.070335,-40.95232900000002,-37.628837000000004
1.7132366666666663,700.4932486666667,266.55936866666667,-93.355555,620.694122,17.384656,1.6724135000000002,484.002616,165.82275249999998,-27.960403,-41.20126399999998,-37.468244999999996
1.5781559999999997,700.7151213333333,266.537254,-93.3575685,620.8631585,17.340027000000003,1.7226079999999993,485.3184735,166.7702885,-27.850652,-41.444616999999994,-37.30921699999999
1.4442060000000003,700.9402866666666,266.5159233333333,-93.357116,621.02761,17.296867000000002,1.7656545000000001,486.616645,167.70259650000003,-27.741111,-41.68245400000001,-37.151737
1.3113920000000008,701.16869,266.49539333333337,-93.3542125,621.1874185,17.2552115,1.8017985000000003,487.89699,168.619857,-27.631813,-41.91484600000001,-36.995784000000015
1.179718333333333,701.4002726666668,266.47567933333335,-93.3488755,621.342524,17.215096,1.8312980000000003,489.15938700000004,169.522263,-27.522792,-42.14186599999999,-36.841331999999994
1.0491883333333332,701.6349736666666,266.45679766666666,-93.3411195,621.4928689999999,17.1765575,1.8544170000000006,490.40373550000004,170.4100245,-27.41408,-42.363594999999975,-36.68835100000001
0.9198053333333339,701.872729,266.43876366666666,-93.3309615,621.638395,17.139633,1.8714339999999998,491.62995250000006,171.283368,-27.305709999999998,-42.58011700000003,-36.53680600000001
0.7915710000000002,702.113471,266.4215913333333,-93.318416,621.779042,17.1043575,1.8826345,492.8379725,172.14253150000002,-27.197715,-42.79152300000004,-36.38665499999999
0.6644859999999996,702.357129,266.4052953333333,-93.303498,621.9147535,17.0707685,1.8883130000000001,494.0277495,172.98776800000002,-27.090128,-42.997905,-36.23785799999999
0.5385516666666668,702.6036306666666,266.38988966666665,-93.286224,622.04547,17.038904000000002,1.8887720000000003,495.199255,173.819343,-26.982979999999998,-43.19936200000001,-36.090362
0.4137666666666666,702.8528993333334,266.3753873333333,-93.266607,622.1711359999999,17.0087985,1.884322,496.35247849999996,174.6375335,-26.876303999999998,-43.39599500000003,-35.944119
0.2901313333333331,703.1048563333334,266.3618006666666,-93.244663,622.2916925,16.98049,1.8752794999999995,497.4874255,175.44262750000001,-26.770131,-43.587909000000025,-35.799071
0.167643,703.3594203333333,266.3491413333333,-93.220406,622.407085,16.954015,1.8619684999999997,498.6041195,176.23492349999998,-26.664493,-43.775210999999956,-35.655159
0.046299666666666774,703.6165066666667,266.3374206666667,-93.1938505,622.517257,16.9294085,1.8447174999999998,499.70259899999996,177.01473049999998,-26.559421,-43.958015999999986,-35.51231900000002
-0.07390200000000036,703.8760283333335,266.3266493333333,-93.16501149999999,622.6221535,16.9067075,1.823861,500.7829205,177.78236349999997,-26.454943999999998,-44.136435000000006,-35.370487
-0.19296533333333285,704.1378960000001,266.31683633333336,-93.13390299999999,622.7217215000001,16.885946999999998,1.7997359999999993,501.84515250000004,178.53814699999998,-26.351094,-44.310587,-35.22959399999999
-0.3108946666666667,704.4020166666668,266.30799133333335,-93.1005405,622.8159075000001,16.867161499999998,1.772685,502.889382,179.2824125,-26.247895999999997,-44.48059000000001,-35.08956699999999
-0.42769466666666583,704.6682973333333,266.300122,-93.064938,622.9046605000001,16.8503865,1.7430525000000001,503.91570950000005,180.015497,-26.145381,-44.64656700000006,-34.950334
-0.5433709999999997,704.9366386666667,266.293236,-93.027112,622.9879295000001,16.835655,1.7111855,504.9242475,180.737742,-26.043577,-44.80863900000003,-34.81182000000001
-0.6579289999999998,705.2069426666667,266.28733900000003,-92.9870765,623.0656675,16.823,1.6774335000000002,505.915124,181.4494935,-25.942507,-44.966931999999986,-34.673945
-0.7713753333333334,705.479107,266.28243733333335,-92.944848,623.137826,16.812454499999998,1.642144,506.88847899999996,182.1511015,-25.842198,-45.12156999999996,-34.536632999999995
-0.8837169999999995,705.7530276666666,266.27853533333337,-92.900443,623.2043610000001,16.8040485,1.6056684999999993,507.844465,182.8429175,-25.742675,-45.27268200000003,-34.399801000000025
-0.994960666666667,706.0285990000001,266.27563733333335,-92.853877,623.265228,16.797812999999998,1.5683555,508.78324549999996,183.5252945,-25.643960999999997,-45.420394999999985,-34.26336900000001
-1.1051153333333341,706.305712,266.2737446666667,-92.8051685,623.3203875,16.793778000000003,1.5305535,509.70499700000005,184.198588,-25.546079,-45.56483600000007,-34.12725399999999
-1.2141879999999996,706.584258,266.27286,-92.7543335,623.3697995,16.791970000000003,1.4926089999999999,510.6099045,184.8631495,-25.449048,-45.70613300000002,-33.991375000000005
-1.3221879999999995,706.8641236666666,266.272984,-92.7013925,623.4134285,16.7924165,1.454866,511.49816350000003,185.51933400000001,-25.352888,-45.844415000000026,-33.855648
-1.4291236666666665,707.1451959999999,266.27411666666666,-92.6463635,623.451241,16.7951425,1.4176649999999995,512.369979,186.16749049999999,-25.25762,-45.979809999999986,-33.71999100000002
-1.5350056666666667,707.4273586666668,266.2762563333333,-92.58926650000001,623.483205,16.800173,1.3813430000000002,513.225565,186.8079665,-25.16326,-46.11244399999998,-33.58432099999999
-1.6398423333333334,707.7104963333333,266.2794006666667,-92.530122,623.509294,16.8075285,1.3462335000000003,514.065143,187.4411075,-25.069823,-46.24244600000003,-33.44855700000002
-1.7436443333333334,707.9944893333333,266.283546,-92.4689525,623.529482,16.817230000000002,1.3126640000000007,514.8889425,188.067253,-24.977325999999998,-46.369936999999936,-33.312617999999986
-1.846422333333333,708.2792183333332,266.2886886666667,-92.40578,623.543749,16.8292975,1.280957,515.6971995,188.6867365,-24.885782,-46.49504699999994,-33.176423
-1.9481873333333326,708.5645613333335,266.294822,-92.340629,623.5520765,16.843746,1.2514279999999998,516.4901570000001,189.299887,-24.795204,-46.617894000000035,-33.039896
-2.0489493333333333,708.8503976666667,266.30193966666667,-92.27352400000001,623.5544495,16.860591,1.2243865000000005,517.2680615,189.907026,-24.705601,-46.738601000000074,-32.90296000000001
-2.1487199999999995,709.1366029999999,266.3100343333333,-92.20449049999999,623.5508595,16.8798455,1.2001350000000004,518.031167,190.508467,-24.616984000000002,-46.857287999999926,-32.76553999999999
-2.247511333333333,709.4230536666668,266.319096,-92.1335565,623.5412985,16.9015205,1.1789675000000006,518.779731,191.1045165,-24.529363,-46.97406999999998,-32.62756299999998
-2.3453346666666666,709.7096243333334,266.32911433333334,-92.06075000000001,623.5257655,16.9256235,1.1611685000000005,519.514015,191.6954705,-24.442743,-47.089061999999956,-32.488957
-2.442202333333334,709.99619,266.34007866666667,-91.98610049999999,623.504261,16.952160000000003,1.1470160000000007,520.2342825,192.28161649999998,-24.357132,-47.20237900000001,-32.349659
-2.538126666666667,710.2826230000001,266.35197666666664,-91.90964,623.4767935,16.981134500000003,1.1367775,520.9408015,192.86323099999998,-24.272533000000003,-47.31412699999993,-32.20960199999999
-2.6331199999999995,710.5687986666667,266.364794,-91.8314005,623.4433730000001,17.0125475,1.1307099999999997,521.633841,193.44058,-24.18895,-47.42441600000001,-32.06872200000001
-2.727195333333333,710.8545886666667,266.3785153333333,-91.751416,623.4040165,17.0463975,1.129061,522.3136714999999,194.013919,-24.106386,-47.53334699999999,-31.926963999999998
-2.820365333333333,711.139866,266.3931263333333,-91.6697225,623.358744,17.0826795,1.1320664999999996,522.980565,194.58348949999998,-24.024841000000002,-47.641021999999964,-31.784271000000018
-2.9126433333333335,711.424504,266.408608,-91.5863565,623.307582,17.121387000000002,1.1399534999999998,523.6347935,195.149522,-23.944316999999998,-47.74753899999996,-31.640590000000003
-3.0040426666666673,711.7083753333333,266.4249426666667,-91.50135650000001,623.2505615,17.162509500000002,1.1529350000000003,524.2766295,195.7122335,-23.864812,-47.852990999999975,-31.495877000000007
-3.094576333333333,711.9913523333333,266.44211033333335,-91.414763,623.187719,17.206034000000002,1.1712129999999998,524.9063435,196.2718285,-23.786324,-47.957469,-31.35008499999998
-3.184258666666666,712.2733096666667,266.4600913333333,-91.326618,623.119096,17.251945000000003,1.1949779999999999,525.5242075,196.828496,-23.708849999999998,-48.06105900000006,-31.20317399999999
-3.2731026666666665,712.5541203333333,266.47886266666666,-91.2369635,623.0447405,17.300223000000003,1.2244080000000004,526.130488,197.3824125,-23.632386,-48.16384399999998,-31.055110999999982
-3.3611229999999996,712.833659,266.498402,-91.14584550000001,622.9647045,17.350846,1.2596675,526.725453,197.933739,-23.556928999999997,-48.26590399999992,-30.905862000000013
-3.4483340000000005,713.111801,266.518685,-91.05331050000001,622.8790465,17.403789,1.3009085000000002,527.3093670000001,198.482623,-23.482471,-48.367313999999965,-30.75539999999998
-3.5347486666666668,713.3884223333333,266.53968633333335,-90.9594065,622.7878310000001,17.4590235,1.3482699999999994,527.8824905,199.02919500000002,-23.409008,-48.46814500000005,-30.603704000000022
-3.620382666666666,713.6633996666666,266.56138000000004,-90.8641835,622.6911285000001,17.5165185,1.4018785000000005,528.445082,199.5735725,-23.336531,-48.56846400000006,-30.450754999999987
-3.7052499999999995,713.936611,266.5837383333333,-90.76769200000001,622.5890135,17.576237499999998,1.4618450000000003,528.997395,200.115856,-23.265034,-48.66833399999996,-30.296537999999998
-3.789365333333333,714.2079366666667,266.60673333333335,-90.669986,622.481568,17.6381445,1.5282684999999994,529.5396805,200.656132,-23.194509,-48.76781299999999,-30.141047999999984
-3.8727436666666666,714.477256,266.63033466666667,-90.57111900000001,622.36888,17.7021975,1.6012335000000002,530.0721825,201.1944695,-23.124947,-48.86695700000001,-29.98427700000002
-3.9553993333333324,714.7444523333334,266.654513,-90.4711485,622.2510420000001,17.768351,1.6808115,530.595144,201.73092350000002,-23.056339,-48.96581599999996,-29.826228999999984
-4.037348000000001,715.0094093333333,266.67923533333334,-90.3701305,622.1281535,17.836558,1.7670599999999999,531.1087985,202.265533,-22.988675999999998,-49.06443500000006,-29.666908000000006
-4.118604333333333,715.2720123333334,266.704471,-90.2681255,622.000319,17.906767000000002,1.8600209999999997,531.613378,202.7983215,-22.921948,-49.16285799999997,-29.506324999999975
-4.199183666666666,715.532149,266.730186,-90.1651935,621.8676495,17.9789235,1.9597249999999997,532.1091055,203.329296,-22.856146000000003,-49.26112100000006,-29.344493999999997
-4.279101666666667,715.7897086666667,266.7563456666667,-90.0613955,621.7302605,18.0529705,2.0661880000000004,532.5962,203.8584495,-22.791258,-49.35925800000007,-29.181434999999993
-4.358373333333333,716.0445833333333,266.78291566666667,-89.9567965,621.588276,18.128846499999998,2.1794114999999996,533.0748735,204.3857595,-22.727277,-49.457299000000035,-29.01717500000001
-4.437014666666666,716.296667,266.8098596666667,-89.8514605,621.441822,18.206488,2.299384,533.5453325,204.911188,-22.664192,-49.55526699999996,-28.851740000000007
-4.515041000000001,716.545855,266.83714100000003,-89.7454525,621.2910315,18.285827,2.4260805000000003,534.007776,205.434682,-22.601990999999998,-49.65318600000006,-28.68516600000001
-4.592467999999999,716.7920469999999,266.86472299999997,-89.6388405,621.1360445,18.366795,2.5594615000000003,534.4623955,205.9561745,-22.540667,-49.75106900000003,-28.517491000000007
-4.669311333333333,717.0351436666666,266.89256633333326,-89.53169249999999,620.9770040000001,18.449316999999997,2.6994765000000003,534.9093780000001,206.47558400000003,-22.480209000000002,-49.84893199999999,-28.348758000000004
-4.745587333333334,717.2750493333333,266.92063299999995,-89.42407750000001,620.814059,18.533318,2.8460589999999995,535.3488995,206.9928165,-22.420608,-49.946782999999925,-28.179014999999993
-4.821312,717.5116703333333,266.9488843333333,-89.3160665,620.6473635,18.618719000000002,2.9991325,535.7811325,207.5077625,-22.361855,-50.04462699999999,-28.00831100000002
-4.896501,717.7449163333334,266.97727933333334,-89.2077295,620.477076,18.7054385,3.1586065000000003,536.206241,208.0202995,-22.303941000000002,-50.142465999999956,-27.836704999999995
-4.971170333333333,717.9747003333333,267.0057776666667,-89.0991385,620.303361,18.7933915,3.3243785,536.6243804999999,208.53029400000003,-22.246859,-50.240294999999946,-27.664254
-5.045337,718.2009373333334,267.0343393333333,-88.99036749999999,620.1263855,18.882490999999998,3.496333,537.0356995,209.0375995,-22.1906,-50.33811099999997,-27.49102499999998
-5.119017,718.4235463333334,267.062922,-88.88148799999999,619.946322,18.972648500000002,3.6743440000000005,537.44034,209.5420575,-22.135156000000002,-50.43590399999994,-27.317083000000025
-5.192226,718.6424496666667,267.0914843333333,-88.7725755,619.763348,19.063771499999998,3.858274,537.8384345,210.0434985,-22.080522000000002,-50.53366100000005,-27.142498999999987
-5.264981333333334,718.8575726666668,267.1199843333333,-88.663703,619.577642,19.155766,4.047973,538.2301115,210.541743,-22.026691999999997,-50.63136499999996,-26.967348000000015
-5.337298666666666,719.0688436666666,267.1483793333333,-88.5549465,619.3893885,19.2485365,4.243282000000001,538.615487,211.03660050000002,-21.97366,-50.72899800000005,-26.791708999999997
-5.409195333333333,719.2761953333334,267.17662766666666,-88.44638,619.1987750000001,19.341984,4.4440305,538.9946735000001,211.527872,-21.921421,-50.82653700000003,-26.615661999999986
-5.480687,719.4795629999999,267.2046853333333,-88.338079,619.0059925,19.43601,4.650038,539.3677745,212.01534900000001,-21.869972,-50.92395699999997,-26.43929
-5.551791333333334,719.6788863333335,267.2325113333334,-88.2301195,618.8112325,19.530511500000003,4.8611155,539.7348870000001,212.4988155,-21.819307,-51.021229999999946,-26.262680999999986
-5.622523666666667,719.8741086666668,267.260061,-88.122576,618.6146925,19.625386,5.0770634999999995,540.0960984999999,212.9780485,-21.769427,-51.11832700000002,-26.08592299999998
-5.692901666666667,720.0651753333333,267.28729300000003,-88.0155235,618.4165694999999,19.7205295,5.297675,540.4514925,213.45281599999998,-21.720328,-51.21521299999995,-25.909107999999975
-5.762941333333334,720.2520376666666,267.3141633333333,-87.90903750000001,618.2170639999999,19.815835500000002,5.522734,540.8011425,213.9228835,-21.67201,-51.31185500000004,-25.73232900000002
-5.832660000000001,720.43465,267.3406303333333,-87.8031925,618.016378,19.9111975,5.752015999999999,541.1451175,214.38800750000001,-21.624472,-51.40821500000004,-25.555683000000016
-5.902073333333333,720.6129696666667,267.36665066666666,-87.698063,617.8147145,20.0065085,5.985291,541.483478,214.847942,-21.577716000000002,-51.50425199999995,-25.379264000000006
-5.9711989999999995,720.7869583333332,267.392183,-87.5937215,617.6122780000001,20.10166,6.222321000000001,541.816279,215.302437,-21.531742,-51.59992800000009,-25.203171999999995
-6.040053,720.9565826666667,267.4171853333333,-87.49024250000001,617.409274,20.1965425,6.462860999999999,542.1435675,215.751238,-21.486551999999996,-51.695199,-25.02750800000001
-6.108652666666667,721.1218113333333,267.441615,-87.387697,617.2059079999999,20.291048,6.7066615,542.4653860000001,216.19409000000002,-21.442151000000003,-51.79002000000003,-24.85236999999998
-6.177013666666667,721.2826176666667,267.465432,-87.2861575,617.002385,20.385066000000002,6.953467,542.7817709999999,216.630734,-21.398542,-51.88434599999994,-24.677862000000005
-6.245153333333334,721.4389793333334,267.4885953333333,-87.1856945,616.798911,20.478488499999997,7.203016999999999,543.0927515000001,217.060912,-21.355728,-51.97813099999996,-24.504083999999978
-6.313087333333335,721.5908773333334,267.5110643333333,-87.0863775,616.595692,20.571206,7.4550465,543.398352,217.484365,-21.313717,-52.071326,-24.331140000000005
-6.380833333333334,721.7382963333333,267.5327996666667,-86.988274,616.392931,20.6631095,7.709287,543.698592,217.900834,-21.272512,-52.16388399999994,-24.159132
-6.448406666666666,721.8812256666666,267.55376266666667,-86.8914525,616.190831,20.7540925,7.9654665,543.993485,218.310063,-21.232122999999998,-52.255754000000024,-23.988160000000022
-6.515823666666667,722.019658,267.57391533333333,-86.79597799999999,615.989594,20.8440465,8.2233105,544.2830405,218.711796,-21.192557,-52.34688700000004,-23.818328000000008
-6.583101333333333,722.1535903333333,267.59321900000003,-86.701915,615.7894200000001,20.932865500000002,8.4825415,544.5672615000001,219.10577999999998,-21.153821,-52.43723299999999,-23.64973599999999
-6.650254666666665,722.283022,267.611638,-86.609328,615.590506,21.020445,8.742881500000001,544.84615,219.4917675,-21.115925,-52.52674200000001,-23.482484999999997
-6.717300333333334,722.4079580000001,267.6291366666667,-86.5182765,615.393047,21.106682,9.004050000000001,545.1197015,219.869512,-21.078878,-52.61536100000001,-23.31667200000001
-6.784254000000001,722.5284056666666,267.64567933333336,-86.4288215,615.1972355,21.1914735,9.265765,545.3879075,220.2387745,-21.042689999999997,-52.70304299999998,-23.152397000000008
-6.851131333333332,722.6443766666666,267.6612323333333,-86.341021,615.00326,21.2747195,9.5277475,545.6507575,220.59932,-21.007373,-52.78973499999995,-22.989756
-6.917947666666667,722.7558866666667,267.675762,-86.2549305,614.8113069999999,21.3563225,9.7897155,545.908237,220.95092,-20.972935,-52.875389999999925,-22.82884200000001
-6.984718666666666,722.8629540000001,267.68923766666666,-86.17060599999999,614.621558,21.4361855,10.0513885,546.160329,221.29335300000002,-20.939390999999997,-52.959956000000034,-22.669748
-7.051459333333334,722.965601,267.7016283333333,-86.0880985,614.4341905,21.5142155,10.3124885,546.4070135,221.626405,-20.906753000000002,-53.04338700000005,-22.512563999999998
-7.118184333333333,723.063853,267.712904,-86.007459,614.249378,21.59032,10.5727385,546.648269,221.94986799999998,-20.875031,-53.12563399999999,-22.35737800000001
-7.184908333333333,723.1577389999999,267.72303566666665,-85.9287365,614.06729,21.6644115,10.831863,546.8840700000001,222.263546,-20.844240000000003,-53.20664999999997,-22.204273999999998
-7.251646666666666,723.2472926666666,267.7319973333333,-85.851977,613.8880899999999,21.736404,11.08959,547.114392,222.5672495,-20.814392,-53.28638799999999,-22.053337
-7.318412666666667,723.3325483333333,267.7397623333333,-85.777224,613.7119365,21.806214,11.34565,547.339207,222.860799,-20.785502,-53.364806000000044,-21.90464399999999
-7.385221333333335,723.413545,267.7463063333333,-85.7045205,613.538984,21.8737615,11.599778,547.558487,223.1440265,-20.757582,-53.44186000000002,-21.758271000000008
-7.452085333333334,723.4903246666667,267.75160566666665,-85.633906,613.369379,21.938971,11.8517125,547.7722025,223.41677349999998,-20.730647,-53.51750699999991,-21.614293000000004
-7.519019000000001,723.5629326666667,267.755639,-85.565417,613.2032635,22.001769,12.101195500000001,547.980325,223.678891,-20.704711,-53.591707999999926,-21.472778000000005
-7.586035,723.6314156666666,267.7583856666667,-85.49909,613.040774,22.062086,12.3479755,548.1828235,223.9302455,-20.679786999999997,-53.664423000000056,-21.33379099999999
-7.653147,723.6958246666667,267.75982700000003,-85.434956,612.88204,22.1198565,12.591805,548.3796689999999,224.17071049999998,-20.65589,-53.735614000000055,-21.197395
-7.720366666666666,723.7562126666667,267.759945,-85.3730465,612.7271834999999,22.175016999999997,12.832442,548.570831,224.4001755,-20.633034000000002,-53.80524799999989,-21.063648999999998
-7.787706000000001,723.8126356666667,267.75872400000003,-85.313389,612.5763215,22.227511,13.069651499999999,548.756281,224.6185405,-20.611235,-53.87329000000011,-20.932603
-7.855177666666666,723.8651513333334,267.7561493333333,-85.25600850000001,612.4295629999999,22.277283999999998,13.303203499999999,548.9359910000001,224.8257185,-20.590505,-53.93970999999999,-20.804311000000013
-7.922792666666667,723.9138206666667,267.75220833333333,-85.200929,612.2870105,22.324285500000002,13.532876,549.1099340000001,225.021636,-20.570857999999998,-54.004475999999954,-20.67881799999998
-7.990562333333334,723.9587063333333,267.7468896666667,-85.1481705,612.1487589999999,22.368470000000002,13.758452,549.2780845,225.2062325,-20.552310000000002,-54.067563000000064,-20.556162999999998
-8.058497000000001,723.9998730000001,267.74018366666667,-85.09775,612.014897,22.409796,13.9797245,549.440418,225.3794605,-20.534872999999997,-54.12894400000005,-20.436385
-8.126607666666667,724.0373886666666,267.7320816666667,-85.04968500000001,611.8855045,22.448226499999997,14.196489999999999,549.5969124999999,225.541287,-20.518562,-54.188594999999964,-20.319513999999998
-8.194903333333334,724.071321,267.72257799999994,-85.003987,611.760655,22.483728499999998,14.4085575,549.7475475,225.691692,-20.503389,-54.24649700000009,-20.205579999999998
-8.263394333333332,724.1017403333332,267.71166666666664,-84.960667,611.6404144999999,22.516272999999998,14.615739000000001,549.8923045,225.830669,-20.489368,-54.302629000000024,-20.094604000000004
-8.332088666666666,724.1287203333335,267.6993453333333,-84.9197335,611.5248405,22.545837499999998,14.81786,550.031169,225.958226,-20.476512,-54.35697600000003,-19.986605999999995
-8.400996,724.1523343333333,267.6856116666667,-84.8811915,611.4139835,22.572401499999998,15.014749,550.164127,226.074384,-20.464834,-54.409521999999924,-19.881597999999997
-8.470124333333333,724.1726576666666,267.67046600000003,-84.845045,611.3078865,22.595950499999997,15.2062475,550.2911675,226.17918,-20.454345000000004,-54.460256999999956,-19.779589999999985
-8.539480333333335,724.1897660000001,267.6539103333334,-84.8112945,611.206584,22.6164745,15.392203,550.4122844999999,226.272661,-20.445058,-54.50916900000004,-19.680586000000005
-8.609072,724.2037383333333,267.635947,-84.779938,611.110104,22.633968,15.572473,550.527472,226.3548915,-20.436984,-54.556252000000086,-19.584585000000004
-8.678905666666667,724.214653,267.61658133333333,-84.75097199999999,611.018466,22.648429,15.746924,550.6367290000001,226.4259475,-20.430135999999997,-54.601498000000106,-19.49158299999999
-8.748987333333334,724.2225893333334,267.59582,-84.7243905,610.9316815,22.659861499999998,15.9154315,550.7400585,226.485919,-20.424523,-54.64490699999999,-19.401569999999992
-8.819323333333333,724.2276286666666,267.573671,-84.700185,610.8497565,22.668273499999998,16.077879499999998,550.8374645,226.534909,-20.420154999999998,-54.68647699999997,-19.31452999999999
-8.889918000000002,724.2298523333333,267.5501433333333,-84.6783435,610.772687,22.6736765,16.2341625,550.928956,226.573035,-20.417043,-54.72620800000004,-19.230446
-8.960777,724.2293413333333,267.52524866666664,-84.65885449999999,610.700463,22.676088,16.3841835,551.0145465,226.600425,-20.415197,-54.764105000000086,-19.149292000000003
-9.031903333333334,724.2261783333333,267.49900033333336,-84.64170150000001,610.633066,22.675528999999997,16.527855000000002,551.0942505,226.617221,-20.414626000000002,-54.80017299999997,-19.071041999999977
-9.103300666666668,724.2204459999999,267.4714123333333,-84.626868,610.570472,22.6720245,16.665099,551.1680885000001,226.623577,-20.415338000000002,-54.83441899999991,-18.99566200000001
-9.174972666666667,724.212227,267.44249966666666,-84.6143345,610.5126495,22.6656045,16.795847000000002,551.236083,226.6196595,-20.417342,-54.866851999999994,-18.92311700000002
-9.246921333333333,724.2016046666666,267.41228033333334,-84.6040785,610.459558,22.656302999999998,16.9200395,551.2982615,226.605647,-20.420645,-54.897486999999956,-18.853365999999994
-9.319148333333333,724.188662,267.38077300000003,-84.596078,610.411153,22.6441565,17.037626,551.354655,226.581727,-20.425254000000002,-54.926334,-18.786361999999997
-9.391655666666667,724.1734813333334,267.3479976666667,-84.5903065,610.367382,22.629208,17.148566,551.4052975,226.5481015,-20.431178,-54.953411000000074,-18.722059
-9.464444,724.1561456666667,267.31397566666664,-84.5867375,610.3281855,22.6115025,17.252827500000002,551.4502275,226.504979,-20.438421,-54.978733000000034,-18.660402000000005
-9.537512999999999,724.1367370000002,267.27873033333327,-84.585341,610.293499,22.591089,17.3503885,551.4894859999999,226.4525825,-20.446989,-55.00231999999994,-18.601335000000006
-9.610863,724.1153366666666,267.2422856666667,-84.586087,610.2632505,22.568022,17.441235,551.5231200000001,226.3911415,-20.45689,-55.02419199999997,-18.544799000000012
-9.684492666666666,724.092027,267.2046666666667,-84.588943,610.2373635,22.542355500000003,17.5253615,551.5511779999999,226.320895,-20.468127,-55.04437199999995,-18.490730000000013
-9.758401000000001,724.066888,267.165901,-84.593875,610.2157555,22.5141515,17.6027725,551.5737125,226.242092,-20.480705,-55.06288299999994,-18.439060000000012
-9.832585666666667,724.04,267.1260163333333,-84.600847,610.198337,22.483470999999998,17.673481,551.5907795,226.154989,-20.494628,-55.0797510000001,-18.389722000000006
-9.907044666666666,724.011441,267.08504066666666,-84.609822,610.1850159999999,22.450381999999998,17.7375075,551.6024395,226.05985099999998,-20.509901,-55.095001000000025,-18.342641999999984
-9.981774,723.9812903333333,267.04300566666666,-84.620761,610.1756929999999,22.4149525,17.7948805,551.608755,225.9569485,-20.526525,-55.10866199999998,-18.297742999999997
-10.056770666666667,723.9496243333333,266.9999413333333,-84.633625,610.1702654999999,22.377254,17.8456385,551.6097924999999,225.846561,-20.544505,-55.120761000000016,-18.254950000000008
-10.132030333333333,723.9165193333333,266.9558803333333,-84.648372,610.168625,22.3373615,17.889825,551.605622,225.728973,-20.563841999999998,-55.13133000000005,-18.21418
-10.207548000000001,723.88205,266.910856,-84.664961,610.17066,22.2953515,17.927494,551.5963145000001,225.60447399999998,-20.584538000000002,-55.140399,-18.17535000000001
-10.283318666666666,723.8462906666667,266.8649023333333,-84.683347,610.1762555,22.2513035,17.958705000000002,551.5819469999999,225.47335950000002,-20.606596,-55.148000000000025,-18.138379000000015
-10.359337,723.8093130000001,266.818054,-84.7034865,610.1852905000001,22.205298499999998,17.983526,551.5625964999999,225.33593000000002,-20.630016,-55.154165000000035,-18.10317599999999
-10.435595333333334,723.7711876666667,266.77034733333335,-84.725334,610.1976435,22.157420000000002,18.0020305,551.5383449999999,225.1924885,-20.654798999999997,-55.158927999999946,-18.06965500000001
-10.512088666666665,723.731985,266.721818,-84.7488425,610.2131870000001,22.1077525,18.0143005,551.5092755000001,225.043343,-20.680945,-55.1623229999999,-18.037725999999992
-10.588808333333333,723.691772,266.67250433333334,-84.773966,610.2317935,22.056383999999998,18.020424000000002,551.475475,224.8888035,-20.708456,-55.16438400000004,-18.00729899999999
-10.665746666666669,723.6506153333333,266.62244300000003,-84.8006555,610.2533295000001,22.0034015,18.0204935,551.4370305,224.72918199999998,-20.737329,-55.16514699999993,-17.978280000000012
-10.742896,723.6085803333332,266.571673,-84.8288625,610.2776635,21.948895,18.0146105,551.394033,224.564794,-20.767564999999998,-55.16464800000006,-17.950576000000012
-10.820247,723.5657296666667,266.5202336666666,-84.858539,610.3046575000001,21.8929545,18.0028795,551.346576,224.39595350000002,-20.799163,-55.162919999999986,-17.924094999999994
-10.897790333333333,723.5221246666666,266.46816366666667,-84.889634,610.3341755,21.835672,17.9854125,551.294753,224.2229775,-20.832121,-55.16000200000008,-17.898741
-10.975516333333333,723.4778246666666,266.41550333333333,-84.922098,610.3660765,21.777140499999998,17.962326,551.2386605,224.0461825,-20.866436,-55.155929000000015,-17.874421000000012
-11.053415333333334,723.4328879999999,266.3622923333333,-84.955881,610.4002215,21.717451,17.933741,551.1783965,223.865884,-20.902108,-55.15073700000005,-17.85103799999999
-11.131476333333334,723.3873703333334,266.30857199999997,-84.99093099999999,610.4364685,21.656698499999997,17.8997835,551.114061,223.68239799999998,-20.939133,-55.144461999999976,-17.82849999999999
-11.209688333333332,723.3413260000001,266.25438233333335,-85.0271975,610.474676,21.5949755,17.8605845,551.0457544999999,223.496037,-20.977509,-55.13714100000004,-17.80671000000001
-11.28804,723.2948069999999,266.199765,-85.0646295,610.5147010000001,21.532377,17.816278,550.9735780000001,223.3071135,-21.017234000000002,-55.128810000000044,-17.785575000000023
-11.36652,723.2478639999999,266.1447606666666,-85.10317599999999,610.556401,21.4689955,17.767003000000003,550.897636,223.115937,-21.058302,-55.119504000000006,-17.76500199999998
-11.445115666666666,723.2005446666667,266.08941066666665,-85.142785,610.599633,21.404925,17.712901,550.8180315,222.92281300000002,-21.10071,-55.10925899999995,-17.74489600000001
-11.523814,723.1528963333334,266.03375566666665,-85.1834055,610.644256,21.340258000000002,17.6541175,550.73487,222.7280455,-21.144453000000002,-55.0981119999999,-17.725167
-11.602603333333333,723.1049630000001,265.9778376666667,-85.224986,610.6901275,21.275087499999998,17.590801,550.6482564999999,222.53193349999998,-21.18953,-55.086095,-17.705723000000006
-11.68147,723.0567873333334,265.921697,-85.267476,610.7371065,21.209505,17.5231025,550.5582975,222.334772,-21.235931,-55.07324300000005,-17.686476
-11.760400333333331,723.0084103333334,265.86537500000003,-85.3108245,610.7850545,21.143602,17.451175499999998,550.465099,222.13685149999998,-21.283652999999997,-55.059592000000066,-17.66733500000001
-11.839380666666665,722.9598696666666,265.80891199999996,-85.3549805,610.833832,21.077468500000002,17.3751755,550.368768,221.9384575,-21.332691,-55.045173999999975,-17.648214999999993
-11.918396999999999,722.9112026666667,265.75234933333337,-85.3998945,610.8833025,21.011192,17.295260499999998,550.269412,221.7398695,-21.383036999999998,-55.03002199999992,-17.629029000000003
-11.997435333333334,722.8624436666665,265.6957263333333,-85.445516,610.9333305,20.9448625,17.21159,550.1671369999999,221.5413625,-21.434686,-55.01416800000004,-17.609695000000016
-12.076480666666667,722.813626,265.639083,-85.4917965,610.983783,20.878565000000002,17.124325,550.062051,221.3432045,-21.48763,-54.99764400000004,-17.590131000000014
-12.155518666666667,722.7647803333333,265.58245900000003,-85.5386865,611.0345285000001,20.812383999999998,17.033627,549.95426,221.14565649999997,-21.541864,-54.98048199999994,-17.570256999999998
-12.234534333333334,722.7159350000001,265.5258933333334,-85.586138,611.0854380000001,20.7464045,16.939659,549.843871,220.94897400000002,-21.597376,-54.962710000000015,-17.549995999999993
-12.313512666666668,722.6671176666665,265.4694246666666,-85.634103,611.1363855,20.6807055,16.842585,549.73099,220.753404,-21.654162,-54.94435999999996,-17.52927200000002
-12.392437666666666,722.6183533333333,265.41309033333334,-85.6825345,611.187247,20.615369,16.7425685,549.6157225,220.5591875,-21.712209,-54.92546099999993,-17.508013000000005
-12.471295,722.5696656666668,265.35692866666665,-85.7313865,611.237901,20.550471499999997,16.639774,549.4981740000001,220.366558,-21.771512,-54.90603799999997,-17.486148000000014
-12.550069,722.521075,265.3009753333333,-85.780612,611.28823,20.486089,16.534365,549.378449,220.17573900000002,-21.832058,-54.886120000000005,-17.463607999999994
-12.628743333333333,722.4726023333333,265.2452676666667,-85.8301675,611.338119,20.422295,16.4265055,549.2566515000001,219.98694899999998,-21.893839,-54.86573499999997,-17.44032999999999
-12.707303000000001,722.4242646666667,265.18984,-85.880008,611.3874555,20.359161500000003,16.3163595,549.1328845,219.8003955,-21.956843,-54.844907000000035,-17.416248999999993
-12.785731333333333,722.376079,265.13472766666666,-85.93009,611.4361315,20.296756000000002,16.204089,549.007249,219.61627950000002,-22.02106,-54.82366200000001,-17.391307000000012
-12.864014,722.3280596666667,265.0799643333333,-85.980372,611.4840425,20.2351475,16.089856,548.8798475,219.434794,-22.086476,-54.80202299999996,-17.36544599999999
-12.942134000000001,722.2802190000001,265.025583,-86.0308105,611.5310855,20.174398999999998,15.97382,548.7507800000001,219.2561205,-22.153080000000003,-54.78001400000005,-17.338610999999986
-13.020076000000001,722.2325690000001,264.9716163333333,-86.081366,611.5771645,20.114572,15.8561415,548.6201444999999,219.08043450000002,-22.220857000000002,-54.75765899999999,-17.310753000000005
-13.097824333333334,722.1851193333333,264.9180953333334,-86.13199900000001,611.6221845,20.055726999999997,15.736977499999998,548.48804,218.90790149999998,-22.289797,-54.73497800000007,-17.281821000000008
-13.175362999999999,722.1378773333332,264.8650506666667,-86.182669,611.6660549999999,19.997919,15.6164835,548.354562,218.738678,-22.359880999999998,-54.711994000000004,-17.25177199999999
-13.252676333333334,722.0908506666666,264.812512,-86.233339,611.7086905,19.941203,15.4948145,548.219807,218.57291149999998,-22.431097,-54.688725999999974,-17.220563
-13.329749,722.0440446666667,264.76050733333335,-86.283972,611.7500084999999,19.885630000000003,15.372122000000001,548.0838675,218.4107405,-22.503428,-54.665193000000045,-17.188154999999995
-13.406564666666666,721.997463,264.7090646666667,-86.334532,611.7899299999999,19.831249,15.2485545,547.9468375,218.252295,-22.576857,-54.64141500000005,-17.15451200000001
-13.483109333333333,721.9511076666666,264.658211,-86.384983,611.8283805,19.7781045,15.124260499999998,547.8088075000001,218.0976945,-22.651367,-54.61741100000006,-17.119601000000017
-13.559366333333335,721.904981,264.60797066666663,-86.435292,611.86529,19.726241,14.9993845,547.669866,217.94705199999999,-22.726941,-54.593197999999916,-17.083391999999975
-13.635321666666664,721.8590829999999,264.5583696666667,-86.4854255,611.9005925,19.6756975,14.874068,547.5301025,217.8004685,-22.803558,-54.56879099999992,-17.045861000000002
-13.710959666666668,721.8134116666666,264.5094306666667,-86.5353515,611.9342265,19.6265115,14.748451,547.389603,217.658037,-22.8812,-54.54421000000002,-17.006981999999994
-13.786266,721.7679656666666,264.4611763333333,-86.585039,611.966133,19.578718,14.622667999999999,547.248452,217.51984399999998,-22.959844,-54.519468000000074,-16.966735999999997
-13.861226333333335,721.7227419999999,264.413628,-86.6344575,611.996258,19.532348,14.4968535,547.1067315,217.3859625,-23.039471,-54.49458100000004,-16.925106999999997
-13.935825,721.677736,264.36680533333333,-86.68357900000001,612.0245534999999,19.48743,14.371136,546.964525,217.2564605,-23.120058,-54.46956399999999,-16.882079000000004
-14.01005,721.6329419999998,264.3207283333333,-86.73237499999999,612.0509725,19.4439905,14.2456425,546.8219105000001,217.131396,-23.201581,-54.444429000000014,-16.83764400000001
-14.083886000000001,721.588355,264.27541433333334,-86.780818,612.0754744999999,19.402052,14.120495499999999,546.6789655,217.0108175,-23.284015,-54.41919299999995,-16.791792999999984
-14.157320333333333,721.5439666666666,264.2308806666667,-86.82888349999999,612.098021,19.3616345,13.995814,546.5357670000001,216.8947675,-23.367336,-54.393866,-16.744523000000015
-14.230339,721.4997703333333,264.1871433333333,-86.87654549999999,612.1185805,19.322756499999997,13.871714999999998,546.3923875,216.7832775,-23.451518,-54.36846300000002,-16.695832999999993
-14.302928666666666,721.4557570000001,264.144216,-86.92378099999999,612.137122,19.285431,13.7483085,546.2489,216.6763725,-23.536533,-54.34299599999997,-16.645723000000004
-14.375078333333333,721.4119180000001,264.1021133333333,-86.97056599999999,612.153622,19.249671,13.6257035,546.105374,216.574068,-23.622352999999997,-54.31747399999995,-16.5942
-14.446774333333332,721.3682433333333,264.060847,-87.0168795,612.1680575,19.215485,13.504003500000001,545.961877,216.4763735,-23.708949,-54.291912000000025,-16.541270999999995
-14.518005333333333,721.324722,264.020428,-87.0627,612.1804119999999,19.182879,13.383309,545.8184759999999,216.38329,-23.79629,-54.266320000000064,-16.486948000000012
-14.588759000000001,721.281344,263.9808673333333,-87.108008,612.1906715,19.151858,13.263715999999999,545.675234,216.29480949999999,-23.884346,-54.24070999999992,-16.43124500000002
-14.659025,721.2380973333333,263.9421736666667,-87.152785,612.1988269999999,19.1224215,13.145316999999999,545.5322135,216.2109185,-23.973084,-54.21509100000003,-16.374178999999998
-14.728791333333334,721.1949706666668,263.904355,-87.197013,612.2048715,19.094569,13.028198999999999,545.389473,216.131596,-24.06247,-54.18947400000002,-16.31576799999999
-14.798048999999999,721.151952,263.867418,-87.240674,612.208803,19.068295499999998,12.912445499999999,545.247071,216.056813,-24.152469,-54.16387000000009,-16.25603799999999
-14.866786666666664,721.109028,263.8313686666667,-87.283753,612.2106220000001,19.043596,12.798137,545.1050620000001,215.986535,-24.243048,-54.13828799999999,-16.19501200000002
-14.934995,721.066187,263.79621133333336,-87.3262345,612.2103334999999,19.020459499999998,12.685348,544.9635000000001,215.92072000000002,-24.334168000000002,-54.11273799999992,-16.132717999999983
-15.002664666666668,721.0234153333334,263.76195,-87.368104,612.2079455,18.998876000000003,12.57415,544.822435,215.859321,-24.425792,-54.08723199999997,-16.069187999999997
-15.069786666666667,720.9807003333334,263.728588,-87.4093495,612.2034685,18.978832,12.4646095,544.6819155000001,215.8022825,-24.517881,-54.061777000000006,-16.004457000000002
-15.136352666666667,720.9380283333334,263.6961253333333,-87.4499565,612.1969185,18.9603105,12.356788499999999,544.541989,215.749546,-24.610395,-54.036384,-15.938558
-15.202355333333335,720.8953863333332,263.66456366666665,-87.489916,612.188311,18.9432945,12.2507465,544.4026985,215.701044,-24.703293,-54.011063000000036,-15.871532000000002
-15.267786000000001,720.8527610000001,263.633902,-87.52921599999999,612.177668,18.9277625,12.146536500000002,544.2640859999999,215.65670649999998,-24.796533,-53.985821999999985,-15.803418999999991
-15.332638333333335,720.8101383333333,263.60414033333336,-87.567847,612.1650125,18.913694,12.044209,544.1261910000001,215.6164565,-24.890072,-53.960672000000045,-15.734262999999999
-15.396904333333334,720.7675053333332,263.5752743333333,-87.6058005,612.1503715,18.901063,11.9438095,543.9890505000001,215.58021300000001,-24.983865,-53.93562099999997,-15.664110000000022
-15.460579666666668,720.7248496666666,263.54730166666667,-87.6430675,612.133774,18.8898445,11.845379999999999,543.8527,215.5478895,-25.077866,-53.91067999999996,-15.593007
-15.523657,720.6821570000001,263.5202186666666,-87.6796415,612.1152515,18.88001,11.748957500000001,543.717171,215.5193945,-25.172031,-53.8858580000001,-15.521005000000002
-15.586131666666668,720.6394153333334,263.49401966666665,-87.715517,612.094838,18.871530500000002,11.6545745,543.5824944999999,215.49463400000002,-25.266310999999998,-53.861164999999914,-15.448158000000006
-15.647999,720.5966109999999,263.4686986666666,-87.7506865,612.07257,18.8643735,11.562262,543.4486985,215.47350699999998,-25.360656,-53.83661099999995,-15.374517999999995
-15.709254,720.5537323333333,263.4442496666666,-87.785147,612.0484879999999,18.858507000000003,11.472044499999999,543.3158075,215.455912,-25.455019,-53.81220499999995,-15.300144000000017
-15.769892333333333,720.5107663333333,263.4206653333333,-87.8188935,612.0226319999999,18.853896000000002,11.3839435,543.1838459999999,215.4417415,-25.549349,-53.78795600000001,-15.225093000000015
-15.829911666666666,720.467701,263.397936,-87.8519225,611.995046,18.850505000000002,11.2979775,543.0528345,215.4308855,-25.643593,-53.763874999999985,-15.14942499999998
-15.889307333333333,720.4245253333333,263.3760536666667,-87.8842325,611.965775,18.8482965,11.214159,542.9227925,215.42323,-25.7377,-53.739972999999964,-15.073204000000004
-15.948078,720.3812279999999,263.3550083333334,-87.9158205,611.9348665,18.847232,11.132499500000002,542.7937360000001,215.418659,-25.831615,-53.71625800000004,-14.996492000000018
-16.006220666666668,720.337797,263.33479033333333,-87.9466865,611.9023695000001,18.847272,11.0530055,542.665679,215.417053,-25.925285,-53.69274200000007,-14.919355999999993
-16.063734,720.2942226666668,263.31538700000004,-87.97682999999999,611.868335,18.848376000000002,10.9756805,542.5386345,215.418291,-26.018655000000003,-53.66943499999991,-14.84186200000002
-16.12061633333333,720.2504946666667,263.29678866666666,-88.0062505,611.832815,18.8505015,10.9005235,542.4126114999999,215.42224850000002,-26.111667,-53.64634699999999,-14.76407900000001
-16.176866666666665,720.2066033333334,263.278981,-88.03494950000001,611.795863,18.8536065,10.8275315,542.2876185,215.4288,-26.204267,-53.62348900000006,-14.686078000000009
-16.232484333333336,720.1625389999999,263.2619526666667,-88.0629295,611.757534,18.8576475,10.756698,542.163662,215.437818,-26.296394,-53.60087199999998,-14.60793000000001
-16.287469333333334,720.1182936666668,263.2456896666667,-88.0901915,611.717885,18.86258,10.688013,542.0407455,215.44917199999998,-26.387992,-53.578505000000064,-14.529708
-16.341821999999997,720.073859,263.23017799999997,-88.1167385,611.6769735,18.8683585,10.6214645,541.91887,215.46273200000002,-26.479001,-53.55640200000005,-14.451484000000022
-16.395542666666667,720.029226,263.21540333333337,-88.142575,611.634857,18.874938500000003,10.557036,541.798037,215.478366,-26.569360000000003,-53.534572000000026,-14.373334
-16.448633,719.9843886666666,263.2013513333333,-88.1677045,611.591596,18.882272999999998,10.494709499999999,541.6782435,215.49594100000002,-26.659011,-53.513026999999965,-14.295335999999992
-16.501092999999997,719.9393399999999,263.18800633333336,-88.1921315,611.5472495,18.890317,10.4344645,541.559486,215.515323,-26.747889,-53.49177800000007,-14.217563999999982
-16.55292533333333,719.894073,263.175353,-88.2158615,611.5018789999999,18.899022,10.3762765,541.441759,215.53637750000001,-26.835935,-53.47083600000008,-14.140096999999997
-16.604131999999996,719.8485833333333,263.16337500000003,-88.238901,611.4555465000001,18.908341500000002,10.320120500000002,541.3250565000001,215.55897099999999,-26.923085,-53.45021299999996,-14.063013999999981
-16.654715,719.802865,263.1520566666667,-88.261255,611.4083135,18.918229500000002,10.265967999999999,541.2093689999999,215.582967,-27.009278,-53.429919999999925,-13.986394000000018
-16.704677333333333,719.7569133333333,263.1413813333333,-88.282931,611.360242,18.928637,10.213788999999998,541.0946855,215.608232,-27.094448,-53.409969000000046,-13.91031799999999
-16.754021666666667,719.7107256666667,263.1313323333333,-88.3039365,611.311395,18.939517000000002,10.163551,540.9809965,215.634631,-27.178534000000003,-53.39037100000007,-13.834866000000005
-16.80275133333333,719.6642969999999,263.12189266666667,-88.3242785,611.2618355,18.950823500000002,10.115219499999998,540.868287,215.66203000000002,-27.261471,-53.37113999999997,-13.760118000000006
-16.85087,719.6176260000001,263.11304566666666,-88.343966,611.211627,18.962507,10.068759,540.7565440000001,215.690296,-27.343193999999997,-53.35228399999994,-13.686156000000011
-16.898381,719.570709,263.10477266666663,-88.36300650000001,611.1608315,18.9745225,10.0241315,540.645752,215.719295,-27.423637,-53.333818000000065,-13.613061999999985
-16.945288666666666,719.5235453333333,263.0970576666667,-88.381411,611.1095130000001,18.986822,9.981297999999999,540.5358934999999,215.748897,-27.502738,-53.31575099999998,-13.540917999999976
-16.991597333333335,719.476134,263.08988266666665,-88.3991865,611.057734,18.9993595,9.9402175,540.4269525,215.77897000000002,-27.580429000000002,-53.298096999999984,-13.469805999999977
-17.037311,719.4284739999999,263.08323033333335,-88.4163445,611.0055565,19.012089,9.900848499999999,540.3189090000001,215.80938600000002,-27.656647,-53.280865999999946,-13.399807999999979
-17.082434000000003,719.3805653333334,263.07708333333335,-88.4328935,610.9530434999999,19.0249645,9.863148,540.211744,215.840017,-27.731326,-53.26407000000006,-13.331006000000002
-17.126971666666666,719.332409,263.07142300000004,-88.4488455,610.900257,19.037941,9.827071,540.1054385,215.870737,-27.8044,-53.247720999999956,-13.263484000000005
-17.170928999999997,719.2840063333333,263.0662336666667,-88.4642095,610.847257,19.050974,9.792572999999999,539.9999705,215.901422,-27.875804,-53.23182900000006,-13.19731999999999
-17.214310333333334,719.2353590000001,263.061496,-88.4789975,610.7941069999999,19.0640195,9.759608,539.8953194999999,215.93194949999997,-27.945473999999997,-53.216407000000004,-13.132598999999999
-17.257121,719.1864693333333,263.057194,-88.49322,610.7408645,19.077034,9.728129000000001,539.791464,215.9622,-28.013344,-53.20146599999998,-13.069401999999997
-17.29936633333333,719.1373396666667,263.05331,-88.5068885,610.687591,19.0899745,9.698089,539.6883815,215.992056,-28.079349999999998,-53.187014999999974,-13.007807999999983
-17.341052,719.0879743333334,263.04982666666666,-88.5200145,610.6343445,19.102800000000002,9.669439,539.58605,216.021402,-28.143425999999998,-53.17306600000006,-12.947900000000004
-17.38218266666667,719.038377,263.04672766666664,-88.53260900000001,610.581183,19.115468999999997,9.6421315,539.4844475,216.05012599999998,-28.205510999999998,-53.159628999999995,-12.889756000000006
-17.422763666666665,718.9885523333332,263.0439953333334,-88.5446845,610.5281640000001,19.1279415,9.6161175,539.38355,216.07811850000002,-28.265539,-53.14671599999997,-12.833456999999981
-17.462800666666666,718.9385053333334,263.04161433333337,-88.5562525,610.4753435,19.140178000000002,9.5913475,539.2833365,216.105272,-28.323446999999998,-53.134334999999965,-12.779079999999993
-17.502299,718.888241,263.03956766666664,-88.567324,610.4227765,19.15214,9.5677725,539.1837835,216.131483,-28.379173,-53.12249700000007,-12.726703999999984
-17.541263999999998,718.8377663333334,263.03783866666663,-88.577912,610.3705175,19.1637905,9.545342999999999,539.0848705000001,216.156651,-28.432654,-53.111211000000026,-12.676406000000014
-17.579701,718.7870873333335,263.0364133333333,-88.588028,610.31862,19.175093,9.5240095,538.9865735000001,216.180679,-28.483831,-53.100487000000044,-12.628260000000012
-17.617614666666665,718.736211,263.035275,-88.5976835,610.2671355,19.186012,9.5037225,538.8888724999999,216.20347249999998,-28.532641,-53.09033299999999,-12.582345000000004
-17.655010666666666,718.6851453333334,263.03440900000004,-88.60689049999999,610.216115,19.196512,9.484432,538.7917465,216.224942,-28.579026000000002,-53.08075700000006,-12.538731999999982
-17.69189366666667,718.633898,263.0338003333333,-88.61566099999999,610.165608,19.2065615,9.4660895,538.695174,216.245,-28.622927,-53.071767999999906,-12.497494000000017
-17.728268333333332,718.5824773333334,263.033435,-88.62400650000001,610.115664,19.2161275,9.4486445,538.5991355,216.263564,-28.664285,-53.063372999999956,-12.458706000000006
-17.76414,718.5308933333334,263.033299,-88.6319375,610.0663294999999,19.225179500000003,9.432049,538.5036124999999,216.2805545,-28.703044,-53.05558099999996,-12.422435000000007
-17.799513,718.4791536666667,263.033379,-88.639467,610.01765,19.233686,9.4162535,538.408586,216.295896,-28.739148999999998,-53.04839599999997,-12.38875200000001
-17.834391333333333,718.42727,263.03366166666666,-88.6466045,609.9696710000001,19.241619500000002,9.4012095,538.3140385,216.3095185,-28.772545,-53.041825000000074,-12.357725000000016
-17.868779,718.3752519999999,263.034134,-88.6533615,609.9224360000001,19.2489525,9.386868,538.219953,216.3213535,-28.803179999999998,-53.03587399999998,-12.329420999999996
-17.902680333333336,718.3231093333334,263.034784,-88.6597495,609.8759865,19.2556575,9.373182,538.1263134999999,216.331339,-28.831000000000003,-53.03054899999995,-12.303902000000022
-17.936099,718.2708543333333,263.0356,-88.665777,609.8303639999999,19.261709500000002,9.360102999999999,538.033106,216.3394155,-28.855956,-53.02585399999998,-12.281234999999981
-17.969038666666666,718.2184986666667,263.03657066666665,-88.671456,609.785607,19.267084999999998,9.347583,537.940316,216.3455295,-28.878,-53.02179200000006,-12.261481000000003
-18.001502,718.1660533333334,263.0376856666667,-88.6767955,609.7417545000001,19.2717605,9.3355755,537.847931,216.3496305,-28.897083,-53.01836800000001,-12.244698999999997
-18.033491333333334,718.1135313333334,263.03893366666665,-88.6818045,609.698843,19.2757145,9.3240335,537.7559395000001,216.351673,-28.913161,-53.01558299999999,-12.230948000000012
-18.065010333333333,718.060946,263.04030566666665,-88.6864925,609.6569079999999,19.278926,9.312910500000001,537.6643300000001,216.351616,-28.926189,-53.01344000000006,-12.220285999999987
-18.096060333333334,718.0083089999999,263.04179166666665,-88.690868,609.615983,19.281375999999998,9.3021585,537.573094,216.349422,-28.936127,-53.01194000000004,-12.212765999999988
-18.12664333333333,717.9556356666667,263.04338433333334,-88.6949395,609.5761010000001,19.2830455,9.2917335,537.4822234999999,216.34506,-28.942935,-53.011082999999985,-12.20844200000002
-18.156761,717.9029383333333,263.045074,-88.69871549999999,609.537294,19.283918,9.2815885,537.39171,216.3385015,-28.946572999999997,-53.01087000000001,-12.20736500000001
-18.186414666666668,717.8502316666667,263.046854,-88.702202,609.4995919999999,19.283977999999998,9.271677,537.3015485,216.329724,-28.947007999999997,-53.01129899999995,-12.209584000000007
-18.215605,717.7975313333333,263.04871699999995,-88.7054075,609.4630235,19.283209999999997,9.261954,537.211734,216.3187095,-28.944204,-53.01236800000004,-12.215144999999978
-18.244331666666668,717.744851,263.05065599999995,-88.7083375,609.4276165,19.2816015,9.252374499999998,537.1222635,216.305443,-28.938133,-53.01407500000005,-12.22409399999998
-18.272595,717.692207,263.0526653333333,-88.7109985,609.393397,19.2791385,9.242892000000001,537.0331335,216.2899165,-28.928764,-53.01641699999999,-12.23647299999999
-18.300394666666666,717.6396153333334,263.05474000000004,-88.713396,609.3603905,19.2758105,9.233460999999998,536.944342,216.27212500000002,-28.916072,-53.01938799999999,-12.252324000000016
-18.327729666666666,717.587091,263.05687466666666,-88.715535,609.328621,19.2716075,9.2240365,536.85589,216.2520675,-28.900033,-53.02298400000001,-12.27168500000002
-18.354598,717.5346513333333,263.05906466666664,-88.71742,609.2981105,19.26652,9.214573000000001,536.767777,216.22975000000002,-28.880626,-53.027198,-12.29459
-18.380999,717.4823130000001,263.06130666666667,-88.719055,609.268882,19.26054,9.205024,536.6800049999999,216.20517999999998,-28.857834,-53.03202399999998,-12.321075999999977
-18.406929333333334,717.4300933333334,263.06359733333335,-88.7204435,609.240955,19.253660500000002,9.195344,536.592577,216.17837250000002,-28.831642,-53.03745200000003,-12.351170999999994
-18.432387,717.3780096666668,263.06593433333336,-88.721589,609.21435,19.245875,9.185486000000001,536.505495,216.149344,-28.802036,-53.043474,-12.384906
-18.457368,717.3260806666667,263.0683153333333,-88.7224935,609.189084,19.237179,9.1754035,536.418765,216.11811749999998,-28.769009,-53.05007999999998,-12.422307000000018
-18.481869,717.2743236666665,263.07073933333334,-88.723158,609.1651755,19.227569,9.165050999999998,536.33239,216.084719,-28.732554,-53.05725800000005,-12.463398000000012
-18.505886333333333,717.2227576666668,263.0732043333333,-88.723585,609.142641,19.2170415,9.1543785,536.2463765,216.0491805,-28.692669000000002,-53.06499499999995,-12.50819899999999
-18.529414666666668,717.1714023333333,263.07571033333335,-88.7237755,609.1214950000001,19.205595000000002,9.1433395,536.1607305,216.01153549999998,-28.649352999999998,-53.07327899999996,-12.556730999999985
-18.552449,717.1202763333334,263.0782583333333,-88.72372849999999,609.1017535,19.1932275,9.1318845,536.0754595,215.9718245,-28.602613,-53.08209499999998,-12.60900700000002
-18.574983333333336,717.0693996666668,263.08084733333334,-88.7234445,609.0834295,19.17994,9.119965,535.9905685,215.93009,-28.552456,-53.09142700000001,-12.665043999999995
-18.597012333333335,717.0187926666667,263.08348,-88.72292300000001,609.066536,19.165732000000002,9.10753,535.9060665,215.88638,-28.498891999999998,-53.10125899999997,-12.724850000000004
-18.618529,716.968476,263.0861566666667,-88.722161,609.0510855,19.150606500000002,9.094529000000001,535.8219595,215.840744,-28.441938,-53.11157300000002,-12.788433999999995
-18.639525666666668,716.9184703333334,263.08888099999996,-88.721159,609.037089,19.134565000000002,9.080910000000001,535.738256,215.7932385,-28.381612,-53.122348000000045,-12.855800999999985
-18.65999533333333,716.8687970000001,263.09165433333334,-88.71991249999999,609.0245575,19.117611,9.066619999999999,535.6549625,215.7439205,-28.317936,-53.13356700000003,-12.926952999999997
-18.67993033333333,716.8194773333333,263.09448100000003,-88.71841950000001,609.013501,19.099749,9.051605,535.5720875,215.692853,-28.250938,-53.145204999999976,-13.001889999999975
-18.699321333333334,716.7705346666667,263.0973636666667,-88.7166765,609.0039285,19.0809835,9.0358115,535.4896375000001,215.64010100000002,-28.180649,-53.157242999999994,-13.080608000000012
-18.71815966666667,716.72199,263.10030666666665,-88.7146795,608.9958489999999,19.061321,9.0191815,535.407618,215.5857325,-28.107103,-53.16965399999998,-13.163101000000012
-18.736435333333336,716.673867,263.10331533333334,-88.7124235,608.989271,19.040767,9.001659,535.3260365,215.529821,-28.030338,-53.18241499999999,-13.249360000000024
-18.75413933333333,716.6261886666666,263.1063933333333,-88.709905,608.984202,19.019329499999998,8.983184999999999,535.244897,215.4724395,-27.950400000000002,-53.19549799999993,-13.339371
-18.77126033333333,716.5789796666667,263.1095473333333,-88.7071175,608.980649,18.9970165,8.9637005,535.1642045,215.41366649999998,-27.867335,-53.20887699999997,-13.433121
-18.787788333333335,716.5322623333333,263.112783,-88.7040555,608.9786185,18.973836,8.943143,535.083963,215.35358250000002,-27.781194,-53.222522000000026,-13.530590999999987
-18.80371166666667,716.4860623333334,263.116106,-88.70071300000001,608.9781175,18.9497975,8.92145,535.004174,215.2922705,-27.692034,-53.23640400000005,-13.631758999999988
-18.81901866666667,716.4404040000001,263.11952333333335,-88.69708399999999,608.979151,18.924910999999998,8.898558,534.924839,215.2298165,-27.599918,-53.25049199999995,-13.736601000000007
-18.833697333333333,716.395314,263.123042,-88.69316,608.981725,18.8991875,8.8744015,534.8459565,215.16630800000001,-27.504907,-53.26475300000004,-13.845089999999999
-18.847735,716.350816,263.12667000000005,-88.6889355,608.9858435,18.8726375,8.848913,534.7675265,215.101835,-27.407072,-53.27915300000001,-13.957194000000015
-18.861119,716.3069373333333,263.1304136666667,-88.68440100000001,608.9915120000001,18.8452735,8.8220235,534.6895435,215.03648900000002,-27.306489,-53.293656999999996,-14.072882000000021
-18.873836666666666,716.263705,263.13428266666665,-88.67955,608.9987349999999,18.817107500000002,8.793663500000001,534.6120035,214.9703645,-27.203235,-53.30823099999998,-14.192116999999996
-18.885874333333334,716.221145,263.138284,-88.674373,609.0075165000001,18.7881525,8.7637605,534.5348974999999,214.90355649999998,-27.097392999999997,-53.322835000000055,-14.31485699999999
-18.897217,716.179285,263.1424273333334,-88.66886249999999,609.0178595,18.758422,8.7322405,534.4582164999999,214.8361615,-26.989051000000003,-53.33743300000003,-14.44106099999999
-18.907852333333334,716.138153,263.14672133333335,-88.663009,609.029768,18.72793,8.699029499999998,534.381948,214.7682785,-26.878301,-53.351984000000016,-14.570683000000002
-18.917764666666667,716.0977766666666,263.15117533333336,-88.656804,609.0432450000001,18.6966915,8.6640495,534.306078,214.700006,-26.765239,-53.366447999999934,-14.703673999999978
-18.926939666666666,716.0581853333333,263.15579866666667,-88.6502375,609.058293,18.664721,8.627223,534.230588,214.63144499999999,-26.649968,-53.38078200000001,-14.839983999999987
-18.93536266666667,716.0194073333333,263.160601,-88.64330000000001,609.0749145,18.632035,8.588467999999999,534.1554590000001,214.562696,-26.532592,-53.39494400000001,-14.979556000000002
-18.94301833333333,715.9814726666667,263.16559233333334,-88.6359815,609.093113,18.598648999999998,8.547704,534.080667,214.49386049999998,-26.413221999999998,-53.40889000000004,-15.122332999999998
-18.94989166666667,715.9444106666666,263.17078266666664,-88.62827300000001,609.112889,18.5645795,8.504847000000002,534.006187,214.4250405,-26.29197,-53.422574000000054,-15.26825500000001
-18.95596666666667,715.9082520000001,263.17618266666665,-88.6201645,609.1342445,18.529844,8.459812000000001,533.931988,214.356339,-26.168958,-53.43595199999993,-15.417258000000004
-18.961228000000002,715.8730263333333,263.18180233333334,-88.611645,609.1571815,18.494459,8.4125125,533.8580380000001,214.2878575,-26.044307,-53.44897400000002,-15.569275000000005
-18.96566,715.838765,263.1876526666667,-88.602705,609.1817005,18.4584435,8.362859,533.7843005,214.2196985,-25.918143999999998,-53.46159299999999,-15.724239000000011
-18.969246666666667,715.8054993333334,263.193744,-88.5933335,609.2078025000001,18.421816,8.310762,533.7107355,214.151963,-25.790599999999998,-53.473761000000025,-15.882075999999984
-18.971972333333333,715.7732613333334,263.2000883333333,-88.5835215,609.235488,18.384594,8.256130500000001,533.637298,214.084754,-25.661811,-53.48542599999996,-16.042711999999995
-18.973821,715.7420816666666,263.2066953333333,-88.5732575,609.2647569999999,18.3467975,8.198871500000001,533.563941,214.018171,-25.531915,-53.49654000000004,-16.206072000000006
-18.974776,715.7119939999999,263.21357666666665,-88.562531,609.2956095,18.308446500000002,8.138889500000001,533.490613,213.952314,-25.401055,-53.507048,-16.372073999999998
-18.974822,715.68303,263.220743,-88.551333,609.328044,18.2695605,8.07609,533.417256,213.887282,-25.269376,-53.516899999999964,-16.540636000000006
-18.973944000000003,715.6552223333333,263.228206,-88.53965199999999,609.3620605,18.23016,8.010375,533.343811,213.8231725,-25.137030000000003,-53.52604000000008,-16.711675000000014
-18.97212466666667,715.6286046666668,263.2359763333333,-88.5274785,609.397657,18.1902655,7.941646499999999,533.2702115,213.7600815,-25.004169,-53.53441700000002,-16.885102999999987
-18.969348999999998,715.6032100000001,263.2440656666667,-88.5148015,609.4348315,18.1498985,7.869804499999999,533.1963895,213.698104,-24.870949,-53.54197299999993,-17.060832000000005
-18.965601333333336,715.579072,263.252485,-88.501612,609.4735815,18.1090805,7.7947495,533.122269,213.637333,-24.737529,-53.54865600000005,-17.238770000000017
-18.960866333333332,715.5562239999999,263.261245,-88.4879,609.5139035,18.067833999999998,7.7163775,533.047773,213.5778585,-24.604070999999998,-53.55440799999997,-17.418825
-18.955128333333334,715.5347006666666,263.2703573333333,-88.47365500000001,609.555795,18.026180500000002,7.6345875,532.9728155,213.519771,-24.470741,-53.55917299999999,-17.60090199999999
-18.948372666666668,715.5145349999999,263.27983333333333,-88.458868,609.59925,17.984142499999997,7.549275,532.8973085,213.463156,-24.337706,-53.56289300000003,-17.784903999999983
-18.940585,715.4957623333333,263.289683,-88.4435295,609.644266,17.9417435,7.460335500000001,532.8211585,213.4080985,-24.205133,-53.56551300000001,-17.970732999999996
-18.931749666666665,715.4784166666667,263.29991766666666,-88.42763000000001,609.690835,17.899007,7.367665000000001,532.7442659999999,213.35468,-24.073196,-53.566971999999964,-18.158290000000022
-18.921853333333335,715.4625316666667,263.31054866666665,-88.41116149999999,609.738953,17.855956,7.2711555,532.6665270000001,213.3029795,-23.942067,-53.567214000000035,-18.347475000000003
-18.91088266666667,715.448143,263.32158566666664,-88.3941145,609.788611,17.812614999999997,7.1707025,532.5878319999999,213.2530735,-23.811920999999998,-53.566179999999974,-18.538183000000004
-18.898823000000004,715.4352843333332,263.33304,-88.3764805,609.8398024999999,17.769008,7.066198000000001,532.5080665,213.2050345,-23.682934000000003,-53.563811000000044,-18.730311
-18.885662333333332,715.4239899999999,263.34492133333333,-88.3582515,609.892518,17.7251605,6.9575355000000005,532.42711,213.158933,-23.555285,-53.560047999999995,-18.923757999999992
-18.871387,715.4142943333333,263.35724066666666,-88.33942,609.9467480000001,17.681096,6.844607,532.3448385,213.11483550000003,-23.42915,-53.55483099999998,-19.118415
-18.855985666666665,715.4062319999999,263.370008,-88.319978,610.0024825,17.6368415,6.7273060000000005,532.26112,213.07280500000002,-23.304708,-53.54810399999997,-19.314179999999993
-18.839446,715.3998373333334,263.38323233333335,-88.29991849999999,610.05971,17.5924215,6.6055245000000005,532.1758195,213.032902,-23.182139,-53.53980300000006,-19.51094599999999
-18.821757666666667,715.3951436666667,263.3969236666667,-88.2792345,610.118417,17.547862000000002,6.479154999999999,532.0887945,212.995181,-23.061622,-53.529873000000066,-19.70860399999998
-18.802909,715.3921853333333,263.41109166666666,-88.25792,610.1785910000001,17.50319,6.348091,531.9998989999999,212.9596945,-22.943334,-53.51825199999996,-19.90705299999999
-18.782891,715.3909960000001,263.4257453333333,-88.235968,610.240217,17.458431,6.2122255,531.9089805,212.926491,-22.827455,-53.50488300000001,-20.10618199999999
-18.761693666666662,715.3916086666667,263.44089333333335,-88.213374,610.3032785,17.4136125,6.071452000000001,531.815881,212.895613,-22.714162,-53.48970600000001,-20.30588799999998
-18.73930833333333,715.3940560000001,263.4565446666666,-88.190132,610.367759,17.3687615,5.9256655,531.7204389999999,212.8671015,-22.603628999999998,-53.472662000000014,-20.50606300000001
-18.71572666666667,715.3983713333333,263.472708,-88.166237,610.4336410000001,17.323905,5.7747615,531.622485,212.84099049999998,-22.496035,-53.453693999999984,-20.706604999999996
-18.690941,715.404586,263.489391,-88.141685,610.500904,17.279071000000002,5.6186355,531.521846,212.81731100000002,-22.391551,-53.43274399999996,-20.90741
-18.664945333333332,715.412733,263.50660166666665,-88.116472,610.569528,17.234287,5.457185,531.4183429999999,212.796089,-22.290348,-53.409753999999964,-21.108372000000003
-18.63773266666667,715.4228423333334,263.524347,-88.09059450000001,610.6394905,17.1895815,5.290308,531.3117930000001,212.7773455,-22.192596,-53.38466600000004,-21.309391000000005
-18.609298666666668,715.4349456666667,263.5426353333333,-88.06404900000001,610.7107685000001,17.144982000000002,5.117905499999999,531.202007,212.761097,-22.098459,-53.35742399999998,-21.510366000000005
-18.579638,715.449072,263.5614726666667,-88.036834,610.783337,17.1005185,4.939876999999999,531.08879,212.7473545,-22.008102,-53.327972000000045,-21.711199000000022
-18.548747,715.465252,263.5808656666666,-88.008947,610.857169,17.0562185,4.756126500000001,530.9719455000001,212.73612450000002,-21.921685,-53.29625500000003,-21.911793000000017
-18.516623,715.4835143333333,263.6008206666667,-87.9803865,610.932238,17.0121115,4.566559,530.851269,212.727408,-21.839364,-53.26221800000002,-22.112052000000006
-18.483264000000002,715.5038863333333,263.6213433333333,-87.95115150000001,611.008515,16.9682265,4.3710795000000005,530.726553,212.721201,-21.761291,-53.225806000000034,-22.311883999999992
-18.448669,715.5263956666668,263.64243933333336,-87.921242,611.085969,16.924593,4.169598,530.597584,212.7174935,-21.687616,-53.186965999999984,-22.51119700000001
-18.412836666666667,715.5510686666667,263.6641133333333,-87.890658,611.1645675,16.88124,3.9620255,530.464147,212.716271,-21.618481000000003,-53.145646,-22.709903999999995
-18.375768333333337,715.5779310000001,263.686371,-87.8594,611.244278,16.8381975,3.748274,530.32602,212.717512,-21.554028,-53.10179400000004,-22.907917999999995
-18.337465333333334,715.6070076666666,263.70921533333336,-87.82747,611.3250654999999,16.795495499999998,3.5282604999999996,530.1829775,212.72119049999998,-21.494388999999998,-53.05535899999995,-23.10515699999999
-18.297929999999997,715.6383223333333,263.73265100000003,-87.794869,611.4068924999999,16.7531635,3.3019035000000003,530.034792,212.72727450000002,-21.439693000000002,-53.006290000000035,-23.30154300000001
-18.257165333333333,715.6718966666667,263.756682,-87.7616,611.489722,16.7112315,3.0691245000000005,529.88123,212.7357255,-21.390065,-52.954540000000065,-23.49699700000002
-18.215175666666664,715.7077533333332,263.78131033333335,-87.727666,611.5735145,16.669729,2.8298484999999998,529.7220555,212.7464995,-21.345621,-52.90006100000005,-23.691446999999982
-18.171966666666666,715.7459123333333,263.80653966666665,-87.6930715,611.6582285,16.628687,2.5840025000000004,529.5570299999999,212.759547,-21.306473,-52.842804,-23.88482399999998
-18.127543333333332,715.786393,263.8323716666667,-87.657819,611.743822,16.5881345,2.3315184999999996,529.3859105,212.774812,-21.272727,-52.78272500000003,-24.077060000000017
-18.08191366666667,715.8292126666666,263.85880833333334,-87.6219145,611.830251,16.548102,2.072331,529.2084520000001,212.79223100000002,-21.24448,-52.71977800000002,-24.26809399999999
-18.035086000000003,715.874389,263.885851,-87.585364,611.91747,16.50862,1.8063799999999999,529.0244075,212.811737,-21.221823999999998,-52.65392099999997,-24.45786799999999
-17.987068,715.9219370000001,263.91350066666666,-87.548173,612.0054325000001,16.4697175,1.5336065000000003,528.833526,212.8332535,-21.204845,-52.585109999999986,-24.646327000000014
-17.937870999999998,715.9718706666666,263.9417573333333,-87.5103475,612.09409,16.431425,1.253958,528.6355555,212.8567005,-21.193618,-52.513305,-24.833421000000016
-17.887505666666666,716.0242023333334,263.970622,-87.4718965,612.183393,16.3937715,0.9673854999999998,528.4302425000001,212.88198949999997,-21.188212999999998,-52.43846700000006,-25.019103
-17.835983666666667,716.0789439999999,264.0000933333333,-87.432826,612.2732915,16.356788,0.6738439999999999,528.2173315,212.90902699999998,-21.188693999999998,-52.36055499999998,-25.203332000000017
-17.783318333333334,716.136104,264.03017100000005,-87.3931465,612.363732,16.320503,0.3732950000000006,527.9965655000001,212.937712,-21.195114,-52.27953500000001,-25.386072000000013
-17.729523333333336,716.1956913333333,264.06085333333334,-87.352865,612.454662,16.2849455,0.06570250000000044,527.7676875,212.9679365,-21.207521,-52.195366999999976,-25.567288999999988
-17.674614000000002,716.2577123333334,264.0921386666667,-87.311993,612.5460264999999,16.2501445,-0.24896299999999982,527.5304385,212.999586,-21.225952,-52.10802099999995,-25.74695600000001
-17.618606333333336,716.3221713333332,264.1240246666667,-87.27054,612.6377689999999,16.216129,-0.5707260000000005,527.2845599999999,213.0325405,-21.250436,-52.01745999999997,-25.925047000000006
-17.561516333333334,716.3890716666666,264.15650800000003,-87.22851750000001,612.729834,16.182928,-0.8996065,527.029794,213.06667199999998,-21.280997,-51.923654,-26.101546000000013
-17.503363333333333,716.4584143333333,264.18958633333335,-87.185936,612.822163,16.150568,-1.2356180000000005,526.7658825,213.10184700000002,-21.317646,-51.826572999999996,-26.276438000000013
-17.444164666666666,716.5301996666667,264.22325566666666,-87.142808,612.9146965,16.1190785,-1.5787695,526.492567,213.1379225,-21.360389,-51.726188000000036,-26.449713000000003
-17.383940999999997,716.604424,264.257511,-87.0991465,613.007375,16.0884855,-1.929061,526.209592,213.1747515,-21.409222,-51.62247200000007,-26.621366999999992
-17.32271366666667,716.681085,264.29234866666667,-87.0549635,613.100138,16.0588155,-2.286491,525.9167015,213.2121795,-21.464132,-51.515399,-26.791398999999984
-17.260502666666667,716.7601753333333,264.32776233333334,-87.010273,613.1929230000001,16.030096,-2.6510485,525.613643,213.2500435,-21.525099,-51.40494599999994,-26.959814999999992
-17.197332,716.8416876666666,264.3637473333333,-86.9650895,613.2856684999999,16.0023515,-3.0227175,525.300165,213.2881755,-21.592091,-51.291087999999945,-27.12662499999999
-17.133224333333334,716.9256116666667,264.40029666666663,-86.919427,613.3783115,15.975608,-3.4014745,524.9760185,213.32639999999998,-21.665070999999998,-51.17380499999996,-27.291842000000003
-17.068204666666663,717.0119359999999,264.437404,-86.873301,613.4707885,15.9498895,-3.7872905000000006,524.6409575,213.364534,-21.743993,-51.05307700000003,-27.455483999999984
-17.002297666666667,717.1006466666666,264.47506233333337,-86.82672600000001,613.563034,15.925219499999999,-4.180129,524.2947405,213.402389,-21.828798,-50.92888700000003,-27.617575999999985
-16.935529666666664,717.191727,264.513263,-86.779719,613.6549855000001,15.901621500000001,-4.5799465,523.9371269999999,213.43976800000002,-21.919425,-50.80121799999995,-27.77814600000002
-16.867927,717.28516,264.55199866666663,-86.73229500000001,613.7465775000001,15.879118,-4.9866934999999994,523.5678835,213.4764685,-22.015799,-50.67005499999999,-27.937224999999984
-16.799518333333335,717.3809253333333,264.591261,-86.684471,613.8377445,15.8577295,-5.400312,523.186779,213.512281,-22.11784,-50.53538600000002,-28.094848000000013
-16.730331666666668,717.4790003333334,264.63104,-86.636264,613.9284215,15.837478,-5.8207365,522.7935875,213.546989,-22.225459,-50.39719699999995,-28.251058
-16.660396000000002,717.5793610000001,264.67132599999997,-86.5876905,614.018543,15.818381500000001,-6.247895,522.388088,213.58036900000002,-22.338558,-50.255480000000034,-28.405900000000003
-16.589741333333333,717.6819810000001,264.71210966666666,-86.538769,614.1080440000001,15.80046,-6.6817085,521.970066,213.6121925,-22.457033000000003,-50.11022799999995,-28.55941899999999
-16.518399,717.786831,264.75338,-86.489516,614.1968595000001,15.7837305,-7.1220894999999995,521.539313,213.6422225,-22.580769,-49.96143000000001,-28.711670999999996
-16.446399333333336,717.8938813333334,264.79512500000004,-86.43995000000001,614.284924,15.768211,-7.568942,521.095625,213.670217,-22.709646,-49.80908400000004,-28.862709999999993
-16.37377533333333,718.0030976666667,264.83733466666666,-86.39008799999999,614.372173,15.753914499999999,-8.022164,520.638807,213.69592749999998,-22.843538000000002,-49.65318600000006,-29.012597
-16.300558999999996,718.1144463333334,264.8799956666667,-86.33995,614.4585415,15.740858,-8.481646,520.16867,213.7190985,-22.982308,-49.49373399999996,-29.161392999999975
-16.226784,718.2278883333333,264.9230956666667,-86.289552,614.5439665,15.7290535,-8.947268000000001,519.6850315,213.73946949999998,-23.125816,-49.330727000000024,-29.309162999999984
-16.152484333333334,718.3433853333332,264.96662266666664,-86.2389135,614.628384,15.718512500000001,-9.4189045,519.1877195,213.7567735,-23.273911,-49.16416700000002,-29.45597699999999
-16.077693333333333,718.460895,265.010562,-86.188053,614.7117310000001,15.709246499999999,-9.896422,518.6765674999999,213.770738,-23.426441999999998,-48.994057,-29.60190399999999
-16.002446666666668,718.5803736666667,265.05490000000003,-86.1369875,614.7939465,15.701265,-10.379677999999998,518.1514195,213.78108450000002,-23.583244,-48.82040099999995,-29.74702099999999
-15.926780000000003,718.7017753333333,265.0996226666667,-86.0857365,614.8749675,15.694575500000001,-10.8685235,517.612126,213.787529,-23.744153,-48.64320399999997,-29.891402
-15.850727999999998,718.8250506666667,265.14471499999996,-86.0343175,614.9547355,15.689185,-11.362801,517.0585495,213.789784,-23.908996,-48.46247500000004,-30.03512599999999
-15.774328000000002,718.9501506666667,265.190162,-85.982748,615.0331894999999,15.685098,-11.862345000000001,516.49056,213.787554,-24.077596,-48.27822400000002,-30.178269999999998
-15.697615666666666,719.0770213333334,265.23594733333334,-85.9310465,615.1102715,15.682319499999998,-12.366983000000001,515.9080385,213.7805415,-24.249772,-48.09045899999995,-30.320919000000004
-15.620627999999998,719.2056086666666,265.2820556666666,-85.8792305,615.1859254999999,15.6808505,-12.8765345,515.310875,213.768442,-24.425337000000003,-47.89919200000003,-30.463152000000008
-15.543403,719.3358556666667,265.3284703333333,-85.8273165,615.260094,15.680691999999999,-13.3908115,514.6989715,213.750948,-24.604103,-47.704439000000036,-30.60505599999999
-15.465976666666668,719.4677036666667,265.3751736666666,-85.775323,615.3327225,15.681844,-13.909619000000001,514.072239,213.727749,-24.785872,-47.50621199999995,-30.746713999999997
-15.388387999999999,719.6010913333333,265.42214966666666,-85.723265,615.4037585000001,15.684303,-14.4327545,513.4306005,213.6985275,-24.970449,-47.30453099999994,-30.888210999999984
-15.310674666666669,719.7359553333334,265.46938033333333,-85.6711605,615.4731495,15.6880655,-14.960008499999999,512.7739895,213.66296549999998,-25.157633,-47.09940900000004,-31.029631000000023
-15.232873666666665,719.8722306666667,265.51684700000004,-85.619025,615.5408445,15.693125499999999,-15.4911645,512.1023514999999,213.62074,-25.347223,-46.89086899999995,-31.171061999999978
-15.155024333333332,720.0098506666667,265.564531,-85.566874,615.6067949999999,15.699475999999999,-16.025999499999998,511.415644,213.5715255,-25.539011,-46.67892999999992,-31.312589000000003
-15.077164000000002,720.148746,265.61241533333333,-85.5147225,615.6709535,15.707107500000001,-16.564284,510.713834,213.514994,-25.732794,-46.46361400000001,-31.454296
-14.999331666666668,720.288846,265.66047933333334,-85.4625855,615.733275,15.7160105,-17.105781,509.99690350000003,213.450816,-25.928362,-46.24494299999998,-31.59626800000001
-14.921564666666667,720.4300773333333,265.7087043333333,-85.410477,615.7937145000001,15.726170999999999,-17.65025,509.264844,213.3786575,-26.125506,-46.022941999999944,-31.738586999999995
-14.843902,720.5723663333333,265.757071,-85.3584105,615.85223,15.737576,-18.1974425,508.51766150000003,213.298186,-26.324016999999998,-45.79763699999995,-31.881338
-14.766381,720.7156359999999,265.80555833333335,-85.3063995,615.9087825,15.7502095,-18.7471055,507.75537299999996,213.2090655,-26.523687000000002,-45.569053999999994,-32.024598999999995
-14.689040333333333,720.8598086666667,265.854147,-85.254457,615.9633309999999,15.7640545,-19.298980500000003,506.978008,213.1109605,-26.724303000000003,-45.33722,-32.16844900000001
-14.611917333333333,721.0048046666667,265.9028163333333,-85.2025935,616.015841,15.779091,-19.852805,506.18560849999994,213.0035345,-26.92566,-45.10216499999996,-32.312967000000015
-14.535050333333333,721.1505416666668,265.951546,-85.1508215,616.066276,15.795299499999999,-20.40831,505.37822950000003,212.88645100000002,-27.127548000000004,-44.86391900000001,-32.45822799999999
-14.458476333333332,721.2969386666667,266.00031433333334,-85.099152,616.1146045,15.812657,-20.965224,504.555939,212.7593745,-27.329762000000002,-44.62251200000003,-32.60430500000001
-14.382232,721.4439093333334,266.049101,-85.047594,616.1607945000001,15.8311395,-21.523272,503.7188165,212.62196849999998,-27.532095999999996,-44.377977000000044,-32.75126700000001
-14.306355000000002,721.5913690000001,266.097884,-84.99615800000001,616.204818,15.850722,-22.082174,502.8669545,212.47390000000001,-27.73435,-44.13034700000003,-32.89918400000002
-14.230881333333334,721.7392303333332,266.1466423333333,-84.944852,616.246648,15.871376000000001,-22.641647499999998,502.000458,212.314837,-27.936322999999998,-43.87965600000001,-33.04811800000002
-14.155847666666668,721.8874046666666,266.1953546666667,-84.8936855,616.286259,15.8930745,-23.2014085,501.1194455,212.1444485,-28.137817,-43.62593700000002,-33.19813300000001
-14.081288666666666,722.035802,266.24399866666664,-84.8426645,616.3236285,15.915787,-23.761169000000002,500.2240465,211.962408,-28.33864,-43.36922700000008,-33.349286000000006
-14.007240999999999,722.1843320000002,266.292553,-84.791797,616.3587355,15.9394805,-24.320641000000002,499.3144045,211.7683905,-28.538602,-43.10956300000004,-33.501633
-13.933738333333332,722.3329026666667,266.3409956666667,-84.74108899999999,616.3915605,15.9641235,-24.8795335,498.3906735,211.562075,-28.737516999999997,-42.84698100000003,-33.655226
-13.860815333333333,722.4814206666666,266.389305,-84.690546,616.4220875000001,15.989681000000001,-25.437556,497.4530205,211.343145,-28.9352,-42.58152100000001,-33.81011000000001
-13.788506,722.6297920000001,266.437459,-84.640173,616.4503015,16.016117,-25.994416,496.5016245,211.111289,-29.131478,-42.313219000000004,-33.96633
-13.716842666666667,722.7779226666667,266.48543566666666,-84.589974,616.476189,16.0433955,-26.549823,495.536677,210.866199,-29.326174,-42.04211799999996,-34.12392800000001
-13.645857999999999,722.9257163333333,266.53321266666666,-84.539954,616.4997395,16.071478,-27.103486,494.5583795,210.607574,-29.519122000000003,-41.768254999999954,-34.28293600000001
-13.575584666666666,723.0730766666666,266.58076933333336,-84.4901155,616.5209435,16.1003245,-27.655113999999998,493.5669465,210.33511850000002,-29.71016,-41.49167299999999,-34.443388999999996
-13.506053333333334,723.219907,266.628082,-84.440461,616.539794,16.129895,-28.2044195,492.5626035,210.048543,-29.899129000000002,-41.212413000000026,-34.605312
-13.437294333333332,723.3661103333334,266.6751306666667,-84.39099300000001,616.5562855000001,16.160148999999997,-28.7511155,491.5455845,209.747566,-30.085879,-40.93051700000001,-34.76872800000001
-13.369337333333334,723.511588,266.72189333333336,-84.3417135,616.5704155,16.1910435,-29.294919,490.516138,209.431912,-30.270263999999997,-40.646028,-34.93365600000001
-13.302211333333334,723.656242,266.76834766666667,-84.29262299999999,616.582181,16.222535999999998,-29.835547499999997,489.474521,209.101317,-30.452144999999998,-40.358990000000006,-35.10011
-13.235944666666668,723.7999743333334,266.81447366666663,-84.2437235,616.591582,16.254582499999998,-30.372723999999998,488.4210005,208.7555205,-30.631388,-40.06944499999997,-35.26809899999998
-13.170564666666666,723.9426853333333,266.86024933333334,-84.195014,616.5986215,16.287138499999998,-30.906174999999998,487.35585349999997,208.394276,-30.807868,-39.777439000000015,-35.43762799999999
-13.106097333333333,724.0842766666666,266.90565399999997,-84.146495,616.603302,16.320159500000003,-31.4356305,486.279367,208.017343,-30.981462999999998,-39.48301799999996,-35.608698000000004
-13.042569333333333,724.2246493333333,266.95066733333334,-84.09816649999999,616.6056285,16.353599,-31.9608265,485.19183699999996,207.6244925,-31.152059,-39.18622599999998,-35.78130299999998
-12.980004333333332,724.3637046666666,266.995269,-84.050028,616.6056085,16.3874125,-32.4815045,484.093568,207.2155055,-31.319551,-38.88710800000001,-35.955434999999994
-12.918426333333334,724.5013439999999,267.03943899999996,-84.0020785,616.6032485000001,16.421553499999998,-32.99741,482.984874,206.7901745,-31.483838,-38.585713999999996,-36.131080999999995
-12.857858666666667,724.6374689999999,267.08315666666664,-83.954318,616.5985595,16.4559745,-33.5082965,481.866075,206.348303,-31.644824999999997,-38.28208799999999,-36.308224000000024
-12.798323000000002,724.7719813333333,267.1264046666667,-83.9067435,616.5915520000001,16.490630499999998,-34.013924,480.737502,205.8897055,-31.802430000000005,-37.976279999999974,-36.486839
-12.739840666666666,724.904784,267.16916166666664,-83.859355,616.582238,16.5254755,-34.514059,479.5994905,205.4142105,-31.956570000000003,-37.668334999999956,-36.666900999999996
-12.682431000000001,725.0357789999999,267.2114106666667,-83.812151,616.5706305,16.560461500000002,-35.0084745,478.4523845,204.92165799999998,-32.107175,-37.35830499999997,-36.848378
-12.626112999999998,725.1648700000001,267.2531333333333,-83.7651305,616.5567450000001,16.595543,-35.4969545,477.296534,204.4119015,-32.25417899999999,-37.04623800000002,-37.03123499999998
-12.570905333333334,725.2919623333333,267.2943113333333,-83.718292,616.5405969999999,16.630675,-35.979288499999996,476.132296,203.88480750000002,-32.397523,-36.73218399999996,-37.21543299999999
-12.516824333333332,725.4169596666667,267.334928,-83.67163500000001,616.522203,16.665812,-36.455275,474.9600325,203.340257,-32.537158000000005,-36.416191000000026,-37.400926
-12.463886333333335,725.5397683333334,267.37496633333336,-83.625157,616.501581,16.7009085,-36.924723,473.78011000000004,202.778144,-32.673038000000005,-36.09831200000002,-37.58766800000001
-12.412106,725.6602946666667,267.4144103333333,-83.578859,616.47875,16.7359205,-37.387449,472.592902,202.198379,-32.805126,-35.77859799999999,-37.77560600000001
-12.361496666666667,725.7784473333332,267.4532443333333,-83.5327385,616.4537285,16.770805,-37.8432795,471.39878550000003,201.6008855,-32.933391,-35.45709900000003,-37.964685
-12.312071666666666,725.894135,267.49145300000004,-83.486797,616.4265379999999,16.805519,-38.292052,470.198141,200.985603,-33.05781,-35.13387,-38.15484600000002
-12.263842666666667,726.007267,267.529022,-83.4410335,616.397198,16.8400205,-38.733613,468.9913525,200.352487,-33.178366,-34.808960999999954,-38.346024
-12.216820333333336,726.1177553333333,267.5659373333333,-83.395449,616.3657310000001,16.874268999999998,-39.167819,467.77880949999997,199.701507,-33.295047999999994,-34.48242699999997,-38.53815599999999
-12.171014333333334,726.2255133333333,267.6021856666666,-83.3500435,616.332159,16.908225,-39.594538,466.560901,199.0326505,-33.407852000000005,-34.15432199999998,-38.731168999999994
-12.126432,726.3304539999999,267.63775533333336,-83.3048185,616.2965045,16.9418505,-40.013648,465.33802000000003,198.34591849999998,-33.51678,-33.82469999999995,-38.924993
-12.083082333333332,726.432494,267.672633,-83.2597765,616.25879,16.9751075,-40.425038,464.11056099999996,197.6413315,-33.62183999999999,-33.49361600000003,-39.119549000000006
-12.040970333333334,726.531551,267.70680799999997,-83.2149195,616.2190385,17.0079605,-40.8286085,462.87892,196.918923,-33.723046999999994,-33.16112599999997,-39.31476000000001
-12.000102666666665,726.6275420000001,267.74027033333334,-83.1702495,616.177274,17.040376000000002,-41.224270000000004,461.64349400000003,196.1787465,-33.820422,-32.827286000000015,-39.51054500000001
-11.960482666666666,726.72039,267.77300933333333,-83.1257705,616.1335200000001,17.0723205,-41.611945,460.40467950000004,195.4208695,-33.91399,-32.49215299999997,-39.706818999999996
-11.922113666666666,726.8100156666666,267.8050163333333,-83.081487,616.0877995000001,17.1037635,-41.991566999999996,459.16287450000004,194.645378,-34.003782,-32.155782999999985,-39.90349599999999
-11.884998000000001,726.8963443333333,267.8362826666667,-83.0374025,616.040137,17.134674500000003,-42.3630795,457.918476,193.852373,-34.089837,-31.818235999999956,-40.100487999999984
-11.849136,726.9793020000001,267.8668006666667,-82.99352400000001,615.990555,17.1650275,-42.7264395,456.67188,193.04197499999998,-34.172197000000004,-31.479570000000024,-40.29770199999999
-11.814528666666666,727.0588170000001,267.8965636666667,-82.949856,615.9390775,17.1947965,-43.0816125,455.42348100000004,192.2143185,-34.25090900000001,-31.139843999999982,-40.495048999999995
-11.781175333333332,727.1348189999999,267.92556566666667,-82.9064055,615.885728,17.223957,-43.428577499999996,454.173672,191.369557,-34.326025,-30.79911800000002,-40.692432000000025
-11.749073000000001,727.2072410000001,267.953801,-82.863181,615.8305285,17.252487499999997,-43.767322,452.922844,190.5078595,-34.397602000000006,-30.45745199999999,-40.88975500000001
-11.718219,727.276017,267.981266,-82.82019,615.773503,17.2803685,-44.097847,451.671385,189.6294115,-34.46570199999999,-30.114908000000014,-41.08692300000001
-11.688609999999999,727.3410836666667,268.00795500000004,-82.777441,615.7146720000001,17.307581499999998,-44.420161500000006,450.4196815,188.7344165,-34.530391,-29.771546999999998,-41.283837000000005
-11.660241333333333,727.4023803333333,268.03386700000004,-82.734944,615.654058,17.334112,-44.734286499999996,449.168114,187.8230925,-34.591737,-29.42742999999996,-41.48039699999998
-11.633106333333332,727.4598476666666,268.0589986666667,-82.69271,615.591682,17.359945,-45.040254,447.917062,186.89567449999998,-34.649816,-29.082622000000015,-41.676503
-11.607199,727.5134293333334,268.083349,-82.65074849999999,615.5275644999999,17.385071,-45.338103000000004,446.666898,185.9524135,-34.704704,-28.73718599999995,-41.87205499999999
-11.582511666666667,727.5630706666667,268.106918,-82.609073,615.4617255000001,17.40948,-45.6278865,445.417992,184.99357700000002,-34.756482999999996,-28.39118400000001,-42.066951999999986
-11.559036,727.6087200000001,268.129705,-82.567695,615.394185,17.433165,-45.909664500000005,444.17070950000004,184.01944650000002,-34.805235,-28.04468300000002,-42.26109099999999
-11.536762666666666,727.6503280000001,268.151711,-82.52662799999999,615.3249599999999,17.456122,-46.183505499999995,442.9254075,183.03032000000002,-34.851048999999996,-27.697746999999993,-42.45437000000001
-11.515681666666667,727.6878476666667,268.172938,-82.485885,615.2540690000001,17.4783485,-46.449489,441.6824415,182.02650899999998,-34.894014,-27.35044099999999,-42.64669000000001
-11.495782333333333,727.7212346666666,268.19338866666664,-82.445481,615.1815280000001,17.4998435,-46.707702,440.4421585,181.00834,-34.934222000000005,-27.00283300000001,-42.83794799999998
-11.477052666666667,727.750446,268.213066,-82.40543149999999,615.107354,17.5206105,-46.958241,439.2048985,179.976155,-34.971768,-26.654987000000006,-43.028042
-11.459480666666666,727.775443,268.23197433333337,-82.3657515,615.0315605000001,17.540653000000002,-47.201208,437.9709965,178.930308,-35.00675,-26.30697299999997,-43.21687400000002
-11.443053,727.7961883333334,268.2501183333334,-82.326457,614.954163,17.559977999999997,-47.436713999999995,436.74078099999997,177.87116650000002,-35.039266,-25.958856000000026,-43.40434300000001
-11.427756,727.8126466666666,268.2675033333333,-82.287564,614.8751735,17.5785945,-47.664877499999996,435.5145705,176.799111,-35.069417,-25.610704999999996,-43.59035
-11.413575333333334,727.8247873333333,268.284136,-82.2490905,614.7946039999999,17.5965135,-47.885822,434.292678,175.7145355,-35.097303999999994,-25.262587999999994,-43.77479700000001
-11.400496333333335,727.832579,268.30002266666673,-82.211053,614.712466,17.6137475,-48.0996795,433.0754085,174.617844,-35.12303100000001,-24.914575000000013,-43.957588000000015
-11.388502666666668,727.8359960000001,268.3151716666667,-82.17346950000001,614.6287685,17.6303125,-48.3065855,431.863059,173.509453,-35.146703,-24.566733999999997,-44.13862800000001
-11.377578333333332,727.8350133333333,268.32959066666666,-82.136358,614.5435205,17.646225,-48.506682500000004,430.65591700000004,172.3897905,-35.168423000000004,-24.219133999999997,-44.317823000000004
-11.367707000000001,727.8296086666666,268.34328899999997,-82.09973600000001,614.4567285,17.6615055,-48.7001165,429.45426199999997,171.25929250000002,-35.18830100000001,-23.871843999999953,-44.495079000000004
-11.358870999999999,727.819763,268.3562753333333,-82.0636225,614.3684005,17.676174,-48.8870385,428.258366,170.118407,-35.206438999999996,-23.52493599999997,-44.670308000000006
-11.351053333333333,727.8054586666667,268.3685606666667,-82.0280345,614.2785405,17.690254,-49.067603500000004,427.0684895,168.9675895,-35.222947000000005,-23.17847900000004,-44.84342099999998
-11.344235333333332,727.7866816666666,268.380156,-81.992992,614.1871530000001,17.7037705,-49.241969499999996,425.884886,167.8073045,-35.237929,-22.83254199999999,-45.014331
-11.338398666666668,727.7634203333333,268.3910716666667,-81.9585125,614.0942399999999,17.716751,-49.410298,424.707799,166.6380245,-35.251494,-22.487195999999983,-45.182953
-11.333525,727.7356633333334,268.40132,-81.924614,613.9998045,17.729222,-49.5727525,423.537461,165.4602285,-35.26374700000001,-22.14251200000001,-45.34920699999998
-11.329594333333333,727.7034049999999,268.4109133333333,-81.8913145,613.9038465,17.741215,-49.7294975,422.374098,164.274403,-35.274793,-21.798559999999952,-45.51301000000001
-11.326587333333334,727.6666396666668,268.4198636666667,-81.858632,613.8063649999999,17.7527605,-49.8807005,421.21792300000004,163.0810405,-35.284739,-21.455409999999972,-45.67428699999999
-11.324484666666669,727.6253653333333,268.42818500000004,-81.8265835,613.7073585,17.7638915,-50.026529499999995,420.069141,161.880637,-35.293687,-21.11313199999995,-45.832964000000004
-11.323265666666666,727.5795813333333,268.435891,-81.795186,613.606824,17.774642,-50.167152,418.927947,160.6736945,-35.301742,-20.771795999999995,-45.988967
-11.322911,727.5292896666666,268.44299533333333,-81.7644555,613.504758,17.7850475,-50.302735999999996,417.79452449999997,159.46071799999999,-35.309006000000004,-20.43147300000004,-46.14222800000002
-11.323400333333332,727.4744953333334,268.44951233333336,-81.734409,613.4011545000001,17.7951435,-50.433449,416.6690495,158.24221799999998,-35.315578,-20.09223300000002,-46.29267999999999
-11.324712,727.4152043333333,268.4554566666667,-81.705061,613.296008,17.8049685,-50.559456999999995,415.5516855,157.01870300000002,-35.321558,-19.754143,-46.440259999999995
-11.326826666666667,727.3514260000001,268.46084333333334,-81.676426,613.1893115,17.8145595,-50.680926,414.4425865,155.790687,-35.327044,-19.417275000000018,-46.58490599999999
-11.329722666666667,727.2831706666666,268.4656876666666,-81.648518,613.0810564999999,17.823956499999998,-50.798018,413.341897,154.5586835,-35.332132,-19.081696000000022,-46.726563
-11.33338,727.2104519999999,268.47000499999996,-81.6213495,612.9712340000001,17.8331985,-50.910894,412.2497515,153.3232065,-35.336914,-18.74747500000001,-46.86517500000002
-11.337778,727.1332846666668,268.47381033333335,-81.594933,612.8598335,17.842325499999998,-51.019711,411.166273,152.08477,-35.34148400000001,-18.414679999999976,-47.00069199999999
-11.342895666666669,727.0516856666667,268.4771206666666,-81.5692785,612.746845,17.851378,-51.124624,410.0915765,150.843886,-35.345932,-18.083376999999984,-47.13306399999999
-11.348712333333333,726.965674,268.47995099999997,-81.544397,612.6322565,17.8603975,-51.2257835,409.02576450000004,149.6010665,-35.350342999999995,-17.753634999999974,-47.262247
-11.355207666666667,726.875271,268.482318,-81.5202965,612.5160559999999,17.8694245,-51.323336,407.968933,148.356819,-35.354804,-17.42551800000001,-47.38820199999999
-11.362361333333332,726.7804993333334,268.48423699999995,-81.4969845,612.39823,17.8784995,-51.417424499999996,406.92116550000003,147.1116495,-35.359396999999994,-17.099092999999982,-47.510889000000006
-11.370152666666668,726.681384,268.4857246666667,-81.4744685,612.278765,17.887665000000002,-51.508185499999996,405.88253699999996,145.866059,-35.364202999999996,-16.77442400000001,-47.630272000000005
-11.378561666666668,726.5779506666668,268.48679633333336,-81.452752,612.1576465,17.8969605,-51.595751,404.85311149999995,144.620545,-35.369298,-16.45157499999999,-47.746322000000006
-11.387568666666667,726.470228,268.4874686666667,-81.431839,612.0348595,17.9064265,-51.680249,403.83294650000005,143.3755995,-35.37475799999999,-16.130608999999993,-47.859009
-11.397153333333334,726.3582456666667,268.4877573333333,-81.411733,611.9103895000001,17.916104,-51.7617995,402.822087,142.1317085,-35.380655000000004,-15.811588000000029,-47.96830899999999
-11.407297,726.2420353333333,268.487678,-81.3924325,611.7842205,17.9260315,-51.8405185,401.8205715,140.889353,-35.387057,-15.494573000000003,-48.074202000000014
-11.417980333333333,726.1216293333333,268.48724666666664,-81.373938,611.656336,17.936248499999998,-51.9165135,400.8284285,139.649005,-35.394031,-15.179625000000044,-48.17666799999999
-11.429183333333333,725.9970626666667,268.48647866666664,-81.356248,611.526721,17.9467925,-51.9898875,399.845678,138.4111305,-35.401641,-14.866802000000007,-48.275695
-11.440888333333334,725.8683713333334,268.48538966666666,-81.3393575,611.395359,17.9577015,-52.060736,398.8723315,137.176188,-35.409948,-14.556161000000031,-48.37126999999998
-11.453076666666668,725.735592,268.48399466666666,-81.323261,611.2622335,17.9690115,-52.1291475,397.908393,135.944625,-35.419007,-14.247761999999966,-48.463384000000005
-11.465730333333333,725.598764,268.482308,-81.307952,611.1273285,17.9807575,-52.195203,396.95385650000003,134.7168825,-35.42887399999999,-13.941659000000016,-48.55203499999999
-11.478831666666666,725.4579266666666,268.48034433333333,-81.293421,610.9906275000001,17.992973,-52.258977,396.0087115,133.49338899999998,-35.43959999999999,-13.637905000000046,-48.637219999999985
-11.492364,725.313122,268.47811866666666,-81.279658,610.8521145,18.005691,-52.3205365,395.07293649999997,132.2745665,-35.451233,-13.336555000000033,-48.718941
-11.506310000000001,725.1643909999999,268.47564366666666,-81.266651,610.7117745,18.0189425,-52.379941,394.14650600000004,131.060823,-35.463818,-13.037660000000017,-48.79720200000001
-11.520653333333334,725.0117783333334,268.472934,-81.2543855,610.5695915,18.032757999999998,-52.4372415,393.2293855,129.8525575,-35.477396999999996,-12.741268999999988,-48.87201300000001
-11.535377666666667,724.855329,268.4700026666667,-81.242847,610.4255515,18.047164,-52.49248300000001,392.3215345,128.650157,-35.49201,-12.44743299999999,-48.943383999999995
-11.550467333333332,724.6950866666666,268.46686166666666,-81.232017,610.27964,18.0621885,-52.545702500000004,391.422907,127.4539965,-35.507691,-12.156198000000018,-49.01133100000001
-11.565908,724.5310996666667,268.463524,-81.2218775,610.131843,18.077855500000002,-52.596929,390.5334485,126.2644385,-35.524474000000005,-11.867609000000016,-49.07586699999999
-11.581684000000001,724.3634146666667,268.46000066666664,-81.212408,609.9821485,18.0941885,-52.6461845,389.6531015,125.08183349999999,-35.542389,-11.581713000000036,-49.137017
-11.597782,724.1920806666667,268.4563043333333,-81.2035855,609.8305435,18.111208,-52.693483,388.78180299999997,123.9065195,-35.561460000000004,-11.298550000000034,-49.194801
-11.614187000000001,724.0171463333332,268.45244533333334,-81.1953865,609.6770174999999,18.1289325,-52.738831,387.91948249999996,122.73882,-35.58171399999999,-11.01816100000002,-49.24924399999999
-11.630887000000001,723.8386623333332,268.4484336666667,-81.1877855,609.5215599999999,18.147380000000002,-52.782228,387.0660665,121.579047,-35.603170000000006,-10.740587000000005,-49.300375999999986
-11.647868333333333,723.656679,268.44428,-81.180756,609.3641625,18.1665655,-52.823667,386.221478,120.42749649999999,-35.625845999999996,-10.46586400000001,-49.348226999999994
-11.665118666666666,723.4712476666667,268.43999333333335,-81.17426900000001,609.2048175,18.1865015,-52.863133000000005,385.385633,119.28445350000001,-35.649756000000004,-10.194028000000003,-49.392831000000015
-11.682626333333333,723.2824206666666,268.43558233333334,-81.1682945,609.0435175,18.207198,-52.900604,384.558447,118.1501865,-35.674912000000006,-9.925114000000008,-49.434223
-11.700379666666668,723.090251,268.43105599999996,-81.1628005,608.880258,18.228665,-52.9360535,383.73983050000004,117.02495049999999,-35.701323,-9.659153000000003,-49.472442999999984
-11.718367999999998,722.8947926666666,268.42642133333334,-81.15775450000001,608.715035,18.250908,-52.969445500000006,382.9296895,115.90898800000001,-35.728997,-9.396176999999966,-49.50753
-11.736580333333334,722.6960983333332,268.42168599999997,-81.15312349999999,608.5478465,18.2739305,-53.00073999999999,382.1279305,114.80252399999999,-35.757935999999994,-9.136212999999998,-49.53952799999999
-11.755006999999999,722.4942233333335,268.4168563333333,-81.14887,608.3786915000001,18.2977345,-53.029889999999995,381.334455,113.705771,-35.78813999999999,-8.879287999999974,-49.56848000000001
-11.773638666666665,722.2892223333334,268.41193933333335,-81.1449585,608.2075709999999,18.32232,-53.0568435,380.549163,112.6189275,-35.819607,-8.625426000000004,-49.594435000000004
-11.792466,722.081151,268.406939,-81.141351,608.034489,18.347684,-53.0815425,379.771953,111.54217600000001,-35.852335000000004,-8.37465199999997,-49.617442
-11.811480333333334,721.8700650000001,268.401862,-81.13800950000001,607.859449,18.3738205,-53.103924500000005,379.002722,110.475685,-35.886315,-8.126985999999988,-49.63754999999999
-11.830673333333332,721.6560203333332,268.39671200000004,-81.1348925,607.682458,18.400722000000002,-53.123922500000006,378.24136599999997,109.4196095,-35.921539,-7.882446000000016,-49.654813000000004
-11.850038,721.439074,268.39149233333336,-81.1319605,607.5035244999999,18.42838,-53.1414635,377.48778000000004,108.3740885,-35.957995000000004,-7.641048000000012,-49.669285
-11.869566666666666,721.2192833333334,268.3862073333333,-81.1291725,607.3226589999999,18.4567815,-53.15647250000001,376.741858,107.3392485,-35.995669,-7.402809999999988,-49.68102099999999
-11.889251999999999,720.996705,268.3808596666667,-81.126485,607.139874,18.485912,-53.1688695,376.003495,106.3151995,-36.034543000000006,-7.167743999999971,-49.69007899999998
-11.909087999999999,720.7713966666666,268.37545100000006,-81.12385599999999,606.9551845000001,18.515755,-53.178571500000004,375.2725845,105.30204,-36.074601,-6.9358609999999885,-49.69651799999998
-11.929068000000001,720.5434166666668,268.3699833333333,-81.121242,606.7686075,18.546293,-53.185492999999994,374.5490225,104.29985249999999,-36.115822,-6.707168999999965,-49.700396999999995
-11.949187333333333,720.3128223333333,268.3644583333333,-81.1185985,606.580162,18.577502499999998,-53.189545499999994,373.832703,103.308707,-36.158183,-6.481675999999993,-49.701779999999985
-11.969440333333333,720.0796729999998,268.358876,-81.1158825,606.3898695,18.6093625,-53.190638500000006,373.123523,102.3286605,-36.20166100000001,-6.259388000000001,-49.700727
-11.989821333333333,719.8440266666667,268.3532373333333,-81.113049,606.197754,18.641845999999997,-53.18867949999999,372.4213795,101.35975450000001,-36.246227,-6.040306999999984,-49.697300999999996
-12.010326333333333,719.605942,268.34754233333337,-81.11005349999999,606.003841,18.674927999999998,-53.183574500000006,371.726172,100.40202049999999,-36.291855000000005,-5.824433999999997,-49.691569
-12.030951333333334,719.3654793333334,268.34178966666667,-81.106852,605.8081605,18.708577000000002,-53.17523,371.037801,99.455474,-36.338514,-5.611769999999979,-49.683594
-12.051691666666665,719.1226963333334,268.3359786666667,-81.103399,605.6107415,18.742763500000002,-53.16355,370.35616849999997,98.52012099999999,-36.386174000000004,-5.402310999999997,-49.673444
-12.072544,718.8776526666667,268.33010766666666,-81.0996505,605.411619,18.777454000000002,-53.14844050000001,369.6811795,97.59595350000001,-36.434801,-5.196053000000006,-49.661185
-12.093505333333333,718.6304093333333,268.3241756666667,-81.0955635,605.2108275,18.812613000000002,-53.129806,369.012741,96.6829525,-36.484362000000004,-4.992989999999963,-49.646883
-12.114572333333335,718.3810243333334,268.3181793333333,-81.091093,605.0084059999999,18.848205,-53.107552999999996,368.35076200000003,95.7810875,-36.534819999999996,-4.793114000000003,-49.63060899999999
-12.135741666666666,718.1295580000001,268.31211666666667,-81.0861965,604.804395,18.8841905,-53.081588499999995,367.6951555,94.8903155,-36.586137,-4.596412999999984,-49.61242899999999
-12.157011333333335,717.8760713333332,268.30598499999996,-81.0808315,604.598838,18.9205315,-53.0518215,367.0458355,94.01058549999999,-36.638276999999995,-4.4028769999999895,-49.59241300000001
-12.178378666666665,717.620624,268.299781,-81.0749555,604.3917795,18.9571855,-53.018162499999995,366.4027215,93.1418335,-36.691199,-4.212491,-49.570629
-12.199841666666666,717.3632763333334,268.29350166666666,-81.068528,604.183268,18.994110000000003,-52.9805255,365.7657335,92.2839875,-36.744863,-4.025240999999994,-49.54714700000001
-12.221397999999999,717.104089,268.287143,-81.0615095,603.973354,19.0312615,-52.938826000000006,365.134796,91.43696399999999,-36.79922800000001,-3.841107999999963,-49.522036
-12.243045333333335,716.8431219999999,268.28070099999997,-81.05385899999999,603.7620905,19.068595000000002,-52.8929825,364.5098385,90.6006715,-36.854251000000005,-3.660075000000006,-49.49536500000001
-12.264783,716.5804373333334,268.274172,-81.04554,603.549532,19.106064,-52.842919,363.8907915,89.775011,-36.909890000000004,-3.4821190000000115,-49.467203999999995
-12.286608999999999,716.3160953333332,268.267552,-81.036515,603.335736,19.1436215,-52.7885615,363.2775905,88.959873,-36.96609899999999,-3.30722099999997,-49.437622000000005
-12.308521666666666,716.050157,268.26083666666665,-81.0267485,603.1207625,19.1812195,-52.729841,362.670174,88.1551415,-37.022836,-3.13535399999995,-49.406687000000005
-12.330519,715.7826833333334,268.25402133333336,-81.01620600000001,602.904673,19.218809,-52.6666935,362.068486,87.360693,-37.080055,-2.9664960000000065,-49.37447
-12.352600666666666,715.5137366666668,268.24710200000004,-81.00485499999999,602.6875315,19.2563405,-52.599059,361.4724715,86.5763965,-37.13771,-2.8006189999999833,-49.341037
-12.37476466666667,715.2433776666667,268.240074,-80.992664,602.469405,19.2937635,-52.526883,360.88208199999997,85.8021155,-37.19575600000001,-2.6376939999999536,-49.306455
-12.397010333333334,714.9716686666667,268.23293266666667,-80.9796035,602.2503604999999,19.331027499999998,-52.450117,360.297272,85.037707,-37.254148,-2.4776919999999905,-49.270793999999995
-12.419335666666667,714.6986713333332,268.22567399999997,-80.9656465,602.030469,19.3680815,-52.3687185,359.7179995,84.2830235,-37.312837,-2.320582999999999,-49.23411899999999
-12.441739666666665,714.4244473333333,268.2182936666666,-80.950765,601.8098025,19.404875,-52.2826505,359.144226,83.53791050000001,-37.371779000000004,-2.166334000000006,-49.19649700000001
-12.464221666666665,714.1490600000001,268.2107866666667,-80.934937,601.588435,19.441356499999998,-52.19188200000001,358.575919,82.802211,-37.43092600000001,-2.014911999999981,-49.157992
-12.486779,713.8725703333333,268.20315,-80.9181385,601.366442,19.477473,-52.096389,358.013048,82.075763,-37.490233999999994,-1.8662820000000124,-49.11867
-12.509411333333333,713.5950416666668,268.19537833333334,-80.90035,601.143901,19.513175500000003,-51.9961555,357.4555865,81.3584015,-37.549655,-1.7204110000000128,-49.078593000000005
-12.532117,713.3165363333334,268.187469,-80.881553,600.920891,19.548411,-51.8911705,356.90351250000003,80.6499575,-37.609142999999996,-1.5772589999999695,-49.037825
-12.554893999999999,713.0371176666667,268.17941766666667,-80.86173099999999,600.6974925,19.583129500000002,-51.781431,356.3568075,79.95026,-37.668652,-1.436790999999971,-48.996428
-12.577740999999998,712.7568486666665,268.17122066666667,-80.8408705,600.4737875000001,19.617281000000002,-51.66694100000001,355.8154565,79.2591355,-37.72814,-1.2989670000000046,-48.954461
-12.600655999999999,712.4757923333333,268.16287600000004,-80.818959,600.2498585000001,19.6508155,-51.547713,355.279448,78.57641050000001,-37.787558,-1.1637479999999982,-48.911985
-12.623637333333335,712.1940116666666,268.15437933333334,-80.795987,600.025791,19.6836835,-51.423764999999996,354.74877449999997,77.901907,-37.846864,-1.0310949999999934,-48.86905800000001
-12.646682666666669,711.9115713333332,268.145729,-80.77194800000001,599.8016695,19.715837,-51.2951245,354.2234315,77.23545,-37.906015,-0.9009670000000369,-48.825736000000006
-12.66979,711.6285343333334,268.13692266666663,-80.7468355,599.5775799999999,19.7472275,-51.161826000000005,353.703418,76.5768615,-37.964968000000006,-0.7733220000000074,-48.782077
-12.692957,711.3449649999999,268.12795800000004,-80.7206475,599.3536105000001,19.777810000000002,-51.023911500000004,353.188736,75.9259635,-38.023679,-0.6481159999999591,-48.738133
-12.716180333333334,711.0609266666667,268.11883366666666,-80.693383,599.129849,19.8075385,-50.881432000000004,352.6793905,75.282581,-38.08211,-0.5253109999999879,-48.693957999999995
-12.739458666666666,710.7764846666668,268.1095493333333,-80.66504450000001,598.9063835,19.8363685,-50.7344435,352.1753895,74.6465375,-38.140219,-0.4048609999999826,-48.649603
-12.762787666666666,710.4917033333332,268.1001033333334,-80.635636,598.683303,19.864255999999997,-50.583012499999995,351.67674350000004,74.0176585,-38.197967,-0.28672299999999495,-48.605118999999995
-12.786164333333334,710.2066466666665,268.09049533333337,-80.6051635,598.4606975,19.891160999999997,-50.427213,351.183466,73.3957715,-38.25531600000001,-0.17085399999996298,-48.56055299999999
-12.809585666666665,709.9213803333333,268.08072599999997,-80.573636,598.2386564999999,19.917043,-50.2671245,350.6955735,72.78070650000001,-38.31223100000001,-0.05720900000000029,-48.515953
-12.833047666666667,709.6359683333334,268.07079633333336,-80.541065,598.0172695,19.9418625,-50.102836499999995,350.2130835,72.172295,-38.368674999999996,0.05425500000001193,-48.471364
-12.856546333333334,709.3504760000001,268.0607063333333,-80.5074635,597.7966260000001,19.9655835,-49.9344445,349.736016,71.570372,-38.424612999999994,0.16358200000001943,-48.42683
-12.880077666666667,709.0649693333334,268.050459,-80.472848,597.5768165,19.98817,-49.762052499999996,349.26439400000004,70.97477549999999,-38.480015,0.27081800000001977,-48.382389
-12.903637333333334,708.7795123333334,268.04005566666666,-80.4372355,597.3579295,20.009589499999997,-49.5857695,348.79823999999996,70.3853465,-38.534847000000006,0.37600600000001805,-48.338085
-12.92722,708.494172,268.0294986666667,-80.40064699999999,597.1400545,20.02981,-49.405715,348.3375805,69.8019305,-38.589079999999996,0.47919100000001436,-48.293955000000004
-12.950821333333332,708.2090126666667,268.01879233333335,-80.36310499999999,596.9232795,20.048801,-49.222012500000005,347.88244199999997,69.224377,-38.642687,0.580415999999957,-48.25003400000001
-12.974436333333335,707.9241003333333,268.0079393333333,-80.3246335,596.7076925,20.066537,-49.034794000000005,347.432853,68.652539,-38.695640000000004,0.6797260000000165,-48.20635600000001
-12.998058666666667,707.639501,267.99694466666665,-80.285259,596.4933814999999,20.0829905,-48.844197,346.988842,68.0862755,-38.747913999999994,0.7771640000000275,-48.162955000000004
-13.021682666666665,707.3552803333333,267.985813,-80.245011,596.2804305,20.0981395,-48.6503655,346.55044,67.52544900000001,-38.79948499999999,0.8727739999999926,-48.11986
-13.045302666666666,707.0715033333332,267.97454933333336,-80.2039185,596.0689265,20.1119625,-48.453449500000005,346.117677,66.969928,-38.850335,0.9665979999999763,-48.077099999999994
-13.068911666666667,706.7882370000001,267.96316,-80.16201650000001,595.8589535,20.1244405,-48.253605500000006,345.690584,66.419585,-38.90044100000001,1.0586799999999812,-48.034702
-13.092503666666666,706.5055463333333,267.9516513333333,-80.1193375,595.6505930000001,20.135557,-48.0509945,345.269192,65.8742995,-38.94978900000001,1.149062000000015,-47.992689
-13.116071666666665,706.2234973333334,267.94003100000003,-80.0759185,595.4439275,20.145297499999998,-47.845783,344.8535335,65.3339565,-38.998357999999996,1.237784999999974,-47.951085
-13.139607333333332,705.9421560000001,267.92830533333336,-80.031797,595.2390365,20.1536505,-47.638143,344.443639,64.7984455,-39.046138000000006,1.3248899999999821,-47.909909
-13.163104333333331,705.6615873333334,267.91648333333336,-79.98701349999999,595.0359975,20.1606065,-47.428250999999996,344.03953950000005,64.267662,-39.093115999999995,1.4104169999999954,-47.86918
-13.186554999999998,705.3818573333333,267.9045733333333,-79.941608,594.834889,20.166158,-47.2162865,343.641266,63.741510000000005,-39.139281,1.4944079999999644,-47.828914000000005
-13.20995,705.103031,267.89258533333333,-79.895623,594.635784,20.170301,-47.0024345,343.248848,63.2198965,-39.18462699999999,1.5769000000000233,-47.78912699999999
-13.233282,704.8251746666666,267.8805276666667,-79.8491025,594.4387565,20.173033,-46.786884,342.86231499999997,62.702736,-39.22914599999999,1.6579320000000166,-47.74982800000001
-13.256541666666665,704.5483519999999,267.86841166666665,-79.802092,594.2438775,20.1743535,-46.5698255,342.4816945,62.189949999999996,-39.272835,1.7375429999999596,-47.711029999999994
-13.279721,704.2726283333333,267.856247,-79.754638,594.0512145,20.1742655,-46.351453,342.10701400000005,61.681465,-39.315692,1.8157679999999914,-47.672740000000005
-13.302810333333333,703.9980686666668,267.844046,-79.7067865,593.8608355,20.172774,-46.1319635,341.738298,61.177214000000006,-39.357717,1.8926440000000184,-47.634964000000004
-13.325800666666668,703.7247366666667,267.831819,-79.6585875,593.672804,20.169887,-45.911557,341.375572,60.6771375,-39.39891,1.9682060000000092,-47.59770699999999
-13.348681333333333,703.4526963333333,267.81957900000003,-79.6100885,593.4871820000001,20.165613999999998,-45.6904335,341.018858,60.181180999999995,-39.439279,2.0424899999999866,-47.56096999999999
-13.371443666666664,703.1820113333333,267.807338,-79.5613405,593.30403,20.1599675,-45.4687955,340.668177,59.6892965,-39.478826999999995,2.1155259999999885,-47.524755
-13.394076666666669,702.9127453333334,267.79510899999997,-79.512394,593.1234039999999,20.152960999999998,-45.246847,340.3235465,59.201443,-39.517562,2.1873489999999833,-47.489059999999995
-13.416571,702.6449606666666,267.78290499999997,-79.4632995,592.9453595,20.144612499999997,-45.0247905,339.98498500000005,58.717585,-39.55549499999999,2.2579900000000066,-47.45388199999999
-13.438915333333334,702.37872,267.7707393333333,-79.414109,592.769948,20.1349405,-44.802831999999995,339.652506,58.2376935,-39.592636,2.32747999999998,-47.419214999999994
-13.461099333333332,702.1140839999999,267.75862666666666,-79.3648745,592.597218,20.123967,-44.581174999999995,339.326122,57.761744500000006,-39.629002,2.395848000000001,-47.385053000000006
-13.483112,701.8511149999999,267.7465806666667,-79.31564750000001,592.4272175,20.111715,-44.360023,339.0058435,57.289722,-39.664604,2.463122999999996,-47.35138599999999
-13.504942,701.589873,267.73461533333335,-79.26648,592.2599889999999,20.098209999999998,-44.1395785,338.69167749999997,56.8216135,-39.699463,2.5293310000000133,-47.318203000000004
-13.526579333333332,701.3304183333333,267.7227456666667,-79.217424,592.0955739999999,20.083479999999998,-43.9200445,338.3836295,56.35741350000001,-39.733595,2.5945009999999797,-47.285495000000004
-13.548011666666667,701.0728103333332,267.71098666666666,-79.1685325,591.9340105,20.067555,-43.701619,338.08170099999995,55.897121500000004,-39.767022,2.6586580000000026,-47.253247
-13.569227,700.817107,267.69935333333336,-79.119856,591.775334,20.0504665,-43.484502,337.7858915,55.440743,-39.799766000000005,2.721826999999962,-47.221441999999996
-13.590214666666668,700.5633666666666,267.68786066666667,-79.07144600000001,591.6195765,20.0322475,-43.2688875,337.496199,54.988287,-39.831851,2.7840300000000298,-47.190066
-13.610962666666666,700.3116463333334,267.67652400000003,-79.023354,591.466768,20.012933,-43.054969,337.212616,54.5397695,-39.863302000000004,2.845290000000034,-47.15910100000001
-13.631459666666666,700.0620013333333,267.66535833333336,-78.975629,591.3169345,19.9925605,-42.8429365,336.935134,54.09521,-39.894144999999995,2.9056299999999737,-47.12852600000001
-13.651693333333332,699.8144883333334,267.65437933333334,-78.9283215,591.1701,19.9711685,-42.6329765,336.66374099999996,53.6546335,-39.924409,2.9650700000000256,-47.098321
-13.671651333333331,699.5691603333333,267.6436023333333,-78.88148100000001,591.0262845,19.9487965,-42.4252715,336.39842250000004,53.218069,-39.954122999999996,3.023630999999966,-47.068466
-13.691323000000002,699.3260710000001,267.633043,-78.8351545,590.8855065,19.9254865,-42.2199995,336.13916,52.785548500000004,-39.983317,3.081327999999985,-47.038937000000004
-13.710695666666666,699.0852719999999,267.622716,-78.789388,590.747781,19.901281,-42.017334999999996,335.885933,52.35711,-40.012022,3.138181999999972,-47.00971
-13.729757333333334,698.8468153333333,267.6126366666667,-78.744229,590.61312,19.876224,-41.8174475,335.6387165,51.9327935,-40.040271000000004,3.1942090000000007,-46.980761
-13.748495999999998,698.6107513333333,267.6028206666667,-78.6997215,590.481532,19.8503605,-41.620501000000004,335.39748499999996,51.512643499999996,-40.068098,3.249424000000033,-46.952065
-13.7669,698.3771276666666,267.5932813333333,-78.655909,590.3530235000001,19.8237365,-41.426655499999995,335.16220799999996,51.096708,-40.095537,3.3038439999999696,-46.923593999999994
-13.784957666666665,698.1459926666666,267.58403500000003,-78.6128335,590.2275985,19.7963995,-41.236064,334.932852,50.685036,-40.12262200000001,3.3574820000000045,-46.89532199999999
-13.802656666666666,697.9173926666666,267.575095,-78.5705355,590.1052569999999,19.768397,-41.048875,334.709381,50.2776815,-40.14939,3.410349999999994,-46.867222999999996
-13.819986,697.6913726666667,267.56647599999997,-78.529054,589.9859974999999,19.739777999999998,-40.865229,334.491757,49.8747,-40.175876,3.4624619999999595,-46.839265999999995
-13.836933666666667,697.4679759999999,267.55819133333335,-78.4884265,589.8698145,19.710591,-40.685262,334.279937,49.4761485,-40.202116000000004,3.5138299999999845,-46.811425
-13.853488,697.247246,267.55025466666666,-78.4486885,589.756701,19.6808865,-40.5091035,334.07387600000004,49.0820875,-40.228149,3.5644639999999868,-46.783669
-13.869638333333333,697.0292223333332,267.5426790000001,-78.409875,589.6466475,19.650714,-40.336875,333.8735275,48.692578000000005,-40.25401000000001,3.6143749999999955,-46.755972
-13.885373000000001,696.8139456666667,267.5354766666667,-78.372018,589.5396405,19.6201245,-40.1686925,333.67884100000003,48.307683000000004,-40.279737,3.663571999999988,-46.728302
-13.900681333333333,696.6014533333333,267.52865966666667,-78.3351475,589.435665,19.5891675,-40.0046635,333.4897625,47.9274665,-40.305367000000004,3.7120630000000006,-46.700631
-13.915552,696.3917816666667,267.5222406666666,-78.2992915,589.3347045,19.5578945,-39.84489,333.3062375,47.5519935,-40.330938,3.759857000000011,-46.672928999999996
-13.929975666666666,696.1849656666667,267.51622933333334,-78.264478,589.2367380000001,19.526356,-39.6894655,333.128206,47.181329,-40.356487,3.8069619999999986,-46.645168
-13.943941,695.9810386666667,267.5106376666667,-78.23073049999999,589.1417435000001,19.494601999999997,-39.5384765,332.955609,46.81554,-40.382048999999995,3.8533840000000055,-46.61732000000001
-13.957437999999998,695.780032,267.50547466666666,-78.198072,589.049697,19.462683,-39.392001,332.7883815,46.4546915,-40.407662,3.8991290000000163,-46.589355
-13.970457333333334,695.5819759999999,267.5007503333333,-78.1665225,588.9605710000001,19.4306485,-39.250111000000004,332.626459,46.098850500000005,-40.43336,3.9442040000000134,-46.561245
-13.982989333333334,695.3868983333333,267.4964726666667,-78.1361005,588.8743374999999,19.398549499999998,-39.1128695,332.46977300000003,45.748082,-40.459181,3.988614000000041,-46.532962
-13.995025,695.1948256666666,267.49265033333336,-78.106822,588.7909649999999,19.366433,-38.9803325,332.318253,45.402452999999994,-40.485157,4.032363999999973,-46.504479999999994
-14.006555333333333,695.005783,267.4892903333334,-78.078702,588.710422,19.334348000000002,-38.852547,332.1718275,45.0620255,-40.511324,4.0754570000000285,-46.475770999999995
-14.017571333333334,694.8197923333333,267.48639966666667,-78.0517505,588.6326725,19.3023425,-38.729554,332.03042200000004,44.726864500000005,-40.537713999999994,4.11790000000002,-46.446811000000004
-14.028066,694.6368756666667,267.48398333333336,-78.02597850000001,588.557681,19.270463,-38.611385,331.89396,44.397032499999995,-40.564358,4.159694000000002,-46.417573
-14.038030999999998,694.4570513333333,267.482048,-78.0013935,588.4854095000001,19.238755,-38.4980645,331.76236400000005,44.07258949999999,-40.591289,4.200844000000018,-46.388034999999995
-14.047458999999998,694.2803376666667,267.480597,-77.97800000000001,588.4158170000001,19.207264000000002,-38.3896085,331.635553,43.753595000000004,-40.618534999999994,4.241354000000001,-46.358172
-14.056342999999998,694.1067496666666,267.47963366666664,-77.9558015,588.3488635,19.176033,-38.2860265,331.5134465,43.440106500000006,-40.64612700000001,4.281225000000006,-46.327961
-14.064677000000001,693.9363006666666,267.47916166666664,-77.934799,588.2845055,19.1451065,-38.1873195,331.3959615,43.132178499999995,-40.674091000000004,4.320461000000023,-46.297382999999996
-14.072454,693.7690023333333,267.4791823333333,-77.9149905,588.2226985,19.114524,-38.09348,331.2830125,42.8298655,-40.702454,4.359064999999987,-46.266414999999995
-14.079669666666668,693.6048646666668,267.4796966666667,-77.896373,588.163397,19.084328,-38.0044945,331.1745155,42.533217500000006,-40.731239,4.397039000000007,-46.235041
-14.086317999999999,693.4438953333333,267.480705,-77.878941,588.1065544999999,19.054555,-37.920340499999995,331.0703805,42.2422825,-40.760473,4.43438500000002,-46.203241
-14.092395000000002,693.2860999999999,267.4822073333333,-77.86268749999999,588.0521229999999,19.0252445,-37.840990000000005,330.97052199999996,41.9571075,-40.790174,4.47110600000002,-46.17099900000001
-14.097895666666668,693.1314823333333,267.48420166666665,-77.8476005,588.0000525,18.9964325,-37.7664065,330.8748485,41.677732999999996,-40.820364999999995,4.507204999999999,-46.1383
-14.102817333333334,692.9800453333334,267.4866853333333,-77.83367100000001,587.9502935,18.968153,-37.696546,330.7832695,41.404201,-40.851066,4.542683000000011,-46.10512800000001
-14.107156333333336,692.8317876666666,267.4896553333333,-77.82088300000001,587.9027945,18.9404395,-37.631359,330.6956945,41.136546499999994,-40.88229,4.5775429999999915,-46.071473
-14.110910666666667,692.6867076666667,267.49310833333334,-77.8092215,587.8575045,18.913324499999998,-37.570787499999994,330.612031,40.874804,-40.914055,4.611788000000047,-46.037322
-14.114078000000001,692.5448016666666,267.49703866666664,-77.7986685,587.8143689999999,18.886837,-37.514768,330.53218400000003,40.619003500000005,-40.946376,4.645420000000001,-46.002665
-14.116656666666666,692.4060633333333,267.50144066666667,-77.789205,587.7733350000001,18.8610055,-37.463231,330.45606150000003,40.3691715,-40.979262000000006,4.678442999999959,-45.967493000000005
-14.118646666666669,692.2704843333335,267.5063076666667,-77.780809,587.7343485,18.835857,-37.4160995,330.38356799999997,40.1253315,-41.012727,4.710857999999973,-45.93180099999999
-14.120047333333332,692.1380556666667,267.5116326666666,-77.77345749999999,587.6973545000001,18.811417,-37.3732915,330.314608,39.887502,-41.046777000000006,4.742668000000037,-45.895582000000005
-14.12085833333333,692.0087646666667,267.5174063333333,-77.76712599999999,587.6622970000001,18.7877085,-37.334718,330.2490865,39.6557,-41.081419999999994,4.773877000000027,-45.85883
-14.121081333333331,691.8825983333332,267.5236203333333,-77.761787,587.6291200000001,18.7647535,-37.3002855,330.1869065,39.4299385,-41.11666099999999,4.8044909999999845,-45.821545
-14.120718000000002,691.75954,267.5302643333334,-77.7574125,587.597767,18.742572,-37.269895,330.1279715,39.210224,-41.152502,4.8345090000000255,-45.783724
-14.119769666666668,691.639573,267.53732766666667,-77.7539735,587.568182,18.721182,-37.2434415,330.072185,38.996562,-41.188947,4.863938000000019,-45.745368
-14.118239333333335,691.5226776666667,267.5447993333334,-77.751438,587.540307,18.7006005,-37.2208155,330.019449,38.788953,-41.225993,4.892782000000011,-45.706478000000004
-14.116131000000001,691.4088323333334,267.55266566666666,-77.7497745,587.5140845,18.680842499999997,-37.201903,329.9696665,38.5873945,-41.263642,4.921044999999992,-45.667057
-14.113447333333333,691.2980143333334,267.5609153333333,-77.7489485,587.4894569999999,18.6619205,-37.186586000000005,329.922738,38.391879,-41.301886,4.948732000000007,-45.627108
-14.110194333333332,691.1901983333333,267.5695336666667,-77.748925,587.4663665,18.643847,-37.174741,329.87856750000003,38.2023955,-41.340722,4.975848999999982,-45.586639
-14.106375666666667,691.0853576666667,267.578506,-77.749667,587.4447545,18.626631000000003,-37.1662415,329.8370565,38.018928,-41.380143000000004,5.00240100000002,-45.545656
-14.101998333333333,690.983464,267.5878176666667,-77.7511385,587.4245635,18.6102815,-37.1609575,329.7981055,37.841459,-41.420141,5.028392999999994,-45.504166
-14.097068333333334,690.8844873333334,267.5974533333333,-77.75330100000001,587.4057345,18.594804,-37.158754,329.7616175,37.669965,-41.460704,5.053833000000054,-45.462180000000004
-14.091592333333333,690.788395,267.6073963333333,-77.7561135,587.3882095,18.580205,-37.1594955,329.727493,37.504419500000004,-41.50182100000001,5.078726000000017,-45.419709000000005
-14.085578666666665,690.6951543333333,267.6176296666667,-77.7595375,587.3719309999999,18.566486,-37.1630405,329.695634,37.3447915,-41.543479000000005,5.103079999999977,-45.376763
-14.079035,690.60473,267.6281363333333,-77.763531,587.3568395,18.553651,-37.169248,329.665942,37.191047,-41.585662,5.12690200000003,-45.333358
-14.071970000000002,690.517085,267.638898,-77.76805350000001,587.3428775,18.5416985,-37.177972,329.63831849999997,37.043147,-41.628356000000004,5.150200999999981,-45.289506
-14.064393333333333,690.4321813333332,267.6498966666666,-77.773062,587.329987,18.5306285,-37.189065,329.612665,36.9010495,-41.671542,5.172984000000042,-45.245222999999996
-14.056315,690.3499793333334,267.66111333333333,-77.7785135,587.3181095,18.5204385,-37.202379,329.5888835,36.7647095,-41.715202000000005,5.1952589999999645,-45.200525
-14.047745333333333,690.2704383333333,267.67252933333333,-77.78436500000001,587.307187,18.5111245,-37.2177635,329.566875,36.634078,-41.759315,5.217036000000007,-45.15543
-14.038695333333331,690.1935153333334,267.684125,-77.7905725,587.2971625,18.502681,-37.235065500000005,329.54654200000004,36.509100000000004,-41.803861000000005,5.238321999999982,-45.109956000000004
-14.029177333333335,690.119166,267.69588066666665,-77.79709249999999,587.2879785,18.4951015,-37.2541325,329.527786,36.3897205,-41.848817000000004,5.259130000000027,-45.064121
-14.019203,690.0473466666666,267.7077753333333,-77.80387999999999,587.2795775,18.4883795,-37.2748105,329.5105085,36.275879,-41.894159,5.279467000000011,-45.017946
-14.008784666666669,689.9780099999999,267.7197903333333,-77.8108925,587.2719025,18.482505,-37.296945,329.4946125,36.1675125,-41.939864,5.299345000000017,-44.971451
-13.997936333333334,689.9111086666667,267.731904,-77.818083,587.2648965000001,18.4774685,-37.320381,329.47999949999996,36.0645545,-41.985906,5.3187730000000215,-44.924656999999996
-13.986671333333334,689.8465943333334,267.74409633333335,-77.82540900000001,587.258503,18.473259000000002,-37.3449635,329.466572,35.9669345,-42.032258999999996,5.337763999999993,-44.877587000000005
-13.975004,689.784417,267.75634699999995,-77.832826,587.2526660000001,18.469863999999998,-37.370538,329.45423300000004,35.874579,-42.078896,5.356326000000024,-44.830262
-13.962949,689.7245266666667,267.76863499999996,-77.84028950000001,587.2473305,18.467271500000003,-37.396949,329.442884,35.7874135,-42.125789999999995,5.374471999999969,-44.78270500000001
-13.950521,689.6668713333333,267.78093966666665,-77.84775499999999,587.242439,18.465466499999998,-37.424043499999996,329.43242899999996,35.7053585,-42.172913,5.392214000000024,-44.734941
-13.937736666666666,689.6113983333333,267.79324033333336,-77.85517949999999,587.237938,18.4644355,-37.451668,329.42277049999996,35.628330999999996,-42.220236,5.4095629999999915,-44.686992
-13.924610666666666,689.5580556666667,267.805517,-77.8625205,587.2337715000001,18.4641615,-37.4796695,329.41381149999995,35.556248000000004,-42.267729,5.426531000000011,-44.638882
-13.91116,689.5067886666666,267.81774866666666,-77.86973449999999,587.2298855,18.4646295,-37.507898,329.405456,35.489022,-42.315364,5.443131999999991,-44.590636
-13.897401666666667,689.457542,267.8299156666667,-77.8767795,587.226226,18.465822,-37.5362035,329.397607,35.4265625,-42.363111,5.459374000000025,-44.542279
-13.883351666666668,689.4102623333333,267.84199766666666,-77.883614,587.2227395,18.467722,-37.564438,329.3901695,35.368778,-42.41094,5.475273000000016,-44.493834
-13.869028333333334,689.3648926666666,267.85397566666666,-77.890196,587.2193715000001,18.470311000000002,-37.592456,329.38304700000003,35.3155745,-42.45882,5.4908399999999915,-44.445327
-13.854449,689.3213776666666,267.8658296666667,-77.896487,587.2160705,18.4735705,-37.620112999999996,329.376144,35.266855,-42.50672,5.506087999999977,-44.396784
-13.839631666666667,689.2796600000001,267.87754133333334,-77.902447,587.2127835,18.4774825,-37.647267,329.3693665,35.22252,-42.554612000000006,5.521028999999999,-44.348228
-13.824594333333332,689.2396836666667,267.8890916666667,-77.90803650000001,587.2094585,18.4820265,-37.6737795,329.362618,35.182469499999996,-42.602463,5.535675999999967,-44.299682999999995
-13.809355333333334,689.201391,267.90046266666667,-77.913219,587.2060445,18.4871825,-37.699512,329.35580600000003,35.146601,-42.650244,5.550042000000019,-44.251176
-13.793933999999998,689.1647256666666,267.911637,-77.917957,587.2024905000001,18.492932,-37.7243315,329.348837,35.11481,-42.697925,5.564137999999957,-44.202732
-13.778347666666667,689.1296303333334,267.92259766666666,-77.922215,587.198746,18.499254,-37.748107000000005,329.341616,35.0869905,-42.745476000000004,5.57797800000003,-44.154373
-13.762616666666666,689.0960473333333,267.9333276666667,-77.9259585,587.194761,18.5061285,-37.77071,329.33405200000004,35.063035,-42.792866000000004,5.591571999999985,-44.106124
-13.746759333333332,689.06392,267.94381166666665,-77.929155,587.190487,18.5135345,-37.792015,329.326052,35.042834,-42.840068,5.6049339999999575,-44.058009999999996
-13.730793999999998,689.0331913333333,267.95403400000004,-77.9317705,587.1858755000001,18.521451,-37.8119015,329.317526,35.0262775,-42.887049000000005,5.618075999999974,-44.010055
-13.714740999999998,689.0038043333334,267.96398100000005,-77.9337755,587.1808785000001,18.5298585,-37.830251,329.3083825,35.0132545,-42.933784,5.631009000000006,-43.962281
-13.698618999999999,688.9757036666666,267.97363766666666,-77.93513899999999,587.1754490000001,18.538736,-37.846949,329.298532,35.0036525,-42.980244,5.6437440000000265,-43.914711
-13.682447333333334,688.9488323333334,267.982992,-77.9358335,587.1695394999999,18.5480625,-37.861886,329.287886,34.997357,-43.0264,5.656292000000008,-43.867369999999994
-13.666243999999999,688.9231353333333,267.99203166666666,-77.9358315,587.163106,18.5578185,-37.874955,329.27635699999996,34.994254500000004,-43.072226,5.668663999999978,-43.820279
-13.65002933333333,688.8985576666668,268.00074466666666,-77.9351075,587.156103,18.5679825,-37.886053000000004,329.263858,34.994229499999996,-43.117696,5.680871999999965,-43.773458999999995
-13.633821333333332,688.8750456666667,268.0091203333333,-77.933637,587.1484875,18.5785345,-37.8950825,329.25030449999997,34.997166,-43.162780999999995,5.6929250000000025,-43.726934
-13.617638999999999,688.8525453333333,268.0171496666667,-77.931398,587.1402145,18.5894555,-37.9019505,329.2356115,35.002948,-43.207457000000005,5.704831000000013,-43.680724000000005
-13.601500999999999,688.8310033333333,268.02482333333336,-77.928369,587.1312439999999,18.6007245,-37.906566500000004,329.219697,35.011459,-43.251701,5.716601999999966,-43.63485
-13.585425666666668,688.8103696666667,268.0321333333333,-77.92453,587.121534,18.612322,-37.908846499999996,329.202479,35.0225815,-43.295487,5.728246000000013,-43.589332999999996
-13.569430333333335,688.7905923333334,268.03907266666664,-77.91986349999999,587.111045,18.6242295,-37.908711000000004,329.183879,35.0361985,-43.338792,5.739772000000016,-43.544191
-13.553533999999999,688.7716220000001,268.04563533333334,-77.914353,587.0997385000001,18.636426500000002,-37.906084500000006,329.163819,35.052192,-43.381593,5.751186000000018,-43.499446
-13.537753333333333,688.7534099999999,268.0518163333333,-77.907984,587.0875765000001,18.648895500000002,-37.9008975,329.14222299999994,35.0704455,-43.423868999999996,5.762495999999999,-43.455117
-13.522106333333333,688.735909,268.0576116666667,-77.900743,587.0745225000001,18.661617500000002,-37.8930845,329.119017,35.090841,-43.465597,5.773709999999994,-43.411222
-13.506609666666668,688.7190730000001,268.063018,-77.892619,587.0605425,18.6745745,-37.8825865,329.0941305,35.113262,-43.506757,5.784832999999992,-43.367779999999996
-13.491279,688.7028573333333,268.068033,-77.883603,587.045603,18.687749,-37.86935,329.067494,35.1375915,-43.54733,5.795872000000031,-43.324809
-13.476131,688.6872189999999,268.072656,-77.87368599999999,587.029671,18.7011225,-37.8533245,329.0390395,35.163713,-43.587295,5.806830999999988,-43.282326
-13.461181333333334,688.6721160000001,268.07688666666667,-77.8628625,587.0127170000001,18.7146785,-37.834468,329.00870499999996,35.1915105,-43.626636000000005,5.817713999999967,-43.240348999999995
-13.446444999999999,688.657509,268.08072666666664,-77.851129,586.9947119999999,18.7284005,-37.812743,328.9764285,35.2208685,-43.665334,5.828527000000008,-43.198895
-13.431936333333335,688.6433586666667,268.08417633333335,-77.838483,586.9756295,18.742271,-37.788118,328.9421515,35.251673499999995,-43.703372,5.8392709999999965,-43.157981
-13.417669666666669,688.6296293333334,268.0872403333333,-77.8249225,586.9554439999999,18.7562755,-37.760567,328.90582,35.283811,-43.740734,5.84994800000004,-43.117622
-13.403658666666667,688.6162863333333,268.0899213333333,-77.8104515,586.9341325,18.7703965,-37.730070999999995,328.867382,35.317169,-43.777404,5.860562000000016,-43.077836000000005
-13.389915333333333,688.6032959999999,268.09222466666665,-77.79507100000001,586.911674,18.78462,-37.696616,328.82678999999996,35.3516345,-43.813368,5.871113999999977,-43.038637
-13.376453333333336,688.5906289999999,268.09415633333333,-77.778787,586.888049,18.7989295,-37.6601955,328.7839995,35.3870965,-43.848611000000005,5.881603000000041,-43.000043000000005
-13.363282666666668,688.5782553333333,268.09572366666663,-77.761607,586.8632419999999,18.813311,-37.620809,328.738971,35.4234465,-43.88312,5.892031999999972,-42.962067
-13.350415333333336,688.5661490000001,268.096934,-77.7435395,586.8372380000001,18.82775,-37.578461,328.6916685,35.460575500000004,-43.916882,5.902395000000013,-42.924725
-13.337861666666667,688.5542863333334,268.0977963333333,-77.724595,586.810025,18.842232,-37.5331655,328.6420615,35.498377500000004,-43.949885,5.912694999999985,-42.888033
-13.325630333333331,688.5426443333332,268.09832033333333,-77.704788,586.781594,18.856743,-37.484941,328.59012199999995,35.536746,-43.982116000000005,5.922928000000013,-42.852006
-13.313731666666667,688.5312036666668,268.09851699999996,-77.6841325,586.7519385,18.8712685,-37.433814,328.53583000000003,35.575576999999996,-44.013566,5.933092000000045,-42.816658
-13.302171999999999,688.5199469999999,268.09839800000003,-77.662645,586.7210545,18.885796,-37.3798175,328.4791675,35.6147685,-44.044223,5.943180999999981,-42.782002999999996
-13.290959666666666,688.5088593333334,268.09797533333335,-77.640345,586.6889415,18.900312,-37.322992,328.42012450000004,35.65422,-44.074078,5.953194999999994,-42.748058
-13.280101000000002,688.4979293333332,268.097263,-77.6172535,586.655602,18.914802,-37.263385,328.3586945,35.6938325,-44.103122,5.963124999999991,-42.714837
-13.269602,688.4871463333333,268.0962743333334,-77.5933925,586.6210404999999,18.929254500000003,-37.201051,328.2948785,35.733509,-44.131344,5.972968999999978,-42.682354000000004
-13.259466666666668,688.4765036666668,268.0950246666667,-77.5687875,586.5852675,18.943655,-37.1360525,328.228683,35.773154500000004,-44.158737,5.982717999999977,-42.650623
-13.249699999999999,688.4659973333333,268.09352966666665,-77.543466,586.5482935,18.957991,-37.06846,328.16012049999995,35.8126775,-44.185294,5.9923670000000016,-42.61966100000001
-13.240304666666669,688.4556253333334,268.0918053333333,-77.5174555,586.510135,18.972250000000003,-36.9983495,328.089211,35.8519855,-44.211005,6.0019080000000145,-42.589481
-13.231283333333332,688.445389,268.08986933333335,-77.490788,586.4708125,18.986418,-36.9258075,328.01598049999996,35.890991,-44.235865000000004,6.011332999999979,-42.560097999999996
-13.222637,688.435293,268.087739,-77.463496,586.430348,19.000483,-36.850927,327.940463,35.929608,-44.259868,6.02063400000003,-42.531528
-13.214366666666669,688.4253439999999,268.085433,-77.4356155,586.3887695,19.0144315,-36.7738085,327.862699,35.967753,-44.283005,6.029801999999961,-42.503786
-13.206472666666668,688.415552,268.08297,-77.407182,586.346108,19.02825,-36.694562,327.7827375,36.005344,-44.305272,6.038826999999969,-42.47688599999999
-13.198952666666665,688.4059296666666,268.0803696666667,-77.3782355,586.3024,19.041926,-36.613304,327.7006345,36.042303,-44.326664,6.047699000000023,-42.450844
-13.191805333333333,688.3964933333333,268.07765166666667,-77.3488165,586.257685,19.0554445,-36.530161,327.61645450000003,36.0785545,-44.347173999999995,6.056408999999974,-42.425675
-13.185028,688.3872623333333,268.07483633333334,-77.318969,586.2120070000001,19.068793,-36.445267,327.5302715,36.114025,-44.366798,6.064943000000028,-42.401394
-13.178616333333332,688.3782586666666,268.0719443333333,-77.2887375,586.165416,19.0819565,-36.358764,327.44216700000004,36.1486435,-44.385532,6.073291999999981,-42.378019
-13.172566333333334,688.3695073333333,268.06899733333336,-77.2581685,586.1179655000001,19.094921499999998,-36.2708025,327.3522305,36.1823435,-44.403371,6.081442999999979,-42.355563
-13.166872333333332,688.3610366666667,268.0660166666667,-77.227312,586.0697144999999,19.1076725,-36.181542,327.2605635,36.2150605,-44.420311999999996,6.089384999999993,-42.334042999999994
-13.161527666666666,688.352879,268.06302400000004,-77.196219,586.0207264999999,19.120195499999998,-36.0911515,327.16727449999996,36.2467325,-44.436351,6.097104999999999,-42.313475
-13.156525,688.3450686666666,268.0600406666667,-77.164943,585.97107,19.1324745,-35.999807000000004,327.07248300000003,36.277302,-44.451484,6.104589999999973,-42.293874
-13.151857,688.3376436666667,268.05708933333335,-77.13353749999999,585.92082,19.144493,-35.9076935,326.97631650000005,36.3067135,-44.465709000000004,6.111827000000005,-42.275256999999996
-13.147514333333334,688.3306456666668,268.05419233333333,-77.102061,585.870055,19.1562355,-35.815006000000004,326.878915,36.334915,-44.479024,6.11880199999996,-42.25764
-13.143487333333333,688.3241183333333,268.05137133333335,-77.0705725,585.81886,19.167685,-35.7219465,326.78042800000003,36.361858,-44.491425,6.125504000000035,-42.24104
-13.139764999999999,688.31811,268.04864933333334,-77.039132,585.7673259999999,19.178824,-35.6287285,326.6810135,36.3874985,-44.502911,6.131917000000044,-42.225471
-13.136337333333335,688.312671,268.0460483333334,-77.0078025,585.7155485,19.1896345,-35.5355705,326.58084399999996,36.4117945,-44.513479000000004,6.13802800000002,-42.210951
-13.133191000000002,688.3078556666666,268.0435903333334,-76.97664950000001,585.6636289999999,19.2000975,-35.442703,326.4801,36.434708,-44.523129999999995,6.143823999999995,-42.197496
-13.130313999999998,688.3037216666667,268.04129766666665,-76.945739,585.611675,19.210195000000002,-35.350364,326.37897350000003,36.4562045,-44.531862000000004,6.14928900000001,-42.185121
-13.127691999999998,688.3003296666667,268.0391916666667,-76.915139,585.5598004999999,19.2199065,-35.2587995,326.2776695,36.4762535,-44.539673,6.154410999999982,-42.173840999999996
-13.125311666666667,688.2977430000001,268.03729500000003,-76.88492049999999,585.508124,19.229211,-35.1682665,326.1764015,36.4948275,-44.546565,6.159177,-42.163673
-13.123157666666666,688.296029,268.03562800000003,-76.8551555,585.4567715000001,19.238089,-35.0790285,326.07539699999995,36.511905,-44.552537,6.163569999999993,-42.154632
-13.121214333333334,688.2952576666667,268.0342126666667,-76.825917,585.4058745,19.246516999999997,-34.991358500000004,325.9748945,36.5274645,-44.557589,6.167581000000041,-42.146733
-13.119466000000001,688.2955023333333,268.03306833333335,-76.7972815,585.35557,19.254473500000003,-34.9055375,325.875144,36.541492500000004,-44.561723,6.171191999999962,-42.139991
-13.117894999999999,688.296839,268.032217,-76.7693255,585.3060009999999,19.261934999999998,-34.821856,325.776407,36.553976,-44.56494,6.174392000000012,-42.134420000000006
-13.116484666666667,688.2993473333332,268.03167733333333,-76.742129,585.2573195,19.268877999999997,-34.7406125,325.67895799999997,36.564909,-44.567243,6.177167999999995,-42.130033999999995
-13.115217333333332,688.3031103333333,268.03146899999996,-76.715771,585.2096795,19.275277499999998,-34.6621115,325.58308250000005,36.5742865,-44.568633,6.179507000000001,-42.126845
-13.114074666666667,688.3082126666667,268.03161066666667,-76.69033350000001,585.1632445,19.281107499999997,-34.586669,325.4890785,36.5821105,-44.569114,6.181397000000004,-42.124867
-13.113037,688.314743,268.0321203333333,-76.665902,585.1181819999999,19.286343000000002,-34.514607,325.39725699999997,36.588384000000005,-44.568690000000004,6.182826000000034,-42.124112000000004
-13.112086,688.3227929999999,268.03301533333337,-76.6425595,585.0746670000001,19.290957,-34.446255,325.30793900000003,36.593118000000004,-44.56736599999999,6.183782000000008,-42.124590000000005
-13.111202333333333,688.3324563333334,268.03431299999994,-76.62039299999999,585.0328804999999,19.294922,-34.381951,325.2214585,36.596323,-44.565146,6.184255000000007,-42.126312
-13.110365000000002,688.3438300000001,268.0360296666667,-76.599491,584.9930085,19.298209500000002,-34.3220395,325.1381625,36.5980175,-44.562035,6.184233000000006,-42.129289
-13.109554666666668,688.357014,268.0381796666667,-76.5799415,584.955245,19.300791,-34.2668725,325.05840850000004,36.5982235,-44.558041,6.18370699999997,-42.133527
-13.108750333333333,688.3721099999999,268.0407783333333,-76.561836,584.9197875,19.302636500000002,-34.2168085,324.982567,36.5969645,-44.553171000000006,6.182665999999983,-42.139035
-13.107931333333333,688.3892226666667,268.04383966666666,-76.5452655,584.8868425000001,19.303717,-34.1722135,324.911019,36.594272,-44.547433,6.181104000000005,-42.145818
-13.107077666666667,688.4084603333334,268.04737566666665,-76.530322,584.856619,19.304001,-34.133459,324.844158,36.590179,-44.540836,6.179012,-42.153884000000005
-13.106166333333334,688.4299313333335,268.051399,-76.5171,584.8293335000001,19.3034575,-34.1009225,324.7823885,36.584724,-44.533391,6.176383000000044,-42.163232
-13.105178666666665,688.4537489999999,268.05592,-76.50569300000001,584.8052085,19.302055,-34.074987,324.72612649999996,36.577949000000004,-44.525105999999994,6.173208999999986,-42.173868
-13.104091666666664,688.4800270000001,268.06095,-76.4961975,584.7844715,19.299761,-34.056041,324.6757985,36.569901,-44.515996,6.169485000000009,-42.18579
-13.102884999999999,688.5088816666666,268.06649699999997,-76.4887095,584.767354,19.296543,-34.044479,324.631843,36.56063,-44.506074,6.165208000000007,-42.199
-13.101537666666667,688.540431,268.0725693333333,-76.483325,584.7540945000001,19.2923685,-34.040698,324.5947075,36.5501915,-44.495352,6.160370999999998,-42.213493
-13.100027666666668,688.5747963333333,268.07917466666663,-76.480142,584.7449355,19.2872035,-34.0451015,324.56484950000004,36.538644500000004,-44.483847,6.154972999999984,-42.229265000000005
