Sh_x,Sh_y,Sh_z,El_x,El_y,El_z,Wr_x,Wr_y,Wr_z,WrVec_x,WrVec_y,WrVec_z
-72.712431,585.842166,336.7816943333333,-189.6701885,457.22168650000003,26.6437495,-104.6001535,201.424671,43.0843765,-57.36765700000001,-23.197550000000007,-33.101297
-72.743229,585.8582806666667,336.77343566666667,-189.68457,457.2955975,26.592096,-104.476323,201.501686,43.07235,-57.325706,-23.245874000000015,-33.13598399999999
-72.77492533333333,585.8762956666666,336.764991,-189.7034065,457.37588800000003,26.539118000000002,-104.354208,201.5864785,43.071174,-57.282692,-23.295798999999988,-33.171644
-72.80752166666667,585.8962396666667,336.75636833333334,-189.72677249999998,457.462598,26.4848505,-104.2338115,201.679258,43.0813255,-57.23858100000001,-23.347387999999995,-33.208265
-72.84101933333334,585.9181413333333,336.7475766666667,-189.75474200000002,457.55576199999996,26.429334500000003,-104.11513500000001,201.7802345,43.103288,-57.193338,-23.400705000000016,-33.245836
-72.87541833333334,585.9420306666666,336.73862533333335,-189.787385,457.6554075,26.372615500000002,-103.99817949999999,201.88961849999998,43.137547,-57.14692699999999,-23.455813000000006,-33.284342
-72.91072100000001,585.9679366666667,336.7295243333333,-189.8247715,457.7615545,26.314741,-103.88294400000001,202.007621,43.184593,-57.09931200000001,-23.512778000000026,-33.323768
-72.946927,585.99589,336.7202843333333,-189.8669675,457.8742165,26.255765,-103.7694285,202.1344535,43.244921500000004,-57.050456999999994,-23.571664999999996,-33.364095
-72.984038,586.0259203333334,336.71091633333333,-189.9140395,457.993401,26.1957445,-103.6576295,202.2703285,43.319028,-57.000325000000004,-23.632543,-33.405302
-73.02205400000001,586.058059,336.701432,-189.966048,458.1191055,26.134739999999997,-103.547542,202.415457,43.407413,-56.94887600000001,-23.695475999999985,-33.447368
-73.06097533333333,586.0923366666667,336.6918446666666,-190.0230545,458.25132299999996,26.072816000000003,-103.43916100000001,202.570052,43.510577,-56.89607400000001,-23.760534000000007,-33.490266000000005
-73.10080233333333,586.1287846666667,336.68216566666666,-190.0851155,458.3900375,26.0100425,-103.33247850000001,202.7343255,43.629023000000004,-56.841879000000006,-23.827787,-33.533970000000004
-73.14153499999999,586.1674333333334,336.6724096666667,-190.152286,458.535227,25.946492,-103.2274855,202.90848949999997,43.7632535,-56.78625099999999,-23.897301,-33.578451
-73.18317233333333,586.208315,336.66258999999997,-190.224618,458.68686049999997,25.882241,-103.12417149999999,203.092756,43.9137715,-56.72915099999999,-23.96914799999999,-33.623677
-73.225714,586.2514606666667,336.652722,-190.30216000000001,458.8449005,25.817371,-103.02252399999999,203.28733599999998,44.08108,-56.67053799999999,-24.043397999999996,-33.669613999999996
-73.26915866666667,586.2969023333334,336.6428203333333,-190.384956,459.00930200000005,25.7519665,-102.9225295,203.49244149999998,44.265679500000005,-56.61037299999998,-24.12012100000001,-33.716225
-73.31350466666667,586.3446716666666,336.63290066666667,-190.4730495,459.18001100000004,25.686116000000002,-102.82417000000001,203.7082825,44.46807,-56.548614,-24.199387,-33.763472
-73.35875,586.394799,336.62297966666665,-190.56647850000002,459.3569675,25.6199115,-102.7274285,203.9350685,44.6887475,-56.48521899999999,-24.281267000000014,-33.811313
-73.40489266666667,586.4473173333333,336.613074,-190.665278,459.54010400000004,25.553448,-102.63228600000001,204.173009,44.928207,-56.42014800000001,-24.36583200000001,-33.859703999999994
-73.45192899999999,586.502257,336.6032006666667,-190.7694785,459.7293445,25.4868265,-102.53871799999999,204.422312,45.1869375,-56.353358,-24.45315199999999,-33.908601000000004
-73.499856,586.5596503333333,336.59337899999997,-190.879108,459.9246045,25.420149,-102.44670250000001,204.68318349999998,45.465424999999996,-56.28480900000001,-24.54329900000002,-33.957952
-73.54867,586.6195276666667,336.58362500000004,-190.9941885,460.12579500000004,25.353521,-102.356212,204.95583,45.7641485,-56.21445799999999,-24.636341999999985,-34.007709000000006
-73.598366,586.6819203333333,336.57395966666667,-191.1147405,460.33281650000004,25.2870535,-102.267219,205.2404555,46.083584,-56.14226199999999,-24.732350999999994,-34.057818
-73.64893933333333,586.7468580000001,336.5644016666667,-191.24077799999998,460.54556249999996,25.220858500000002,-102.179692,205.537261,46.424197500000005,-56.06818200000001,-24.831395999999984,-34.108223
-73.70038466666666,586.8143723333334,336.5549703333333,-191.372311,460.76392,25.155051,-102.09359950000001,205.8464485,46.7864515,-55.992172999999994,-24.933547000000004,-34.158865000000006
-73.75269466666667,586.8844926666667,336.5456863333333,-191.509346,460.9877685,25.0897505,-102.008905,206.16821499999998,47.170798,-55.914196000000004,-25.038871999999998,-34.209683999999996
-73.805863,586.9572486666667,336.5365696666666,-191.6518835,461.21698000000004,25.0250785,-101.92557250000002,206.502758,47.577681,-55.834207000000006,-25.147436000000027,-34.260617999999994
-73.85988166666665,587.0326696666666,336.52764233333335,-191.79992149999998,461.45141850000005,24.961159,-101.843562,206.85027150000002,48.007535000000004,-55.75216600000002,-25.259310999999997,-34.3116
-73.91474366666667,587.1107846666667,336.5189253333333,-191.9534505,461.6909415,24.898119,-101.762832,207.21094599999998,48.4607855,-55.66803,-25.374558000000007,-34.362562999999994
-73.970439,587.1916209999999,336.5104406666667,-192.112459,461.9354,24.836087,-101.6833385,207.584971,48.937847,-55.581761,-25.493246,-34.413438
-74.02695866666666,587.2752073333334,336.50220933333327,-192.2769275,462.1846375,24.775195,-101.60503500000002,207.9725305,49.4391215,-55.49331600000001,-25.615436999999986,-34.46415100000001
-74.08429233333334,587.36157,336.494255,-192.4468335,462.4384905,24.7155765,-101.527874,208.373809,49.9650005,-55.40265800000002,-25.741194000000007,-34.51462899999999
-74.14242866666667,587.450736,336.48660033333334,-192.622149,462.6967885,24.657367,-101.451804,208.788983,50.515862,-55.309743999999995,-25.870578000000023,-34.564796
-74.201356,587.5427306666667,336.47926766666666,-192.802841,462.95935599999996,24.600703499999998,-101.37677349999998,209.2182295,51.092071000000004,-55.21453699999999,-26.003648999999996,-34.614574000000005
-74.261062,587.6375796666667,336.47228133333334,-192.9888705,463.22601,24.545725,-101.30272599999999,209.661719,51.693978,-55.116997999999995,-26.14046400000001,-34.663880000000006
-74.32153366666667,587.7353063333334,336.46566333333334,-193.180194,463.4965615,24.4925715,-101.22960549999999,210.119619,52.32192,-55.01709099999999,-26.281082000000026,-34.712633999999994
-74.38275666666667,587.8359350000001,336.45943800000003,-193.37676249999998,463.77081499999997,24.441384499999998,-101.1573525,210.59209249999998,52.976217500000004,-54.914777000000015,-26.425555000000003,-34.760749000000004
-74.44471666666666,587.939488,336.4536293333333,-193.578521,464.0485705,24.3923075,-101.085906,211.079297,53.657175499999994,-54.81002199999999,-26.573938,-34.808142999999994
-74.50739833333334,588.0459866666666,336.4482606666666,-193.78541,464.32962050000003,24.345484000000003,-101.01520300000001,211.581386,54.3650825,-54.70278800000001,-26.726280000000003,-34.854723
-74.57078566666667,588.1554526666667,336.44335666666666,-193.997365,464.6137545,24.301058,-100.9451785,212.0985085,55.100211,-54.59304300000001,-26.882631000000003,-34.90040400000001
-74.63486033333334,588.267905,336.438941,-194.214314,464.9007545,24.259174,-100.8757655,212.6308065,55.8628135,-54.480751,-27.043036999999998,-34.94509299999999
-74.69960633333334,588.383363,336.435038,-194.4361815,465.19039899999996,24.2199775,-100.8068955,213.1784175,56.653126,-54.365883,-27.207540999999992,-34.988698
-74.76500466666667,588.501844,336.431672,-194.66288600000001,465.4824605,24.183614,-100.73849849999999,213.74147349999998,57.471366,-54.248405000000005,-27.376186999999987,-35.031124000000005
-74.831036,588.623365,336.4288666666667,-194.8943405,465.77670850000004,24.150229,-100.670502,214.320099,58.3177305,-54.12828999999999,-27.54901000000001,-35.072277
-74.89768099999999,588.7479413333333,336.426646,-195.130453,466.072907,24.1199665,-100.602833,214.914414,59.192397,-54.005506,-27.726049999999987,-35.112062
-74.96491866666666,588.875587,336.425035,-195.371125,466.370816,24.092972500000002,-100.5354165,215.52453,60.095523,-53.880027,-27.90733799999998,-35.150380000000006
-75.03272766666667,589.0063163333333,336.42405633333334,-195.616254,466.6701935,24.069390499999997,-100.4681765,216.1505525,61.0272455,-53.75182699999999,-28.092906999999997,-35.187133
-75.101086,589.14014,336.4237346666667,-195.865732,466.97079199999996,24.049363,-100.4010355,216.79258,61.98768,-53.62087899999999,-28.282782000000026,-35.222224000000004
-75.16997133333334,589.2770693333333,336.424093,-196.11944499999998,467.2723615,24.0330325,-100.33391449999999,217.450704,62.97692000000001,-53.487162999999995,-28.47699,-35.25555000000001
-75.23935999999999,589.4171133333334,336.425155,-196.377274,467.57464949999996,24.0205405,-100.26673500000001,218.12500699999998,63.995037499999995,-53.350654000000006,-28.67555200000001,-35.287015
-75.30922766666667,589.56028,336.42694366666666,-196.6390955,467.87740099999996,24.012026,-100.1994155,218.815565,65.042082,-53.211332999999996,-28.878483999999986,-35.316516
-75.37955033333333,589.7065759999999,336.429482,-196.904781,468.1803575,24.007626,-100.13187500000001,219.522445,66.11807950000001,-53.069182,-29.085802,-35.343953000000006
-75.45030233333334,589.856006,336.43279233333334,-197.174196,468.48326,24.007477,-100.064032,220.24570649999998,67.2230345,-52.924182,-29.297518999999994,-35.369225
-75.52145766666666,590.0085743333333,336.4368973333333,-197.4472025,468.785847,24.0117135,-99.995805,220.9853995,68.3569275,-52.776318,-29.513641000000007,-35.392231
-75.59299033333333,590.1642833333333,336.4418186666667,-197.723656,469.087856,24.020466,-99.9271095,221.741566,69.519715,-52.62557699999999,-29.734172,-35.412872
-75.66487233333334,590.323133,336.4475773333333,-198.00341,469.3890235,24.033865,-99.8578635,222.514238,70.7113295,-52.471947,-29.959114,-35.431045
-75.73707733333333,590.485123,336.45419499999997,-198.2863115,469.6890845,24.052036,-99.787984,223.3034395,71.93168,-52.31541800000001,-30.188463000000013,-35.446652
-75.80957633333333,590.6502516666667,336.46169166666664,-198.572203,469.9877755,24.075103,-99.717388,224.109184,73.180652,-52.15598,-30.422212000000002,-35.459594
-75.88234066666666,590.818514,336.47008800000003,-198.8609245,470.284831,24.1031865,-99.645992,224.9314755,74.45810449999999,-51.99362799999999,-30.66035099999999,-35.469770999999994
-75.95534166666667,590.9899039999999,336.4794033333333,-199.1523095,470.5799865,24.1364045,-99.5737145,225.7703095,75.763875,-51.82835899999999,-30.90286500000002,-35.47708600000001
-76.02854933333333,591.164416,336.48965633333336,-199.44619,470.872979,24.174871,-99.500472,226.62566850000002,77.0977735,-51.660168,-31.149734999999993,-35.48144299999999
-76.10193466666666,591.34204,336.50086600000003,-199.7423925,471.163545,24.2186965,-99.4261845,227.4975285,78.4595875,-51.48905499999999,-31.400939000000022,-35.482747
-76.17546566666665,591.5227663333334,336.51305,-200.040741,471.45142350000003,24.267987,-99.3507705,228.385852,79.849079,-51.315023,-31.656450000000007,-35.48090199999999
-76.24911333333333,591.7065826666667,336.52622533333334,-200.34105499999998,471.736354,24.322847,-99.27415049999999,229.290592,81.265986,-51.138075,-31.916237999999993,-35.475818
-76.32284600000001,591.8934746666667,336.5404086666667,-200.643152,472.0180795,24.383374,-99.1962455,230.211692,82.71002150000001,-50.958214999999996,-32.18026800000001,-35.467403000000004
-76.39663133333333,592.083427,336.55561566666665,-200.946845,472.29634450000003,24.4496635,-99.1169785,231.14908350000002,84.180874,-50.775453,-32.448499,-35.455568
-76.47043933333333,592.276422,336.5718616666666,-201.2519455,472.570896,24.521805,-99.0362725,232.102687,85.678208,-50.589797000000004,-32.72089199999999,-35.440225999999996
-76.544237,592.472441,336.58916100000005,-201.55826100000002,472.84148500000003,24.599884499999998,-98.9540535,233.07241299999998,87.2016635,-50.40125900000001,-32.997398000000004,-35.421293000000006
-76.61799266666667,592.6714636666667,336.607527,-201.86559799999998,473.1078645,24.683982,-98.8702485,234.05816,88.750857,-50.209855000000005,-33.277964000000026,-35.39868800000001
-76.69167433333332,592.8734663333333,336.62697266666663,-202.17375900000002,473.3697915,24.774174000000002,-98.784785,235.05981500000001,90.3253805,-50.015600000000006,-33.56253799999999,-35.372327
-76.76524933333333,593.0784253333333,336.64751,-202.482547,473.6270285,24.870532,-98.697595,236.07725499999998,91.9248035,-49.81851200000001,-33.851057999999995,-35.342136999999994
-76.83868500000001,593.2863146666667,336.66914966666667,-202.7917605,473.8793405,24.973122000000004,-98.6086105,237.110345,93.5486715,-49.618611,-34.143462,-35.30803900000001
-76.91194933333334,593.4971063333332,336.69190299999997,-203.1011975,474.1264985,25.082003,-98.5177675,238.158939,95.196507,-49.415921,-34.439682000000005,-35.269966
-76.98500899999999,593.7107703333332,336.71577933333333,-203.4106545,474.3682775,25.197232,-98.4250015,239.22287849999998,96.867811,-49.210465,-34.73964499999997,-35.227846
-77.057832,593.9272756666667,336.740786,-203.71992749999998,474.604458,25.318858,-98.3302535,240.30199550000003,98.56206,-49.00227100000001,-35.04327700000002,-35.181613999999996
-77.13038566666667,594.146589,336.76693166666666,-204.028811,474.834827,25.4469255,-98.233465,241.3961095,100.278712,-48.79136799999999,-35.35049699999996,-35.13121000000001
-77.20263733333333,594.3686756666667,336.7942223333333,-204.3370995,475.05917650000004,25.5814725,-98.1345815,242.5050295,102.017201,-48.577787,-35.66122300000001,-35.076572
-77.27455466666667,594.5934986666666,336.82266466666664,-204.6445845,475.2773045,25.722531999999998,-98.0335505,243.62855100000002,103.776941,-48.361559,-35.97536600000001,-35.017646
-77.34610566666667,594.82102,336.85226233333333,-204.9510615,475.489016,25.870131,-97.930323,244.76646250000002,105.55732599999999,-48.14272199999999,-36.29283700000002,-34.954381999999995
-77.417258,595.051199,336.88302,-205.2563225,475.6941225,26.02429,-97.82485199999999,245.9185375,107.3577295,-47.921311999999986,-36.61353699999998,-34.886731
-77.48797933333333,595.283994,336.91494033333333,-205.560162,475.8924435,26.1850245,-97.717096,247.084541,109.177507,-47.697368,-36.93737199999998,-34.81465
-77.55823833333334,595.5193613333334,336.94802466666664,-205.8623725,476.0838035,26.352342500000002,-97.607013,248.2642255,111.0159945,-47.470929999999996,-37.26423700000001,-34.738096999999996
-77.62800433333334,595.7572556666667,336.98227433333335,-206.16275100000001,476.268036,26.526247,-97.4945685,249.457334,112.87250900000001,-47.242042999999995,-37.594025999999985,-34.65704000000001
-77.697246,595.9976296666667,337.0176886666667,-206.4610915,476.444983,26.706735000000002,-97.379728,250.6635985,114.746352,-47.01075,-37.926630999999986,-34.571444
-77.765932,596.2404363333334,337.05426766666665,-206.7571925,476.6144925,26.893796000000002,-97.262462,251.8827405,116.636808,-46.77709999999999,-38.26194100000001,-34.48128400000002
-77.83403266666666,596.4856236666666,337.09200733333336,-207.050852,476.77642149999997,27.087414000000003,-97.14274549999999,253.114471,118.5431435,-46.541139,-38.599838000000034,-34.386537000000004
-77.90151733333333,596.7331403333334,337.13090566666665,-207.3418705,476.9306355,27.287568,-97.0205545,254.3584915,120.464613,-46.302919,-38.940203000000025,-34.287183999999996
-77.96835766666668,596.9829336666667,337.1709583333334,-207.63005049999998,477.07700850000003,27.4942285,-96.8958715,255.61449449999998,122.400454,-46.062490999999994,-39.28291699999997,-34.18321200000001
-78.03452366666666,597.2349476666667,337.2121593333333,-207.91519599999998,477.215423,27.707361000000002,-96.768681,256.8821615,124.34989149999998,-45.81990999999999,-39.62785299999999,-34.07461099999999
-78.09998766666666,597.4891259999999,337.25450300000006,-208.1971145,477.34577,27.926924999999997,-96.6389715,258.16116450000004,126.31213699999999,-45.575231,-39.97488500000003,-33.961377999999996
-78.16472133333333,597.745411,337.2979813333333,-208.4756155,477.46795,28.1528725,-96.506736,259.451169,128.2863905,-45.328509999999994,-40.32388399999999,-33.84351099999999
-78.22869766666666,598.0037429999999,337.3425863333333,-208.75051150000002,477.58187250000003,28.385151,-96.3719705,260.751829,130.2718395,-45.07980499999999,-40.67471599999999,-33.721017
-78.29188933333334,598.264061,337.3883083333333,-209.0216175,477.687456,28.6237,-96.2346765,262.0627915,132.267664,-44.829177,-41.02724699999999,-33.593903999999995
-78.35427033333333,598.526303,337.43513733333333,-209.28875349999998,477.784628,28.868455,-96.094856,263.3836955,134.2730305,-44.57668600000001,-41.38134099999999,-33.462186999999986
-78.41581599999999,598.7904053333333,337.48306166666663,-209.5517405,477.87332549999996,29.1193425,-95.952519,264.7141725,136.2871015,-44.322396,-41.73685900000001,-33.325884999999985
-78.476501,599.056303,337.53206866666665,-209.810406,477.953496,29.376286,-95.807677,266.0538445,138.309027,-44.066370000000006,-42.093661000000026,-33.18502199999999
-78.53630166666666,599.3239293333334,337.582145,-210.064579,478.025095,29.639201,-95.6603455,267.4023295,140.337955,-43.808673,-42.451603000000006,-33.039626
-78.59519366666667,599.5932173333334,337.63327666666663,-210.3140945,478.08808799999997,29.907998,-95.510544,268.759236,142.3730235,-43.549372000000005,-42.81054400000002,-32.88973100000001
-78.65315566666668,599.864098,337.6854476666667,-210.5587905,478.14245000000005,30.182582,-95.358297,270.1241695,144.4133685,-43.28853199999999,-43.17033699999999,-32.735375000000005
-78.71016633333333,600.1365023333334,337.73864166666664,-210.79851000000002,478.18816649999997,30.462851,-95.2036315,271.4967265,146.4581215,-43.02622099999999,-43.53083699999996,-32.57660099999998
-78.766203,600.4103583333334,337.79284133333334,-211.033101,478.22523,30.7486985,-95.04657800000001,272.8765,148.50641,-42.762510000000006,-43.891896,-32.413456
-78.82124733333333,600.6855946666666,337.84802966666666,-211.262416,478.253645,31.040011999999997,-94.887173,274.263077,150.5573615,-42.497468,-44.25336600000003,-32.245993
-78.87527933333334,600.9621386666666,337.90418600000004,-211.4863125,478.273425,31.336675,-94.725454,275.656041,152.6101005,-42.23116400000001,-44.61509800000002,-32.07426699999999
-78.92828100000001,601.239916,337.9612906666666,-211.7046525,478.28459150000003,31.6385635,-94.561464,277.0549695,154.6637525,-41.963672,-44.97694500000003,-31.898338999999993
-78.98023466666666,601.518852,338.0193236666667,-211.9173045,478.2871765,31.9455495,-94.39524750000001,278.459439,156.717445,-41.695060999999995,-45.338753999999966,-31.718276000000003
-79.03112433333332,601.7988710000001,338.07826266666666,-212.1241425,478.2812205,32.2575005,-94.226856,279.86902,158.770306,-41.425404,-45.700379999999996,-31.534145999999993
-79.080934,602.079896,338.138085,-212.3250445,478.2667735,32.574279000000004,-94.0563405,281.28328250000004,160.821467,-41.154775,-46.061668999999995,-31.346024
-79.12964933333332,602.3618513333334,338.1987676666667,-212.51989500000002,478.243894,32.8957425,-93.883758,282.7017925,162.870064,-40.883246,-46.42247500000002,-31.153988
-79.17725666666666,602.644658,338.260286,-212.7085855,478.212651,33.221743000000004,-93.70916700000001,284.124116,164.9152375,-40.61089,-46.782647999999995,-30.958118999999982
-79.22374333333333,602.9282376666666,338.3226153333333,-212.8910115,478.17311900000004,33.5521315,-93.53263150000001,285.54981599999996,166.95613500000002,-40.33778099999999,-47.142042000000004,-30.758503999999988
-79.26909766666667,603.2125123333334,338.3857306666667,-213.067076,478.125384,33.886751,-93.35421600000001,286.9784545,168.991908,-40.063993999999994,-47.50050699999997,-30.55523199999999
-79.313309,603.497401,338.4496053333333,-213.23668800000002,478.06953799999997,34.225443,-93.1739895,288.40959599999996,171.02172000000002,-39.789601000000005,-47.857898000000034,-30.348396000000008
-79.35636766666667,603.7828250000001,338.514212,-213.3997605,478.005683,34.5680435,-92.99202299999999,289.842801,173.044741,-39.514675999999994,-48.21406999999999,-30.138093999999995
-79.39826533333333,604.0687033333334,338.5795233333333,-213.5562155,477.9339285,34.9143875,-92.808391,291.2776335,175.06015000000002,-39.239292000000006,-48.568880999999976,-29.92442600000001
-79.43899433333333,604.3549553333334,338.64551166666666,-213.7059805,477.85438999999997,35.264303999999996,-92.62317,292.7136585,177.0671395,-38.96352400000001,-48.92218700000001,-29.707493
-79.478548,604.6415003333333,338.7121476666666,-213.84898850000002,477.76719249999996,35.6176205,-92.43643900000001,294.15044,179.0649105,-38.68744400000001,-49.273848000000044,-29.487404999999995
-79.51692100000001,604.9282576666666,338.77940133333334,-213.98518,477.67246750000004,35.9741605,-92.24828,295.5875475,181.0526795,-38.41112600000001,-49.623726999999974,-29.26426699999999
-79.55410833333333,605.215145,338.84724400000005,-214.11450150000002,477.5703535,36.333746,-92.0587765,297.024551,183.029674,-38.134641,-49.971686000000034,-29.038193999999976
-79.590107,605.5020816666666,338.91564466666665,-214.236906,477.460995,36.6961955,-91.86801399999999,298.461023,184.9951365,-37.858062000000004,-50.31759199999999,-28.80929900000001
-79.62491466666667,605.7889863333334,338.98457333333334,-214.3523525,477.344544,37.061325499999995,-91.67608050000001,299.89654099999996,186.948326,-37.581461000000004,-50.661314000000004,-28.577699999999993
-79.65853033333333,606.075778,339.05399733333337,-214.4608075,477.221158,37.4289505,-91.48306550000001,301.33068549999996,188.88851549999998,-37.304908999999995,-51.002723,-28.343514999999996
-79.69095233333333,606.362375,339.1238863333333,-214.5622435,477.0910005,37.7988825,-91.28906,302.7630415,190.814995,-37.028474,-51.341691000000026,-28.106865999999997
-79.722183,606.6486963333333,339.19420733333334,-214.65663949999998,476.95424049999997,38.170933500000004,-91.0941575,304.193198,192.72707300000002,-36.752229,-51.67809599999998,-27.867874
-79.752223,606.9346616666667,339.2649293333333,-214.7439815,476.811053,38.544914,-90.8984505,305.62075000000004,194.6240755,-36.476241,-52.011818000000005,-27.626665000000003
-79.78107633333333,607.22019,339.336019,-214.82426049999998,476.66161650000004,38.9206305,-90.702035,307.045299,196.50534699999997,-36.20057799999999,-52.34274000000005,-27.383364
-79.808745,607.5052016666667,339.40744333333333,-214.89747599999998,476.50611449999997,39.2978925,-90.5050075,308.46645,198.370253,-35.925309,-52.670748,-27.138097999999985
-79.83523533333333,607.7896166666666,339.47917,-214.96363250000002,476.344736,39.6765065,-90.30746450000001,309.88381649999997,200.218176,-35.65049900000001,-52.995731000000035,-26.890995999999973
-79.86055233333333,608.0733566666667,339.551165,-215.0227415,476.177674,40.056279,-90.109504,311.297018,202.0485235,-35.37621200000001,-53.31758400000001,-26.642185000000012
-79.88470333333332,608.3563413333333,339.62339533333335,-215.0748205,476.005123,40.437017,-89.911225,312.70568049999997,203.860721,-35.10251600000001,-53.63620099999997,-26.391798000000023
-79.90769533333332,608.638494,339.69582800000006,-215.119893,475.8272825,40.818527,-89.7127265,314.10943799999995,205.65421750000002,-34.829471,-53.95148599999999,-26.139961
-79.92953766666666,608.9197366666666,339.7684286666667,-215.15798949999999,475.644355,41.200616000000004,-89.5141065,315.507933,207.42848450000002,-34.557141,-54.26334200000002,-25.886807000000005
-79.95024033333333,609.1999926666667,339.841165,-215.189146,475.456546,41.583090999999996,-89.31546499999999,316.90081399999997,209.1830155,-34.285588000000004,-54.57167799999996,-25.632464999999996
-79.96981333333333,609.479187,339.9140023333333,-215.2134045,475.2640615,41.9657615,-89.116901,318.28774,210.917328,-34.01487,-54.876405999999974,-25.377066000000013
-79.98826766666666,609.7572429999999,339.986908,-215.2308135,475.067113,42.3484355,-88.9185145,319.66837699999996,212.630962,-33.745047,-55.177445999999975,-25.120739999999984
-80.00561733333332,610.0340876666666,340.05984766666666,-215.2414275,474.86590950000004,42.730924,-88.7204025,321.04240000000004,214.323484,-33.47617699999999,-55.474716,-24.863616000000007
-80.02187433333333,610.309647,340.1327886666667,-215.2453045,474.6606645,43.1130385,-88.52266449999999,322.4094945,215.9944825,-33.20831700000001,-55.76814300000001,-24.60582099999999
-80.037053,610.5838493333334,340.205698,-215.2425115,474.451592,43.49459399999999,-88.3253985,323.769354,217.643571,-32.94152100000001,-56.05765600000001,-24.347486000000004
-80.05116966666667,610.8566233333332,340.278542,-215.2331185,474.2389055,43.875405,-88.12870000000001,325.1216815,219.27038950000002,-32.67584599999999,-56.34319099999999,-24.08873700000001
-80.06423833333334,611.1278983333333,340.35128833333334,-215.21720299999998,474.02282049999997,44.2552895,-87.93266700000001,326.4661895,220.87460099999998,-32.411342000000005,-56.624686999999994,-23.82969799999998
-80.07627633333334,611.397606,340.4239036666666,-215.19484549999999,473.8035525,44.634067,-87.737392,327.802601,222.4558945,-32.14806200000001,-56.902086,-23.570494999999994
-80.08730133333333,611.6656786666666,340.4963566666666,-215.166133,473.58131449999996,45.0115605,-87.54297,329.1306485,224.0139845,-31.886055999999996,-57.17533900000001,-23.311249000000004
-80.09733166666666,611.9320493333333,340.56861499999997,-215.1311575,473.356323,45.3875945,-87.3494935,330.450074,225.548611,-31.625375000000005,-57.444394000000045,-23.052081999999984
-80.10638566666667,612.1966526666666,340.64064733333333,-215.090016,473.128791,45.761998000000006,-87.15705349999999,331.7606305,227.0595385,-31.366065000000006,-57.70921299999998,-22.793113000000005
-80.11448299999999,612.4594253333333,340.712421,-215.0428105,472.89893099999995,46.134601,-86.9657395,333.0620805,228.5465575,-31.108172999999994,-57.96975500000002,-22.534459
-80.12164433333334,612.7203036666666,340.78390633333333,-214.989646,472.6669555,46.505239,-86.7756385,334.3541965,230.00948449999999,-30.85174699999999,-58.22598700000003,-22.276235000000014
-80.12789066666666,612.9792276666667,340.855072,-214.930634,472.4330735,46.8737485,-86.586837,335.636762,231.448159,-30.596828000000002,-58.47787999999997,-22.018553999999995
-80.13324333333333,613.2361380000001,340.92588900000004,-214.865889,472.197494,47.2399725,-86.399419,336.9095695,232.862449,-30.343462000000002,-58.72541099999995,-21.761526000000003
-80.13772433333334,613.4909753333333,340.99632633333334,-214.79553049999998,471.96042350000005,47.603754,-86.213467,338.17242250000004,234.25224400000002,-30.09169,-58.96855899999997,-21.505259999999993
-80.14135666666667,613.743683,341.066356,-214.71968149999998,471.722066,47.964943500000004,-86.02906,339.4251345,235.6174595,-29.841554000000002,-59.20730900000001,-21.249859000000015
-80.14416333333334,613.9942066666666,341.1359483333333,-214.638469,471.4826235,48.3233935,-85.8462765,340.6675285,236.958035,-29.59309300000001,-59.44165099999998,-20.995428000000004
-80.14616833333334,614.242492,341.2050766666667,-214.55202450000002,471.24229449999996,48.67896,-85.66519199999999,341.8994375,238.273936,-29.346345999999997,-59.67157700000001,-20.742065999999994
-80.147396,614.488488,341.273712,-214.46048100000002,471.0012765,49.0315055,-85.485878,343.12070500000004,239.565149,-29.10135199999999,-59.897086,-20.489868
-80.14787100000001,614.7321436666666,341.341828,-214.363977,470.759762,49.3808945,-85.3084065,344.331183,240.8316845,-28.858147000000002,-60.118179999999995,-20.238931000000008
-80.14761833333334,614.9734103333334,341.409398,-214.2626535,470.5179425,49.7269975,-85.132845,345.5307335,242.073578,-28.616766,-60.33486700000003,-19.989344000000017
-80.14666466666667,615.2122416666666,341.47639733333335,-214.1566545,470.276003,50.069689000000004,-84.959258,346.719228,243.290884,-28.377246,-60.54715599999997,-19.741196000000002
-80.14503433333333,615.4485920000001,341.54279966666667,-214.0461265,470.034129,50.4088475,-84.78770850000001,347.8965465,244.4836825,-28.139618999999996,-60.755060999999955,-19.49457099999998
-80.14275500000001,615.6824183333333,341.60858133333335,-213.931219,469.79249949999996,50.744357,-84.6182575,349.062579,245.6520725,-27.903920999999997,-60.95860399999998,-19.249550999999997
-80.13985233333334,615.9136786666667,341.6737176666666,-213.812084,469.5512915,51.076106,-84.45096050000001,350.21722250000005,246.796174,-27.670181,-61.157804999999996,-19.006214
-80.13635366666666,616.1423323333332,341.7381863333333,-213.688877,469.310676,51.403987,-84.2858725,351.36038299999996,247.9161295,-27.438435,-61.35269199999999,-18.764635
-80.13228633333334,616.3683426666666,341.80196499999994,-213.5617535,469.07082349999996,51.7278985,-84.123044,352.491976,249.01209799999998,-27.208712000000006,-61.543294,-18.524888000000004
-80.12767733333332,616.591672,341.8650313333333,-213.430872,468.83189749999997,52.0477425,-83.9625235,353.6119215,250.084259,-26.981043,-61.729645000000005,-18.28703999999999
-80.12255466666666,616.812286,341.9273646666666,-213.29639450000002,468.59405949999996,52.363426999999994,-83.804356,354.72015,251.1328115,-26.755458000000004,-61.91178200000002,-18.05115699999999
-80.11694566666667,617.0301519999999,341.98894433333334,-213.1584825,468.3574655,52.674864,-83.648585,355.8165985,252.15797,-26.531986000000003,-62.08974499999999,-17.81729999999999
-80.11087866666666,617.245239,342.0497513333333,-213.017299,468.1222685,52.9819705,-83.4952485,356.90120850000005,253.159967,-26.310656999999992,-62.26357899999999,-17.58553200000003
-80.10438133333334,617.4575176666667,342.1097663333333,-212.8730105,467.8886165,53.284669,-83.344383,357.973931,254.139051,-26.09150000000001,-62.43332799999996,-17.355906000000004
-80.09748166666667,617.666961,342.16897166666666,-212.725783,467.6566535,53.5828845,-83.196022,359.034721,255.095485,-25.874544,-62.59904399999999,-17.128473999999983
-80.09020833333334,617.8735433333333,342.22734966666667,-212.575783,467.42652,53.87655,-83.0501955,360.08353950000003,256.029548,-25.65981500000001,-62.760779000000014,-16.903290000000027
-80.08258933333333,618.0772403333334,342.2848836666667,-212.4231795,467.1983525,54.1656,-82.9069305,361.120354,256.9415305,-25.447340999999994,-62.918586000000005,-16.680398999999994
-80.07465233333333,618.2780309999999,342.34155766666663,-212.268141,466.972281,54.449977000000004,-82.76625100000001,362.145135,257.83173750000003,-25.237151999999995,-63.07252399999999,-16.459843000000006
-80.06642599999999,618.475894,342.39735733333333,-212.110837,466.748435,54.729624,-82.62817799999999,363.15785800000003,258.700486,-25.029275999999996,-63.22264999999999,-16.241668000000004
-80.05793833333334,618.6708123333334,342.45226700000006,-211.951438,466.52693750000003,55.0044915,-82.49273,364.1585025,259.548102,-24.823738000000006,-63.369028999999955,-16.025908000000015
-80.04921733333333,618.862768,342.50627333333335,-211.7901125,466.3079075,55.2745335,-82.359922,365.1470515,260.374925,-24.62056799999999,-63.51172100000002,-15.812601999999998
-80.04029100000001,619.0517466666666,342.55936433333335,-211.62703199999999,466.091462,55.5397085,-82.229766,366.1234915,261.1813005,-24.419793999999996,-63.65079300000002,-15.601780999999988
-80.031187,619.237735,342.611527,-211.462365,465.877711,55.799977999999996,-82.1022715,367.08781050000005,261.96758350000005,-24.221442999999994,-63.78631300000001,-15.393477000000019
-80.021933,619.420722,342.66275033333335,-211.296282,465.666764,56.0553085,-81.977446,368.0399995,262.7341375,-24.025543999999996,-63.91834699999998,-15.187718999999987
-80.01255633333334,619.6006976666667,342.71302266666663,-211.128952,465.458724,56.3056715,-81.85529199999999,368.980051,263.4813305,-23.832126000000002,-64.046966,-14.984530999999976
-80.00308466666667,619.7776533333334,342.7623346666667,-210.960543,465.253692,56.55104,-81.735811,369.907958,264.2095365,-23.64121800000001,-64.17223999999999,-14.783941000000027
-79.993545,619.9515836666666,342.810677,-210.791224,465.05176600000004,56.7913925,-81.619002,370.823714,264.9191355,-23.452848000000003,-64.29424,-14.585966999999982
-79.98396366666667,620.122483,342.85804,-210.62116,464.85303799999997,57.0267105,-81.504861,371.72731450000003,265.610509,-23.267048000000003,-64.41303899999997,-14.39063200000004
-79.97436733333335,620.2903486666665,342.9044166666667,-210.45051899999999,464.657599,57.256978000000004,-81.393381,372.61875299999997,266.284043,-23.083848000000003,-64.52870999999999,-14.197953999999982
-79.964783,620.4551783333333,342.9497993333334,-210.27946350000002,464.4655355,57.4821845,-81.284553,373.498022,266.9401235,-22.903278,-64.64132599999999,-14.007948999999996
-79.95523566666667,620.616973,342.9941816666667,-210.108159,464.276932,57.7023195,-81.178367,374.3651135,267.579138,-22.725369999999998,-64.75095899999997,-13.820634000000041
-79.94575099999999,620.7757330000001,343.03755699999994,-209.9367665,464.09186950000003,57.9173785,-81.07480899999999,375.220017,268.2014745,-22.550156,-64.857684,-13.636020999999971
-79.936355,620.9314616666667,343.07991999999996,-209.765446,463.9104255,58.127357,-80.973863,376.062721,268.80751799999996,-22.37767000000001,-64.96157199999999,-13.45412600000003
-79.92707166666666,621.084163,343.12126599999993,-209.5943555,463.7326755,58.3322565,-80.8755125,376.89320999999995,269.3976535,-22.207944999999995,-65.06269800000001,-13.274958999999967
-79.91792633333334,621.2338433333333,343.1615903333333,-209.423653,463.558692,58.532077,-80.77973800000001,377.71146550000003,269.9722615,-22.041016,-65.16113100000001,-13.098532999999975
-79.90894333333334,621.3805093333333,343.2008896666666,-209.2534925,463.38854549999996,58.726823499999995,-80.6865185,378.51746549999996,270.531719,-21.876919,-65.25694700000003,-12.924855999999977
-79.90014566666666,621.5241689999999,343.23916099999997,-209.0840265,463.22230349999995,58.916501999999994,-80.595831,379.31118349999997,271.07639800000004,-21.715688,-65.350213,-12.75394
-79.89155666666666,621.6648326666667,343.276401,-208.91540550000002,463.0600325,59.101121,-80.50765200000001,380.09258850000003,271.60666549999996,-21.557363999999993,-65.44099899999998,-12.585795000000019
-79.8832,621.802511,343.31260833333334,-208.74777699999999,462.901795,59.28069,-80.421955,380.8616445,272.122881,-21.401982000000004,-65.52937500000002,-12.42043000000001
-79.875097,621.9372156666667,343.34778133333333,-208.5812865,462.7476525,59.455220499999996,-80.3387145,381.618311,272.62539649999997,-21.249583,-65.61540600000001,-12.257853000000011
-79.86727033333334,622.0689606666666,343.3819183333333,-208.41607649999997,462.5976655,59.624725500000004,-80.2579015,382.3625385,273.114557,-21.100205000000003,-65.69915699999996,-12.098073999999997
-79.85974133333333,622.19776,343.415019,-208.2522875,462.4518915,59.7892195,-80.17948799999999,383.09427400000004,273.590697,-20.95389200000001,-65.78069399999998,-11.941103999999996
-79.85253133333333,622.3236293333333,343.4470833333333,-208.090056,462.310387,59.948716,-80.1034435,383.81345650000003,274.0541415,-20.810685000000007,-65.860075,-11.786952999999983
-79.84566066666666,622.4465843333334,343.47811100000007,-207.92951699999998,462.173207,60.103232000000006,-80.0297375,384.5200185,274.505205,-20.670626999999996,-65.937363,-11.635629999999992
-79.83914866666667,622.5666433333332,343.50810299999995,-207.770801,462.0404045,60.252784500000004,-79.9583395,385.213884,274.94419100000005,-20.533763000000008,-66.01261199999999,-11.48714799999999
-79.83301533333334,622.6838240000001,343.53706000000005,-207.6140365,461.912032,60.39739,-79.889217,385.894969,275.37138949999996,-20.400138,-66.08587999999997,-11.34151700000001
-79.82727966666667,622.798146,343.5649833333334,-207.45934749999998,461.7881405,60.537065500000004,-79.8223395,386.563183,275.7870785,-20.269799000000006,-66.157218,-11.198751000000016
-79.82195966666667,622.9096290000001,343.59187533333335,-207.306856,461.66877999999997,60.6718295,-79.757675,387.2184255,276.1915225,-20.142793999999995,-66.226677,-11.058865000000026
-79.81707433333334,623.0182943333333,343.617737,-207.1566795,461.554,60.801699,-79.6951915,387.860586,276.5849715,-20.019171,-66.29430200000002,-10.921873000000005
-79.81263966666667,623.124163,343.64257100000003,-207.00893250000001,461.443847,60.926692,-79.634856,388.489548,276.96766149999996,-19.898979999999995,-66.360138,-10.787793000000022
-79.80867266666667,623.227258,343.66637999999995,-206.8637255,461.3383695,61.046825500000004,-79.5766395,389.105182,277.339812,-19.782273000000004,-66.42422799999997,-10.656642000000033
-79.80519033333333,623.327601,343.689167,-206.721166,461.237613,61.162116499999996,-79.5205085,389.70735149999996,277.7016275,-19.669100999999998,-66.48660699999999,-10.528438999999992
-79.802207,623.425216,343.7109346666666,-206.58135750000002,461.141624,61.2725815,-79.4664345,390.295908,278.05329500000005,-19.559517,-66.54731200000003,-10.403206000000011
-79.79973866666667,623.5201269999999,343.731686,-206.44439799999998,461.050447,61.378236,-79.4143865,390.8706955,278.394985,-19.45357700000001,-66.60637300000002,-10.280965999999978
-79.79779966666668,623.6123583333333,343.7514253333334,-206.310384,460.9641255,61.4790955,-79.36433650000001,391.431545,278.726851,-19.351332999999997,-66.66381800000005,-10.161743999999999
-79.79640366666666,623.701935,343.77015566666665,-206.1794065,460.882705,61.575173,-79.31625650000001,391.97827900000004,279.04903,-19.252844999999994,-66.719672,-10.045566000000008
-79.79556433333333,623.7888823333334,343.78788099999997,-206.051553,460.80622700000004,61.666483,-79.27011949999999,392.510709,279.36163650000003,-19.158167000000006,-66.773956,-9.932461000000046
-79.795294,623.8732256666667,343.80460466666665,-205.926907,460.7347355,61.7530365,-79.2259005,393.0286345,279.664771,-19.067358999999996,-66.826685,-9.822460000000035
-79.79560500000001,623.9549906666667,343.8203316666666,-205.805547,460.668271,61.834844499999996,-79.1835755,393.53184699999997,279.958513,-18.980479000000003,-66.87787399999996,-9.71559400000001
-79.79650866666667,624.034204,343.8350653333334,-205.6875475,460.606876,61.911917,-79.1431215,394.020125,280.2429225,-18.897587,-66.92753200000004,-9.611898999999994
-79.79801633333334,624.1108913333334,343.848811,-205.57298,460.550591,61.9842625,-79.10451850000001,394.493237,280.5180425,-18.818742999999998,-66.975662,-9.511413000000005
-79.80013833333334,624.1850793333333,343.861572,-205.4619095,460.499456,62.05188750000001,-79.0677465,394.95094200000005,280.783893,-18.744011,-67.022268,-9.414174000000003
-79.802884,624.2567946666667,343.8733533333334,-205.354398,460.453511,62.1147975,-79.03278900000001,395.3929865,281.04047749999995,-18.67344999999999,-67.06734700000004,-9.320222999999999
-79.80626266666667,624.3260633333333,343.88415933333334,-205.25050349999998,460.4127945,62.172997,-78.999631,395.819108,281.287778,-18.607124,-67.11088999999998,-9.229603999999995
-79.81028299999998,624.3929123333334,343.8939943333333,-205.15027750000002,460.377346,62.226488,-78.9682585,396.22903299999996,281.5257565,-18.545095000000003,-67.15288600000002,-9.142363000000046
-79.81495266666667,624.457368,343.90286299999997,-205.0537695,460.3472005,62.275273,-78.938661,396.6224775,281.75435600000003,-18.487430000000003,-67.19332299999996,-9.05854800000003
-79.82028033333334,624.519457,343.9107696666667,-204.96102150000002,460.32239649999997,62.31935,-78.91083,396.999148,281.9735,-18.43419,-67.23217799999998,-8.978207999999995
-79.82627133333334,624.579205,343.9177196666667,-204.872075,460.30296899999996,62.358718,-78.884759,397.358741,282.1830905,-18.385440000000003,-67.26943,-8.901396999999974
-79.83293233333333,624.6366386666667,343.9237163333333,-204.78696300000001,460.288952,62.393373499999996,-78.8604445,397.70094400000005,282.383011,-18.34124700000001,-67.30505,-8.828168000000005
-79.84026933333332,624.691784,343.9287653333334,-204.705716,460.28038000000004,62.423311999999996,-78.8378845,398.025434,282.57312549999995,-18.301672999999994,-67.33900799999998,-8.758578999999997
-79.84828700000001,624.7446656666667,343.93287133333337,-204.6283595,460.27728449999995,62.4485265,-78.817081,398.3318805,282.75327749999997,-18.266785999999996,-67.371265,-8.69268500000004
-79.85699,624.7953103333333,343.93603766666666,-204.5549135,460.279696,62.46901,-78.7980375,398.6199435,282.9232925,-18.236649,-67.40178499999996,-8.630548999999974
-79.86638166666667,624.843742,343.9382693333334,-204.48539549999998,460.2876445,62.4847535,-78.7807605,398.889275,283.0829765,-18.211329000000006,-67.43052,-8.57223300000004
-79.87646633333333,624.889986,343.9395716666666,-204.419816,460.3011575,62.495746,-78.7652605,399.1395205,283.232117,-18.190889,-67.457423,-8.517798000000028
-79.887246,624.9340663333334,343.93994733333335,-204.358182,460.32026199999996,62.5019765,-78.751548,399.3703155,283.370483,-18.17539400000001,-67.48244299999999,-8.467311999999993
-79.89872333333334,624.9760066666666,343.939402,-204.300496,460.3449805,62.503431500000005,-78.73963900000001,399.5812915,283.4978265,-18.164910000000006,-67.50552299999998,-8.420840999999996
-79.91089900000001,625.0158306666667,343.93793966666664,-204.2467555,460.375337,62.5000985,-78.729552,399.772073,283.613881,-18.15950000000001,-67.52660399999996,-8.378452000000038
-79.92377466666666,625.0535610000001,343.93556433333333,-204.196954,460.4113505,62.491962,-78.721306,399.942278,283.7183625,-18.15922599999999,-67.54561999999999,-8.340216999999996
-79.93735066666666,625.0892203333334,343.93228066666666,-204.15107899999998,460.453039,62.479006500000004,-78.7149265,400.0915205,283.810973,-18.164151000000004,-67.56250699999998,-8.30620399999998
-79.951627,625.1228299999999,343.928093,-204.109116,460.50041799999997,62.461214999999996,-78.71043850000001,400.2194085,283.8913945,-18.174336999999994,-67.57719100000003,-8.27648499999998
-79.96660266666667,625.154412,343.92300499999993,-204.071043,460.5535,62.438571499999995,-78.70787250000001,400.32554849999997,283.9592985,-18.189845000000005,-67.58960099999996,-8.251132999999982
-79.98227733333333,625.183987,343.9170203333333,-204.036836,460.612295,62.4110585,-78.7072605,400.409542,284.014337,-18.210735,-67.59965599999998,-8.230220000000031
-79.99864833333334,625.2115746666667,343.91014399999995,-204.0064645,460.67681000000005,62.378657000000004,-78.708637,400.4709885,284.056152,-18.237064000000004,-67.60727700000001,-8.213819999999998
-80.01571366666667,625.2371946666666,343.9023796666666,-203.9798955,460.747049,62.34134950000001,-78.7120405,400.5094865,284.084368,-18.268889,-67.61237899999998,-8.202005999999983
-80.03347000000001,625.2608656666666,343.89373133333333,-203.957091,460.823012,62.29911800000001,-78.717512,400.524633,284.0986005,-18.306265999999994,-67.61487399999999,-8.194851000000028
-80.051915,625.282606,343.884203,-203.9380075,460.904697,62.251944,-78.7250935,400.516025,284.0984505,-18.349248999999986,-67.61467399999998,-8.192431
-80.07104400000001,625.302433,343.8737983333333,-203.922598,460.9920975,62.1998095,-78.73483300000001,400.48326050000003,284.0835085,-18.397892,-67.61168500000002,-8.194817
-80.09085233333333,625.320364,343.86252200000007,-203.91081300000002,461.08520250000004,62.1426965,-78.74677750000001,400.42593899999997,284.053355,-18.452242999999996,-67.60581399999995,-8.202082000000019
-80.11133566666666,625.336415,343.85037733333337,-203.90259550000002,461.183999,62.080589,-78.76097999999999,400.3436615,284.007561,-18.512352000000007,-67.59696099999996,-8.21429999999998
-80.13248800000001,625.350601,343.83736833333336,-203.897888,461.28846699999997,62.013469,-78.7774925,400.236033,283.945688,-18.578265000000002,-67.58502600000003,-8.231539999999995
-80.154304,625.3629373333333,343.82349933333336,-203.8966255,461.398585,61.941322,-78.7963725,400.10266349999995,283.8672905,-18.650025,-67.56991099999999,-8.253872999999999
-80.17677666666667,625.3734373333333,343.8087743333333,-203.898742,461.51432650000004,61.8641335,-78.817678,399.943166,283.7719155,-18.727676000000002,-67.55150800000001,-8.281366999999989
-80.19989866666667,625.3821146666667,343.79319766666663,-203.904166,461.635659,61.781889,-78.84146849999999,399.757162,283.65910499999995,-18.811255000000003,-67.52971600000001,-8.314090000000022
-80.223663,625.3889826666667,343.77677266666666,-203.912823,461.7625465,61.6945775,-78.8678085,399.5442775,283.52839500000005,-18.900798999999992,-67.50442500000003,-8.352105999999992
-80.248062,625.3940516666667,343.7595046666667,-203.92463350000003,461.8949475,61.602188,-78.896761,399.3041485,283.379318,-18.996342,-67.475529,-8.39548000000002
-80.27308566666666,625.3973343333333,343.7413966666666,-203.939517,462.032817,61.504712500000004,-78.928394,399.03641749999997,283.211403,-19.097915999999998,-67.44291900000002,-8.444272000000012
-80.298727,625.3988406666667,343.72245399999997,-203.95738649999998,462.17610249999996,61.402142999999995,-78.962774,398.7407385,283.0241785,-19.205546,-67.40648500000003,-8.498541000000046
-80.32497566666667,625.3985799999999,343.702681,-203.97815350000002,462.3247475,61.294475,-78.99997200000001,398.416776,282.81717000000003,-19.31926,-67.36611799999997,-8.558341999999982
-80.35182133333335,625.396562,343.68208233333326,-204.00172550000002,462.4786915,61.181706500000004,-79.040059,398.06420549999996,282.589905,-19.439076,-67.321707,-8.623728000000028
-80.379254,625.3927953333333,343.6606623333334,-204.028007,462.63786600000003,61.063837,-79.0831065,397.68271649999997,282.341911,-19.565012999999993,-67.27314099999995,-8.694749999999999
-80.40726333333333,625.3872876666666,343.63842666666665,-204.0568995,462.802199,60.940869000000006,-79.129189,397.27200949999997,282.07271749999995,-19.697086,-67.22030899999999,-8.771455000000003
-80.43583699999999,625.380046,343.61537933333335,-204.0883015,462.97161100000005,60.812807,-79.1783815,396.831802,281.781859,-19.835305000000005,-67.16310199999998,-8.853883999999994
-80.464964,625.3710770000001,343.5915263333333,-204.122108,463.1460185,60.679659,-79.23075850000001,396.3618255,281.46887300000003,-19.979676999999995,-67.10141099999998,-8.942075999999986
-80.49463200000001,625.3603863333334,343.566873,-204.1582125,463.325332,60.541437,-79.286396,395.8618285,281.133302,-20.130204000000006,-67.035125,-9.036068
-80.52482866666666,625.34798,343.54142500000006,-204.1965045,463.5094555,60.39815350000001,-79.3453705,395.33157700000004,280.7746965,-20.286887000000007,-66.96413799999999,-9.135891000000015
-80.55554066666667,625.3338626666667,343.5151883333333,-204.2368715,463.6982875,60.249826500000005,-79.4077585,394.77085550000004,280.392613,-20.449718999999988,-66.88834300000002,-9.241569999999967
-80.58675466666666,625.318038,343.488169,-204.279199,463.8917205,60.096478,-79.4736375,394.179465,279.986618,-20.618691,-66.807636,-9.353128000000027
-80.61845699999999,625.3005106666667,343.4603726666667,-204.32337,464.08964100000003,59.938131,-79.543083,393.5572295,279.5562875,-20.79379,-66.72191299999997,-9.470581000000038
-80.65063333333333,625.2812833333334,343.43180699999994,-204.36926499999998,464.29193050000003,59.774814500000005,-79.6161725,392.9039925,279.10120800000004,-20.974997000000002,-66.63107100000002,-9.593942000000027
-80.683269,625.2603593333333,343.40247866666664,-204.416764,464.49846349999996,59.606559000000004,-79.692981,392.2196185,278.6209775,-21.162291999999994,-66.53501499999999,-9.723219000000029
-80.71634933333333,625.237741,343.37239466666665,-204.4657425,464.70911,59.4334025,-79.773584,391.5039955,278.1152085,-21.355644000000012,-66.43364700000001,-9.858413000000041
-80.74985833333334,625.21343,343.341562,-204.5160765,464.9237325,59.255382999999995,-79.8580555,390.757034,277.58352549999995,-21.555025,-66.32687200000004,-9.99952300000001
-80.783781,625.1874286666667,343.30999,-204.56763899999999,465.1421895,59.072545,-79.94646800000001,389.97866799999997,277.02556849999996,-21.760397999999995,-66.21460199999996,-10.146535000000029
-80.81810066666667,625.1597376666667,343.2776856666667,-204.620304,465.3643325,58.884936499999995,-80.0388945,389.16885549999995,276.440995,-21.971721000000002,-66.096747,-10.29943800000001
-80.85280166666666,625.1303586666667,343.2446576666667,-204.673941,465.5900085,58.692609499999996,-80.135404,388.327582,275.8294765,-22.18894999999999,-65.97322399999996,-10.458211000000006
-80.88786700000001,625.099292,343.21091500000006,-204.7284205,465.8190585,58.495621,-80.2360655,387.4548555,275.190705,-22.412032999999994,-65.843953,-10.622825999999975
-80.92327933333333,625.0665393333334,343.176467,-204.7836115,466.0513175,58.294032,-80.340946,386.550713,274.5243895,-22.640916000000004,-65.70885600000003,-10.793252999999993
-80.95902166666666,625.0321003333333,343.14132366666666,-204.8393815,466.2866165,58.087907,-80.4501085,385.61521700000003,273.83025999999995,-22.875539000000003,-65.56786200000005,-10.96945199999999
-80.99507633333333,624.9959749999999,343.10549399999996,-204.895598,466.52478,57.8773165,-80.5636165,384.648457,273.108066,-23.115837,-65.42090200000001,-11.151378000000022
-81.03142566666666,624.958164,343.06898866666666,-204.95212750000002,466.7656295,57.662333000000004,-80.681529,383.6505505,272.357578,-23.361739999999998,-65.26791300000002,-11.338979999999992
-81.06805033333333,624.918668,343.03181966666665,-205.0088375,467.0089805,57.443037,-80.803902,382.621644,271.57859,-23.613174,-65.108834,-11.532201999999984
-81.10493366666667,624.8774866666666,342.993997,-205.065593,467.254644,57.2195095,-80.93079,381.561912,270.7709175,-23.870059999999995,-64.94361200000003,-11.730979000000048
-81.14205566666665,624.8346203333334,342.95553266666667,-205.12226049999998,467.502426,56.9918385,-81.0622425,380.4715575,269.934401,-24.132312999999996,-64.772199,-11.93524199999996
-81.179398,624.7900693333332,342.91643866666664,-205.1787065,467.75212999999997,56.760116499999995,-81.1983075,379.350812,269.06890450000003,-24.399845,-64.59454999999997,-12.144915000000026
-81.21694133333334,624.743834,342.87672833333335,-205.23479650000002,468.0035535,56.524438,-81.3390275,378.199938,268.174317,-24.672561,-64.41062600000004,-12.359914000000003
-81.25466666666667,624.6959150000001,342.83641366666666,-205.29039749999998,468.25649150000004,56.2849035,-81.4844425,377.01922449999995,267.250553,-24.950365000000005,-64.220395,-12.580151999999998
-81.29255433333333,624.6463133333333,342.795508,-205.34537699999998,468.5107355,56.0416175,-81.6345885,375.808992,266.2975535,-25.233151000000007,-64.02382799999998,-12.805530999999974
-81.33058466666667,624.59503,342.7540256666666,-205.39960250000001,468.766074,55.7946885,-81.7894965,374.569591,265.31528549999996,-25.520813000000004,-63.820906000000036,-13.035953000000006
-81.36873766666668,624.5420663333333,342.711981,-205.452943,469.022292,55.5442295,-81.9491945,373.301399,264.3037435,-25.813238999999996,-63.61161000000004,-13.271308999999974
-81.40699333333333,624.4874239999999,342.6693883333333,-205.5052675,469.27917049999996,55.290356,-82.11370400000001,372.0048245,263.2629495,-26.110314000000002,-63.39593500000001,-13.511484999999993
-81.44533200000001,624.4311053333333,342.62626300000005,-205.5564465,469.53649199999995,55.033189,-82.283044,370.680305,262.19295450000004,-26.411913999999996,-63.17387400000001,-13.756361000000027
-81.48373266666668,624.3731126666667,342.582621,-205.6063535,469.794032,54.772853,-82.4572275,369.3283065,261.093835,-26.717915000000005,-62.94543299999998,-14.00581200000002
-81.52217666666667,624.3134496666667,342.538478,-205.6548595,470.051568,54.509474999999995,-82.6362625,367.9493235,259.9656995,-27.028188999999998,-62.71061900000001,-14.259706999999992
-81.560642,624.252119,342.49385033333334,-205.701841,470.308874,54.243186,-82.820151,366.54388,258.8086825,-27.342602,-62.46945000000005,-14.517909000000003
-81.59910833333333,624.189125,342.44875533333334,-205.747173,470.5657245,53.9741215,-83.008892,365.112526,257.6229485,-27.661016000000004,-62.221948,-14.780274999999989
-81.63755633333334,624.124473,342.40321,-205.79073549999998,470.8218905,53.702417999999994,-83.202478,363.65584149999995,256.408691,-27.98329000000001,-61.96813900000001,-15.046658000000036
-81.67596466666667,624.058168,342.35723233333334,-205.832407,471.07714450000003,53.4282175,-83.40089449999999,362.174432,255.1661335,-28.309281000000013,-61.70806399999998,-15.316903000000025
-81.714313,623.990216,342.3108406666667,-205.872071,471.3312595,53.1516625,-83.6041235,360.6689305,253.895526,-28.63883899999999,-61.441760999999985,-15.590853999999979
-81.75258066666667,623.920624,342.2640533333333,-205.90961,471.5840065,52.872899,-83.81214,359.1399945,252.597151,-28.971812,-61.169280999999955,-15.868347999999969
-81.79074800000001,623.8493996666667,342.2168893333333,-205.9449125,471.8351575,52.592077,-84.0249135,357.5883075,251.271318,-29.308047000000002,-60.89067899999998,-16.149216000000024
-81.82879333333334,623.7765506666667,342.16936833333335,-205.977866,472.08448699999997,52.309347,-84.24240800000001,356.01458,249.9183655,-29.647384000000002,-60.606018000000006,-16.43328900000003
-81.866697,623.7020873333332,342.12150966666667,-206.0083625,472.3317685,52.024862,-84.46458,354.41954250000003,248.53866150000002,-29.989664000000005,-60.31536699999998,-16.72038900000001
-81.90443900000001,623.6260193333333,342.0733336666667,-206.0362965,472.5767785,51.7387775,-84.691382,352.803951,247.1326005,-30.334722,-60.0188,-17.010336999999993
-81.94199866666666,623.5483576666667,342.02486066666665,-206.0615645,472.8192945,51.4512495,-84.922759,351.1685835,245.700609,-30.682393999999988,-59.71640100000002,-17.30294999999998
-81.979356,623.4691143333333,341.976112,-206.084067,473.059097,51.162437,-85.1586495,349.514239,244.2431365,-31.032509000000005,-59.408259999999984,-17.598040999999995
-82.016491,623.3883023333333,341.92710800000003,-206.103705,473.295968,50.872499000000005,-85.3989875,347.8417365,242.7606635,-31.384899000000004,-59.094469000000004,-17.895419000000004
-82.05338466666667,623.3059353333333,341.8778706666667,-206.120385,473.5296935,50.581597,-85.6436995,346.151916,241.253696,-31.739389000000003,-58.77513200000004,-18.19489200000001
-82.09001633333332,623.222029,341.8284213333333,-206.134016,473.76006199999995,50.289891499999996,-85.892706,344.44563400000004,239.7227665,-32.095805999999996,-58.450356,-18.496264999999994
-82.12636766666667,623.136599,341.7787823333333,-206.1445105,473.9868655,49.997545,-86.1459215,342.72376699999995,238.1684335,-32.45397299999999,-58.12025599999998,-18.799341
-82.16241833333333,623.0496626666667,341.72897566666666,-206.151782,474.2099,49.7047205,-86.403254,340.987204,236.59128099999998,-32.813714000000004,-57.78495200000003,-19.103919999999988
-82.19815033333333,622.9612376666666,341.679024,-206.1557505,474.4289655,49.41158,-86.664605,339.2368535,234.991916,-33.174850000000006,-57.444569,-19.40980000000002
-82.23354433333334,622.8713443333332,341.62894966666664,-206.1563375,474.6438675,49.118287,-86.92987149999999,337.4736355,233.3709735,-33.537200999999996,-57.099241000000006,-19.716779000000002
-82.26858299999999,622.7800026666667,341.5787756666667,-206.1534685,474.854415,48.825003,-87.198943,335.698484,231.7291065,-33.900586000000004,-56.74910399999999,-20.024653
-82.30324633333333,622.6872343333333,341.52852533333333,-206.147073,475.06042249999996,48.531890000000004,-87.47170249999999,333.9123435,230.06699500000002,-34.26482499999999,-56.39430299999998,-20.333218000000016
-82.337518,622.5930623333334,341.47822133333335,-206.13708300000002,475.26171,48.2391095,-87.7480285,332.11617,228.385337,-34.629737000000006,-56.034986,-20.642268
-82.37137966666667,622.4975106666667,341.42788766666666,-206.1234355,475.4581035,47.946821,-88.0277935,330.310929,226.684854,-34.995138999999995,-55.671306000000016,-20.951599999999985
-82.40481433333333,622.4006046666667,341.3775473333333,-206.1060695,475.6494335,47.655184500000004,-88.31086350000001,328.497592,224.9662855,-35.360853000000006,-55.303421999999955,-21.261007000000006
-82.43780500000001,622.3023713333333,341.3272233333334,-206.08492999999999,475.83553900000004,47.364357,-88.5970995,326.67714,223.23039,-35.72669500000001,-54.93149800000003,-21.57028600000001
-82.47033533333334,622.2028373333334,341.27694033333336,-206.05996349999998,476.016263,47.074495,-88.8863565,324.8505575,221.477946,-36.092484999999996,-54.555702999999994,-21.879232000000002
-82.50238900000001,622.102032,341.2267213333334,-206.03112199999998,476.191457,46.785753,-89.178486,323.018833,219.7097465,-36.458044,-54.17620800000003,-22.18764300000001
-82.53395066666667,621.9999856666666,341.1765903333333,-205.9983595,476.36097800000005,46.4982825,-89.473331,321.182959,217.926603,-36.823194,-53.79319200000003,-22.495317999999997
-82.56500433333332,621.8967289999999,341.12657033333335,-205.9616365,476.52468999999996,46.212234499999994,-89.77073150000001,319.343928,216.12933800000002,-37.187754999999996,-53.40683200000001,-22.802058000000017
-82.595536,621.7922953333333,341.076685,-205.9209155,476.682466,45.9277555,-90.0705245,317.50273400000003,214.318792,-37.551553,-53.017315999999994,-23.107664
-82.62552999999998,621.6867176666666,341.02695866666664,-205.876163,476.8341845,45.644992,-90.3725385,315.6603695,212.4958155,-37.914411,-52.62482899999998,-23.411943000000008
-82.65497366666666,621.580031,340.9774136666667,-205.82734850000003,476.9797325,45.3640855,-90.67660000000001,313.817823,210.6612725,-38.276157999999995,-52.22956400000004,-23.71470099999999
-82.68385233333333,621.4722716666666,340.9280736666667,-205.774448,477.1190045,45.085176000000004,-90.9825305,311.976081,208.816035,-38.636623,-51.83171399999998,-24.015747999999974
-82.71215333333333,621.3634766666667,340.8789616666667,-205.717439,477.2519025,44.8084,-91.290149,310.136124,206.960987,-38.99563599999999,-51.431475999999975,-24.314898
-82.739864,621.2536843333334,340.83010133333335,-205.65630349999998,477.378337,44.5338905,-91.5992675,308.298926,205.0970185,-39.353031,-51.02904799999999,-24.611966999999993
-82.76697266666666,621.142934,340.7815153333333,-205.591028,477.49822600000005,44.261777,-91.909697,306.465454,203.2250275,-39.70864400000001,-50.62463199999996,-24.906777000000005
-82.79346666666667,621.0312666666667,340.73322566666667,-205.52160149999997,477.611497,43.992186000000004,-92.22124500000001,304.636665,201.34591849999998,-40.062314,-50.21843000000001,-25.199151
-82.81933633333334,620.9187233333333,340.685255,-205.448018,477.7180835,43.72524,-92.5337145,302.813507,199.4605985,-40.413883,-49.810648000000015,-25.488917000000015
-82.84457033333334,620.8053466666667,340.6376256666667,-205.3702745,477.8179285,43.461057,-92.846907,300.996916,197.569979,-40.76319599999999,-49.40148999999997,-25.775907999999987
-82.86915833333333,620.691181,340.59035900000003,-205.28837199999998,477.91098350000004,43.199753,-93.16062149999999,299.187815,195.67497450000002,-41.110101,-48.99116600000002,-26.059961000000015
-82.89309133333335,620.57627,340.543477,-205.202315,477.997208,42.941438000000005,-93.47465249999999,297.387113,193.776499,-41.454449,-48.57988,-26.340919999999983
-82.91636,620.46066,340.49700099999995,-205.112112,478.076569,42.68621950000001,-93.78879549999999,295.5957055,191.875468,-41.79609699999999,-48.167843000000005,-26.618629999999996
-82.93895666666667,620.3443966666667,340.4509513333333,-205.017774,478.149044,42.4341985,-94.10284200000001,293.814471,189.972793,-42.134902,-47.75526199999996,-26.892944
-82.96087299999999,620.2275283333333,340.40534866666667,-204.9193165,478.21461550000004,42.185474,-94.416583,292.04427050000004,188.069385,-42.470726,-47.342344999999966,-27.163719999999984
-82.98210166666667,620.1101023333334,340.360213,-204.8167585,478.2732775,41.94014,-94.7298085,290.285948,186.166151,-42.803439,-46.92930000000001,-27.43082000000001
-83.00263666666666,619.9921683333333,340.315564,-204.7101215,478.325029,41.6982855,-95.042306,288.5403275,184.263993,-43.132909999999995,-46.516335000000026,-27.694114000000013
-83.02247133333334,619.873775,340.2714206666667,-204.59943049999998,478.3698795,41.4599945,-95.353865,286.8082135,182.3638065,-43.45901599999999,-46.103655,-27.953474999999997
-83.0416,619.7549736666666,340.22780233333333,-204.484715,478.40784599999995,41.2253485,-95.6642715,285.090388,180.4664795,-43.781634999999994,-45.69146599999999,-28.208785000000006
-83.06001766666667,619.6358146666668,340.18472633333334,-204.366006,478.4389525,40.994422,-95.973314,283.38761350000004,178.572893,-44.100652,-45.27997099999999,-28.459929999999986
-83.07772033333333,619.5163496666665,340.142211,-204.243338,478.4632305,40.767286,-96.2807795,281.7006275,176.6839175,-44.41595500000001,-44.869372999999996,-28.706803000000008
-83.09470433333333,619.3966306666667,340.10027333333335,-204.11674950000003,478.480721,40.5440075,-96.586457,280.0301455,174.8004135,-44.72744,-44.45987100000002,-28.94930099999999
-83.11096633333334,619.276711,340.05893033333336,-203.98628050000002,478.4914705,40.3246485,-96.89013449999999,278.37685799999997,172.92323,-45.035003,-44.05166200000002,-29.187330000000003
-83.12650333333333,619.1566423333334,340.0181976666667,-203.85197449999998,478.49553349999996,40.109265,-97.191603,276.7414305,171.0532035,-45.33855,-43.64494099999999,-29.420800999999983
-83.14131300000001,619.036479,339.978091,-203.713878,478.492972,39.8979095,-97.49065250000001,275.1245035,169.191157,-45.637986999999995,-43.23990100000003,-29.649633999999992
-83.155395,618.916274,339.93862533333333,-203.5720395,478.4838545,39.6906305,-97.78707800000001,273.526691,167.3379,-45.933228,-42.83673200000001,-29.87375
-83.168747,618.7960813333333,339.8998153333334,-203.4265095,478.468256,39.48747,-98.08067199999999,271.9485795,165.494225,-46.224192,-42.435618999999974,-30.09308199999998
-83.18137,618.6759556666666,339.861674,-203.2773435,478.446259,39.288467,-98.37123299999999,270.3907285,163.6609095,-46.510802,-42.036745000000025,-30.307567000000006
-83.193263,618.5559503333334,339.82421500000004,-203.124596,478.417951,39.093656,-98.6585595,268.85367199999996,161.83871399999998,-46.792985,-41.64028999999999,-30.517145999999997
-83.20442733333334,618.4361196666667,339.7874506666667,-202.968326,478.38342650000004,38.903065,-98.942454,267.33791199999996,160.0283805,-47.070678,-41.24642799999998,-30.721772999999985
-83.21486366666666,618.3165183333334,339.75139266666673,-202.808594,478.3427855,38.716719,-99.2227215,265.8439255,158.2306325,-47.343817,-40.85532900000001,-30.921400999999975
-83.22457466666667,618.1971996666666,339.7160523333333,-202.645462,478.29613400000005,38.534639,-99.499169,264.372159,156.446175,-47.612348,-40.467164000000025,-31.115994
-83.23356199999999,618.0782183333333,339.68144,-202.4789945,478.2435835,38.356841,-99.77160950000001,262.9230305,154.6756925,-47.876221,-40.08209099999999,-31.305521
-83.24182833333333,617.9596276666667,339.64756533333326,-202.309258,478.1852495,38.183336499999996,-100.039857,261.49692849999997,152.919848,-48.135388000000006,-39.70027099999999,-31.489959999999996
-83.24937766666667,617.841481,339.61443733333334,-202.13632,478.121254,38.014132000000004,-100.30373,260.09421399999997,151.1792845,-48.38981,-39.32185599999997,-31.669288999999992
-83.25621333333333,617.723832,339.582065,-201.960251,478.051722,37.8492325,-100.563053,258.7152165,149.4546225,-48.639452000000006,-38.94699300000002,-31.843497000000013
-83.26234,617.6067326666667,339.550455,-201.7811205,477.976784,37.688635500000004,-100.817653,257.3602365,147.74645950000001,-48.884283999999994,-38.575826999999975,-32.01257899999999
-83.267762,617.490236,339.5196153333334,-201.59900149999999,477.896574,37.5323365,-101.06736,256.02954650000004,146.0553715,-49.12428,-38.20849700000002,-32.176533000000006
-83.27248533333334,617.3743929999999,339.4895516666667,-201.4139685,477.81123,37.3803265,-101.312012,254.723389,144.381911,-49.35942,-37.84513200000001,-32.33536600000002
-83.27651466666667,617.259255,339.46026966666665,-201.2260945,477.72089300000005,37.2325935,-101.55144999999999,253.4419765,142.726605,-49.589690000000004,-37.485862999999995,-32.48908999999999
-83.279857,617.144872,339.43177399999996,-201.0354575,477.6257085,37.089121,-101.78552,252.1854945,141.0899595,-49.815078,-37.130810999999994,-32.637720999999985
-83.28251833333333,617.031294,339.404069,-200.842133,477.525823,36.949888,-102.0140735,250.954098,139.4724535,-50.03558099999999,-36.78009199999997,-32.78128099999999
-83.28450633333334,616.9185699999999,339.377158,-200.646199,477.42138850000003,36.814871,-102.2369665,249.747915,137.874542,-50.251197000000005,-36.433816000000036,-32.919799999999995
-83.28582766666666,616.8067476666666,339.3510436666666,-200.4477345,477.31255550000003,36.6840435,-102.454062,248.5670435,136.29665749999998,-50.461928,-36.092089000000016,-33.053308999999985
-83.28649033333333,616.6958743333333,339.325728,-200.24681750000002,477.199481,36.5573745,-102.6652275,247.41155700000002,134.739204,-50.66778500000001,-35.75501,-33.181848
-83.28650233333333,616.5859953333334,339.3012123333333,-200.043529,477.08232,36.43483,-102.8703365,246.2814975,133.2025625,-50.86877899999999,-35.422673,-33.305458999999985
-83.28587233333333,616.4771563333333,339.27749666666665,-199.837949,476.9612315,36.3163735,-103.069268,245.1768835,131.687089,-51.064927999999995,-35.09516500000001,-33.424189999999996
-83.28460866666667,616.3694013333334,339.25458133333336,-199.630157,476.83637450000003,36.201965,-103.261908,244.09770500000002,130.1931135,-51.25625400000001,-34.77256800000001,-33.53809300000002
-83.282721,616.2627723333334,339.2324653333333,-199.420235,476.70790999999997,36.091561999999996,-103.44814699999999,243.043928,128.7209415,-51.442781999999994,-34.454958000000005,-33.647225000000006
-83.28021866666667,616.1573109999999,339.21114766666665,-199.20826449999998,476.57599949999997,35.9851185,-103.6278835,242.0154905,127.270852,-51.62454100000001,-34.142405000000025,-33.75164800000002
-83.277111,616.053058,339.190625,-198.9943245,476.4408045,35.882585999999996,-103.8010195,241.01230900000002,125.84310099999999,-51.80156499999998,-33.83497400000002,-33.85142599999999
-83.273408,615.9500516666666,339.170895,-198.7784985,476.3024865,35.7839135,-103.9674655,240.03427349999998,124.4379175,-51.973890999999995,-33.532723000000004,-33.946629000000016
-83.26912033333333,615.8483296666667,339.15195466666665,-198.5608665,476.161209,35.6890485,-104.127138,239.081251,123.055508,-52.141559999999984,-33.23570599999999,-34.037328
-83.26425766666667,615.747929,339.133799,-198.3415095,476.017133,35.5979345,-104.27995849999999,238.1530865,121.69605150000001,-52.304615,-32.94396699999999,-34.12360100000001
-83.25883133333333,615.6488826666666,339.11642333333333,-198.1205085,475.8704195,35.5105135,-104.4258575,237.24960299999998,120.359706,-52.463105,-32.657549999999986,-34.20552599999999
-83.25285166666667,615.551225,339.09982233333335,-197.897944,475.7212295,35.426726,-104.56476850000001,236.3706,119.046603,-52.617079000000004,-32.37648999999999,-34.283186
-83.24632966666667,615.4549866666666,339.0839896666667,-197.67389550000001,475.569723,35.346509,-104.69663399999999,235.51586,117.756851,-52.76659199999999,-32.10081600000001,-34.35666599999999
-83.23927733333333,615.3601983333333,339.068919,-197.4484435,475.41605849999996,35.2697995,-104.821402,234.6851425,116.4905355,-52.911702000000005,-31.830555000000004,-34.426055000000005
-83.23170533333334,615.266888,339.0546023333333,-197.2216675,475.26039349999996,35.1965315,-104.93902700000001,233.87819000000002,115.24771899999999,-53.052465999999995,-31.565724000000017,-34.49144199999999
-83.22362533333335,615.1750826666666,339.04103233333336,-196.99364500000001,475.102884,35.126637,-105.04947000000001,233.09472599999998,114.0284405,-53.188946,-31.30633800000001,-34.552921
-83.21504866666666,615.0848070000001,339.02820033333336,-196.7644545,474.9436825,35.060047499999996,-105.15269849999999,232.33445799999998,112.832718,-53.321208999999996,-31.05240599999999,-34.61058600000001
-83.20598733333333,614.9960843333333,339.01609733333333,-196.534174,474.7829425,34.996692,-105.24868649999999,231.59707350000002,111.6605475,-53.44932099999998,-30.803931000000006,-34.664535
-83.196453,614.9089359999999,339.0047143333333,-196.30287950000002,474.620814,34.9364995,-105.3374135,230.882249,110.5119025,-53.57334900000001,-30.560912000000002,-34.714865
-83.186457,614.8233823333334,338.99404,-196.070647,474.457444,34.8793965,-105.4188665,230.1896435,109.38673750000001,-53.693366999999995,-30.323342999999994,-34.761677000000006
-83.17601166666667,614.7394403333333,338.984065,-195.837553,474.292979,34.8253085,-105.49303850000001,229.5189025,108.284986,-53.809445,-30.091210999999987,-34.805071999999996
-83.165129,614.6571273333333,338.9747776666666,-195.60367000000002,474.127561,34.774161,-105.559928,228.8696585,107.20656199999999,-53.921662,-29.864502999999985,-34.845152
-83.15382066666666,614.576457,338.9661673333333,-195.36907250000002,473.96133,34.7258775,-105.619541,228.2415325,106.15136050000001,-54.030090000000015,-29.64319900000001,-34.882020999999995
-83.14209899999999,614.4974416666668,338.9582209999999,-195.1338335,473.7944235,34.680381499999996,-105.6718875,227.63413300000002,105.119259,-54.134809000000004,-29.427271999999988,-34.91578200000001
-83.129976,614.4200930000001,338.95092700000004,-194.898024,473.626977,34.637595000000005,-105.71698649999999,227.047059,104.110114,-54.235899,-29.216695999999985,-34.94654
-83.11746266666667,614.3444186666667,338.94427233333334,-194.66171450000002,473.45911950000004,34.5974395,-105.754861,226.47990049999999,103.12376900000001,-54.333438,-29.011434999999977,-34.974397999999994
-83.10457133333334,614.2704266666666,338.93824366666666,-194.42497600000002,473.2909815,34.559837,-105.7855395,225.93223799999998,102.16004799999999,-54.427508999999986,-28.811455999999993,-34.999464
-83.09131433333333,614.1981216666667,338.93282800000003,-194.18787600000002,473.1226865,34.5247075,-105.809058,225.40364399999999,101.2187605,-54.518193999999994,-28.616716000000025,-35.021839
-83.07770266666667,614.1275076666666,338.92801099999997,-193.95048350000002,472.95435699999996,34.491972000000004,-105.8254565,224.893685,100.299699,-54.605577,-28.42716999999999,-35.04163
-83.06374833333332,614.0585853333333,338.92377899999997,-193.7128645,472.7861105,34.4615505,-105.834783,224.40192,99.4026425,-54.68974,-28.242773999999997,-35.058941000000004
-83.04946299999999,613.9913546666667,338.920117,-193.47508549999998,472.6180625,34.4333625,-105.837089,223.9279045,98.527357,-54.770768000000004,-28.063473000000016,-35.073874
-83.03485766666667,613.9258143333333,338.91701033333334,-193.237211,472.45032349999997,34.407329,-105.83243250000001,223.47118899999998,97.673594,-54.84874700000002,-27.889216000000005,-35.086534
-83.01994433333334,613.8619596666667,338.914444,-192.999305,472.283002,34.3833695,-105.820876,223.0313185,96.841092,-54.92376,-27.719943,-35.09702
-83.004734,613.7997853333335,338.9124033333333,-192.76143,472.1162015,34.361404,-105.802488,222.60783800000002,96.0295785,-54.99589399999999,-27.55559600000001,-35.105435
-82.989238,613.739284,338.91087166666665,-192.523648,471.9500225,34.3413525,-105.777343,222.200289,95.23876949999999,-55.06523399999999,-27.39611000000002,-35.111879
-82.973467,613.6804476666667,338.9098346666667,-192.28602,471.7845625,34.323136,-105.745518,221.8082115,94.468369,-55.13186400000001,-27.241422999999998,-35.116448000000005
-82.95743166666666,613.6232633333334,338.90927533333337,-192.048605,471.6199135,34.306675,-105.707098,221.4311455,93.718074,-55.19587000000001,-27.091463000000005,-35.11923999999999
-82.94114333333333,613.5677203333333,338.90917800000005,-191.8114625,471.456166,34.291891,-105.662171,221.06862999999998,92.98756900000001,-55.25733600000001,-26.946161999999987,-35.12034999999999
-82.92461266666668,613.513804,338.90952699999997,-191.5746505,471.293406,34.278705,-105.6108295,220.72020650000002,92.2765325,-55.31634699999999,-26.80544899999998,-35.119871
-82.907849,613.4614993333333,338.91030500000005,-191.33822550000002,471.1317145,34.2670405,-105.55317249999999,220.38541800000002,91.584634,-55.372989000000004,-26.66924800000001,-35.11789399999999
-82.89086333333333,613.4107886666667,338.91149733333333,-191.10224399999998,470.971171,34.256819,-105.489302,220.063807,90.9115355,-55.42734199999998,-26.537484000000006,-35.114509
-82.873666,613.3616533333333,338.9130856666667,-190.8667605,470.8118495,34.247965,-105.41932400000002,219.7549215,90.256892,-55.47949200000001,-26.410077,-35.10980400000001
-82.85626633333334,613.3140733333333,338.91505433333333,-190.63182899999998,470.65382150000005,34.2404015,-105.34335000000002,219.4583125,89.62035399999999,-55.52951800000001,-26.286950999999988,-35.10386200000001
-82.83867366666666,613.2680273333333,338.91738633333335,-190.3975025,470.49715549999996,34.234055,-105.2614955,219.173534,89.0015655,-55.577505000000016,-26.168024000000003,-35.096767
-82.82089833333333,613.2234923333334,338.92006599999996,-190.1638345,470.341915,34.228851,-105.17388,218.900145,88.4001655,-55.62353,-26.053213999999997,-35.08859899999999
-82.80294966666666,613.180444,338.9230763333333,-189.9308755,470.1881615,34.2247155,-105.080625,218.63771,87.815789,-55.667676000000014,-25.942435999999987,-35.079436
-82.784836,613.1388566666667,338.9264,-189.6986765,470.035951,34.2215765,-104.98185950000001,218.38579800000002,87.2480685,-55.710019,-25.835610000000003,-35.06935300000001
-82.76656766666667,613.0987036666667,338.9300216666666,-189.4672875,469.88533800000005,34.219363,-104.877712,218.14398549999999,86.69663249999999,-55.750637999999995,-25.73264900000001,-35.05842299999999
-82.74815199999999,613.0599573333334,338.933924,-189.236758,469.73637299999996,34.218005,-104.7683185,217.911854,86.161106,-55.78960900000001,-25.633466,-35.046716
-82.729598,613.0225886666667,338.9380913333334,-189.0071355,469.589104,34.217433,-104.65381450000001,217.68899299999998,85.6411145,-55.827006999999995,-25.53797799999998,-35.034299000000004
-82.71091466666667,612.9865676666667,338.94250700000003,-188.778468,469.443574,34.217579,-104.53434200000001,217.475,85.136281,-55.86290600000001,-25.44609600000001,-35.021236
-82.69210933333333,612.9518626666667,338.94715433333334,-188.550802,469.2998255,34.2183765,-104.4100445,217.2694775,84.646226,-55.897379,-25.357732999999996,-35.00758999999999
-82.67319133333334,612.918443,338.952018,-188.324185,469.157896,34.2197595,-104.281068,217.07203900000002,84.17057249999999,-55.930498,-25.27280399999998,-34.99341700000001
-82.65416700000002,612.8862743333334,338.95708199999996,-188.098661,469.01782000000003,34.2216645,-104.14756299999999,216.8823045,83.70894100000001,-55.96233199999999,-25.19121899999999,-34.978775999999996
-82.63504533333334,612.855324,338.9623296666667,-187.8742765,468.879631,34.224027,-104.0096815,216.6999045,83.2609545,-55.99294900000001,-25.11289099999999,-34.963719
-82.61583266666668,612.8255573333334,338.9677463333333,-187.651074,468.743358,34.2267865,-103.867578,216.524476,82.8262355,-56.02241799999999,-25.037734,-34.948295
-82.59653733333333,612.7969396666666,338.9733166666667,-187.4290985,468.60902699999997,34.229881999999996,-103.72141,216.35566799999998,82.40440799999999,-56.050804,-24.96565799999999,-34.932552
-82.577167,612.7694346666666,338.97902466666665,-187.2083925,468.4766635,34.233255,-103.5713365,216.19313699999998,81.99510000000001,-56.078169,-24.896578000000005,-34.916534
-82.55772733333335,612.743006,338.98485533333337,-186.988999,468.346289,34.2368475,-103.4175195,216.03654949999998,81.5979385,-56.104579,-24.830407000000008,-34.900283
-82.538226,612.7176176666667,338.99079466666666,-186.770959,468.2179225,34.2406035,-103.2601225,215.8855825,81.2125555,-56.13009299999999,-24.767059000000017,-34.883835
-82.51866966666667,612.6932323333333,338.99682766666666,-186.554315,468.091581,34.244468499999996,-103.0993105,215.73992299999998,80.8385845,-56.154771,-24.706447999999995,-34.867229
-82.49906566666668,612.669812,339.0029396666667,-186.3391065,467.96728,34.248388500000004,-102.935251,215.599267,80.475663,-56.17867,-24.648487999999986,-34.85049599999999
-82.47941900000001,612.647319,339.009117,-186.12537550000002,467.845032,34.2523125,-102.7681115,215.463322,80.123431,-56.201847,-24.593096000000003,-34.833665999999994
-82.45973733333334,612.6257153333332,339.0153456666667,-185.9131605,467.72484699999995,34.2561895,-102.5980625,215.331805,79.781534,-56.224355,-24.540188,-34.816765999999994
-82.44002733333333,612.604964,339.0216123333333,-185.70250199999998,467.6067345,34.259971,-102.425275,215.20444450000002,79.4496205,-56.24624999999999,-24.489678999999995,-34.799821
-82.420294,612.585025,339.02790366666665,-185.493437,467.490702,34.2636105,-102.24992,215.08097800000002,79.127344,-56.26758000000001,-24.441490000000016,-34.782854
-82.40054366666668,612.5658603333333,339.03420700000004,-185.286005,467.37675349999995,34.267061,-102.072171,214.961154,78.81436149999999,-56.288398000000015,-24.395537999999988,-34.76588099999999
-82.38078233333333,612.547433,339.0405086666667,-185.0802435,467.264894,34.2702785,-101.892201,214.844732,78.51033650000001,-56.308747999999994,-24.351743999999997,-34.748921
-82.36101733333334,612.5297033333334,339.04679799999997,-184.8761895,467.155124,34.273221,-101.710185,214.7314815,78.2149355,-56.32867800000001,-24.31002699999999,-34.731987
-82.34125233333333,612.5126343333333,339.05306133333335,-184.67388,467.047446,34.275847,-101.5262955,214.621183,77.927833,-56.34823299999999,-24.27031199999999,-34.715092000000006
-82.321495,612.4961873333334,339.059288,-184.473351,466.94185749999997,34.278116999999995,-101.340708,214.5136255,77.648707,-56.367456000000004,-24.232518999999996,-34.698243999999995
-82.30175033333333,612.4803256666668,339.065466,-184.27463799999998,466.83835799999997,34.2799925,-101.15359649999999,214.4086105,77.3772405,-56.386387,-24.196574999999996,-34.681451
-82.28202433333333,612.4650113333333,339.07158466666664,-184.0777765,466.73694350000005,34.281437,-100.965135,214.3059485,77.113124,-56.405067999999986,-24.16240499999998,-34.66471799999999
-82.262322,612.4502083333333,339.07763300000005,-183.8828,466.63761,34.282415,-100.775498,214.205461,76.8560525,-56.423534000000004,-24.129936000000015,-34.648047
-82.24264966666668,612.4358793333333,339.08360166666665,-183.689743,466.5403515,34.2828945,-100.5848585,214.10697850000003,76.6057285,-56.441823,-24.099095000000005,-34.631440999999995
-82.22301266666666,612.4219893333333,339.089479,-183.498639,466.44516350000004,34.282842,-100.39338900000001,214.01034149999998,76.36185950000001,-56.45997000000001,-24.069812999999982,-34.614895000000004
-82.20341733333333,612.4085026666667,339.09525666666667,-183.3095205,466.3520375,34.282227500000005,-100.201261,213.91539999999998,76.124159,-56.47800800000002,-24.042020000000008,-34.59841000000001
-82.183869,612.3953843333334,339.1009243333333,-183.12241949999998,466.260966,34.2810225,-100.0086455,213.8220155,75.8923475,-56.49596700000001,-24.015648999999996,-34.581979
-82.16437233333333,612.3826003333334,339.106474,-182.937367,466.1719405,34.279199000000006,-99.815711,213.730056,75.6661505,-56.513880000000015,-23.990634,-34.565597
-82.14493499999999,612.3701179999999,339.11189633333333,-182.7543945,466.084952,34.276731,-99.6226265,213.6394005,75.445302,-56.531771000000006,-23.966908999999987,-34.54925399999999
-82.125561,612.3579043333334,339.1171836666667,-182.573531,465.99999049999997,34.273593500000004,-99.429558,213.549937,75.2295405,-56.54967199999999,-23.944412,-34.532942999999996
-82.106257,612.345927,339.1223273333333,-182.3948055,465.91704649999997,34.269763499999996,-99.2366705,213.46156050000002,75.0186115,-56.567606999999995,-23.923080999999996,-34.516651
-82.08702866666665,612.3341553333333,339.12732033333333,-182.2182465,465.83610799999997,34.2652205,-99.0441265,213.3741765,74.81226749999999,-56.58559699999999,-23.902854999999988,-34.50036899999999
-82.06788166666666,612.3225596666666,339.1321556666666,-182.043882,465.757165,34.2599425,-98.852086,213.287698,74.610266,-56.603668,-23.883673999999985,-34.484081999999994
-82.04882199999999,612.3111093333333,339.13682566666665,-181.8717385,465.680205,34.2539115,-98.660708,213.2020465,74.4123735,-56.62183999999999,-23.865482999999983,-34.467774999999996
-82.02985600000001,612.2997776666666,339.14132433333333,-181.7018415,465.605217,34.2471095,-98.470148,213.11715049999998,74.21836,-56.64013200000001,-23.848224999999985,-34.45143600000001
-82.01098966666667,612.2885366666666,339.145646,-181.53421550000002,465.532189,34.23952,-98.28056000000001,213.0329475,74.028004,-56.658564,-23.831844999999987,-34.43504599999999
-81.99222866666666,612.2773593333333,339.1497836666667,-181.36888449999998,465.4611085,34.231128999999996,-98.092094,212.94938050000002,73.841089,-56.67715200000001,-23.816291000000007,-34.418589999999995
-81.97357966666668,612.2662213333333,339.1537326666667,-181.205871,465.391963,34.221922,-97.9048975,212.866401,73.657406,-56.695910999999995,-23.801512000000002,-34.402049999999996
-81.95504833333334,612.255098,339.157488,-181.045198,465.32474,34.2118875,-97.7191155,212.78396650000002,73.4767525,-56.714856999999995,-23.78745699999999,-34.385408999999996
-81.936642,612.2439663333333,339.16104466666667,-180.8868845,465.25942699999996,34.2010135,-97.53488899999999,212.702041,73.29893,-56.73400400000001,-23.774078000000003,-34.368648
-81.91836633333334,612.2328036666667,339.16439799999995,-180.730951,465.1960115,34.1892905,-97.35235650000001,212.620596,73.123748,-56.753361,-23.761327999999992,-34.351748
-81.90022866666668,612.2215893333333,339.1675443333333,-180.5774155,465.13448,34.17671,-97.1716525,212.539608,72.9510235,-56.77294099999999,-23.749161999999984,-34.334691
-81.882235,612.2103036666667,339.1704793333334,-180.42629499999998,465.07482000000005,34.1632645,-96.9929075,212.45905850000003,72.7805765,-56.792753000000005,-23.737537000000003,-34.317459
-81.86439266666666,612.198928,339.1731996666667,-180.2776055,465.017019,34.148948000000004,-96.8162495,212.378936,72.6122355,-56.812805,-23.726407999999992,-34.300031000000004
-81.84670899999999,612.187444,339.17570299999994,-180.1313615,464.9610635,34.1337545,-96.64179999999999,212.29923200000002,72.4458325,-56.833106,-23.71573600000002,-34.28238900000001
-81.82918933333333,612.175836,339.17798500000004,-179.987576,464.9069405,34.1176805,-96.46968050000001,212.2199455,72.281209,-56.853661,-23.705478999999997,-34.264514
-81.811842,612.1640886666667,339.180044,-179.846261,464.854638,34.1007225,-96.300005,212.141078,72.1182085,-56.874476,-23.695602000000008,-34.24638699999999
-81.79467466666667,612.1521876666667,339.18187800000004,-179.707428,464.804142,34.082879000000005,-96.1328845,212.0626355,71.9566825,-56.895555,-23.68606699999998,-34.227989
-81.777693,612.1401203333334,339.1834843333333,-179.57108449999998,464.75544049999996,34.0641495,-95.9684255,211.98462949999998,71.7964875,-56.916903000000005,-23.676837000000006,-34.209303
-81.76090566666666,612.1278746666667,339.1848616666667,-179.437239,464.70852,34.044533,-95.806731,211.90707300000003,71.6374855,-56.93852000000001,-23.667879999999997,-34.190312999999996
-81.74432,612.1154406666666,339.1860086666666,-179.30589750000001,464.663368,34.0240305,-95.6478985,211.829984,71.479544,-56.960409,-23.65916199999998,-34.170998000000004
-81.72794366666666,612.102808,339.18692433333337,-179.177064,464.61997199999996,34.0026445,-95.4920205,211.75338299999999,71.3225365,-56.98257099999999,-23.650652000000008,-34.15134499999999
-81.71178333333333,612.089969,339.1876076666667,-179.050742,464.5783185,33.9803785,-95.33918700000001,211.67729350000002,71.166341,-57.005005999999995,-23.642319000000015,-34.131336000000005
-81.695848,612.0769166666666,339.188058,-178.92693350000002,464.5383945,33.9572345,-95.18948,211.601742,71.01084,-57.027711999999994,-23.634136000000012,-34.110955999999995
-81.68014466666666,612.0636446666666,339.188275,-178.805637,464.50018750000004,33.933218499999995,-95.0429805,211.526757,70.855924,-57.050689000000006,-23.626074000000017,-34.090192
-81.66468166666667,612.0501483333333,339.18825899999996,-178.6868525,464.4636845,33.9083355,-94.89976200000001,211.452368,70.7014845,-57.073933999999994,-23.61810600000001,-34.06902900000001
-81.649467,612.036424,339.18801,-178.5705755,464.428872,33.8825915,-94.7598945,211.3786085,70.5474215,-57.097443,-23.610208999999998,-34.04745500000001
-81.63450833333333,612.022469,339.187528,-178.45680099999998,464.395738,33.855994,-94.62344150000001,211.305512,70.39363850000001,-57.121213,-23.602355999999986,-34.025459
-81.61981433333334,612.0082813333333,339.18681399999997,-178.3455235,464.36426800000004,33.8285505,-94.4904645,211.233114,70.2400435,-57.145241,-23.594528000000025,-34.003029
-81.60539266666666,611.993861,339.18586866666664,-178.236734,464.334449,33.8002695,-94.3610175,211.1614505,70.086549,-57.169521,-23.58669900000001,-33.980156
-81.591251,611.9792083333333,339.18469366666665,-178.130422,464.3062685,33.7711605,-94.23515,211.09055899999998,69.9330735,-57.194047999999995,-23.578852000000012,-33.956829000000006
-81.57739866666667,611.9643246666667,339.18328966666667,-178.0265775,464.279712,33.741232499999995,-94.112908,211.0204775,69.779539,-57.218816000000004,-23.570965,-33.933042
-81.56384266666667,611.9492123333333,339.18165833333336,-177.925186,464.25476549999996,33.7104975,-93.994332,210.9512445,69.625872,-57.243818000000005,-23.563020999999992,-33.90879
-81.55059266666667,611.9338753333333,339.1798013333334,-177.8262335,464.23141599999997,33.678965500000004,-93.8794565,210.882898,69.472003,-57.269048999999995,-23.55499999999998,-33.884063999999995
-81.53765533333333,611.918317,339.17772066666663,-177.729703,464.209649,33.6466485,-93.768313,210.8154775,69.3178685,-57.2945,-23.546888999999993,-33.858861
-81.52504,611.9025436666667,339.17541800000004,-177.6355775,464.1894495,33.6135595,-93.660927,210.74902,69.1634075,-57.320164000000005,-23.538670000000025,-33.83317900000001
-81.51275366666667,611.8865603333334,339.1728963333333,-177.543836,464.170803,33.5797105,-93.5573195,210.683565,69.008564,-57.34603299999999,-23.53033000000002,-33.807013999999995
-81.50080533333333,611.8703746666666,339.17015733333335,-177.4544585,464.15369499999997,33.5451155,-93.4575065,210.6191495,68.8532855,-57.372099000000006,-23.521854999999988,-33.780364999999996
-81.48920266666666,611.8539940000001,339.16720433333336,-177.3674215,464.13811,33.5097885,-93.3615005,210.55581,68.697524,-57.398353,-23.513229999999993,-33.753234
-81.477954,611.8374269999999,339.16403933333333,-177.282701,464.124033,33.473743999999996,-93.26930899999999,210.4935835,68.5412355,-57.424786,-23.504447000000027,-33.725618999999995
-81.467067,611.8206823333334,339.16066499999994,-177.20027249999998,464.1114475,33.4369975,-93.1809335,210.4325045,68.38438,-57.451391,-23.495490999999987,-33.697524
-81.45654966666667,611.8037703333334,339.15708566666666,-177.120107,464.1003375,33.399563,-93.096374,210.37260750000002,68.2269205,-57.478156,-23.486354999999975,-33.668953
-81.44640866666667,611.786702,339.15330366666666,-177.0421775,464.0906865,33.3614585,-93.015623,210.313924,68.0688245,-57.50507399999999,-23.47702799999999,-33.639911
-81.43665266666666,611.769487,339.1493223333333,-176.966453,464.0824775,33.3226985,-92.9386715,210.2564865,67.910063,-57.532135,-23.467501,-33.61039999999999
-81.42728933333333,611.7521383333334,339.1451446666667,-176.8929035,464.0756935,33.2833,-92.865505,210.200325,67.7506105,-57.559327999999994,-23.457765999999992,-33.580431
-81.41832466666666,611.7346676666666,339.140775,-176.821496,464.070316,33.243281499999995,-92.7961055,210.1454665,67.590445,-57.586645000000004,-23.447816999999986,-33.550008
-81.409767,611.717088,339.1362163333333,-176.7521965,464.0663285,33.2026595,-92.73045049999999,210.09193900000002,67.42954850000001,-57.614075,-23.437646,-33.519143
-81.40162266666667,611.699412,339.13147299999997,-176.68497100000002,464.0637105,33.161452000000004,-92.668515,210.039766,67.2679055,-57.64161000000001,-23.42724799999999,-33.487843
-81.393899,611.681654,339.12654833333335,-176.61978299999998,464.062445,33.1196765,-92.6102685,209.9889715,67.105505,-57.669239000000005,-23.416617000000002,-33.45611999999999
-81.38660166666666,611.663828,339.1214466666667,-176.556596,464.0625115,33.077353,-92.5556795,209.93957699999999,66.94233750000001,-57.696953,-23.405749999999983,-33.423985
-81.37973733333334,611.6459476666668,339.116172,-176.495372,464.0638905,33.034499,-92.5047115,209.89160099999998,66.77839900000001,-57.724743,-23.39464000000001,-33.391448000000004
-81.37331233333333,611.6280283333334,339.1107283333333,-176.436072,464.06656250000003,32.991135,-92.4573245,209.84506,66.613687,-57.752599000000004,-23.383286,-33.358526000000005
-81.36733266666667,611.6100846666667,339.10512,-176.3786575,464.07050549999997,32.947278499999996,-92.413477,209.799971,66.44820299999999,-57.780511999999995,-23.371684000000016,-33.32523
-81.361803,611.5921319999999,339.0993516666667,-176.323087,464.075701,32.902950499999996,-92.373123,209.756346,66.28195050000001,-57.808472,-23.35983200000001,-33.291575
-81.35672966666667,611.5741863333333,339.093427,-176.2693195,464.08212549999996,32.8581705,-92.33621500000001,209.71419550000002,66.1149375,-57.836472,-23.347726999999992,-33.257577
-81.352117,611.5562620000001,339.0873506666666,-176.217314,464.0897585,32.8129585,-92.30270200000001,209.673529,65.94717299999999,-57.864502,-23.335368000000017,-33.22324999999999
-81.34797033333332,611.5383753333334,339.0811273333333,-176.16702800000002,464.098577,32.7673355,-92.2725315,209.63435349999997,65.7786705,-57.89255299999999,-23.322755,-33.188613000000004
-81.34429333333333,611.5205426666666,339.07476133333336,-176.11841900000002,464.10856,32.721321,-92.2456485,209.596674,65.609445,-57.920617,-23.309886000000006,-33.15368
-81.34109033333334,611.5027786666667,339.0682576666666,-176.0714435,464.1196835,32.6749365,-92.22199499999999,209.560492,65.4395155,-57.948688,-23.296760000000006,-33.118471
-81.33836500000001,611.4851,339.06162066666667,-176.0260585,464.131925,32.6282025,-92.201513,209.52580849999998,65.2689025,-57.976756,-23.283378999999996,-33.083000999999996
-81.33612099999999,611.4675223333332,339.05485466666664,-175.98221999999998,464.1452605,32.58114,-92.18414,209.4926225,65.097629,-58.004814,-23.269743000000005,-33.04729
-81.33436066666665,611.4500613333333,339.0479656666667,-175.9398845,464.159668,32.5337705,-92.169815,209.4609295,64.925721,-58.032856,-23.255851000000007,-33.011356
-81.33308733333332,611.4327336666666,339.0409573333333,-175.89900799999998,464.17512150000005,32.486115,-92.1584725,209.430725,64.7532065,-58.060872999999994,-23.241705999999994,-32.975217
-81.33230333333334,611.4155536666666,339.03383433333335,-175.8595465,464.191598,32.438195,-92.150049,209.40200049999999,64.5801165,-58.088862,-23.227307000000025,-32.93889300000001
-81.33201000000001,611.3985373333334,339.0266023333333,-175.821457,464.2090735,32.3900315,-92.144477,209.374747,64.406484,-58.116814,-23.21266,-32.902402
-81.33220866666666,611.3817,339.01926533333335,-175.784694,464.227523,32.341646499999996,-92.14169,209.348953,64.2323425,-58.144724,-23.19776200000001,-32.865762999999994
-81.33290133333334,611.3650573333333,339.01182900000003,-175.7492155,464.2469215,32.293061,-92.1416195,209.32460600000002,64.0577305,-58.172587,-23.18261800000002,-32.828995
-81.33408766666666,611.3486233333334,339.004297,-175.714978,464.267245,32.2442975,-92.144198,209.301691,63.882686,-58.20039800000001,-23.167227999999994,-32.792118
-81.33576766666667,611.3324136666666,338.9966753333333,-175.681938,464.2884685,32.1953775,-92.149356,209.2801905,63.7072495,-58.228151999999994,-23.15159699999998,-32.755148999999996
-81.33794233333333,611.3164419999999,338.98896899999994,-175.6500535,464.3105665,32.1463225,-92.157024,209.2600875,63.531464,-58.255846000000005,-23.13572499999998,-32.718109999999996
-81.34061033333333,611.300723,338.981182,-175.619283,464.3335155,32.097153,-92.1671335,209.2413615,63.355374499999996,-58.283474999999996,-23.119617000000005,-32.681017
-81.34377033333332,611.28527,338.97331966666667,-175.589584,464.35728900000004,32.0478925,-92.179614,209.2239915,63.179024999999996,-58.311036,-23.103273,-32.64388999999999
-81.34742166666666,611.2700970000001,338.9653866666667,-175.56091650000002,464.3818635,31.9985615,-92.1943975,209.2079555,63.0024635,-58.33852699999999,-23.08669900000001,-32.606747
-81.35156066666667,611.255216,338.9573883333333,-175.53323949999998,464.4072135,31.9491825,-92.211415,209.1932295,62.825739,-58.36594399999999,-23.069897000000026,-32.56960599999999
-81.35618699999999,611.2406416666666,338.9493296666667,-175.50651499999998,464.4333155,31.8997755,-92.230598,209.1797885,62.648901499999994,-58.393285999999996,-23.052868999999987,-32.532485
-81.36129633333333,611.226385,338.941214,-175.4807025,464.4601445,31.8503625,-92.251879,209.1676055,62.472002,-58.42055,-23.035618999999997,-32.4954
-81.36688666666667,611.2124583333333,338.93304800000004,-175.45576549999998,464.48767599999996,31.800965,-92.27519050000001,209.156654,62.295092499999996,-58.447737000000004,-23.01814999999999,-32.45837099999999
-81.37295300000001,611.1988733333334,338.924835,-175.4316665,464.515886,31.7516035,-92.300467,209.146905,62.1182265,-58.474844000000004,-23.000463999999994,-32.42141099999999
-81.37949133333333,611.1856413333334,338.91658133333334,-175.40837,464.5447525,31.7022995,-92.3276425,209.13833,61.9414575,-58.501870999999994,-22.98256600000002,-32.384536999999995
-81.38649766666667,611.1727723333335,338.9082903333333,-175.3858405,464.57425,31.653073499999998,-92.35665350000001,209.130899,61.7648405,-58.528819000000006,-22.96445799999998,-32.34776699999999
-81.39396633333332,611.1602770000001,338.899967,-175.364044,464.604357,31.603946,-92.38743699999999,209.1245815,61.5884315,-58.555687999999996,-22.946143000000006,-32.311113
-81.401892,611.1481656666666,338.89161633333333,-175.3429475,464.63505050000003,31.554938,-92.41993099999999,209.1193455,61.412286,-58.582477999999995,-22.927625000000006,-32.27459
-81.41026933333335,611.136447,338.88324300000005,-175.322519,464.6663085,31.506068499999998,-92.4540755,209.11516,61.23646049999999,-58.60919100000001,-22.908906,-32.238212999999995
-81.41909133333333,611.12513,338.8748513333333,-175.302728,464.6981095,31.4573585,-92.489811,209.1119915,61.0610115,-58.635828000000004,-22.889988999999986,-32.201995
-81.428351,611.114223,338.866446,-175.2835435,464.7304325,31.408827,-92.52708,209.109808,60.885996,-58.66239000000001,-22.870877999999976,-32.165948
-81.43804200000001,611.1037343333333,338.85803133333326,-175.264938,464.763256,31.3604925,-92.5658275,209.10857650000003,60.7114705,-58.688881,-22.851573000000002,-32.130084999999994
-81.448156,611.093671,338.84961166666665,-175.246884,464.7965605,31.312376,-92.605999,209.10826400000002,60.537492,-58.715302,-22.83207999999999,-32.094415999999995
-81.458686,611.0840396666666,338.84119133333337,-175.2293545,464.8303265,31.264494499999998,-92.6475425,209.1088365,60.36411749999999,-58.741657000000004,-22.812399,-32.058952999999995
-81.46962233333333,611.0748476666666,338.8327753333333,-175.212325,464.864535,31.2168675,-92.690406,209.1102605,60.191402499999995,-58.76795,-22.79253299999999,-32.023705
-81.48095733333334,611.0661006666667,338.8243673333333,-175.19577049999998,464.8991685,31.1695115,-92.7345415,209.112503,60.019403499999996,-58.794180999999995,-22.77248400000002,-31.988683
-81.49268133333334,611.057803,338.81597200000004,-175.179669,464.934208,31.122445000000003,-92.7799015,209.115531,59.848176,-58.820356999999994,-22.752253999999994,-31.953894000000005
-81.50478533333333,611.0499616666667,338.80759233333333,-175.1639975,464.9696375,31.0756855,-92.826441,209.11931049999998,59.677775000000004,-58.84648200000001,-22.731846999999988,-31.919346000000004
-81.51725933333334,611.0425796666667,338.7992336666666,-175.14873649999998,465.00544049999996,31.029249,-92.874117,209.1238085,59.508253,-58.872558,-22.711261000000007,-31.885046000000003
-81.53009333333334,611.0356613333333,338.79089933333336,-175.1338655,465.04160149999996,30.983151999999997,-92.922887,209.12899299999998,59.3396645,-58.89859200000001,-22.690500000000014,-31.85100299999999
-81.54327766666665,611.029211,338.7825923333333,-175.119367,465.07810600000005,30.9374105,-92.972712,209.13483150000002,59.1720615,-58.924588,-22.669565000000006,-31.817218999999994
-81.55680033333333,611.023231,338.7743183333333,-175.1052225,465.1149395,30.8920395,-93.023554,209.141291,59.0054945,-58.95055,-22.648458000000005,-31.783702999999996
-81.57065133333333,611.0177243333334,338.7660806666667,-175.09141599999998,465.1520885,30.847054,-93.075377,209.14834100000002,58.840013,-58.976484,-22.627177999999986,-31.750458000000002
-81.584819,611.012693,338.75788166666666,-175.0779325,465.1895415,30.802467500000002,-93.1281475,209.1559505,58.675666,-59.002395,-22.605727,-31.717485999999994
-81.59929266666667,611.0081393333334,338.749726,-175.0647565,465.22728600000005,30.758295,-93.1818315,209.1640885,58.5125005,-59.028289,-22.58410699999999,-31.684792999999992
-81.61406066666667,611.004064,338.7416166666667,-175.051875,465.265311,30.7145485,-93.2364005,209.172725,58.350562,-59.054171000000004,-22.56231599999998,-31.652379999999994
-81.62911033333334,611.0004680000001,338.7335573333333,-175.039276,465.303606,30.671241000000002,-93.29182499999999,209.1818315,58.18989500000001,-59.080045999999996,-22.540355000000005,-31.620250000000006
-81.64443000000001,610.9973526666666,338.72555166666666,-175.026947,465.3421615,30.628384,-93.3480775,209.19137849999998,58.030541,-59.105921,-22.518225,-31.588402000000002
-81.66000766666667,610.9947176666668,338.71760166666667,-175.0148765,465.3809695,30.58599,-93.405133,209.2013385,57.8725405,-59.131800000000005,-22.495925,-31.556838999999997
-81.67583133333333,610.9925619999999,338.70971133333336,-175.00305500000002,465.420021,30.544068,-93.4629675,209.2116845,57.7159325,-59.15769100000001,-22.473455,-31.525560999999996
-81.69188766666666,610.9908863333334,338.70188333333334,-174.9914725,465.4593095,30.502629,-93.521558,209.22239050000002,57.560753,-59.183597999999996,-22.450815000000006,-31.494568
-81.70816500000001,610.989689,338.69412066666666,-174.9801195,465.498828,30.461682,-93.580884,209.23343,57.4070375,-59.209528,-22.428003999999987,-31.463856999999997
-81.72465033333334,610.988969,338.68642600000004,-174.968988,465.5385715,30.421236,-93.6409265,209.2447785,57.2548175,-59.235485,-22.405021000000005,-31.433428999999997
-81.741331,610.9887243333334,338.678802,-174.95807000000002,465.5785345,30.3812985,-93.7016665,209.256413,57.1041245,-59.26147499999999,-22.381866000000002,-31.403280999999993
-81.75819366666667,610.9889536666666,338.6712513333334,-174.947357,465.6187115,30.341876499999998,-93.76308750000001,209.2683085,56.954986000000005,-59.287504999999996,-22.358536999999984,-31.37341200000001
-81.775227,610.9896536666666,338.6637763333333,-174.936843,465.65910099999996,30.302976,-93.82517200000001,209.2804445,56.807429,-59.31357799999999,-22.33503299999998,-31.343818
-81.79241666666667,610.9908226666666,338.65637933333335,-174.9265205,465.6996975,30.264604,-93.8879065,209.292799,56.661475,-59.339698999999996,-22.311352,-31.314498
-81.80975099999999,610.9924573333334,338.6490626666667,-174.9163825,465.7405,30.226764499999998,-93.9512765,209.3053515,56.51714749999999,-59.365875,-22.287492999999984,-31.285446999999998
-81.82721666666667,610.994555,338.64182833333336,-174.90642250000002,465.7815055,30.189461,-94.01526799999999,209.3180825,56.374465,-59.39210999999999,-22.26345500000002,-31.256664
-81.84480066666667,610.997112,338.6346776666667,-174.896634,465.8227145,30.1526985,-94.079869,209.3309725,56.2334435,-59.418406000000004,-22.239235000000008,-31.228143000000003
-81.86249133333332,611.0001246666667,338.6276136666667,-174.8870105,465.8641245,30.116477500000002,-94.14506750000001,209.3440045,56.094097500000004,-59.444768999999994,-22.214833,-31.199883000000007
-81.880276,611.0035896666667,338.62063733333326,-174.8775455,465.9057355,30.080801,-94.210852,209.3571615,55.956439,-59.471202000000005,-22.190245000000004,-31.171879999999994
-81.89814166666666,611.0075026666667,338.61375033333337,-174.86823199999998,465.94754850000004,30.04567,-94.27721149999999,209.370427,55.820477499999996,-59.497709,-22.165471999999994,-31.144126999999997
-81.91607633333334,611.0118590000001,338.60695400000003,-174.859063,465.989563,30.0110825,-94.3441345,209.383786,55.686220000000006,-59.524291000000005,-22.140507999999983,-31.116626000000004
-81.93406833333333,611.0166553333333,338.60024999999996,-174.850032,466.03178049999997,29.9770405,-94.4116105,209.397224,55.553670999999994,-59.550951,-22.115353999999996,-31.089368
-81.952105,611.0218856666667,338.59363966666666,-174.841131,466.07420249999996,29.9435405,-94.47962899999999,209.4107275,55.422833499999996,-59.577692,-22.090006999999986,-31.062352999999995
-81.970175,611.027547,338.5871236666666,-174.83235100000002,466.11683100000005,29.910579499999997,-94.548179,209.424284,55.293707500000004,-59.604516000000004,-22.064463999999987,-31.035577000000004
-81.988267,611.0336333333333,338.58070333333336,-174.823685,466.15966649999996,29.8781555,-94.617249,209.437881,55.16629,-59.63141999999999,-22.038725999999997,-31.009035999999995
-82.00636899999999,611.04014,338.5743796666667,-174.815123,466.202713,29.8462635,-94.68682899999999,209.451508,55.0405775,-59.658407999999994,-22.012788,-30.982729
-82.024471,611.0470623333333,338.56815233333333,-174.8066565,466.245972,29.814898,-94.7569055,209.465155,54.9165635,-59.68547699999999,-21.986649999999997,-30.956653000000003
-82.04256099999999,611.0543943333333,338.56202333333334,-174.798274,466.2894465,29.7840535,-94.827468,209.4788115,54.794239000000005,-59.712626,-21.960308999999995,-30.930805999999997
-82.06062899999999,611.062131,338.55599233333334,-174.789965,466.333139,29.7537225,-94.8985025,209.4924695,54.673593999999994,-59.73985499999999,-21.933764999999994,-30.905188000000003
-82.07866466666667,611.0702673333334,338.55005966666664,-174.7817175,466.3770525,29.7238975,-94.96999500000001,209.506121,54.5546155,-59.767160000000004,-21.907014000000004,-30.879794999999994
-82.09665866666667,611.078798,338.54422600000004,-174.7735195,466.42118949999997,29.69457,-95.0419315,209.51975850000002,54.4372895,-59.794537000000005,-21.880056999999994,-30.854630999999998
-82.11460066666666,611.0877166666668,338.538491,-174.765356,466.465554,29.66573,-95.11429749999999,209.533375,54.3216005,-59.821983,-21.852891999999997,-30.829694999999994
-82.132481,611.0970189999999,338.53285466666665,-174.7572145,466.510147,29.6373675,-95.187074,209.546966,54.2075305,-59.849492,-21.825517999999988,-30.804986999999997
-82.15029133333333,611.1066983333334,338.527317,-174.7490775,466.554973,29.609469999999998,-95.260246,209.560525,54.0950605,-59.87705799999999,-21.797933999999998,-30.780512999999992
-82.16802233333334,611.1167496666666,338.5218773333333,-174.7409305,466.600034,29.582027500000002,-95.3337925,209.574049,53.984170000000006,-59.904675,-21.770139999999998,-30.756272000000003
-82.185667,611.1271676666667,338.5165363333333,-174.7327545,466.6453325,29.555024500000002,-95.40769449999999,209.5875325,53.8748375,-59.93233500000001,-21.742136999999985,-30.732269000000002
-82.203216,611.1379459999999,338.511292,-174.7245315,466.690872,29.5284485,-95.48193,209.600973,53.7670405,-59.96002800000001,-21.713921999999997,-30.708512999999996
-82.22066233333334,611.1490796666666,338.50614433333334,-174.71624250000002,466.73665300000005,29.502285,-95.556476,209.614368,53.6607555,-59.987744000000006,-21.68550000000002,-30.685005000000004
-82.237999,611.160563,338.5010926666667,-174.7078665,466.78267900000003,29.476516999999998,-95.63130749999999,209.62771550000002,53.555957500000005,-60.015473,-21.656869,-30.661755000000007
-82.25521933333333,611.1723900000001,338.49613633333337,-174.69938100000002,466.8289505,29.45113,-95.7063985,209.64101399999998,53.452622,-60.04320299999999,-21.628029999999995,-30.638772000000003
-82.27231599999999,611.1845553333334,338.49127433333337,-174.6907635,466.87547,29.426105,-95.781721,209.65426250000002,53.350724,-60.070921999999996,-21.598985,-30.616063999999994
-82.28928433333333,611.1970536666666,338.48650433333336,-174.68199,466.922238,29.4014255,-95.8572455,209.667461,53.2502365,-60.098613,-21.569738,-30.593643000000007
-82.30611733333332,611.2098793333333,338.481827,-174.673035,466.96925550000003,29.377072,-95.932941,209.6806095,53.1511345,-60.126262,-21.540290999999996,-30.571523000000006
-82.322811,611.223027,338.47724,-174.6638725,467.0165225,29.353025000000002,-96.0087745,209.6937095,53.0533925,-60.153853,-21.510646999999977,-30.549715
-82.33935966666667,611.236491,338.47274166666665,-174.654475,467.06404,29.3292645,-96.08471,209.7067615,52.956984500000004,-60.18136799999999,-21.480809000000022,-30.528236999999997
-82.35575966666667,611.250266,338.46833066666665,-174.644814,467.1118065,29.305768999999998,-96.160713,209.7197685,52.8618855,-60.208788,-21.450783,-30.507104999999996
-82.37200633333333,611.2643466666667,338.46400566666665,-174.6348605,467.1598225,29.2825175,-96.23674399999999,209.732732,52.768071000000006,-60.236092,-21.420571999999993,-30.486336
-82.38809666666667,611.278728,338.4597646666667,-174.6245825,467.2080855,29.259487,-96.31276199999999,209.7456555,52.675518000000004,-60.26325999999999,-21.390180999999984,-30.465952
-82.40402666666667,611.2934043333333,338.45560600000005,-174.61395,467.256595,29.236655,-96.3887265,209.7585425,52.584203,-60.290268999999995,-21.35961900000001,-30.44597199999999
-82.41979466666668,611.308371,338.45152766666666,-174.60293000000001,467.305348,29.2139975,-96.4645935,209.771397,52.4941055,-60.31709500000001,-21.328891999999996,-30.426423
-82.43539700000001,611.3236223333333,338.447528,-174.59149000000002,467.354343,29.19149,-96.5403175,209.784224,52.4052045,-60.34371300000001,-21.29800800000001,-30.407325
-82.45083266666667,611.3391540000001,338.443604,-174.57959499999998,467.4035765,29.1691075,-96.61585099999999,209.7970285,52.3174825,-60.370098,-21.266973000000007,-30.388709
-82.46609933333333,611.35496,338.4397543333334,-174.56721,467.453046,29.1468255,-96.691146,209.8098165,52.230922500000005,-60.39622,-21.23579700000002,-30.370601
-82.48119566666666,611.3710363333333,338.435977,-174.5543,467.5027465,29.1246175,-96.7661525,209.82259399999998,52.1455105,-60.422050999999996,-21.204489999999993,-30.353030999999994
-82.49612133333333,611.3873776666666,338.4322683333333,-174.5408295,467.55267549999996,29.1024565,-96.8408185,209.83536800000002,52.061233,-60.447563,-21.173063999999982,-30.33603
-82.51087566666666,611.4039796666667,338.428627,-174.52676150000002,467.602827,29.080316,-96.915091,209.84814649999998,51.978081,-60.472724,-21.141527000000025,-30.319634000000008
-82.52545766666667,611.420837,338.42505033333333,-174.5120585,467.65319750000003,29.0581685,-96.9889155,209.8609375,51.896046,-60.497501,-21.109894999999995,-30.303874
-82.53986833333333,611.437945,338.42153566666667,-174.49668450000001,467.70378100000005,29.0359865,-97.062237,209.87375,51.815124499999996,-60.521860000000004,-21.07817799999998,-30.288789
-82.55410766666667,611.4553,338.41808100000003,-174.48060099999998,467.7545725,29.013740000000002,-97.13499999999999,209.886594,51.735314,-60.545767999999995,-21.046391999999997,-30.274418000000004
-82.56817666666666,611.472896,338.41468333333336,-174.463771,467.8055665,28.991403,-97.207145,209.89947949999998,51.656616,-60.569188,-21.014549000000017,-30.260799999999996
-82.58207633333332,611.4907296666667,338.4113393333333,-174.4461565,467.85675649999996,28.9689445,-97.2786155,209.9124165,51.579034500000006,-60.592085,-20.982666999999992,-30.247975000000004
-82.59580766666666,611.5087956666667,338.40804733333334,-174.4277205,467.9081375,28.9463365,-97.349352,209.9254185,51.502578,-60.614419999999996,-20.950761,-30.235988
-82.60937266666666,611.5270906666666,338.4048036666666,-174.4084265,467.95970250000005,28.923548500000003,-97.4192965,209.93849749999998,51.427257999999995,-60.636155,-20.918848999999994,-30.224883999999996
-82.62277266666666,611.5456093333333,338.4016060000001,-174.388237,468.011446,28.9005515,-97.488388,209.951667,51.353089499999996,-60.657250000000005,-20.886949999999985,-30.214708999999992
-82.63601033333333,611.5643483333333,338.3984513333333,-174.367117,468.06336050000004,28.8773155,-97.5565675,209.964941,51.2800915,-60.677662999999995,-20.855080000000015,-30.205511
-82.64908766666667,611.5833023333333,338.3953366666667,-174.3450295,468.115441,28.8538105,-97.62377599999999,209.97833550000001,51.2082875,-60.697356,-20.823260999999974,-30.197336999999997
-82.66200766666667,611.6024676666667,338.39225933333336,-174.32194099999998,468.1676815,28.8300065,-97.6899535,209.99186650000001,51.137704,-60.71628299999999,-20.79151299999998,-30.190237999999994
-82.67477233333334,611.6218406666667,338.3892163333333,-174.297818,468.2200755,28.805871999999997,-97.7550425,210.005551,51.068372999999994,-60.734404999999995,-20.75985800000001,-30.184267999999996
-82.687385,611.6414163333333,338.3862046666667,-174.272628,468.27261699999997,28.781378500000002,-97.818984,210.0194075,51.000330500000004,-60.75167599999999,-20.728319,-30.179477
-82.69984866666665,611.6611913333334,338.3832213333333,-174.24634,468.3253015,28.756494,-97.8817215,210.033456,50.9336155,-60.76805300000001,-20.696919999999977,-30.175920999999995
-82.71216666666666,611.6811613333333,338.380263,-174.21892400000002,468.3781245,28.731189999999998,-97.9431995,210.0477165,50.8682735,-60.783489,-20.665681000000006,-30.173653
-82.72434233333333,611.7013223333333,338.37732766666664,-174.190352,468.43108,28.705435,-98.0033635,210.062211,50.804353500000005,-60.79794299999999,-20.634631999999982,-30.172731000000006
-82.73637866666667,611.7216696666667,338.3744113333334,-174.1605985,468.4841655,28.679199999999998,-98.0621615,210.0769635,50.7419095,-60.811367000000004,-20.60379499999999,-30.173209
-82.74827966666666,611.7422016666666,338.371511,-174.129639,468.5373765,28.652454,-98.1195425,210.0919965,50.681,-60.82371499999999,-20.57319899999999,-30.175148
-82.76004933333333,611.762912,338.3686246666666,-174.09745149999998,468.5907125,28.625169,-98.17545799999999,210.107338,50.6216875,-60.834942,-20.542869999999994,-30.178602999999995
-82.77169066666666,611.7837973333334,338.36574766666666,-174.06401599999998,468.6441705,28.5973135,-98.2298625,210.123014,50.5640405,-60.845003000000005,-20.51283600000002,-30.183633
-82.78320766666667,611.804855,338.36287866666663,-174.0293165,468.69775000000004,28.5688595,-98.282714,210.1390535,50.5081315,-60.85385000000001,-20.483125,-30.190298999999996
-82.79460399999999,611.8260796666667,338.3600136666667,-173.993337,468.75145150000003,28.5397785,-98.33397099999999,210.1554865,50.454038,-60.86143800000001,-20.453768999999994,-30.198656
-82.80588366666667,611.8474686666667,338.3571503333333,-173.95606700000002,468.805277,28.510041,-98.383598,210.1723455,50.401841000000005,-60.867722000000015,-20.42479499999999,-30.208768
-82.81705033333334,611.8690176666668,338.3542846666667,-173.917497,468.8592285,28.47962,-98.43156249999998,210.189664,50.351629,-60.87265699999999,-20.396233999999993,-30.220691999999993
-82.82810766666667,611.8907226666666,338.35141533333336,-173.8776225,468.91331049999997,28.4484875,-98.477835,210.20747699999998,50.30349199999999,-60.87619599999999,-20.36811800000001,-30.234485999999997
-82.839059,611.9125806666666,338.348538,-173.8364415,468.96752849999996,28.416615999999998,-98.522392,210.225821,50.257526,-60.87829600000002,-20.34047800000002,-30.250211999999998
-82.84990933333334,611.9345873333333,338.3456503333333,-173.79395499999998,469.021891,28.383979,-98.5652125,210.2447355,50.213831,-60.878911000000016,-20.313346999999993,-30.267925999999996
-82.86066,611.9567393333333,338.34274933333336,-173.7501685,469.076405,28.350550499999997,-98.6062825,210.26426099999998,50.172513499999994,-60.87800100000001,-20.286754000000002,-30.287687
-82.87131666666666,611.9790326666666,338.33983233333333,-173.70509199999998,469.131082,28.3163065,-98.64559249999999,210.28444100000002,50.13368,-60.87552099999999,-20.26073599999998,-30.309551999999996
-82.88188166666667,612.0014633333334,338.3368966666667,-173.6587375,469.18593450000003,28.28122,-98.683137,210.3053185,50.097445,-60.871430000000004,-20.235322999999994,-30.333576000000008
-82.89235866666667,612.0240286666667,338.33393899999993,-173.6111235,469.2409765,28.245268499999998,-98.7189185,210.326941,50.0639255,-60.86568899999999,-20.210550000000012,-30.359817000000007
-82.90275066666668,612.0467243333334,338.3309566666667,-173.5622715,469.2962255,28.208427999999998,-98.752945,210.3493575,50.033243,-60.858258000000006,-20.186446999999987,-30.388328
-82.913061,612.0695466666667,338.32794766666666,-173.51220849999999,469.3517,28.1706765,-98.7852305,210.372618,50.005521,-60.849097,-20.16305200000002,-30.419160000000005
-82.923292,612.0924923333333,338.32490866666666,-173.460965,469.4074205,28.131992500000003,-98.81579500000001,210.3967765,49.980889499999996,-60.838172,-20.140394999999984,-30.452366999999995
-82.93344666666667,612.115557,338.32183733333335,-173.40857749999998,469.46341199999995,28.092354,-98.84466750000001,210.421887,49.959479,-60.82544700000001,-20.118510000000015,-30.487998000000005
-82.94352766666667,612.138738,338.31873033333335,-173.3550865,469.519699,28.051742,-98.8718825,210.44800700000002,49.941424500000004,-60.810886999999994,-20.097431999999998,-30.526099000000002
-82.95353733333333,612.1620320000001,338.31558633333333,-173.3005385,469.57631100000003,28.010138,-98.897483,210.47519699999998,49.9268645,-60.794461999999996,-20.077191999999997,-30.566716999999997
-82.963478,612.1854346666668,338.312402,-173.2449845,469.633279,27.9675235,-98.92151950000002,210.50351799999999,49.915939,-60.776143000000005,-20.057822000000016,-30.609896000000006
-82.97335166666666,612.208943,338.30917533333337,-173.188481,469.6906375,27.9238815,-98.944051,210.533034,49.90879150000001,-60.7559,-20.039356000000026,-30.655677000000004
