Sh_x,Sh_y,Sh_z,El_x,El_y,El_z,Wr_x,Wr_y,Wr_z,WrVec_x,WrVec_y,WrVec_z
-121.27813166666665,641.3056189999999,329.46874299999996,-150.88500249999998,443.4017055,50.471954,-53.046502,208.7787285,32.414407,-71.911018,-18.815388999999982,-26.014076
-121.33165866666667,641.2279186666667,329.38983766666666,-150.916336,443.364592,50.340462,-53.092697,208.69633750000003,32.3959065,-71.879784,-18.813141,-26.095231000000002
-121.39016966666667,641.1529286666666,329.30873833333334,-150.951989,443.331401,50.205665499999995,-53.144849,208.6171445,32.3763235,-71.848438,-18.810230999999987,-26.176765
-121.45365166666666,641.0806793333333,329.225458,-150.991968,443.302192,50.06755,-53.2029465,208.541223,32.355703,-71.816965,-18.806664000000012,-26.258706
-121.52209066666667,641.0112003333332,329.14001,-151.036274,443.277021,49.926100000000005,-53.266974,208.46864499999998,32.3340925,-71.785354,-18.80244400000001,-26.341083000000005
-121.59547066666666,640.94452,329.0524106666667,-151.084906,443.255942,49.7813035,-53.336909000000006,208.399483,32.311544,-71.75359,-18.797579999999982,-26.423923999999996
-121.67377266666666,640.8806646666667,328.962675,-151.137861,443.2390055,49.6331475,-53.4127215,208.3338075,32.2881125,-71.721657,-18.792079,-26.507258999999998
-121.75697566666668,640.8196603333333,328.87082066666665,-151.1951315,443.2262625,49.481622,-53.494376,208.27168749999998,32.2638575,-71.68954,-18.785950999999983,-26.591117
-121.84505766666666,640.7615306666667,328.776865,-151.256707,443.2177575,49.3267185,-53.5818305,208.2131925,32.2388415,-71.657225,-18.77920900000001,-26.675528999999997
-121.93799333333334,640.7062993333334,328.680828,-151.322575,443.21353550000003,49.168428,-53.6750375,208.158391,32.2131305,-71.624695,-18.771863999999994,-26.760524999999998
-122.03575633333332,640.6539873333335,328.582729,-151.39272,443.2136385,49.006744999999995,-53.7739415,208.10735,32.1867945,-71.591931,-18.763934000000006,-26.846137
-122.13831766666665,640.6046156666667,328.4825886666667,-151.467123,443.2181055,48.841665,-53.878480999999994,208.0601365,32.159906,-71.55892,-18.755432999999982,-26.932392000000004
-122.24564600000001,640.5582029999999,328.38043,-151.545763,443.2269735,48.673183,-53.9885905,208.016816,32.1325425,-71.525643,-18.746379999999988,-27.019323
-122.35770866666667,640.5147673333335,328.27627533333333,-151.628615,443.240277,48.501298,-54.104195,207.97745350000002,32.104783499999996,-71.492082,-18.736795,-27.106959
-122.47447,640.4743253333332,328.1701483333333,-151.7156525,443.25804800000003,48.326010000000004,-54.225216499999995,207.942114,32.076712,-71.458219,-18.726698,-27.19533
-122.59589433333333,640.4368920000001,328.0620743333333,-151.8068455,443.28031699999997,48.147318,-54.3515695,207.9108615,32.048413499999995,-71.424037,-18.716113000000007,-27.284467
-122.72194100000002,640.402482,327.95207899999997,-151.902162,443.307111,47.9652255,-54.483163,207.8837585,32.0199785,-71.389516,-18.705062999999996,-27.374397000000002
-122.85257,640.3711076666666,327.840189,-152.001566,443.3384555,47.7797365,-54.6199005,207.86086799999998,31.9914985,-71.35464099999999,-18.69357599999998,-27.465148999999997
-122.987738,640.3427806666667,327.726432,-152.1050205,443.374373,47.5908555,-54.761680999999996,207.842252,31.9630685,-71.31939,-18.68167599999998,-27.556751000000002
-123.12739966666668,640.3175113333333,327.61083633333334,-152.21248599999998,443.41488549999997,47.39859,-54.908395999999996,207.8279725,31.9347875,-71.28374600000001,-18.66939499999998,-27.649231
-123.27150766666666,640.2953086666666,327.49343200000004,-152.3239185,443.460012,47.202946999999995,-55.059933,207.81808999999998,31.906754,-71.24769,-18.65675999999999,-27.742614
-123.42001433333333,640.2761806666667,327.3742486666667,-152.439275,443.509768,47.003938000000005,-55.2161745,207.81266549999998,31.879074,-71.21120499999999,-18.643805000000015,-27.836926
-123.57286733333335,640.2601336666667,327.2533183333333,-152.5585075,443.5641685,46.801573000000005,-55.3769985,207.811759,31.851850499999998,-71.17426900000001,-18.630561999999998,-27.932191
-123.73001433333333,640.247174,327.1306723333333,-152.6815665,443.62322700000004,46.595864999999996,-55.5422765,207.81543,31.825192,-71.136867,-18.617064,-28.028432
-123.89140066666666,640.237305,327.0063436666667,-152.8084005,443.686953,46.386828,-55.711877,207.8237385,31.799210000000002,-71.09897799999999,-18.60334900000001,-28.125671999999998
-124.05696966666666,640.2305303333334,326.88036666666665,-152.93895600000002,443.755356,46.174479,-55.885664500000004,207.836744,31.774015000000002,-71.060587,-18.589451999999994,-28.223930000000003
-124.22666366666665,640.2268526666667,326.75277466666665,-153.07317749999999,443.828443,45.9588335,-56.0634975,207.85450500000002,31.749720999999997,-71.02167299999999,-18.575412,-28.323226
-124.400421,640.2262723333333,326.62360399999994,-153.211008,443.90621899999996,45.739911,-56.245232,207.87707949999998,31.7264445,-70.98221799999999,-18.561267000000015,-28.423579
-124.57818100000001,640.2287890000001,326.4928903333333,-153.352387,443.988688,45.517731500000004,-56.43072,207.9045265,31.7043035,-70.94220800000001,-18.54705899999999,-28.525003
-124.759879,640.2344016666667,326.3606706666667,-153.4972535,444.075851,45.2923175,-56.619808500000005,207.9369035,31.683416,-70.901623,-18.532826999999997,-28.627516
-124.94545033333333,640.2431083333332,326.22698166666663,-153.645545,444.167708,45.0636905,-56.8123435,207.9742695,31.663902999999998,-70.860447,-18.518614999999983,-28.731128
-125.13482699999999,640.254906,326.0918626666667,-153.79719749999998,444.26425900000004,44.8318765,-57.008166,208.0166805,31.645886500000003,-70.81866199999999,-18.504467000000005,-28.835853000000004
-125.32794033333334,640.2697896666667,325.9553516666667,-153.9521445,444.3655,44.596901,-57.2071145,208.06419499999998,31.629488000000002,-70.77625499999999,-18.490425999999985,-28.941698000000002
-125.52472033333333,640.2877546666667,325.81748866666663,-154.1103185,444.471427,44.3587925,-57.409026000000004,208.1168705,31.614833,-70.733208,-18.476537000000008,-29.048672000000003
-125.72509466666666,640.308795,325.678314,-154.27165100000002,444.58203349999997,44.1175785,-57.6137325,208.17476399999998,31.602045,-70.68950699999999,-18.46284799999998,-29.156782
-125.928989,640.3329026666667,325.53786766666667,-154.436072,444.6973135,43.8732915,-57.8210655,208.2379315,31.591248999999998,-70.645137,-18.449405000000013,-29.266029999999997
-126.13632933333334,640.3600706666666,325.3961913333333,-154.6035095,444.8172575,43.6259615,-58.030854999999995,208.306431,31.582572,-70.600084,-18.43625400000002,-29.376419999999996
-126.34703833333333,640.3902899999999,325.25332733333335,-154.7738925,444.9418565,43.375623000000004,-58.2429275,208.380318,31.576139499999996,-70.554335,-18.423445999999984,-29.487948999999997
-126.56103833333333,640.4235503333333,325.1093173333333,-154.947146,445.0710995,43.1223105,-58.457108999999996,208.4596495,31.572078500000003,-70.507876,-18.41102700000002,-29.600617000000003
-126.77824933333333,640.4598416666668,324.9642046666667,-155.1231975,445.204974,42.866061,-58.6732235,208.54448250000002,31.570515,-70.460695,-18.39904900000002,-29.714418
-126.99859133333332,640.4991523333333,324.8180326666667,-155.30197099999998,445.34346700000003,42.6069125,-58.891095500000006,208.634872,31.571576,-70.412781,-18.387560000000008,-29.829348
-127.22198133333332,640.541471,324.670845,-155.48339099999998,445.4865645,42.344903,-59.110547,208.730874,31.575389,-70.36412200000001,-18.376612000000023,-29.945396000000002
-127.44833666666666,640.5867846666666,324.52268599999996,-155.66738049999998,445.6342505,42.0800745,-59.3314,208.83254349999999,31.582079,-70.31470999999999,-18.366254999999995,-30.062552
-127.67757233333333,640.6350796666667,324.3736006666666,-155.8538635,445.78650949999997,41.8124675,-59.553475500000005,208.939937,31.591772000000002,-70.264533,-18.356540000000024,-30.180804000000002
-127.90960333333334,640.6863413333334,324.22363333333334,-156.042762,445.9433235,41.5421275,-59.776595,209.0531085,31.604594,-70.213584,-18.34751700000001,-30.300134
-128.14434200000002,640.7405560000001,324.0728296666667,-156.23399799999999,446.10467500000004,41.269099,-60.000581499999996,209.172113,31.620669499999998,-70.16185300000001,-18.339240000000018,-30.420527000000003
-128.381701,640.7977076666666,323.9212353333333,-156.427494,446.27054350000003,40.993428,-60.225256,209.2970045,31.640123000000003,-70.10933399999999,-18.331761,-30.541962
-128.62159133333333,640.8577803333334,323.7688963333333,-156.623171,446.4409105,40.715163000000004,-60.450441000000005,209.427837,31.663076000000004,-70.05602,-18.325128000000007,-30.664418
-128.863923,640.9207576666666,323.615858,-156.820951,446.6157545,40.434352499999996,-60.6759605,209.564664,31.6896525,-70.00190699999999,-18.319396000000012,-30.787869
-129.10860566666668,640.9866223333332,323.462168,-157.0207555,446.7950535,40.1510485,-60.9016385,209.7075375,31.719971,-69.946987,-18.314615000000003,-30.91229
-129.35554733333333,641.0553573333333,323.3078723333333,-157.222507,446.9787855,39.8653025,-61.1273015,209.856511,31.7541535,-69.89125899999999,-18.310836000000023,-31.037652999999995
-129.60465633333334,641.1269436666666,323.153018,-157.426126,447.166927,39.5771675,-61.352776999999996,210.0116355,31.7923175,-69.834718,-18.30811300000002,-31.163925
-129.85584,641.2013636666667,322.99765133333335,-157.63153499999999,447.359454,39.2867,-61.577894,210.17296199999998,31.834578999999998,-69.77736200000001,-18.30649600000001,-31.291076
-130.10900333333333,641.2785986666667,322.84182,-157.838657,447.556342,38.9939555,-61.80248399999999,210.3405405,31.881055,-69.719188,-18.30603500000001,-31.419068000000003
-130.36405333333335,641.3586286666667,322.6855706666667,-158.047415,447.7575645,38.6989925,-62.026380499999995,210.5144215,31.9318575,-69.660197,-18.306781,-31.547866999999997
-130.62089433333333,641.4414343333334,322.52895033333334,-158.25773249999997,447.963097,38.401869500000004,-62.24942,210.694653,31.987100500000004,-69.60039,-18.308784000000003,-31.677431000000002
-130.879432,641.526996,322.37200633333333,-158.4695325,448.172911,38.1026475,-62.471441,210.8812825,32.046892,-69.53976600000001,-18.312093000000004,-31.80772
-131.13957000000002,641.615293,322.21478533333334,-158.68274100000002,448.3869795,37.8013885,-62.6922845,211.0743575,32.111340999999996,-69.47832700000001,-18.316756999999996,-31.938691999999996
-131.40121266666665,641.7063046666667,322.057335,-158.89728250000002,448.6052745,37.498156,-62.911797500000006,211.273923,32.1805545,-69.416077,-18.32282600000002,-32.070301
-131.664264,641.8000103333333,321.89970166666666,-159.113085,448.827767,37.193015,-63.129826,211.48002400000001,32.254637,-69.353018,-18.330347999999987,-32.2025
-131.928627,641.8963893333333,321.7419326666666,-159.330074,449.05442700000003,36.886031,-63.346222999999995,211.692704,32.333689,-69.289154,-18.339368000000007,-32.33524
-132.19420533333334,641.9954200000001,321.5840746666667,-159.548179,449.2852245,36.577272,-63.560843500000004,211.91200450000002,32.4178115,-69.224493,-18.349932999999993,-32.468473
-132.46090266666667,642.0970813333333,321.42617433333334,-159.76732950000002,449.5201285,36.2668065,-63.7735475,212.1379675,32.5071025,-69.159037,-18.362088999999997,-32.602145
-132.728622,642.2013513333333,321.2682776666667,-159.9874565,449.759107,35.954704,-63.984198500000005,212.370632,32.601657,-69.092795,-18.375879999999995,-32.736204
-132.99726666666666,642.3082076666666,321.110431,-160.20849149999998,450.00212750000003,35.6410365,-64.19266400000001,212.6100365,32.7015675,-69.025774,-18.391350999999986,-32.870593
-133.26674033333333,642.4176296666667,320.95267966666665,-160.4303675,450.2491585,35.325877,-64.39881700000001,212.85621700000002,32.806926000000004,-68.957982,-18.408543999999978,-33.005258000000005
-133.5369466666667,642.529595,320.79506999999995,-160.65302050000003,450.50016500000004,35.009298,-64.60253349999999,213.1092085,32.9178195,-68.88942899999999,-18.427501000000007,-33.140141
-133.80778966666665,642.644081,320.637647,-160.87638650000002,450.755114,34.691374499999995,-64.8036965,213.3690445,33.034335,-68.820123,-18.448262999999997,-33.275182
-134.07917333333333,642.7610656666667,320.48045533333334,-161.1004025,451.01396950000003,34.372184000000004,-65.002192,213.635757,33.1565555,-68.75007599999999,-18.470868000000024,-33.410320999999996
-134.35100300000002,642.8805276666666,320.3235396666667,-161.32500900000002,451.276697,34.051801999999995,-65.1979125,213.909376,33.284561,-68.67929699999999,-18.49535800000001,-33.545498
-134.62318366666668,643.0024443333333,320.16694433333333,-161.55014649999998,451.5432595,33.730308,-65.390755,214.1899285,33.41843,-68.6078,-18.52176700000001,-33.68065
-134.89562099999998,643.126793,320.01071333333334,-161.7757585,451.813621,33.4077805,-65.580622,214.477442,33.558239,-68.535596,-18.55013200000002,-33.815715999999995
-135.16822033333332,643.2535516666667,319.854889,-162.00179,452.0877435,33.0843005,-65.767421,214.7719405,33.7040605,-68.46269799999999,-18.580489,-33.950631
-135.44088966666666,643.382698,319.6995146666667,-162.2281875,452.36559,32.759949,-65.951066,215.0734465,33.855965499999996,-68.38911999999999,-18.612871000000013,-34.085329
-135.713537,643.5142106666667,319.5446326666667,-162.4549,452.6471215,32.434808000000004,-66.131477,215.38198,34.014021,-68.314876,-18.647310000000004,-34.219747999999996
-135.98606966666668,643.6480666666668,319.3902846666667,-162.68187849999998,452.9322985,32.1089605,-66.3085785,215.6975595,34.178293,-68.239979,-18.68383700000001,-34.353822
-136.25839833333333,643.7842440000001,319.2365113333333,-162.909075,453.221082,31.782491,-66.4823015,216.02020199999998,34.3488445,-68.164447,-18.722481999999985,-34.48748500000001
-136.53043233333335,643.9227213333334,319.08335366666665,-163.13644549999998,453.5134315,31.455484000000002,-66.6525835,216.3499205,34.525735,-68.088293,-18.763272999999998,-34.620672
-136.80208366666668,644.0634759999999,318.930851,-163.363946,453.809306,31.1280235,-66.819367,216.68672800000002,34.709023,-68.01153400000001,-18.806235999999984,-34.753316
-137.07326400000002,644.2064863333334,318.7790433333333,-163.59153750000002,454.1086645,30.800197,-66.982602,217.03063450000002,34.8987625,-67.93418600000001,-18.851398999999986,-34.885351
-137.343887,644.3517303333333,318.627969,-163.81918050000002,454.411465,30.4720895,-67.1422435,217.38164749999999,35.0950065,-67.856265,-18.89878300000001,-35.016711
-137.61386766666666,644.4991866666668,318.47766533333333,-164.046839,454.7176655,30.143788999999998,-67.298253,217.73977250000002,35.2978045,-67.77778799999999,-18.948410999999993,-35.147331
-137.88312133333335,644.6488336666666,318.32817033333333,-164.27447999999998,455.0272235,29.815382500000002,-67.4505985,218.10501349999998,35.5072045,-67.69877300000002,-19.000304999999997,-35.277147
-138.151566,644.8006503333332,318.1795196666667,-164.5020715,455.340095,29.486957,-67.5992535,218.477372,35.723251,-67.619237,-19.054484000000002,-35.406092
-138.41911966666666,644.9546146666667,318.03174966666666,-164.729585,455.65623700000003,29.158600999999997,-67.744199,218.85684700000002,35.945986,-67.539198,-19.11096599999999,-35.534102000000004
-138.68570233333335,645.1107056666666,317.884894,-164.956994,455.9756065,28.830402,-67.885422,219.243436,36.1754495,-67.45867199999999,-19.16976599999998,-35.661113
-138.951236,645.2689023333334,317.738988,-165.184274,456.2981575,28.502448,-68.0229135,219.6371335,36.41168,-67.377679,-19.230901000000017,-35.787064
-139.21564266666667,645.4291833333333,317.59406433333334,-165.411405,456.623847,28.174827999999998,-68.15667450000001,220.0379335,36.654711,-67.296235,-19.29438300000001,-35.91189
-139.478848,645.5915286666667,317.450155,-165.63836600000002,456.9526295,27.847628,-68.286709,220.4458255,36.904576,-67.214358,-19.360224999999986,-36.035532
-139.74077766666667,645.755917,317.3072916666667,-165.8651415,457.28446099999996,27.520937,-68.4130295,220.86079999999998,37.161305999999996,-67.132067,-19.428436000000005,-36.15793
-140.00135966666667,645.922328,317.16550466666666,-166.09171800000001,457.61929599999996,27.194841999999998,-68.535652,221.2828435,37.424927,-67.04938000000001,-19.49902499999999,-36.279024
-140.26052366666667,646.0907406666666,317.024824,-166.3180825,457.957089,26.869429999999998,-68.6546015,221.7119405,37.695467,-66.96631300000001,-19.571999000000005,-36.39875599999999
-140.51820166666667,646.2611353333333,316.8852776666667,-166.54422749999998,458.297795,26.5447865,-68.7699075,222.1480755,37.9729475,-66.88288499999999,-19.647365000000008,-36.517071
-140.774326,646.4334916666666,316.74689433333333,-166.7701465,458.641369,26.220999,-68.88160500000001,222.59123,38.2573905,-66.799112,-19.72512599999999,-36.63391300000001
-141.02883266666666,646.6077896666667,316.6096993333333,-166.995834,458.9877655,25.8981505,-68.9897355,223.0413825,38.548815000000005,-66.715013,-19.805284999999998,-36.749230000000004
-141.28165866666666,646.7840093333334,316.4737196666667,-167.22129,459.33693949999997,25.5763265,-69.0943455,223.4985135,38.847238,-66.63060300000001,-19.887842999999975,-36.862970000000004
-141.53274266666668,646.9621303333333,316.33897966666666,-167.44651499999998,459.688847,25.2556095,-69.19548900000001,223.96259750000002,39.152673,-66.5459,-19.972800999999976,-36.975082
-141.78202566666667,647.1421336666667,316.20550266666663,-167.671512,460.04344249999997,24.936080999999998,-69.2932225,224.43361149999998,39.465133,-66.46091899999999,-20.06015499999998,-37.08552
-142.02945133333333,647.3239993333333,316.073312,-167.8962875,460.4006825,24.617824,-69.387611,224.9115285,39.784628999999995,-66.375676,-20.14990499999999,-37.194236
-142.27496466666665,647.5077076666666,315.9424286666667,-168.12085000000002,460.76052200000004,24.300915999999997,-69.4787225,225.3963215,40.1111685,-66.290189,-20.242043000000024,-37.301187
-142.51851233333335,647.6932396666666,315.812873,-168.34521,461.12291749999997,23.985436500000002,-69.566631,225.88796200000002,40.4447575,-66.20446999999999,-20.336565999999976,-37.406329
-142.76004433333335,647.880576,315.6846653333333,-168.56938000000002,461.4878265,23.671461500000003,-69.651415,226.3864195,40.785399999999996,-66.11853400000001,-20.433464999999984,-37.509623999999995
-142.99951233333334,648.0696966666666,315.5578236666667,-168.7933755,461.855207,23.359067000000003,-69.733159,226.8916645,41.1330995,-66.032398,-20.532730999999984,-37.611033000000006
-143.23687,648.2605833333333,315.432365,-169.017214,462.225016,23.048325000000002,-69.8119505,227.4036645,41.4878545,-65.946071,-20.634355,-37.710521
-143.47207366666666,648.4532163333333,315.308306,-169.240915,462.5972125,22.739308,-69.887883,227.9223875,41.849663,-65.85956999999999,-20.738325000000003,-37.808054
-143.70508066666665,648.6475766666666,315.18566133333337,-169.46450099999998,462.971756,22.4320845,-69.96105349999999,228.4478015,42.218522500000006,-65.772905,-20.844628999999998,-37.903601
-143.93585233333334,648.843645,315.0644453333333,-169.687995,463.34860749999996,22.1267235,-70.031563,228.9798715,42.5944265,-65.686088,-20.953253000000018,-37.997133000000005
-144.16435133333334,649.0414023333333,314.9446706666667,-169.911424,463.72772799999996,21.823289499999998,-70.09951600000001,229.518564,42.9773665,-65.599132,-21.064182000000017,-38.088623
-144.390542,649.2408303333333,314.8263493333333,-170.134815,464.109079,21.521845,-70.165023,230.06384500000001,43.3673335,-65.512046,-21.17739800000001,-38.178049
-144.61439266666665,649.441909,314.70949133333335,-170.35819750000002,464.492624,21.222452,-70.228195,230.6156795,43.764314999999996,-65.42483999999999,-21.292887000000007,-38.265388
-144.83587266666666,649.6446196666666,314.594107,-170.581604,464.8783275,20.925168,-70.289148,231.174033,44.168298,-65.337524,-21.410626000000008,-38.350622
-145.05495366666665,649.8489433333333,314.480204,-170.8050675,465.26615400000003,20.630048,-70.34800200000001,231.73887050000002,44.5792675,-65.250106,-21.53060100000002,-38.433733000000004
-145.271611,650.0548606666666,314.3677903333333,-171.028623,465.6560705,20.3371465,-70.4048775,232.310158,44.9972045,-65.16259300000002,-21.652785999999992,-38.514708999999996
-145.48582033333332,650.262353,314.25687166666665,-171.2523065,466.048045,20.046512500000002,-70.4599,232.88786,45.422090999999995,-65.074994,-21.777162000000004,-38.59353599999999
-145.69756066666667,650.4714003333333,314.147453,-171.4761565,466.442047,19.758194000000003,-70.5131955,233.471943,45.853905,-64.987313,-21.903706,-38.670208
-145.90681433333336,650.6819839999999,314.03953866666666,-171.700212,466.83804499999997,19.472236,-70.564895,234.062373,46.2926235,-64.899558,-22.03239400000001,-38.744715
-146.113564,650.894084,313.93313099999995,-171.9245145,467.236012,19.188678999999997,-70.615129,234.65911699999998,46.738222,-64.811732,-22.163201999999984,-38.817055999999994
-146.31779633333335,651.1076810000001,313.828232,-172.1491055,467.6359215,18.907563,-70.664031,235.26214249999998,47.190672,-64.72384000000001,-22.296104999999983,-38.88722800000001
-146.51949933333333,651.322756,313.724842,-172.3740275,468.03774699999997,18.628923,-70.711736,235.8714175,47.649946,-64.635886,-22.431074999999993,-38.955231999999995
-146.71866366666669,651.5392883333333,313.62296066666664,-172.5993255,468.4414655,18.352791,-70.7583795,236.48691,48.1160125,-64.54787099999999,-22.568085999999994,-39.021071
-146.91528266666668,651.7572586666666,313.522586,-172.8250435,468.847054,18.079196500000002,-70.8041005,237.108591,48.5888395,-64.459799,-22.70711,-39.084751
-147.10935133333334,651.9766466666666,313.4237166666667,-173.05122849999998,469.2544915,17.8081655,-70.849037,237.73642949999999,49.068391999999996,-64.37167,-22.848119000000025,-39.146282
-147.30086633333335,652.1974316666666,313.32634766666666,-173.2779265,469.66376,17.539721,-70.893328,238.3703985,49.5546335,-64.283484,-22.991083000000003,-39.20567100000001
-147.489829,652.4195936666666,313.23047533333335,-173.5051835,470.0748405,17.273882,-70.9371135,239.0104705,50.047526,-64.19524100000001,-23.13597299999998,-39.26293199999999
-147.67623966666667,652.643112,313.13609233333335,-173.733049,470.48771750000003,17.010665000000003,-70.980534,239.656619,50.5470285,-64.10694,-23.282758,-39.318079
-147.860104,652.8679656666667,313.04319366666664,-173.9615695,470.902377,16.750082,-71.0237295,240.3088195,51.0531,-64.01858099999998,-23.43140699999998,-39.371129999999994
-148.041427,653.0941329999999,312.95177066666673,-174.19079399999998,471.31880550000005,16.492144,-71.0668405,240.9670485,51.5656965,-63.930158999999996,-23.58188899999999,-39.42210299999999
-148.22021766666668,653.321593,312.8618146666667,-174.420771,471.73699250000004,16.236855499999997,-71.110007,241.631283,52.0847715,-63.841674000000005,-23.734172,-39.47102100000001
-148.396487,653.5503239999999,312.7733166666667,-174.6515485,472.156927,15.984220000000002,-71.153367,242.3015025,52.6102785,-63.75312,-23.888222999999982,-39.517903000000004
-148.57024733333333,653.7803046666667,312.68626566666666,-174.8831755,472.578603,15.734235499999999,-71.197061,242.9776885,53.142167,-63.664494,-24.044009000000017,-39.56277599999999
-148.741513,654.0115106666666,312.60065000000003,-175.1157005,473.0020125,15.486901,-71.241226,243.6598215,53.6803865,-63.575792,-24.201499000000013,-39.605667000000004
-148.91030133333334,654.2439213333333,312.516457,-175.349171,473.42715150000004,15.242206500000002,-71.285998,244.347885,54.224884,-63.487005999999994,-24.360656000000006,-39.646602
-149.07663133333335,654.4775133333334,312.43367433333333,-175.58363450000002,473.854016,15.000143000000001,-71.331514,245.0418655,54.775605,-63.398132000000004,-24.52144900000002,-39.68561199999999
-149.24052233333333,654.7122633333332,312.352287,-175.8191395,474.282605,14.760696500000002,-71.3779065,245.74174749999997,55.3324925,-63.309163,-24.683842999999996,-39.722727
-149.40199866666669,654.9481466666666,312.2722803333333,-176.05573149999998,474.7129175,14.523849,-71.425308,246.4475205,55.8954885,-63.220092,-24.847804999999994,-39.757981
-149.56108333333336,655.1851403333334,312.193639,-176.2934565,475.144954,14.2895825,-71.473849,247.1591725,56.4645345,-63.130912,-25.01329899999999,-39.79140699999999
-149.717803,655.42322,312.11634533333336,-176.53235999999998,475.57871850000004,14.0578725,-71.5236585,247.87669549999998,57.039568,-63.041615,-25.180292999999978,-39.82304
-149.872186,655.6623606666667,312.04038399999996,-176.77248600000001,476.01421300000004,13.828694,-71.5748625,248.600082,57.620526,-62.95219300000001,-25.348749999999995,-39.852914
-150.024262,655.9025369999999,311.965735,-177.0138775,476.4514435,13.602017,-71.627584,249.32932549999998,58.2073455,-62.862636,-25.518636999999984,-39.881069000000004
-150.17406200000002,656.1437236666667,311.89238100000006,-177.256577,476.89041499999996,13.377810499999999,-71.68194600000001,250.06442149999998,58.7999585,-62.772936,-25.689919000000003,-39.90754100000001
-150.3216196666667,656.3858936666667,311.8203023333333,-177.5006255,477.331135,13.156039499999999,-71.738066,250.8053675,59.3982995,-62.683083999999994,-25.862562999999994,-39.932371
-150.4669693333333,656.6290216666666,311.74947833333334,-177.7460625,477.773612,12.936666499999998,-71.79606100000001,251.5521605,60.002299,-62.593068,-26.03653299999999,-39.955594000000005
-150.61014633333335,656.8730806666666,311.6798893333334,-177.992926,478.2178545,12.719653,-71.8560435,252.304802,60.611887,-62.502881,-26.21179600000002,-39.977254
-150.75118866666665,657.1180426666666,311.611514,-178.24125199999997,478.66387199999997,12.504955000000002,-71.9181255,253.0632915,61.226991999999996,-62.412511,-26.388317,-39.997387999999994
-150.890136,657.3638803333333,311.54433066666667,-178.49107700000002,479.1116755,12.2925295,-71.98241200000001,253.827632,61.8475425,-62.321948000000006,-26.566063999999983,-40.016039000000006
-151.02702866666667,657.6105653333334,311.4783166666667,-178.7424335,479.561277,12.0823285,-72.0490075,254.5978265,62.473465000000004,-62.231181,-26.745002999999997,-40.033246
-151.16190733333335,657.8580686666666,311.41345,-178.9953535,480.0126865,11.874304500000001,-72.118014,255.37388049999998,63.104684000000006,-62.1402,-26.925099000000017,-40.04905
-151.29481533333333,658.1063613333333,311.349707,-179.2498675,480.465917,11.668405499999999,-72.1895265,256.1557995,63.7411255,-62.048992999999996,-27.106322999999975,-40.06349300000001
-151.42579666666666,658.3554130000001,311.28706400000004,-179.5060025,480.920981,11.464578500000002,-72.2636395,256.9435905,64.3827115,-61.95754899999999,-27.288639000000018,-40.076615000000004
-151.55489666666668,658.6051943333333,311.225498,-179.763784,481.37789050000003,11.26277,-72.340444,257.7372615,65.029366,-61.86585800000001,-27.472017000000022,-40.088456
-151.68216166666667,658.8556743333334,311.16498333333334,-180.023238,481.8366595,11.0629235,-72.4200245,258.5368205,65.681011,-61.773907,-27.656424999999984,-40.09905599999999
-151.80763833333333,659.1068216666667,311.10549633333335,-180.2843845,482.2972985,10.864981,-72.502465,259.342279,66.337569,-61.68168599999999,-27.841831999999982,-40.108456
-151.93137566666667,659.3586046666666,311.0470123333333,-180.547244,482.759822,10.668884,-72.5878435,260.153646,66.99896,-61.589183,-28.028208000000006,-40.116693999999995
-152.05342199999998,659.6109913333333,310.9895053333333,-180.81183349999998,483.224241,10.474573,-72.676235,260.970933,67.665105,-61.49638600000001,-28.215521999999993,-40.123808
-152.17382733333332,659.8639496666667,310.93294999999995,-181.078168,483.69056750000004,10.281986,-72.76771049999999,261.7941525,68.335925,-61.403285,-28.403744999999986,-40.12983800000001
-152.292643,660.1174453333333,310.877321,-181.3462605,484.1588125,10.0910615,-72.8623375,262.623316,69.01134,-61.309869000000006,-28.592848000000004,-40.13482
-152.40991966666664,660.371446,310.8225923333334,-181.61612150000002,484.6289865,9.9017375,-72.9601775,263.4584375,69.69127,-61.216125000000005,-28.782802999999973,-40.13879
-152.52570966666664,660.6259163333333,310.7687383333333,-181.88775850000002,485.101099,9.71395,-73.06129150000001,264.299529,70.3756355,-61.122043000000005,-28.97358399999999,-40.141783000000004
-152.64006500000002,660.8808233333333,310.7157326666667,-182.1611765,485.57515950000004,9.5276355,-73.165733,265.1466055,71.0643575,-61.027612000000005,-29.165163000000035,-40.143833
-152.75303966666667,661.1361310000001,310.66354966666665,-182.4363795,486.0511745,9.34273,-73.27355299999999,265.99968,71.757355,-60.932822,-29.35751399999998,-40.144974
-152.86468633333334,661.391804,310.61216233333334,-182.7133665,486.5291505,9.1591695,-73.384799,266.858767,72.4545505,-60.83766,-29.550612,-40.14523500000001
-152.97505933333332,661.6478073333333,310.5615453333333,-182.992137,487.00909249999995,8.9768905,-73.49951300000001,267.7238795,73.1558645,-60.742115999999996,-29.744432999999987,-40.144650999999996
-153.08421266666667,661.9041043333333,310.5116716666667,-183.272684,487.491004,8.795828,-73.617734,268.5950325,73.861219,-60.64618000000001,-29.938952999999998,-40.14324599999999
-153.19220133333332,662.1606579999999,310.4625163333333,-183.5550015,487.9748875,8.61592,-73.739496,269.472239,74.570537,-60.54984199999999,-30.134149999999977,-40.141052
-153.299079,662.4174320000001,310.4140516666667,-183.839079,488.4607415,8.437102,-73.8648305,270.35551399999997,75.283742,-60.45309099999999,-30.33000199999998,-40.138092
-153.40490166666666,662.6743886666667,310.3662526666667,-184.12490300000002,488.9485655,8.259312999999999,-73.993764,271.2448705,76.00075749999999,-60.355916,-30.526486999999975,-40.134393
-153.509724,662.9314903333333,310.319093,-184.412459,489.4383545,8.082489500000001,-74.1263185,272.140321,76.7215095,-60.258309,-30.72358600000001,-40.129977
-153.61360033333335,663.1886986666667,310.27254700000003,-184.701729,489.9301035,7.9065725,-74.2625125,273.041879,77.445924,-60.160258999999996,-30.921280000000024,-40.124866000000004
-153.71658666666667,663.4459756666666,310.2265893333333,-184.99269149999998,490.423803,7.7315015,-74.402361,273.94955649999997,78.173929,-60.061756,-31.119550999999944,-40.119078
-153.8187366666667,663.7032826666667,310.1811946666666,-185.285323,490.9194435,7.5572185,-74.545875,274.8633655,78.905453,-59.962792,-31.318380999999988,-40.112634
-153.920106,663.9605809999999,310.13633666666664,-185.579598,491.4170105,7.383665499999999,-74.693062,275.78331649999996,79.6404265,-59.863356,-31.517755000000022,-40.105549
-154.020749,664.2178303333334,310.0919916666667,-185.87548800000002,491.9164895,7.2107875,-74.8439245,276.709421,80.378781,-59.763441,-31.717655999999977,-40.097838
-154.12072,664.4749919999999,310.0481336666667,-186.172961,492.4178605,7.038529500000001,-74.9984615,277.64168700000005,81.1204505,-59.663037,-31.918071999999995,-40.089513
-154.22007266666665,664.7320266666667,310.00473966666664,-186.4719835,492.92110249999996,6.866839499999999,-75.15666999999999,278.5801255,81.865369,-59.562134,-32.118989,-40.080586000000004
-154.318861,664.9888946666666,309.96178433333336,-186.772519,493.42619049999996,6.6956665,-75.3185425,279.5247425,82.613475,-59.460725000000004,-32.32039499999996,-40.071065999999995
-154.417138,665.2455553333333,309.919244,-187.07452849999999,493.933098,6.524962499999999,-75.484067,280.4755465,83.364706,-59.358802,-32.522279000000026,-40.060959999999994
-154.51495599999998,665.5019693333334,309.87709500000005,-187.3779705,494.44179399999996,6.354679000000001,-75.65323000000001,281.43254349999995,84.11900299999999,-59.256356,-32.72463099999999,-40.05027600000001
-154.61236799999998,665.7580956666667,309.83531466666665,-187.68280149999998,494.952244,6.184773,-75.8260125,282.395738,84.8763085,-59.15337900000001,-32.92744200000004,-40.03901499999999
-154.70942533333334,666.0138956666666,309.79387966666667,-187.98897499999998,495.46441100000004,6.0152015,-76.00239400000001,283.365135,85.6365675,-59.049862000000005,-33.13070400000004,-40.02717899999999
-154.80617900000001,666.269328,309.752768,-188.29644150000001,495.97825450000005,5.845924,-76.18235,284.340737,86.399726,-58.945797999999996,-33.33440999999999,-40.01477
-154.90267966666667,666.5243526666667,309.7119566666667,-188.60515049999998,496.49373099999997,5.6769035,-76.365854,285.3225465,87.16573399999999,-58.84118,-33.538554999999974,-40.001784
-154.99897733333333,666.7789296666666,309.67142466666667,-188.91505,497.01079100000004,5.5081039999999994,-76.552875,286.310563,87.93454299999999,-58.736,-33.743134,-39.98822
-155.09512,667.0330196666667,309.6311503333333,-189.22608250000002,497.5293855,5.3394935,-76.7433795,287.30478800000003,88.7061055,-58.630250999999994,-33.94814400000001,-39.974070999999995
-155.19115666666667,667.2865816666667,309.59111333333334,-189.53819199999998,498.0494585,5.171041499999999,-76.937333,288.3052185,89.480378,-58.52392400000001,-34.153580999999974,-39.959329999999994
-155.28713466666667,667.5395773333333,309.55129300000004,-189.851318,498.570952,5.002720499999999,-77.134696,289.3118525,90.2573185,-58.417014,-34.359443,-39.943989
-155.38310033333332,667.7919656666667,309.5116686666667,-190.165399,499.093803,4.834507,-77.335427,290.324686,91.0368885,-58.309512000000005,-34.565732000000025,-39.928037
-155.47909966666666,668.043708,309.47222166666666,-190.4803715,499.617946,4.666378,-77.539484,291.34371350000004,91.8190505,-58.201412000000005,-34.772447,-39.911461
-155.5751766666667,668.294766,309.4329323333333,-190.79617000000002,500.14331100000004,4.498315,-77.74682,292.36892850000004,92.60377,-58.09270599999999,-34.97958699999998,-39.894245999999995
-155.67137566666668,668.5451006666666,309.3937823333334,-191.112727,500.6698245,4.3303025,-77.95738700000001,293.40032399999996,93.39101550000001,-57.983388000000005,-35.18715800000001,-39.876379
-155.76773966666667,668.7946733333333,309.35475333333335,-191.42997300000002,501.19740950000005,4.162326499999999,-78.17113549999999,294.4378905,94.180757,-57.873453,-35.39516299999997,-39.85784000000001
-155.86430933333335,669.043446,309.3158276666666,-191.747839,501.72598400000004,3.994377499999999,-78.388013,295.481618,94.97296700000001,-57.76289,-35.60360399999996,-39.838612
-155.961126,669.2913823333333,309.2769886666667,-192.0662515,502.2554635,3.8264484999999997,-78.607966,296.5314945,95.76762149999999,-57.651696,-35.81248700000003,-39.818673000000004
-156.05822966666668,669.5384439999999,309.238219,-192.38513749999998,502.785759,3.658535500000001,-78.8309385,297.58750799999996,96.5646985,-57.539863000000004,-36.02181999999999,-39.798001
-156.15565766666668,669.7845956666666,309.1995023333333,-192.7044215,503.316778,3.4906369999999995,-79.0568735,298.64964499999996,97.36417700000001,-57.427385,-36.231607999999994,-39.776572
-156.25344766666663,670.0298013333334,309.16082366666666,-193.0240275,503.84842349999997,3.322756,-79.285713,299.71789,98.16604050000001,-57.314254000000005,-36.441858000000025,-39.754363
-156.35163599999998,670.274025,309.1221663333334,-193.34387750000002,504.3805965,3.154896000000001,-79.51739549999999,300.79222649999997,98.970274,-57.200464999999994,-36.652581,-39.731346
-156.45025766666666,670.517233,309.0835173333333,-193.663894,504.91319250000004,2.9870669999999997,-79.75186099999999,301.8726375,99.7768635,-57.086012,-36.86378300000001,-39.707493
-156.549346,670.7593913333334,309.0448616666667,-193.983997,505.446104,2.8192784999999994,-79.989046,302.959104,100.58579900000001,-56.970888,-37.07547800000003,-39.68277400000001
-156.648933,671.000467,309.006185,-194.3041055,505.9792205,2.6515465000000003,-80.228888,304.051607,101.39707200000001,-56.855086,-37.28767399999998,-39.65715999999999
-156.749051,671.2404270000001,308.9674743333333,-194.62413800000002,506.5124265,2.4838864999999988,-80.471323,305.15012549999994,102.2106765,-56.73859999999999,-37.500383,-39.63061900000001
-156.84972933333333,671.4792403333333,308.92871766666667,-194.94401349999998,507.045605,2.316320000000001,-80.7162855,306.254637,103.026607,-56.62142500000001,-37.713616,-39.603116
-156.95099633333334,671.7168763333333,308.8899016666666,-195.263649,507.57863449999996,2.1488700000000005,-80.96370999999999,307.3651195,103.8448625,-56.503553999999994,-37.92738700000001,-39.574619
-157.05287966666666,671.9533053333333,308.85101533333335,-195.582961,508.11138950000003,1.981562499999999,-81.21353049999999,308.481548,104.6654415,-56.384980999999996,-38.141710000000046,-39.54509300000001
-157.15540533333333,672.188499,308.8120473333333,-195.90186599999998,508.64374250000003,1.814426000000001,-81.46568099999999,309.60389899999996,105.488345,-56.265699999999995,-38.356596000000025,-39.5145
-157.25859833333334,672.4224286666666,308.772986,-196.22028,509.175563,1.647494,-81.7200945,310.7321445,106.31357700000001,-56.145705,-38.57206099999996,-39.482804
-157.362481,672.655068,308.7338213333333,-196.5381195,509.7067155,1.4808005000000009,-81.976704,311.86625949999996,107.141142,-56.024992,-38.788118999999995,-39.449966
-157.46707600000002,672.886392,308.694544,-196.8553,510.2370645,1.314382499999999,-82.235443,313.0062155,107.9710445,-55.903552,-39.004782999999975,-39.415947
-157.57240433333334,673.1163753333334,308.6551446666667,-197.171737,510.76646900000003,1.1482814999999995,-82.4962455,314.151983,108.80329400000001,-55.781381,-39.222069999999974,-39.380706
-157.67848466666666,673.344995,308.61561366666666,-197.4873455,511.2947865,0.9825394999999997,-82.75904299999999,315.303533,109.63789750000001,-55.658474,-39.43999400000001,-39.344205
-157.78533533333334,673.5722283333333,308.57594266666666,-197.80204350000002,511.8218725,0.8172034999999997,-83.02377150000001,316.460836,110.47486549999999,-55.534825,-39.65857199999999,-39.306399
-157.89297200000001,673.7980546666666,308.53612466666664,-198.115746,512.347578,0.6523205000000001,-83.29036400000001,317.62385900000004,111.314209,-55.410430000000005,-39.87781799999999,-39.26724800000001
-158.00141133333332,674.0224546666667,308.496151,-198.4283695,512.871754,0.48794199999999854,-83.558756,318.7925705,112.1559395,-55.285282,-40.09774900000002,-39.226707000000005
-158.11066633333334,674.245409,308.456015,-198.73983099999998,513.3942480000001,0.3241215000000004,-83.828882,319.966939,113.00007,-55.159378,-40.31837999999999,-39.18473399999999
-158.22074933333332,674.4669006666667,308.4157103333334,-199.050049,513.9149064999999,0.160914,-84.100679,321.1469285,113.8466125,-55.032712000000004,-40.53972699999997,-39.14128500000001
-158.33167166666667,674.6869143333333,308.3752303333333,-199.35894050000002,514.4335715,-0.0016230000000003741,-84.374084,322.33250599999997,114.695582,-54.90528,-40.76180400000004,-39.09631400000001
-158.44344366666667,674.9054353333332,308.3345696666666,-199.666426,514.9500859999999,-0.16342750000000095,-84.6490335,323.523636,115.54699149999999,-54.77707899999999,-40.98462799999999,-39.04977699999999
-158.55607233333333,675.12245,308.29372333333333,-199.972424,515.4642905000001,-0.3244389999999999,-84.925468,324.7202835,116.4008555,-54.64810200000001,-41.208213,-39.001628999999994
-158.66956633333334,675.3379476666668,308.2526863333333,-200.2768555,515.9760229999999,-0.48459199999999925,-85.2033255,325.92241049999996,117.25718900000001,-54.51834699999999,-41.432574999999986,-38.95182200000001
-158.7839303333333,675.5519176666667,308.211454,-200.5796425,516.485121,-0.6438199999999998,-85.48254850000001,327.12998,118.116006,-54.387813,-41.65772800000002,-38.900311999999985
-158.89916833333334,675.7643506666667,308.17002233333335,-200.8807075,516.991422,-0.8020555000000016,-85.763079,328.3429545,118.9773195,-54.256491999999994,-41.88368700000001,-38.847053
-159.01528466666664,675.9752400000001,308.12838800000003,-201.17997450000001,517.49476,-0.9592275000000008,-86.0448595,329.5612955,119.84114450000001,-54.124385,-42.11046500000003,-38.791995
-159.132281,676.1845803333334,308.08654833333327,-201.477369,517.9949695,-1.1152634999999993,-86.327836,330.784962,120.707494,-53.991488000000004,-42.338074000000006,-38.735096
-159.25015666666664,676.3923656666666,308.04450033333336,-201.7728165,518.4918845,-1.270090999999999,-86.6119535,332.013915,121.57638,-53.857800999999995,-42.56653,-38.67630600000001
-159.36891133333333,676.5985953333334,308.00224166666663,-202.066245,518.9853375,-1.423633500000001,-86.8971605,333.248114,122.447814,-53.723319000000004,-42.79584199999999,-38.61558000000001
-159.48854300000002,676.8032663333333,307.95977066666666,-202.357584,519.4751615,-1.5758145,-87.183405,334.487516,123.321808,-53.588041999999994,-43.026021999999955,-38.55287
-159.609048,677.0063799999999,307.91708566666665,-202.64676400000002,519.961189,-1.7265555,-87.4706395,335.7320795,124.198372,-53.451971,-43.25708099999997,-38.48813000000001
-159.73042266666667,677.2079373333335,307.8741856666667,-202.933717,520.4432525,-1.8757769999999994,-87.758814,336.981761,125.07751250000001,-53.315104,-43.48902799999996,-38.42131300000001
-159.85265966666668,677.407943,307.83107033333334,-203.21837649999998,520.9211835,-2.0233985000000008,-88.047883,338.2365165,125.959239,-53.177442000000006,-43.72187299999996,-38.352374
-159.97575300000003,677.6064006666667,307.7877393333333,-203.5006785,521.394816,-2.1693360000000013,-88.3378015,339.49630049999996,126.8435555,-53.038985,-43.955625,-38.28126499999999
-160.09969466666666,677.8033176666667,307.7441933333333,-203.7805595,521.863982,-2.3135084999999993,-88.628527,340.761068,127.7304675,-52.899734,-44.19028800000001,-38.207941000000005
-160.22447466666668,677.9987013333333,307.7004323333333,-204.05795899999998,522.3285155,-2.4558304999999994,-88.9200175,342.0307715,128.6199765,-52.759693,-44.42587099999997,-38.13235700000001
-160.35008200000001,678.1925620000001,307.6564573333333,-204.33281599999998,522.7882515,-2.596217000000001,-89.212233,343.3053635,129.51208350000002,-52.618862,-44.66237699999999,-38.05446700000002
-160.476506,678.3849096666667,307.6122703333333,-204.605075,523.243024,-2.7345819999999996,-89.505135,344.584796,130.4067865,-52.477246,-44.899812,-37.974227
-160.603733,678.5757583333333,307.5678726666667,-204.87467900000001,523.692671,-2.8708384999999996,-89.7986875,345.86901850000004,131.3040815,-52.334846999999996,-45.138176999999985,-37.891593
-160.73174966666667,678.7651213333334,307.523267,-205.1415745,524.137029,-3.0048984999999995,-90.09285399999999,347.1579805,132.20396399999998,-52.191672,-45.377475000000004,-37.806520000000006
-160.860541,678.9530146666667,307.47845533333333,-205.405709,524.5759365,-3.1366750000000003,-90.387602,348.4516295,133.106424,-52.04772199999999,-45.617705,-37.71896599999998
-160.99009033333334,679.1394553333333,307.43344099999996,-205.667033,525.009235,-3.2660789999999995,-90.68289899999999,349.749913,134.011452,-51.90300599999999,-45.858866000000035,-37.628888
-161.12038099999998,679.3244616666667,307.388228,-205.925498,525.4367655,-3.393021000000001,-90.9787145,351.0527755,134.91903299999998,-51.757531,-46.100956999999994,-37.536243999999996
-161.251396,679.5080543333333,307.34281933333335,-206.1810575,525.858373,-3.517410999999999,-91.2750185,352.360162,135.82915350000002,-51.61130299999999,-46.343974,-37.44099300000002
-161.383115,679.6902543333334,307.2972193333333,-206.433668,526.273902,-3.6391610000000014,-91.57178400000001,353.672015,136.7417925,-51.46432800000001,-46.58791000000002,-37.343095000000005
-161.51551833333335,679.8710850000001,307.2514326666667,-206.683287,526.6832005,-3.7581799999999994,-91.868984,354.988275,137.6569295,-51.316618000000005,-46.832762,-37.24251100000001
-161.64858566666666,680.0505703333333,307.20546466666667,-206.92987449999998,527.0861199999999,-3.8743785000000006,-92.166594,356.3088825,138.574539,-51.168182,-47.07851899999997,-37.139202
-161.78229466666667,680.2287353333334,307.15932033333337,-207.17339149999998,527.4825109999999,-3.987666000000001,-92.46458949999999,357.633775,139.4945945,-51.019029,-47.32517200000001,-37.03312899999999
-161.91662333333332,680.4056083333334,307.1130053333333,-207.4138015,527.87223,-4.097953,-92.7629475,358.962889,140.417065,-50.869173,-47.57271199999997,-36.92425800000001
-162.051548,680.5812159999999,307.066526,-207.651071,528.255133,-4.205149499999999,-93.0616465,360.296158,141.341916,-50.718622999999994,-47.821124,-36.81254999999999
-162.187044,680.7555886666668,307.0198883333333,-207.88516700000002,528.631081,-4.309165499999999,-93.36066600000001,361.633515,142.269111,-50.56739399999999,-48.07039600000002,-36.69797200000001
-162.323087,680.9287566666667,306.97310066666665,-208.116059,528.999937,-4.409912,-93.6599855,362.974891,143.198609,-50.415499,-48.32051000000001,-36.58049
-162.45965066666668,681.100751,306.92616933333335,-208.34371800000002,529.3615669999999,-4.507299999999999,-93.959586,364.3202135,144.13036699999998,-50.26295400000001,-48.57145099999997,-36.460072
-162.59670866666667,681.2716059999999,306.8791013333334,-208.5681175,529.7158400000001,-4.601240499999999,-94.25944999999999,365.66940950000003,145.06433850000002,-50.109774,-48.82319899999999,-36.33668700000001
-162.734234,681.4413553333334,306.83190566666667,-208.78923250000003,530.062628,-4.691646,-94.55955900000001,367.022402,146.000472,-49.95597400000001,-49.07573400000001,-36.21030400000001
-162.87219833333333,681.610033,306.7845913333333,-209.00704100000002,530.4018065,-4.7784285,-94.85989699999999,368.3791135,146.9387145,-49.801574,-49.32903299999998,-36.080895
-163.010574,681.7776756666667,306.737166,-209.22152,530.733254,-4.8615005,-95.16044600000001,369.739463,147.8790085,-49.64658999999999,-49.583072000000016,-35.948431
-163.149331,681.9443196666666,306.68963933333333,-209.432651,531.0568539999999,-4.9407765,-95.4611905,371.10336600000005,148.821294,-49.49104299999999,-49.837828,-35.81288799999999
-163.28844033333334,682.1100036666666,306.64202066666667,-209.640416,531.3724910000001,-5.016170499999999,-95.762115,372.47073750000004,149.765507,-49.334952,-50.093271000000016,-35.674240000000026
-163.42787166666665,682.2747653333334,306.5943203333333,-209.84480000000002,531.6800545,-5.087597499999999,-96.0632025,373.841488,150.7115795,-49.178338999999994,-50.349373999999955,-35.53246300000001
-163.56759399999999,682.4386446666666,306.5465486666667,-210.04578700000002,531.9794385,-5.154973999999999,-96.36443750000001,375.2155255,151.65944100000002,-49.021225,-50.60610700000001,-35.38753799999998
-163.70757600000002,682.6016816666667,306.49871566666667,-210.24336449999998,532.2705395,-5.2182175,-96.66580450000001,376.5927565,152.6090175,-48.86363300000001,-50.863436999999976,-35.239441
-163.84778666666668,682.7639166666667,306.4508333333333,-210.4375225,532.5532585000001,-5.277245500000001,-96.967287,377.97308250000003,153.560231,-48.705588000000006,-51.12133299999999,-35.088156
-163.988193,682.9253910000001,306.4029123333333,-210.62824999999998,532.827499,-5.331977,-97.2688695,379.356402,154.513001,-48.54711300000001,-51.37975600000004,-34.93366400000002
-164.12876366666666,683.086147,306.354965,-210.8155395,533.0931714999999,-5.382332999999999,-97.57053350000001,380.74261149999995,155.4672435,-48.388233,-51.63867299999998,-34.77595099999999
-164.26946466666666,683.2462263333333,306.3070033333333,-210.99938450000002,533.3501875,-5.428234,-97.8722635,382.13160400000004,156.422871,-48.228977,-51.89804399999997,-34.615001999999976
-164.41026366666665,683.4056723333333,306.2590393333333,-211.179779,533.598465,-5.469603500000002,-98.174041,383.52326800000003,157.379793,-48.069368,-52.15783000000005,-34.450806
-164.551127,683.5645279999999,306.21108566666663,-211.3567195,533.8379235,-5.5063645,-98.4758475,384.91749000000004,158.337916,-47.909437,-52.417989999999975,-34.28335000000001
-164.69202033333332,683.7228366666667,306.16315633333335,-211.530203,534.0684885000001,-5.538443000000001,-98.7776635,386.3141505,159.2971425,-47.749211,-52.67848099999998,-34.112629
-164.83291,683.8806420000001,306.11526366666664,-211.70022799999998,534.29009,-5.5657654999999995,-99.0794695,387.7131295,160.257374,-47.58872099999999,-52.93925899999999,-33.93863399999998
-164.97376233333333,684.0379876666667,306.067422,-211.866794,534.5026625,-5.5882605000000005,-99.38124350000001,389.114301,161.2185075,-47.427994999999996,-53.20028000000002,-33.761359
-165.114543,684.1949173333333,306.01964533333336,-212.0299025,534.706142,-5.605857,-99.682963,390.517535,162.180437,-47.267066,-53.46149600000001,-33.580804
-165.25521633333332,684.3514759999999,305.97194800000005,-212.18955449999999,534.900472,-5.618487,-99.984606,391.92269999999996,163.143055,-47.105964,-53.72285800000003,-33.396964
-165.3957486666667,684.5077066666668,305.92434433333335,-212.3457545,535.0855995,-5.626082500000001,-100.286146,393.329658,164.106251,-46.944722,-53.984320000000025,-33.20984200000001
-165.536105,684.6636533333334,305.87685000000005,-212.498504,535.2614745000001,-5.628579,-100.587558,394.738268,165.069911,-46.78337400000001,-54.24582799999996,-33.01944
-165.67625033333334,684.81936,305.8294793333333,-212.64781,535.4280535,-5.625912,-100.888814,396.1483855,166.03392,-46.62195199999999,-54.50733300000002,-32.825762
-165.81614966666666,684.974869,305.7822476666667,-212.7936775,535.5852964999999,-5.618019500000001,-101.189885,397.5598605,166.998159,-46.46049000000001,-54.76878099999999,-32.628816
-165.955769,685.1302249999999,305.73517133333337,-212.9361125,535.7331675,-5.604842,-101.4907405,398.97254,167.9625095,-46.299023000000005,-55.030118000000016,-32.428608999999994
-166.09507266666665,685.2854703333333,305.68826633333333,-213.07512250000002,535.8716360000001,-5.586320499999999,-101.7913485,400.3862655,168.9268485,-46.137586999999996,-55.291289000000006,-32.225153000000006
-166.23402666666667,685.4406473333332,305.64154733333334,-213.2107165,536.0006745000001,-5.562398999999999,-102.09167450000001,401.800876,169.891051,-45.976217000000005,-55.55223999999998,-32.018460000000005
-166.37259533333335,685.5957973333334,305.59503266666667,-213.34290249999998,536.1202615,-5.5330235000000005,-102.391684,403.216205,170.85499199999998,-45.814949999999996,-55.81291199999998,-31.808544000000012
-166.51074466666668,685.7509626666666,305.548737,-213.47168900000003,536.2303795,-5.498140000000001,-102.6913385,404.6320815,171.8185435,-45.65382099999999,-56.073248999999976,-31.595422999999982
-166.64844000000002,685.9061833333332,305.50267833333334,-213.5970875,536.331015,-5.4577005,-102.990599,406.04833099999996,172.781577,-45.492868,-56.333192,-31.37911600000001
-166.78564733333334,686.0615003333332,305.45687300000003,-213.719108,536.4221600000001,-5.411655,-103.289425,407.4647745,173.74396000000002,-45.332128,-56.59268100000003,-31.159643999999986
-166.92233233333334,686.2169520000001,305.41133800000006,-213.8377615,536.5038095,-5.359958499999999,-103.5877725,408.88122699999997,174.70556249999998,-45.171639,-56.851657999999986,-30.937029000000024
-167.058461,686.3725776666666,305.36609066666665,-213.953059,536.575964,-5.302567,-103.8855975,410.2975025,175.66625,-45.011438999999996,-57.11006099999997,-30.711298
-167.194,686.5284149999999,305.32114800000005,-214.06501250000002,536.6386295,-5.239438,-104.1828525,411.7134065,176.6258895,-44.85156500000001,-57.36782899999997,-30.482479000000012
-167.32891566666666,686.6845006666666,305.27652766666665,-214.173635,536.6918145,-5.170533500000001,-104.4794895,413.1287435,177.5843445,-44.692057000000005,-57.62490300000002,-30.25060099999999
-167.46317466666667,686.8408713333333,305.23224666666664,-214.2789385,536.7355319999999,-5.0958165,-104.77545649999999,414.543312,178.541481,-44.532953000000006,-57.88121799999999,-30.015693999999996
-167.59674500000003,686.9975603333334,305.18832266666664,-214.380937,536.7698009999999,-5.015252,-105.070702,415.9569075,179.497162,-44.374292,-58.136712999999986,-29.777795999999995
-167.72959366666666,687.154603,305.1447733333334,-214.479643,536.7946445,-4.928807999999998,-105.3651715,417.369319,180.45125000000002,-44.21611300000001,-58.39132599999999,-29.536941999999982
-167.86168833333332,687.3120316666667,305.1016163333333,-214.57506999999998,536.8100890000001,-4.836455500000001,-105.6588075,418.7803335,181.40360900000002,-44.058453,-58.644993,-29.29316800000001
-167.9929976666667,687.4698773333333,305.05886899999996,-214.667232,536.8161660000001,-4.7381665,-105.95155199999999,420.1897335,182.35410050000002,-43.90135400000001,-58.897650999999996,-29.046517000000023
-168.12348966666667,687.6281713333333,305.01654933333333,-214.7561435,536.8129114999999,-4.633917500000001,-106.243345,421.59729600000003,183.302589,-43.744851999999995,-59.149238000000025,-28.797032
-168.25313433333335,687.7869420000001,304.97467466666666,-214.8418185,536.8003655,-4.523686000000001,-106.5341245,423.002796,184.24893600000001,-43.588987,-59.39969000000002,-28.54475599999998
-168.381901,687.9462176666666,304.933262,-214.924271,536.778573,-4.407453500000001,-106.8238255,424.4060035,185.1930045,-43.43379900000001,-59.648945000000026,-28.289738999999997
-168.509759,688.1060246666666,304.8923296666667,-215.003517,536.747582,-4.285202499999999,-107.1123845,425.80668349999996,186.134659,-43.279325,-59.89693900000003,-28.032028000000025
-168.63667966666665,688.2663876666667,304.8518946666666,-215.07957,536.707446,-4.1569205,-107.3997325,427.2046,187.073762,-43.12560500000001,-60.14360800000003,-27.771675999999985
-168.76263333333333,688.427331,304.81197433333335,-215.1524455,536.6582215000001,-4.0225954999999995,-107.685801,428.599511,188.0101795,-42.97267599999999,-60.388892,-27.508735
-168.88759233333334,688.5888763333332,304.77258566666666,-215.222159,536.599972,-3.8822200000000002,-107.97052,429.991172,188.943776,-42.820578,-60.63272599999999,-27.243261999999987
-169.01152766666667,688.7510446666666,304.73374566666666,-215.288725,536.532761,-3.7357890000000005,-108.2538165,431.3793355,189.874418,-42.669347,-60.87504900000005,-26.975313999999997
-169.13441233333333,688.9138556666667,304.6954713333333,-215.3521595,536.4566595,-3.583299499999999,-108.5356185,432.76374999999996,190.801973,-42.519023000000004,-61.11579999999998,-26.704949999999997
-169.25622033333335,689.0773263333332,304.65777933333334,-215.41247800000002,536.371741,-3.424752,-108.81585000000001,434.1441615,191.726309,-42.36964200000001,-61.354917,-26.432232
-169.37692433333333,689.2414726666666,304.62068633333337,-215.4696955,536.2780835,-3.2601505,-109.094436,435.520312,192.64729499999999,-42.22124000000001,-61.592337999999984,-26.157224000000014
-169.49649966666667,689.40631,304.584208,-215.523829,536.1757695,-3.0895004999999998,-109.37129850000001,436.89194299999997,193.56480299999998,-42.073857000000004,-61.82800400000002,-25.879991999999987
-169.61492033333332,689.5718503333334,304.54836066666667,-215.574894,536.0648835,-2.912813,-109.64635999999999,438.25879050000003,194.4787055,-41.927525999999986,-62.061856999999975,-25.600603000000007
-169.73216299999999,689.7381053333334,304.5131596666667,-215.622906,535.9455164999999,-2.7300994999999997,-109.91954150000001,439.62059050000005,195.38887549999998,-41.78228700000001,-62.293835,-25.319125000000014
-169.84820299999998,689.9050846666665,304.47862166666664,-215.66788200000002,535.817762,-2.541375500000001,-110.190762,440.977075,196.2951895,-41.63817200000001,-62.523882000000015,-25.035630999999995
-169.96301866666667,690.0727959999999,304.44476099999997,-215.7098375,535.6817175,-2.34666,-110.459942,442.3279755,197.19752499999998,-41.495217999999994,-62.75194099999999,-24.750192
-170.07658633333332,690.241245,304.4115923333333,-215.7487895,535.537484,-2.1459744999999995,-110.72699850000001,443.6730205,198.09575999999998,-41.353459,-62.977953000000014,-24.462884000000003
-170.18888533333333,690.4104376666666,304.3791306666667,-215.78475550000002,535.3851665,-1.9393445000000007,-110.991851,445.0119385,198.989777,-41.212930000000014,-63.201865,-24.173782000000017
-170.299894,690.5803756666666,304.34738999999996,-215.81775149999999,535.2248744999999,-1.7267975,-111.25441599999999,446.344454,199.879459,-41.07366599999999,-63.42362200000002,-23.88296600000001
-170.409592,690.7510603333334,304.316384,-215.84779550000002,535.0567189999999,-1.5083649999999995,-111.514611,447.670294,200.764691,-40.935698,-63.643168,-23.59051199999999
-170.51796066666668,690.9224913333334,304.2861266666667,-215.87490350000002,534.8808154999999,-1.2840810000000005,-111.77235350000001,448.9891805,201.64536049999998,-40.79906100000001,-63.86045299999995,-23.296503
-170.6249806666667,691.0946663333334,304.2566306666667,-215.899094,534.6972840000001,-1.0539829999999988,-112.02756,450.300839,202.52135750000002,-40.663786,-64.075424,-23.00102100000001
-170.730634,691.2675816666666,304.2279086666667,-215.9203855,534.506247,-0.8181114999999988,-112.2801475,451.6049915,203.39257350000003,-40.529904999999985,-64.28803099999999,-22.704149
-170.83490300000003,691.4412306666667,304.1999726666666,-215.938795,534.30783,-0.576511,-112.530033,452.90136099999995,204.2589035,-40.39744999999999,-64.49822599999999,-22.405971000000022
-170.93777233333333,691.6156073333333,304.172835,-215.9543415,534.102162,-0.3292275,-112.77713399999999,454.18967150000003,205.120245,-40.266450000000006,-64.70595699999996,-22.106573999999995
-171.03922466666668,691.7907013333333,304.146506,-215.967044,533.8893745,-0.0763114999999992,-113.02136949999999,455.46964649999995,205.9764965,-40.13693699999999,-64.911183,-21.806044999999983
-171.13924599999999,691.966503,304.12099766666665,-215.976921,533.6696035,0.18218400000000123,-113.26265599999999,456.74100999999996,206.8275605,-40.008939999999996,-65.113854,-21.504470999999995
-171.23782200000002,692.143,304.0963203333333,-215.9839925,533.4429875000001,0.44620250000000006,-113.5009135,458.003488,207.6733415,-39.88248700000001,-65.31392600000004,-21.201943
-171.334939,692.3201776666666,304.072483,-215.9882785,533.209666,0.7156849999999988,-113.7360625,459.25680750000004,208.5137465,-39.75760700000001,-65.51135900000003,-20.898549000000003
-171.43058399999998,692.498021,304.04949533333337,-215.9897985,532.9697835,0.9905685000000002,-113.968022,460.5006965,209.34868649999999,-39.63432800000001,-65.70610899999997,-20.594381000000027
-171.5247456666667,692.6765126666668,304.02736666666664,-215.988574,532.7234865,1.2707885,-114.19671500000001,461.734886,210.17807299999998,-39.51267800000001,-65.89813800000002,-20.289529999999985
-171.61741300000003,692.8556343333333,304.006105,-215.9846255,532.470924,1.5562755,-114.422064,462.9591075,211.0018225,-39.39268199999999,-66.08740499999999,-19.984086999999988
-171.70857533333333,693.0353656666666,303.985718,-215.97797400000002,532.2122469999999,1.846959,-114.643993,464.17309750000004,211.81985350000002,-39.274365999999986,-66.27387500000003,-19.678145
-171.798223,693.215685,303.96621400000004,-215.968643,531.9476085,2.1427645,-114.862428,465.37659399999995,212.632087,-39.15775599999999,-66.45751200000001,-19.371797999999984
-171.886348,693.396569,303.9475986666667,-215.95665400000001,531.6771659999999,2.4436149999999994,-115.077296,466.5693375,213.438447,-39.04287600000001,-66.638281,-19.06513799999999
-171.97294133333332,693.5779936666667,303.92987833333336,-215.94203,531.401077,2.7494300000000003,-115.28852499999999,467.7510735,214.23886099999999,-38.92975199999999,-66.816149,-18.758257999999984
-172.05799666666667,693.7599323333334,303.91305933333336,-215.9247945,531.1195005,3.0601280000000006,-115.49604550000001,468.92155,215.033259,-38.818405,-66.991086,-18.451251999999982
-172.14150733333335,693.9423586666666,303.89714699999996,-215.90497249999999,530.8325990000001,3.3756225000000004,-115.69979049999999,470.08051950000004,215.821575,-38.70885899999999,-67.16306300000002,-18.144214000000005
-172.223468,694.1252433333334,303.8821443333333,-215.882588,530.540536,3.6958275,-115.89969400000001,471.2277405,216.603744,-38.60113600000001,-67.33205100000004,-17.837238000000013
-172.3038733333333,694.3085566666667,303.86805699999996,-215.8576665,530.2434765,4.020650499999999,-116.095692,472.362974,217.379707,-38.49525800000001,-67.49802599999998,-17.530416000000002
-172.38271999999998,694.492268,303.8548876666666,-215.830233,529.941587,4.349999500000001,-116.287722,473.485987,218.1494045,-38.39124600000001,-67.66095999999999,-17.223840999999993
-172.46000466666666,694.676345,303.8426396666667,-215.8003145,529.635035,4.683779999999999,-116.475726,474.596552,218.912783,-38.28912,-67.820832,-16.917606000000006
-172.53572366666666,694.8607533333334,303.83131499999996,-215.767939,529.3239905,5.021893499999999,-116.65964650000001,475.694447,219.669791,-38.188899000000006,-67.97762,-16.61180200000001
-172.60987733333334,695.0454599999999,303.82091633333334,-215.733132,529.0086215,5.364241000000002,-116.839429,476.779456,220.42038050000002,-38.090603999999985,-68.131306,-16.306523
-172.68246333333335,695.2304286666666,303.81144366666666,-215.695923,528.6891,5.710720499999999,-117.01502149999999,477.85137,221.16450650000002,-37.994253,-68.28186999999997,-16.001857
-172.75348166666666,695.4156236666668,303.802899,-215.6563415,528.3655975,6.061229000000001,-117.186375,478.909986,221.9021275,-37.899861999999985,-68.42929600000002,-15.697894999999988
-172.82293333333334,695.6010066666668,303.7952813333333,-215.614416,528.038285,6.4156604999999995,-117.3534415,479.9551065,222.6332045,-37.807451000000015,-68.57357100000002,-15.394724999999994
-172.890819,695.7865403333334,303.7885913333333,-215.5701765,527.7073355,6.773908500000001,-117.5161785,480.986544,223.35770200000002,-37.717033,-68.71467799999999,-15.092435999999992
-172.95714166666667,695.9721853333334,303.78282800000005,-215.52365500000002,527.3729215000001,7.135862999999999,-117.6745445,482.004116,224.0755885,-37.62862899999999,-68.85261000000003,-14.79111499999999
-173.02190299999998,696.1579019999999,303.77798966666666,-215.47488199999998,527.035215,7.501414500000001,-117.828501,483.00764949999996,224.7868345,-37.542249999999996,-68.98735499999992,-14.490847000000002
-173.08510666666666,696.3436499999999,303.774075,-215.4238905,526.694389,7.870450500000002,-117.978013,483.99697749999996,225.49141550000002,-37.45791400000002,-69.11890499999998,-14.191715000000016
-173.14675733333334,696.5293879999999,303.771081,-215.370712,526.3506145,8.242859,-118.12304900000001,484.971944,226.18930899999998,-37.37563200000001,-69.24725399999994,-13.893804000000017
-173.20686,696.7150743333333,303.7690053333333,-215.31538,526.0040644999999,8.618525999999997,-118.26357850000001,485.93239800000003,226.8804955,-37.295421000000005,-69.37239600000004,-13.597193000000004
-173.26541999999998,696.900667,303.76784433333336,-215.2579295,525.654909,8.997335499999998,-118.39957749999999,486.8782,227.56496049999998,-37.21729099999999,-69.49432999999999,-13.301960999999977
-173.3224426666667,697.0861236666666,303.76759466666664,-215.1983945,525.303318,9.379173,-118.53102200000001,487.8092175,228.24269149999998,-37.14125600000001,-69.61305299999992,-13.008188999999987
-173.37793566666667,697.2714013333333,303.7682516666667,-215.13681000000003,524.9494605,9.763920500000001,-118.657893,488.725329,228.913679,-37.06732799999999,-69.728564,-12.71595000000002
-173.431906,697.4564563333333,303.7698113333333,-215.0732125,524.593505,10.1514615,-118.78017349999999,489.6264205,229.577919,-36.99551699999999,-69.84086700000006,-12.425318000000004
-173.48436266666667,697.6412446666667,303.772268,-215.007638,524.2356175,10.541678999999998,-118.897851,490.512389,230.235408,-36.92583400000001,-69.94996400000008,-12.13636600000001
-173.53531366666667,697.8257233333334,303.77561633333335,-214.9401235,523.875963,10.934455499999999,-119.0109165,491.38313949999997,230.886148,-36.858288999999985,-70.055859,-11.849164000000002
-173.5847686666667,698.009848,303.77985033333334,-214.87070599999998,523.514705,11.329671999999999,-119.11936299999999,492.238588,231.530144,-36.792889999999986,-70.15855999999997,-11.563778000000013
-173.63273666666666,698.1935746666667,303.78496433333333,-214.7994245,523.1520049999999,11.727211500000001,-119.223187,493.0786605,232.1674045,-36.729646,-70.25807300000008,-11.280275000000017
-173.6792293333333,698.3768586666666,303.79095133333334,-214.7263175,522.788022,12.126957,-119.32238949999999,493.903293,232.79794,-36.66856499999999,-70.35441000000003,-10.998716000000002
-173.724257,698.5596573333333,303.797805,-214.65142300000002,522.4229135,12.528789999999999,-119.416974,494.7124305,233.421766,-36.609654000000006,-70.44758100000007,-10.719164000000006
-173.76783166666667,698.7419249999999,303.8055166666667,-214.574782,522.056834,12.932595,-119.5069475,495.50603,234.038901,-36.55292100000001,-70.53759599999995,-10.441674000000006
-173.809965,698.9236196666667,303.8140803333333,-214.496434,521.689937,13.338255499999999,-119.5923205,496.28405849999996,234.64936649999999,-36.49836900000001,-70.62447099999997,-10.166303
-173.85066966666668,699.1046963333334,303.82348700000006,-214.41641900000002,521.32237,13.7456575,-119.67310549999999,497.0464935,235.2531875,-36.446005,-70.70822100000004,-9.893102999999996
-173.88995833333334,699.2851116666667,303.833729,-214.334779,520.954281,14.1546855,-119.74932050000001,497.79332150000005,235.850393,-36.395832999999996,-70.78886300000005,-9.62212599999998
-173.92784600000002,699.4648236666667,303.84479833333336,-214.251554,520.5858135,14.565227,-119.8209855,498.524542,236.4410145,-36.34785699999999,-70.86641400000002,-9.353417000000007
-173.964345,699.6437886666666,303.856686,-214.166786,520.2171085,14.9771705,-119.8881245,499.2401635,237.02508749999998,-36.302079000000006,-70.94089499999995,-9.087021000000021
-173.99946999999997,699.8219656666666,303.869383,-214.080518,519.8483025,15.3904065,-119.950762,499.940205,237.60265049999998,-36.25850200000001,-71.01232600000003,-8.822979000000004
-174.03323633333335,699.9993119999999,303.8828806666666,-213.992791,519.4795295,15.804824500000002,-120.0089295,500.624698,238.1737455,-36.21712699999999,-71.08072800000002,-8.561330999999996
-174.06565933333331,700.1757863333332,303.8971696666667,-213.903649,519.11092,16.220319,-120.0626595,501.29368250000005,238.7384175,-36.177955,-71.14612700000004,-8.30211300000002
-174.09675366666667,700.3513486666667,303.91224,-213.8131335,518.7426005,16.636785000000003,-120.111988,501.94721,239.2967155,-36.140986,-71.20854399999996,-8.045355
-174.12653633333335,700.5259590000001,303.9280833333333,-213.72128750000002,518.374694,17.0541185,-120.15695299999999,502.5853425,239.8486905,-36.106218,-71.26800899999995,-7.791090999999994
-174.15502233333333,700.6995776666666,303.944689,-213.6281555,518.0073185,17.47222,-120.1975965,503.208152,240.39439800000002,-36.073651,-71.32454599999994,-7.539344
-174.18222966666667,700.8721663333332,303.96204766666665,-213.5337795,517.64059,17.8909905,-120.233964,503.815722,240.9338955,-36.04328000000001,-71.37818400000003,-7.290139000000011
-174.20817433333332,701.0436879999999,303.98014966666665,-213.43820399999998,517.2746179999999,18.310333,-120.26610199999999,504.408145,241.4672445,-36.015103999999994,-71.42895399999998,-7.043497000000002
-174.23287366666668,701.214105,303.998985,-213.3414725,516.9095090000001,18.730154,-120.2940615,504.985524,241.9945095,-35.98911700000001,-71.47688400000004,-6.799434999999988
-174.25634466666668,701.3833816666667,304.01854299999997,-213.243629,516.545366,19.150363499999997,-120.31789450000001,505.5479715,242.5157575,-35.96531300000001,-71.52200700000003,-6.557969000000014
-174.27860533333333,701.5514826666667,304.03881466666667,-213.14471600000002,516.182286,19.570872,-120.33765700000001,506.09561199999996,243.03105900000003,-35.94368800000001,-71.56435600000003,-6.319108
-174.29967366666665,701.718374,304.05978933333336,-213.0447785,515.8203615,19.991595,-120.3534065,506.6285775,243.54048699999998,-35.92423500000001,-71.60396300000002,-6.082862000000006
-174.31956733333334,701.8840226666666,304.08145766666667,-212.9438595,515.4596825,20.4124495,-120.3652035,507.14701,244.044118,-35.90694500000001,-71.64086600000002,-5.849236000000019
-174.33830466666666,702.0483963333332,304.1038086666667,-212.842004,515.100332,20.833356,-120.3731105,507.651062,244.54203,-35.891807000000014,-71.675096,-5.618234000000001
-174.35590366666665,702.2114636666666,304.12683266666664,-212.73925450000002,514.7423895,21.254239,-120.3771915,508.1408935,245.03430500000002,-35.878815,-71.70669299999997,-5.3898519999999905
-174.37238333333335,702.3731953333332,304.15052000000003,-212.63565499999999,514.38593,21.675024,-120.37751449999999,508.616674,245.5210275,-35.86795499999998,-71.73569399999997,-5.16408899999999
-174.38776166666665,702.533562,304.1748603333333,-212.5312485,514.0310235,22.095642,-120.37414749999999,509.078583,246.0022835,-35.85921499999999,-71.762136,-4.940939000000014
-174.40205833333334,702.6925363333334,304.199844,-212.426079,513.6777355,22.516026,-120.36716150000001,509.526807,246.4781625,-35.85258499999999,-71.78606000000002,-4.7203890000000115
-174.41529066666666,702.8500913333334,304.2254613333333,-212.320189,513.3261255,22.936113499999998,-120.356629,509.96154,246.9487565,-35.848048000000006,-71.80750399999994,-4.502431000000001
-174.42747866666664,703.006202,304.25170266666663,-212.213622,512.9762505,23.355843999999998,-120.342624,510.3829865,247.414158,-35.845590000000016,-71.82650899999999,-4.287047999999999
-174.43864066666666,703.1608446666665,304.2785576666667,-212.10642,512.6281605,23.775161500000003,-120.325222,510.7913565,247.874464,-35.84519399999999,-71.84311699999995,-4.074221999999992
-174.44879500000002,703.3139953333333,304.3060176666666,-211.9986265,512.2819025,24.194013,-120.304501,511.186867,248.3297725,-35.846844000000004,-71.85737,-3.863933000000003
-174.45796099999998,703.4656336666667,304.3340726666667,-211.890283,511.937517,24.6123495,-120.280539,511.569745,248.780184,-35.85052000000002,-71.86931000000004,-3.656158000000005
-174.46615799999998,703.6157383333333,304.3627143333334,-211.7814315,511.5950425,25.030124999999998,-120.2534155,511.9402205,249.2257985,-35.85620500000002,-71.87898100000007,-3.4508710000000065
-174.47340333333332,703.7642906666666,304.39193266666666,-211.67211400000002,511.254511,25.4472975,-120.22321149999999,512.298532,249.6667215,-35.86387699999999,-71.88642600000003,-3.2480449999999905
-174.4797166666667,703.911273,304.421719,-211.56237149999998,510.91594899999996,25.863827999999998,-120.190009,512.6449235,250.10305649999998,-35.873514,-71.89169100000004,-3.047649000000007
-174.48511666666664,704.0566689999999,304.45206433333334,-211.452245,510.579381,26.279680999999997,-120.1538905,512.9796455000001,250.534912,-35.88509300000001,-71.89481899999998,-2.849649999999997
-174.48962133333336,704.200463,304.48296,-211.34177549999998,510.24482550000005,26.6948255,-120.11493949999999,513.302953,250.96239400000002,-35.898590999999996,-71.89585600000004,-2.6540119999999945
-174.493249,704.3426416666667,304.51439766666664,-211.231003,509.91229699999997,27.1092325,-120.0732405,513.6151055,251.38561299999998,-35.913983000000016,-71.89484900000002,-2.4607000000000028
-174.49601866666669,704.4831923333332,304.54636866666664,-211.11996749999997,509.5818045,27.522878,-120.02887799999999,513.9163685,251.804679,-35.931242,-71.89184300000005,-2.269674000000009
-174.49794733333331,704.6221033333333,304.578865,-211.008709,509.25335600000005,27.9357395,-119.981936,514.207011,252.2197035,-35.950342000000006,-71.88688399999995,-2.080893000000003
-174.49905366666667,704.7593656666667,304.6118783333333,-210.897267,508.926952,28.3477995,-119.932501,514.4873055,252.630797,-35.971254,-71.880019,-1.8943140000000085
-174.499355,704.89497,304.6454013333334,-210.78567900000002,508.60259099999996,28.759043,-119.88065750000001,514.7575285,253.0380735,-35.993949,-71.87129499999998,-1.709890999999999
-174.49886933333335,705.02891,304.679426,-210.67398500000002,508.2802665,29.1694585,-119.8264925,515.017959,253.4416455,-36.01839699999999,-71.86076000000003,-1.527579000000003
-174.49761366666667,705.1611790000001,304.71394433333336,-210.56222200000002,507.95997,29.5790365,-119.77009000000001,515.268879,253.8416265,-36.044563999999994,-71.84846000000005,-1.347330999999997
-174.49560499999998,705.2917726666666,304.748949,-210.4504285,507.6416875,29.987772500000002,-119.711536,515.5105739999999,254.23813,-36.072422,-71.83444399999996,-1.1690959999999961
-174.4928603333333,705.4206873333334,304.784433,-210.338641,507.32540300000005,30.3956625,-119.6509155,515.7433295,254.6312695,-36.10193300000002,-71.81875899999994,-0.9928249999999821
-174.48939600000003,705.5479213333333,304.82038933333337,-210.226898,507.011096,30.8027075,-119.588313,515.9674325,255.021159,-36.13306399999999,-71.80145099999999,-0.8184639999999774
-174.48522899999998,705.6734736666667,304.8568103333333,-210.11523499999998,506.69874350000003,31.208911,-119.5238135,516.1831725,255.4079105,-36.16578100000001,-71.78257100000008,-0.6459630000000232
-174.48037533333334,705.7973443333334,304.89369066666666,-210.003688,506.38831949999997,31.614276999999998,-119.45749950000001,516.390839,255.79163749999998,-36.200045,-71.76216400000004,-0.4752670000000023
-174.47484966666664,705.9195356666665,304.93102200000004,-209.892293,506.079795,32.0188145,-119.3894545,516.5907205,256.172451,-36.23582099999999,-71.74027900000004,-0.30631999999997106
-174.468668,706.04005,304.96879866666666,-209.781087,505.773139,32.4225335,-119.3197605,516.783108,256.5504635,-36.273071000000016,-71.71696199999997,-0.13906900000000633
-174.46184633333334,706.1588916666666,305.007014,-209.67010399999998,505.4683165,32.8254455,-119.24849950000001,516.9682895000001,256.92578449999996,-36.31175300000001,-71.69226100000003,0.026543000000003758
-174.454399,706.276065,305.0456616666667,-209.55937799999998,505.165292,33.227567,-119.17575099999999,517.146553,257.2985225,-36.35182999999999,-71.66622399999994,0.19057299999997213
-174.44634033333332,706.3915773333333,305.0847356666667,-209.44894549999998,504.864027,33.628913,-119.1015955,517.318186,257.668786,-36.393260999999995,-71.63889600000005,0.3530759999999873
-174.43768466666666,706.5054359999999,305.1242296666667,-209.33884,504.56448,34.029502,-119.0261095,517.483472,258.0366815,-36.436003,-71.61032399999999,0.514111000000014
-174.428446,706.6176489999999,305.1641376666667,-209.2290955,504.26661,34.4293545,-118.9493715,517.6426945,258.402313,-36.48001500000001,-71.58055499999995,0.6737339999999676
-174.41863766666665,706.7282256666667,305.20445366666667,-209.11974550000002,503.970373,34.8284915,-118.87145749999999,517.796134,258.765784,-36.525255,-71.54963400000003,0.8320019999999886
-174.40827333333334,706.837177,305.24517233333336,-209.010824,503.6757225,35.226936,-118.7924405,517.9440675,259.12719500000003,-36.571679,-71.51760699999994,0.9889740000000415
-174.39736466666668,706.944515,305.2862866666667,-208.9023645,503.382613,35.624711999999995,-118.712395,518.08677,259.4866455,-36.61924400000001,-71.48451799999998,1.1447029999999927
-174.38592566666668,707.0502513333334,305.3277923333333,-208.7943995,503.09099749999996,36.0218445,-118.63139149999999,518.2245115,259.8442315,-36.66790499999999,-71.45041299999997,1.2992489999999748
-174.37396733333333,707.1544,305.36968299999995,-208.6869615,502.80082649999997,36.418359,-118.5495,518.3575595,260.20004800000004,-36.717618,-71.41533300000003,1.4526659999999652
-174.36150233333333,707.2569756666667,305.41195266666665,-208.5800845,502.51205200000004,36.814282,-118.466791,518.4861755,260.5541855,-36.768337999999986,-71.379325,1.6050109999999904
-174.34854099999998,707.3579926666667,305.454596,-208.47380049999998,502.224624,37.209641,-118.383329,518.6106185,260.90673400000003,-36.82002,-71.34242899999998,1.7563359999999761
-174.33509533333333,707.4574673333333,305.4976066666666,-208.36814149999998,501.938493,37.604462999999996,-118.299181,518.731142,261.25778,-36.872618,-71.30468799999994,1.9066980000000058
-174.32117566666668,707.5554166666667,305.5409803333333,-208.2631405,501.6536085,37.998776,-118.21441000000002,518.847993,261.6074055,-36.92608600000001,-71.26614399999994,2.056148999999948
-174.3067923333333,707.6518590000001,305.58471000000003,-208.15882950000002,501.36992150000003,38.392607,-118.1290775,518.9614145,261.9556915,-36.98037900000001,-71.22683699999999,2.2047390000000178
-174.29195466666667,707.7468113333333,305.62879033333337,-208.05524,501.0873825,38.785984000000006,-118.0432445,519.071644,262.30271600000003,-37.035450999999995,-71.18680599999993,2.352521999999965
-174.27667333333332,707.840294,305.67321566666664,-207.9524055,500.8059415,39.178934500000004,-117.956969,519.178912,262.6485505,-37.091256000000016,-71.14609199999995,2.499547000000007
-174.26095733333332,707.9323256666667,305.71798000000007,-207.85035649999998,500.525551,39.571484500000004,-117.8703075,519.2834435,262.993267,-37.14774900000002,-71.10473100000002,2.6458619999999655
-174.24481500000002,708.0229266666666,305.7630776666667,-207.7491255,500.246163,39.963661,-117.78331499999999,519.3854575,263.336932,-37.204881999999984,-71.06276299999996,2.7915140000000065
-174.22825533333332,708.1121186666666,305.80850200000003,-207.64874550000002,499.9677305,40.355489,-117.696044,519.485165,263.67960800000003,-37.26261199999999,-71.02022399999998,2.9365499999999543
-174.21128633333333,708.1999219999999,305.8542473333334,-207.54924649999998,499.6902075,40.746992999999996,-117.60854649999999,519.582772,264.0213555,-37.320893,-70.97714799999994,3.0810130000000413
-174.19391599999997,708.2863596666666,305.900307,-207.45066250000002,499.41355,41.138197,-117.5208715,519.678476,264.36222899999996,-37.37967900000001,-70.93357000000003,3.2249479999999835
-174.176152,708.3714533333333,305.94667499999997,-207.3530235,499.1377145,41.5291225,-117.43306650000001,519.772468,264.70228199999997,-37.43892700000001,-70.88952599999999,3.3683940000000234
-174.15800166666668,708.4552256666667,305.9933453333333,-207.25636350000002,498.86266,41.919792,-117.3451775,519.8649325,265.0415605,-37.49859099999999,-70.84504700000002,3.5113910000000033
-174.13947199999998,708.5377006666668,306.0403103333333,-207.160713,498.5883455,42.310223500000006,-117.2572485,519.9560455000001,265.3801105,-37.558628999999996,-70.80016499999999,3.6539790000000494
-174.12056866666668,708.6189006666667,306.08756366666665,-207.0661045,498.31473300000005,42.700436499999995,-117.16932200000001,520.0459755,265.71797100000003,-37.618998000000005,-70.75491100000005,3.7961899999999673
-174.10129933333334,708.6988506666667,306.135099,-206.97257050000002,498.041787,43.090447000000005,-117.0814385,520.134885,266.05517799999996,-37.679653,-70.709314,3.938060000000007
-174.081669,708.7775736666666,306.18290866666666,-206.88014249999998,497.769472,43.480269,-116.99363699999999,520.2229265,266.3917635,-37.740556,-70.66340299999996,4.079623000000026
-174.061684,708.8550943333333,306.2309846666667,-206.78885350000002,497.4977565,43.869916499999995,-116.9059535,520.3102465,266.727756,-37.80166299999999,-70.61720699999995,4.2209080000000085
-174.04134966666666,708.9314373333333,306.2793206666667,-206.698735,497.2266095,44.2593995,-116.81842499999999,520.396984,267.063178,-37.86293399999998,-70.57075200000003,4.361941999999999
-174.02067133333335,709.0066266666666,306.32790833333337,-206.60981900000002,496.95600449999995,44.648727,-116.73108500000001,520.4832690000001,267.398051,-37.92433000000001,-70.52406200000001,4.502753999999982
-173.99965366666666,709.080688,306.37673966666665,-206.52213849999998,496.68591549999996,45.0379055,-116.64396550000001,520.569225,267.732389,-37.98581100000001,-70.47716200000002,4.6433660000000145
-173.97830199999999,709.1536466666666,306.4258073333333,-206.4357245,496.4163185,45.426939499999996,-116.5570965,520.6549660000001,268.0662045,-38.047341,-70.43007599999999,4.783802999999978
-173.95662033333335,709.2255256666667,306.4751023333333,-206.35061050000002,496.147194,45.8158315,-116.47050899999999,520.7406005,268.3995045,-38.108881999999994,-70.38282499999997,4.924082999999996
-173.934614,709.2963513333333,306.5246163333333,-206.266828,495.878523,46.2045815,-116.38423,520.8262275,268.73229349999997,-38.17039799999999,-70.33543099999997,5.064227000000017
-173.912286,709.3661480000001,306.574341,-206.18440950000002,495.61029099999996,46.593187,-116.29828599999999,520.9119405,269.0645695,-38.231853999999984,-70.28791299999995,5.204249000000004
-173.88964066666665,709.4349413333333,306.62426633333337,-206.103387,495.342484,46.98164200000001,-116.2127015,520.997823,269.3963305,-38.293217,-70.24029200000001,5.344165000000032
-173.866682,709.5027546666666,306.6743833333333,-206.02379200000001,495.07509300000004,47.36994,-116.12750150000001,521.0839530000001,269.727567,-38.35445300000001,-70.19258200000002,5.483988000000011
-173.84341366666663,709.569614,306.72468366666664,-205.94565699999998,494.808109,47.758072,-116.04270650000001,521.170401,270.0582675,-38.415531,-70.14480199999997,5.623727000000031
-173.819839,709.635543,306.77515666666665,-205.869013,494.54152750000003,48.146025,-115.95834049999999,521.257229,270.388417,-38.476421,-70.09696799999995,5.7633899999999585
-173.7959616666667,709.7005663333333,306.82579200000004,-205.793892,494.275346,48.533784499999996,-115.8744215,521.344493,270.71799599999997,-38.537093,-70.04909400000003,5.9029859999999985
-173.771785,709.7647076666667,306.87658066666665,-205.720325,494.009565,48.9213325,-115.79097,521.4322425,271.0469835,-38.59751800000001,-70.00119099999995,6.04251899999997
-173.747312,709.8279913333332,306.9275116666667,-205.648343,493.74418749999995,49.308651,-115.70800299999999,521.520519,271.375352,-38.65766999999998,-69.95327400000002,6.181989999999985
-173.72254533333333,709.890441,306.9785743333333,-205.5779765,493.479218,49.6957165,-115.62553799999999,521.609359,271.703075,-38.717524,-69.90535400000005,6.321401999999978
-173.697489,709.9520793333332,307.0297576666667,-205.509257,493.21466599999997,50.082506,-115.54359149999999,521.698791,272.030118,-38.777055000000004,-69.85744000000005,6.4607540000000085
-173.67214566666667,710.01293,307.08105166666667,-205.44221349999998,492.9505405,50.4689915,-115.46217850000001,521.7888385,272.3564475,-38.83623700000001,-69.80954300000002,6.600043000000028
-173.64651800000001,710.0730153333334,307.1324436666667,-205.37687499999998,492.68685600000003,50.8551445,-115.3813135,521.8795185,272.68202599999995,-38.89505300000002,-69.76166899999998,6.7392639999999915
-173.62060899999997,710.1323573333333,307.18392266666666,-205.31327149999998,492.4236265,51.2409335,-115.30100999999999,521.9708415,273.0068125,-38.953478000000004,-69.71382700000004,6.878412999999966
-173.59442166666668,710.190978,307.23547733333334,-205.2514315,492.1608705,51.626325,-115.2212815,522.0628145000001,273.330764,-39.01149499999998,-69.66602300000005,7.017481999999973
-173.56795966666667,710.248899,307.2870953333333,-205.191382,491.8986075,52.0112835,-115.14214,522.1554365,273.65383599999996,-39.069086,-69.61826300000001,7.156461999999976
-173.54122433333336,710.3061413333334,307.33876433333336,-205.1331515,491.6368595,52.395770500000005,-115.0635975,522.2487040000001,273.975981,-39.12623099999999,-69.57055000000003,7.295342000000005
-173.51422,710.362725,307.39047266666665,-205.07676550000002,491.375652,52.7797475,-114.9856645,522.342606,274.2971495,-39.182917,-69.52289000000002,7.43411100000003
-173.4869493333333,710.4186706666666,307.44220766666666,-205.02224999999999,491.11501,53.163171,-114.9083525,522.4371285,274.61729049999997,-39.239129000000005,-69.47528499999999,7.572754999999972
-173.45941566666667,710.4739976666666,307.4939563333333,-204.9696305,490.854962,53.546,-114.8316715,522.532253,274.936351,-39.29485299999999,-69.42773600000004,7.711262000000033
-173.43162166666664,710.5287256666667,307.5457063333333,-204.91893,490.595538,53.928186999999994,-114.755631,522.6279565,275.254276,-39.350076,-69.380247,7.849613999999974
-173.4035706666667,710.5828716666666,307.5974443333333,-204.8701735,490.33676949999995,54.309687,-114.680241,522.7242105,275.5710105,-39.40478999999999,-69.33281700000003,7.9877950000000055
-173.37526666666668,710.6364553333333,307.649158,-204.82338049999998,490.0786905,54.690450999999996,-114.60551000000001,522.820986,275.88649799999996,-39.458982000000006,-69.28544599999998,8.125786000000005
-173.3467126666667,710.6894926666668,307.7008333333333,-204.7785745,489.821335,55.070429,-114.531447,522.9182475,276.2006795,-39.51264599999999,-69.23813500000006,8.263571000000013
-173.31791166666667,710.7420016666666,307.752458,-204.735774,489.5647395,55.44957050000001,-114.458061,523.0159590000001,276.51349849999997,-39.56577200000001,-69.19088199999999,8.401129000000026
-173.28886866666667,710.7939976666667,307.8040173333333,-204.6949985,489.308941,55.82782400000001,-114.3853585,523.114079,276.8248945,-39.618354999999994,-69.14368400000001,8.538438999999983
-173.25958666666668,710.8454966666667,307.855499,-204.65626500000002,489.0539775,56.2051355,-114.31335000000001,523.2125645,277.1348075,-39.67039000000001,-69.09654100000006,8.67548099999999
-173.23006966666665,710.896514,307.90688900000004,-204.61958950000002,488.7998895,56.581451,-114.2420415,523.3113695,277.4431795,-39.72187100000001,-69.04944899999998,8.812230999999997
-173.20032266666666,710.9470633333332,307.95817400000004,-204.584987,488.5467165,56.956716500000006,-114.171442,523.4104465,277.74995,-39.772796,-69.002407,8.948669999999993
-173.17034833333332,710.9971586666667,308.00934033333334,-204.552471,488.29449999999997,57.330875500000005,-114.1015585,523.5097455,278.05505949999997,-39.823161,-68.95540899999997,9.08477099999999
-173.14015333333336,711.0468133333334,308.0603743333333,-204.52205300000003,488.043281,57.703873,-114.032398,523.609215,278.358449,-39.872966000000005,-68.90845200000001,9.220511999999985
-173.10974099999999,711.0960403333333,308.1112626666666,-204.4937435,487.79310250000003,58.075652000000005,-113.96396899999999,523.708801,278.66006,-39.922208,-68.86153400000006,9.355869999999982
-173.07911633333333,711.1448503333332,308.16199133333333,-204.4675515,487.5440055,58.4461565,-113.896278,523.808449,278.9598345,-39.97089,-68.81464800000003,9.490820999999983
-173.048285,711.1932546666667,308.2125473333333,-204.44348300000001,487.29603299999997,58.815329,-113.82933200000001,523.908103,279.2577145,-40.01901000000001,-68.76779000000005,9.625338999999997
-173.017252,711.2412646666667,308.2629166666666,-204.42154449999998,487.04922799999997,59.1831125,-113.763139,524.0077065,279.55364499999996,-40.06657,-68.72095700000006,9.759399999999971
-172.98602333333335,711.2888893333334,308.31308666666666,-204.40173900000002,486.8036325,59.549451,-113.6977055,524.1072019999999,279.847571,-40.113573,-68.67414199999996,9.892980000000023
-172.95460400000002,711.336138,308.3630426666667,-204.3840685,486.55928900000004,59.9142875,-113.6330385,524.206531,280.13943900000004,-40.160021000000015,-68.62734200000006,10.026053999999988
-172.92300033333333,711.383019,308.412773,-204.3685335,486.316239,60.27756599999999,-113.56914499999999,524.3056349999999,280.429196,-40.205918,-68.58055200000001,10.158595999999989
-172.89121866666665,711.4295403333334,308.462264,-204.355131,486.0745245,60.6392315,-113.506032,524.404456,280.716792,-40.251267999999996,-68.53376600000001,10.290583999999967
-172.85926533333335,711.4757089999999,308.51150233333334,-204.3438575,485.8341855,60.999229,-113.443707,524.502934,281.0021785,-40.296074000000004,-68.48698000000007,10.421990999999991
-172.827147,711.521531,308.56047466666666,-204.33470799999998,485.5952625,61.357502499999995,-113.38217549999999,524.6010115,281.285309,-40.340343000000004,-68.44018899999998,10.552794000000006
-172.79487099999997,711.5670126666668,308.60917033333334,-204.3276735,485.35779549999995,61.714000999999996,-113.32144500000001,524.698631,281.56613749999997,-40.38407600000001,-68.39338799999996,10.682969000000014
-172.76244366666666,711.6121593333334,308.657575,-204.3227455,485.1218215,62.068671,-113.26152200000001,524.7957335,281.844622,-40.427284,-68.34657299999998,10.81249200000002
-172.729873,711.6569740000001,308.70567733333337,-204.3199115,484.88737849999995,62.421460999999994,-113.202413,524.8922620000001,282.120722,-40.46996800000001,-68.29974000000004,10.941341999999963
-172.69716633333334,711.7014613333334,308.7534653333334,-204.31915850000001,484.654502,62.7723205,-113.1441245,524.9881605,282.39439849999997,-40.512135,-68.252883,11.069493000000023
-172.6643316666667,711.745624,308.800927,-204.32047,484.42322750000005,63.121201,-113.086662,525.083374,282.6656165,-40.553792000000016,-68.20600200000001,11.19692699999996
-172.63137700000001,711.7894646666667,308.848051,-204.323829,484.193588,63.468055,-113.0300325,525.1778469999999,282.9343415,-40.594944999999996,-68.15908999999999,11.323619000000008
-172.598311,711.8329843333335,308.89482599999997,-204.329215,483.96561499999996,63.8128365,-112.974242,525.271527,283.2005445,-40.63560000000001,-68.11214599999994,11.44954899999999
-172.56514166666668,711.8761853333334,308.94124066666666,-204.33660650000002,483.73933850000003,64.1555005,-112.919295,525.3643609999999,283.464195,-40.675764000000015,-68.06516599999998,11.574698000000012
-172.531878,711.9190663333334,308.987285,-204.34598,483.51478799999995,64.4960035,-112.86519849999999,525.4562980000001,283.725269,-40.715440999999984,-68.018148,11.699044000000015
-172.49852866666666,711.961628,309.0329486666667,-204.35730949999999,483.29199,64.8343055,-112.811957,525.5472895,283.9837435,-40.75464000000001,-67.971091,11.822571000000039
-172.46510333333333,712.0038696666667,309.0782213333334,-204.370566,483.0709695,65.170366,-112.75957550000001,525.637286,284.2395975,-40.79336500000001,-67.923992,11.945258999999965
-172.43161133333334,712.0457896666667,309.1230933333333,-204.385721,482.851749,65.5041475,-112.708059,525.7262415,284.4928145,-40.83162200000001,-67.87685099999999,12.067093
-172.39806166666668,712.0873856666667,309.16755566666666,-204.4027425,482.6343515,65.8356145,-112.6574115,525.8141105,284.74338,-40.86941899999999,-67.82966699999997,12.188053999999966
-172.364465,712.1286546666666,309.2115993333333,-204.42159650000002,482.4187945,66.164733,-112.607638,525.9008495,284.9912815,-40.906757999999996,-67.78243899999995,12.308129000000008
-172.33083033333332,712.1695936666665,309.25521533333335,-204.442248,482.205096,66.49147049999999,-112.5587415,525.9864170000001,285.2365105,-40.943647,-67.73517000000004,12.427301
-172.29716866666664,712.2101983333333,309.29839633333336,-204.46465999999998,481.9932715,66.815798,-112.510725,526.070772,285.4790615,-40.98008999999999,-67.68786000000006,12.545559000000026
-172.2634896666667,712.2504646666666,309.3411336666666,-204.4887925,481.78333299999997,67.1376865,-112.46359199999999,526.1538754999999,285.7189305,-41.01608999999999,-67.64050899999995,12.662886999999955
-172.2298043333333,712.2903873333333,309.3834213333334,-204.51460500000002,481.57529150000005,67.457111,-112.41734550000001,526.235692,285.956117,-41.051653,-67.593122,12.779277999999977
-172.19612300000003,712.329961,309.425251,-204.542055,481.36915650000003,67.774047,-112.371987,526.3161855,286.1906235,-41.086783999999994,-67.54569899999996,12.894717000000014
-172.16245633333335,712.3691789999999,309.46661666666665,-204.5710985,481.164934,68.088474,-112.3275175,526.3953225,286.42245449999996,-41.12148300000001,-67.498245,13.009197000000029
-172.128816,712.4080349999999,309.5075126666666,-204.60169000000002,480.9626275,68.400372,-112.2839395,526.473071,286.651619,-41.155755,-67.450762,13.122707999999989
-172.0952113333333,712.4465220000001,309.54793333333333,-204.633783,480.76224049999996,68.7097235,-112.241252,526.549402,286.8781245,-41.189601999999994,-67.403256,13.235242999999969
-172.061655,712.4846323333333,309.58787266666667,-204.6673275,480.563771,69.0165125,-112.199457,526.6242855,287.10198649999995,-41.223026000000004,-67.35573299999999,13.346794999999986
-172.02815699999996,712.5223573333333,309.6273273333333,-204.70227549999998,480.36721850000004,69.320727,-112.15855149999999,526.6976955,287.323219,-41.256029,-67.30819700000006,13.457358
-171.99473,712.559689,309.66629166666667,-204.7385745,480.1725775,69.6223555,-112.1185365,526.769607,287.54183950000004,-41.288611,-67.26065400000005,13.566929000000016
-171.96138400000004,712.5966186666666,309.704763,-204.776174,479.9798415,69.9213885,-112.0794085,526.8399965,287.7578685,-41.32077299999999,-67.21311099999997,13.675502999999992
-171.92813133333334,712.6331356666666,309.7427373333333,-204.8150185,479.78900150000004,70.217819,-112.041167,526.9088415,287.97132799999997,-41.352514,-67.16557699999998,13.783077999999989
-171.8949826666667,712.6692313333333,309.78021199999995,-204.8550555,479.600047,70.5116425,-112.00380750000001,526.9761225,288.18224250000003,-41.383835000000005,-67.11805700000002,13.889651000000015
-171.86195,712.7048946666667,309.81718466666666,-204.896229,479.412965,70.80285599999999,-111.96732649999998,527.0418195,288.3906385,-41.41473499999999,-67.07056299999999,13.99522300000001
-171.82904466666665,712.7401156666666,309.85365333333334,-204.93848400000002,479.22774000000004,71.09145799999999,-111.9317205,527.1059155,288.596545,-41.445211,-67.02310100000005,14.099793999999974
-171.79627833333333,712.774883,309.8896163333334,-204.9817625,479.044356,71.3774485,-111.8969845,527.168394,288.799992,-41.475261,-66.97568200000006,14.203364000000022
-171.76366199999998,712.8091856666666,309.92507266666667,-205.026008,478.8627935,71.660831,-111.863112,527.22924,289.001012,-41.50488200000001,-66.928316,14.30593799999997
-171.73120733333334,712.843013,309.96002233333337,-205.0711625,478.683032,71.9416095,-111.83009700000001,527.2884405,289.1996375,-41.53407200000001,-66.88101299999994,14.407516999999984
-171.69892566666667,712.8763513333333,309.9944646666667,-205.117168,478.50505,72.2197895,-111.7979325,527.3459825,289.3959055,-41.562826999999984,-66.83378299999998,14.508105
-171.66682833333334,712.9091903333333,310.0284,-205.16396450000002,478.3288225,72.4953795,-111.76661150000001,527.401855,289.5898525,-41.591143,-66.78663999999998,14.607707000000005
-171.63492700000003,712.9415163333333,310.0618293333334,-205.2114955,478.154324,72.768388,-111.73612399999999,527.4560485,289.7815165,-41.61901399999999,-66.73959499999995,14.706328999999982
-171.60323200000002,712.9733176666667,310.0947533333333,-205.2597005,477.98152749999997,73.0388255,-111.70646250000001,527.5085525,289.9709365,-41.64643500000001,-66.69265899999999,14.803977000000032
-171.5717553333333,713.0045813333332,310.1271746666667,-205.3085205,477.8104045,73.3067045,-111.6776165,527.55936,290.15815299999997,-41.67340300000001,-66.645846,14.900657999999964
-171.54050700000002,713.0352953333332,310.159095,-205.357897,477.64092500000004,73.57203799999999,-111.6495745,527.6084625,290.343207,-41.69990899999999,-66.59916900000002,14.996379999999988
-171.509499,713.0654456666666,310.19051666666667,-205.40777,477.4730575,73.83484,-111.622327,527.6558545,290.526142,-41.72594799999999,-66.55263900000006,15.091151999999965
-171.47874066666668,713.095019,310.2214426666667,-205.4580825,477.30677049999997,74.09512649999999,-111.59586100000001,527.7015305,290.7069995,-41.751514,-66.50627299999996,15.184980999999993
-171.44824400000002,713.1240029999999,310.251876,-205.5087755,477.14202950000004,74.352915,-111.570164,527.745485,290.885823,-41.77659999999999,-66.46008400000005,15.277879999999982
-171.41801833333332,713.1523846666668,310.28182066666665,-205.55979050000002,476.978801,74.6082225,-111.545223,527.7877145,291.062657,-41.80119599999999,-66.41408500000006,15.369856000000027
-171.38807333333338,713.1801493333334,310.311281,-205.611071,476.817049,74.8610685,-111.521024,527.828214,291.2375455,-41.825298000000004,-66.36829199999994,15.460920999999985
-171.35842033333333,713.207285,310.34026133333333,-205.6625595,476.656738,75.111471,-111.497552,527.866982,291.410532,-41.848894,-66.32271799999995,15.551085999999998
-171.32906833333334,713.2337776666667,310.3687653333334,-205.7142,476.497831,75.35945099999999,-111.4747925,527.9040145,291.5816615,-41.871981000000005,-66.27737899999994,15.64036299999998
-171.30002733333333,713.2596143333334,310.3967996666667,-205.7659375,476.34029150000003,75.6050295,-111.4527285,527.9393110000001,291.75097900000003,-41.894547,-66.23229000000003,15.728764000000012
-171.27130599999998,713.2847816666667,310.4243696666667,-205.81771650000002,476.184082,75.84822650000001,-111.4313445,527.9728685,291.91852700000004,-41.916585,-66.18746699999997,15.816300000000012
-171.24291366666668,713.3092666666666,310.45148,-205.869484,476.02916400000004,76.0890645,-111.41062349999999,528.004687,292.08435,-41.93808499999999,-66.142924,15.902984000000004
-171.21485900000002,713.3330563333333,310.478138,-205.921187,475.8754995,76.32756499999999,-111.390547,528.034765,292.248492,-41.95904,-66.09867600000001,15.988828000000012
-171.18715033333334,713.3561373333333,310.5043493333333,-205.972773,475.7230505,76.563751,-111.37109749999999,528.0631025,292.410995,-41.979440999999994,-66.05473899999998,16.073846000000003
-171.15979666666667,713.3784976666667,310.5301206666667,-206.02419300000003,475.571779,76.7976435,-111.35225550000001,528.089699,292.571901,-41.999279000000016,-66.01113000000004,16.158050000000003
-171.132805,713.4001243333333,310.555459,-206.0753955,475.421647,77.02926500000001,-111.334003,528.114554,292.731251,-42.018546,-65.96786199999997,16.24145199999998
-171.10618366666665,713.4210046666667,310.5803713333333,-206.1263335,475.2726165,77.25863849999999,-111.31631949999999,528.137669,292.8890865,-42.037231000000006,-65.92495000000002,16.324067000000014
-171.07993933333333,713.4411276666666,310.6048653333333,-206.176959,475.12465,77.48578549999999,-111.29918450000001,528.1590444999999,293.04544599999997,-42.055327000000005,-65.88241299999999,16.405906000000016
-171.05407966666667,713.4604806666666,310.6289483333333,-206.227227,474.9777115,77.710728,-111.282578,528.1786804999999,293.200367,-42.072826000000006,-65.84026299999994,16.486981999999955
-171.02861033333332,713.4790523333332,310.652629,-206.27709249999998,474.831763,77.9334865,-111.2664785,528.1965795,293.35388850000004,-42.089719,-65.79851499999995,16.567308999999966
-171.00353899999996,713.496831,310.6759136666667,-206.32651199999998,474.68676949999997,78.1540835,-111.2508645,528.2127425,293.50604450000003,-42.105997,-65.75718699999993,16.646897000000024
-170.97887033333336,713.5138069999999,310.6988116666667,-206.37544400000002,474.54269650000003,78.372539,-111.2357145,528.2271715,293.65686949999997,-42.121652999999995,-65.71629100000001,16.725760999999977
-170.95461033333333,713.5299686666667,310.721331,-206.4238485,474.39950899999997,78.58887250000001,-111.22100649999999,528.239868,293.806397,-42.136679,-65.67584200000005,16.803909999999973
-170.93076466666665,713.5453056666666,310.74348000000003,-206.4716865,474.2571745,78.8031045,-111.206718,528.2508355,293.9546575,-42.151066,-65.63585699999999,16.88135699999998
-170.90733766666668,713.5598096666666,310.7652666666667,-206.5189205,474.11566,79.015252,-111.1928255,528.260075,294.1016805,-42.164806999999996,-65.59634800000003,16.95811500000002
-170.884334,713.5734696666667,310.78670033333333,-206.565514,473.97493399999996,79.2253335,-111.17930750000001,528.2675919999999,294.24749499999996,-42.177897,-65.55732999999998,17.03419200000002
-170.86175766666665,713.5862776666667,310.80778933333335,-206.6114335,473.8349685,79.4333665,-111.1661395,528.273388,294.3921255,-42.190326999999996,-65.51881599999996,17.109599000000003
-170.83961266666665,713.5982250000001,310.8285426666667,-206.6566455,473.695733,79.639366,-111.1532985,528.277468,294.535597,-42.20209100000001,-65.48082199999999,17.184348
-170.8179023333333,713.609304,310.848969,-206.701119,473.55720099999996,79.843348,-111.1407625,528.279836,294.6779315,-42.213183,-65.44336000000004,17.25844500000005
-170.79662866666663,713.619507,310.86907733333334,-206.7448235,473.41934649999996,80.045326,-111.128506,528.2804974999999,294.8191495,-42.22359800000001,-65.40644099999997,17.33190300000001
-170.77579599999999,713.628827,310.8888753333333,-206.787731,473.28214449999996,80.245313,-111.1165065,528.2794575,294.959269,-42.233329,-65.37008100000003,17.404725999999982
-170.75540466666666,713.6372576666666,310.9083733333333,-206.8298145,473.14557349999995,80.4433215,-111.10474049999999,528.2767215,295.098306,-42.24237099999999,-65.33429099999995,17.47692599999999
-170.73545766666666,713.644793,310.9275793333333,-206.871049,473.0096105,80.639361,-111.09318350000001,528.2722985,295.236276,-42.25072100000001,-65.299083,17.548508000000027
-170.71595566666667,713.6514283333332,310.946502,-206.9114105,472.874237,80.833442,-111.08181300000001,528.2661935,295.373189,-42.25837400000002,-65.26446899999996,17.619478000000015
-170.69689966666667,713.6571583333333,310.96515066666666,-206.950876,472.7394345,81.025572,-111.070605,528.2584165000001,295.5090565,-42.265326,-65.23046099999999,17.689842999999996
-170.67829033333336,713.661979,310.98353333333336,-206.98942499999998,472.605187,81.2157585,-111.05953650000001,528.2489765,295.64388599999995,-42.271575,-65.19706900000006,17.759608000000014
-170.66012866666668,713.6658873333332,311.00165866666663,-207.0270385,472.471479,81.40400700000001,-111.0485845,528.2378825,295.777683,-42.27711699999999,-65.16430499999996,17.828778
-170.642413,713.6688800000001,311.0195353333333,-207.063697,472.338299,81.5903215,-111.0377255,528.2251465,295.9104505,-42.281949,-65.13217700000001,17.897357
-170.625144,713.670955,311.03717166666667,-207.09938499999998,472.20563500000003,81.774706,-111.0269375,528.2107795,296.04219,-42.28607099999999,-65.10069699999997,17.965348000000006
-170.60831933333333,713.6721106666668,311.05457566666666,-207.134087,472.073479,81.9571615,-111.0161975,528.1947955,296.17290149999997,-42.28948099999998,-65.06987500000002,18.032753000000014
-170.591939,713.6723463333333,311.071756,-207.167789,471.941822,82.137689,-111.005484,528.1772085,296.30258100000003,-42.292175999999984,-65.03971699999994,18.09957400000002
-170.576001,713.6716616666666,311.0887193333333,-207.2004775,471.81066,82.316288,-110.9947755,528.1580335,296.4312245,-42.29415899999999,-65.01023499999997,18.165813000000014
-170.56050199999999,713.6700576666666,311.10547533333335,-207.2321415,471.6799885,82.49295599999999,-110.98405,528.1372865000001,296.55882499999996,-42.295428,-64.98143500000003,18.23147
-170.545441,713.6675346666666,311.12202966666666,-207.26277149999999,471.549806,82.6676895,-110.9732875,528.1149869999999,296.68537249999997,-42.29598299999999,-64.95332599999995,18.29654499999998
-170.53081433333332,713.6640946666666,311.13839133333335,-207.2923575,471.42011249999996,82.8404845,-110.9624675,528.0911530000001,296.8108565,-42.29582699999999,-64.92591400000003,18.361035000000015
-170.51661933333335,713.65974,311.15456666666665,-207.3208925,471.29091,83.011334,-110.951571,528.065805,296.935264,-42.29496,-64.89920599999999,18.424941999999987
-170.50285166666666,713.6544743333334,311.170563,-207.3483685,471.16220150000004,83.18023199999999,-110.94057749999999,528.0389654999999,297.05858,-42.29338499999999,-64.87320899999997,18.488261999999963
-170.48950866666667,713.6483013333333,311.1863866666667,-207.37478199999998,471.033993,83.34717,-110.92947,528.0106575,297.18078849999995,-42.29110399999999,-64.84792899999997,18.55099100000001
-170.47658466666664,713.6412253333333,311.202045,-207.4001265,470.906291,83.5121385,-110.9182295,527.9809065000001,297.3018705,-42.28812099999999,-64.82337100000001,18.613126999999963
-170.46407633333334,713.6332513333333,311.21754366666664,-207.4244,470.779105,83.675127,-110.90684,527.9497375,297.421806,-42.284437999999994,-64.79954100000003,18.674666000000002
-170.451978,713.624386,311.23288933333333,-207.447599,470.6524445,83.836124,-110.895284,527.9171795,297.540573,-42.280060000000006,-64.77644099999998,18.73560199999997
-170.44028533333332,713.6146359999999,311.24808766666666,-207.469723,470.526323,83.995116,-110.883547,527.8832620000001,297.658149,-42.274992,-64.75407800000005,18.79593
-170.42899266666666,713.6040080000001,311.26314399999995,-207.490771,470.400753,84.1520905,-110.871613,527.8480155,297.77450999999996,-42.269238000000016,-64.73245300000002,18.85564400000004
-170.4180936666667,713.5925103333333,311.27806433333336,-207.5107435,470.2757505,84.30703299999999,-110.85946899999999,527.811473,297.889628,-42.262804,-64.71156999999994,18.914738
-170.40758333333335,713.580151,311.29285300000004,-207.529641,470.15133149999997,84.459927,-110.84710150000001,527.7736685,298.003477,-42.25569700000001,-64.69143099999997,18.973203999999953
-170.39745466666668,713.5669396666666,311.30751533333336,-207.54746649999998,470.027515,84.6107575,-110.8344985,527.734637,298.11602800000003,-42.247921000000005,-64.67203999999998,19.03103600000003
-170.38770133333333,713.5528863333334,311.32205533333337,-207.5642225,469.90432,84.7595065,-110.82164900000001,527.694417,298.22725249999996,-42.239484000000004,-64.65339599999999,19.088225000000023
-170.37831733333334,713.5380019999999,311.336478,-207.5799125,469.781768,84.90615700000001,-110.8085415,527.6530455,298.3371195,-42.230395000000016,-64.63550099999998,19.144762999999955
-170.36929466666666,713.5222966666666,311.350787,-207.594541,469.65988000000004,85.0506905,-110.79516749999999,527.6105635,298.445598,-42.220659,-64.61835500000007,19.200639999999964
-170.36062733333333,713.5057826666666,311.364986,-207.608113,469.53868,85.1930875,-110.781519,527.5670124999999,298.552655,-42.210285999999996,-64.60195899999997,19.255848000000015
-170.35230733333333,713.488473,311.3790783333333,-207.6206345,469.41819250000003,85.33332949999999,-110.7675875,527.5224350000001,298.6582585,-42.199285,-64.58631200000002,19.31037900000001
-170.34432733333333,713.4703793333333,311.3930673333333,-207.632112,469.29844249999996,85.471396,-110.753367,527.476876,298.762375,-42.18766199999999,-64.57141199999995,19.36421999999999
-170.33667933333334,713.4515153333333,311.40695533333337,-207.64255250000002,469.1794575,85.6072665,-110.73885250000001,527.4303795000001,298.86497099999997,-42.175431,-64.55725900000004,19.41736199999997
-170.329356,713.4318959999999,311.420746,-207.651963,469.0612635,85.7409215,-110.7240385,527.3829929999999,298.966012,-42.162599,-64.54384999999996,19.46979600000003
-170.32234966666667,713.4115346666667,311.43444066666666,-207.6603525,468.943889,85.872339,-110.708922,527.334764,299.065464,-42.149178000000006,-64.53118200000006,19.521509999999978
-170.31565133333334,713.3904470000001,311.44804100000005,-207.6677295,468.8273635,86.0014985,-110.6935015,527.285741,299.1632935,-42.135177,-64.51925400000005,19.57249300000001
-170.30925366666668,713.368648,311.46155,-207.674104,468.711716,86.1283795,-110.677774,527.2359735,299.25946450000004,-42.120608000000004,-64.508061,19.622734999999977
-170.30314766666666,713.3461546666667,311.47496833333327,-207.6794855,468.596977,86.2529595,-110.66174000000001,527.185512,299.3539435,-42.10548200000001,-64.49759799999998,19.672222999999974
-170.29732533333333,713.322982,311.48829699999993,-207.68388399999998,468.4831775,86.3752175,-110.6453995,527.134407,299.44669650000003,-42.089811,-64.487864,19.720948999999962
-170.29177833333333,713.2991476666666,311.5015376666667,-207.68731150000002,468.37034800000004,86.49513350000001,-110.6287545,527.0827095,299.53769,-42.07360700000001,-64.47885100000002,19.768898000000036
-170.28649800000002,713.2746676666666,311.51469000000003,-207.689779,468.25852,86.612685,-110.6118065,527.0304725,299.62689,-42.05688300000001,-64.47055300000005,19.816061999999988
-170.28147600000003,713.2495606666666,311.5277546666667,-207.69129800000002,468.14772600000003,86.7278525,-110.594559,526.977747,299.714264,-42.039652000000004,-64.46296800000005,19.862428000000023
-170.27670366666666,713.2238433333332,311.54073166666666,-207.6918805,468.037998,86.8406145,-110.57701549999999,526.9245860000001,299.79978000000006,-42.02192699999999,-64.45608600000003,19.907984
-170.27217199999998,713.1975349999999,311.5536213333333,-207.691541,467.9293675,86.950951,-110.5591825,526.871041,299.8834065,-42.00372100000001,-64.44990200000001,19.952720999999997
-170.26787299999998,713.1706533333332,311.5664226666667,-207.690291,467.82186750000005,87.0588425,-110.54106300000001,526.8171649999999,299.9651125,-41.985048000000006,-64.44440799999995,19.996624999999995
-170.2637983333333,713.1432166666667,311.5791356666667,-207.688145,467.71553,87.16426849999999,-110.5226655,526.7630085,300.044868,-41.96592100000001,-64.43959699999999,20.03968599999996
-170.25993866666667,713.115244,311.5917583333333,-207.6851165,467.610387,87.267211,-110.5039955,526.7086224999999,300.1226445,-41.94635699999999,-64.43546099999998,20.081894999999975
-170.25628600000002,713.0867546666667,311.60429066666666,-207.6812205,467.50647200000003,87.367651,-110.485062,526.6540585,300.1984145,-41.92636800000001,-64.43199099999998,20.123237000000017
-170.25283133333332,713.0577673333333,311.61673033333335,-207.676472,467.4038155,87.46557,-110.46587149999999,526.599365,300.27215049999995,-41.90597100000001,-64.42917799999998,20.163704999999993
-170.24956733333332,713.0283006666667,311.62907633333333,-207.670886,467.30244949999997,87.5609505,-110.44643400000001,526.5445905,300.34382800000003,-41.885180000000005,-64.42701300000004,20.20328599999999
-170.24648466666665,712.9983753333332,311.6413263333333,-207.664478,467.202405,87.65377649999999,-110.426758,526.489783,300.41342199999997,-41.86401000000001,-64.42548800000003,20.241971999999976
-170.24357566666666,712.9680096666667,311.65347966666667,-207.657264,467.1037145,87.7440305,-110.4068525,526.434987,300.48091,-41.842477,-64.42459000000002,20.279750000000035
-170.24083266666668,712.9372233333333,311.6655323333333,-207.64926,467.0064065,87.8316975,-110.38672799999999,526.3802475,300.5462705,-41.820595999999995,-64.42431299999998,20.316610999999966
-170.23824666666667,712.9060356666665,311.67748266666666,-207.64048350000002,466.9105125,87.916763,-110.36639350000002,526.3256065,300.6094835,-41.79838500000001,-64.42464099999995,20.35254500000002
-170.23581033333335,712.8744656666667,311.6893283333333,-207.63095149999998,466.816062,87.999212,-110.34586,526.2711039999999,300.67053,-41.775858,-64.425568,20.38754399999999
-170.23351633333334,712.8425323333332,311.701066,-207.6206805,466.723083,88.079032,-110.3251365,526.2167785,300.7293935,-41.75303299999999,-64.42707900000005,20.42159700000002
-170.23135599999998,712.8102563333333,311.71269333333333,-207.609689,466.63160500000004,88.156209,-110.30423400000001,526.1626655,300.78605849999997,-41.72992599999999,-64.429167,20.45469499999996
-170.229323,712.7776543333333,311.72420733333337,-207.5979955,466.5416545,88.230732,-110.2831625,526.1087975,300.840511,-41.706553,-64.43181499999997,20.486829999999998
-170.22741,712.7447463333333,311.735604,-207.58561650000001,466.4532595,88.3025895,-110.2619315,526.0552054999999,300.892739,-41.682933000000006,-64.43501499999996,20.517994000000044
-170.22560933333332,712.7115513333333,311.74688066666664,-207.572573,466.366445,88.371771,-110.24055,526.0019165,300.942732,-41.65907999999999,-64.43875299999996,20.548176000000012
-170.22391466666667,712.6780866666668,311.75803333333334,-207.55888149999998,466.28123700000003,88.4382675,-110.2190285,525.948954,300.990481,-41.63501299999999,-64.44301800000005,20.577369999999974
-170.222319,712.6443706666668,311.7690586666667,-207.5445635,466.19766000000004,88.502069,-110.197374,525.8963395,301.0359785,-41.610748,-64.44779699999998,20.60556699999995
-170.220816,712.610421,311.779953,-207.52963599999998,466.1157375,88.5631685,-110.17559600000001,525.84409,301.07921999999996,-41.586304,-64.45307600000007,20.63276000000002
-170.2193993333333,712.5762553333334,311.7907123333333,-207.514121,466.03549250000003,88.6215575,-110.15370200000001,525.792218,301.120201,-41.561696,-64.45884400000006,20.65894000000003
-170.218063,712.5418903333333,311.80133266666667,-207.4980375,465.956946,88.67723050000001,-110.131698,525.7407345,301.1589205,-41.536944000000005,-64.46508700000004,20.684101
-170.21680133333334,712.5073433333333,311.81181,-207.481406,465.8801205,88.7301815,-110.109591,525.689644,301.19537749999995,-41.512063999999995,-64.47179199999994,20.708236999999997
-170.215609,712.4726293333333,311.8221406666667,-207.464246,465.80503450000003,88.780405,-110.08738499999998,525.6389475,301.2295735,-41.48707399999999,-64.478947,20.73133899999999
-170.21447999999998,712.437765,311.8323193333333,-207.446578,465.731708,88.8278975,-110.0650855,525.5886425,301.26151200000004,-41.46199099999998,-64.486537,20.7534
-170.21340933333332,712.4027649999999,311.84234366666664,-207.428424,465.66015849999997,88.872654,-110.04269500000001,525.5387205,301.2911985,-41.43683399999999,-64.49455099999994,20.774414999999976
-170.212393,712.3676439999999,311.8522076666667,-207.409804,465.590403,88.914673,-110.02021549999999,525.4891695,301.31863799999996,-41.411621,-64.50297299999994,20.794376
-170.21142533333332,712.3324166666666,311.86190766666664,-207.390739,465.5224575,88.953951,-109.9976485,525.4399725000001,301.34384,-41.38636700000001,-64.51179300000001,20.81327799999997
-170.21050233333332,712.2970963333333,311.87143933333334,-207.37124949999998,465.45633699999996,88.9904875,-109.97499300000001,525.3911075,301.36681450000003,-41.361092,-64.52099500000003,20.831113000000016
-170.20962066666667,712.2616956666667,311.8807983333333,-207.3513575,465.39205549999997,89.0242805,-109.952247,525.3425465,301.387573,-41.33581199999999,-64.53056900000001,20.847875999999985
-170.2087756666667,712.2262273333332,311.88998,-207.331084,465.32962599999996,89.055331,-109.9294075,525.2942575,301.4061285,-41.310546999999985,-64.54049900000007,20.86355900000001
-170.20796466666667,712.1907033333333,311.8989803333333,-207.3104495,465.2690595,89.08363750000001,-109.9064705,525.246202,301.42249549999997,-41.285313,-64.55077399999993,20.878157000000044
-170.20718366666668,712.155134,311.9077946666667,-207.2894765,465.210368,89.1092015,-109.88342850000001,525.1983379999999,301.4366905,-41.26012700000001,-64.56137999999999,20.891662999999994
-170.20642933333332,712.1195306666668,311.9164183333334,-207.268184,465.15356099999997,89.132025,-109.860275,525.1506155,301.44873099999995,-41.23500799999999,-64.57230500000003,20.904071999999985
-170.20570033333334,712.0839026666666,311.92484766666666,-207.2465955,465.09864749999997,89.1521085,-109.83699899999999,525.1029815,301.45863599999996,-41.20997199999999,-64.58353700000004,20.915373999999986
-170.2049933333333,712.0482583333334,311.93307799999997,-207.22473000000002,465.045634,89.169455,-109.81358999999999,525.0553755,301.466427,-41.18503799999999,-64.59506299999998,20.925566000000003
-170.20430633333334,712.0126066666667,311.94110433333327,-207.20261,464.9945285,89.184067,-109.7900345,525.0077325,301.47212549999995,-41.160223,-64.60687099999996,20.934639000000004
-170.20363766666665,711.9769546666666,311.94892333333337,-207.1802545,464.94533650000005,89.195947,-109.76631850000001,524.959981,301.4757545,-41.135543,-64.61894999999998,20.942587000000003
-170.202985,711.9413089999999,311.95653,-207.15768500000001,464.898062,89.2051005,-109.742424,524.9120445,301.47733949999997,-41.111016000000006,-64.63128699999993,20.949403000000018
-170.20234766666667,711.905676,311.9639206666667,-207.13492150000002,464.8527095,89.2115295,-109.718333,524.8638395,301.47690550000004,-41.086658,-64.64387100000005,20.955077000000017
-170.20172466666668,711.8700603333333,311.97109066666667,-207.111984,464.809281,89.215238,-109.6940245,524.815278,301.47447950000003,-41.062487000000004,-64.65669200000002,20.959604999999954
-170.201115,711.8344659999999,311.97803633333336,-207.088892,464.767779,89.21623249999999,-109.6694765,524.766266,301.47009049999997,-41.03851900000001,-64.66973999999999,20.96297499999997
-170.20051833333335,711.7988966666667,311.9847536666667,-207.0656645,464.7282035,89.2145165,-109.64466350000001,524.7167025,301.46376699999996,-41.01477100000001,-64.68300100000005,20.96518199999997
-170.19993366666668,711.763355,311.991238,-207.04232100000002,464.6905555,89.2100955,-109.61955999999999,524.6664825,301.4555405,-40.99125799999999,-64.69646900000004,20.966214999999977
-170.19936166666665,711.7278426666667,311.9974866666667,-207.01888,464.654833,89.202975,-109.59413599999999,524.615494,301.44544099999996,-40.96799800000001,-64.71013199999999,20.966066000000012
-170.19880233333333,711.692361,312.0034943333333,-206.9953595,464.62103349999995,89.19316,-109.5683625,524.56362,301.43350150000003,-40.945004999999995,-64.72398199999998,20.964722999999992
-170.19825666666668,711.6569086666667,312.0092593333334,-206.9717765,464.589155,89.180658,-109.5422055,524.5107375,301.4197545,-40.922297,-64.73800899999998,20.962178999999992
-170.19772466666666,711.6214863333333,312.0147756666667,-206.948148,464.5591935,89.1654735,-109.51563,524.4567175,301.40423450000003,-40.899888000000004,-64.75220499999995,20.958420999999987
-170.19720800000002,711.5860916666667,312.02004200000005,-206.924491,464.5311445,89.147613,-109.48860049999999,524.4014265000001,301.3869765,-40.87779299999998,-64.76656100000002,20.953439000000003
-170.19670666666667,711.550722,312.0250536666667,-206.9008205,464.50500150000005,89.1270845,-109.4610775,524.3447245,301.3680155,-40.85602700000001,-64.78107100000005,20.947221000000013
-170.19622366666667,711.5153736666666,312.02980733333334,-206.87715250000002,464.4807585,89.1038935,-109.43302,524.2864665,301.347387,-40.83460600000001,-64.79572700000006,20.93975400000005
-170.1957593333333,711.4800426666667,312.03430066666664,-206.8535005,464.4584095,89.0780465,-109.404385,524.226503,301.325129,-40.81354400000001,-64.81052199999999,20.931025999999974
-170.1953163333333,711.444724,312.03852966666665,-206.829879,464.43794449999996,89.0495515,-109.375128,524.164679,301.3012775,-40.792854000000005,-64.82544999999999,20.921020999999996
-170.194896,711.4094113333334,312.0424923333333,-206.80630000000002,464.41935550000005,89.0184145,-109.345203,524.1008325,301.275871,-40.772552000000005,-64.84050499999995,20.909727999999973
-170.19450133333333,711.3740973333333,312.046185,-206.7827765,464.402633,88.984644,-109.31456,524.034799,301.24894700000004,-40.75265,-64.85568199999994,20.897130000000004
-170.19413433333332,711.3387746666667,312.049605,-206.7593195,464.387767,88.9482465,-109.28315,523.9664085,301.220544,-40.73316200000001,-64.87097699999998,20.883212000000015
-170.19379766666665,711.3034346666667,312.05275033333334,-206.7359385,464.3747455,88.9092305,-109.2509185,523.8954865,301.19070050000005,-40.714101,-64.88638299999997,20.86795699999999
-170.19349400000002,711.268068,312.05561866666665,-206.712644,464.36355749999996,88.8676025,-109.2178135,523.8218525,301.159456,-40.69547899999999,-64.90189899999996,20.851347999999973
-170.19322666666667,711.2326636666667,312.05820666666665,-206.68944299999998,464.3541895,88.82337100000001,-109.183778,523.745324,301.126849,-40.677310000000006,-64.91751999999997,20.833368000000007
-170.19299866666668,711.1972113333333,312.06051333333335,-206.66634449999998,464.346629,88.776544,-109.1487545,523.665713,301.092918,-40.659605,-64.933244,20.813995999999975
-170.19281266666664,711.1616986666667,312.06253633333336,-206.643354,464.34086149999996,88.7271295,-109.112684,523.5828265,301.057703,-40.642374000000004,-64.94906700000001,20.793214000000035
-170.19267233333332,711.1261123333334,312.0642726666667,-206.620477,464.3368725,88.675135,-109.0755045,523.4964705,301.02124249999997,-40.625631,-64.964989,20.771001000000012
-170.192582,711.0904393333334,312.0657223333333,-206.5977175,464.33464749999996,88.62057,-109.0371555,523.406443,300.983575,-40.609385,-64.98100799999997,20.747337999999957
-170.19254366666667,711.054666,312.066883,-206.57507950000002,464.33417,88.563442,-108.997572,523.3125425000001,300.94473949999997,-40.593648,-64.99712299999999,20.72219899999999
-170.19256266666665,711.018776,312.0677523333333,-206.552564,464.335423,88.5037605,-108.956689,523.214562,300.9047735,-40.578428,-65.01333199999999,20.695562999999993
-170.19264166666667,710.9827536666667,312.06833066666667,-206.530172,464.33839,88.441533,-108.91444000000001,523.1122925,300.8637155,-40.563738000000015,-65.02963700000004,20.667407000000026
-170.19278433333332,710.9465833333334,312.068616,-206.507903,464.3430535,88.3767695,-108.870757,523.005521,300.821602,-40.54958399999998,-65.04603800000001,20.63770599999998
-170.19299566666666,710.9102463333334,312.068607,-206.48575599999998,464.3493955,88.309478,-108.8255715,522.8940315,300.77846999999997,-40.535977,-65.06253499999997,20.60643399999998
-170.193279,710.8737256666667,312.06830433333334,-206.463728,464.357396,88.23966899999999,-108.77881350000001,522.7776065,300.734356,-40.522925,-65.07913100000002,20.573564000000033
-170.193638,710.8370026666666,312.0677053333333,-206.44181450000002,464.3670375,88.1673505,-108.730411,522.6560254999999,300.689295,-40.510435999999984,-65.09582499999999,20.539071999999976
-170.19407766666666,710.800057,312.06681066666664,-206.4200105,464.3782985,88.092533,-108.6802935,522.5290669999999,300.643321,-40.498519,-65.11261999999999,20.502926000000002
-170.19460166666667,710.7628693333332,312.06561933333336,-206.398309,464.39116,88.0152255,-108.62838599999999,522.3965045,300.596468,-40.487179999999995,-65.12951900000002,20.465098000000012
-170.19521366666666,710.7254193333333,312.06413266666664,-206.37670250000002,464.4056005,87.935439,-108.57461699999999,522.258113,300.5487675,-40.476427999999984,-65.146524,20.425561000000016
-170.195918,710.6876853333333,312.0623483333334,-206.35518150000001,464.421599,87.853182,-108.518911,522.113664,300.500252,-40.466268000000014,-65.16363799999999,20.384281999999985
-170.19671866666667,710.6496456666667,312.06026833333334,-206.333736,464.43913399999997,87.76846549999999,-108.46119300000001,521.9629285,300.450951,-40.456708000000006,-65.18086299999999,20.341229999999996
-170.19762033333333,710.611278,312.057892,-206.3123535,464.45818299999996,87.6812995,-108.401388,521.8056755,300.4008925,-40.447751999999994,-65.19820299999998,20.296375000000012
-170.19862633333332,710.5725593333333,312.05521999999996,-206.2910215,464.478724,87.591695,-108.33941949999999,521.6416735,300.3501045,-40.439409,-65.215663,20.24968100000001
-170.19974066666666,710.5334663333333,312.052253,-206.269725,464.5007335,87.4996625,-108.2752115,521.4706905,300.29861200000005,-40.431681,-65.23324500000001,20.201116000000013
-170.20096733333332,710.493975,312.04899133333333,-206.248448,464.524189,87.4052135,-108.208688,521.2924935,300.246439,-40.424576,-65.25095299999998,20.150645999999995
-170.20231033333332,710.454061,312.045437,-206.227175,464.5490665,87.308358,-108.139772,521.1068485000001,300.19360800000004,-40.41809599999999,-65.26879100000008,20.098235999999986
-170.20377299999998,710.4136996666666,312.04158966666665,-206.20588650000002,464.575342,87.209108,-108.0683865,520.9135225,300.14013850000003,-40.41224899999999,-65.28676300000001,20.043848999999966
-170.20535933333335,710.3728653333333,312.03745166666664,-206.184564,464.602992,87.10747549999999,-107.99445499999999,520.7122815,300.086049,-40.407037999999986,-65.30487300000004,19.987449999999967
-170.20707233333334,710.3315326666666,312.033024,-206.163186,464.63199099999997,87.003471,-107.9179,520.502893,300.0313555,-40.402466000000004,-65.32312399999995,19.929003000000023
-170.208916,710.2896763333333,312.028308,-206.1417295,464.66231400000004,86.89710649999999,-107.838646,520.285123,299.976071,-40.39854,-65.34151999999995,19.868468000000007
-170.210893,710.2472686666666,312.023306,-206.12017400000002,464.69393649999995,86.78839450000001,-107.7566165,520.0587390000001,299.920207,-40.39526099999999,-65.36006600000002,19.805807999999956
-170.213007,710.2042843333334,312.0180193333333,-206.09849300000002,464.7268335,86.677347,-107.67173550000001,519.8235095,299.86377200000004,-40.392633000000004,-65.37876299999999,19.74098399999997
-170.21526033333336,710.1606946666667,312.01245033333333,-206.076662,464.760979,86.5639755,-107.5839275,519.5792035,299.806773,-40.390660999999994,-65.39761499999997,19.673958000000027
-170.21765633333334,710.1164743333334,312.006601,-206.054654,464.79634699999997,86.4482925,-107.49311800000001,519.325591,299.749211,-40.389348,-65.41662400000001,19.604690000000005
-170.22019766666668,710.0715946666666,312.00047366666666,-206.032442,464.8329125,86.3303115,-107.39923200000001,519.0624435,299.6910885,-40.388695999999996,-65.43579500000004,19.533141
-170.22288600000002,710.0260283333333,311.994071,-206.009996,464.870648,86.2100435,-107.3021965,518.7895335000001,299.63240099999996,-40.388711,-65.45512700000006,19.459270000000004
-170.22572433333335,709.9797466666668,311.9873963333334,-205.9872875,464.909528,86.087502,-107.2019385,518.5066360000001,299.57314299999996,-40.38939500000001,-65.47462400000006,19.383036000000004
-170.228714,709.932723,311.980451,-205.9642855,464.9495265,85.9626995,-107.09838500000001,518.2135255000001,299.5133045,-40.390752000000006,-65.49428500000005,19.30439899999999
-170.23185766666666,709.8849276666666,311.97323866666665,-205.940958,464.9906165,85.8356495,-106.991466,517.9099815,299.45287399999995,-40.392784000000006,-65.51411300000007,19.223318000000006
-170.235156,709.8363329999999,311.96576266666665,-205.91727300000002,465.032771,85.706363,-106.881111,517.5957825,299.39183349999996,-40.395495999999994,-65.53410500000001,19.139752999999985
-170.23861033333333,709.7869106666667,311.95802699999996,-205.893197,465.0759645,85.5748545,-106.767251,517.270712,299.3301635,-40.39889199999999,-65.55426199999994,19.053662999999972
-170.24222266666666,709.7366316666667,311.9500336666667,-205.8686955,465.12016900000003,85.4411355,-106.649818,516.934553,299.26783950000004,-40.402975999999995,-65.57458200000002,18.965004999999962
-170.24599266666667,709.6854670000001,311.9417866666667,-205.84373399999998,465.16535799999997,85.3052195,-106.5287455,516.5870935,299.204834,-40.40775099999999,-65.59506300000004,18.873739999999998
-170.24992133333333,709.6333886666666,311.93329066666666,-205.8182775,465.21150550000004,85.167119,-106.40396799999999,516.2281215,299.14111449999996,-40.413222000000005,-65.615701,18.77982700000001
-170.25400933333333,709.5803676666666,311.92454833333335,-205.7922895,465.25858300000004,85.0268465,-106.2754215,515.85743,299.0766435,-40.419393,-65.63649199999998,18.683224999999993
-170.25825566666666,709.5263756666667,311.91556499999996,-205.765733,465.30656550000003,84.88441499999999,-106.143043,515.4748135,299.011382,-40.42627,-65.65743300000003,18.58389200000005
-170.26266033333334,709.4713836666666,311.9063433333333,-205.738571,465.35542499999997,84.739836,-106.0067715,515.08007,298.945283,-40.43385699999999,-65.67851599999995,18.48178999999999
-170.267223,709.4153633333334,311.89688866666665,-205.710766,465.405135,84.59312249999999,-105.8665485,514.6730005,298.878298,-40.44216100000001,-65.69973500000003,18.376877999999977
-170.271943,709.3582856666666,311.88720566666666,-205.68228,465.4556685,84.4442865,-105.7223145,514.253409,298.81037200000003,-40.451187000000004,-65.72108000000003,18.26911799999999
-170.27681800000002,709.3001226666667,311.87729833333333,-205.653075,465.506999,84.2933395,-105.574014,513.8211025,298.7414455,-40.460942,-65.74254499999995,18.158468999999968
-170.281847,709.240846,311.8671713333334,-205.623111,465.5591,84.1402935,-105.421593,513.3758925,298.6714535,-40.47143199999999,-65.76411700000006,18.044894999999997
-170.287028,709.1804273333333,311.85683066666667,-205.5923505,465.6119455,83.9851605,-105.26499799999999,512.9175925,298.6003275,-40.48266600000001,-65.78578499999998,17.928357000000005
-170.29235933333334,709.1188386666666,311.84628000000004,-205.560755,465.6655075,83.8279515,-105.10417799999999,512.446021,298.5279935,-40.49464999999999,-65.80753799999997,17.808819000000028
-170.297837,709.0560523333334,311.8355256666667,-205.52828449999998,465.7197605,83.6686775,-104.939085,511.96099949999996,298.454371,-40.50739399999999,-65.82935900000001,17.686243999999988
-170.30345966666667,708.9920406666666,311.8245723333333,-205.4949,465.774678,83.5073495,-104.7696715,511.462354,298.37937550000004,-40.520906999999994,-65.85123399999998,17.560596999999973
-170.30922233333334,708.9267763333334,311.81342566666666,-205.46056299999998,465.83023349999996,83.3439775,-104.59589299999999,510.94991400000004,298.30291650000004,-40.535197999999994,-65.87314599999996,17.431843000000015
-170.31512266666667,708.860232,311.802091,-205.4252345,465.88640150000003,83.178572,-104.41770650000001,510.42351199999996,298.224899,-40.55027700000001,-65.89507599999996,17.299951999999962
-170.32115566666667,708.7923809999999,311.7905746666667,-205.38887649999998,465.9431565,83.0111425,-104.235071,509.882986,298.1452215,-40.56615599999999,-65.91700400000002,17.16488700000002
-170.327318,708.7231963333334,311.7788816666667,-205.3514505,466.00047099999995,82.841699,-104.04794799999999,509.32817850000004,298.063778,-40.582846,-65.93891100000002,17.02661999999998
-170.33360333333334,708.6526523333333,311.7670183333334,-205.3129175,466.05832050000004,82.67025050000001,-103.856302,508.758935,297.9804565,-40.600359999999995,-65.96077200000002,16.885121000000026
-170.34000833333334,708.5807226666667,311.7549913333333,-205.27324099999998,466.116679,82.496806,-103.6600985,508.175107,297.89513850000003,-40.618708999999996,-65.98256399999997,16.74036099999995
-170.346526,708.5073813333333,311.74280666666664,-205.23238400000002,466.175521,82.3213735,-103.4593055,507.576549,297.8077015,-40.63790900000001,-66.00425999999999,16.592310999999995
-170.353151,708.432604,311.7304696666667,-205.190309,466.234821,82.14396149999999,-103.253894,506.9631205,297.71801700000003,-40.657973999999996,-66.02583300000003,16.44094799999999
-170.35987699999998,708.3563643333333,311.7179883333334,-205.14698099999998,466.294554,81.9645775,-103.04383849999999,506.3346865,297.6259495,-40.67891899999999,-66.04725499999995,16.286247000000003
-170.36669733333335,708.2786390000001,311.705368,-205.102364,466.354695,81.7832295,-102.82911250000001,505.69111599999997,297.5313605,-40.70075899999999,-66.06849400000004,16.12818500000003
-170.373605,708.1994033333334,311.692616,-205.0564235,466.41521850000004,81.5999235,-102.6096955,505.0322835,297.43410300000005,-40.723513,-66.089519,15.96674200000001
-170.38059199999998,708.1186339999999,311.6797393333333,-205.00912549999998,466.47609950000003,81.414666,-102.385568,504.358068,297.334027,-40.74719599999999,-66.11029800000006,15.801896
-170.38765166666667,708.0363073333333,311.6667443333333,-204.9604375,466.53731300000004,81.2274645,-102.1567125,503.668354,297.230975,-40.771827,-66.13079199999999,15.63363400000003
-170.39477466666668,707.952401,311.6536383333334,-204.9103265,466.598835,81.0383245,-101.9231165,502.96303049999995,297.12478550000003,-40.797427,-66.15096699999998,15.461936999999978
-170.40195300000002,707.866892,311.64042866666665,-204.858762,466.6606395,80.8472505,-101.684767,502.24199250000004,297.01529,-40.82401399999999,-66.17078300000003,15.286791999999991
-170.40917733333333,707.7797586666667,311.6271223333333,-204.80571400000002,466.72270349999997,80.65424900000001,-101.441656,501.5051405,296.9023165,-40.85161000000001,-66.190201,15.108188999999982
-170.41643866666666,707.6909806666666,311.6137263333333,-204.751153,466.78499999999997,80.45932400000001,-101.193777,500.7523795,296.785687,-40.880234,-66.20917900000006,14.926117999999974
-170.42372733333332,707.6005356666666,311.60024866666663,-204.6950505,466.8475065,80.2624805,-100.9411275,499.9836205,296.66521750000004,-40.90991100000001,-66.22767499999998,14.740568999999994
-170.431033,707.5084046666667,311.58669733333335,-204.6373805,466.9101975,80.0637225,-100.6837075,499.198782,296.5407205,-40.940663,-66.24564399999997,14.551540999999986
-170.43834533333333,707.4145673333333,311.5730786666667,-204.57811650000002,466.9730485,79.8630545,-100.4215185,498.397785,296.4120015,-40.972511,-66.26303800000005,14.359027000000026
-170.44565366666666,707.3190043333334,311.55940100000004,-204.517234,467.03603499999997,79.66047999999999,-100.154566,497.5805585,296.2788635,-41.005483999999996,-66.27981299999999,14.163031000000046
-170.452947,707.2216976666667,311.54567199999997,-204.454711,467.0991315,79.4560025,-99.8828585,496.747038,296.14110300000004,-41.039603,-66.29591799999997,13.963549999999998
-170.460213,707.1226293333333,311.5319,-204.390524,467.1623145,79.249626,-99.606407,495.897163,295.9985135,-41.074895999999995,-66.311304,13.760590999999977
-170.46744033333331,707.0217816666667,311.5180923333333,-204.324653,467.22555850000003,79.041353,-99.3252255,495.030881,295.8508825,-41.11138700000001,-66.325918,13.554159000000027
-170.47461666666666,706.9191383333333,311.5042573333333,-204.25707949999997,467.2888385,78.8311865,-99.039331,494.1481445,295.69799450000005,-41.149106,-66.33970699999998,13.344265000000007
-170.48173,706.8146823333333,311.49040299999996,-204.1877845,467.35212950000005,78.6191305,-98.7487435,493.24891449999996,295.53962950000005,-41.18807699999999,-66.35261899999995,13.130919000000006
-170.48876666666666,706.7083993333334,311.4765376666667,-204.11675300000002,467.415407,78.40518750000001,-98.4534865,492.3331555,295.375563,-41.228331,-66.364597,12.914135999999985
-170.49571433333332,706.6002746666667,311.46266966666667,-204.043969,467.47864549999997,78.18936099999999,-98.15358549999999,491.40084149999996,295.2055695,-41.269895000000005,-66.37558499999994,12.693932999999959
-170.50255866666666,706.4902936666667,311.448807,-203.96942,467.5418185,77.971653,-97.84907000000001,490.4519515,295.0294165,-41.312798,-66.38552700000002,12.47032900000005
-170.50928666666667,706.3784426666666,311.43495766666666,-203.89309400000002,467.6049015,77.75206750000001,-97.539972,489.4864715,294.8468715,-41.35707000000001,-66.39436100000006,12.243347000000028
-170.51588366666667,706.2647096666666,311.42113033333334,-203.81498,467.667869,77.5306075,-97.226327,488.5043955,294.6576965,-41.402739999999994,-66.40203100000002,12.013013
-170.522335,706.1490833333334,311.4073343333334,-203.7350695,467.73069399999997,77.3072765,-96.908173,487.505723,294.4616525,-41.44984000000001,-66.40847600000001,11.77935100000002
-170.52862700000003,706.0315513333334,311.3935763333333,-203.6533555,467.7933505,77.0820775,-96.58555150000001,486.4904615,294.2584975,-41.498397,-66.413633,11.542394999999999
-170.53474400000002,705.9121033333334,311.37986666666666,-203.56983250000002,467.8558115,76.85501550000001,-96.25850700000001,485.4586265,294.04798800000003,-41.548444,-66.41744299999993,11.30217799999997
-170.54067133333334,705.7907306666666,311.3662126666666,-203.48449599999998,467.91805150000005,76.626094,-95.927087,484.41024000000004,293.829877,-41.60001199999999,-66.41984000000008,11.058734000000015
-170.546393,705.6674240000001,311.3526233333334,-203.397344,467.98004249999997,76.3953175,-95.591343,483.3453305,293.60391749999997,-41.653132,-66.42076499999996,10.812103000000036
-170.55189366666667,705.542174,311.3391076666667,-203.308375,468.0417565,76.1626915,-95.2513275,482.263936,293.3698605,-41.707832999999994,-66.42015000000004,10.562326999999982
-170.557158,705.4149756666666,311.3256733333333,-203.2175895,468.103167,75.928221,-94.90709799999999,481.1661015,293.1274555,-41.76414799999999,-66.41793500000006,10.309450999999967
-170.562169,705.2858209999999,311.31232966666664,-203.12499,468.164245,75.691912,-94.558715,480.051878,292.8764525,-41.822108,-66.41405400000002,10.05352099999999
-170.566911,705.1547053333334,311.29908499999993,-203.03058049999999,468.224963,75.4537715,-94.2062405,478.921328,292.6166005,-41.881743,-66.40844199999998,9.794588999999974
-170.571368,705.021623,311.28594833333335,-202.934366,468.28529100000003,75.213806,-93.8497415,477.774518,292.347648,-41.94308500000001,-66.40103399999998,9.532705999999962
-170.57552233333334,704.88657,311.27292800000004,-202.836354,468.345201,74.972024,-93.48928699999999,476.61152549999997,292.069344,-42.006164,-66.39176700000002,9.267929999999978
-170.57935833333332,704.7495443333333,311.260033,-202.73655200000002,468.40466349999997,74.7284335,-93.124948,475.432434,291.7814385,-42.07101,-66.38057600000002,9.000316999999995
-170.58285833333335,704.6105426666667,311.2472716666667,-202.6349705,468.46364800000003,74.48304350000001,-92.756801,474.237337,291.4836825,-42.137654,-66.36739400000005,8.729929000000027
-170.586006,704.4695643333333,311.23465266666665,-202.53162,468.5221255,74.2358655,-92.38492400000001,473.02633449999996,291.175827,-42.206126,-66.35215899999997,8.456830000000025
-170.588784,704.3266093333333,311.222185,-202.426515,468.5800635,73.9869095,-92.0093975,471.79953550000005,290.857626,-42.27645299999999,-66.33480700000001,8.181087999999988
-170.59117433333333,704.181677,311.2098766666667,-202.31966849999998,468.6374325,73.7361875,-91.63030599999999,470.55705950000004,290.5288355,-42.348665999999994,-66.31527299999999,7.902770999999973
-170.59316133333334,704.0347693333333,311.19773633333335,-202.211097,468.6942015,73.483712,-91.2477355,469.29903,290.1892125,-42.422791000000004,-66.293496,7.621950999999967
-170.59472633333334,703.8858893333332,311.185773,-202.100817,468.750337,73.2294985,-90.861778,468.0255835,289.838517,-42.49885599999999,-66.26941099999999,7.338701999999955
-170.595853,703.735039,311.1739943333333,-201.98884850000002,468.8058095,72.97355999999999,-90.4725235,466.736862,289.476514,-42.57688900000001,-66.24295799999999,7.053101999999967
-170.59652300000002,703.5822236666667,311.1624096666667,-201.87520949999998,468.860584,72.715914,-90.08007,465.433017,289.1029695,-42.656914,-66.21407599999998,6.7652290000000335
-170.59672,703.4274473333334,311.15102666666667,-201.75992250000002,468.91463,72.456577,-89.6845135,464.1142095,288.7176535,-42.738957,-66.182705,6.475165000000004
-170.59642566666665,703.2707173333333,311.13985399999996,-201.643009,468.9679135,72.19556750000001,-89.285956,462.780609,288.3203425,-42.823042,-66.14878600000003,6.182995000000005
-170.59562333333332,703.1120396666665,311.1289003333334,-201.5244945,469.0204005,71.932905,-88.884501,461.4323925,287.91081399999996,-42.90919199999999,-66.11226099999999,5.888803999999993
-170.59429533333332,702.951423,311.118173,-201.404402,469.0720585,71.668611,-88.4802535,460.069746,287.488853,-42.997429,-66.07307400000002,5.592681999999968
-170.59242466666666,702.7888766666669,311.10768033333335,-201.282758,469.12285299999996,71.40270699999999,-88.073324,458.692866,287.05424849999997,-43.087773999999996,-66.03117000000003,5.294719000000043
-170.58999433333335,702.6244096666666,311.0974306666667,-201.15958999999998,469.17274999999995,71.135217,-87.66382200000001,457.3019555,286.6067955,-43.180246,-65.986493,4.995007000000044
-170.58698666666666,702.4580336666667,311.08743233333337,-201.03492649999998,469.221715,70.8661655,-87.251862,455.897227,286.14629449999995,-43.27486400000001,-65.93899399999998,4.693641000000014
-170.583386,702.2897606666667,311.07769233333335,-200.9087965,469.2697135,70.595579,-86.837559,454.4789025,285.672553,-43.371646,-65.888621,4.390715999999998
-170.579174,702.119603,311.068219,-200.78123,469.31671,70.3234855,-86.4210325,453.0472115,285.185384,-43.470607,-65.83532300000002,4.086333999999965
-170.57433533333335,701.9475756666666,311.05901966666664,-200.65225900000002,469.362671,70.0499125,-86.00240199999999,451.602393,284.684608,-43.57176,-65.77905799999996,3.780590000000018
-170.56885266666666,701.7736926666666,311.0501023333333,-200.52191399999998,469.40756,69.774892,-85.58179050000001,450.1446945,284.17005400000005,-43.675121000000004,-65.71977500000003,3.4735900000000015
-170.56271033333334,701.597971,311.041474,-200.39023,469.4513425,69.4984555,-85.159322,448.674371,283.6415565,-43.7807,-65.65743399999997,3.1654330000000073
-170.555892,701.4204266666667,311.03314266666666,-200.25724,469.4939835,69.2206365,-84.735124,447.1916875,283.0989595,-43.888506,-65.591993,2.856224999999995
-170.54838133333337,701.241078,311.02511499999997,-200.122978,469.53544650000003,68.9414705,-84.309324,445.696917,282.54211399999997,-43.99854800000001,-65.523414,2.546072000000038
-170.540164,701.0599440000001,311.017398,-199.98748,469.57569850000004,68.6609925,-83.882053,444.19034,281.9708815,-44.110831999999995,-65.45166,2.2350809999999797
-170.531224,700.8770443333334,311.00999900000005,-199.85078099999998,469.61470199999997,68.379242,-83.45344349999999,442.6722465,281.38513,-44.225363,-65.37669499999998,1.9233580000000075
-170.5215463333333,700.6924003333334,311.00292533333334,-199.712918,469.6524235,68.09625700000001,-83.023628,441.14293399999997,280.784739,-44.342144,-65.29848799999996,1.6110139999999546
-170.511116,700.5060343333333,310.99618233333337,-199.57392800000002,469.6888275,67.8120795,-82.592743,439.602708,280.16959599999996,-44.461175999999995,-65.21700799999996,1.2981560000000059
-170.499919,700.3179683333333,310.98977766666667,-199.433848,469.723879,67.526752,-82.1609255,438.051881,279.53959899999995,-44.58245900000001,-65.13222999999999,0.984895999999992
-170.48794133333334,700.1282266666667,310.98371733333335,-199.29271649999998,469.757544,67.2403175,-81.7283115,436.4907765,278.8946555,-44.705988999999995,-65.044129,0.6713429999999789
-170.47516900000002,699.9368350000001,310.97800766666666,-199.1505715,469.789788,66.9528225,-81.295042,434.9197215,278.234683,-44.83176400000001,-64.95268099999998,0.35760999999996557
-170.461589,699.7438183333334,310.97265466666664,-199.007452,469.820577,66.6643135,-80.8612575,433.3390535,277.559611,-44.959775,-64.857869,0.043808000000012726
-170.447188,699.5492036666666,310.967664,-198.86339700000002,469.8498775,66.37483950000001,-80.4270985,431.7491155,276.869379,-45.090014999999994,-64.75967500000002,-0.2699519999999893
-170.43195333333333,699.353019,310.96304233333336,-198.71844549999997,469.877656,66.0844495,-79.992708,430.150259,276.1639355,-45.222474,-64.65808800000002,-0.5835569999999848
-170.415874,699.1552933333334,310.95879466666673,-198.5726365,469.90388,65.7931955,-79.5582295,428.542841,275.4432445,-45.357136999999994,-64.55309399999999,-0.8968969999999672
-170.39893633333335,698.9560556666667,310.95492599999994,-198.42601000000002,469.928517,65.50112999999999,-79.1238065,426.927227,274.707277,-45.493992999999996,-64.44468599999999,-1.209857999999997
-170.38113066666668,698.7553373333334,310.9514423333333,-198.278606,469.9515355,65.2083075,-78.6895835,425.303787,273.95601899999997,-45.633023,-64.33285999999998,-1.522329999999954
-170.36244633333334,698.5531696666667,310.94834833333334,-198.130463,469.97290350000003,64.9147825,-78.2557055,423.67289900000003,273.1894655,-45.774209,-64.21761399999997,-1.8342030000000022
-170.34287133333336,698.3495853333334,310.9456486666666,-197.981621,469.992592,64.620613,-77.822317,422.034946,272.407625,-45.91753,-64.09894800000001,-2.1453659999999672
-170.3223976666667,698.1446169999999,310.94334899999996,-197.8321205,470.01057000000003,64.325857,-77.3895645,420.39031650000004,271.6105175,-46.062965,-63.97686500000003,-2.455709000000013
-170.30101533333334,697.9382993333334,310.9414523333333,-197.68200050000002,470.0268085,64.0305735,-76.957593,418.739407,270.7981755,-46.210488000000005,-63.85137400000002,-2.765123000000017
-170.27871566666667,697.7306669999999,310.9399643333333,-197.5312995,470.04127900000003,63.7348235,-76.5265485,417.0826155,269.9706445,-46.360071000000005,-63.722482999999954,-3.0735009999999647
-170.25549,697.521757,310.93888799999996,-197.38005700000002,470.053954,63.4386695,-76.0965755,415.4203475,269.127979,-46.511686999999995,-63.590206999999964,-3.380736000000013
-170.23133133333332,697.3116046666668,310.93822833333337,-197.22831250000002,470.064807,63.1421735,-75.66782,413.7530125,268.2702505,-46.665304,-63.45456100000001,-3.6867209999999773
-170.20623166666667,697.1002480000001,310.937988,-197.0761035,470.073811,62.845400999999995,-75.2404245,412.0810245,267.397539,-46.820889,-63.31556499999999,-3.991354000000001
-170.18018533333333,696.8877256666666,310.9381706666666,-196.923469,470.0809425,62.548415500000004,-74.8145355,410.404801,266.50994049999997,-46.97840699999999,-63.17324000000002,-4.2945309999999495
-170.15318566666667,696.6740766666666,310.93878033333334,-196.770447,470.086176,62.25128599999999,-74.3902935,408.7247635,265.6075605,-47.137821,-63.02761099999998,-4.596149000000025
-170.12522766666666,696.45934,310.93981933333333,-196.6170735,470.0894895,61.9540775,-73.967843,407.0413375,264.690518,-47.299092,-62.87870699999996,-4.8961120000000165
-170.09630633333333,696.2435570000001,310.9412913333333,-196.463387,470.090861,61.656859,-73.547324,405.3549505,263.7589455,-47.462178,-62.72655900000001,-5.194319000000007
-170.06641733333333,696.0267683333333,310.943198,-196.309423,470.0902685,61.3597005,-73.1288775,403.6660335,262.812987,-47.627038999999996,-62.57120100000003,-5.490674000000013
-170.035557,695.809016,310.9455423333334,-196.1552175,470.0876925,61.062670999999995,-72.7126415,401.97501950000003,261.8527985,-47.793626999999994,-62.412668999999994,-5.785084999999981
-170.00372333333334,695.5903423333333,310.94832633333334,-196.000806,470.083115,60.7658415,-72.298754,400.2823425,260.878549,-47.961896,-62.25100500000002,-6.0774580000000356
-169.97091266666666,695.3707906666667,310.95155233333327,-195.8462225,470.0765175,60.4692845,-71.887351,398.58843950000005,259.8904195,-48.13179999999999,-62.086251000000004,-6.367705000000001
-169.93712433333334,695.150404,310.95522166666666,-195.691502,470.0678835,60.17307050000001,-71.4785665,396.893749,258.888604,-48.303287000000005,-61.918452,-6.655738000000014
-169.90235633333336,694.929227,310.9593366666666,-195.5366765,470.05719750000003,59.877274,-71.07253250000001,395.1987075,257.8733065,-48.476305,-61.747657000000004,-6.941471000000007
-169.86660833333335,694.7073043333334,310.9638976666667,-195.3817795,470.04444650000005,59.581967,-70.66938,393.5037555,256.8447455,-48.650802000000006,-61.573916999999994,-7.2248229999999865
-169.829882,694.484681,310.96890666666667,-195.226843,470.0296175,59.287223999999995,-70.269237,391.809331,255.80314749999997,-48.82672,-61.39728600000001,-7.505712999999986
-169.79217633333334,694.2614026666666,310.974364,-195.071897,470.012698,58.993119500000006,-69.87223,390.1158715,254.7487545,-49.004006000000004,-61.21781900000002,-7.784063000000003
-169.75349366666669,694.0375153333333,310.9802706666667,-194.91697249999999,469.993678,58.6997275,-69.478482,388.4238165,253.68181700000002,-49.1826,-61.03557699999999,-8.059800000000024
-169.713836,693.8130649999999,310.9866273333333,-194.76209899999998,469.97254899999996,58.407123,-69.08811449999999,386.7336,252.602598,-49.362443,-60.85061999999999,-8.332852000000003
-169.67320633333333,693.5880986666666,310.9934336666667,-194.607304,469.94930250000004,58.1153815,-68.7012465,385.045658,251.51137,-49.543473,-60.66301199999998,-8.60315
-169.631608,693.3626640000001,311.00069033333335,-194.4526155,469.92393200000004,57.8245775,-68.3179935,383.36042299999997,250.408417,-49.725631,-60.47281800000002,-8.870627999999982
-169.58904533333336,693.1368076666668,311.00839666666667,-194.29806100000002,469.896433,57.534787,-67.938468,381.678324,249.2940335,-49.90885,-60.280107999999984,-9.135222999999996
-169.54552266666667,692.9105773333334,311.0165526666667,-194.1436645,469.86680149999995,57.246085,-67.562781,379.99978899999996,248.168523,-50.093067999999995,-60.08495199999999,-9.396875999999992
-169.501046,692.6840203333333,311.025157,-193.9894525,469.8350345,56.9585465,-67.19103899999999,378.3252415,247.0321995,-50.278217999999995,-59.88742100000002,-9.655529000000001
-169.45562066666665,692.4571853333333,311.03421,-193.835447,469.801131,56.672247,-66.8233455,376.6551025,245.88538599999998,-50.464235,-59.687591,-9.91113199999998
-169.40925366666667,692.2301193333333,311.04371,-193.6816715,469.7650915,56.387260500000004,-66.4598005,374.98978750000003,244.72841499999998,-50.651050999999995,-59.485536999999965,-10.163629999999984
-169.36195266666667,692.0028713333332,311.05365566666666,-193.5281485,469.72691699999996,56.103663000000005,-66.10050100000001,373.3297075,243.561626,-50.838598000000005,-59.281339,-10.412980000000005
-169.313725,691.7754893333332,311.0640453333333,-193.374898,469.68661,55.8215275,-65.745541,371.67527,242.3853695,-51.026807999999996,-59.07507399999997,-10.659136999999987
-169.26458033333333,691.5480213333334,311.0748776666667,-193.2219395,469.644174,55.540928,-65.3950095,370.026876,241.200002,-51.215609,-58.866826,-10.902062
-169.21452633333334,691.320515,311.08615100000003,-193.06929100000002,469.5996155,55.2619385,-65.0489935,368.3849215,240.00588800000003,-51.40493299999999,-58.65667500000001,-11.141716000000002
-169.16357366666668,691.0930193333334,311.0978626666667,-192.916971,469.5529395,54.9846305,-64.70757400000001,366.7497965,238.80339800000002,-51.594708000000004,-58.444706999999994,-11.378068000000013
-169.11173266666668,690.8655813333334,311.11001100000004,-192.7649955,469.5041555,54.709076499999995,-64.3708305,365.121883,237.592912,-51.784862999999994,-58.23100800000003,-11.611086
-169.05901466666668,690.6382486666666,311.1225933333333,-192.61338,469.45327050000003,54.4353485,-64.038836,363.5015595,236.37481300000002,-51.975328,-58.01566300000002,-11.840745999999996
-169.00543033333335,690.4110696666667,311.13560666666666,-192.46213799999998,469.40029649999997,54.163515000000004,-63.7116625,361.889194,235.1494925,-52.166031000000004,-57.79875999999996,-12.067023000000006
-168.950993,690.184091,311.1490483333334,-192.3112835,469.345243,53.893647,-63.389375,360.2851485,233.917346,-52.356898,-57.58038699999997,-12.289897999999994
-168.895714,689.95736,311.16291500000005,-192.1608275,469.2881245,53.6258125,-63.072036000000004,358.689778,232.67877399999998,-52.547858000000005,-57.360634000000005,-12.509354000000002
-168.83960766666667,689.7309233333334,311.177204,-192.010782,469.2289535,53.3600785,-62.7597035,357.103429,231.43418100000002,-52.73884100000001,-57.13959,-12.725380000000001
-168.78268699999998,689.5048266666666,311.191911,-191.8611555,469.16774499999997,53.096512,-62.452431,355.526438,230.1839765,-52.929773999999995,-56.917348000000004,-12.93796500000002
-168.72496666666666,689.2791163333333,311.20703299999997,-191.711958,469.10451550000005,52.8351775,-62.150268,353.959135,228.928574,-53.120584,-56.69399599999997,-13.147104000000013
-168.666462,689.0538379999999,311.2225656666667,-191.563196,469.039281,52.576139,-61.853259,352.40184050000005,227.668388,-53.3112,-56.469627,-13.352793999999989
-168.60718766666665,688.8290356666666,311.2385056666667,-191.414876,468.9720605,52.3194585,-61.561445500000005,350.8548655,226.4038375,-53.50155300000001,-56.24433299999998,-13.555035000000004
-168.54715933333333,688.6047553333333,311.254848,-191.267004,468.9028725,52.065198,-61.2748635,349.3185105,225.13534149999998,-53.691569,-56.018204999999966,-13.753833000000014
-168.48639333333333,688.3810393333333,311.271589,-191.119584,468.83173750000003,51.813416000000004,-60.993544,347.793069,223.86332249999998,-53.88118,-55.791336,-13.949193000000008
-168.42490666666666,688.1579313333333,311.28872366666667,-190.9726185,468.75867600000004,51.564170000000004,-60.717516,346.278822,222.58820350000002,-54.070316,-55.563815999999974,-14.141127000000012
-168.36271633333334,687.9354743333333,311.3062473333334,-190.82611050000003,468.683711,51.3175175,-60.44680150000001,344.7760425,221.3104075,-54.258907,-55.335736999999995,-14.329649000000018
-168.29983933333332,687.7137096666667,311.324155,-190.6800605,468.60686450000003,51.073512,-60.18142,343.28499150000005,220.030358,-54.446886000000006,-55.107191,-14.514773999999989
-168.23629433333335,687.492679,311.3424416666667,-190.5344685,468.5281605,50.8322065,-59.9213855,341.805921,218.7484775,-54.634183,-54.87826799999999,-14.696523000000013
-168.17209933333334,687.2724223333333,311.36110233333335,-190.38933300000002,468.44762349999996,50.5936515,-59.666708,340.339071,217.4651885,-54.820733999999995,-54.64905799999997,-14.874919000000006
-168.10727266666666,687.0529793333334,311.38013133333334,-190.244653,468.3652795,50.357897,-59.4173925,338.884672,216.18091099999998,-55.00647099999999,-54.419651999999985,-15.049988000000013
-168.041834,686.8343893333334,311.3995233333333,-190.1004245,468.281154,50.1249885,-59.173441000000004,337.44294349999996,214.89606500000002,-55.191332,-54.19013699999999,-15.221757999999994
-167.97580233333335,686.6166896666667,311.41927233333337,-189.95664349999998,468.19527400000004,49.894971999999996,-58.9348515,336.0140935,213.611065,-55.375251000000006,-53.96060299999999,-15.390260000000012
-167.90919699999998,686.3999170000001,311.43937266666666,-189.813305,468.1076675,49.6678895,-58.7016155,334.598319,212.3263255,-55.558165,-53.731134,-15.555529000000007
-167.84203833333333,686.1841083333333,311.4598183333333,-189.67040350000002,468.01836249999997,49.4437825,-58.473721999999995,333.195808,211.042256,-55.740013999999995,-53.50181799999996,-15.717602
-167.77434633333334,685.9692986666665,311.48060366666664,-189.52793150000002,467.927388,49.222689,-58.251155499999996,331.8067335,209.7592635,-55.920736999999995,-53.272739,-15.876516999999978
-167.706141,685.7555216666666,311.5017216666667,-189.38588099999998,467.83477300000004,49.004645,-58.0338975,330.43126,208.47774850000002,-56.100274999999996,-53.04398200000003,-16.032317000000006
-167.63744433333332,685.5428109999999,311.52316566666667,-189.24424349999998,467.7405485,48.789685,-57.821923999999996,329.06954099999996,207.1981095,-56.278572,-52.81562600000001,-16.185044999999974
-167.56827533333333,685.3311986666668,311.5449306666667,-189.10300949999998,467.644745,48.577839499999996,-57.615207,327.7217175,205.920738,-56.455569999999994,-52.58775300000002,-16.33474799999999
-167.498656,685.1207153333334,311.5670083333333,-188.96216850000002,467.547393,48.369138500000005,-57.413717000000005,326.38792,204.6460195,-56.631216,-52.36044400000003,-16.481472999999994
-167.42860766666666,684.9113913333332,311.58939333333336,-188.8217095,467.4485245,48.163608999999994,-57.217417,325.068268,203.3743355,-56.80545599999999,-52.13377400000002,-16.625272999999993
-167.35815133333332,684.7032556666667,311.61207766666666,-188.6816205,467.34817150000003,47.961273999999996,-57.026270999999994,323.76287,202.10605900000002,-56.978238,-51.907820000000015,-16.766199999999998
-167.2873086666667,684.496336,311.6350546666667,-188.541888,467.2463665,47.762156499999996,-56.8402355,322.471822,200.84155750000002,-57.149514999999994,-51.68265600000001,-16.904304999999994
-167.216101,684.2906586666667,311.65831733333334,-188.4025005,467.14314149999996,47.5662755,-56.659265500000004,321.195211,199.581191,-57.319235,-51.45835200000005,-17.039648
-167.14455,684.086249,311.68185833333337,-188.2634415,467.03853100000003,47.373647500000004,-56.483312,319.9331115,198.3253105,-57.487354,-51.234981000000005,-17.172284999999988
-167.07267766666666,683.8831319999999,311.70567066666666,-188.1246975,466.9325675,47.184287000000005,-56.3123235,318.6855885,197.074261,-57.65382699999999,-51.012609,-17.30227400000001
-167.00050533333334,683.6813303333333,311.7297466666667,-187.9862535,466.8252845,46.998205,-56.146245,317.452695,195.82837849999999,-57.81860999999999,-50.79130199999997,-17.429676999999998
-166.92805433333334,683.4808656666668,311.75407866666666,-187.8480935,466.716717,46.815411000000005,-55.985018,316.234475,194.58799,-57.981663999999995,-50.57112599999999,-17.554553999999996
-166.85534700000002,683.281759,311.77865933333334,-187.71020099999998,466.6068975,46.6359115,-55.828582000000004,315.030961,193.3534125,-58.142948000000004,-50.35213999999996,-17.676969000000014
-166.78240533333334,683.0840296666667,311.803481,-187.5725585,466.495861,46.45971,-55.6768735,313.8421745,192.124956,-58.302425,-50.134405000000015,-17.796986000000004
-166.70925,682.887695,311.82853566666665,-187.435149,466.3836425,46.2868085,-55.529827,312.66812849999997,190.90292,-58.46006,-49.91797700000001,-17.914668000000006
-166.63590399999998,682.6927729999999,311.8538163333333,-187.297955,466.2702755,46.117205,-55.3873735,311.5088245,189.687593,-58.615821,-49.70291099999997,-18.030081999999993
-166.56238733333333,682.4992793333332,311.8793143333333,-187.1609585,466.155795,45.9508955,-55.2494415,310.3642555,188.47925450000002,-58.76967500000001,-49.489261,-18.143293
-166.48872200000002,682.307228,311.905022,-187.0241405,466.040236,45.7878735,-55.1159585,309.2344045,187.278174,-58.92159099999999,-49.27707300000003,-18.254368
-166.414929,682.1166323333333,311.930932,-186.88748299999997,465.9236325,45.6281305,-54.98685,308.11924350000004,186.084609,-59.071546,-49.066396999999995,-18.36337400000002
-166.34103033333335,681.9275043333333,311.95703533333335,-186.7509665,465.8060195,45.471655,-54.862038,307.01873850000004,184.8988075,-59.219512,-48.85727700000001,-18.470376999999985
-166.2670453333333,681.7398549999999,311.98332400000004,-186.6145715,465.6874315,45.318431499999996,-54.7414445,305.9328435,183.721006,-59.365465,-48.64975500000003,-18.575444000000005
-166.19299666666666,681.5536933333334,312.0097906666667,-186.478279,465.5679025,45.1684455,-54.6249895,304.86150399999997,182.55142949999998,-59.509385,-48.443870000000004,-18.678642999999994
-166.11890300000002,681.3690273333333,312.0364273333334,-186.34206999999998,465.4474675,45.021677,-54.5125905,303.804659,181.39029299999999,-59.651253,-48.239660000000015,-18.780040000000014
-166.04478633333335,681.1858653333334,312.0632253333333,-186.20592449999998,465.32616099999996,44.8781045,-54.404165,302.762237,180.237798,-59.79105199999999,-48.03716000000003,-18.87970200000001
-165.9706656666667,681.0042113333333,312.0901763333333,-186.06982349999998,465.20401649999997,44.737705000000005,-54.2996285,301.73415950000003,179.094136,-59.92876699999999,-47.83639899999997,-18.97769600000001
-165.896561,680.8240713333334,312.11727233333335,-185.93374699999998,465.0810685,44.6004515,-54.1988965,300.7203395,177.9594865,-60.064385,-47.637406999999996,-19.07408700000002
-165.82249233333334,680.6454483333333,312.14450600000004,-185.7976755,464.95735049999996,44.4663175,-54.101881999999996,299.720683,176.83401700000002,-60.197896,-47.440211999999974,-19.168937999999997
-165.74847833333334,680.4683446666667,312.1718686666666,-185.66159,464.8328965,44.335271,-54.008499,298.73508749999996,175.717883,-60.32928999999999,-47.24483500000002,-19.262316
-165.67453833333335,680.2927616666667,312.19935166666664,-185.525471,464.707739,44.207280499999996,-53.9186605,297.7634445,174.61122899999998,-60.458561,-47.05129899999997,-19.354281999999984
-165.60069033333332,680.1186983333333,312.226948,-185.3893005,464.5819115,44.082310500000006,-53.832278,296.80563800000004,173.5141865,-60.585705999999995,-46.859622,-19.444901000000016
-165.52695400000002,679.9461546666666,312.2546486666667,-185.253058,464.45544700000005,43.960325,-53.749263,295.861545,172.426875,-60.710722000000004,-46.66981800000002,-19.534230000000008
-165.45334566666668,679.7751276666667,312.2824463333333,-185.11672700000003,464.328378,43.841286000000004,-53.669529,294.931038,171.3494045,-60.833608,-46.48190199999999,-19.622331000000003
-165.3798843333333,679.6056143333334,312.310333,-184.98028950000003,464.200736,43.7251525,-53.5929865,294.0139805,170.281869,-60.95436500000001,-46.295883,-19.709262000000024
-165.306586,679.4376096666666,312.3383003333333,-184.8437265,464.0725535,43.611881999999994,-53.519548,293.110233,169.224354,-61.07300000000001,-46.11176999999998,-19.795079999999984
-165.23346766666666,679.2711093333334,312.366341,-184.707022,463.9438615,43.501432,-53.4491255,292.2196475,168.1769315,-61.18951700000001,-45.92956700000002,-19.879839000000004
-165.16054633333331,679.1061063333333,312.394447,-184.5701585,463.8146915,43.393756499999995,-53.381631999999996,291.342073,167.1396635,-61.303923999999995,-45.74927799999995,-19.963593000000003
-165.08783733333334,678.9425930000001,312.4226103333333,-184.4331205,463.6850745,43.288807500000004,-53.3169805,290.477353,166.1125985,-61.416231,-45.57090199999999,-20.04639499999999
-165.01535633333333,678.7805619999999,312.45082433333334,-184.29589199999998,463.55503999999996,43.186538999999996,-53.2550845,289.62532550000003,165.095773,-61.526450999999994,-45.39443699999998,-20.128292000000016
-164.94311866666666,678.620003,312.47908033333334,-184.158459,463.424618,43.086899499999994,-53.195859000000006,288.785824,164.0892145,-61.634596,-45.21987999999999,-20.20933500000001
-164.87113933333333,678.4609063333334,312.50737133333337,-184.0208055,463.29383800000005,42.9898385,-53.139219000000004,287.95867899999996,163.092938,-61.740684,-45.04722199999998,-20.28956599999998
-164.79943133333333,678.303261,312.5356903333333,-183.8829195,463.16273,42.89530499999999,-53.0850815,287.1437155,162.106946,-61.844730999999996,-44.876453000000026,-20.36903000000001
-164.72800900000001,678.1470556666667,312.56403033333333,-183.7447875,463.031321,42.803244500000005,-53.033364,286.3407555,161.1312325,-61.94675600000001,-44.707565000000045,-20.447768999999994
-164.656886,677.9922770000001,312.59238366666665,-183.6063975,462.89964,42.7136045,-52.983984,285.549618,160.165779,-62.04678199999999,-44.540539999999964,-20.52581999999998
-164.58607433333336,677.838913,312.62074366666667,-183.467739,462.7677145,42.6263285,-52.9368635,284.770118,159.2105565,-62.14483100000001,-44.37536400000005,-20.60322100000002
-164.51558633333335,677.6869483333334,312.649104,-183.3288005,462.635572,42.541362500000005,-52.8919225,284.00206749999995,158.265527,-62.24092900000001,-44.212019,-20.68000599999999
-164.4454343333333,677.5363686666666,312.67745733333334,-183.189573,462.503239,42.458649,-52.8490845,283.245277,157.33064000000002,-62.335100999999995,-44.05048399999998,-20.756203999999997
-164.375629,677.387159,312.7057976666667,-183.0500485,462.3707415,42.378131499999995,-52.808274,282.499554,156.40583800000002,-62.427376,-43.890738,-20.831846000000013
-164.30618133333334,677.2393033333334,312.73411899999996,-182.91021949999998,462.238106,42.2997535,-52.769417,281.7647035,155.491051,-62.51778399999999,-43.73275699999999,-20.906957999999975
-164.23710100000002,677.0927853333333,312.7624143333333,-182.770079,462.105357,42.2234565,-52.73244149999999,281.040529,154.5862005,-62.606356999999996,-43.576513999999975,-20.981562999999994
-164.16839866666666,676.947588,312.79067833333335,-182.62962149999998,461.97251900000003,42.1491835,-52.6972775,280.32683299999997,153.691201,-62.693125,-43.421982000000014,-21.05568199999999
-164.10008266666668,676.8036940000001,312.81890533333336,-182.4888435,461.83961750000003,42.0768765,-52.663855500000004,279.623416,152.80595449999998,-62.778125,-43.26913400000001,-21.129333000000003
-164.032162,676.6610853333333,312.8470893333333,-182.34774099999998,461.706676,42.006476,-52.632111,278.930078,151.9303575,-62.86139200000001,-43.117935999999986,-21.202530999999993
-163.9646446666667,676.5197440000001,312.87522566666667,-182.20631250000002,461.573717,41.9379265,-52.601977500000004,278.246617,151.064296,-62.942963,-42.96835800000002,-21.275288000000018
-163.89753833333336,676.3796510000001,312.903308,-182.0645565,461.4407645,41.8711685,-52.573393499999995,277.5728325,150.2076495,-63.022875,-42.82036500000004,-21.347617000000014
-163.83085033333333,676.2407873333333,312.93133300000005,-181.92247300000002,461.3078405,41.8061455,-52.546298500000006,276.908522,149.36029000000002,-63.101169000000006,-42.67392399999997,-21.419522
-163.76458666666667,676.1031346666667,312.95929466666666,-181.780065,461.1749665,41.7427985,-52.5206335,276.253483,148.5220815,-63.177885,-42.52899800000003,-21.491006999999996
-163.698754,675.9666726666667,312.98718933333333,-181.637333,461.04216499999995,41.6810735,-52.4963425,275.6075145,147.6928805,-63.25306499999999,-42.385549000000026,-21.562074999999993
-163.63335666666669,675.831382,313.015012,-181.4942825,460.909457,41.620912,-52.473372499999996,274.970415,146.8725385,-63.326751,-42.24353999999997,-21.632724999999994
-163.56840066666666,675.6972436666666,313.04275966666665,-181.350918,460.7768625,41.56226,-52.45167,274.34198399999997,146.060899,-63.398985999999994,-42.10293199999998,-21.70295200000001
-163.50389033333332,675.5642366666666,313.0704273333333,-181.207247,460.6444025,41.5050615,-52.431186499999995,273.72202300000004,145.25780200000003,-63.469817,-41.963684,-21.772750000000002
-163.43982966666667,675.4323416666666,313.098013,-181.063276,460.5120965,41.4492625,-52.411874999999995,273.11033150000003,144.4630805,-63.539286,-41.82575700000001,-21.842108999999994
-163.376221,675.3015386666666,313.125512,-180.9190145,460.3799645,41.394810500000006,-52.393689,272.506714,143.6765615,-63.607442000000006,-41.689108000000004,-21.91101900000001
-163.313069,675.1718076666666,313.152922,-180.7744735,460.24802550000004,41.341651999999996,-52.376586,271.910975,142.898069,-63.67433,-41.553695999999974,-21.979462000000012
-163.25037466666666,675.0431283333332,313.18024033333336,-180.6296635,460.11629849999997,41.289736500000004,-52.360526,271.322921,142.12742250000002,-63.739996000000005,-41.419478000000026,-22.047425000000004
-163.18814066666667,674.9154816666667,313.20746433333335,-180.484599,459.9848015,41.239013,-52.345469,270.7423605,141.364436,-63.80449,-41.28641299999998,-22.114885999999984
-163.12636833333332,674.7888469999999,313.23459166666663,-180.339293,459.85355300000003,41.1894335,-52.33138,270.1691045,140.6089215,-63.867858,-41.15445699999998,-22.181825000000003
-163.0650576666667,674.6632056666666,313.2616203333333,-180.193762,459.7225705,41.140949,-52.318224,269.60296600000004,139.86068799999998,-63.93015,-41.02356800000001,-22.24821799999998
-163.0042106666667,674.538538,313.2885496666667,-180.0480225,459.5918725,41.093513,-52.305969000000005,269.0437625,139.1195405,-63.991414,-40.89370299999999,-22.314036999999985
-162.94382666666667,674.4148246666667,313.3153763333333,-179.9020935,459.4614755,41.0470805,-52.294585000000005,268.491312,138.385282,-64.051698,-40.76481799999999,-22.379255999999984
-162.883905,674.2920466666667,313.342101,-179.7559935,459.3313975,41.0016065,-52.284045500000005,267.9454375,137.6577145,-64.111051,-40.636870999999985,-22.443843
-162.82444466666666,674.1701856666667,313.36872166666666,-179.609745,459.20165499999996,40.957049500000004,-52.274322999999995,267.405964,136.936638,-64.169524,-40.50981999999999,-22.50776599999999
-162.76544466666667,674.0492236666668,313.395238,-179.4633685,459.0722645,40.913368500000004,-52.265395000000005,266.872721,136.22185000000002,-64.227164,-40.383621999999974,-22.570992000000018
-162.706903,673.9291423333333,313.42164966666667,-179.316888,458.9432425,40.870522,-52.257239,266.34554049999997,135.5131495,-64.284018,-40.25823699999998,-22.633485000000007
-162.648818,673.8099246666667,313.4479569999999,-179.17032849999998,458.814606,40.828473,-52.2498355,265.82426,134.810333,-64.340137,-40.133622,-22.695208000000008
-162.59118666666666,673.6915526666667,313.4741593333334,-179.02371549999998,458.686371,40.787184999999994,-52.243167,265.308719,134.113199,-64.395568,-40.00973799999997,-22.756122000000005
-162.53400633333334,673.5740103333334,313.500258,-178.8770765,458.5585535,40.746622,-52.2372165,264.798763,133.42154499999998,-64.45035899999999,-39.88654599999998,-22.816185999999988
-162.47727266666666,673.4572813333333,313.5262533333334,-178.730439,458.4311695,40.706751000000004,-52.23197,264.2942405,132.7351705,-64.504556,-39.764005,-22.875359000000017
-162.42098333333334,673.3413506666667,313.5521463333333,-178.583833,458.304235,40.667539999999995,-52.2274155,263.795005,132.053874,-64.558207,-39.642078,-22.933600000000013
-162.365133,673.2262016666667,313.5779373333333,-178.4372885,458.17776649999996,40.628958499999996,-52.223542,263.3009145,131.3774585,-64.61135800000001,-39.52072900000002,-22.990865000000014
-162.30971766666667,673.111821,313.60362933333334,-178.290837,458.051779,40.590977,-52.2203395,262.81183150000004,130.705726,-64.66405300000001,-39.39991900000001,-23.047107999999994
-162.25473300000002,672.9981943333333,313.62922299999997,-178.144511,457.926289,40.55357,-52.2178005,262.32762349999996,130.038484,-64.716337,-39.27961699999997,-23.102286000000007
-162.20017366666664,672.8853073333333,313.6547203333334,-177.998345,457.801312,40.516711,-52.2159185,261.8481615,129.3755395,-64.76825500000001,-39.159786999999966,-23.15635299999998
-162.14603400000001,672.7731486666667,313.6801233333333,-177.8523715,457.67686349999997,40.4803765,-52.2146895,261.3733245,128.716704,-64.819847,-39.04039700000001,-23.20926200000001
-162.092308,672.6617043333333,313.70543533333336,-177.7066275,457.55296050000004,40.4445435,-52.2141085,260.9029935,128.0617925,-64.871157,-38.921414999999996,-23.260966999999994
-162.03899066666668,672.550964,313.73065733333334,-177.5611485,457.42961749999995,40.409192,-52.214174,260.4370565,127.41062300000002,-64.922224,-38.802812999999986,-23.311424000000002
-161.98607533333336,672.440916,313.75579366666665,-177.415971,457.3068515,40.374303000000005,-52.214885,259.97540549999997,126.7630185,-64.97309,-38.68456299999997,-23.36058299999999
-161.93355566666665,672.33155,313.78084633333333,-177.27113400000002,457.184677,40.339859,-52.2162415,259.5179385,126.1188045,-65.023791,-38.56663500000002,-23.408400999999998
-161.88142433333334,672.2228570000001,313.80581866666665,-177.12667499999998,457.06311200000005,40.305844,-52.218244,259.0645575,125.477813,-65.074364,-38.449006999999995,-23.454828000000006
-161.82967533333334,672.1148273333333,313.83071366666667,-176.982633,456.9421715,40.272242999999996,-52.2208945,258.6151715,124.839879,-65.12484699999999,-38.33165300000002,-23.499821999999995
-161.77830133333333,672.007453,313.8555353333333,-176.839048,456.82187150000004,40.2390435,-52.22419599999999,258.1696945,124.20484450000001,-65.175274,-38.214552999999995,-23.543335000000013
-161.72729433333333,671.9007263333333,313.88028733333334,-176.69596,456.7022285,40.2062345,-52.2281525,257.728044,123.572555,-65.225677,-38.09768399999999,-23.585324
-161.67664766666667,671.7946406666666,313.904973,-176.5534095,456.5832595,40.173806,-52.232769,257.290145,122.94286350000002,-65.276088,-37.98102800000001,-23.62574500000001
-161.62635333333333,671.6891893333333,313.929597,-176.411438,456.46497899999997,40.141749,-52.238049000000004,256.855926,122.315627,-65.326538,-37.864569999999986,-23.66455400000001
-161.57640366666666,671.5843673333334,313.9541626666667,-176.2700865,456.34740550000004,40.1100565,-52.2439995,256.4253225,121.6907095,-65.37705700000001,-37.748290999999995,-23.70171099999999
-161.526791,671.4801699999999,313.97867433333334,-176.12939649999998,456.2305545,40.078723000000004,-52.250626499999996,255.9982735,121.0679815,-65.42766900000001,-37.632181,-23.737173
-161.4775073333333,671.3765930000001,314.003136,-175.98940950000002,456.1144425,40.047743999999994,-52.257937500000004,255.574724,120.44731900000001,-65.478403,-37.516223999999994,-23.770902000000007
-161.428544,671.2736323333334,314.02755299999995,-175.8501685,455.99908600000003,40.017116,-52.265938000000006,255.154624,119.828605,-65.529282,-37.40041199999999,-23.80285999999998
-161.37989333333334,671.1712863333333,314.05192866666664,-175.7117145,455.884502,39.986837,-52.274637,254.737928,119.21173049999999,-65.58032800000001,-37.28473599999998,-23.83300899999999
-161.331547,671.069553,314.07626766666664,-175.57409,455.7707075,39.9569065,-52.284042,254.3245965,118.5965915,-65.631562,-37.16918900000002,-23.86131500000002
-161.283497,670.9684306666667,314.100575,-175.437337,455.6577185,39.927325,-52.2941605,253.91459350000002,117.9830915,-65.683005,-37.05376500000003,-23.887744999999995
-161.23573466666667,670.8679189999999,314.12485499999997,-175.30149749999998,455.54555300000004,39.898092500000004,-52.305001,253.507889,117.3711415,-65.734672,-36.938462000000015,-23.912266999999986
-161.188252,670.768018,314.149112,-175.16661249999999,455.4342265,39.869214,-52.316572,253.104457,116.76066,-65.786582,-36.823278000000016,-23.934849999999997
-161.14104066666667,670.6687286666667,314.17335133333336,-175.032724,455.32375549999995,39.840691,-52.3288815,252.7042755,116.15157200000002,-65.83874899999999,-36.708211000000006,-23.95546800000001
-161.09409200000002,670.5700523333334,314.19757633333336,-174.899873,455.2141585,39.812529000000005,-52.3419385,252.30732749999999,115.54381000000001,-65.89118300000001,-36.593264999999974,-23.97409599999999
-161.04739866666668,670.4719913333333,314.22179266666666,-174.7681,455.10545049999996,39.784732500000004,-52.3557505,251.9135995,114.93731450000001,-65.94389899999999,-36.47844300000003,-23.990707
-161.00095133333332,670.3745483333333,314.2460043333333,-174.6374455,454.99764849999997,39.757308,-52.37032549999999,251.52308399999998,114.3320315,-65.996903,-36.36374799999999,-24.00528299999999
-160.95474233333334,670.2777259999999,314.27021633333334,-174.5079485,454.89076950000003,39.7302635,-52.385672,251.13577500000002,113.72791699999999,-66.050206,-36.24918600000004,-24.017802000000003
-160.9087636666667,670.1815293333333,314.2944323333333,-174.3796485,454.784829,39.7036055,-52.401798,250.751671,113.1249325,-66.103814,-36.134765999999985,-24.028248999999988
-160.863007,670.0859623333332,314.318657,-174.252584,454.679844,39.677343,-52.41871,250.370775,112.52304649999999,-66.15773,-36.02049800000003,-24.036609000000013
-160.817465,669.99103,314.34289533333333,-174.12679250000002,454.5758305,39.6514855,-52.436416,249.9930925,111.9222365,-66.211958,-35.906390999999985,-24.042868999999996
-160.77212899999998,669.8967389999999,314.36715133333337,-174.00231150000002,454.472804,39.6260415,-52.454923,249.618633,111.322486,-66.2665,-35.79245599999999,-24.047020000000003
-160.726992,669.8030946666667,314.39142799999996,-173.879176,454.3707805,39.601023,-52.4742375,249.2474075,110.72378549999999,-66.321357,-35.678709000000026,-24.049054999999996
-160.68204633333335,669.7101033333333,314.41573066666666,-173.757422,454.269775,39.576439,-52.494365,248.879432,110.126132,-66.37652800000001,-35.565162000000015,-24.048968000000002
-160.63728433333333,669.6177733333334,314.4400626666667,-173.6370835,454.169804,39.552302000000005,-52.515312,248.5147235,109.52953049999999,-66.43200800000001,-35.451831,-24.046757
-160.592699,669.5261116666667,314.4644276666667,-173.5181935,454.07088150000004,39.528622999999996,-52.537084,248.153303,108.9339925,-66.487794,-35.33873400000002,-24.04242099999999
-160.548283,669.4351266666666,314.48882899999995,-173.40078499999998,453.973022,39.5054145,-52.5596855,247.7951925,108.3395355,-66.543883,-35.225887,-24.035965000000004
-160.50402966666664,669.3448273333333,314.51327066666664,-173.284888,453.8762405,39.482688499999995,-52.583121,247.4404155,107.746184,-66.60026599999999,-35.11331100000001,-24.027391999999992
-160.459932,669.2552216666667,314.5377553333333,-173.170533,453.7805505,39.460458,-52.6073945,247.0889995,107.153967,-66.656935,-35.001023,-24.016710000000003
-160.415984,669.1663196666667,314.56228633333336,-173.057749,453.685966,39.438734499999995,-52.632509,246.7409725,106.562922,-66.71388200000001,-34.88904500000001,-24.003929999999997
-160.37217833333332,669.078131,314.5868663333333,-172.9465625,453.59249950000003,39.417532,-52.6584675,246.3963645,105.97309100000001,-66.771097,-34.777398999999974,-23.989064
-160.32851,668.990666,314.61149866666665,-172.837001,453.50016500000004,39.396862999999996,-52.685273,246.055206,105.384522,-66.828568,-34.66610600000001,-23.972126000000003
-160.28497233333334,668.9039343333334,314.63618433333335,-172.7290885,453.408974,39.376740999999996,-52.7129265,245.71752899999998,104.7972665,-66.886283,-34.55518999999998,-23.95313499999999
-160.24156000000002,668.8179473333333,314.66092733333335,-172.6228495,453.3189385,39.357179,-52.74143,245.38336700000002,104.2113835,-66.944228,-34.444672,-23.932108999999997
-160.19826733333335,668.7327153333332,314.68572866666665,-172.518305,453.23006999999996,39.3381895,-52.7707835,245.052754,103.626936,-67.00238900000001,-34.334577999999965,-23.90907
-160.15508966666667,668.6482496666666,314.71058999999997,-172.4154765,453.1423805,39.319785499999995,-52.800988,244.725724,103.043991,-67.060752,-34.224931999999995,-23.884044000000003
-160.112021,668.5645616666667,314.73551333333336,-172.31438350000002,453.0558795,39.3019805,-52.8320425,244.4023115,102.4626195,-67.11929900000001,-34.115757,-23.857055000000003
-160.06905766666668,668.4816623333332,314.76049966666665,-172.215044,452.9705765,39.284786499999996,-52.863946,244.08255250000002,101.882898,-67.17801399999999,-34.007079000000004,-23.828134000000006
-160.02619466666667,668.3995639999999,314.78555,-172.11747400000002,452.8864815,39.2682165,-52.896697499999995,243.7664815,101.30490499999999,-67.236881,-33.89892299999997,-23.797309999999996
-159.98342766666667,668.3182780000001,314.81066533333336,-172.021689,452.803604,39.252282,-52.930295,243.454133,100.728723,-67.29588000000001,-33.79131399999997,-23.764618
-159.940753,668.237816,314.83584633333334,-171.927702,452.7219515,39.236995,-52.964736,243.145542,100.1544375,-67.35499200000001,-33.684278000000006,-23.730088999999992
-159.89816766666667,668.15819,314.8610933333334,-171.83552600000002,452.641532,39.222367500000004,-53.000018,242.8407425,99.582137,-67.4142,-33.57783899999998,-23.693761999999992
-159.85566733333334,668.0794123333334,314.8864056666667,-171.7451705,452.56235300000003,39.2084105,-53.0361365,242.53976899999998,99.0119115,-67.47348099999999,-33.472024000000005,-23.655675000000002
-159.81324966666668,668.0014936666668,314.9117836666667,-171.656645,452.4844215,39.1951345,-53.073088,242.24265350000002,98.4438535,-67.53281799999999,-33.36685700000001,-23.615869000000004
-159.77091066666665,667.9244473333333,314.93722700000006,-171.5699575,452.4077425,39.1825495,-53.1108685,241.94942749999998,97.8780575,-67.592189,-33.26236299999999,-23.574385000000007
-159.72864866666666,667.8482843333334,314.962734,-171.485113,452.33232250000003,39.170666,-53.149473,241.660123,97.314619,-67.65157400000001,-33.15856800000003,-23.531266000000002
-159.68646166666667,667.7730166666666,314.9883046666667,-171.402117,452.25816599999996,39.1594925,-53.1888965,241.37476850000002,96.753634,-67.710951,-33.05549499999998,-23.486555999999993
-159.64434666666668,667.6986559999999,315.013937,-171.32097149999998,452.1852775,39.1490385,-53.229132,241.093394,96.1952,-67.7703,-32.953168000000005,-23.440302000000003
-159.602303,667.6252133333334,315.0396296666667,-171.2416795,452.1136605,39.1393115,-53.270174999999995,240.816026,95.639414,-67.829598,-32.85161199999999,-23.392551999999995
-159.56032833333333,667.5527003333333,315.06538066666667,-171.1642395,452.043319,39.1303185,-53.312017999999995,240.54269,95.086374,-67.888824,-32.750850000000014,-23.34335399999999
-159.51842233333332,667.4811286666667,315.091188,-171.088651,451.97425499999997,39.122066999999994,-53.354654999999994,240.27341,94.5361765,-67.947958,-32.650902,-23.292756999999995
-159.47658366666667,667.4105089999999,315.11704933333334,-171.01491199999998,451.906471,39.114563,-53.398078,240.00820850000002,93.988918,-68.006978,-32.551793,-23.240812000000005
-159.43481166666666,667.3408523333334,315.14296199999995,-170.943017,451.839969,39.107811,-53.4422805,239.7471075,93.4446935,-68.065861,-32.453543000000025,-23.18757099999999
-159.393106,667.2721683333334,315.168923,-170.872961,451.7747495,39.101816,-53.4872545,239.49012399999998,92.90359699999999,-68.124589,-32.35617199999999,-23.133086000000006
-159.35146699999999,667.2044683333334,315.19492966666667,-170.8047375,451.7108135,39.096582,-53.532992,239.237276,92.36572050000001,-68.183138,-32.259702000000004,-23.077410999999998
-159.30989433333332,667.1377616666666,315.220978,-170.738338,451.64816099999996,39.0921115,-53.579485000000005,238.98857850000002,91.8311535,-68.24149,-32.16414899999998,-23.02059700000001
-159.26838866666665,667.0720576666668,315.247065,-170.673753,451.586792,39.088407000000004,-53.62672499999999,238.7440445,91.299984,-68.299622,-32.06953299999998,-22.962699999999998
-159.22695099999999,667.0073663333334,315.273186,-170.610972,451.526705,39.085469,-53.6747035,238.50368500000002,90.772297,-68.35751499999999,-31.97587200000001,-22.903774
-159.18558166666665,666.9436959999999,315.299338,-170.5499825,451.4679,39.083298500000005,-53.723412,238.26750950000002,90.248174,-68.415148,-31.883183000000002,-22.843874
-159.14428266666667,666.8810556666667,315.3255163333333,-170.490772,451.4103745,39.081894500000004,-53.7728415,238.0355235,89.727695,-68.47250500000001,-31.79147900000001,-22.783053999999993
-159.103055,666.8194533333334,315.3517163333333,-170.43332600000002,451.3541265,39.081255,-53.822983,237.80773299999998,89.21093400000001,-68.52956400000001,-31.70077599999999,-22.721369999999993
-159.06190033333334,666.7588966666667,315.37793366666665,-170.377629,451.2991535,39.081379,-53.873828,237.5841405,88.6979635,-68.58630600000001,-31.611086999999998,-22.65887699999999
-159.02082066666665,666.699393,315.4041633333334,-170.3236645,451.245453,39.082261499999994,-53.925367,237.364745,88.1888495,-68.642716,-31.522425999999996,-22.595629000000002
-158.97981833333333,666.6409493333334,315.43040033333335,-170.2714155,451.1930225,39.083898999999995,-53.977591499999996,237.14954649999999,87.6836565,-68.698775,-31.434803000000016,-22.531680999999992
-158.938896,666.583572,315.456639,-170.220863,451.14185799999996,39.086286,-54.030491999999995,236.9385395,87.18244250000001,-68.75446600000001,-31.348229000000003,-22.467087000000006
-158.89805533333333,666.5272666666666,315.48287466666665,-170.171988,451.09195550000004,39.089416,-54.084058999999996,236.7317185,86.6852615,-68.809774,-31.26271300000002,-22.401903000000004
-158.85730033333334,666.4720386666667,315.5091016666667,-170.1247705,451.0433115,39.093281499999996,-54.138284500000005,236.529075,86.1921625,-68.864681,-31.178264000000013,-22.336180999999996
-158.816633,666.4178936666666,315.535314,-170.0791885,450.99592199999995,39.0978745,-54.19315949999999,236.3305985,85.7031905,-68.919173,-31.094888999999995,-22.269975000000002
-158.77605666666668,666.3648356666666,315.56150633333334,-170.03522099999998,450.949783,39.103185499999995,-54.248675,236.136276,85.2183835,-68.973238,-31.012592000000012,-22.203337000000005
-158.735575,666.3128683333333,315.587673,-169.992845,450.90488849999997,39.109204000000005,-54.304822,235.94609300000002,84.737775,-69.02686,-30.93138000000002,-22.13631799999999
-158.695192,666.2619956666667,315.61380733333334,-169.952037,450.8612345,39.115919,-54.3615925,235.76003200000002,84.261393,-69.080027,-30.851256000000006,-22.068972000000002
-158.65491066666667,666.2122196666666,315.6399033333334,-169.91277350000001,450.8188165,39.1233185,-54.418978,235.5780755,83.78926000000001,-69.132726,-30.772222999999997,-22.001345999999998
-158.61473566666666,666.1635433333335,315.665955,-169.87502949999998,450.7776295,39.131388,-54.4769695,235.40020049999998,83.321393,-69.18494700000001,-30.694281000000018,-21.933492
-158.57467033333333,666.1159670000001,315.69195666666667,-169.83877999999999,450.737667,39.140114499999996,-54.535560499999995,235.226385,82.85780199999999,-69.236679,-30.617432000000008,-21.865458000000004
-158.53471833333333,666.0694936666666,315.71790100000004,-169.804,450.6989245,39.149483,-54.594742,235.056604,82.398493,-69.28791000000001,-30.541674,-21.797290000000004
-158.49488599999998,666.024123,315.7437823333333,-169.77066200000002,450.6613965,39.159476500000004,-54.654507,234.89083,81.943466,-69.338634,-30.467004000000003,-21.729036000000008
-158.45517566666666,665.9798546666667,315.7695946666667,-169.738741,450.6250775,39.1700775,-54.714847999999996,234.7290355,81.49271350000001,-69.388842,-30.393421000000018,-21.66074300000001
-158.41559266666664,665.9366886666667,315.79533100000003,-169.708209,450.589962,39.1812705,-54.7757575,234.5711885,81.046224,-69.438525,-30.320919000000004,-21.592451999999994
-158.37614233333332,665.8946236666667,315.820985,-169.6790395,450.5560445,39.193034499999996,-54.8372295,234.4172565,80.60397900000001,-69.487677,-30.249493,-21.524208
-158.33682833333333,665.8536573333333,315.84655033333337,-169.6512045,450.523319,39.205351500000006,-54.899257,234.267206,80.1659555,-69.53629199999999,-30.179137999999995,-21.456052999999997
-158.29765633333335,665.813788,315.8720206666667,-169.624677,450.4917795,39.218200499999995,-54.9618345,234.1210015,79.7321225,-69.584365,-30.109845000000007,-21.388026999999994
-158.258631,665.7750123333334,315.8973896666667,-169.5994285,450.46142,39.231561,-55.0249545,233.9786045,79.302447,-69.63189100000001,-30.041605000000004,-21.32016999999999
-158.219757,665.7373276666666,315.92265100000003,-169.57543099999998,450.4322355,39.245411000000004,-55.088612499999996,233.83997699999998,78.87688800000001,-69.678867,-29.974410000000006,-21.25251999999999
-158.18104033333336,665.700729,315.94779866666664,-169.5526575,450.40422,39.2597275,-55.152803000000006,233.70507750000002,78.4553995,-69.72529,-29.90824699999999,-21.185114999999996
-158.142485,665.665212,315.972827,-169.531078,450.3773665,39.2744885,-55.2175205,233.57386400000001,78.037931,-69.771157,-29.843108,-21.117987999999997
-158.104097,665.6307716666666,315.997729,-169.51066600000001,450.35167,39.2896705,-55.2827605,233.4462935,77.6244265,-69.816467,-29.778976999999998,-21.051175
-158.065881,665.5974016666665,316.02249866666665,-169.49139250000002,450.327124,39.305249499999995,-55.3485185,233.3223205,77.21482499999999,-69.861219,-29.715843000000007,-20.984707999999998
-158.02784233333333,665.5650973333333,316.04713066666665,-169.4732295,450.3037225,39.321199500000006,-55.4147905,233.2018995,76.809062,-69.905413,-29.65369099999998,-20.918620000000004
-157.98998633333335,665.5338493333334,316.071619,-169.45614899999998,450.2814595,39.3374975,-55.481573,233.0849825,76.407067,-69.94905,-29.592505000000017,-20.852937999999995
-157.95231833333335,665.5036516666665,316.09595833333333,-169.440123,450.26032799999996,39.3541175,-55.5488615,232.9715215,76.008767,-69.992131,-29.53227100000001,-20.787694000000002
-157.91484366666666,665.4744966666667,316.12014266666665,-169.42512349999998,450.2403215,39.371033999999995,-55.616653,232.861466,75.614083,-70.03465800000001,-29.472972,-20.722911999999994
-157.877567,665.446375,316.14416733333337,-169.4111235,450.2214345,39.388222,-55.6849445,232.75476550000002,75.222936,-70.07663299999999,-29.414589000000007,-20.65862
-157.84049366666667,665.4192790000001,316.16802633333333,-169.3980955,450.20365949999996,39.405654000000006,-55.7537335,232.6513675,74.8352385,-70.118061,-29.35710499999999,-20.594841000000002
-157.80362966666667,665.3931973333333,316.1917153333333,-169.3860125,450.1869905,39.423305500000005,-55.8230165,232.55122,74.45090450000001,-70.15894300000001,-29.300501999999994,-20.53160100000001
-157.766979,665.3681216666668,316.21522899999997,-169.374847,450.171419,39.44115,-55.8927925,232.454268,74.069843,-70.199285,-29.244760000000014,-20.46891800000001
-157.73054733333333,665.3440406666667,316.238563,-169.364573,450.1569395,39.4591615,-55.963058000000004,232.3604575,73.691961,-70.239092,-29.189859000000013,-20.406814000000004
-157.69433933333335,665.3209436666666,316.2617133333333,-169.355164,450.14354249999997,39.477315,-56.033812,232.2697325,73.317163,-70.278368,-29.135779000000014,-20.345308000000003
-157.65836033333332,665.2988196666666,316.28467466666666,-169.346595,450.13122150000004,39.495584,-56.1050525,232.18203649999998,72.9453525,-70.31712100000001,-29.082501000000008,-20.284419000000007
-157.622615,665.2776563333333,316.307444,-169.3388385,450.1199685,39.513944,-56.176777,232.0973115,72.5764315,-70.355356,-29.030001,-20.224162999999997
-157.587108,665.2574423333334,316.330017,-169.33187049999998,450.109775,39.5323695,-56.248985000000005,232.0155005,72.21029949999999,-70.393078,-28.97825899999998,-20.164552999999998
-157.55184433333332,665.2381636666667,316.35239,-169.3256665,450.100632,39.550836999999994,-56.3216745,231.9365445,71.8468575,-70.430297,-28.927253000000007,-20.105604999999997
-157.51682833333334,665.219809,316.37456,-169.3202015,450.0925305,39.569322,-56.3948435,231.8603835,71.48600400000001,-70.46701900000001,-28.876961000000023,-20.047331999999997
-157.48206466666667,665.2023636666667,316.39652433333333,-169.315451,450.08546,39.5878005,-56.468492499999996,231.7869585,71.127639,-70.503253,-28.827360999999996,-19.989744
-157.44755733333332,665.1858143333333,316.41827900000004,-169.3113925,450.079412,39.606251,-56.542618000000004,231.716207,70.7716615,-70.539006,-28.778430000000014,-19.932850999999992
-157.41331100000002,665.1701476666666,316.4398223333333,-169.3080015,450.07437500000003,39.6246515,-56.617219500000004,231.6480695,70.4179725,-70.574287,-28.730144999999993,-19.876665000000003
-157.37932933333335,665.1553483333333,316.46115133333336,-169.30525599999999,450.0703385,39.64298,-56.692296,231.5824835,70.066473,-70.609104,-28.682484999999986,-19.82119
-157.34561666666667,665.141402,316.48226500000004,-169.303134,450.0672905,39.6612175,-56.7678455,231.5193865,69.7170665,-70.643467,-28.635424999999998,-19.766436999999996
-157.312177,665.1282943333334,316.50316066666664,-169.30161249999998,450.0652185,39.679344,-56.8438655,231.45871599999998,69.36965649999999,-70.677385,-28.588945999999993,-19.712408999999994
-157.279014,665.1160093333334,316.523837,-169.3006705,450.06411,39.697342500000005,-56.920356,231.4004095,69.024151,-70.71086600000001,-28.54302100000001,-19.659112
-157.24613066666666,665.1045313333334,316.54429266666665,-169.30028750000002,450.06395150000003,39.7151945,-56.997314,231.3444015,68.6804585,-70.743922,-28.497631000000013,-19.606549
-157.21353100000002,665.093846,316.564527,-169.300442,450.0647285,39.732885,-57.074737,231.29063000000002,68.338491,-70.77656200000001,-28.452752000000004,-19.554722000000005
-157.18121766666664,665.0839363333333,316.58453933333334,-169.301115,450.06642650000003,39.7504,-57.152623,231.23903,67.9981645,-70.80879399999999,-28.408361999999983,-19.503635000000003
-157.149194,665.0747866666666,316.60432899999995,-169.30228499999998,450.06902849999994,39.7677255,-57.2309695,231.1895365,67.659396,-70.840629,-28.364441,-19.453287999999993
-157.117463,665.0663810000001,316.623896,-169.303934,450.0725195,39.78485,-57.3097735,231.142084,67.3221095,-70.872077,-28.320966,-19.403679000000004
-157.086027,665.0587023333334,316.6432406666667,-169.3060435,450.0768815,39.801763,-57.389030999999996,231.0966075,66.98623,-70.903148,-28.277915000000007,-19.35481
-157.05488866666667,665.051735,316.66236366666664,-169.3085935,450.082096,39.818456000000005,-57.4687395,231.053042,66.6516895,-70.933853,-28.23526799999999,-19.306676999999993
-157.02405033333332,665.045462,316.68126466666666,-169.3115675,450.088144,39.8349215,-57.5488935,231.0113205,66.318422,-70.964199,-28.193005,-19.259277999999995
-156.99351433333334,665.0398666666666,316.699946,-169.31494700000002,450.09500549999996,39.8511535,-57.6294895,230.97137800000002,65.9863695,-70.994199,-28.151106,-19.212609
-156.963282,665.0349326666666,316.718408,-169.3187155,450.10266,39.8671485,-57.710523,230.933147,65.6554755,-71.023862,-28.109552000000008,-19.166667000000004
-156.93335533333334,665.0306429999999,316.7366523333333,-169.3228555,450.1110855,39.882903999999996,-57.7919875,230.89656200000002,65.3256915,-71.053197,-28.06832399999999,-19.121445
-156.903736,665.026981,316.75468199999995,-169.327351,450.120259,39.8984195,-57.873877500000006,230.861556,64.996973,-71.082213,-28.027401999999995,-19.07694
-156.87442466666667,665.0239303333333,316.7724973333333,-169.33218599999998,450.1301565,39.913695,-57.956187,230.8280615,64.6692835,-71.11092199999999,-27.98676900000001,-19.033143000000003
-156.84542366666668,665.0214733333333,316.790102,-169.337345,450.140754,39.928734999999996,-58.038909000000004,230.79601300000002,64.342589,-71.139332,-27.946409999999986,-18.990048
-156.81673233333333,665.019594,316.80749833333334,-169.34281299999998,450.15202550000004,39.9435435,-58.1220365,230.76534249999997,64.016864,-71.16745300000001,-27.906305000000003,-18.94764599999999
-156.78835233333334,665.0182756666667,316.82468866666665,-169.34857399999999,450.163944,39.9581265,-58.205560500000004,230.735983,63.692088,-71.19529299999999,-27.86644000000001,-18.905930000000005
-156.76028366666665,665.017502,316.84167699999995,-169.354615,450.1764835,39.972493,-58.289474,230.70786900000002,63.368247499999995,-71.22286199999999,-27.82680000000002,-18.864890999999993
-156.732527,665.0172560000001,316.85846633333335,-169.36092200000002,450.1896135,39.9866535,-58.3737665,230.680931,63.0453345,-71.250169,-27.78736999999998,-18.824517
-156.7050813333333,665.0175226666667,316.8750603333333,-169.36748,450.203306,40.000618499999995,-58.45843,230.655105,62.723349,-71.27722200000001,-27.748135999999988,-18.784799999999997
-156.67794733333335,665.0182843333333,316.891463,-169.374276,450.2175295,40.0144035,-58.543453,230.630322,62.402295,-71.30403000000001,-27.709086000000013,-18.745728
-156.6511243333333,665.019526,316.90767866666664,-169.38129750000002,450.232254,40.0280225,-58.628826000000004,230.606516,62.082184,-71.3306,-27.670206000000007,-18.70729
-156.62461166666665,665.0212313333333,316.92371066666664,-169.388532,450.2474465,40.041494,-58.714537,230.5836215,61.763036,-71.35694199999999,-27.631486999999993,-18.669474
-156.5984083333333,665.023386,316.9395646666667,-169.395966,450.2630745,40.054837,-58.800574,230.5615715,61.4448735,-71.383062,-27.592914999999977,-18.632267000000006
-156.572513,665.0259733333334,316.955245,-169.403589,450.27910399999996,40.0680715,-58.886925,230.5403005,61.1277285,-71.408968,-27.554483000000005,-18.595656999999996
-156.546925,665.0289783333333,316.9707563333333,-169.4113885,450.2955015,40.0812205,-58.9735775,230.519743,60.811638,-71.434669,-27.51617999999999,-18.55963
-156.521642,665.0323869999999,316.98610433333334,-169.4193535,450.3122305,40.0943085,-59.0605175,230.499833,60.4966455,-71.46016900000001,-27.477998000000014,-18.524172999999998
-156.49666233333335,665.0361846666666,317.0012936666667,-169.42747350000002,450.329256,40.1073605,-59.147732500000004,230.480508,60.1828,-71.485477,-27.439929999999976,-18.489270000000005
-156.47198433333332,665.0403566666665,317.01633066666665,-169.43573700000002,450.346541,40.1204045,-59.2352065,230.461702,59.8701565,-71.510599,-27.40196800000001,-18.454907000000006
-156.4476056666667,665.0448893333333,317.03122,-169.4441355,450.36404849999997,40.1334685,-59.3229265,230.4433525,59.558777,-71.53554100000001,-27.36410699999999,-18.42107
-156.42352366666668,665.0497683333334,317.04596833333335,-169.4526575,450.381742,40.1465835,-59.410877,230.42539549999998,59.2487275,-71.56031000000002,-27.326340999999985,-18.387743
-156.399736,665.0549816666667,317.060581,-169.4612945,450.3995825,40.15978,-59.499042,230.4077705,58.94008,-71.58491000000001,-27.28866499999998,-18.354910000000004
-156.37623933333333,665.060516,317.07506433333333,-169.4700375,450.41753200000005,40.1730915,-59.5874065,230.39041550000002,58.632911500000006,-71.60934900000001,-27.25107699999998,-18.322553000000006
-156.35303066666665,665.0663586666666,317.0894246666667,-169.478878,450.43555200000003,40.18655150000001,-59.675954,230.3732695,58.3273045,-71.63363,-27.213572999999997,-18.290657000000003
-156.33010733333333,665.0724976666667,317.10366799999997,-169.4878075,450.4536035,40.200194499999995,-59.764669,230.3562735,58.0233455,-71.65776,-27.176150999999976,-18.259204999999994
-156.307465,665.0789209999999,317.117801,-169.4968175,450.4716475,40.2140575,-59.8535345,230.339369,57.7211255,-71.681741,-27.138807999999983,-18.228181
-156.28510066666666,665.0856176666666,317.13183000000004,-169.505902,450.4896455,40.2281775,-59.942535,230.322499,57.4207385,-71.705582,-27.10154399999999,-18.197564999999997
-156.26300999999998,665.0925773333333,317.1457613333334,-169.51505300000002,450.507559,40.242591,-60.0316535,230.305607,57.122285000000005,-71.729283,-27.064359999999994,-18.167340000000003
-156.241189,665.0997886666668,317.159602,-169.524265,450.5253475,40.2573365,-60.120873,230.2886375,56.8258655,-71.75285,-27.027254999999997,-18.137489000000002
-156.21963366666668,665.1072426666666,317.1733586666667,-169.53353099999998,450.5429745,40.272454,-60.210178,230.2715375,56.531587,-71.776288,-26.990229,-18.107992000000003
-156.19833966666667,665.1149293333333,317.18703766666664,-169.5428465,450.56039999999996,40.287982,-60.299552,230.254256,56.239557,-71.79959799999999,-26.95328599999999,-18.07883199999999
-156.17730166666666,665.12284,317.2006463333333,-169.5522055,450.5775875,40.303961,-60.3889785,230.2367405,55.949884499999996,-71.82278699999999,-26.916427,-18.049989000000004
-156.15651566666668,665.130965,317.21419099999997,-169.5616045,450.594499,40.3204305,-60.4784415,230.2189425,55.662684,-71.845855,-26.879655000000014,-18.021444000000002
-156.13597633333333,665.1392986666666,317.227679,-169.57103899999998,450.6110975,40.337431,-60.5679265,230.20081549999998,55.3780685,-71.868807,-26.842973,-17.993178999999998
-156.11567833333334,665.1478316666667,317.2411163333333,-169.58050550000002,450.62734750000004,40.3550035,-60.6574175,230.18231400000002,55.0961535,-71.891645,-26.806386000000003,-17.965172999999993
-156.09561699999998,665.156558,317.25451033333337,-169.59000200000003,450.643214,40.373186499999996,-60.746900000000004,230.16339349999998,54.817056,-71.914372,-26.769896999999986,-17.937408000000005
-156.07578666666666,665.1654706666667,317.267868,-169.5995255,450.65866200000005,40.392021,-60.83636,230.1440135,54.5408915,-71.93699000000001,-26.73351100000002,-17.909863
-156.05618133333334,665.1745643333333,317.2811953333333,-169.60907550000002,450.6736585,40.4115465,-60.9257845,230.124134,54.267776999999995,-71.959503,-26.69723399999998,-17.882517999999997
-156.03679666666667,665.183833,317.29449933333336,-169.6186495,450.688171,40.4318015,-61.015159499999996,230.103717,53.9978295,-71.981911,-26.661069999999995,-17.855355000000003
-156.017625,665.193273,317.30778699999996,-169.62824849999998,450.702169,40.452825499999996,-61.1044735,230.082728,53.731165000000004,-72.004219,-26.62502599999999,-17.828352000000002
-155.99866166666666,665.2028793333333,317.3210643333333,-169.637872,450.715623,40.474655999999996,-61.193716,230.06113399999998,53.467898,-72.026426,-26.58910799999998,-17.80149
-155.97990033333335,665.2126480000001,317.33433866666667,-169.64752199999998,450.7285035,40.4973295,-61.282875499999996,230.0389045,53.208142,-72.048537,-26.553322999999978,-17.774748000000002
-155.961335,665.2225766666667,317.3476146666667,-169.6572,450.74078499999996,40.520883500000004,-61.371944,230.0160115,52.952006999999995,-72.07055,-26.517674999999997,-17.748106
-155.942959,665.2326630000001,317.36090133333335,-169.66690849999998,450.752442,40.545352,-61.460912,229.99242900000002,52.699603999999994,-72.09247,-26.482174000000015,-17.721544
-155.92476633333334,665.2429040000001,317.37420266666663,-169.676651,450.7634505,40.5707695,-61.549773,229.96813400000002,52.451038,-72.114296,-26.446826000000016,-17.695042
-155.90675033333332,665.2532993333333,317.38752600000004,-169.686432,450.7737885,40.5971685,-61.6385205,229.9431075,52.2064135,-72.136031,-26.41163899999998,-17.668579
-155.88890466666666,665.263848,317.40087666666665,-169.696255,450.783437,40.6245805,-61.727151,229.917331,51.965830499999996,-72.157676,-26.376618000000008,-17.642135000000003
-155.87122266666668,665.2745486666666,317.4142606666667,-169.70612649999998,450.792377,40.653035,-61.81566,229.89078949999998,51.7293855,-72.179232,-26.341773000000018,-17.615690999999998
-155.85369833333334,665.2854033333333,317.427684,-169.7160535,450.80059300000005,40.6825615,-61.9040465,229.8634715,51.497171,-72.200701,-26.307108999999997,-17.589225999999996
-155.836324,665.2964113333334,317.44115266666665,-169.726043,450.8080705,40.7131865,-61.99230850000001,229.83536800000002,51.2692755,-72.222083,-26.272636000000006,-17.562719
-155.8190933333333,665.3075753333334,317.45467133333335,-169.736103,450.8147985,40.7449345,-62.0804485,229.8064725,51.0457825,-72.243381,-26.238360999999998,-17.536151000000004
-155.80200033333332,665.3188966666667,317.4682453333333,-169.746243,450.820766,40.777828500000005,-62.168468,229.7767825,50.826770499999995,-72.264594,-26.204289000000017,-17.509503000000002
-155.78503666666668,665.3303783333333,317.481881,-169.756472,450.82596650000005,40.811890999999996,-62.256372000000006,229.746297,50.612313,-72.285724,-26.17043000000001,-17.482754
-155.768197,665.342023,317.49558199999996,-169.76680149999999,450.83039499999995,40.8471415,-62.3441655,229.71501949999998,50.402479,-72.306771,-26.136790999999988,-17.455886
-155.751474,665.3538343333333,317.50935333333337,-169.7772425,450.8340475,40.883596999999995,-62.4318565,229.682955,50.1973305,-72.327739,-26.103377999999992,-17.428878999999995
-155.73486033333333,665.3658173333333,317.5232003333333,-169.78780799999998,450.836925,40.9212725,-62.519453999999996,229.6501135,49.9969235,-72.348626,-26.070199000000002,-17.401713
-155.71835,665.377976,317.537127,-169.79851200000002,450.839028,40.960182,-62.6069685,229.6165065,49.80131,-72.369433,-26.037258999999978,-17.37437
-155.70193633333335,665.3903156666667,317.55113800000004,-169.8093675,450.8403615,41.0003375,-62.694413499999996,229.5821475,49.610533000000004,-72.390163,-26.00456700000001,-17.346832
-155.68561166666666,665.4028423333334,317.565237,-169.82039,450.840932,41.0417465,-62.781803000000004,229.547057,49.424631,-72.410816,-25.972127999999998,-17.31908
-155.66936966666665,665.415562,317.5794283333333,-169.831596,450.84074899999996,41.084417,-62.869153,229.511254,49.243635,-72.43139400000001,-25.939947999999987,-17.291094
-155.653204,665.4284813333334,317.5937156666667,-169.8430015,450.839824,41.128353000000004,-62.956481999999994,229.474763,49.06757,-72.451896,-25.908033999999986,-17.262859999999996
-155.63710799999998,665.441608,317.60810166666664,-169.8546245,450.838171,41.173556999999995,-63.0438095,229.437611,48.896455,-72.472323,-25.876390000000015,-17.234358
-155.62107466666666,665.4549499999999,317.622591,-169.86648300000002,450.83580700000005,41.220029000000004,-63.131158500000005,229.39982750000001,48.7302995,-72.492677,-25.845022999999998,-17.205571
-155.60509766666667,665.4685146666666,317.6371863333333,-169.878597,450.8327495,41.267767500000005,-63.218551000000005,229.361445,48.5691085,-72.51295999999999,-25.813936000000012,-17.176481000000003
-155.589171,665.4823103333333,317.65189,-169.8909865,450.829021,41.316768,-63.3060125,229.3224995,48.4128795,-72.533171,-25.783134999999987,-17.147075
-155.5732876666667,665.4963473333333,317.6667053333333,-169.903671,450.82464500000003,41.3670225,-63.393570499999996,229.283028,48.261603,-72.553313,-25.752623999999997,-17.117334
-155.55744133333334,665.5106336666666,317.68163499999997,-169.916673,450.8196475,41.4185245,-63.48125400000001,229.24307199999998,48.1152625,-72.573386,-25.722408,-17.087243
-155.5416263333333,665.52518,317.6966813333333,-169.9300145,450.8140565,41.471261,-63.569092,229.2026745,47.973834499999995,-72.59339,-25.692489000000023,-17.056784999999998
-155.525837,665.5399963333333,317.7118463333333,-169.9437185,450.8079025,41.52522,-63.6571185,229.161881,47.8372895,-72.61332900000001,-25.662869999999998,-17.025949000000004
-155.51006666666666,665.5550926666666,317.72713166666665,-169.957808,450.801218,41.580386499999996,-63.7453655,229.1207405,47.7055895,-72.633201,-25.633555,-16.994717
-155.49431,665.57048,317.7425396666667,-169.972307,450.7940375,41.636742,-63.83386900000001,229.07930249999998,47.5786925,-72.653008,-25.604546999999997,-16.963077
-155.47856033333335,665.5861696666667,317.758072,-169.987241,450.7863975,41.6942675,-63.922665499999994,229.03762,47.4565475,-72.672753,-25.575846000000013,-16.931013
-155.46281333333332,665.602173,317.77372966666667,-170.0026345,450.7783375,41.752942499999996,-64.011793,228.9957465,47.3390975,-72.692436,-25.547455000000014,-16.898515000000003
-155.44706299999999,665.6185013333334,317.789514,-170.01851249999999,450.7698975,41.812743000000005,-64.1012905,228.95374049999998,47.226281,-72.712057,-25.519374999999997,-16.865567999999996
-155.43130399999998,665.635167,317.8054266666666,-170.034901,450.7611195,41.873644,-64.1911985,228.91165949999998,47.1180285,-72.731619,-25.491607000000016,-16.832161
-155.41553166666668,665.6521816666667,317.8214673333334,-170.051827,450.752047,41.9356195,-64.2815595,228.869563,47.014264499999996,-72.75112100000001,-25.464152000000013,-16.798280999999996
-155.39974066666667,665.6695576666667,317.83763700000003,-170.069317,450.742726,41.998639999999995,-64.372415,228.8275125,46.9149095,-72.770566,-25.437009000000018,-16.763919
-155.383926,665.6873073333333,317.85393700000003,-170.0873975,450.733203,42.062676499999995,-64.463809,228.785572,46.8198765,-72.789956,-25.410179999999997,-16.729062999999996
-155.36808366666665,665.7054433333333,317.8703673333333,-170.1060955,450.723526,42.127697000000005,-64.5557865,228.7438045,46.729074,-72.809289,-25.38366099999999,-16.693704000000004
-155.35220933333335,665.7239783333333,317.886928,-170.1254385,450.713745,42.193668,-64.648392,228.70227599999998,46.6424055,-72.82856999999998,-25.35745399999999,-16.657831
-155.33629766666664,665.7429243333333,317.90361966666666,-170.1454535,450.7039095,42.26055650000001,-64.741671,228.66105249999998,46.5597695,-72.847796,-25.331557000000004,-16.621434999999998
-155.32034566666667,665.7622950000001,317.92044066666665,-170.166167,450.69407149999995,42.328326000000004,-64.83567,228.6202005,46.4810595,-72.866972,-25.30596699999998,-16.584508999999997
-155.30434966666667,665.7821026666667,317.93739266666665,-170.187607,450.684283,42.396941,-64.9304355,228.579788,46.406165,-72.886097,-25.280684000000008,-16.547046
-155.28830466666668,665.8023596666667,317.95447399999995,-170.2098005,450.6745965,42.4663625,-65.0260145,228.539883,46.334972500000006,-72.90517299999999,-25.25570399999998,-16.509037
-155.272208,665.8230789999999,317.9716843333333,-170.232774,450.665066,42.536553,-65.12245300000001,228.500554,46.2673615,-72.9242,-25.231025999999986,-16.470474999999993
-155.256057,665.8442733333333,317.98902400000003,-170.256553,450.65574449999997,42.6074725,-65.219797,228.46186849999998,46.203210999999996,-72.94318000000001,-25.206647000000004,-16.431356
-155.23984733333333,665.8659550000001,318.00649100000004,-170.2811655,450.6466875,42.679081499999995,-65.318094,228.42389550000001,46.142396000000005,-72.962114,-25.182560999999993,-16.391674000000002
-155.22357733333334,665.888136,318.0240846666667,-170.306636,450.63794800000005,42.751339,-65.4173895,228.386703,46.084788,-72.98100099999999,-25.15876799999998,-16.351424
-155.2072433333333,665.910829,318.04180433333335,-170.3329895,450.6295805,42.8242035,-65.517729,228.3503585,46.030255499999996,-72.99984599999999,-25.13526300000001,-16.310601
-155.190844,665.934045,318.0596493333333,-170.360251,450.6216395,42.897634000000004,-65.6191565,228.3149295,45.978665500000005,-73.01864499999999,-25.112043,-16.269202999999997
-155.17437600000002,665.957796,318.07761733333336,-170.3884445,450.614179,42.971589,-65.7217165,228.280482,45.929883000000004,-73.03740300000001,-25.089101999999997,-16.227225999999995
-155.15783833333333,665.982094,318.09570766666667,-170.4175935,450.607252,43.046026,-65.8254505,228.2470815,45.8837695,-73.056119,-25.066437000000008,-16.184669
-155.14122866666665,666.0069493333333,318.1139186666666,-170.4477205,450.600911,43.120903,-65.930401,228.214792,45.8401875,-73.074792,-25.04404200000002,-16.141529
-155.12454566666668,666.0323726666667,318.1322493333334,-170.4788465,450.5952085,43.196178,-66.0366085,228.1836775,45.7989965,-73.093425,-25.021915000000007,-16.097807000000003
-155.10778766666667,666.0583746666666,318.150698,-170.510992,450.590196,43.271809000000005,-66.1441115,228.153799,45.760056000000006,-73.112017,-25.000049999999987,-16.053502
-155.09095433333331,666.0849643333333,318.16926233333334,-170.544177,450.58592350000004,43.34775449999999,-66.252946,228.12521700000002,45.7232245,-73.13057,-24.978442,-16.008612999999997
-155.074044,666.112152,318.18794133333336,-170.5784205,450.58243949999996,43.4239725,-66.3631475,228.0979895,45.68836,-73.149083,-24.957087,-15.963144
-155.05705633333335,666.1399463333333,318.2067323333333,-170.61374,450.5797925,43.500423,-66.474749,228.07217350000002,45.6553205,-73.16755599999999,-24.93597700000001,-15.917094999999996
-155.03999133333332,666.1683553333332,318.2256346666666,-170.6501505,450.57802949999996,43.5770645,-66.587782,228.0478235,45.6239655,-73.18599,-24.915110999999996,-15.870469
-155.02284766666668,666.1973866666667,318.2446456666667,-170.687668,450.5771945,43.653858,-66.7022755,228.0249915,45.594153500000004,-73.204385,-24.894480999999985,-15.823269000000003
-155.00562633333334,666.2270483333333,318.26376366666665,-170.7263055,450.5773315,43.73076450000001,-66.818254,228.0037275,45.565743999999995,-73.22274,-24.874082999999985,-15.775500000000001
-154.98832733333333,666.2573463333333,318.2829863333333,-170.7660755,450.5784815,43.807744,-66.9357415,227.9840795,45.5385985,-73.241055,-24.85391100000001,-15.727165
-154.970951,666.2882866666666,318.30231200000003,-170.8069885,450.580684,43.884761,-67.0547595,227.966092,45.5125795,-73.259331,-24.833961999999985,-15.678270999999995
-154.953498,666.3198743333332,318.3217383333333,-170.8490535,450.583978,43.961777,-67.175325,227.94980750000002,45.4875495,-73.27756600000001,-24.814228999999983,-15.628822999999997
-154.935969,666.3521136666667,318.34126333333336,-170.892278,450.5883975,44.0387575,-67.297453,227.9352655,45.463376,-73.29576,-24.79470699999999,-15.578827999999994
-154.91836566666666,666.3850093333334,318.36088466666666,-170.936669,450.593977,44.1156665,-67.4211555,227.922503,45.4399265,-73.313913,-24.77539200000001,-15.528292999999998
-154.900689,666.4185636666666,318.3805996666667,-170.98222950000002,450.600747,44.192471499999996,-67.5464395,227.9115525,45.41707,-73.332023,-24.756279000000006,-15.477226000000002
-154.88294,666.4527783333333,318.4004073333333,-171.0289625,450.60873649999996,44.2691395,-67.6733115,227.9024445,45.3946805,-73.350089,-24.737363000000016,-15.425636999999995
-154.86512100000002,666.4876553333332,318.4203043333333,-171.0768685,450.6179715,44.345639000000006,-67.8017705,227.8952065,45.372633,-73.368111,-24.718638999999996,-15.373536000000001
-154.84723400000001,666.5231949999999,318.44028833333334,-171.1259475,450.628476,44.4219405,-67.931816,227.889862,45.3508055,-73.386086,-24.70010400000001,-15.320931000000002
-154.82928,666.5593966666667,318.4603573333333,-171.1761955,450.640271,44.498015,-68.063441,227.88643100000002,45.329080000000005,-73.404016,-24.681753999999984,-15.267834
-154.81126233333336,666.596259,318.480509,-171.22760849999997,450.653375,44.573834500000004,-68.1966355,227.8849305,45.3073415,-73.421895,-24.663583000000017,-15.214257000000003
-154.79318266666667,666.633779,318.5007403333334,-171.2801805,450.6678035,44.649374,-68.3313855,227.88537300000002,45.285479,-73.43972500000001,-24.645588000000004,-15.160212000000001
-154.77504433333334,666.671954,318.52104966666667,-171.3339015,450.68356900000003,44.7246075,-68.46767249999999,227.8877695,45.263384,-73.457501,-24.627767000000006,-15.105712000000004
-154.75685,666.7107796666667,318.5414336666667,-171.38876249999998,450.70068200000003,44.799512500000006,-68.605475,227.8921245,45.240952,-73.475224,-24.610115000000008,-15.05077
-154.73860166666668,666.7502499999999,318.56189,-171.44475,450.719149,44.874067000000004,-68.744767,227.8984405,45.218084,-73.492892,-24.592628999999988,-14.995401999999999
-154.720304,666.7903593333333,318.582417,-171.501851,450.738975,44.9482495,-68.885517,227.90671550000002,45.1946845,-73.5105,-24.57530699999998,-14.939621000000002
-154.701959,666.8311,318.60301066666665,-171.5600485,450.76016,45.0220425,-69.0276915,227.916945,45.170662,-73.52804699999999,-24.558146000000022,-14.883443999999997
-154.68357033333334,666.8724636666666,318.623669,-171.6193245,450.7827035,45.0954275,-69.171251,227.92911800000002,45.145928,-73.54553200000001,-24.541144000000003,-14.826886000000002
-154.665142,666.91444,318.64438966666665,-171.6796595,450.8066,45.168389000000005,-69.316152,227.943222,45.1204025,-73.56295,-24.524298000000016,-14.769965
-154.64667733333332,666.9570186666667,318.66516866666666,-171.741031,450.831842,45.240911000000004,-69.462348,227.9592395,45.094005499999994,-73.5803,-24.507609000000002,-14.712696999999999
-154.62818,667.0001883333333,318.6860043333333,-171.803415,450.85841800000003,45.3129805,-69.609787,227.9771495,45.0666655,-73.597578,-24.491071000000005,-14.655101000000002
-154.60965433333334,667.0439356666667,318.7068933333333,-171.8667865,450.8863155,45.384586999999996,-69.75841249999999,227.9969275,45.0383135,-73.614783,-24.474687000000017,-14.597195
-154.59110433333333,667.0882463333334,318.72783266666664,-171.931118,450.915516,45.455719,-69.908165,228.01854300000002,45.008887,-73.63191,-24.45845399999999,-14.538998
-154.5725336666667,667.1331053333333,318.74881933333336,-171.996379,450.946001,45.526368,-70.05898,228.0419645,44.9783275,-73.648956,-24.442373000000003,-14.480531
-154.55394733333333,667.1784966666667,318.76985033333335,-172.0625395,450.977747,45.596525,-70.210789,228.067155,44.946581,-73.66591799999999,-24.42644199999998,-14.421812000000003
-154.535349,667.224403,318.79092233333336,-172.1295665,451.01072899999997,45.6661855,-70.36352,228.0940725,44.9136005,-73.682794,-24.410663,-14.362863000000004
-154.51674366666668,667.270805,318.81203166666666,-172.1974255,451.0449185,45.7353435,-70.5170965,228.12267450000002,44.8793425,-73.699579,-24.39503499999998,-14.303704999999994
-154.49813566666668,667.3176843333334,318.83317566666665,-172.26608,451.0802825,45.803996,-70.6714385,228.15291100000002,44.84376949999999,-73.716269,-24.379559999999998,-14.244357
-154.47952966666665,667.365019,318.8543506666667,-172.33549349999998,451.1167885,45.87214,-70.8264615,228.184731,44.80685,-73.732863,-24.364238,-14.184844000000005
-154.46093,667.4127869999999,318.87555233333336,-172.40562549999999,451.1543995,45.939775000000004,-70.9820775,228.2180785,44.768556000000004,-73.74935500000001,-24.34907100000001,-14.125186000000006
-154.44234200000002,667.460966,318.896778,-172.4764365,451.19307549999996,46.0069,-71.13819699999999,228.2528935,44.7288655,-73.765742,-24.334059000000025,-14.065407
-154.42377033333332,667.5095313333333,318.9180226666667,-172.5478835,451.232774,46.07351800000001,-71.294724,228.28911399999998,44.687763000000004,-73.78202199999998,-24.31920599999998,-14.005528000000005
-154.40521966666668,667.5584586666668,318.9392833333333,-172.6199245,451.27345,46.1396295,-71.451561,228.3266725,44.645236499999996,-73.79818800000001,-24.304512999999986,-13.945573000000003
-154.38669433333334,667.607721,318.96055533333333,-172.69251500000001,451.315057,46.205239500000005,-71.6086085,228.365499,44.6012805,-73.81423899999999,-24.289984000000004,-13.885565
-154.36820066666667,667.6572913333333,318.98183500000005,-172.76560899999998,451.3575455,46.2703515,-71.765762,228.405521,44.555893999999995,-73.83017000000001,-24.275620000000004,-13.825527999999998
-154.34974266666666,667.7071413333333,319.003117,-172.839161,451.4008625,46.334971,-71.9229155,228.446662,44.509082,-73.845979,-24.261424000000005,-13.765484
-154.33132533333333,667.757242,319.02439766666663,-172.91312299999998,451.4449545,46.3991055,-72.07996,228.48884099999998,44.460854999999995,-73.86166,-24.2474,-13.705458
-154.3129536666667,667.8075626666667,319.04567133333336,-172.9874475,451.4897655,46.4627615,-72.236785,228.5319755,44.411227999999994,-73.87721200000001,-24.233551000000006,-13.645474
-154.29463266666667,667.8580723333334,319.06693333333334,-173.06208550000002,451.5352375,46.525947,-72.3932775,228.57598050000001,44.360220999999996,-73.892629,-24.219881000000015,-13.585553999999995
-154.27636800000002,667.908739,319.088179,-173.1369875,451.5813095,46.588672,-72.549323,228.620767,44.307859,-73.90790799999999,-24.20639399999999,-13.525722000000002
-154.25816366666666,667.95953,319.1094023333333,-173.2121045,451.6279205,46.6509455,-72.704805,228.666243,44.2541745,-73.923046,-24.193092000000007,-13.466003
-154.24002533333334,668.0104113333333,319.130598,-173.287386,451.6750055,46.7127785,-72.8596065,228.7123155,44.1992015,-73.938041,-24.179980999999998,-13.406419
-154.221958,668.0613486666667,319.15176,-173.362782,451.72250099999997,46.774181999999996,-73.0136085,228.75888750000001,44.1429815,-73.952887,-24.167067000000003,-13.346992999999998
-154.20396633333334,668.1123073333333,319.17288333333335,-173.4382425,451.7703395,46.8351675,-73.16669300000001,228.80586,44.08556,-73.967584,-24.154349999999994,-13.287748
-154.18605533333334,668.1632500000001,319.1939603333333,-173.5137165,451.81845350000003,46.895748,-73.318739,228.8531335,44.026987,-73.98212600000001,-24.14183699999998,-13.228707999999997
-154.16823,668.2141413333334,319.214986,-173.5891545,451.86677399999996,46.955935499999995,-73.4696275,228.9006025,43.967318,-73.996513,-24.12953300000001,-13.169894
-154.15049533333334,668.264944,319.2359516666666,-173.66450650000002,451.91523,47.015744500000004,-73.61924,228.94816500000002,43.906613,-74.01074,-24.11744200000001,-13.111329999999995
-154.13285533333334,668.3156200000001,319.25685200000004,-173.739724,451.9637515,47.075188000000004,-73.7674565,228.9957125,43.844936000000004,-74.02480700000001,-24.105567000000008,-13.053034000000004
-154.115316,668.3661316666667,319.2776793333333,-173.81475799999998,452.012267,47.1342795,-73.9141595,229.043138,43.782356,-74.03870900000001,-24.09391599999998,-12.99503
-154.09788133333333,668.4164396666666,319.2984256666667,-173.88956000000002,452.060703,47.193034,-74.059232,229.0903315,43.7189465,-74.052446,-24.082491000000005,-12.937335000000004
-154.080556,668.4665056666666,319.3190836666667,-173.964084,452.1089875,47.251466,-74.2025575,229.137182,43.654785000000004,-74.066015,-24.071298000000013,-12.879973999999997
-154.063345,668.5162906666666,319.339645,-174.038283,452.15704700000003,47.3095905,-74.34402449999999,229.1835795,43.589952999999994,-74.079415,-24.060340999999994,-12.822960000000002
-154.04625299999998,668.5657553333333,319.36010166666665,-174.1121135,452.2048085,47.367422,-74.483521,229.2294115,43.524536499999996,-74.092644,-24.049624999999992,-12.766316999999994
-154.029284,668.6148593333334,319.3804446666666,-174.1855315,452.252198,47.424976,-74.6209375,229.2745635,43.4586245,-74.10570100000001,-24.039153,-12.710059000000001
-154.012443,668.6635636666666,319.40066466666667,-174.25849499999998,452.2991425,47.482267,-74.756169,229.318924,43.392311500000005,-74.118586,-24.028931999999998,-12.654204999999997
-153.99573333333333,668.7118283333333,319.4207523333334,-174.3309635,452.345569,47.53931,-74.88911300000001,229.362379,43.325694,-74.131298,-24.018963999999983,-12.598768
-153.97916066666667,668.7596136666666,319.44069866666666,-174.4029,452.39140499999996,47.5961205,-75.01967,229.40481499999999,43.258872,-74.143836,-24.009251999999975,-12.543765999999998
-153.96272833333333,668.8068803333333,319.460494,-174.4742655,452.43657900000005,47.6527135,-75.1477455,229.4461195,43.19195,-74.15620100000001,-23.999803000000014,-12.48921
-153.94644100000002,668.8535893333334,319.48012766666665,-174.5450275,452.4810185,47.7091025,-75.27324949999999,229.4861795,43.125035,-74.168393,-23.99061900000001,-12.435116
-153.93030266666668,668.8997013333334,319.49958833333335,-174.61515400000002,452.524654,47.765302999999996,-75.3960955,229.5248835,43.058237500000004,-74.18041099999999,-23.98170300000001,-12.381492999999999
-153.91431666666668,668.9451779999999,319.51886633333334,-174.684614,452.56741650000004,47.821329,-75.516204,229.5621205,42.99167,-74.19226,-23.97305700000001,-12.328354000000004
-153.89848733333332,668.9899813333333,319.53794999999997,-174.75338,452.609237,47.877194499999995,-75.6334985,229.5977815,42.9254485,-74.203937,-23.964686999999998,-12.275706999999997
-153.882819,669.0340736666667,319.55682733333333,-174.82142850000002,452.6500495,47.932912,-75.7479115,229.631758,42.8596915,-74.21544700000001,-23.956592,-12.223559000000002
-153.86731533333332,669.077418,319.57548733333334,-174.888737,452.68979,47.988496,-75.8593785,229.66394350000002,42.794519,-74.226789,-23.94877699999998,-12.17192
-153.85197933333333,669.1199783333333,319.593917,-174.955287,452.728393,48.043959,-75.967844,229.694234,42.7300545,-74.237968,-23.94124199999999,-12.120790999999997
-153.836815,669.1617196666667,319.6121043333333,-175.021062,452.76579749999996,48.0993125,-76.0732585,229.7225275,42.666422999999995,-74.248987,-23.933988999999997,-12.07018
-153.82182633333335,669.2026070000001,319.630036,-175.086051,452.80194500000005,48.154569,-76.17558,229.74872449999998,42.603751,-74.25984600000001,-23.927019,-12.020090000000003
-153.807016,669.2426076666667,319.647699,-175.150243,452.83677750000004,48.209738,-76.27477400000001,229.772728,42.542167,-74.270552,-23.920331999999974,-11.970517999999998
-153.79238766666666,669.2816883333334,319.6650803333333,-175.21363350000001,452.8702405,48.2648325,-76.3708145,229.7944445,42.481800500000006,-74.281107,-23.913928999999996,-11.921467
-153.777945,669.3198186666667,319.682166,-175.27622000000002,452.902281,48.31985950000001,-76.463683,229.813783,42.4227825,-74.291514,-23.907809999999984,-11.872935000000005
-153.763691,669.3569693333333,319.6989413333333,-175.3380045,452.9328495,48.37483,-76.55337,229.8306565,42.3652455,-74.301782,-23.901972999999998,-11.824917
-153.74962866666667,669.393111,319.715393,-175.3989915,452.961899,48.42975199999999,-76.639876,229.844983,42.3093225,-74.311912,-23.896416000000016,-11.777409000000006
-153.735761,669.4282173333332,319.7315056666667,-175.459191,452.9893855,48.484632500000004,-76.7232095,229.8566825,42.255146499999995,-74.321911,-23.89113900000001,-11.730403000000003
-153.72209166666667,669.4622626666666,319.74726366666664,-175.5186165,453.0152685,48.539478,-76.803389,229.8656815,42.2028525,-74.331784,-23.886139000000014,-11.683892999999998
-153.708623,669.4952239999999,319.76265233333334,-175.57728550000002,453.03950999999995,48.594296,-76.8804435,229.87190900000002,42.1525735,-74.34153900000001,-23.881411999999983,-11.637867
-153.69535866666666,669.527079,319.777657,-175.6352195,453.0620755,48.649089999999994,-76.95441100000001,229.875302,42.1044445,-74.351182,-23.876956000000007,-11.592313000000004
-153.68230100000002,669.5578076666667,319.79226033333333,-175.69244550000002,453.082935,48.703863999999996,-77.025342,229.875799,42.0585985,-74.360718,-23.872764000000018,-11.547218999999998
-153.66945266666667,669.5873923333334,319.8064473333333,-175.74899249999999,453.10206200000005,48.7586225,-77.0932955,229.8733465,42.01517,-74.370157,-23.86883499999999,-11.502569999999999
-153.65681666666669,669.6158173333333,319.82020166666666,-175.8048975,453.1194325,48.8133665,-77.158343,229.8678965,41.9742915,-74.37950599999999,-23.865161,-11.458347000000003
-153.64439533333334,669.6430686666666,319.83350633333333,-175.86019900000002,453.1350285,48.8680975,-77.2205665,229.859407,41.936094,-74.38877099999999,-23.861736000000008,-11.414533999999996
-153.63219266666667,669.6691343333333,319.84634466666665,-175.914941,453.14883399999997,48.922815,-77.2800595,229.84784100000002,41.900709000000006,-74.397963,-23.858553999999998,-11.371108
-153.62020933333335,669.6940060000001,319.8587,-175.96917200000001,453.160839,48.9775195,-77.3369275,229.8331705,41.868266000000006,-74.40708899999998,-23.855606999999992,-11.328048000000003
-153.60844966666664,669.717677,319.87055533333336,-176.022947,453.171037,49.032207,-77.3912875,229.815372,41.838892,-74.416159,-23.852886000000012,-11.285330000000002
-153.59691533333333,669.740143,319.88189266666666,-176.076323,453.1794265,49.086876000000004,-77.4432685,229.79443049999998,41.812713,-74.425183,-23.850382999999994,-11.242930000000001
-153.58560966666667,669.7614030000001,319.89269566666667,-176.129363,453.1860105,49.141521,-77.4930115,229.77033749999998,41.789853,-74.434169,-23.848088999999987,-11.200817999999998
-153.57453466666666,669.781458,319.9029453333333,-176.182136,453.19079650000003,49.196137,-77.54067,229.743093,41.770433499999996,-74.443128,-23.845991999999995,-11.158966999999997
-153.56369300000003,669.8003116666667,319.91262566666666,-176.234713,453.19379549999996,49.2507175,-77.58641,229.712705,41.7545735,-74.45206999999999,-23.844082000000014,-11.117345
