Sh_x,Sh_y,Sh_z,El_x,El_y,El_z,Wr_x,Wr_y,Wr_z,WrVec_x,WrVec_y,WrVec_z
-105.66146566666667,547.3777186666666,295.8408213333334,-241.07059900000002,407.01784999999995,55.5911825,-118.2357955,179.693505,34.3121515,-51.410925000000006,-34.645938,-38.233455000000006
-105.64520733333332,547.2971616666667,295.841543,-241.09116899999998,407.004989,55.5847955,-118.0217755,179.75343800000002,34.3245445,-51.31525300000001,-34.71333200000001,-38.306027
-105.63198499999999,547.2244786666666,295.84273233333334,-241.11453,406.997684,55.5775005,-117.80826099999999,179.8265365,34.3599765,-51.21714999999999,-34.78553499999998,-38.375999
-105.62183633333332,547.1597403333334,295.844393,-241.14065599999998,406.99604550000004,55.569218500000005,-117.5952175,179.913273,34.4191035,-51.11658700000001,-34.86265400000002,-38.443207
-105.61479866666667,547.1030146666667,295.84653,-241.16951799999998,407.000183,55.559874,-117.3826155,180.01412399999998,34.502579499999996,-51.013543,-34.94478799999999,-38.507483
-105.61090766666666,547.0543710000001,295.849148,-241.20108900000002,407.0102035,55.549392499999996,-117.170434,180.129569,34.611053999999996,-50.90799600000001,-35.03203400000001,-38.568656
-105.61019966666667,547.0138786666668,295.8522536666667,-241.2353375,407.02621350000004,55.5377005,-116.95865649999999,180.2600915,34.7451685,-50.799929000000006,-35.124480999999975,-38.626553
-105.61270833333333,546.9816050000001,295.85585399999997,-241.27223250000003,407.0483145,55.524729,-116.74727250000001,180.4061765,34.9055605,-50.68932500000001,-35.222217,-38.680999
-105.61846666666666,546.957617,295.85995733333334,-241.31174099999998,407.07660799999996,55.51041000000001,-116.5362785,180.568308,35.0928585,-50.576177,-35.325322,-38.731819
-105.62750533333332,546.9419819999999,295.86457233333334,-241.35382900000002,407.1111905,55.494679500000004,-116.3256755,180.7469715,35.3076815,-50.460475,-35.433875,-38.778833
-105.639856,546.9347653333334,295.86970766666667,-241.398461,407.1521545,55.477474,-116.11547149999998,180.94265000000001,35.5506405,-50.34221699999999,-35.547942000000006,-38.821859
-105.65554733333335,546.9360313333333,295.87537533333335,-241.44559850000002,407.1995895,55.458737,-115.90567949999999,181.155825,35.822334,-50.221402999999995,-35.66759200000001,-38.860716000000004
-105.67460633333333,546.945844,295.88158500000003,-241.4952035,407.2535795,55.438411,-115.6963175,181.3869735,36.1233495,-50.09803500000001,-35.792880999999994,-38.895221
-105.69705866666668,546.9642646666666,295.88834933333334,-241.5472325,407.31420449999996,55.4164455,-115.48741100000001,181.6365685,36.454259,-49.97212400000001,-35.92386300000001,-38.925188000000006
-105.72292933333334,546.9913543333333,295.8956806666667,-241.60164500000002,407.381539,55.3927925,-115.2789875,181.905077,36.8156235,-49.84367900000001,-36.060584000000006,-38.950433000000004
-105.75223999999999,547.0271716666667,295.90359233333334,-241.658395,407.455652,55.3674075,-115.071082,182.1929605,37.207986,-49.71272000000002,-36.20308499999999,-38.97076800000001
-105.78501233333334,547.0717736666667,295.9120986666667,-241.71743499999997,407.536607,55.340250499999996,-114.863734,182.500671,37.6318735,-49.57926400000001,-36.35139799999999,-38.986005
-105.82126433333333,547.1252153333334,295.92121433333335,-241.7787165,407.62446,55.311286499999994,-114.65698700000002,182.8286535,38.0877975,-49.443336,-36.505551000000025,-38.995959
-105.861014,547.1875506666667,295.93095500000004,-241.8421885,407.7192635,55.2804825,-114.450891,183.1773435,38.5762475,-49.30496600000001,-36.665561,-39.000439
-105.90427566666666,547.2588303333333,295.9413363333333,-241.90779700000002,407.82106,55.247813,-114.245498,183.5471645,39.097696,-49.16418800000001,-36.83144300000001,-38.99926000000001
-105.95106233333333,547.339102,295.95237433333335,-241.97548600000002,407.9298865,55.2132555,-114.040867,183.9385305,39.652594,-49.021038000000004,-37.00320100000002,-38.992232
-106.00138600000001,547.4284126666666,295.96408766666667,-242.04519950000002,408.0457725,55.176792500000005,-113.8370595,184.3518415,40.2413715,-48.87555899999998,-37.18083300000001,-38.979169
-106.05525466666667,547.5268046666666,295.97649299999995,-242.116877,408.168741,55.1384125,-113.6341405,184.787484,40.864434,-48.72779700000001,-37.364329999999995,-38.959886
-106.11267500000001,547.63432,295.98960900000003,-242.19045549999998,408.2988055,55.098107999999996,-113.4321825,185.2458315,41.5221655,-48.57780299999999,-37.553673,-38.934195
-106.17365166666666,547.750995,296.0034533333333,-242.2658715,408.4359725,55.055876999999995,-113.2312565,185.7272415,42.2149235,-48.425633000000005,-37.748839000000004,-38.901913
-106.238187,547.8768653333333,296.01804666666663,-242.3430585,408.5802405,55.011722999999996,-113.031442,186.2320555,42.943042,-48.271345999999994,-37.949794999999995,-38.862858
-106.30628066666667,548.011961,296.03340699999995,-242.421948,408.731599,54.9656545,-112.832819,186.76059850000001,43.7068275,-48.115005999999994,-38.15650100000002,-38.816849
-106.37793033333334,548.1563113333333,296.04955466666667,-242.502469,408.89003049999997,54.917687,-112.6354715,187.3131775,44.50656,-47.95668099999999,-38.36890700000001,-38.763707999999994
-106.45313033333332,548.3099403333334,296.0665103333333,-242.58454899999998,409.05550700000003,54.8678395,-112.43948699999999,187.890082,45.3424905,-47.796443999999994,-38.586960000000005,-38.703257
-106.53187433333333,548.4728693333333,296.08429333333333,-242.668113,409.22799299999997,54.8161385,-112.2449545,188.491581,46.2148425,-47.634373,-38.810596000000004,-38.635323
-106.61415166666666,548.6451149999999,296.10292499999997,-242.753085,409.4074435,54.762614,-112.05196849999999,189.1179255,47.1238095,-47.470546999999996,-39.039743000000016,-38.559737
-106.69995033333333,548.826691,296.12242566666663,-242.839385,409.593806,54.70730399999999,-111.860623,189.769344,48.0695555,-47.305052,-39.27432200000001,-38.47632900000001
-106.78925533333332,549.0176073333333,296.142817,-242.926933,409.78701750000005,54.650250500000006,-111.67101500000001,190.4460465,49.052212,-47.137975999999995,-39.51424700000001,-38.384938
-106.882049,549.2178680000001,296.16411866666664,-243.0156475,409.9870075,54.591503,-111.4832455,191.14821799999999,50.071882,-46.969413,-39.759422,-38.285402000000005
-106.978312,549.4274756666667,296.18635266666666,-243.1054435,410.1936955,54.531116,-111.297416,191.8760245,51.128634500000004,-46.799458,-40.009747000000004,-38.177564999999994
-107.07802133333333,549.646427,296.20953966666667,-243.196236,410.4069925,54.469149,-111.113629,192.62960800000002,52.222507,-46.62820999999998,-40.265112000000016,-38.061278
-107.18115166666666,549.8747136666666,296.233701,-243.287937,410.6267995,54.405668000000006,-110.93199,193.409087,53.353504,-46.45577399999999,-40.525397999999996,-37.936392000000005
-107.287675,550.1123249999999,296.258857,-243.38046000000003,410.85301000000004,54.340745,-110.75260499999999,194.214557,54.521597,-46.282256000000004,-40.79048400000002,-37.802766
-107.397561,550.3592440000001,296.2850286666667,-243.47371449999997,411.085509,54.274457,-110.5755815,195.0460895,55.726724,-46.107765000000015,-41.060237,-37.66026599999999
-107.510777,550.6154496666667,296.3122363333333,-243.567609,411.32417150000003,54.206888,-110.401028,195.903732,56.968789,-45.932412,-41.334518,-37.508759999999995
-107.62728700000001,550.880916,296.3405003333333,-243.66205250000002,411.5688655,54.1381255,-110.2290535,196.7875065,58.2476635,-45.756313000000006,-41.61318499999999,-37.348122999999994
-107.74705266666666,551.155613,296.369841,-243.75695249999998,411.81944799999997,54.0682645,-110.059767,197.6974115,59.5631825,-45.57958599999999,-41.896083000000004,-37.178241
-107.87003366666666,551.4395049999999,296.40027733333335,-243.8522155,412.07577000000003,53.997403999999996,-109.89327899999999,198.633419,60.915148,-45.40234799999999,-42.18305599999999,-36.998998
-107.99618566666668,551.732552,296.431829,-243.94774750000002,412.33767350000005,53.925649,-109.72969850000001,199.59547750000002,62.303328500000006,-45.224723,-42.47393700000001,-36.81029300000001
-108.12546400000001,552.0347093333334,296.4645146666666,-244.0434545,412.6049935,53.8531105,-109.56913600000001,200.5835095,63.7274565,-45.046834000000004,-42.76855900000001,-36.61202900000001
-108.25781866666667,552.3459256666666,296.4983526666667,-244.13924150000003,412.877556,53.779902,-109.4117,201.59741200000002,65.1872315,-44.868804,-43.066742000000005,-36.404115000000004
-108.39319966666669,552.6661479999999,296.5333606666666,-244.2350135,413.15517950000003,53.70614500000001,-109.2575,202.6370575,66.68231850000001,-44.69076,-43.368307000000016,-36.186471
-108.53155333333332,552.9953139999999,296.56955633333337,-244.3306765,413.4376755,53.631964499999995,-109.10664299999999,203.702293,68.212349,-44.512829999999994,-43.673066000000006,-35.959024
-108.67282399999999,553.33336,296.60695533333336,-244.426135,413.72485,53.557489499999996,-108.9592365,204.7929395,69.77691999999999,-44.335138999999984,-43.98082500000001,-35.72170799999999
-108.81695333333333,553.6802153333333,296.64557433333334,-244.5212955,414.0164995,53.482855,-108.8153865,205.908794,71.375596,-44.157816999999994,-44.29138999999998,-35.47446600000001
-108.96388,554.0358046666666,296.68542866666667,-244.616064,414.31241550000004,53.408199,-108.6751955,207.0496285,73.0079075,-43.98099300000001,-44.604557,-35.217253
-109.11354233333333,554.400048,296.72653166666663,-244.71034749999998,414.612384,53.333664,-108.538768,208.21519,74.6733525,-43.804794000000015,-44.92012199999999,-34.950028999999994
-109.26587433333333,554.7728593333334,296.76889766666665,-244.804054,414.9161845,53.2593965,-108.40620200000001,209.40520149999998,76.3713985,-43.62934800000001,-45.237875,-34.67276699999999
-109.420809,555.1541493333333,296.8125396666667,-244.8970915,415.2235895,53.1855475,-108.277598,210.61936100000003,78.101479,-43.454781999999994,-45.557602,-34.385446
-109.57827666666667,555.5438216666666,296.8574683333333,-244.989371,415.53436899999997,53.112270499999994,-108.153051,211.857345,79.862998,-43.281222000000014,-45.879087999999996,-34.088058
-109.73820633333334,555.9417766666667,296.90369533333336,-245.0808035,415.8482865,53.039722999999995,-108.03265400000001,213.118805,81.6553275,-43.108794,-46.202113999999995,-33.780603
-109.900524,556.3479086666666,296.951231,-245.17130099999997,416.1651005,52.968064999999996,-107.916498,214.4033695,83.477811,-42.937622000000005,-46.52645699999999,-33.463092
-110.06515433333333,556.7621073333333,297.00008333333335,-245.26077899999999,416.4845675,52.897460499999994,-107.8046705,215.710646,85.3297615,-42.76782499999999,-46.851894000000016,-33.135547
-110.23202100000002,557.184258,297.05026033333337,-245.349153,416.8064375,52.8280745,-107.697255,217.040218,87.2104665,-42.599524,-47.178200000000004,-32.797999000000004
-110.40104333333333,557.61424,297.10176866666666,-245.4363405,417.1304605,52.7600755,-107.5943335,218.3916505,89.1191815,-42.432837000000006,-47.50514700000002,-32.450491
-110.57214233333333,558.0519296666666,297.15461366666665,-245.5222635,417.4563795,52.693635,-107.495983,219.76448549999998,91.0551395,-42.267877999999996,-47.83250699999999,-32.093075
-110.745235,558.4971973333332,297.20880033333333,-245.60684350000002,417.78393800000003,52.6289235,-107.4022765,221.15824600000002,93.0175445,-42.104757000000006,-48.160049999999984,-31.725817000000006
-110.920237,558.949909,297.2643316666667,-245.6900045,418.11287649999997,52.566115999999994,-107.31328350000001,222.57243449999999,95.005578,-41.943583000000004,-48.48754899999997,-31.348790000000008
-111.09706466666667,559.4099273333334,297.3212096666667,-245.77167500000002,418.442932,52.505387999999996,-107.2290695,224.0065355,97.0183965,-41.78446099999999,-48.814773,-30.962080999999998
-111.27562966666669,559.8771083333332,297.379434,-245.8517845,418.773844,52.446915000000004,-107.14969400000001,225.4600165,99.055132,-41.627492000000004,-49.141493,-30.565786000000003
-111.45584533333333,560.3513053333334,297.43900533333334,-245.9302665,419.10534700000005,52.3908755,-107.075215,226.932325,101.11489850000001,-41.47277399999999,-49.46748199999999,-30.160013000000006
-111.63762233333334,560.8323676666668,297.4999216666667,-246.007056,419.437176,52.3374465,-107.005683,228.42289449999998,103.1967855,-41.320398,-49.79251100000002,-29.744881000000007
-111.82087066666668,561.3201399999999,297.5621786666666,-246.0820915,419.7690675,52.286806000000006,-106.94114400000001,229.9311425,105.2998635,-41.17045399999999,-50.116356999999994,-29.32051899999999
-112.0055,561.8144626666667,297.625773,-246.1553155,420.1007565,52.239132000000005,-106.8816405,231.456469,107.423187,-41.023022999999995,-50.43879399999997,-28.887068
-112.19141733333333,562.315173,297.69069766666667,-246.226672,420.4319795,52.1946035,-106.827208,232.9982635,109.565789,-40.878187999999994,-50.759601,-28.44467999999999
-112.37853199999999,562.8221033333333,297.75694566666664,-246.29611,420.762473,52.153397,-106.7778775,234.55589899999998,111.72668949999999,-40.736019,-51.07855999999998,-27.993514999999988
-112.56674966666667,563.3350836666667,297.824508,-246.3635815,421.091976,52.1156885,-106.733675,236.1287375,113.90489149999999,-40.596586,-51.395455,-27.53374699999999
-112.75597699999999,563.8539403333334,297.8933753333333,-246.42904099999998,421.420229,52.081654,-106.69462,237.71613100000002,116.09938499999998,-40.45995199999999,-51.710072,-27.06555999999999
-112.94612,564.3784953333334,297.9635353333333,-246.49244649999997,421.74697349999997,52.051468,-106.66072600000001,239.31741850000003,118.309148,-40.326173999999995,-52.02220300000002,-26.589146000000014
-113.137084,564.9085693333333,298.03497466666664,-246.5537615,422.07195549999994,52.025302,-106.6320015,240.93193000000002,120.53314499999999,-40.195302999999996,-52.331642000000016,-26.104708000000002
-113.32877533333333,565.4439776666667,298.10767933333335,-246.6129505,422.394923,52.003326,-106.60844850000001,242.558987,122.770332,-40.06738700000001,-52.63819000000001,-25.61246
-113.52109866666666,565.984534,298.181633,-246.6699835,422.7156265,51.9857095,-106.5900645,244.197903,125.019656,-39.942463000000004,-52.94164799999999,-25.112623999999983
-113.71395933333334,566.5300503333333,298.2568186666667,-246.724834,423.03382150000004,51.972618,-106.57683800000001,245.847985,127.2800555,-39.820567999999994,-53.24182600000003,-24.605433000000005
-113.90726333333333,567.0803336666667,298.3332173333333,-246.7774785,423.3492665,51.9642135,-106.568754,247.508533,129.55046349999998,-39.70172600000001,-53.53853800000002,-24.091128999999995
-114.100916,567.6351906666666,298.4108086666667,-246.827897,423.6617255,51.960658,-106.56579,249.1788425,131.82980650000002,-39.58596,-53.83160300000003,-23.569961000000006
-114.29482366666667,568.1944243333332,298.489571,-246.87607450000002,423.970965,51.962106,-106.56791799999999,250.858205,134.117009,-39.47328399999999,-54.120846,-23.042186
-114.488893,568.7578363333333,298.56948166666666,-246.92199949999997,424.2767585,51.968712000000004,-106.5751025,252.545908,136.410992,-39.363709,-54.406098000000014,-22.508074000000008
-114.68303066666665,569.3252266666667,298.65051500000004,-246.9656625,424.5788835,51.980626,-106.58730299999999,254.241237,138.7106745,-39.257234,-54.687196,-21.967897000000008
-114.877145,569.896392,298.7326463333333,-247.00705999999997,424.877124,51.997993,-106.6044725,255.94347600000003,141.014977,-39.15385900000001,-54.96398400000001,-21.421937999999983
-115.07114466666667,570.4711296666667,298.8158476666667,-247.0461905,425.1712695,52.0209545,-106.62655649999999,257.651909,143.32281949999998,-39.05357099999999,-55.236312,-20.870485000000002
-115.26493833333335,571.049234,298.90009100000003,-247.083057,425.4611145,52.0496475,-106.6534955,259.36582,145.633124,-38.956355,-55.50403800000001,-20.313834000000014
-115.45843733333334,571.6304983333333,298.98534566666666,-247.11766599999999,425.74646099999995,52.084204,-106.6852245,261.084493,147.944819,-38.862187000000006,-55.767026000000016,-19.752285999999998
-115.651552,572.2147146666666,299.0715803333333,-247.150027,426.02711750000003,52.124751499999995,-106.7216695,262.8072165,150.2568345,-38.771039,-56.025147000000004,-19.186149
-115.84419633333334,572.8016756666667,299.15876366666663,-247.1801535,426.302899,52.1714125,-106.762753,264.533279,152.568108,-38.68287599999999,-56.27828199999999,-18.615736
-116.03628333333334,573.3911713333333,299.2468606666667,-247.20806249999998,426.57362750000004,52.2243035,-106.808391,266.261975,154.87758300000002,-38.597656,-56.526313999999985,-18.041364000000016
-116.227729,573.9829916666666,299.33583733333336,-247.233774,426.839131,52.283536000000005,-106.858492,267.99260300000003,157.1842135,-38.515333999999996,-56.769142000000016,-17.46335499999998
-116.41844933333334,574.5769266666666,299.42565633333334,-247.25731100000002,427.099248,52.3492155,-106.9129605,269.724466,159.48696,-38.435857,-57.006664,-16.882034000000004
-116.60836266666666,575.1727656666666,299.51628166666666,-247.2787,427.3538215,52.4214425,-106.971694,271.456874,161.784795,-38.35916599999999,-57.23879200000002,-16.29773
-116.79739000000001,575.7702986666667,299.60767366666664,-247.2979715,427.60270249999996,52.5003105,-107.03458499999999,273.1891435,164.076702,-38.285197999999994,-57.46544300000002,-15.710775999999981
-116.98545166666668,576.3693153333334,299.699794,-247.3151565,427.84575199999995,52.585907500000005,-107.101521,274.9205985,166.361677,-38.213886,-57.686543,-15.121505999999982
-117.17247200000001,576.9696046666667,299.7926016666666,-247.3302915,428.08283700000004,52.678314,-107.172382,276.650571,168.638729,-38.14515399999999,-57.902028,-14.530258000000003
-117.358376,577.5709576666667,299.88605566666666,-247.343415,428.313832,52.7776045,-107.2470455,278.378402,170.906883,-38.078925,-58.11183600000001,-13.937365999999997
-117.54309033333334,578.1731656666667,299.9801126666667,-247.354566,428.5386215,52.8838475,-107.32538249999999,280.10344249999997,173.165177,-38.015114999999994,-58.31591899999998,-13.343171999999981
-117.72654499999999,578.7760193333334,300.0747303333333,-247.3637885,428.75709700000004,52.9971045,-107.40725900000001,281.8250535,175.412667,-37.953636,-58.51423700000001,-12.748012000000017
-117.90867100000001,579.3793123333334,300.169864,-247.3711285,428.96915950000005,53.117429,-107.4925375,283.542606,177.648425,-37.89439899999999,-58.706751999999994,-12.152225999999985
-118.08940133333333,579.9828376666667,300.26546966666666,-247.37663350000003,429.1747165,53.2448695,-107.581074,285.25548349999997,179.871542,-37.837306,-58.893440999999996,-11.556153999999992
-118.268672,580.5863906666667,300.3615006666667,-247.3803535,429.37368449999997,53.3794645,-107.67272349999999,286.96308,182.0811275,-37.782257,-59.07428600000003,-10.960128999999995
-118.44642133333333,581.1897676666666,300.457912,-247.38234,429.565989,53.521248,-107.767334,288.664803,184.27631,-37.729152,-59.24927600000001,-10.364487999999994
-118.62258866666667,581.7927663333334,300.55465566666663,-247.382647,429.7515635,53.670245,-107.86475200000001,290.3600725,186.4562385,-37.677882,-59.418409,-9.769565
-118.797117,582.3951863333333,300.651685,-247.38133,429.93035,53.826474499999996,-107.96481800000001,292.0483205,188.62008250000002,-37.628339999999994,-59.58169099999998,-9.175689000000006
-118.969951,582.996829,300.7489523333333,-247.3784455,430.10229749999996,53.989945999999996,-108.06737150000001,293.7289945,190.7670345,-37.580415,-59.73913300000004,-8.58318700000001
-119.141038,583.5974976666668,300.846409,-247.3740515,430.2673665,54.160663500000005,-108.1722485,295.4015555,192.89630699999998,-37.533992999999995,-59.89075699999995,-7.992381999999992
-119.31032799999998,584.1969973333333,300.94400666666667,-247.3682085,430.425523,54.338623,-108.279282,297.065479,195.007137,-37.488956,-60.03658999999999,-7.403595999999993
-119.47777266666667,584.7951366666666,301.0416956666667,-247.360976,430.5767405,54.5238115,-108.388302,298.72025299999996,197.0987845,-37.44519,-60.17666600000001,-6.817140999999992
-119.64332733333333,585.3917243333334,301.1394276666667,-247.352416,430.721004,54.71621,-108.49913849999999,300.3653835,199.17053199999998,-37.402575,-60.31102899999996,-6.233328
-119.80694899999999,585.986574,301.237153,-247.34259150000003,430.85830350000003,54.9157905,-108.6116165,302.0003905,201.2216885,-37.360989000000004,-60.43972500000001,-5.652461000000017
-119.96859733333334,586.5794999999999,301.33482166666664,-247.3315645,430.9886385,55.1225195,-108.7255625,303.62480949999997,203.251586,-37.320313,-60.56280899999996,-5.074839999999995
-120.12823533333334,587.17032,301.4323846666666,-247.31939949999997,431.1120165,55.336353,-108.8408,305.23819149999997,205.25958100000003,-37.280426000000006,-60.68034300000005,-4.5007559999999955
-120.28582733333333,587.7588543333333,301.5297923333334,-247.3061595,431.22845099999995,55.557241,-108.95715200000001,306.84010350000005,207.2450575,-37.241203999999996,-60.792395,-3.9304950000000076
-120.44134166666667,588.3449273333333,301.626995,-247.29190950000003,431.3379655,55.7851265,-109.0744415,308.4301295,209.2074235,-37.20252699999999,-60.899036999999964,-3.364337000000006
-120.594747,588.9283643333333,301.7239436666667,-247.2767125,431.4405885,56.0199435,-109.1924895,310.0078675,211.146114,-37.164272999999994,-61.00034899999997,-2.80255200000002
-120.74601799999999,589.5089946666667,301.82058866666665,-247.26063449999998,431.5363575,56.2616185,-109.31111999999999,311.5729335,213.060589,-37.126322,-61.096415000000036,-2.2454040000000077
-120.89512866666666,590.0866520000001,301.916882,-247.243738,431.6253175,56.510071,-109.4301545,313.124959,214.950337,-37.088550999999995,-61.187325999999985,-1.6931500000000028
-121.042057,590.661172,302.01277366666665,-247.226087,431.707519,56.7652135,-109.54941600000001,314.6635935,216.81487049999998,-37.050844,-61.27317500000004,-1.1460370000000069
-121.18678366666667,591.2323933333333,302.1082173333333,-247.2077455,431.7830205,57.0269505,-109.66872950000001,316.1885,218.6537305,-37.013081000000014,-61.354062,-0.6043050000000108
-121.32929166666668,591.800159,302.2031636666666,-247.18877600000002,431.85188600000004,57.2951795,-109.78792050000001,317.6993595,220.46648449999998,-36.97514700000001,-61.430091000000004,-0.06818300000000477
-121.469566,592.3643153333334,302.29756633333335,-247.16924,431.9141885,57.5697895,-109.90681599999999,319.195871,222.2527265,-36.93692800000001,-61.50137000000001,0.4621050000000082
-121.60759466666666,592.9247116666667,302.39137766666664,-247.149199,431.970003,57.85066450000001,-110.0252455,320.6777465,224.012077,-36.898313,-61.56801100000001,0.9863500000000158
-121.74336833333332,593.4812016666666,302.484553,-247.1287145,432.019416,58.137680499999995,-110.14303949999999,322.1447165,225.74418500000002,-36.859189,-61.63012900000001,1.5043480000000216
-121.87687966666668,594.033642,302.57704600000005,-247.107844,432.0625145,58.430706,-110.26003299999999,323.59652700000004,227.44872500000002,-36.819452,-61.687843999999984,2.015904000000006
-122.008124,594.5818936666668,302.668812,-247.08664800000003,432.09939499999996,58.729603499999996,-110.37606349999999,325.032941,229.12539800000002,-36.778994999999995,-61.741277999999966,2.5208360000000027
-122.13709833333333,595.1258213333334,302.75980733333336,-247.065182,432.1301585,59.0342285,-110.490969,326.4537355,230.7739335,-36.73771799999999,-61.79055500000004,3.018971000000022
-122.26380266666666,595.6652926666666,302.84998966666666,-247.043503,432.15491,59.3444315,-110.604595,327.85870550000004,232.39408550000002,-36.69552200000001,-61.835803,3.5101429999999993
-122.38823966666666,596.2001803333334,302.9393156666667,-247.02166449999999,432.17376049999996,59.660054,-110.71678750000001,329.2476605,233.985636,-36.65231300000001,-61.877151000000026,3.994201999999973
-122.51041233333335,596.7303596666667,303.02774466666665,-246.99972050000002,432.1868255,59.9809325,-110.82739799999999,330.6204255,235.548393,-36.607996,-61.91473100000002,4.471001999999999
-122.63032866666667,597.255712,303.1152366666667,-246.97772250000003,432.194227,60.3068995,-110.9362825,331.9768425,237.0821895,-36.56248699999999,-61.94867700000003,4.940408999999988
-122.74799633333333,597.7761193333333,303.20175166666667,-246.95572049999998,432.1960875,60.637778499999996,-111.0433005,333.31676600000003,238.586885,-36.51569900000001,-61.97912400000001,5.402301999999992
-122.863426,598.2914703333335,303.2872526666667,-246.9337635,432.19253749999996,60.973389499999996,-111.14831799999999,334.640068,240.0623665,-36.467552,-62.006208000000015,5.856566999999984
-122.97663033333333,598.8016573333334,303.37170199999997,-246.911898,432.18370749999997,61.3135465,-111.251204,335.946634,241.50854199999998,-36.417972000000006,-62.03006599999998,6.3031019999999955
-123.087624,599.3065753333334,303.4550633333334,-246.8901685,432.1697355,61.658058,-111.3518335,337.236365,242.92534999999998,-36.366883000000016,-62.050836000000004,6.741814000000005
-123.196424,599.8061236666667,303.537303,-246.86861900000002,432.15076,62.0067285,-111.45008800000001,338.50917400000003,244.312748,-36.314220000000006,-62.068655999999976,7.17262199999999
-123.30304733333332,600.300207,303.6183873333334,-246.8472915,432.1269245,62.359356500000004,-111.5458535,339.764991,245.6707225,-36.259917,-62.083665999999994,7.595450999999997
-123.40751466666666,600.7887323333333,303.69828333333334,-246.82622550000002,432.09837400000004,62.7157375,-111.63902250000001,341.003759,246.999282,-36.20391500000001,-62.096002,8.010242000000005
-123.50984866666666,601.2716113333332,303.776961,-246.80545899999998,432.065257,63.075661,-111.72949349999999,342.2254335,248.298458,-36.146159,-62.10580500000003,8.416942000000006
-123.61007133333334,601.7487593333334,303.8543906666667,-246.7850285,432.02772300000004,63.438913,-111.8171705,343.4299845,249.5683075,-36.08659899999999,-62.11321099999998,8.815506999999997
-123.70820766666668,602.2200973333333,303.93054333333333,-246.764967,431.985927,63.805278,-111.90196499999999,344.61739450000005,250.80890799999997,-36.025188,-62.118359,9.205905999999999
-123.80428466666666,602.6855469999999,304.00539266666664,-246.74530900000002,431.9400215,64.1745335,-111.98379449999999,345.7876605,252.02036099999998,-35.961882999999986,-62.121384999999975,9.588115999999985
-123.89832966666665,603.1450363333333,304.07891333333333,-246.726084,431.89016449999997,64.5464565,-112.062583,346.9407895,253.202789,-35.896649999999994,-62.122423000000026,9.962121999999994
-123.99037266666666,603.5984973333333,304.151081,-246.70732099999998,431.8365125,64.92081999999999,-112.1382615,348.0768015,254.356337,-35.829453,-62.12160899999998,10.327920000000034
-124.08044366666667,604.0458646666667,304.2218726666667,-246.68904600000002,431.779225,65.2973935,-112.2107685,349.19573,255.48116950000002,-35.76026300000001,-62.11907400000001,10.685515000000038
-124.16857399999999,604.4870773333333,304.29126733333334,-246.671286,431.71846300000004,65.675946,-112.2800475,350.2976185,256.5774735,-35.689058999999986,-62.11495100000002,11.03491900000003
-124.25479666666668,604.9220779999999,304.35924500000004,-246.654063,431.6543855,66.0562435,-112.34605200000001,351.382523,257.64545499999997,-35.615818000000004,-62.10936800000002,11.376153999999985
-124.33914599999999,605.3508143333333,304.425788,-246.6374,431.587155,66.43805,-112.4087395,352.4505105,258.6853395,-35.540527,-62.10245299999997,11.70925299999999
-124.42165633333332,605.7732353333333,304.49087833333334,-246.62131499999998,431.516932,66.821128,-112.46807700000001,353.501657,259.697371,-35.46317400000001,-62.09433200000001,12.03425199999998
-124.502364,606.189296,304.5545016666667,-246.605828,431.44387900000004,67.2052395,-112.52403749999999,354.53605200000004,260.68181400000003,-35.383751000000004,-62.085128,12.35119800000001
-124.58130566666667,606.5989539999999,304.6166426666667,-246.5909545,431.3681565,67.5901455,-112.57660100000001,355.5537925,261.638949,-35.302256000000014,-62.07496099999997,12.660145999999997
-124.65851833333333,607.0021706666666,304.67728933333336,-246.5767105,431.2899255,67.975606,-112.625755,356.55498650000004,262.569074,-35.218687999999986,-62.06395100000003,12.96115599999996
-124.734041,607.398911,304.7364303333333,-246.5631085,431.209347,68.3613805,-112.671494,357.53975249999996,263.4725045,-35.133054,-62.052212999999995,13.254297000000008
-124.80791233333332,607.789143,304.79405633333334,-246.550161,431.126581,68.74723,-112.713821,358.508216,264.3495725,-35.045362,-62.03986199999997,13.539645000000007
-124.88017166666667,608.1728396666666,304.850159,-246.53787849999998,431.041785,69.132914,-112.75274250000001,359.4605125,265.200625,-34.95562300000002,-62.027007000000026,13.817281999999977
-124.950859,608.5499756666667,304.904731,-246.52627,430.955117,69.5181945,-112.7882755,360.39678749999996,266.0260235,-34.863855,-62.013757,14.087297000000035
-125.02001533333333,608.9205303333333,304.95776700000005,-246.5153435,430.8667335,69.9028325,-112.8204425,361.31719150000004,266.8261455,-34.77007499999999,-62.000216999999964,14.349783000000002
-125.08768133333335,609.2844856666667,305.00926333333337,-246.505107,430.77678849999995,70.2865925,-112.84927200000001,362.2218845,267.601381,-34.67430800000001,-61.986489000000006,14.604839999999967
-125.15389866666668,609.6418266666667,305.0592166666667,-246.495564,430.685435,70.66923799999999,-112.874801,363.111035,268.352133,-34.57657600000002,-61.97267199999999,14.852574000000004
-125.21870766666666,609.9925423333334,305.10762600000004,-246.48672,430.59282399999995,71.050537,-112.8970715,363.984817,269.0788185,-34.476911,-61.958864000000005,15.093097
-125.282152,610.3366246666666,305.154491,-246.4785785,430.49910350000005,71.4302575,-112.916132,364.8434115,269.7818655,-34.375342,-61.945156999999995,15.326521000000014
-125.344272,610.674069,305.199813,-246.4711415,430.4044225,71.8081705,-112.9320385,365.687007,270.4617125,-34.271905000000004,-61.931640000000016,15.552967000000024
-125.40511066666666,611.0048723333334,305.24359400000003,-246.4644115,430.308923,72.1840505,-112.944851,366.515796,271.11881,-34.166636,-61.91840199999996,15.772558000000004
-125.46470966666668,611.329036,305.2858386666667,-246.4583885,430.21274800000003,72.5576745,-112.95463749999999,367.3299775,271.75361799999996,-34.059572999999986,-61.905527000000006,15.985422000000028
-125.52311199999998,611.6465636666667,305.3265513333333,-246.45307350000002,430.1160365,72.9288215,-112.96147049999999,368.129756,272.3666045,-33.95075899999999,-61.89309400000002,16.191688999999997
-125.58035899999999,611.9574626666666,305.36573733333336,-246.4484655,430.01892499999997,73.297276,-112.9654285,368.915341,272.95824849999997,-33.840237,-61.881182000000024,16.39149100000003
-125.63649333333335,612.2617416666667,305.4034053333333,-246.44456399999999,429.921548,73.662824,-112.96659550000001,369.6869455,273.529035,-33.728053,-61.869867,16.584968000000003
-125.69155666666666,612.5594140000001,305.43956299999996,-246.4413675,429.82403550000004,74.02525800000001,-112.9650595,370.44478549999997,274.079456,-33.614253000000005,-61.859218999999996,16.77225599999997
-125.74559066666666,612.8504936666667,305.47421966666667,-246.438874,429.7265155,74.3843715,-112.9609145,371.189083,274.6100115,-33.49888700000001,-61.84930600000001,16.953494999999975
-125.798637,613.1349986666667,305.50738533333333,-246.437082,429.6291125,74.739965,-112.95425850000001,371.9200605,275.121207,-33.38200500000001,-61.840194999999994,17.12883000000005
-125.85073666666666,613.412949,305.5390723333333,-246.435989,429.5319485,75.091842,-112.945194,372.637944,275.61355149999997,-33.26365999999999,-61.83194800000001,17.29840299999995
-125.90193166666667,613.6843673333334,305.56929233333335,-246.43559299999998,429.43514100000004,75.43981149999999,-112.93382749999999,373.3429625,276.08756,-33.143902999999995,-61.82462499999997,17.462357999999995
-125.95226166666667,613.9492783333334,305.5980583333333,-246.43589199999997,429.338805,75.78368599999999,-112.92027,374.035344,276.54375000000005,-33.022790000000015,-61.81828200000001,17.620841999999982
-126.00176700000002,614.2077096666667,305.6253853333333,-246.43688300000002,429.24305200000003,76.12328600000001,-112.90463500000001,374.71532049999996,276.982644,-32.90037600000001,-61.812973,17.774
-126.05048800000002,614.45969,305.651288,-246.43856399999999,429.1479905,76.458433,-112.8870405,375.38312299999996,277.404764,-32.776714999999996,-61.80874799999998,17.921977999999967
-126.09846399999999,614.7052526666666,305.6757813333333,-246.440934,429.053725,76.788957,-112.8676055,376.038982,277.8106355,-32.65186499999999,-61.805656,18.06491900000003
-126.14573466666666,614.9444303333333,305.69888299999997,-246.4439905,428.9603555,77.11469199999999,-112.846454,376.68313,278.200783,-32.525884000000005,-61.803742,18.20297000000005
-126.19233733333333,615.17726,305.7206086666667,-246.4477335,428.86798150000004,77.4354795,-112.823712,377.3157945,278.5757325,-32.398827999999995,-61.80304899999999,18.336275
-126.23831066666666,615.4037786666667,305.74097766666665,-246.452161,428.7766955,77.75116349999999,-112.79950600000001,377.9372055,278.936009,-32.270756000000006,-61.80361700000003,18.464973999999984
-126.28369199999999,615.6240273333333,305.76000700000003,-246.457273,428.68658849999997,78.061596,-112.773965,378.547589,279.282135,-32.141726000000006,-61.805481999999984,18.589207999999985
-126.32851866666665,615.8380473333333,305.77771633333333,-246.4630715,428.59774849999997,78.366634,-112.7472215,379.1471675,279.61463200000003,-32.01179499999999,-61.808681000000036,18.709118000000046
-126.37282633333332,616.0458823333333,305.7941246666667,-246.4695565,428.510258,78.666141,-112.71940599999999,379.73616300000003,279.9340175,-31.88102400000001,-61.813244,18.824837000000002
-126.41665133333333,616.247578,305.8092526666667,-246.47672899999998,428.42419700000005,78.9599855,-112.6906525,380.314791,280.240806,-31.74946899999999,-61.81920400000001,18.936499999999967
-126.460029,616.443182,305.8231196666666,-246.48459350000002,428.33964349999997,79.248042,-112.66109399999999,380.883264,280.53550700000005,-31.617187999999985,-61.82658600000002,19.044238000000007
-126.50299299999999,616.6327419999999,305.83574633333336,-246.493152,428.256669,79.5301925,-112.630865,381.44179,280.818625,-31.48424,-61.835418000000004,19.14817800000003
-126.54557766666666,616.8163093333333,305.84715466666665,-246.50241,428.1753445,79.8063225,-112.6000985,381.99057,281.0906585,-31.350683000000004,-61.84572000000003,19.248445000000004
-126.58781599999999,616.993936,305.857365,-246.5123725,428.09573650000004,80.0763255,-112.568929,382.52980049999996,281.3520995,-31.21657399999998,-61.85751699999997,19.345158999999967
-126.62974100000001,617.165674,305.8663993333333,-246.52304600000002,428.01790800000003,80.3401005,-112.537489,383.059671,281.6034325,-31.081968000000003,-61.87082400000003,19.438435000000027
-126.67138433333332,617.3315796666667,305.87427866666667,-246.53443800000002,427.941919,80.59755150000001,-112.5059095,383.58036300000003,281.84513300000003,-30.946922999999998,-61.88565999999997,19.528388000000007
-126.71277666666667,617.4917076666666,305.88102533333335,-246.5465575,427.86782700000003,80.8485895,-112.474322,384.0920505,282.077668,-30.811496000000005,-61.902041,19.615121999999985
-126.75394866666666,617.646116,305.8866606666666,-246.559414,427.7956855,81.093131,-112.442856,384.5948995,282.30149600000004,-30.675740000000005,-61.91997700000002,19.69874199999998
-126.79493033333334,617.7948626666666,305.8912073333333,-246.5730185,427.72554449999996,81.331097,-112.41163900000001,385.089067,282.517063,-30.539711999999994,-61.93948399999999,19.779344000000037
-126.83575033333334,617.9380076666666,305.8946866666667,-246.5873835,427.65745400000003,81.5624165,-112.3807955,385.5747005,282.7248065,-30.403464999999997,-61.96056699999997,19.85702100000003
-126.87643766666667,618.0756113333333,305.89712133333336,-246.6025225,427.5914575,81.7870225,-112.3504485,386.05193599999996,282.92515000000003,-30.267053000000004,-61.98323599999998,19.931859999999972
-126.917019,618.207735,305.89853266666665,-246.618451,427.5275975,82.0048545,-112.3207185,386.520901,283.118505,-30.130528999999996,-62.007496,20.003941999999995
-126.95752166666666,618.334442,305.898942,-246.6351835,427.465914,82.215856,-112.2917235,386.981711,283.3052705,-29.993944999999997,-62.03335199999998,20.073341000000028
-126.99797133333334,618.455795,305.89837166666666,-246.6527385,427.4064445,82.419978,-112.263577,387.4344685,283.4858315,-29.857354,-62.06080700000001,20.140127000000007
-127.03839333333333,618.5718586666667,305.896843,-246.671135,427.3492225,82.6171745,-112.2363895,387.87926500000003,283.66055800000004,-29.720807000000008,-62.08986199999998,20.204363999999998
-127.07881300000001,618.6826976666666,305.894377,-246.6903925,427.2942815,82.807406,-112.2102685,388.31617900000003,283.8298055,-29.584352999999993,-62.120518000000004,20.266104999999982
-127.11925333333333,618.7883786666666,305.8909946666667,-246.710533,427.241651,82.99063699999999,-112.1853175,388.7452755,283.99391249999996,-29.448043,-62.15277100000003,20.325401
-127.15973766666667,618.8889666666668,305.8867173333333,-246.731579,427.19135900000003,83.1668385,-112.1616345,389.1666065,284.1532035,-29.311926999999997,-62.18661899999995,20.382295
-127.200288,618.9845303333333,305.881564,-246.7535545,427.143431,83.3359845,-112.1393145,389.580207,284.3079835,-29.176052999999996,-62.222058000000004,20.436823000000004
-127.240926,619.0751353333334,305.87555633333335,-246.77648599999998,427.097891,83.4980545,-112.118448,389.98610199999996,284.458541,-29.040471999999994,-62.25908199999998,20.489012000000002
-127.28167266666667,619.1608506666666,305.868713,-246.80039850000003,427.05476,83.6530315,-112.0991205,390.3842965,284.605147,-28.90522899999999,-62.297683000000006,20.53888599999999
-127.32254733333333,619.2417446666667,305.86105333333336,-246.82532100000003,427.01405950000003,83.8009035,-112.081412,390.7747835,284.7480525,-28.770374000000004,-62.337852999999996,20.586459000000048
-127.36357,619.3178863333334,305.852597,-246.85128299999997,426.9758065,83.941663,-112.0653975,391.157539,284.88748999999996,-28.635953,-62.37958200000003,20.63173599999999
-127.40475766666668,619.389344,305.843362,-246.878314,426.9400185,84.0753055,-112.051147,391.532522,285.02367300000003,-28.502012000000008,-62.42285999999996,20.67471800000004
-127.44612966666666,619.4561876666667,305.83336633333334,-246.90644650000002,426.90671050000003,84.201831,-112.0387255,391.8996765,285.156794,-28.368600999999998,-62.46767299999999,20.715397999999993
-127.48770133333333,619.5184863333334,305.82262699999995,-246.9357125,426.8758965,84.3212425,-112.02819149999999,392.2589285,285.28702450000003,-28.235763000000006,-62.514009000000044,20.753759000000002
-127.529489,619.5763096666667,305.81116233333336,-246.96614699999998,426.84758850000003,84.4335475,-112.019599,392.61018750000005,285.4145155,-28.103545999999994,-62.56185099999999,20.78977900000001
-127.57150833333333,619.6297276666667,305.7989876666666,-246.99778300000003,426.8217985,84.53875550000001,-112.01299399999999,392.953345,285.5393975,-27.971996000000004,-62.61118399999998,20.823429000000033
-127.613773,619.6788096666666,305.7861196666667,-247.0306575,426.798536,84.63688,-112.008419,393.28827750000005,285.661778,-27.841158000000007,-62.661991,20.854668000000004
-127.65629666666666,619.723626,305.77257366666663,-247.0648075,426.77781000000004,84.727938,-112.0059085,393.614841,285.7817425,-27.711080999999993,-62.71425199999999,20.88345300000003
-127.69909200000001,619.7642456666666,305.75836466666664,-247.10027,426.7596285,84.8119475,-112.005492,393.93287499999997,285.899355,-27.581807999999995,-62.76794799999999,20.909730000000025
-127.74217033333333,619.8007383333334,305.7435066666667,-247.1370825,426.7439985,84.8889315,-112.0071935,394.242202,286.0146555,-27.453386999999992,-62.823058,20.93343900000002
-127.78554333333334,619.8331733333333,305.72801400000003,-247.175285,426.7309255,84.95891449999999,-112.01102850000001,394.54262600000004,286.1276625,-27.325865000000007,-62.879560000000026,20.95451300000002
-127.82922066666667,619.8616196666667,305.71189933333335,-247.21491600000002,426.720416,85.0219235,-112.0170075,394.833933,286.23837000000003,-27.199286999999998,-62.937427999999954,20.97287799999998
-127.87321166666668,619.8861466666666,305.695176,-247.2560165,426.7124725,85.07798650000001,-112.025135,395.1158925,286.34675000000004,-27.07370200000001,-62.996639000000016,20.98845
-127.91752433333333,619.9068223333334,305.677856,-247.29862549999999,426.7071005,85.12713600000001,-112.03540849999999,395.3882555,286.4527505,-26.949155000000005,-63.057165,21.00114100000002
-127.96216566666668,619.9237136666667,305.65995033333326,-247.342785,426.704302,85.169405,-112.047819,395.650756,286.556295,-26.825696000000008,-63.118979999999965,21.01085599999999
-128.007143,619.9368903333333,305.6414703333333,-247.3885345,426.70407850000004,85.2048285,-112.0623525,395.90311,286.6572855,-26.703373,-63.182052,21.01749099999995
-128.05246133333333,619.946418,305.6224266666666,-247.435915,426.706433,85.23344399999999,-112.078987,396.1450185,286.7555985,-26.582232000000005,-63.246353,21.020939
-128.09812533333331,619.9523640000001,305.60282866666665,-247.48496849999998,426.711366,85.2552895,-112.09769449999999,396.37616349999996,286.851088,-26.462327000000002,-63.311848999999995,21.02108199999998
-128.14413833333333,619.9547940000001,305.5826853333333,-247.5357345,426.71887749999996,85.270405,-112.118442,396.5962125,286.94358450000004,-26.343704000000002,-63.37850700000001,21.01780100000002
-128.19050333333334,619.9537733333333,305.5620066666666,-247.588254,426.728967,85.2788325,-112.141188,396.80481599999996,287.032894,-26.226416,-63.44629200000003,21.010966000000053
-128.23722133333334,619.9493663333334,305.5407993333333,-247.642566,426.741634,85.280615,-112.1658875,397.00160900000003,287.118801,-26.110512999999997,-63.515165999999965,21.00044600000001
-128.28429400000002,619.9416379999999,305.519072,-247.6987105,426.7568765,85.275796,-112.192487,397.1862125,287.201064,-25.996048000000002,-63.58509300000003,20.98610000000002
-128.33171966666666,619.9306503333333,305.4968313333333,-247.756726,426.7746925,85.2644215,-112.220929,397.358231,287.27942199999995,-25.883073999999993,-63.65602999999999,20.967787999999985
-128.37949766666665,619.9164666666667,305.47408333333334,-247.81665049999998,426.79507850000005,85.24653649999999,-112.251148,397.5172575,287.3535895,-25.77164400000001,-63.727937000000054,20.945357
-128.42762533333334,619.899148,305.4508353333334,-247.87852100000003,426.8180315,85.22219,-112.2830755,397.6628695,287.42325800000003,-25.661812999999995,-63.800771000000054,20.918656
-128.47609833333334,619.8787543333333,305.42709199999996,-247.94237299999998,426.843548,85.1914295,-112.31663449999999,397.794632,287.48809800000004,-25.553636999999995,-63.87448599999999,20.88752800000003
-128.52491333333333,619.8553463333333,305.40285866666665,-248.0082415,426.8716205,85.1543035,-112.351745,397.9121005,287.547759,-25.44717200000001,-63.94903499999998,20.85181
-128.574063,619.8289823333333,305.3781403333333,-248.07615900000002,426.90224550000005,85.110863,-112.388319,398.0148155,287.60186899999997,-25.342476000000005,-64.02436899999998,20.811338000000035
-128.62354133333335,619.7997196666666,305.3529413333334,-248.14615750000002,426.9354145,85.061158,-112.426266,398.10230850000005,287.650033,-25.23960600000001,-64.100437,20.76594399999999
-128.67334,619.767615,305.32726533333334,-248.21826750000002,426.971121,85.0052405,-112.4654895,398.174103,287.6918395,-25.138622999999995,-64.177186,20.71545500000002
-128.72344966666665,619.7327243333333,305.301115,-248.29251649999998,427.009355,84.9431625,-112.5058865,398.229712,287.7268535,-25.039586999999997,-64.25456199999996,20.659699000000046
-128.77385933333332,619.6951013333334,305.2744943333334,-248.36893150000003,427.050108,84.8749775,-112.54735199999999,398.268639,287.7546245,-24.942558000000005,-64.33250799999996,20.598501
-128.82455766666666,619.6547993333334,305.247406,-248.44753500000002,427.0933675,84.800738,-112.5897745,398.290384,287.77468150000004,-24.847600999999997,-64.41096399999998,20.531680999999992
-128.87553233333333,619.6118700000001,305.21985233333334,-248.528351,427.139123,84.7205,-112.6330395,398.294439,287.786536,-24.754779,-64.48987,20.459064000000012
-128.926768,619.5663640000001,305.1918346666667,-248.611397,427.1873605,84.63431650000001,-112.677028,398.2802905,287.78968199999997,-24.66415400000001,-64.569163,20.380466000000013
-128.97825,619.5183313333333,305.16335599999996,-248.6966905,427.2380655,84.54224549999999,-112.721617,398.24742200000003,287.783598,-24.575794000000002,-64.64877600000005,20.29571199999998
-129.02996133333332,619.4678186666666,305.13441766666665,-248.7842455,427.2912215,84.44434150000001,-112.76668000000001,398.195313,287.7677475,-24.489763999999994,-64.72864400000003,20.20461899999998
-129.08188433333333,619.4148743333334,305.10502,-248.8740735,427.3468095,84.34066250000001,-112.81208749999999,398.1234435,287.741578,-24.406132999999997,-64.808695,20.107008000000008
-129.13399933333332,619.359542,305.07516533333336,-248.966183,427.40481250000005,84.2312665,-112.857707,398.03128849999996,287.7045225,-24.324968,-64.88885699999997,20.002701000000002
-129.186286,619.3018666666667,305.044854,-249.06057800000002,427.4652075,84.116212,-112.903402,397.918328,287.656004,-24.24633800000001,-64.96905799999996,19.89152200000001
-129.23872166666666,619.2418906666667,305.0140866666666,-249.157261,427.527972,83.995558,-112.94903550000001,397.78404,287.59542999999996,-24.170315000000002,-65.049218,19.77329400000002
-129.29128433333335,619.179655,304.982864,-249.25623099999999,427.593081,83.869365,-112.9944655,397.6279075,287.522199,-24.096969,-65.12926099999999,19.64784599999996
-129.34394866666665,619.1151986666667,304.95118733333334,-249.357482,427.6605085,83.737694,-113.03955049999999,397.4494165,287.4357,-24.026370999999997,-65.20910299999997,19.515007999999966
-129.39668833333334,619.0485596666667,304.919056,-249.461006,427.730224,83.600607,-113.0841455,397.248058,287.3353105,-23.958595000000003,-65.28866199999999,19.374611000000016
-129.44947666666667,618.9797753333334,304.8864713333333,-249.56679,427.80219750000003,83.458167,-113.128105,397.0233285,287.220402,-23.893714000000003,-65.36785099999997,19.226494000000002
-129.50228466666667,618.9088806666667,304.8534333333333,-249.67481800000002,427.876394,83.3104375,-113.17128249999999,396.7747335,287.09033850000003,-23.831801,-65.44658299999998,19.070498999999984
-129.55508233333333,618.835908,304.8199423333333,-249.78506950000002,427.9527785,83.157483,-113.21352949999999,396.5017875,286.9444775,-23.772931000000014,-65.524765,18.90647100000001
-129.60783800000002,618.7608893333332,304.78599866666667,-249.8975205,428.031313,82.9993705,-113.25469749999999,396.204012,286.7821725,-23.717179,-65.602306,18.734260999999947
-129.66051933333335,618.683856,304.75160366666665,-250.01214199999998,428.11195499999997,82.836166,-113.29463799999999,395.8809435,286.6027735,-23.664621999999994,-65.67910900000004,18.553724999999986
-129.71309233333332,618.6048350000001,304.716757,-250.12890149999998,428.194662,82.66793799999999,-113.333201,395.5321285,286.4056275,-23.615334000000004,-65.75507900000002,18.364727000000016
-129.76552066666667,618.5238553333334,304.68145933333335,-250.24776149999997,428.2793865,82.4947555,-113.370239,395.157127,286.1900815,-23.56939,-65.83011399999998,18.167134999999973
-129.81776833333333,618.4409403333333,304.645712,-250.3686805,428.366081,82.3166895,-113.4056045,394.75551499999995,285.9554805,-23.526869000000005,-65.904112,17.960826999999995
-129.8697963333333,618.3561156666666,304.6095156666667,-250.49161300000003,428.454691,82.13381150000001,-113.439149,394.32688399999995,285.7011715,-23.48784599999999,-65.97697,17.74568499999998
-129.92156633333335,618.2694023333333,304.572872,-250.616508,428.5451635,81.946195,-113.470727,393.870842,285.426505,-23.452395999999993,-66.04858000000002,17.521599999999978
-129.97303633333334,618.1808213333333,304.5357813333333,-250.7433115,428.6374395,81.75391350000001,-113.50019449999999,393.3870165,285.13083400000005,-23.420598999999996,-66.11883699999998,17.288472000000013
-130.024165,618.0903913333333,304.49824600000005,-250.871963,428.731458,81.557043,-113.5274085,392.87505250000004,284.8135165,-23.392526999999987,-66.18762699999996,17.046208999999976
-130.07490833333335,617.9981303333334,304.4602673333333,-251.00239800000003,428.8271545,81.355662,-113.552228,392.33461750000004,284.47391600000003,-23.368257999999997,-66.254841,16.79472800000002
-130.12522166666665,617.904053,304.421848,-251.1345485,428.92446199999995,81.14984799999999,-113.57451499999999,391.7654,284.111405,-23.347865999999996,-66.32036400000004,16.533952
-130.17505933333334,617.8081746666667,304.38299,-251.268341,429.02331,80.939681,-113.5941335,391.167109,283.7253625,-23.33142699999999,-66.38407999999998,16.263821000000007
-130.22437433333334,617.7105069999999,304.343696,-251.40369700000002,429.12362399999995,80.7252435,-113.610952,390.53948,283.31518,-23.319013999999996,-66.44587199999995,15.984278000000018
-130.27311799999998,617.6110613333334,304.3039693333333,-251.540535,429.225328,80.506619,-113.62483950000001,389.8822715,282.88025749999997,-23.31070100000001,-66.50562300000001,15.695276999999976
-130.32124166666665,617.5098469999999,304.26381299999997,-251.6787665,429.328342,80.28389150000001,-113.635671,389.1952685,282.4200075,-23.306557999999995,-66.56321100000002,15.396787000000018
-130.368694,617.4068716666666,304.22323133333333,-251.81830100000002,429.432583,80.0571475,-113.643324,388.478281,281.93385850000004,-23.306658000000013,-66.618516,15.088782999999978
-130.41542266666667,617.3021416666667,304.1822276666667,-251.95904149999998,429.53796350000005,79.8264745,-113.6476805,387.7311465,281.4212515,-23.311071000000013,-66.67141499999997,14.771253000000002
-130.46137666666667,617.195662,304.1408073333333,-252.100888,429.64439400000003,79.59196250000001,-113.648627,386.9537315,280.8816435,-23.319866000000005,-66.72178499999995,14.444195000000036
-130.50650133333332,617.0874356666667,304.0989743333333,-252.2437365,429.7517825,79.353703,-113.6460535,386.14593,280.314509,-23.333107,-66.76950199999999,14.107619999999997
-130.55074133333335,616.977465,304.05673533333334,-252.3874765,429.86003300000004,79.1117875,-113.63985650000001,385.307666,279.719342,-23.350860999999995,-66.81443999999999,13.761548000000005
-130.59404233333333,616.86575,304.014095,-252.531996,429.969047,78.86631,-113.629936,384.4388935,279.0956535,-23.37319199999999,-66.85647700000004,13.406012999999973
-130.63634733333333,616.7522896666666,303.9710606666667,-252.67717749999997,430.0787225,78.6173675,-113.616198,383.5395965,278.442977,-23.40016,-66.89548300000001,13.041060000000016
-130.67759933333332,616.6370823333333,303.9276386666666,-252.8229,430.1889545,78.3650565,-113.59855400000001,382.609791,277.7608675,-23.43182399999999,-66.93133400000005,12.666744999999992
-130.71773900000002,616.520124,303.8838356666667,-252.969039,430.2996365,78.109475,-113.5769215,381.6495245,277.0489015,-23.468243,-66.96390500000001,12.283135000000016
-130.75670966666667,616.4014093333334,303.8396606666667,-253.1154655,430.410658,77.850724,-113.5512245,380.65887499999997,276.3066795,-23.509468999999996,-66.99307000000005,11.890311000000054
-130.79445033333332,616.2809323333332,303.79512066666666,-253.262048,430.521906,77.5889045,-113.52139,379.6379545,275.5338285,-23.555554,-67.01870100000002,11.488364999999988
-130.83090166666668,616.1586863333333,303.75022566666667,-253.40865100000002,430.633266,77.3241205,-113.4873555,378.586907,274.72999849999997,-23.606548999999987,-67.04067799999996,11.077398999999957
-130.86600333333334,616.0346616666667,303.70498433333336,-253.555138,430.7446205,77.0564745,-113.4490625,377.50590950000003,273.89486850000003,-23.662497000000002,-67.058873,10.657529000000011
-130.89969399999998,615.908849,303.659406,-253.701366,430.8558495,76.786073,-113.40646050000001,376.395171,273.0281435,-23.72344299999999,-67.07316400000002,10.228882999999996
-130.93191233333332,615.7812376666666,303.6135023333333,-253.847192,430.96683099999996,76.5130235,-113.3595035,375.2549335,272.129557,-23.789424999999994,-67.08342900000002,9.791597999999965
-130.96259666666666,615.6518163333334,303.56728300000003,-253.9924695,431.0774425,76.237434,-113.3081555,374.08547350000003,271.198873,-23.860480999999993,-67.08954899999998,9.345823999999993
-130.99168533333332,615.5205716666666,303.5207603333333,-254.13705,431.1875575,75.959412,-113.2523855,372.8870995,270.2358835,-23.93664100000001,-67.09140299999996,8.891720999999961
-131.01911600000003,615.3874913333333,303.4739456666667,-254.28078250000002,431.2970485,75.6790695,-113.19217,371.6601515,269.24041350000005,-24.017936000000006,-67.08887499999997,8.429461000000003
-131.04482633333333,615.2525586666667,303.42685166666666,-254.4235145,431.40578849999997,75.3965165,-113.1274935,370.40500399999996,268.212317,-24.104388999999998,-67.08184999999997,7.959227999999996
-131.06875466666668,615.1157596666667,303.379492,-254.565093,431.51364650000005,75.11186599999999,-113.058348,369.122062,267.1514805,-24.196022,-67.07021400000002,7.481213000000025
-131.090838,614.9770783333333,303.3318796666667,-254.7053605,431.62049249999995,74.8252315,-112.98473150000001,367.8117645,266.05782450000004,-24.292851,-67.053857,6.9956189999999765
-131.111015,614.8364976666667,303.2840293333333,-254.84416249999998,431.7261945,74.5367255,-112.90665100000001,366.47458,264.931301,-24.394887999999995,-67.03267200000005,6.502659999999992
-131.12922333333333,614.694001,303.23595500000005,-254.98134000000002,431.83061999999995,74.2464635,-112.8241195,365.1110095,263.7718965,-24.50214100000001,-67.00655499999999,6.0025589999999625
-131.14540166666666,614.5495696666666,303.1876723333333,-255.116737,431.933636,73.954561,-112.73715899999999,363.7215835,262.579631,-24.614614000000003,-66.97540100000003,5.49554599999999
-131.15948766666668,614.403186,303.13919666666663,-255.25019350000002,432.0351105,73.661133,-112.645799,362.30686249999997,261.354558,-24.732304,-66.93911299999996,4.981861999999978
-131.17142233333334,614.2548306666666,303.0905453333333,-255.3815525,432.13490950000005,73.366296,-112.55007549999999,360.867437,260.096767,-24.855204999999998,-66.89759800000002,4.461758000000032
-131.18114433333335,614.104485,303.04173399999996,-255.5106565,432.2329,73.0701675,-112.45003249999999,359.40392499999996,258.806382,-24.98330700000001,-66.85076199999997,3.9354880000000207
-131.18859433333333,613.9521296666667,302.9927803333333,-255.63734699999998,432.3289495,72.772865,-112.3457225,357.91697350000004,257.4835605,-25.11659300000001,-66.798519,3.4033190000000104
-131.19371266666667,613.7977446666667,302.9437023333333,-255.761469,432.42292599999996,72.474504,-112.237204,356.40725499999996,256.1284975,-25.255042000000003,-66.74078600000001,2.865521000000001
-131.19644233333335,613.6413106666666,302.894518,-255.882866,432.5146985,72.17520400000001,-112.124543,354.8754685,254.7414215,-25.398626000000007,-66.677483,2.3223750000000223
-131.196725,613.4828076666666,302.8452463333333,-256.00138549999997,432.60413600000004,71.8750815,-112.00781549999999,353.3223375,253.322597,-25.54731500000001,-66.60853699999996,1.7741639999999848
-131.19450466666663,613.3222163333334,302.795906,-256.116875,432.6911105,71.57425549999999,-111.8871,351.748611,251.872323,-25.701071999999996,-66.53387800000002,1.221180000000004
-131.18972599999998,613.1595173333334,302.746518,-256.22918400000003,432.77549450000004,71.272843,-111.762486,350.1550595,250.39093450000001,-25.859854,-66.453441,0.6637169999999912
-131.182334,612.9946896666667,302.69710100000003,-256.338166,432.85716149999996,70.970962,-111.63406900000001,348.5424755,248.8788005,-26.023612,-66.367167,0.10207900000000336
-131.172277,612.8277156666667,302.647676,-256.4436755,432.935988,70.6687305,-111.50195049999999,346.911673,247.3363255,-26.19229700000001,-66.27499999999998,-0.46343299999998067
-131.159502,612.6585760000002,302.5982646666667,-256.5455705,433.01185150000003,70.3662655,-111.36624,345.26348399999995,245.763947,-26.36584599999999,-66.17689200000001,-1.032508000000007
-131.143959,612.4872516666666,302.54888766666664,-256.643712,433.0846335,70.063684,-111.227052,343.5987595,244.1621385,-26.544197999999994,-66.07279899999997,-1.604832999999985
-131.12559866666666,612.313724,302.499567,-256.7379655,433.15421649999996,69.761103,-111.084508,341.91836850000004,242.5314055,-26.727282000000002,-65.96268300000003,-2.1800969999999893
-131.10437433333334,612.137977,302.45032466666663,-256.8281975,433.220486,69.4586385,-110.9387375,340.2231935,240.8722875,-26.915025,-65.84651100000002,-2.7579769999999826
-131.080239,611.959992,302.401183,-256.914283,433.283331,69.1564065,-110.789873,338.51413349999996,239.185356,-27.107346000000007,-65.72425700000002,-3.338159999999988
-131.05314866666666,611.7797543333334,302.3521653333333,-256.99609699999996,433.342642,68.8545235,-110.63805500000001,336.7921,237.471216,-27.30416000000001,-65.59590000000003,-3.9203239999999937
-131.02306099999998,611.597247,302.303294,-257.073521,433.3983155,68.55310300000001,-110.4834275,335.0580145,235.7305025,-27.505376999999996,-65.46142700000001,-4.504146999999989
-130.98993500000003,611.412456,302.25459333333333,-257.1464415,433.450249,68.25226,-110.326142,333.3128095,233.96388100000001,-27.710902000000004,-65.320829,-5.089309999999983
-130.95373166666664,611.2253676666667,302.2060856666667,-257.2147495,433.498344,67.95210800000001,-110.166353,331.5574285,232.1720495,-27.920634000000007,-65.174103,-5.675492999999989
-130.91441466666666,611.0359683333334,302.157796,-257.2783415,433.5425075,67.652761,-110.0042205,329.79282,230.3557325,-28.134467,-65.021254,-6.262374999999992
-130.87194833333334,610.8442466666667,302.10974833333336,-257.3371195,433.5826475,67.3543295,-109.839911,328.019938,228.51568400000002,-28.352292000000006,-64.86229199999997,-6.849637999999999
-130.82630033333336,610.6501913333333,302.0619663333333,-257.3909905,433.61867900000004,67.0569255,-109.673591,326.23974350000003,226.65268700000001,-28.573994,-64.69723500000003,-7.436966000000012
-130.77743933333332,610.4537936666667,302.01447533333334,-257.4398685,433.6505195,66.7606605,-109.5054345,324.453198,224.7675485,-28.79945099999999,-64.52610600000003,-8.024045000000001
-130.72533733333333,610.2550436666667,301.967299,-257.4836735,433.67809150000005,66.465644,-109.33561750000001,322.6612675,222.861104,-29.028543,-64.34893299999999,-8.610563999999982
-130.66996766666668,610.0539360000001,301.920463,-257.5223305,433.70132,66.1719855,-109.16432,320.864915,220.9342115,-29.261139999999997,-64.16575399999999,-9.196213
-130.611306,609.8504633333333,301.8739913333334,-257.555773,433.720138,65.87979200000001,-108.991724,319.065105,218.987754,-29.497110000000006,-63.976609999999994,-9.780689999999993
-130.54933133333333,609.6446226666667,301.82791,-257.5839385,433.7344805,65.58917149999999,-108.818015,317.262798,217.0226365,-29.736317999999997,-63.78154999999998,-10.363691000000017
-130.48402366666667,609.4364096666667,301.7822433333333,-257.6067745,433.744288,65.300231,-108.64338000000001,315.4589515,215.039785,-29.978621999999987,-63.58063099999998,-10.944921999999991
-130.41536633333334,609.2258236666667,301.7370163333333,-257.6242325,433.749506,65.0130755,-108.4680095,313.654516,213.040148,-30.223883,-63.37391200000002,-11.524090000000001
-130.34334533333333,609.0128653333334,301.692254,-257.636272,433.75008349999996,64.727809,-108.29209399999999,311.8504375,211.02469,-30.471950000000007,-63.161463000000026,-12.100909999999999
-130.267948,608.797535,301.647982,-257.64286,433.7459775,64.4445355,-108.1158265,310.0476525,208.9943955,-30.722677000000004,-62.943355,-12.675098999999989
-130.18916566666667,608.5798366666667,301.604224,-257.64397,433.737146,64.16335699999999,-107.9394,308.2470885,206.9502655,-30.97591,-62.719671000000005,-13.246384999999975
-130.10699133333335,608.359776,301.56100599999996,-257.6395835,433.72355500000003,63.884375500000004,-107.7630085,306.4496625,204.8933165,-31.231494999999995,-62.49049500000001,-13.814495000000022
-130.02142066666667,608.1373593333333,301.5183523333333,-257.6296885,433.705174,63.607690999999996,-107.58684600000001,304.6562805,202.824578,-31.48927400000001,-62.255919000000006,-14.379169999999988
-129.932452,607.9125953333333,301.4762876666667,-257.614281,433.6819785,63.3334035,-107.411108,302.867833,200.7450935,-31.749089999999995,-62.01604200000003,-14.940151000000014
-129.84008733333334,607.6854943333334,301.43483599999996,-257.5933635,433.653948,63.0616105,-107.2359865,301.0852,198.6559175,-32.010779,-61.77096599999999,-15.49718900000002
-129.74432933333333,607.4560686666667,301.3940216666667,-257.5669465,433.62106800000004,62.792410000000004,-107.061676,299.3092425,196.55811549999999,-32.27418,-61.520801000000006,-16.050042999999988
-129.645185,607.2243326666667,301.35386866666664,-257.53504799999996,433.5833285,62.5258975,-106.8883675,297.5408085,194.45276,-32.539129,-61.265660999999966,-16.598478
-129.5426633333333,606.990302,301.31440100000003,-257.49769249999997,433.540724,62.262167500000004,-106.716252,295.780726,192.3409325,-32.805462000000006,-61.005664000000024,-17.142267000000004
-129.43677633333334,606.753995,301.27564233333334,-257.454912,433.493255,62.001315000000005,-106.545518,294.029806,190.223721,-33.07301000000001,-60.74093800000003,-17.68118799999999
-129.32753833333334,606.5154313333334,301.23761499999995,-257.4067465,433.440926,61.7434315,-106.3763515,292.2888395,188.1022165,-33.341609000000005,-60.471610999999996,-18.215033000000005
-129.21496666666667,606.2746336666667,301.200342,-257.353243,433.3837475,61.488608,-106.20893699999999,290.5585985,185.97751449999998,-33.611092,-60.197816999999986,-18.743595
-129.09908166666665,606.031625,301.16384566666665,-257.29445450000003,433.32173350000005,61.236936,-106.043455,288.8398325,183.85071349999998,-33.881292,-59.91969700000004,-19.266678999999982
-128.979905,605.7864316666667,301.128148,-257.230442,433.254903,60.988502999999994,-105.88008500000001,287.13327000000004,181.72290950000001,-34.15204200000001,-59.637392000000034,-19.784098999999998
-128.857463,605.5390813333333,301.0932706666667,-257.161273,433.1832805,60.743396000000004,-105.719,285.4396165,179.59520049999998,-34.423176,-59.35105299999998,-20.295672999999994
-128.7317826666667,605.2896036666666,301.05923433333334,-257.087021,433.106895,60.501701999999995,-105.560372,283.759555,177.468682,-34.69453,-59.06082999999998,-20.801232
-128.60289566666665,605.0380313333334,301.0260596666667,-257.0077675,433.025778,60.2635045,-105.4043685,282.0937445,175.344444,-34.965939000000006,-58.76687900000002,-21.300612
-128.470835,604.7843973333333,300.993767,-256.9235995,432.93996849999996,60.028887499999996,-105.25115,280.442819,173.22357449999998,-35.23724,-58.46936000000002,-21.79365900000002
-128.33563566666666,604.5287383333333,300.96237533333334,-256.8346105,432.849508,59.797932,-105.1008765,278.8073885,171.10715349999998,-35.50827100000001,-58.16843700000001,-22.280226999999996
-128.197337,604.2710916666666,300.93190366666664,-256.7409,432.7544415,59.570718,-104.9537,277.1880365,168.9962545,-35.77887200000001,-57.86427500000002,-22.760177
-128.05597933333334,604.0114976666667,300.9023706666667,-256.64257249999997,432.65481950000003,59.347323,-104.80976899999999,275.58532149999996,166.891941,-36.048885999999996,-57.557042999999965,-23.233382000000006
-127.91160633333334,603.7499973333333,300.873793,-256.53974,432.550697,59.127824000000004,-104.66922650000001,273.9997765,164.79526800000002,-36.318157,-57.24691500000003,-23.69971799999999
-127.76426400000001,603.4866350000001,300.8461883333334,-256.432519,432.44213049999996,58.912296000000005,-104.5322085,272.43190649999997,162.70727749999998,-36.586533,-56.934064999999975,-24.159075
-127.61400066666666,603.221457,300.81957199999994,-256.3210295,432.329182,58.700811,-104.39884699999999,270.8821915,160.62900050000002,-36.85386200000001,-56.61866900000001,-24.611345
-127.46086733333334,602.954509,300.7939606666667,-256.2054,432.21191650000003,58.493440500000005,-104.269267,269.351085,158.56145450000002,-37.11999399999999,-56.30090799999999,-25.056433
-127.30491599999999,602.6858423333333,300.769368,-256.0857605,432.0904035,58.290252499999994,-104.1435875,267.83901050000003,156.50564,-37.384789,-55.980963,-25.494252000000017
-127.14620300000001,602.415507,300.74580833333334,-255.962247,431.96471399999996,58.091314,-104.0219205,266.346369,154.46254399999998,-37.648103000000006,-55.65901600000001,-25.924718000000013
-126.98478533333333,602.1435563333333,300.723295,-255.8349995,431.8349235,57.896688999999995,-103.9043725,264.873531,152.433134,-37.90979700000001,-55.33525399999999,-26.347759999999994
-126.82072333333333,601.8700456666667,300.70184,-255.704162,431.7011105,57.7064405,-103.791042,263.420842,150.4183605,-38.169737999999995,-55.00986,-26.763310999999987
-126.65407833333335,601.595031,300.68145499999997,-255.5698805,431.5633555,57.520628,-103.68202199999999,261.98861999999997,148.4191555,-38.427792,-54.68302399999999,-27.17131500000002
-126.48491466666667,601.3185703333332,300.66215033333333,-255.43230749999998,431.421743,57.339308,-103.57739699999999,260.5771565,146.43642949999997,-38.683836,-54.35493099999999,-27.571720999999997
-126.31329766666666,601.0407236666666,300.64393566666666,-255.29159599999997,431.27636,57.162535,-103.47724550000001,259.18671600000005,144.4710715,-38.93774499999999,-54.02577200000002,-27.964484999999996
-126.13929533333334,600.7615526666667,300.6268193333333,-255.14790150000002,431.12729449999995,56.990362000000005,-103.38163850000001,257.817538,142.5239505,-39.189398999999995,-53.69573200000002,-28.349570999999997
-125.96297766666667,600.4811193333334,300.61081,-255.00138450000003,430.97463849999997,56.82283699999999,-103.290638,256.4698345,140.5959085,-39.438683999999995,-53.365005,-28.726951
-125.78441600000001,600.199489,300.5959136666666,-254.852205,430.818486,56.660007,-103.20430200000001,255.14379300000002,138.687768,-39.68549,-53.03377600000002,-29.09660199999999
-125.603683,599.9167270000002,300.58213666666666,-254.70052550000003,430.658932,56.5019145,-103.122678,253.83957450000003,136.800323,-39.92971,-52.702235,-29.458505999999986
-125.42085433333334,599.6329003333334,300.56948366666666,-254.546512,430.496075,56.3486,-103.0458065,252.55731649999998,134.934345,-40.171243000000004,-52.370570999999984,-29.812656000000004
-125.23600566666666,599.3480776666667,300.5579583333333,-254.3903285,430.330014,56.2001,-102.97372150000001,251.297132,133.0905765,-40.409993,-52.038970000000006,-30.159048999999982
-125.04921533333334,599.0623286666668,300.5475643333333,-254.232142,430.1608505,56.0564485,-102.90645,250.05910749999998,131.269735,-40.645866,-51.707618999999994,-30.497685999999987
-124.86056166666667,598.7757236666666,300.538302,-254.07211949999999,429.9886865,55.917674500000004,-102.844009,248.84330949999998,129.47251,-40.87877599999999,-51.37670499999999,-30.828577999999993
-124.67012666666666,598.4883343333333,300.53017266666666,-253.91042799999997,429.813627,55.783806,-102.78640949999999,247.6497795,127.699562,-41.108639,-51.04641099999998,-31.151737999999995
-124.47799133333332,598.2002346666667,300.52317633333337,-253.747235,429.63577699999996,55.654865,-102.733656,246.47853650000002,125.9515235,-41.335378000000006,-50.71691899999999,-31.467185
-124.28423866666667,597.9114976666666,300.51731133333334,-253.58270750000003,429.4552435,55.53087,-102.685743,245.3295795,124.22899799999999,-41.55892,-50.38841099999996,-31.774945999999986
-124.08895333333334,597.6221983333334,300.5125743333333,-253.4170115,429.2721325,55.4118375,-102.64266,244.20288449999998,122.532559,-41.779196,-50.061064999999985,-32.075050000000005
-123.89222,597.3324120000001,300.50896266666666,-253.250312,429.086554,55.2977785,-102.6043885,243.0984075,120.86274900000001,-41.99614299999999,-49.73505900000001,-32.367532
-123.69412433333333,597.0422153333334,300.50647200000003,-253.08277399999997,428.8986165,55.1887005,-102.57090149999999,242.01608499999998,119.22008149999999,-42.20970100000001,-49.410567999999984,-32.65243500000001
-123.49475399999999,596.7516846666666,300.505095,-252.9145595,428.70843,55.0846065,-102.542167,240.95583399999998,117.6050385,-42.41981800000001,-49.08776199999997,-32.929799
-123.294196,596.4608983333333,300.5048259999999,-252.74583,428.5161045,54.9854955,-102.518145,239.9175545,116.01807099999999,-42.626446,-48.766812999999985,-33.199676
-123.09253833333334,596.1699333333333,300.5056563333333,-252.57674350000002,428.3217515,54.891363,-102.49878749999999,238.901126,114.4595985,-42.829539,-48.44788599999998,-33.46211699999999
-122.88987066666668,595.878869,300.507577,-252.4074565,428.1254815,54.802199,-102.4840415,237.90641349999999,112.93000950000001,-43.029056999999995,-48.13114700000003,-33.717179
-122.68628166666667,595.5877833333333,300.510578,-252.2381235,427.927406,54.717989,-102.473848,236.933264,111.42966000000001,-43.224968000000004,-47.816753999999975,-33.964926000000006
-122.48186066666666,595.2967563333333,300.514647,-252.068895,427.72763699999996,54.638716,-102.4681395,235.98151000000001,109.9588755,-43.41723900000001,-47.50486600000002,-34.205417
-122.27669833333334,595.0058663333333,300.51977266666665,-251.899919,427.52628500000003,54.5643565,-102.46684350000001,235.05097,108.5179485,-43.605847,-47.195636000000036,-34.438725000000005
-122.07088466666666,594.715193,300.52594099999993,-251.731341,427.3234615,54.494883,-102.469881,234.141446,107.107141,-43.79077000000001,-46.88921399999998,-34.664918
-121.86450966666666,594.4248163333333,300.5331376666666,-251.563302,427.119278,54.4302645,-102.477169,233.25272900000002,105.72668200000001,-43.971992,-46.585748000000024,-34.884069999999994
-121.65766333333333,594.1348146666668,300.54134633333337,-251.395939,426.913845,54.370463,-102.48861600000001,232.38459699999999,104.37677,-44.1495,-46.28537800000001,-35.09625799999999
-121.45043700000001,593.8452673333333,300.550551,-251.2293865,426.70727350000004,54.315439500000004,-102.50412800000001,231.5368155,103.0575705,-44.323288000000005,-45.98824499999998,-35.301563
-121.24292000000001,593.556254,300.560733,-251.06377299999997,426.4996735,54.265145999999994,-102.523604,230.7091405,101.76921899999999,-44.493352,-45.694480999999996,-35.50006599999999
-121.03520299999998,593.267853,300.57187500000003,-250.8992245,426.2911545,54.219534,-102.54693950000001,229.901316,100.5118195,-44.65969299999999,-45.404217999999986,-35.69185300000001
-120.82737466666667,592.9801423333333,300.58395533333334,-250.7358625,426.0818255,54.178547,-102.57402400000001,229.113079,99.28544550000001,-44.82231399999999,-45.117579999999975,-35.877009
-120.61952533333333,592.6932006666667,300.5969543333333,-250.5738025,425.8717945,54.142126499999996,-102.60474400000001,228.344155,98.0901385,-44.98122600000001,-44.83469000000002,-36.055625000000006
-120.41174333333333,592.4071043333333,300.6108496666667,-250.413157,425.66116999999997,54.1102085,-102.638981,227.5942635,96.92591,-45.136438,-44.555661000000015,-36.227791999999994
-120.20411633333333,592.1219313333334,300.625619,-250.254032,425.45005749999996,54.082724,-102.6766135,226.863116,95.7927435,-45.287971,-44.280608,-36.39360099999999
-119.99673333333334,591.8377566666667,300.6412383333333,-250.09652999999997,425.238564,54.0596,-102.71751599999999,226.150418,94.6905905,-45.43584,-44.009636,-36.55314899999999
-119.78968033333332,591.554656,300.6576833333333,-249.9407485,425.026794,54.0407585,-102.7615595,225.455869,93.619374,-45.580071000000004,-43.74284800000001,-36.70653
-119.58304366666668,591.2727046666668,300.67492799999997,-249.78677849999997,424.81485250000003,54.026118,-102.80861300000001,224.77916249999998,92.578989,-45.720690000000005,-43.48033899999999,-36.853842
-119.37690866666668,590.9919756666667,300.6929466666666,-249.634708,424.602841,54.0155925,-102.858543,224.1199885,91.569302,-45.857726,-43.222200999999984,-36.995186000000004
-119.17136033333334,590.7125416666667,300.7117113333333,-249.48461650000002,424.39086199999997,54.009091,-102.911212,223.47803249999998,90.59015149999999,-45.991214,-42.96852099999998,-37.130658999999994
-118.96648066666667,590.434475,300.731195,-249.336582,424.1790165,54.00652,-102.966482,222.852978,89.64134849999999,-46.12118799999999,-42.719381999999996,-37.26036499999999
-118.762354,590.1578453333333,300.75136799999996,-249.1906755,423.96740350000005,54.0077795,-103.024213,222.2445045,88.722678,-46.247686,-42.474856999999986,-37.384404
-118.55906,589.8827233333333,300.772202,-249.0469605,423.756122,54.01276850000001,-103.0842625,221.6522905,87.8338995,-46.370751,-42.235017,-37.502881
-118.356679,589.6091763333334,300.79366566666664,-248.9054995,423.5452695,54.02138,-103.1464895,221.0760125,86.97474650000001,-46.49042700000001,-41.99992900000001,-37.615899
-118.15529033333333,589.337272,300.815729,-248.766347,423.33494,54.03350450000001,-103.21074899999999,220.5153465,86.144928,-46.606759999999994,-41.76965100000001,-37.723562
-117.954971,589.0670756666667,300.83836033333336,-248.629552,423.1252295,54.049029,-103.2768975,219.969968,85.344128,-46.719798999999995,-41.54423800000001,-37.825976
-117.75579700000002,588.798652,300.8615273333333,-248.4951595,422.916231,54.0678355,-103.34479049999999,219.439553,84.57200900000001,-46.829595,-41.323736,-37.92324599999999
-117.55784366666667,588.5320636666667,300.88519766666667,-248.3632085,422.7080345,54.089805999999996,-103.41428400000001,218.923777,83.8282095,-46.936201999999994,-41.108191999999974,-38.015480999999994
-117.361183,588.2673726666666,300.90933866666666,-248.23373249999997,422.50073150000003,54.114816499999996,-103.48523399999999,218.42231900000002,83.112347,-47.039674000000005,-40.897639999999996,-38.102784
-117.16588733333333,588.0046376666667,300.933916,-248.1067605,422.29440999999997,54.142741,-103.55749750000001,217.9348575,82.42401699999999,-47.140067,-40.692115,-38.185264000000004
-116.97202699999998,587.743918,300.9588963333333,-247.98231700000002,422.089157,54.173452000000005,-103.630932,217.461074,81.76279550000001,-47.23743999999999,-40.49164000000002,-38.26302700000001
-116.77966966666668,587.4852696666667,300.98424500000004,-247.8604205,421.88505899999996,54.2068185,-103.705397,217.000651,81.1282385,-47.33185400000001,-40.29623800000002,-38.336181
-116.58888233333334,587.2287486666668,301.0099266666667,-247.7410845,421.6821985,54.242706,-103.78075150000001,216.55327699999998,80.5198835,-47.423368999999994,-40.10592399999999,-38.404835
-116.39972966666666,586.9744076666666,301.0359076666667,-247.624318,421.4806585,54.280981000000004,-103.856859,216.11864,79.93724950000001,-47.51204999999999,-39.920705999999996,-38.469093
-116.21227533333332,586.7222983333334,301.0621516666667,-247.5101265,421.280519,54.321504499999996,-103.933582,215.696433,79.379839,-47.597958000000006,-39.740590000000026,-38.52906600000001
-116.02658066666667,586.4724703333333,301.088624,-247.3985085,421.08186,54.364138000000004,-104.01078799999999,215.28635350000002,78.8471385,-47.68115999999999,-39.565573,-38.584858999999994
-115.84270466666668,586.2249723333333,301.1152876666667,-247.28946100000002,420.88475800000003,54.408742000000004,-104.088344,214.8881015,78.338618,-47.76172000000001,-39.39564899999999,-38.636582
-115.66070566666667,585.9798496666667,301.1421083333334,-247.182974,420.6892885,54.4551735,-104.166123,214.50138299999998,77.8537335,-47.83970599999999,-39.230806,-38.684339
-115.480639,585.7371473333333,301.1690486666667,-247.079035,420.495525,54.5032905,-104.243998,214.12590749999998,77.39192800000001,-47.91518400000001,-39.07102699999999,-38.72824000000001
-115.30255833333335,585.4969073333333,301.1960746666667,-246.9776265,420.3035405,54.5529485,-104.3218455,213.761389,76.9526305,-47.98822299999999,-38.91628800000001,-38.768391
-115.12651633333333,585.2591699999999,301.22314866666665,-246.87872850000002,420.1134035,54.604003500000005,-104.399547,213.40754700000002,76.535259,-48.05888999999999,-38.76656,-38.804898
-114.952562,585.023975,301.2502356666667,-246.78231599999998,419.9251835,54.656310999999995,-104.47698500000001,213.06410649999998,76.1392185,-48.12725400000001,-38.621813,-38.837869000000005
-114.78074399999998,584.7913573333334,301.2772996666667,-246.688361,419.7389465,54.709726,-104.5540475,212.730796,75.76390599999999,-48.19338299999998,-38.48200600000001,-38.867408
-114.61110766666667,584.5613529999999,301.30430433333333,-246.5968315,419.5547565,54.764103,-104.63062450000001,212.407352,75.4087085,-48.257346999999996,-38.34709800000002,-38.893623
-114.443697,584.333995,301.33121566666665,-246.50769250000002,419.372677,54.8192985,-104.70661100000001,212.093514,75.073004,-48.319214,-38.21704,-38.916618
-114.27855466666666,584.1093126666667,301.357998,-246.4209065,419.192768,54.875168,-104.7819055,211.78902950000003,74.7561625,-48.379053,-38.091779,-38.936497
-114.11571900000001,583.8873356666667,301.38461533333333,-246.3364325,419.015088,54.9315675,-104.8564105,211.4936485,74.457549,-48.43693099999999,-37.971259,-38.953365999999995
-113.95522900000002,583.668091,301.41103433333336,-246.254228,418.839694,54.9883545,-104.930033,211.2071295,74.176521,-48.492918,-37.85541900000001,-38.96733
-113.79711999999999,583.4516023333332,301.4372203333333,-246.174245,418.66664049999997,55.045388,-105.0026835,210.929235,73.9124305,-48.54708100000002,-37.74419,-38.978491
-113.64142499999998,583.237894,301.4631386666667,-246.09643699999998,418.49597900000003,55.1025285,-105.074276,210.6597345,73.6646275,-48.59948800000001,-37.63750300000001,-38.986951
-113.48817633333334,583.026986,301.488757,-246.0207515,418.3277615,55.159637,-105.144732,210.3984025,73.432457,-48.65020399999999,-37.53528499999999,-38.992814
-113.337403,582.818897,301.514042,-245.9471375,418.1620355,55.216577,-105.21397250000001,210.1450185,73.215262,-48.699297000000016,-37.437456999999995,-38.996182
-113.18913366666668,582.613644,301.53896100000003,-245.875539,417.9988465,55.273214,-105.2819275,209.89936849999998,73.0123835,-48.746830999999986,-37.34393700000001,-38.99715499999999
-113.04339233333333,582.4112423333332,301.563482,-245.8059005,417.8382395,55.329415499999996,-105.34852800000002,209.661245,72.823162,-48.79287000000001,-37.254639999999995,-38.995833999999995
-112.90020299999999,582.2117043333333,301.58757433333335,-245.738164,417.680255,55.385051,-105.41371,209.43044350000002,72.646938,-48.83748,-37.169475000000006,-38.99231999999999
-112.75958766666666,582.0150416666667,301.61120666666665,-245.6722695,417.5249335,55.439994,-105.4774155,209.206767,72.4830535,-48.88072100000001,-37.088352000000015,-38.98671100000001
-112.62156499999999,581.8212629999999,301.63434966666665,-245.608158,417.37231099999997,55.494119,-105.5395885,208.990024,72.33085,-48.92265699999999,-37.01117399999998,-38.979104
-112.486153,581.6303753333333,301.65697266666666,-245.545767,417.2224235,55.547303500000005,-105.6001775,208.78002600000002,72.1896745,-48.963347,-36.93784400000001,-38.969599
-112.35336699999999,581.4423843333333,301.6790486666667,-245.48503350000001,417.0753025,55.599431,-105.65913599999999,208.5765915,72.058873,-49.002852000000004,-36.868258999999995,-38.95829200000001
-112.22322066666668,581.2572936666667,301.7005486666667,-245.42589599999997,416.930978,55.6503845,-105.716421,208.379544,71.937799,-49.04122799999999,-36.802317999999985,-38.945278
-112.09572533333333,581.0751046666666,301.72144633333335,-245.3682895,416.78947800000003,55.7000525,-105.77199350000001,208.1887115,71.82580899999999,-49.078535,-36.739913,-38.930654
-111.97089133333333,580.8958166666666,301.74171466666667,-245.31215,416.650828,55.7483265,-105.8258175,208.00392599999998,71.72226549999999,-49.11482699999999,-36.680938,-38.914511
-111.84872666666666,580.7194286666667,301.76132966666665,-245.25741349999998,416.51505,55.7951015,-105.8778605,207.82502499999998,71.626536,-49.150159000000016,-36.625282,-38.89694599999999
-111.72923633333333,580.5459363333333,301.7802653333333,-245.20401399999997,416.38216350000005,55.8402775,-105.9280955,207.65185,71.537995,-49.184583,-36.572832000000005,-38.878048
-111.61242633333332,580.3753343333334,301.7984983333333,-245.1518875,416.2521875,55.8837575,-105.9764965,207.48424649999998,71.456026,-49.218153000000015,-36.523476999999986,-38.85791
-111.49829766666666,580.207616,301.81600633333335,-245.10096950000002,416.125136,55.9254475,-106.023042,207.3220645,71.3800185,-49.25091800000001,-36.477101000000005,-38.83662300000001
-111.38685266666668,580.042772,301.83276766666665,-245.0511955,416.0010215,55.9652605,-106.067712,207.165157,71.309371,-49.28292800000001,-36.433587999999986,-38.814271999999995
-111.27808933333331,579.8807923333334,301.8487603333333,-245.0025,415.87985349999997,56.0031115,-106.110492,207.01338249999998,71.243493,-49.314228,-36.39282299999999,-38.79094799999999
-111.17200533333333,579.7216646666667,301.86396666666667,-244.95481999999998,415.7616395,56.038921,-106.15136749999999,206.8666005,71.181802,-49.34486700000001,-36.35468900000001,-38.766738000000004
-111.068597,579.565376,301.87836566666664,-244.9080915,415.646383,56.0726125,-106.190327,206.724676,71.123726,-49.374888,-36.31906599999999,-38.74172600000001
-110.96785899999999,579.411911,301.89194033333337,-244.8622525,415.5340865,56.104116499999996,-106.2273625,206.58747599999998,71.068705,-49.40433300000001,-36.285837999999984,-38.715996000000004
-110.86978299999998,579.2612533333332,301.90467433333333,-244.81724050000003,415.424748,56.133365999999995,-106.26246649999999,206.45487,71.01619099999999,-49.43324299999999,-36.254886,-38.689632
-110.77436066666667,579.1133853333332,301.91655066666664,-244.77299299999999,415.31836350000003,56.1602995,-106.295635,206.3267315,70.965647,-49.461659999999995,-36.22609299999999,-38.662714
-110.68158266666667,578.9682876666667,301.9275553333334,-244.729451,415.21492650000005,56.18486,-106.326864,206.202935,70.916548,-49.48962,-36.19934000000001,-38.635324000000004
-110.591436,578.8259393333334,301.93767499999996,-244.686553,415.11442650000004,56.206995,-106.35615100000001,206.0833585,70.8683845,-49.517160000000004,-36.174510999999995,-38.607539
-110.50390866666667,578.6863193333334,301.94689666666665,-244.6442415,415.0168525,56.226658,-106.3834965,205.96788149999998,70.82065800000001,-49.54431699999999,-36.151489,-38.579436
-110.418986,578.5494036666666,301.9552086666667,-244.6024585,414.9221875,56.243804499999996,-106.40889949999999,205.856386,70.772885,-49.57112099999999,-36.13016000000002,-38.551092
-110.336653,578.415169,301.96260033333334,-244.561147,414.83041449999996,56.258398,-106.432362,205.74875550000002,70.724597,-49.59760800000001,-36.110408999999976,-38.522580000000005
-110.25689299999999,578.2835893333335,301.9690623333333,-244.520251,414.7415115,56.270405000000004,-106.45388499999999,205.64487400000002,70.67533900000001,-49.62380399999999,-36.092123999999984,-38.493972
-110.17968666666667,578.1546386666668,301.97458666666665,-244.4797175,414.65545499999996,56.2797965,-106.47347149999999,205.5446285,70.624672,-49.64974099999999,-36.075192999999985,-38.465340000000005
-110.10501599999999,578.0282886666666,301.979166,-244.439492,414.572217,56.286547999999996,-106.4911225,205.4479065,70.5721725,-49.675443,-36.059506999999996,-38.436751
-110.03286066666665,577.9045113333333,301.982794,-244.39952250000002,414.49176950000003,56.2906425,-106.50684050000001,205.35459500000002,70.5174325,-49.70093900000002,-36.04495799999998,-38.408273
-109.96319933333332,577.783278,301.98546566666664,-244.3597585,414.41407849999996,56.292064,-106.520627,205.2645855,70.460061,-49.72625200000002,-36.031441,-38.379972
-109.89600966666666,577.6645566666666,301.98717733333336,-244.320151,414.339109,56.290803,-106.53248500000001,205.17776700000002,70.3996815,-49.751403999999994,-36.018854000000005,-38.351911
-109.83126866666667,577.548317,301.98792533333335,-244.2806515,414.2668225,56.286854,-106.54241300000001,205.0940295,70.335936,-49.776416,-36.007093,-38.324152000000005
-109.76895166666667,577.434527,301.98770833333333,-244.2412135,414.197177,56.2802165,-106.5504125,205.0132645,70.2684825,-49.80130899999999,-35.99606299999999,-38.296753
-109.70903433333335,577.3231536666667,301.98652599999997,-244.2017915,414.13013049999995,56.2708935,-106.55648300000001,204.935363,70.196997,-49.82610000000001,-35.985668000000004,-38.269774000000005
-109.65149033333331,577.2141646666666,301.98437766666666,-244.162341,414.065634,56.258894,-106.5606215,204.8602165,70.1211725,-49.85080700000002,-35.97581500000001,-38.243269
-109.59629333333334,577.107524,301.9812656666666,-244.1228195,414.003639,56.244229000000004,-106.5628255,204.7877155,70.0407185,-49.87544500000001,-35.96641300000002,-38.217291
-109.54341566666666,577.003198,301.97719133333334,-244.08318599999998,413.944094,56.226915500000004,-106.5630905,204.7177515,69.955364,-49.900026999999994,-35.957379,-38.191892
-109.49282966666665,576.9011523333334,301.972159,-244.04340050000002,413.88694250000003,56.206973000000005,-106.5614105,204.650216,69.864855,-49.924569000000005,-35.948627999999985,-38.16712199999999
-109.444506,576.8013500000001,301.96617266666664,-244.0034245,413.832129,56.184426,-106.557778,204.58499849999998,69.768955,-49.94908000000001,-35.94008099999999,-38.143026
-109.39841633333333,576.7037553333333,301.95923799999997,-243.96322049999998,413.779592,56.159304,-106.55218450000001,204.52198950000002,69.667446,-49.97357100000001,-35.93166099999999,-38.11965
-109.35453,576.6083319999999,301.95136133333335,-243.9227535,413.72927000000004,56.1316375,-106.544618,204.46107899999998,69.56012849999999,-49.998052,-35.92329600000002,-38.09703499999999
-109.31281633333333,576.5150429999999,301.9425503333334,-243.881989,413.68109749999996,56.1014615,-106.5350675,204.402156,69.4468205,-50.022531,-35.914918,-38.075221
-109.27324566666668,576.4238513333333,301.93281333333334,-243.8408945,413.63500799999997,56.0688165,-106.523517,204.34510899999998,69.3273595,-50.04701399999999,-35.906462000000005,-38.054245
-109.23578533333334,576.3347206666666,301.92216,-243.799438,413.5909315,56.0337435,-106.5099515,204.289826,69.2016,-50.07150899999999,-35.89786599999999,-38.034144
-109.20040399999999,576.247612,301.91060066666665,-243.75759,413.54879800000003,55.9962895,-106.49435249999999,204.236194,69.069415,-50.096019,-35.88907400000002,-38.014950000000006
-109.16706933333332,576.1624883333334,301.8981463333333,-243.7153225,413.5085315,55.9565015,-106.4767005,204.1841,68.9306965,-50.12054900000001,-35.88003400000002,-37.996691
-109.13574866666666,576.0793123333333,301.8848096666666,-243.6726075,413.470059,55.914432500000004,-106.456973,204.1334305,68.7853545,-50.14510200000001,-35.87069500000001,-37.979395000000004
-109.10640933333333,575.9980456666666,301.87060333333335,-243.6294195,413.433302,55.870135999999995,-106.435148,204.0840695,68.633316,-50.169680000000014,-35.861013000000014,-37.96308799999999
-109.07901833333331,575.9186513333333,301.8555416666666,-243.585735,413.39818149999996,55.8236695,-106.41120000000001,204.03590300000002,68.474528,-50.194283999999996,-35.85094799999999,-37.947790000000005
-109.053542,575.841092,301.83964033333336,-243.5415315,413.36461799999995,55.7750925,-106.3851025,203.9888145,68.308955,-50.218917000000005,-35.840463,-37.933522
-109.02994666666666,575.765329,301.8229143333333,-243.49678699999998,413.332528,55.724467499999996,-106.356827,203.942688,68.136578,-50.24357599999999,-35.82952599999999,-37.9203
-109.008198,575.6913266666667,301.8053806666667,-243.451483,413.30183,55.6718585,-106.3263445,203.8974065,67.9573985,-50.268263000000005,-35.81810900000002,-37.908137
-108.98826266666667,575.6190466666667,301.78705666666673,-243.4056015,413.27243799999997,55.617332499999996,-106.29362449999999,203.85285349999998,67.7714325,-50.292975,-35.80618899999999,-37.897045
-108.97010633333333,575.5484533333333,301.767961,-243.359125,413.24426700000004,55.560956499999996,-106.2586355,203.808911,67.578717,-50.317708999999994,-35.793746,-37.88703
-108.953694,575.4795096666667,301.7481126666667,-243.3120395,413.2172315,55.502802,-106.22134500000001,203.765462,67.379304,-50.34246800000001,-35.780764000000005,-37.878099999999996
-108.93899166666667,575.4121796666667,301.72753166666666,-243.26433149999997,413.19124350000004,55.442941,-106.18172,203.72238850000002,67.17326349999999,-50.367244,-35.767233000000004,-37.870255
-108.92596466666667,575.3464283333334,301.7062383333333,-243.21599,413.1662165,55.381446,-106.139727,203.6795735,66.9606815,-50.392036000000004,-35.75314700000001,-37.86349500000001
-108.914578,575.2822193333333,301.684255,-243.16700450000002,413.142062,55.318393,-106.095333,203.636899,66.7416635,-50.416842,-35.73850199999998,-37.857814999999995
-108.90479766666665,575.2195196666667,301.6616026666666,-243.1173675,413.118692,55.253856999999996,-106.048503,203.594249,66.5163285,-50.44165799999999,-35.723298,-37.853209
-108.89658866666666,575.1582936666665,301.63830566666667,-243.067072,413.0960195,55.187916,-105.99920449999999,203.55150650000002,66.284814,-50.46647899999999,-35.707543000000015,-37.849668
-108.88991533333332,575.0985093333334,301.614387,-243.016115,413.07395599999995,55.120648,-105.947406,203.5085575,66.0472725,-50.491302000000005,-35.69124500000001,-37.847175
-108.88474366666667,575.040133,301.58987099999996,-242.9644935,413.05241450000005,55.052133,-105.89307450000001,203.465286,65.8038725,-50.516125,-35.674418,-37.845718999999995
-108.88103833333332,574.9831323333333,301.56478300000003,-242.91220549999997,413.0313085,54.982449,-105.83618,203.421579,65.5547985,-50.540942,-35.657077999999984,-37.845274999999994
-108.87876533333333,574.9274770000001,301.53914833333334,-242.85925450000002,413.01055199999996,54.911677999999995,-105.7766945,203.37732549999998,65.30025,-50.565751000000006,-35.63924699999998,-37.845826
-108.87788933333333,574.8731349999999,301.51299366666666,-242.8056435,412.99006099999997,54.8399,-105.714591,203.3324145,65.0404415,-50.590547999999984,-35.620948999999996,-37.847341
-108.87837533333332,574.8200783333333,301.48634599999997,-242.7513775,412.96975150000003,54.767197,-105.649845,203.286738,64.77560199999999,-50.615330000000014,-35.60221199999998,-37.849791999999994
-108.88018899999999,574.768277,301.4592323333333,-242.696465,412.94954199999995,54.69365,-105.5824345,203.24018999999998,64.50597499999999,-50.64009499999999,-35.583068,-37.853148
-108.88329533333335,574.7177026666667,301.43168199999997,-242.6409165,412.9293515,54.61934049999999,-105.5123425,203.1926655,64.2318185,-50.664839,-35.56355100000002,-37.857373
-108.88765899999999,574.6683293333334,301.403723,-242.5847445,412.90910299999996,54.5443505,-105.4395535,203.1440655,63.953402499999996,-50.689561,-35.543699000000004,-37.862424999999995
-108.89324699999999,574.6201303333333,301.37538466666666,-242.527964,412.88872000000003,54.468762,-105.364056,203.094291,63.671012,-50.71425799999999,-35.52355399999999,-37.86826599999999
-108.90002333333332,574.573081,301.34669766666667,-242.470592,412.8681285,54.392655,-105.285844,203.043247,63.384943500000006,-50.73893199999999,-35.50316000000001,-37.874845
-108.90795366666667,574.5271563333333,301.317692,-242.41265049999998,412.8472585,54.316112,-105.204916,202.990842,63.095507999999995,-50.763577999999995,-35.482563999999996,-37.882115999999996
-108.917004,574.4823346666666,301.28839866666664,-242.35416099999998,412.8260405,54.2392125,-105.1212755,202.9369895,62.803026,-50.788201,-35.461815,-37.890026000000006
-108.92713966666668,574.4385936666666,301.258849,-242.2951495,412.804411,54.162037999999995,-105.0349325,202.881606,62.507831499999995,-50.812798999999984,-35.44096400000001,-37.89851699999999
-108.938326,574.3959126666667,301.22907533333336,-242.235644,412.7823085,54.084666999999996,-104.94590199999999,202.8246125,62.210269,-50.83737599999999,-35.42006900000001,-37.907531999999996
-108.950529,574.3542726666666,301.19910999999996,-242.175678,412.759674,54.007178999999994,-104.854207,202.765936,61.910694,-50.86193199999998,-35.39918400000002,-37.917006
-108.963714,574.3136553333334,301.16898533333335,-242.11528449999997,412.736455,53.9296525,-104.759876,202.7055085,61.609472499999995,-50.886472,-35.37836899999999,-37.92687299999999
-108.977847,574.2740433333333,301.138736,-242.05450150000001,412.7126,53.8521645,-104.6629465,202.64326499999999,61.30698,-50.911001,-35.35768399999998,-37.93706400000001
-108.99289333333333,574.2354216666668,301.10839433333337,-241.9933705,412.6880635,53.7747915,-104.56346300000001,202.57915,61.003601,-50.935524,-35.337192000000016,-37.947506000000004
-109.00881966666667,574.1977760000001,301.0779956666666,-241.931936,412.6628055,53.69761,-104.46148050000001,202.5131125,60.699731,-50.960047,-35.316957,-37.958122
-109.02559133333334,574.1610933333333,301.047574,-241.8702455,412.63678949999996,53.6206935,-104.35706049999999,202.4451075,60.395771,-50.98457899999998,-35.297045,-37.968832000000006
-109.04317433333334,574.125362,301.01716400000004,-241.80835000000002,412.609984,53.544117,-104.2502755,202.37509799999998,60.092133,-51.00912700000001,-35.277522000000005,-37.97955399999999
-109.06153433333333,574.0905723333334,300.9868016666666,-241.74630449999998,412.58236250000004,53.467952000000004,-104.14120700000001,202.30305399999997,59.7892335,-51.033704000000014,-35.258455999999995,-37.990201
-109.08063800000001,574.0567153333333,300.956522,-241.684167,412.5539055,53.3922695,-104.029948,202.2289525,59.487498,-51.058318000000014,-35.239914999999996,-38.00068199999999
-109.10045133333334,574.0237840000001,300.92636066666665,-241.62200149999998,412.5245975,53.31714099999999,-103.91660049999999,202.1527785,59.187357500000005,-51.082983,-35.221969,-38.010907
-109.12094,573.9917729999999,300.89635466666664,-241.55987199999998,412.4944295,53.242633999999995,-103.80128,202.074526,58.8892495,-51.107714000000016,-35.20468600000001,-38.020776999999995
-109.14207033333334,573.9606776666667,300.8665393333333,-241.4978495,412.463399,53.168817000000004,-103.6841115,201.99419799999998,58.593615,-51.13252499999999,-35.18813800000001,-38.030196
-109.16380833333335,573.930495,300.83695166666666,-241.4360075,412.4315105,53.095755,-103.5652335,201.9118045,58.3009025,-51.15743299999998,-35.172393,-38.039058999999995
-109.18612033333333,573.9012256666666,300.8076293333333,-241.374424,412.3987725,53.0235135,-103.4447955,201.82736649999998,58.011562000000005,-51.182457,-35.157521,-38.047262
-109.208973,573.8728686666667,300.7786086666667,-241.3131805,412.3652025,52.952157,-103.3229615,201.7409135,57.726048000000006,-51.207615000000004,-35.14359300000001,-38.05469800000001
-109.232332,573.8454270000001,300.74992633333335,-241.2523635,412.330824,52.881744999999995,-103.199907,201.6524855,57.444818500000004,-51.232928,-35.130675,-38.061255
-109.25616366666668,573.8189043333333,300.72162099999997,-241.19206250000002,412.295669,52.81234,-103.07582149999999,201.56213350000002,57.168333499999996,-51.25841899999999,-35.11883900000001,-38.066818999999995
-109.28043500000001,573.793306,300.6937286666667,-241.13237250000003,412.25977350000005,52.7440005,-102.95091,201.4699165,56.897054,-51.28411199999999,-35.108149,-38.071276000000005
-109.30511200000001,573.7686393333333,300.6662876666667,-241.07339100000002,412.2231845,52.6767835,-102.8253875,201.37590699999998,56.631443000000004,-51.31003299999999,-35.09867199999999,-38.074504
-109.33016199999999,573.7449123333333,300.639335,-241.0152215,412.1859535,52.610745,-102.699488,201.2801865,56.371964000000006,-51.336208,-35.090473,-38.076384
-109.35555,573.7221370000001,300.61290833333334,-240.9579705,412.148142,52.545938500000005,-102.573456,201.1828495,56.119079,-51.36266599999999,-35.08361500000001,-38.076792000000005
-109.38124433333333,573.7003239999999,300.58704500000005,-240.901749,412.109819,52.482418499999994,-102.4475545,201.0840005,55.873250999999996,-51.38943699999999,-35.07816100000002,-38.075601999999996
-109.40721133333334,573.6794886666667,300.56178266666666,-240.846673,412.071059,52.420233499999995,-102.322058,200.983756,55.6349395,-51.41655200000001,-35.074167999999986,-38.072687
-109.43341733333334,573.659646,300.53715900000003,-240.79286000000002,412.0319475,52.3594345,-102.1972585,200.882246,55.40460350000001,-51.444045,-35.07169400000001,-38.067915000000006
-109.459829,573.6408133333333,300.51321,-240.74043600000002,411.99257750000004,52.300069,-102.073462,200.77961,55.182699,-51.47194800000001,-35.070796,-38.061156000000004
-109.48641533333334,573.6230096666667,300.48997366666663,-240.689527,411.95304799999997,52.2421825,-101.9509905,200.676003,54.969677000000004,-51.50030100000001,-35.07152400000001,-38.05227800000001
-109.51314166666667,573.606256,300.46748633333334,-240.640265,411.9134695,52.18582,-101.83018150000001,200.57158950000002,54.7659865,-51.529137000000006,-35.07393099999999,-38.041143
-109.53997633333334,573.5905753333333,300.44578466666667,-240.5927865,411.873957,52.1310225,-101.711387,200.4665485,54.5720685,-51.558498,-35.07806100000002,-38.027617
-109.566887,573.575992,300.42490466666663,-240.54723,411.8346385,52.077832,-101.5949755,200.36107099999998,54.3883625,-51.588423000000006,-35.08396000000002,-38.011562999999995
-109.59384133333333,573.5625316666666,300.40488266666665,-240.503739,411.79564600000003,52.026286500000005,-101.48133,200.2553615,54.215298000000004,-51.618954,-35.091667,-37.99284000000001
-109.62080733333333,573.550222,300.38575366666663,-240.4624615,411.75712150000004,51.9764245,-101.37084899999999,200.14963649999999,54.053298999999996,-51.650132,-35.101222999999976,-37.971312000000005
-109.64775300000001,573.539093,300.36755266666665,-240.42354699999999,411.7192165,51.92828,-101.263946,200.044127,53.902782,-51.68200399999999,-35.11265800000001,-37.94683799999999
-109.67464766666667,573.5291763333333,300.350314,-240.387151,411.68208949999996,51.881887,-101.161051,199.939074,53.764154500000004,-51.71461400000001,-35.126003999999995,-37.919277
-109.70145966666666,573.5205050000001,300.334073,-240.3534295,411.6459075,51.837277,-101.0626065,199.83473550000002,53.637814500000005,-51.748007,-35.141287000000005,-37.888489
-109.72815833333334,573.5131123333333,300.318861,-240.322544,411.610846,51.794479499999994,-100.969071,199.7313795,53.524152,-51.78223399999999,-35.15853099999998,-37.854334
-109.75471333333333,573.5070363333333,300.30471266666666,-240.2946585,411.577088,51.753523,-100.880917,199.6292885,53.4235435,-51.81734,-35.177751,-37.816671
-109.781094,573.5023150000001,300.2916593333333,-240.2699385,411.544825,51.7144325,-100.79863,199.52875749999998,53.336355999999995,-51.85337799999999,-35.19896300000002,-37.775361999999994
-109.80727166666668,573.4989873333333,300.27973233333336,-240.2485535,411.51425800000004,51.677232499999995,-100.7227105,199.430093,53.26294349999999,-51.89039699999999,-35.22217599999999,-37.730264999999996
-109.833217,573.4970956666667,300.2689626666667,-240.2306755,411.485592,51.641945,-100.6536715,199.3336165,53.2036485,-51.928449,-35.24739499999998,-37.681242999999995
-109.858901,573.4966823333334,300.259379,-240.2164775,411.4590435,51.608589,-100.5920385,199.239661,53.158798499999996,-51.96758700000001,-35.27462,-37.628159
-109.88429533333333,573.497793,300.25101133333334,-240.2061355,411.434834,51.577183000000005,-100.53834950000001,199.1485705,53.128708,-52.007863,-35.30384699999999,-37.570876000000005
-109.909373,573.5004726666667,300.243887,-240.19982749999997,411.41319450000003,51.547743499999996,-100.493154,199.060703,53.113676,-52.04933200000001,-35.33506600000001,-37.509260000000005
-109.93410633333333,573.50477,300.23803233333336,-240.1977315,411.394361,51.520283000000006,-100.457013,198.9764285,53.113984,-52.092048000000005,-35.36826300000001,-37.443177999999996
-109.95846999999999,573.510734,300.23347399999994,-240.20002800000003,411.378578,51.494813,-100.430497,198.8961275,53.1299015,-52.136066,-35.403418999999985,-37.372499000000005
