Sh_x,Sh_y,Sh_z,El_x,El_y,El_z,Wr_x,Wr_y,Wr_z,WrVec_x,WrVec_y,WrVec_z
-189.236794,459.16495233333336,358.9909083333334,-284.069451,334.51516200000003,19.685218,-126.085813,115.97778500000001,59.684850499999996,-36.25695999999999,-43.210876,-40.273445
-189.22892833333333,459.17047866666667,359.140351,-283.975063,334.6316655,19.7358545,-126.1053985,116.0027945,59.65751950000001,-36.272807,-43.16703899999999,-40.302383
-189.22050933333333,459.17671,359.2890806666667,-283.884461,334.747212,19.787892999999997,-126.1283335,116.0261385,59.63076100000001,-36.28885100000001,-43.123333,-40.331246
-189.21152300000003,459.1837723333333,359.43704499999996,-283.79776649999997,334.8617875,19.841383,-126.154733,116.04782649999999,59.604777999999996,-36.305075999999985,-43.07978899999999,-40.360024
-189.201955,459.19179533333335,359.5841963333333,-283.715098,334.97538299999997,19.896376,-126.18471349999999,116.0678715,59.5797865,-36.321460999999985,-43.036439000000016,-40.38870299999999
-189.19179266666666,459.20091199999996,359.7304923333333,-283.636569,335.087995,19.952925,-126.2183895,116.08629300000001,59.556016,-36.33799099999999,-42.99331600000001,-40.417274
-189.18102333333334,459.21125866666665,359.8758936666666,-283.5622895,335.19962,20.011086,-126.2558775,116.10311300000001,59.5337055,-36.354645000000005,-42.95045399999999,-40.445723
-189.16963533333333,459.22297533333335,360.020367,-283.492366,335.3102615,20.0709185,-126.2972915,116.1183605,59.51311,-36.37140299999999,-42.90788500000001,-40.474038
-189.15761733333332,459.2362053333334,360.16388133333334,-283.4268995,335.41992500000003,20.1324835,-126.3427465,116.132068,59.494494,-36.38824699999999,-42.865645999999984,-40.502204000000006
-189.1449583333333,459.25109433333336,360.306413,-283.3659885,335.5286195,20.195845000000002,-126.39235550000001,116.1442735,59.4781355,-36.40515499999999,-42.82377100000001,-40.530207000000004
-189.131649,459.2677923333333,360.4479406666667,-283.309726,335.636356,20.2610695,-126.44623200000001,116.155018,59.4643255,-36.422106,-42.782296,-40.558035
-189.1176796666667,459.28645033333333,360.5884473333333,-283.2582,335.743151,20.328227000000002,-126.50448750000001,116.16434899999999,59.453367,-36.43907700000001,-42.74126,-40.58566999999999
-189.103041,459.3072236666667,360.7279223333333,-283.211496,335.84902150000005,20.397389,-126.56723249999999,116.172318,59.4455755,-36.456047,-42.70070000000001,-40.613096999999996
-189.08772499999998,459.33026966666665,360.8663583333334,-283.169694,335.953987,20.468632500000002,-126.634576,116.1789805,59.4412785,-36.472992000000005,-42.66065300000001,-40.64030100000001
-189.07172366666666,459.355748,361.00375233333335,-283.13287,336.058071,20.542035,-126.7066265,116.184396,59.440816,-36.48988700000001,-42.62116,-40.667261999999994
-189.05502900000002,459.38382166666673,361.1401063333333,-283.1010945,336.1612985,20.6176785,-126.7834895,116.18862949999999,59.4445405,-36.506710999999996,-42.582261,-40.693965
-189.0376346666667,459.4146533333333,361.27542633333337,-283.0744345,336.26369550000004,20.695648000000002,-126.86526900000001,116.1917485,59.452816,-36.52343600000002,-42.54399700000002,-40.72038800000001
-189.01953333333336,459.4484106666667,361.4097223333333,-283.052953,336.36528999999996,20.7760305,-126.9520675,116.1938265,59.466018,-36.54003899999999,-42.50640700000001,-40.746516
-189.00071866666667,459.4852616666667,361.5430093333334,-283.036707,336.4661135,20.8589185,-127.04398549999999,116.19494,59.484535,-36.556490999999994,-42.469536000000005,-40.77232600000001
-188.98118599999998,459.52537600000005,361.67530600000003,-283.0257495,336.56619550000005,20.9444065,-127.14112,116.19516899999999,59.508765499999996,-36.572767999999996,-42.433426,-40.797799
-188.96092766666666,459.5689256666667,361.806636,-283.02013,336.66557,21.032591500000002,-127.24356599999999,116.19459799999998,59.539120499999996,-36.588841999999985,-42.39811999999999,-40.82291299999999
-188.93993966666665,459.616084,361.93702533333334,-283.01989349999997,336.764269,21.1235755,-127.351416,116.1933155,59.5760205,-36.604684000000006,-42.363663,-40.847645
-188.91821600000003,459.6670236666667,362.0665053333333,-283.025078,336.8623275,21.217463,-127.4647605,116.191412,59.61989749999999,-36.620266999999984,-42.33009999999999,-40.871970999999995
-188.89575233333335,459.72192133333334,362.1951106666666,-283.0357205,336.95977949999997,21.3143625,-127.583686,116.188984,59.671194,-36.63556199999999,-42.29747600000002,-40.89587
-188.8725436666667,459.78095333333334,362.32288,-283.0518525,337.05665899999997,21.414385499999998,-127.708275,116.18612850000001,59.730362,-36.65054000000001,-42.265837000000005,-40.91931400000001
-188.84858566666665,459.844296,362.4498556666667,-283.0734995,337.15300249999996,21.5176455,-127.83860800000001,116.18294750000001,59.7978635,-36.66517200000001,-42.23523100000001,-40.942279
-188.82387300000002,459.9121266666666,362.57608266666665,-283.100685,337.2488425,21.624261500000003,-127.9747625,116.179547,59.8741695,-36.67942700000002,-42.205704,-40.964737
-188.79840266666665,459.9846236666667,362.70161099999996,-283.133427,337.3442155,21.734356000000002,-128.11681049999999,116.176034,59.959759500000004,-36.693273000000005,-42.177306000000016,-40.986661000000005
-188.77216833333333,460.06196499999993,362.8264923333333,-283.1717395,337.43915400000003,21.8480535,-128.264821,116.17251949999999,60.055122499999996,-36.706682000000015,-42.150082999999995,-41.008023
-188.745167,460.14432899999997,362.9507826666666,-283.2156325,337.53369150000003,21.9654815,-128.4188605,116.1691175,60.160754,-36.719621000000004,-42.124084999999994,-41.028792
-188.71739433333332,460.23189333333335,363.0745406666667,-283.2651115,337.6278605,22.0867725,-128.578989,116.165944,60.277157,-36.732060000000004,-42.099361999999985,-41.048938
-188.68884466666668,460.3248356666666,363.19782699999996,-283.320179,337.7216915,22.212061000000002,-128.7452635,116.163119,60.404842,-36.743967,-42.075964,-41.06842799999999
-188.6595143333333,460.423333,363.3207066666667,-283.3808325,337.8152155,22.341485,-128.917737,116.1607635,60.5443255,-36.755308,-42.053939000000014,-41.087233
-188.62939933333337,460.5275616666667,363.4432463333333,-283.447067,337.9084605,22.475185,-129.0964575,116.15900049999999,60.696130000000004,-36.766053000000014,-42.033339,-41.105316
-188.59849333333332,460.6376976666667,363.56551466666673,-283.518871,338.0014545,22.613306499999997,-129.28146750000002,116.15795800000001,60.8607815,-36.77616900000001,-42.01421599999999,-41.122643000000004
-188.56679233333332,460.7539146666666,363.68758299999996,-283.596232,338.094222,22.7559955,-129.4728065,116.15776249999999,61.038813499999996,-36.785623000000015,-41.996618999999995,-41.139179
-188.53429100000002,460.87638633333336,363.809526,-283.67913350000003,338.186787,22.903402,-129.67050749999999,116.158546,61.2307605,-36.79438300000001,-41.98060199999999,-41.154887
-188.50098366666668,461.0052836666667,363.93141866666673,-283.767554,338.279172,23.0556785,-129.87460000000002,116.16044000000001,61.437160500000005,-36.802418,-41.96621400000001,-41.169729
-188.46686433333332,461.140776,364.053338,-283.86147,338.3713965,23.212981,-130.0851065,116.1635795,61.658556000000004,-36.80969300000001,-41.953507,-41.183665999999995
-188.43192733333333,461.28303233333327,364.17536433333333,-283.9608535,338.463478,23.375466499999998,-130.30204650000002,116.1680995,61.895489,-36.81617700000001,-41.942533,-41.196658000000006
-188.396167,461.43221766666665,364.29757666666666,-284.0656735,338.555433,23.5432955,-130.5254315,116.174138,62.148503000000005,-36.821837,-41.93334399999999,-41.208664000000006
-188.3595753333333,461.58849699999996,364.4200573333333,-284.175897,338.647274,23.716630499999997,-130.755271,116.18183400000001,62.4181425,-36.82664199999999,-41.92599200000001,-41.219643
-188.32214566666667,461.75202966666666,364.54289,-284.2914865,338.739013,23.895635000000002,-130.991566,116.1913275,62.704951,-36.830560000000006,-41.92052699999999,-41.22955
-188.28387066666664,461.92297533333334,364.666158,-284.41240200000004,338.8306585,24.080476,-131.23431349999998,116.2027615,63.00947,-36.83355900000001,-41.917001,-41.238342
-188.2447423333333,462.10148899999996,364.7899466666667,-284.53860050000003,338.922216,24.2713215,-131.483504,116.2162775,63.33224,-36.83560799999999,-41.91546500000001,-41.245974
-188.20475233333332,462.2877230000001,364.914341,-284.670037,339.0136895,24.4683415,-131.739124,116.2320205,63.673798500000004,-36.83667600000001,-41.91596900000002,-41.252401
-188.16389133333334,462.48182700000007,365.0394273333333,-284.80666199999996,339.1050815,24.671706500000003,-132.0011525,116.2501355,64.0346775,-36.83673300000001,-41.918565,-41.257575
-188.12215066666667,462.6839466666667,365.16529199999997,-284.9484255,339.1963905,24.881588,-132.2695635,116.2707675,64.415407,-36.835751000000016,-41.923300999999995,-41.26144600000001
-188.07952033333333,462.89422466666673,365.292021,-285.0952735,339.2876135,25.098160500000002,-132.5443255,116.29406449999999,64.8165095,-36.833697,-41.93022699999999,-41.263968999999996
-188.03598933333333,463.1127986666667,365.4197013333333,-285.2471505,339.3787435,25.3215965,-132.8254,116.32017300000001,65.238503,-36.83054399999999,-41.93939200000001,-41.265092
-187.991547,463.3398036666667,365.5484186666667,-285.403998,339.46977200000003,25.5520715,-133.11274500000002,116.34924149999999,65.6818955,-36.82626400000001,-41.95084299999999,-41.264765000000004
-187.94618233333335,463.5753693333333,365.6782593333333,-285.5657565,339.56069,25.789759,-133.40631,116.381418,66.14719,-36.82083199999998,-41.964628000000005,-41.262938000000005
-187.89988300000002,463.8196213333333,365.8093083333333,-285.7323625,339.6514825,26.034835,-133.7060405,116.41685100000001,66.6348795,-36.814217,-41.980794,-41.259556999999994
-187.852636,464.072682,365.94165066666665,-285.9037525,339.7421355,26.2874725,-134.011876,116.4556905,67.14544599999999,-36.806398,-41.99938299999998,-41.254569999999994
-187.80442866666667,464.334667,366.0753706666667,-286.0798605,339.832631,26.547846999999997,-134.3237495,116.498086,67.6793625,-36.79734699999999,-42.020444,-41.247923
-187.7552466666667,464.60568800000004,366.21055,-286.260618,339.922949,26.8161305,-134.6415885,116.5441855,68.2370905,-36.787043,-42.044017,-41.239563
-187.705076,464.8858526666666,366.34727100000003,-286.445955,340.013068,27.0924975,-134.965315,116.594139,68.819078,-36.77546000000001,-42.070145999999994,-41.229436
-187.65390200000002,465.17526100000003,366.48561466666666,-286.635801,340.102965,27.3771165,-135.294846,116.64809650000001,69.425761,-36.762580000000014,-42.09887099999999,-41.217486
-187.60170866666667,465.4740100000001,366.6256596666667,-286.8300835,340.1926135,27.6701585,-135.630092,116.70620650000001,70.057559,-36.74837799999999,-42.13023299999999,-41.203658000000004
-187.54848,465.7821903333333,366.7674833333333,-287.0287275,340.281987,27.971792,-135.970958,116.7686175,70.714881,-36.732838,-42.16426700000001,-41.187896
-187.49419933333334,466.09988633333336,366.91116133333327,-287.23165900000004,340.3710565,28.282182,-136.3173445,116.8354775,71.3981165,-36.715941000000015,-42.20101299999999,-41.170145
-187.43884966666667,466.4271773333333,367.05676766666664,-287.4388,340.459791,28.601491499999998,-136.66914500000001,116.906935,72.10764,-36.69766999999999,-42.240504,-41.150347999999994
-187.38241233333335,466.7641363333334,367.20437433333336,-287.65007349999996,340.5481595,28.9298825,-137.0262495,116.9831365,72.8438085,-36.678006999999994,-42.282775000000015,-41.128449
-187.32487,467.1108306666667,367.35405066666664,-287.865402,340.636128,29.267512,-137.388542,117.06422900000001,73.606961,-36.656940000000006,-42.327858000000006,-41.10439199999999
-187.266203,467.46732066666664,367.505864,-288.084704,340.7236645,29.614535500000002,-137.755902,117.1503575,74.397418,-36.63445399999999,-42.37578099999999,-41.07811999999999
-187.2063923333333,467.8336616666666,367.6598803333333,-288.307901,340.8107325,29.971103,-138.1282025,117.24166699999999,75.2154805,-36.61053899999999,-42.42657199999999,-41.049577
-187.14541799999998,468.20990166666667,367.816161,-288.5349105,340.897297,30.337363,-138.505314,117.338301,76.0614285,-36.58518199999999,-42.48026,-41.01870900000001
-187.08325933333333,468.59608166666663,367.974767,-288.76565100000005,340.983321,30.713458499999998,-138.887101,117.4404025,76.935521,-36.55837600000001,-42.53686699999999,-40.98545800000001
-187.01989566666666,468.992237,368.13575499999996,-289.0000405,341.06876850000003,31.0995285,-139.27342299999998,117.548112,77.837997,-36.530114,-42.59641599999999,-40.94977
-186.95530566666665,469.3983956666666,368.2991793333333,-289.2379965,341.15360250000003,31.495708,-139.664137,117.66156999999998,78.7690725,-36.500388,-42.658925999999994,-40.911591
-186.88946733333333,469.8145796666667,368.46509233333336,-289.4794345,341.2377855,31.9021255,-140.059094,117.7809145,79.7289405,-36.469194,-42.72441500000001,-40.870867
-186.82235966666667,470.2408023333333,368.63354133333337,-289.7242725,341.321281,32.3189055,-140.458142,117.906283,80.717771,-36.436530000000005,-42.792897999999994,-40.827541999999994
-186.75395866666668,470.677073,368.8045723333333,-289.9724255,341.40405150000004,32.7461675,-140.8611235,118.037811,81.7357105,-36.402393000000004,-42.864390000000014,-40.781566999999995
-186.684242,471.12339133333336,368.97822733333334,-290.2238095,341.48605999999995,33.1840245,-141.2678805,118.17563150000001,82.78287999999999,-36.366782999999984,-42.938899000000006,-40.732887999999996
-186.61318733333334,471.579751,369.1545456666667,-290.4783405,341.567272,33.632583,-141.6782475,118.31987649999999,83.859378,-36.329702999999995,-43.01643499999999,-40.681456000000004
-186.5407703333333,472.04613866666665,369.3335626666667,-290.7359335,341.647652,34.091945,-142.092059,118.470676,84.9652765,-36.291154000000006,-43.09700400000001,-40.627219
-186.46696800000004,472.52253333333334,369.51531,-290.9965055,341.727164,34.5622045,-142.5091445,118.62815749999999,86.100622,-36.251141000000004,-43.18060899999999,-40.570132
-186.39175666666665,473.0089083333333,369.699817,-291.259971,341.80577700000003,35.0434485,-142.9293305,118.79244650000001,87.265435,-36.209671,-43.267251,-40.510146000000006
-186.31511166666667,473.5052273333334,369.8871086666666,-291.52624649999996,341.883457,35.535759999999996,-143.3524415,118.9636675,88.459711,-36.16675099999999,-43.35692700000001,-40.447214
-186.2370096666667,474.01144999999997,370.0772063333333,-291.79524749999996,341.96017500000005,36.039210999999995,-143.7782995,119.1419405,89.6834185,-36.122389,-43.449635,-40.381294999999994
-186.15742633333332,474.5275253333334,370.2701286666667,-292.0668905,342.0359005,36.553869,-144.206724,119.3273845,90.9365005,-36.076598000000004,-43.54536499999999,-40.312343
-186.07633699999997,475.0533986666666,370.46588933333334,-292.3410915,342.1106055,37.079793,-144.63753,119.5201155,92.218872,-36.02938799999998,-43.644109000000014,-40.24032
-185.9937186666667,475.5890053333333,370.66449966666664,-292.6177685,342.184265,37.6170345,-145.070535,119.720247,93.5304215,-35.98077400000001,-43.74585400000001,-40.16518500000001
-185.90954666666667,476.13427600000006,370.8659663333333,-292.896838,342.25685450000003,38.165636000000006,-145.505551,119.92788999999999,94.87101200000001,-35.930768,-43.85058600000001,-40.0869
-185.82379633333335,476.689133,371.0702926666666,-293.17821749999996,342.32835250000005,38.725634,-145.942389,120.14315250000001,96.2404785,-35.87939,-43.958285000000004,-40.005431
-185.73644466666667,477.253491,371.277478,-293.46182550000003,342.39873850000004,39.2970565,-146.38086099999998,120.3661395,97.638631,-35.826655999999986,-44.068933000000015,-39.920744
-185.64746766666667,477.82726,371.48751866666663,-293.7475805,342.46799599999997,39.879920999999996,-146.820775,120.59695300000001,99.0652515,-35.772583999999995,-44.182506000000004,-39.832807
-185.556842,478.41034033333335,371.7004063333333,-294.03540250000003,342.5361095,40.474239999999995,-147.2619395,120.83569200000001,100.520095,-35.717195000000004,-44.298978000000005,-39.741592
-185.46454400000002,479.0026286666666,371.91613,-294.3252105,342.603066,41.080014500000004,-147.704162,121.08245250000002,102.0028925,-35.66051199999998,-44.418321000000006,-39.64707100000001
-185.37055099999998,479.6040126666667,372.1346736666667,-294.6169255,342.6688555,41.697239499999995,-148.14724999999999,121.33732749999999,103.51334750000001,-35.60255600000002,-44.54050299999999,-39.549221
-185.27484033333334,480.21437466666663,372.35601866666667,-294.91046800000004,342.73347,42.3259,-148.5910085,121.6004065,105.05113750000001,-35.543351,-44.665491,-39.44801700000001
-185.17739033333336,480.83358966666657,372.5801423333333,-295.2057615,342.7969065,42.9659725,-149.03524650000003,121.87177500000001,106.615916,-35.482923,-44.793250000000015,-39.34344200000001
-185.07817866666667,481.4615273333333,372.8070186666667,-295.502729,342.8591615,43.6174245,-149.47976799999998,122.15151599999999,108.207311,-35.42129800000001,-44.923738,-39.235476000000006
-184.97718466666666,482.09805033333333,373.03661733333337,-295.8012925,342.92023600000005,44.280216499999995,-149.92438199999998,122.439709,109.8249255,-35.358502000000016,-45.056916,-39.124106999999995
-184.87438666666665,482.74301600000007,373.26890533333335,-296.10137799999995,342.980134,44.95429850000001,-150.368895,122.7364295,111.46833899999999,-35.29456400000001,-45.19273899999999,-39.00931999999999
-184.769766,483.39627533333334,373.5038456666666,-296.402911,343.038862,45.639613,-150.8131155,123.04174799999998,113.1371085,-35.229513,-45.33116199999999,-38.891107000000005
-184.66330133333335,484.0576733333333,373.74139766666667,-296.705817,343.09643,46.336093,-151.25685249999998,123.35573450000001,114.83076600000001,-35.16337899999999,-45.472134999999994,-38.769459999999995
-184.55497466666668,484.72705133333335,373.98151866666666,-297.0100245,343.1528505,47.043664,-151.69991599999997,123.67845349999999,116.548822,-35.096192,-45.61560899999999,-38.64437600000001
-184.44476833333331,485.4042416666666,374.2241603333334,-297.315462,343.208138,47.7622425,-152.1421185,124.009965,118.29076649999999,-35.027985,-45.761528,-38.51585299999999
-184.33266333333336,486.0890753333333,374.4692736666666,-297.622058,343.262312,48.491736,-152.58327200000002,124.350326,120.05606800000001,-34.958788,-45.90984000000002,-38.38389200000002
-184.21864433333334,486.781375,374.71680466666675,-297.929744,343.3153935,49.2320455,-153.023192,124.69959,121.84417350000001,-34.888633999999996,-46.06048399999999,-38.248497
-184.10269433333335,487.4809616666667,374.9666966666667,-298.238452,343.36740699999996,49.983062,-153.46169500000002,125.057806,123.65451200000001,-34.81755799999999,-46.21340400000001,-38.109674
-183.98479866666665,488.18764933333335,375.2188913333334,-298.5481145,343.4183795,50.7446695,-153.8986,125.42501999999999,125.4864945,-34.745592000000016,-46.36853599999999,-37.967433
-183.86494333333334,488.90124833333334,375.4733246666667,-298.85866599999997,343.46834049999995,51.5167445,-154.333727,125.8012725,127.339512,-34.67277199999998,-46.525818999999984,-37.821786
-183.74311366666666,489.62156533333336,375.7299326666666,-299.1700415,343.51732400000003,52.2991545,-154.7669005,126.186601,129.2129405,-34.599129000000005,-46.68518599999999,-37.672747000000015
-183.61929866666665,490.3484023333333,375.988648,-299.482178,343.5653655,53.091761500000004,-155.197946,126.5810385,131.1061395,-34.52470199999999,-46.846571,-37.520335
-183.49348566666666,491.0815576666667,376.2493993333333,-299.7950135,343.6125015,53.894418,-155.626693,126.98461549999999,133.0184535,-34.449524,-47.00990499999999,-37.364569
-183.36566466666667,491.82082600000007,376.51211399999994,-300.1084865,343.658775,54.706972,-156.052973,127.397357,134.94921349999998,-34.37362999999999,-47.17511999999999,-37.20547300000001
-183.23582533333334,492.5660003333333,376.77671733333335,-300.42253800000003,343.7042275,55.529262,-156.4766205,127.8192835,136.8977355,-34.297055,-47.34214299999999,-37.04307100000001
-183.10395966666667,493.31686800000006,377.043132,-300.73711000000003,343.74890600000003,56.3611225,-156.8974735,128.2504135,138.863326,-34.21983500000002,-47.510901000000004,-36.877392
-182.97006033333332,494.073216,377.311277,-301.0521455,343.7928575,57.2023795,-157.31537450000002,128.69076,140.845279,-34.14200700000001,-47.681321999999994,-36.708466
-182.83411999999998,494.83482733333335,377.58107266666667,-301.3675895,343.836133,58.052855,-157.730168,129.1403315,142.84287849999998,-34.063602,-47.85332899999999,-36.536327
-182.69613366666667,495.601483,377.8524346666666,-301.6833875,343.878785,58.9123635,-158.141703,129.599134,144.855401,-33.98465999999999,-48.026848,-36.36101000000001
-182.55609733333333,496.372962,378.1252776666667,-301.9994865,343.9208665,59.7807155,-158.549832,130.067169,146.882113,-33.905212000000006,-48.201800000000006,-36.18255199999999
-182.41400666666667,497.149042,378.3995153333333,-302.315837,343.962435,60.65771599999999,-158.954412,130.5444325,148.922276,-33.825294000000014,-48.378108999999995,-36.000992
-182.26986033333333,497.92949833333336,378.675059,-302.6323885,344.00354649999997,61.5431645,-159.355304,131.03091949999998,150.975146,-33.744940000000014,-48.55569699999998,-35.816373999999996
-182.12365666666665,498.7141060000001,378.9518203333334,-302.94909199999995,344.044262,62.436857,-159.75237199999998,131.52661849999998,153.039973,-33.664186,-48.73448299999998,-35.62874399999998
-181.97539599999996,499.50263866666666,379.22970699999996,-303.265902,344.08464100000003,63.338584499999996,-160.145486,132.031515,155.116005,-33.583061999999984,-48.914388,-35.43814400000002
-181.82507966666665,500.29486833333334,379.508628,-303.5827725,344.12474599999996,64.24813449999999,-160.5345195,132.545591,157.20248650000002,-33.50160300000002,-49.095332,-35.24462500000001
-181.67270999999997,501.0905680000001,379.78849033333336,-303.8996605,344.16463999999996,65.165292,-160.9193505,133.0688245,159.29866199999998,-33.419838999999996,-49.277237000000014,-35.048236
-181.5182893333333,501.88950933333336,380.069201,-304.216523,344.204386,66.0898375,-161.299862,133.6011885,161.403776,-33.337806,-49.460021,-34.84903
-181.36182366666665,502.6914646666667,380.35066566666666,-304.53331949999995,344.2440495,67.0215495,-161.67594200000002,134.1426545,163.51707249999998,-33.25553199999999,-49.64360300000001,-34.64706099999998
-181.20331733333333,503.4962063333333,380.63278966666667,-304.85001,344.2836955,67.960204,-162.047483,134.6931875,165.6377995,-33.173047999999994,-49.82790299999999,-34.44238300000001
-181.042778,504.30350666666664,380.91547800000006,-305.166558,344.32338949999996,68.9055755,-162.4143815,135.252752,167.765207,-33.090385,-50.012842000000006,-34.235051999999996
-180.88021300000003,505.11314,381.19863533333336,-305.482926,344.3631975,69.85743550000001,-162.77654,135.821306,169.898549,-33.007570000000015,-50.19833800000001,-34.025127999999995
-180.715632,505.9248810000001,381.48216666666667,-305.799079,344.40318449999995,70.8155555,-163.1338655,136.39880599999998,172.0370865,-32.924633,-50.384311999999994,-33.812669
-180.549044,506.73850500000003,381.7659773333333,-306.1149845,344.44341799999995,71.7797055,-163.486271,136.985203,174.180085,-32.8416,-50.570685999999995,-33.597734
-180.380461,507.55378966666666,382.049972,-306.430609,344.48396249999996,72.749656,-163.83367399999997,137.5804465,176.3268185,-32.758498,-50.757379,-33.380386999999985
-180.20989433333332,508.370514,382.334056,-306.7459235,344.5248835,73.7251755,-164.175996,138.184481,178.47656849999998,-32.675352000000004,-50.94431399999999,-33.16068900000002
-180.03735866666668,509.18845899999997,382.618135,-307.0608975,344.56624450000004,74.706034,-164.51316500000001,138.797249,180.6286265,-32.592186,-51.13141399999999,-32.938703000000004
-179.8628666666667,510.00740799999994,382.90211633333337,-307.37550350000004,344.60811049999995,75.6920025,-164.8451145,139.418688,182.7822935,-32.50902500000001,-51.3186,-32.714495
-179.68643433333332,510.8271459999999,383.1859063333333,-307.689715,344.65054250000003,76.6828505,-165.1717815,140.048734,184.93688300000002,-32.42589100000001,-51.50579800000001,-32.488125999999994
-179.50807833333332,511.64746199999996,383.4694143333333,-308.003506,344.6936035,77.6783505,-165.493111,140.687318,187.0917185,-32.342805999999996,-51.692933999999994,-32.25966300000002
-179.32781533333332,512.468146,383.75254866666666,-308.3168535,344.737353,78.678277,-165.8090505,141.3343695,189.246138,-32.259788999999984,-51.87993100000001,-32.02917200000002
-179.14566433333334,513.2889916666667,384.03522000000004,-308.629734,344.78185,79.6824065,-166.1195535,141.9898135,191.399492,-32.176861,-52.06671900000002,-31.796718
-178.96164366666667,514.109797,384.31734,-308.9421265,344.8271515,80.6905155,-166.42458,142.6535725,193.5511465,-32.09404000000001,-52.253224999999986,-31.562365
-178.77577433333332,514.9303610000001,384.598822,-309.25401,344.8733125,81.70238549999999,-166.72409399999998,143.325567,195.700481,-32.011341999999985,-52.43937799999999,-31.326182000000017
-178.58807666666667,515.7504886666667,384.87958,-309.565365,344.9203865,82.717799,-167.018064,144.005712,197.846893,-31.928786000000002,-52.62510999999999,-31.088232000000005
-178.39857266666664,516.569986,385.1595306666666,-309.876174,344.968425,83.736543,-167.3064655,144.693922,199.98979400000002,-31.846384999999998,-52.810351999999995,-30.84858399999999
-178.20728566666665,517.3886653333333,385.4385916666667,-310.1864195,345.0174765,84.758407,-167.58927799999998,145.3901075,202.1286145,-31.76415399999999,-52.995039000000006,-30.607299000000012
-178.01423833333334,518.2063413333334,385.7166823333334,-310.4960855,345.067588,85.783185,-167.8664855,146.094176,204.262801,-31.682107000000002,-53.179103999999995,-30.364445999999987
-177.8194563333333,519.0228326666667,385.99372466666665,-310.805156,345.11880399999995,86.8106745,-168.1380785,146.8060335,206.39182,-31.60025300000001,-53.36248500000001,-30.12008800000001
-177.62296366666666,519.8379636666667,386.26964200000003,-311.113617,345.1711655,87.840676,-168.40405099999998,147.525581,208.5151545,-31.518606000000005,-53.54511999999998,-29.874289000000005
-177.42478666666668,520.6515613333333,386.5443606666667,-311.421455,345.2247115,88.8729975,-168.6644025,148.2527195,210.6323075,-31.437174999999996,-53.72694700000001,-29.62711300000001
-177.224952,521.4634580000001,386.8178070000001,-311.7286565,345.2794775,89.9074485,-168.91913599999998,148.9873455,212.74280149999998,-31.35596799999999,-53.90790900000002,-29.378622999999976
-177.02348733333335,522.27349,387.0899136666667,-312.03521,345.33549700000003,90.943844,-169.1682625,149.729353,214.8461785,-31.274992999999995,-54.087948,-29.128881000000007
-176.82042066666668,523.0814986666667,387.36061133333334,-312.341104,345.3928005,91.9820055,-169.4117935,150.4786345,216.942,-31.19425700000002,-54.267009000000016,-28.877948000000004
-176.61578033333333,523.8873296666667,387.62983533333335,-312.64632700000004,345.451414,93.021758,-169.6497475,151.235078,219.029849,-31.113766999999996,-54.445038,-28.625884000000013
-176.409596,524.6908336666667,387.8975236666667,-312.9508685,345.51136199999996,94.062932,-169.882147,151.998572,221.109327,-31.033525999999995,-54.621982,-28.372749999999996
-176.201898,525.4918663333333,388.16361566666666,-313.25471949999996,345.57266400000003,95.1053655,-170.109018,152.768999,223.180057,-30.953540000000004,-54.79779199999999,-28.11860200000001
-175.99271666666667,526.2902873333334,388.428054,-313.55787,345.635338,96.1488995,-170.3303905,153.5462425,225.2416825,-30.87381099999999,-54.972419,-27.86349899999999
-175.78208300000003,527.0859613333333,388.69078433333334,-313.86031,345.69939750000003,97.1933815,-170.5463005,154.33018049999998,227.29386799999997,-30.794340999999974,-55.145816999999994,-27.607495999999998
-175.57002866666667,527.8787596666667,388.951754,-314.162032,345.764853,98.238666,-170.7567855,155.1206905,229.3362985,-30.715130999999985,-55.31793900000001,-27.350648999999976
-175.35658566666666,528.6685553333333,389.2109143333334,-314.463026,345.83171100000004,99.28461099999998,-170.961888,155.9176475,231.368678,-30.636183999999986,-55.488743,-27.09301000000002
-175.1417876666667,529.45523,389.46821833333337,-314.7632845,345.899976,100.331083,-171.161653,156.7209235,233.3907325,-30.55749800000001,-55.65818899999999,-26.834633000000025
-174.92566699999998,530.2386670000001,389.7236216666667,-315.06279800000004,345.9696475,101.377952,-171.356131,157.53038850000002,235.402209,-30.479072000000002,-55.826235000000025,-26.575567999999976
-174.708258,531.0187566666667,389.97708399999993,-315.361559,346.04072199999996,102.425096,-171.54537299999998,158.3459105,237.402873,-30.400905999999992,-55.99284499999999,-26.315863999999976
-174.489595,531.795393,390.22856733333333,-315.6595585,346.113193,103.472398,-171.729436,159.167355,239.39251050000001,-30.32299599999999,-56.15797999999998,-26.055571000000015
-174.26971166666667,532.5684759999999,390.47803500000003,-315.9567895,346.1870495,104.5197465,-171.908378,159.99458399999997,241.3709265,-30.245341999999994,-56.321608,-25.794735000000003
-174.048644,533.337909,390.7254556666667,-316.25324149999994,346.26227900000004,105.567037,-172.08226100000002,160.8274595,243.33794699999999,-30.16793800000002,-56.48369700000001,-25.5334
-173.82642633333333,534.1036013333334,390.97079933333333,-316.548907,346.33886299999995,106.614171,-172.251148,161.665841,245.29341449999998,-30.09078199999999,-56.64421399999998,-25.27161099999998
-173.6030956666667,534.865467,391.2140386666667,-316.843776,346.4167825,107.66105400000001,-172.4151065,162.5095835,247.2371925,-30.013870999999995,-56.80313100000001,-25.009411
-173.37868766666665,535.6234246666667,391.4551503333334,-317.137841,346.49601299999995,108.7075985,-172.5742055,163.358542,249.16916149999997,-29.937198999999993,-56.96042,-24.74684099999999
-173.153239,536.3773966666666,391.69411199999996,-317.4310905,346.576528,109.753724,-172.728516,164.2125685,251.08921850000002,-29.86076,-57.11605500000002,-24.483938999999992
-172.92678633333333,537.1273106666666,391.9309063333333,-317.723516,346.6582975,110.799353,-172.8781105,165.071514,252.99728050000002,-29.78455299999999,-57.27001200000001,-24.220745000000022
-172.69936700000002,537.8730986666667,392.1655166666667,-318.0151075,346.7412875,111.844415,-173.0230645,165.935226,254.893278,-29.70856900000001,-57.422267999999974,-23.957293999999962
-172.47101866666665,538.6146976666668,392.39793000000003,-318.3058535,346.825463,112.8888445,-173.1634545,166.80355,256.777161,-29.63280500000002,-57.572802000000024,-23.693621999999976
-172.2417793333333,539.3520476666666,392.62813600000004,-318.59574399999997,346.91078400000004,113.932582,-173.299359,167.6763305,258.648892,-29.557254,-57.72159500000001,-23.429763999999977
-172.01168700000002,540.0850933333332,392.8561273333333,-318.8847665,346.9972085,114.975571,-173.430856,168.5534085,260.5084505,-29.481911999999994,-57.868629,-23.165748999999977
-171.7807806666667,540.8137843333333,393.08189833333336,-319.17290949999995,347.08469249999996,116.017762,-173.55802649999998,169.43462449999998,262.3558285,-29.40677100000002,-58.01388499999999,-22.901610999999974
-171.54909866666665,541.5380723333333,393.30544633333335,-319.46016,347.17318850000004,117.05910850000001,-173.680952,170.319817,264.191034,-29.331828,-58.15735000000001,-22.637378000000012
-171.31668066666666,542.2579156666667,393.52677133333333,-319.746506,347.262647,118.09957,-173.799715,171.2088205,266.0140865,-29.257076000000012,-58.29900900000001,-22.37307899999999
-171.0835656666667,542.9732736666666,393.74587533333334,-320.0319335,347.353015,119.13911,-173.914398,172.10147,267.825018,-29.182510000000008,-58.438852,-22.108742000000007
-170.84979366666664,543.6841106666666,393.962763,-320.31642850000003,347.4442385,120.177695,-174.025084,172.9975975,269.6238735,-29.108126,-58.576865,-21.844390999999973
-170.61540466666665,544.3903943333333,394.1774413333333,-320.59997599999997,347.5362615,121.215296,-174.13185650000003,173.89703300000002,271.410708,-29.033917000000002,-58.71303800000001,-21.58005000000003
-170.38043900000002,545.0920956666668,394.3899196666667,-320.88256149999995,347.62902399999996,122.251889,-174.2347995,174.79960599999998,273.185586,-28.959880999999996,-58.847364,-21.315743999999995
-170.14493733333333,545.7891883333333,394.6002086666667,-321.1641685,347.722467,123.287452,-174.3339965,175.70514200000002,274.948584,-28.886009,-58.979836000000006,-21.05149399999999
-169.90894,546.4816500000001,394.8083216666667,-321.44478200000003,347.81652699999995,124.321967,-174.429531,176.6134675,276.699785,-28.81230199999999,-59.110445,-20.78732199999996
-169.672489,547.1694613333334,395.014275,-321.724384,347.9111405,125.35541799999999,-174.52148599999998,177.5244055,278.439282,-28.738754,-59.23918900000001,-20.523247999999967
-169.43562533333332,547.8526046666667,395.2180846666667,-322.0029585,348.006242,126.38779299999999,-174.60994499999998,178.4377785,280.16717500000004,-28.665361999999988,-59.366061,-20.259288000000026
-169.198391,548.531066,395.41976999999997,-322.2804875,348.1017655,127.4190825,-174.69498900000002,179.3534065,281.8835705,-28.59212199999999,-59.49105900000001,-19.99546300000003
-168.960828,549.2048343333332,395.61935266666666,-322.5569525,348.197642,128.4492785,-174.7767,180.27110900000002,283.588582,-28.519034000000005,-59.614182,-19.73178999999999
-168.72297766666668,549.873899,395.8168543333333,-322.832336,348.293803,129.478375,-174.85515900000001,181.19070349999998,285.282327,-28.446095999999983,-59.73542699999999,-19.468283999999983
-168.48488433333333,550.5382543333334,396.012299,-323.10661749999997,348.3901785,130.50637,-174.93044500000002,182.1120075,286.964929,-28.37330399999999,-59.854794999999996,-19.20495999999997
-168.246589,551.1978956666667,396.205713,-323.37978,348.4866975,131.5332605,-175.0026365,183.03483549999999,288.6365155,-28.300658999999996,-59.97228500000003,-18.94183300000003
-168.00813566666667,551.8528193333333,396.397123,-323.651802,348.5832895,132.5590455,-175.0718115,183.959003,290.29721800000004,-28.228161,-60.08789999999999,-18.678916000000015
-167.76956833333332,552.503025,396.58655666666664,-323.9226645,348.67988149999996,133.583727,-175.13804549999998,184.8843235,291.94716900000003,-28.155811,-60.201640999999995,-18.416224
-167.53092966666665,553.1485136666666,396.774044,-324.19234800000004,348.7764025,134.6073055,-175.2014135,185.8106085,293.586505,-28.083609000000024,-60.313511000000005,-18.153768000000014
-167.29226366666668,553.7892879999999,396.95961600000004,-324.4608315,348.87278,135.6297835,-175.2619895,186.737671,295.21536349999997,-28.011556999999982,-60.423516000000006,-17.891558999999972
-167.05361533333334,554.4253516666668,397.14330366666667,-324.7280955,348.968941,136.651164,-175.319844,187.6653215,296.83388249999996,-27.939655999999985,-60.531656999999996,-17.62961100000001
-166.81502833333332,555.05671,397.32514033333337,-324.994119,349.06481299999996,137.67145,-175.3750475,188.593371,298.4422015,-27.867910999999992,-60.637939999999986,-17.367931
-166.57654800000003,555.6833703333333,397.5051583333333,-325.25888150000003,349.1603235,138.69064450000002,-175.42766849999998,189.521631,300.040459,-27.796324999999996,-60.74237200000002,-17.10653400000001
-166.338219,556.30534,397.68339266666663,-325.5223635,349.255402,139.7087505,-175.477774,190.4499105,301.628793,-27.724902000000014,-60.844956999999994,-16.84542600000003
-166.100086,556.9226283333334,397.85987833333337,-325.784544,349.3499755,140.7257705,-175.525429,191.3780195,303.207341,-27.65364599999998,-60.94570300000001,-16.584617999999978
-165.862195,557.5352453333334,398.03465066666666,-326.0454025,349.44397349999997,141.74170700000002,-175.5706965,192.305769,304.7762385,-27.582562999999993,-61.044618000000014,-16.324118999999996
-165.62459233333334,558.143201,398.20774600000004,-326.3049205,349.5373265,142.7565605,-175.61363699999998,193.2329685,306.3356195,-27.511659999999978,-61.141707,-16.063939000000005
-165.387323,558.746507,398.3792,-326.563077,349.62996499999997,143.7703325,-175.654311,194.159429,307.8856145,-27.440942000000007,-61.23697999999999,-15.804087000000038
-165.15043333333332,559.3451753333334,398.54905,-326.81985299999997,349.7218195,144.78302300000001,-175.69277599999998,195.084962,309.4263515,-27.370418,-61.330445999999995,-15.544571000000019
-164.91396966666667,559.9392183333333,398.71733300000005,-327.07523000000003,349.812823,145.794628,-175.729086,196.00937850000003,310.95795699999996,-27.300094,-61.422112999999996,-15.285400000000038
-164.67797833333336,560.528649,398.884086,-327.3291885,349.902909,146.805147,-175.7632965,196.9324905,312.4805515,-27.229979000000014,-61.51199100000002,-15.026580999999965
-164.44250666666665,561.113481,399.0493463333333,-327.5817115,349.9920135,147.8145735,-175.795458,197.85411299999998,313.99425399999996,-27.160083999999983,-61.600089999999994,-14.768124
-164.20760133333332,561.6937280000001,399.2131506666667,-327.832781,350.08007150000003,148.8229035,-175.8256205,198.77406,315.4991765,-27.09041499999998,-61.686418,-14.510036999999954
-163.9733083333333,562.269403,399.37553700000007,-328.082379,350.167021,149.830127,-175.8538315,199.6921465,316.99543,-27.020985000000024,-61.770988999999986,-14.252328000000034
-163.73967566666667,562.8405206666666,399.53654266666666,-328.3304905,350.252801,150.83623500000002,-175.880138,200.6081915,318.4831185,-26.951802000000015,-61.85381100000001,-13.995006999999987
-163.50675066666665,563.407095,399.69620366666663,-328.577099,350.3373525,151.8412165,-175.9045825,201.52201300000002,319.96234300000003,-26.882879000000003,-61.93489600000001,-13.738080000000025
-163.27458033333332,563.9691396666667,399.85455733333333,-328.82219,350.42061750000005,152.845057,-175.9272085,202.43343199999998,321.4331975,-26.814224999999993,-62.01425600000002,-13.48155700000001
-163.04321133333335,564.526669,400.01163966666667,-329.06574950000004,350.5025405,153.84774149999998,-175.9480555,203.3422715,322.8957735,-26.745852999999983,-62.09190100000001,-13.225446999999974
-162.812692,565.0796973333332,400.167486,-329.30776249999997,350.58306749999997,154.8492525,-175.967163,204.2483565,324.35015599999997,-26.677774,-62.167845,-12.969760000000008
-162.58306933333333,565.6282373333333,400.32213299999995,-329.54821849999996,350.662146,155.849569,-175.9845665,205.151514,325.796424,-26.61000100000001,-62.242098,-12.714502000000039
-162.354391,566.1723033333333,400.47561433333334,-329.787105,350.739726,156.848669,-176.000303,206.051575,327.234653,-26.542546000000016,-62.314674,-12.459685999999977
-162.12670366666666,566.7119096666667,400.62796533333335,-330.024411,350.81575899999996,157.8465285,-176.0144045,206.948371,328.6649125,-26.47542100000001,-62.385583999999994,-12.205318999999974
-161.90005466666668,567.247068,400.7792193333333,-330.2601265,350.890199,158.84312,-176.0269035,207.84173800000002,330.087266,-26.408638999999994,-62.45484400000001,-11.95141000000001
-161.674491,567.7777929999999,400.9294093333333,-330.494243,350.96300199999996,159.8384145,-176.03783049999998,208.7315145,331.50177299999996,-26.342212999999987,-62.522463000000016,-11.697971999999993
-161.45006033333334,568.3040966666666,401.0785680000001,-330.7267525,351.03412549999996,160.8323805,-176.047215,209.6175425,332.908487,-26.276156000000015,-62.58845699999998,-11.445014000000015
-161.226809,568.825991,401.22672700000004,-330.957648,351.10353050000003,161.824985,-176.05508450000002,210.499667,334.307456,-26.210480999999987,-62.652838,-11.192545999999993
-161.004783,569.3434896666666,401.3739166666667,-331.18692350000003,351.17117900000005,162.816191,-176.0614655,211.377737,335.6987245,-26.14519899999999,-62.71562,-10.940579000000014
-160.78402933333334,569.8566040000001,401.520168,-331.414574,351.2370355,163.805961,-176.0663825,212.25160499999998,337.0823305,-26.080325000000016,-62.77681800000002,-10.68912499999999
-160.5645933333333,570.3653456666667,401.66551,-331.6405965,351.301067,164.7942535,-176.06986,213.1211265,338.45830850000004,-26.015872,-62.836445,-10.438195000000007
-160.34652100000002,570.8697266666667,401.8099703333334,-331.8649865,351.363243,165.781027,-176.0719215,213.986164,339.826687,-25.951850999999976,-62.89451600000001,-10.187800000000038
-160.12985799999998,571.3697579999999,401.95357733333327,-332.08774300000005,351.42353449999996,166.7662355,-176.072588,214.84658050000002,341.1874905,-25.888273999999996,-62.951043,-9.937952999999993
-159.91464833333333,571.865451,402.09635733333334,-332.3088655,351.48191599999996,167.74983250000002,-176.0718815,215.7022465,342.54074,-25.825154999999995,-63.00604299999998,-9.688665999999955
-159.70093699999998,572.3568163333334,402.2383353333333,-332.5283535,351.538363,168.7317695,-176.0698215,216.5530345,343.88645099999997,-25.76250300000001,-63.05953099999999,-9.439952000000005
-159.48876733333336,572.8438653333334,402.37953699999997,-332.7462085,351.59285450000004,169.711996,-176.0664275,217.398823,345.22463700000003,-25.700333,-63.11152000000001,-9.191824000000054
-159.278183,573.3266086666667,402.51998533333335,-332.9624325,351.6453715,170.69045849999998,-176.06171849999998,218.23949549999998,346.55530650000003,-25.638653000000005,-63.162026999999995,-8.944294999999954
-159.06922666666665,573.805056,402.6597036666667,-333.1770295,351.6958965,171.6671025,-176.055713,219.0749395,347.87846449999995,-25.577473999999995,-63.211067000000014,-8.697379000000012
-158.861941,574.2792183333333,402.7987133333333,-333.390002,351.7444155,172.641872,-176.0484275,219.90504800000002,349.19411249999996,-25.516807,-63.25865400000001,-8.451088999999968
-158.65636633333335,574.7491066666666,402.9370353333333,-333.6013555,351.7909165,173.6147095,-176.03988,220.7297195,350.5022505,-25.456661999999994,-63.304805000000016,-8.205438999999956
-158.45254400000002,575.21473,403.07468900000003,-333.81109649999996,351.8353895,174.585557,-176.03008799999998,221.548858,351.80287450000003,-25.397048000000012,-63.349536,-7.960444999999993
-158.25051399999998,575.6761003333334,403.21169333333336,-334.01923150000005,351.87782749999997,175.554352,-176.019067,222.3623705,353.095978,-25.337972000000008,-63.39286299999998,-7.716120000000046
-158.05031533333334,576.1332266666667,403.3480666666666,-334.225767,351.918225,176.521034,-176.0068335,223.170173,354.3815535,-25.279443000000015,-63.434799999999996,-7.472479000000021
-157.85198633333331,576.586121,403.4838253333333,-334.4307125,351.956578,177.48554000000001,-175.993404,223.9721845,355.659591,-25.221468000000016,-63.475367000000006,-7.229537999999991
-157.655564,577.034794,403.618985,-334.634076,351.9928885,178.447806,-175.978794,224.76833,356.930077,-25.164053999999993,-63.514578,-6.987312000000031
-157.46108466666666,577.4792556666666,403.7535613333334,-334.835869,352.027156,179.4077675,-175.9630195,225.5585405,358.1929995,-25.107207000000017,-63.55245099999999,-6.745814999999993
-157.26858466666667,577.9195176666667,403.887567,-335.03610000000003,352.059385,180.365359,-175.946097,226.3427535,359.448344,-25.050932000000017,-63.589000999999996,-6.505064000000004
-157.07809666666665,578.355593,404.021016,-335.234781,352.089582,181.320514,-175.928043,227.120911,360.6960945,-24.995233999999982,-63.62424600000003,-6.265075000000024
-156.8896556666667,578.787492,404.15392033333336,-335.431924,352.117754,182.273166,-175.908873,227.8929615,361.93623549999995,-24.94011599999999,-63.65820499999998,-6.025863000000015
-156.703293,579.2152276666667,404.28629,-335.627541,352.143913,183.2232485,-175.8886035,228.6588595,363.16875000000005,-24.885581000000002,-63.69089299999999,-5.787443999999994
-156.51904,579.6388133333334,404.41813599999995,-335.821644,352.16807,184.1706935,-175.867252,229.4185645,364.3936225,-24.831631999999985,-63.72232699999998,-5.549833000000035
-156.33692633333334,580.0582613333332,404.549468,-336.01424799999995,352.19024049999996,185.1154345,-175.8448345,230.17204250000003,365.610836,-24.778268999999995,-63.752527000000015,-5.313047999999981
-156.15698,580.4735863333334,404.68029333333334,-336.20536500000003,352.21044,186.05740400000002,-175.8213695,230.9192655,366.82037449999996,-24.725494999999995,-63.781509,-5.077103000000022
-155.97922933333334,580.8848033333334,404.81062,-336.3950095,352.228688,186.9965355,-175.796874,231.6602115,368.02222200000006,-24.673305999999997,-63.80929100000003,-4.842016000000001
-155.80370000000002,581.2919266666667,404.9404553333334,-336.58319600000004,352.2450045,187.932761,-175.7713665,232.3948645,369.2163645,-24.62170500000002,-63.835891000000004,-4.607800999999995
-155.630416,581.6949720000001,405.06980466666664,-336.76994,352.2594115,188.8660145,-175.7448655,233.12321300000002,370.40278850000004,-24.57068700000002,-63.861327999999986,-4.374475000000018
-155.45940099999999,582.093957,405.1986733333333,-336.95525499999997,352.2719335,189.79623,-175.71738950000002,233.845253,371.58148,-24.520251000000002,-63.88561800000002,-4.14205400000003
-155.290677,582.4888986666666,405.32706499999995,-337.1391575,352.2825965,190.723344,-175.6889585,234.560986,372.752429,-24.470393,-63.908782,-3.9105519999999956
-155.12426466666668,582.8798149999999,405.45498433333336,-337.321662,352.2914285,191.64729,-175.6595925,235.2704175,373.91562550000003,-24.421109,-63.930837,-3.6799850000000447
-154.96018233333334,583.2667253333334,405.58243366666665,-337.50278449999996,352.298458,192.568005,-175.629312,235.9735615,375.071062,-24.37239199999999,-63.95180099999999,-3.450370000000021
-154.798448,583.6496496666667,405.70941500000004,-337.68253949999996,352.3037165,193.48542700000002,-175.5981385,236.670436,376.218732,-24.324239000000006,-63.971693999999985,-3.221720000000005
-154.639078,584.0286083333333,405.83593033333335,-337.860944,352.307237,194.3994955,-175.56609300000002,237.361064,377.358631,-24.27664200000001,-63.990532,-2.9940500000000156
-154.48208566666668,584.4036243333334,405.9619803333333,-338.038013,352.3090535,195.3101495,-175.533198,238.045476,378.490758,-24.229592000000025,-64.00833600000001,-2.767375999999956
-154.32748533333333,584.77472,406.0875656666667,-338.213762,352.309202,196.21733,-175.49947600000002,238.723705,379.6151125,-24.18308399999998,-64.025124,-2.541710999999964
-154.17528766666666,585.1419193333332,406.21268533333335,-338.38820699999997,352.30771849999996,197.120981,-175.4649505,239.3957925,380.73169700000005,-24.13710499999999,-64.04091499999998,-2.317070000000001
-154.02550266666665,585.5052469999999,406.3373383333333,-338.56136349999997,352.304643,198.021046,-175.4296445,240.061783,381.84051750000003,-24.091649000000018,-64.05572600000002,-2.0934649999999806
-153.878138,585.8647296666667,406.461524,-338.7332465,352.3000145,198.917471,-175.39358349999998,240.721726,382.941581,-24.046703000000008,-64.06957799999998,-1.8709099999999808
-153.73320166666667,586.2203936666666,406.58524000000006,-338.90387250000003,352.2938745,199.8102045,-175.3567905,241.375678,384.0348975,-24.002257000000014,-64.08248800000001,-1.6494189999999662
-153.590698,586.5722676666667,406.7084836666667,-339.073255,352.2862645,200.699196,-175.31929250000002,242.02369850000002,385.1204795,-23.958298999999982,-64.09447500000002,-1.429000999999971
-153.45063066666668,586.920381,406.83125199999995,-339.24140950000003,352.27722900000003,201.58439600000003,-175.2811145,242.66585200000003,386.19834249999997,-23.914817,-64.105558,-1.2096710000000144
-153.31300166666668,587.264764,406.953542,-339.4083515,352.266812,202.465759,-175.242283,243.3022085,387.268505,-23.871797999999984,-64.11575500000004,-0.9914400000000114
-153.17781133333332,587.605448,407.07534933333335,-339.574095,352.2550595,203.34323999999998,-175.202824,243.9328415,388.330987,-23.829226000000006,-64.12508500000001,-0.7743159999999989
-153.04505866666668,587.9424663333333,407.19667000000004,-339.7386545,352.24201800000003,204.216796,-175.16276449999998,244.55782900000003,389.3858115,-23.787091000000004,-64.133566,-0.5583129999999983
-152.9147406666667,588.2758526666667,407.31749966666666,-339.90204400000005,352.2277345,205.0863875,-175.12213250000002,245.1772535,390.433004,-23.745374999999996,-64.14121700000001,-0.34343999999998687
-152.78685366666664,588.6056413333332,407.4378323333333,-340.064277,352.212258,205.951976,-175.08095450000002,245.7912015,391.4725945,-23.704064999999986,-64.148055,-0.1297050000000013
-152.66139166666665,588.931869,407.557664,-340.2253675,352.1956375,206.8135255,-175.03925950000001,246.399763,392.504613,-23.66314300000002,-64.1541,0.08288200000004053
-152.53834700000002,589.254573,407.67698733333333,-340.38532799999996,352.17792299999996,207.6710015,-174.9970755,247.00303250000002,393.529092,-23.62259499999999,-64.159369,0.29431399999998575
-152.41771166666666,589.573791,407.79579766666666,-340.54417249999995,352.1591645,208.524373,-174.954431,247.601107,394.546069,-23.582403999999997,-64.16387999999998,0.5045820000000276
-152.29947466666667,589.889563,407.914088,-340.7019125,352.139414,209.37361099999998,-174.911354,248.19408750000002,395.55558099999996,-23.542552,-64.16764900000001,0.7136820000000057
-152.18362533333334,590.201929,408.031852,-340.8585615,352.11872300000005,210.2186875,-174.867874,248.782079,396.557669,-23.503021999999987,-64.17069600000002,0.9216040000000021
-152.07014933333335,590.5109309999999,408.14908266666663,-341.01413,352.097144,211.0595775,-174.8240195,249.3651875,397.552375,-23.463798999999995,-64.173037,1.1283440000000269
-151.95903366666667,590.8166106666667,408.265773,-341.168631,352.07473,211.8962585,-174.7798195,249.943524,398.539744,-23.42486100000002,-64.17469,1.3338979999999765
-151.85026200000001,591.1190123333334,408.381915,-341.32207400000004,352.051533,212.72871099999998,-174.7353025,250.5172005,399.51982150000003,-23.38619300000002,-64.175671,1.5382589999999823
-151.743817,591.4181803333332,408.497502,-341.4744715,352.0276075,213.5569155,-174.690498,251.0863335,400.49265649999995,-23.347773999999987,-64.17599899999999,1.7414269999999874
-151.63968066666666,591.7141596666667,408.61252566666667,-341.625834,352.00300749999997,214.380856,-174.64543450000002,251.6510405,401.458299,-23.30958899999999,-64.17568699999998,1.943396000000007
-151.53783366666667,592.0069973333334,408.7269783333333,-341.77617050000003,351.977786,215.2005185,-174.600141,252.21144149999998,402.41679899999997,-23.271615999999995,-64.17475499999998,2.1441639999999893
-151.438255,592.2967393333333,408.840851,-341.9254925,351.9519985,216.0158915,-174.554646,252.76765899999998,403.36821,-23.233835999999997,-64.173216,2.3437299999999937
-151.34092333333334,592.583435,408.95413633333334,-342.07380850000004,351.925698,216.82696349999998,-174.50897650000002,253.319817,404.3125855,-23.196230999999983,-64.17108800000003,2.5420930000000226
-151.24581600000002,592.867132,409.06682500000005,-342.2211275,351.89894,217.633727,-174.463163,253.868041,405.2499805,-23.158782000000002,-64.16838599999997,2.7392509999999675
-151.15290833333336,593.147881,409.17890900000003,-342.3674585,351.8717785,218.4361765,-174.4172315,254.4124585,406.1804505,-23.12146900000002,-64.16512500000002,2.9352069999999912
-151.06217566666666,593.4257313333334,409.29037866666675,-342.5128105,351.8442685,219.234306,-174.3712095,254.95319899999998,407.104051,-23.084272999999996,-64.16132000000002,3.1299580000000446
-150.97359333333335,593.700734,409.401225,-342.6571915,351.8164625,220.0281135,-174.32512400000002,255.4903925,408.02083949999997,-23.047174000000012,-64.15698700000002,3.3235090000000014
-150.88713333333334,593.9729406666667,409.5114393333333,-342.800609,351.7884165,220.81759799999998,-174.279002,256.02416900000003,408.93087249999996,-23.010152000000005,-64.15213999999997,3.5158610000000294
-150.80276933333332,594.2424036666667,409.62101233333334,-342.94307000000003,351.76018350000004,221.6027585,-174.2328695,256.5546625,409.834208,-22.97318899999999,-64.146793,3.70701600000001
-150.72047266666667,594.5091753333334,409.729934,-343.0845825,351.73181750000003,222.3835975,-174.1867515,257.08200450000004,410.730902,-22.93626500000002,-64.14095900000001,3.89697799999999
-150.64021466666668,594.7733079999999,409.8381953333333,-343.22515250000004,351.7033715,223.160117,-174.1406735,257.6063295,411.621013,-22.899359000000004,-64.13465499999998,4.085749999999962
-150.561966,595.0348556666667,409.9457863333334,-343.364786,351.67489950000004,223.9323215,-174.0946595,258.1277715,412.5045955,-22.862453000000016,-64.12789099999998,4.2733369999999695
-150.48569633333332,595.2938726666667,410.052697,-343.5034905,351.6464535,224.7002165,-174.048733,258.646464,413.3817075,-22.82552800000002,-64.12068199999999,4.459744999999998
-150.41137600000002,595.550412,410.15891733333336,-343.6412705,351.61808499999995,225.463808,-174.0029165,259.162543,414.2524025,-22.78856300000001,-64.11304000000001,4.644976999999983
-150.33897366666667,595.8045293333333,410.2644376666667,-343.77813100000003,351.589847,226.22310149999998,-173.957234,259.67614249999997,415.116736,-22.751539999999977,-64.10497900000001,4.8290419999999585
-150.26845766666665,596.0562773333332,410.3692476666667,-343.91407749999996,351.56179,226.97810599999997,-173.91170499999998,260.1873975,415.97476,-22.714439999999996,-64.09650900000003,5.011943999999971
-150.19979733333335,596.305712,410.473336,-344.0491145,351.5339645,227.728829,-173.8663505,260.6964415,416.82652800000005,-22.677243000000004,-64.08764300000001,5.193691999999999
-150.13296033333336,596.5528883333333,410.5766936666667,-344.18324600000005,351.5064205,228.475279,-173.8211905,261.20341,417.672089,-22.63993099999999,-64.07839400000003,5.374292000000025
-150.06791533333333,596.7978596666667,410.67930900000005,-344.3164755,351.47920799999997,229.2174655,-173.776244,261.708436,418.511493,-22.602486,-64.068772,5.553753999999969
-150.00463,597.040682,410.7811716666667,-344.4488065,351.4523745,229.9553965,-173.7315285,262.21165299999996,419.344787,-22.564887,-64.05878799999999,5.732083999999986
-149.943072,597.2814096666666,410.88227066666667,-344.5802425,351.425968,230.6890815,-173.6870605,262.713193,420.17201650000004,-22.527116999999976,-64.04845399999999,5.909290999999996
-149.88321,597.5200966666666,410.9825953333334,-344.71078550000004,351.4000345,231.41852899999998,-173.6428575,263.2131875,420.993225,-22.489157000000006,-64.037781,6.085385999999971
-149.82501166666668,597.756798,411.08213466666666,-344.8404375,351.37462200000004,232.143748,-173.598933,263.711768,421.80845350000004,-22.45099000000002,-64.02677800000004,6.260377000000005
-149.768446,597.9915676666668,411.1808766666666,-344.969201,351.34977349999997,232.86474699999997,-173.55530149999998,264.209063,422.617742,-22.412596999999977,-64.015454,6.434274000000016
-149.71348033333334,598.22446,411.27881099999996,-345.0970765,351.3255345,233.5815335,-173.5119755,264.7052025,423.4211265,-22.37396100000001,-64.00382099999999,6.607088999999974
-149.66008466666665,598.4555276666666,411.3759253333333,-345.224065,351.3019475,234.2941145,-173.468967,265.2003125,424.218642,-22.33506399999999,-63.99188699999999,6.778829999999971
-149.608228,598.684824,411.47220866666663,-345.3501665,351.279054,235.0024965,-173.4262865,265.6945195,425.01031950000004,-22.29588899999999,-63.97966299999999,6.949508999999978
-149.55787933333332,598.9124019999999,411.567649,-345.47538199999997,351.25689550000004,235.7066855,-173.383943,266.187948,425.796189,-22.256417999999996,-63.96715599999996,7.119135999999969
-149.50901,599.1383139999999,411.6622346666666,-345.5997095,351.23551150000003,236.4066855,-173.341946,266.680721,426.576277,-22.216634,-63.954376000000025,7.287722000000031
-149.46158933333334,599.3626113333333,411.7559536666667,-345.72314900000003,351.2149395,237.1024995,-173.300302,267.17296,427.3506075,-22.176522000000006,-63.94133199999999,7.455280999999957
-149.41558933333332,599.5853453333333,411.848794,-345.845697,351.1952185,237.79413,-173.2590165,267.664784,428.119202,-22.13606299999998,-63.928032,7.621822000000009
-149.37098233333333,599.8065670000001,411.9407436666667,-345.967354,351.1763835,238.481578,-173.2180955,268.1563125,428.882078,-22.095242999999982,-63.91448300000002,7.787355999999988
-149.3277403333333,600.0263253333334,412.0317903333333,-346.088115,351.15846799999997,239.16484250000002,-173.17754100000002,268.64766,429.6392525,-22.054044000000005,-63.90069599999998,7.951897000000031
-149.28583700000001,600.24467,412.12192166666665,-346.20797749999997,351.141507,239.8439215,-173.1373575,269.138941,430.3907365,-22.012451,-63.88667399999997,8.115456999999992
-149.24524699999998,600.46165,412.21112466666665,-346.3269375,351.125531,240.5188105,-173.09754450000003,269.630268,431.13654099999997,-21.970449000000002,-63.87243000000001,8.27804599999996
-149.20594433333335,600.6773126666667,412.299387,-346.44498999999996,351.11057,241.189504,-173.0581025,270.12175,431.87667350000004,-21.928021,-63.85796799999997,8.439677000000017
-149.16790633333335,600.8917053333333,412.3866963333333,-346.562131,351.0966535,241.855995,-173.019031,270.6134955,432.6111375,-21.885154,-63.84329500000001,8.600363000000016
-149.13110933333334,601.1048733333333,412.47303966666664,-346.67835249999996,351.083808,242.518274,-172.9803265,271.1056095,433.3399345,-21.841830999999985,-63.82842099999999,8.760114999999985
-149.09553133333335,601.3168626666667,412.55840399999994,-346.79364999999996,351.07205899999997,243.1763295,-172.94198599999999,271.5981955,434.0630635,-21.798039999999986,-63.81335099999998,8.918947000000003
-149.06115166666666,601.5277179999999,412.64277633333336,-346.908016,351.06143050000003,243.830148,-172.90400549999998,272.091353,434.780521,-21.753765000000016,-63.798092000000025,9.07686799999999
-149.02795,601.737482,412.7261436666667,-347.0214415,351.051944,244.4797145,-172.8663775,272.58518200000003,435.492301,-21.708990999999997,-63.78265200000001,9.233891999999969
-148.99590833333332,601.946198,412.8084933333333,-347.133919,351.04362000000003,245.1250115,-172.829096,273.0797765,436.1983935,-21.663708000000014,-63.767037000000016,9.390031000000022
-148.96500833333334,602.1539073333333,412.8898116666667,-347.2454385,351.036478,245.76601899999997,-172.7921525,273.5752305,436.898788,-21.617898999999994,-63.75125299999999,9.545298000000003
-148.935234,602.3606503333333,412.97008566666665,-347.355991,351.030534,246.4027155,-172.755538,274.07163349999996,437.59347,-21.571551999999997,-63.73530699999998,9.699702000000002
-148.90656966666666,602.5664673333333,413.0493016666667,-347.4655645,351.0258025,247.035077,-172.7192415,274.569073,438.282425,-21.524654999999996,-63.719205999999986,9.853255999999988
-148.87900166666665,602.771396,413.1274473333333,-347.5741485,351.02229750000004,247.66307749999999,-172.683252,275.0676345,438.965634,-21.477195999999992,-63.70295699999997,10.00597399999998
-148.852517,602.9754750000001,413.2045083333333,-347.68173,351.020029,248.2866875,-172.647557,275.5673985,439.643077,-21.42916199999999,-63.686565,10.157864000000018
-148.82710466666666,603.17874,413.28047166666664,-347.7882965,351.0190065,248.90587799999997,-172.612143,276.0684445,440.314733,-21.38054199999999,-63.67003699999998,10.308940000000007
-148.80275300000002,603.3812273333333,413.3553246666667,-347.89383399999997,351.019238,249.5206155,-172.576995,276.5708475,440.980577,-21.331323999999995,-63.653379,10.45921199999998
-148.779455,603.5829703333334,413.429053,-347.998328,351.0207275,250.130865,-172.542098,277.0746805,441.6405865,-21.281498,-63.63659900000002,10.608691000000022
-148.757201,603.7840033333333,413.501644,-348.101763,351.0234785,250.73658999999998,-172.50743599999998,277.5800125,442.2947325,-21.231054,-63.61970099999999,10.75738899999999
-148.73598633333333,603.984358,413.5730843333333,-348.204124,351.027493,251.33774999999997,-172.472992,278.0869085,442.942989,-21.179981999999995,-63.602693000000016,10.905313999999976
-148.71580533333335,604.184065,413.64336099999997,-348.305393,351.03276900000003,251.934306,-172.43874699999998,278.5954325,443.58532649999995,-21.12827200000001,-63.58558099999999,11.052479000000005
-148.696654,604.383155,413.71246,-348.405553,351.039304,252.52621349999998,-172.404684,279.105643,444.221715,-21.075916000000007,-63.56837200000001,11.198893999999996
-148.67853,604.581656,413.78037,-348.5045865,351.047093,253.113428,-172.37078250000002,279.6175945,444.8521255,-21.022903000000014,-63.55107099999998,11.344566999999984
-148.661432,604.779597,413.8470766666667,-348.60247300000003,351.0561285,253.6959015,-172.337023,280.1313405,445.476526,-20.96923000000001,-63.533687000000015,11.489509999999996
-148.64536066666665,604.977003,413.9125676666667,-348.69919400000003,351.06640200000004,254.27358700000002,-172.3033855,280.646928,446.09488550000003,-20.914884999999998,-63.516223999999994,11.633730999999955
-148.63031633333333,605.1739006666667,413.9768306666667,-348.79472899999996,351.07790150000005,254.846433,-172.269848,281.1644015,446.7071725,-20.859864000000016,-63.49869100000001,11.777239000000009
-148.616303,605.370314,414.03985233333333,-348.88905750000004,351.0906145,255.41438749999998,-172.23639,281.683802,447.3133555,-20.804160000000024,-63.48109200000002,11.920042999999964
-148.60332366666668,605.566266,414.1016213333333,-348.98215749999997,351.1045245,255.977397,-172.20299,282.205165,447.91340249999996,-20.747768000000008,-63.46343600000003,12.062153000000023
-148.591384,605.7617779999999,414.162125,-349.074007,351.119615,256.5354065,-172.1696255,282.7285245,448.50728349999997,-20.690685000000002,-63.445729,12.203574999999944
-148.58048966666667,605.9568716666666,414.22135133333336,-349.164584,351.1358665,257.08835899999997,-172.1362745,283.253907,449.094967,-20.632903,-63.427977999999996,12.344320000000039
-148.57064833333334,606.1515666666668,414.27928900000006,-349.2538645,351.153257,257.636197,-172.102915,283.7813375,449.6764235,-20.574422,-63.41019099999997,12.48439099999996
-148.561869,606.3458813333333,414.335926,-349.3418255,351.171764,258.17886250000004,-172.0695245,284.310836,450.251624,-20.515239000000008,-63.39237400000002,12.62379999999996
-148.55416133333333,606.5398326666667,414.39125200000007,-349.42844349999996,351.19136149999997,258.7162935,-172.036081,284.8424165,450.82054,-20.455352000000005,-63.37453499999998,12.762550000000033
-148.547536,606.7334376666666,414.4452556666667,-349.5136935,351.2120225,259.2484305,-172.002563,285.37609100000003,451.38314549999996,-20.39475999999999,-63.35668000000001,12.900648999999987
-148.54200466666668,606.9267106666666,414.497926,-349.5975515,351.23371799999995,259.7752105,-171.96894700000001,285.91186500000003,451.939414,-20.33346400000002,-63.338818,13.038103999999976
-148.53758066666668,607.119666,414.5492533333333,-349.67999199999997,351.256417,260.2965715,-171.935214,286.449739,452.48932149999996,-20.27146399999998,-63.32095599999997,13.174918999999989
-148.534278,607.3123166666666,414.5992273333333,-349.760991,351.280087,260.8124495,-171.901342,286.9897105,453.032845,-20.208763999999974,-63.303101,13.31110000000001
-148.53211033333332,607.5046740000001,414.6478386666667,-349.84052299999996,351.304694,261.32277999999997,-171.86731049999997,287.5317705,453.569964,-20.145364999999998,-63.28526099999999,13.446652000000029
-148.5310946666667,607.6967483333334,414.69507833333336,-349.918562,351.330202,261.8274985,-171.8331005,288.0759055,454.10066,-20.081271000000015,-63.267443000000014,13.581578000000036
-148.53124733333334,607.8885496666667,414.74093766666664,-349.995084,351.356573,262.32654,-171.79869250000002,288.6220965,454.624915,-20.016489000000007,-63.24965699999996,13.715884000000017
-148.53258533333334,608.0800856666666,414.7854073333333,-350.07006349999995,351.38376900000003,262.819838,-171.764069,289.170319,455.142714,-19.95102399999999,-63.231907999999976,13.849569999999972
-148.53512666666668,608.2713633333333,414.82848033333335,-350.14347499999997,351.41174950000004,263.3073275,-171.72921350000001,289.7205445,455.654044,-19.884882999999974,-63.21420699999999,13.982641999999998
-148.53889,608.4623889999999,414.870149,-350.21529499999997,351.4404725,263.7889425,-171.6941095,290.272737,456.1588935,-19.818077000000017,-63.19655799999998,14.115101000000038
-148.543895,608.6531676666667,414.9104063333334,-350.2854985,351.469896,264.2646155,-171.65874250000002,290.826856,456.65725499999996,-19.750613000000016,-63.17897399999998,14.246948000000032
-148.55016233333333,608.843702,414.94924499999996,-350.354062,351.4999755,264.734281,-171.6231,291.382856,457.1491215,-19.682503999999994,-63.161460000000034,14.378184999999974
-148.557712,609.0339953333333,414.9866603333333,-350.4209625,351.5306665,265.1978725,-171.58717000000001,291.94068400000003,457.6344885,-19.61376199999998,-63.144024,14.50881099999998
-148.56656533333333,609.2240486666667,415.02264600000007,-350.4861755,351.56192350000003,265.655323,-171.55094300000002,292.50028199999997,458.1133545,-19.54440200000002,-63.12667600000003,14.638826999999992
-148.576744,609.4138623333333,415.05719700000003,-350.5496805,351.59369949999996,266.106566,-171.51441,293.061585,458.5857205,-19.474435999999997,-63.109421999999995,14.76823300000001
-148.58827,609.6034353333333,415.0903086666667,-350.611455,351.6259475,266.5515355,-171.4775655,293.6245235,459.0515885,-19.403885000000002,-63.09227299999998,14.897024999999985
-148.601165,609.7927653333333,415.1219776666667,-350.671479,351.6586195,266.990165,-171.440405,294.1890195,459.5109645,-19.332763999999997,-63.075234999999964,15.025201000000038
-148.61545266666664,609.9818493333333,415.15220033333327,-350.729733,351.691668,267.4223885,-171.40292599999998,294.7549905,459.96385599999996,-19.261093999999986,-63.05831699999999,15.15276
-148.63115566666667,610.1706819999999,415.18097366666666,-350.78619749999996,351.725044,267.84814,-171.3651285,295.3223465,460.41027199999996,-19.188896999999997,-63.04152700000003,15.279696000000001
-148.64829699999999,610.3592593333333,415.20829533333335,-350.84085600000003,351.75869850000004,268.267353,-171.32701550000002,295.890991,460.850224,-19.116194999999976,-63.02487400000001,15.406003999999996
-148.66689966666667,610.5475726666667,415.2341646666667,-350.8936915,351.79258400000003,268.679962,-171.288591,296.460821,461.283727,-19.043012000000004,-63.00836400000003,15.531680000000051
-148.68698700000002,610.7356153333334,415.25857933333333,-350.94468900000004,351.82665099999997,269.0859015,-171.2498645,297.03172500000005,461.7107955,-18.969375000000014,-62.992008,15.656717000000015
-148.70858266666667,610.9233773333333,415.2815396666667,-350.993835,351.86085149999997,269.485106,-171.210844,297.6035875,462.13144850000003,-18.89531199999999,-62.97581100000002,15.781106999999963
-148.73171033333333,611.1108479999999,415.30304533333333,-351.041117,351.895138,269.87751000000003,-171.171545,298.1762835,462.545704,-18.820852000000002,-62.959783000000016,15.904840000000036
-148.756393,611.2980163333333,415.3230976666667,-351.086524,351.9294625,270.26304700000003,-171.131983,298.749681,462.953584,-18.746027999999995,-62.94393200000002,16.027909999999963
-148.78265333333334,611.4848686666668,415.3416973333333,-351.130048,351.96377900000005,270.6416535,-171.092177,299.323642,463.3551095,-18.670872000000003,-62.92826400000001,16.15030299999995
-148.810515,611.6713913333333,415.3588466666667,-351.1716805,351.9980405,271.013262,-171.05214949999998,299.898019,463.750305,-18.59541900000002,-62.912788000000035,16.272009999999966
-148.84000033333334,611.8575686666667,415.3745476666666,-351.2114165,352.032203,271.377808,-171.011928,300.4726595,464.13919450000003,-18.519706000000014,-62.897509000000014,16.393017000000043
-148.87113266666665,612.0433846666667,415.388804,-351.249252,352.0662225,271.735225,-170.971541,301.04740100000004,464.52180450000003,-18.443772000000024,-62.882438000000036,16.513308999999992
-148.903934,612.2288196666667,415.4016193333334,-351.28518499999996,352.1000565,272.085447,-170.931021,301.622075,464.89815899999996,-18.367657999999977,-62.86757799999998,16.632871999999963
-148.93842600000002,612.4138553333333,415.41299733333335,-351.3192155,352.133663,272.4284075,-170.89040649999998,302.196504,465.268286,-18.29140700000002,-62.852937999999995,16.751689999999996
-148.97463133333335,612.5984706666667,415.4229436666667,-351.3513465,352.167003,272.76403949999997,-170.849737,302.770504,465.63221150000004,-18.21506199999999,-62.83852400000001,16.869743000000028
-149.01257,612.7826439999999,415.43146300000006,-351.381581,352.2000385,273.09227549999997,-170.8090575,303.343881,465.98996250000005,-18.138670999999988,-62.824343999999996,16.987014999999985
-149.05226333333334,612.966352,415.43856200000005,-351.4099265,352.2327325,273.413047,-170.7684155,303.916435,466.341564,-18.06228299999998,-62.810400000000016,17.103481999999985
-149.09373200000002,613.149569,415.4442466666667,-351.4363915,352.26505199999997,273.7262855,-170.7278645,304.487956,466.68704249999996,-17.98594699999998,-62.79670199999998,17.21912500000002
-149.13699566666665,613.33227,415.4485240000001,-351.460986,352.2969635,274.0319215,-170.6874605,305.05822750000004,467.02642249999997,-17.909716999999972,-62.783253,17.33391899999998
-149.182073,613.514427,415.451402,-351.4837235,352.328438,274.329883,-170.647265,305.627023,467.35972649999997,-17.833645999999987,-62.770058000000006,17.447838999999988
-149.22898333333333,613.69601,415.452888,-351.50462000000005,352.359447,274.6200985,-170.60734300000001,306.19411049999997,467.6869775,-17.757792000000023,-62.757123000000036,17.560858999999994
-149.27774466666665,613.8769900000001,415.4529913333334,-351.5236925,352.389966,274.9024955,-170.567763,306.75924599999996,468.0081955,-17.682214000000016,-62.74445199999997,17.672951000000012
-149.32837433333333,614.0573343333333,415.45172,-351.5409615,352.4199715,275.17699849999997,-170.52859999999998,307.322179,468.323397,-17.606972000000013,-62.73204799999996,17.784084000000007
-149.38089,614.2370090000001,415.449084,-351.55644900000004,352.44944250000003,275.443532,-170.4899315,307.8826515,468.6325985,-17.532127000000003,-62.71991700000001,17.894229000000053
-149.43530666666666,614.4159799999999,415.44509266666665,-351.5701805,352.4783635,275.7020185,-170.4518405,308.4403945,468.935813,-17.457746999999983,-62.70805899999999,18.003349999999955
-149.49164133333332,614.5942103333333,415.43975666666665,-351.582183,352.5067185,275.9523775,-170.414414,308.99513349999995,469.23305,-17.383895999999993,-62.69647900000001,18.111413999999968
-149.54990833333332,614.7716616666667,415.4330863333333,-351.592485,352.534497,276.1945285,-170.3777435,309.546582,469.5243155,-17.310644999999994,-62.68517799999995,18.218383000000017
-149.61012166666669,614.9482946666667,415.42509266666667,-351.6011195,352.561689,276.4283875,-170.341926,310.0944485,469.809612,-17.238062000000014,-62.67415900000003,18.324220000000025
-149.672295,615.124068,415.4157863333333,-351.6081195,352.58828900000003,276.6538685,-170.307061,310.63842999999997,470.08893750000004,-17.166222000000005,-62.663422000000025,18.428882999999985
-149.73644133333332,615.2989383333332,415.4051793333333,-351.613522,352.61429499999997,276.870885,-170.273255,311.178217,470.362286,-17.09519800000001,-62.65296799999999,18.532331999999997
-149.8025726666667,615.472862,415.39328299999994,-351.6173655,352.639707,277.0793445,-170.2406165,311.713491,470.62964750000003,-17.025067000000007,-62.64279800000003,18.634521000000007
-149.870701,615.6457919999999,415.3801086666667,-351.6196905,352.66452949999996,277.279156,-170.20926,312.243925,470.8910045,-16.955906000000027,-62.63290999999998,18.735405000000014
-149.94083666666666,615.8176806666667,415.3656693333334,-351.6205395,352.688769,277.47022200000004,-170.1793035,312.7691825,471.14633649999996,-16.887797000000006,-62.62330499999996,18.83493500000003
-150.01298933333334,615.9884786666667,415.349977,-351.619958,352.712436,277.652444,-170.1508705,313.28892099999996,471.395617,-16.820820999999995,-62.613980000000026,18.933062000000007
-150.087169,616.1581343333334,415.3330436666667,-351.61799199999996,352.73554449999995,277.825722,-170.124088,313.8027875,471.6388115,-16.755060000000014,-62.60493300000002,19.029735000000016
-150.163384,616.3265946666667,415.3148816666667,-351.614691,352.75811,277.98995,-170.099087,314.310422,471.87588,-16.690602000000013,-62.59616,19.12489800000003
-150.24164199999998,616.4938053333334,415.2955043333333,-351.610104,352.78015400000004,278.1450205,-170.07600300000001,314.81145549999997,472.1067775,-16.627532000000002,-62.587658999999974,19.218497000000013
-150.32195133333332,616.6597093333334,415.27492266666667,-351.604284,352.8017,278.29082300000005,-170.0549755,315.305513,472.33145,-16.565938999999986,-62.57942600000001,19.310474
-150.40431766666666,616.8242483333332,415.2531496666666,-351.5972845,352.82277350000004,278.4272425,-170.036148,315.7922085,472.549836,-16.50591400000002,-62.571455000000014,19.400768000000028
-150.488747,616.9873630000001,415.23019833333336,-351.58916050000005,352.84340499999996,278.554161,-170.0196675,316.2711515,472.761868,-16.447546999999986,-62.56374099999999,19.489318000000026
-150.57524533333333,617.1489906666667,415.20608,-351.579969,352.86362799999995,278.6714575,-170.005685,316.7419415,472.967469,-16.39093200000002,-62.55627700000002,19.57606199999998
-150.66381766666666,617.3090676666667,415.180807,-351.5697665,352.883478,278.7790075,-169.9943545,317.20417199999997,473.166555,-16.336160999999976,-62.54905400000001,19.660930000000008
-150.754467,617.467529,415.1543913333333,-351.55861300000004,352.9029955,278.87668199999996,-169.985834,317.65742850000004,473.35903299999995,-16.283332,-62.542069000000026,19.743859999999984
-150.84719733333336,617.6243076666666,415.12684400000006,-351.54656750000004,352.92222100000004,278.9643485,-169.98028399999998,318.1012905,473.5448015,-16.23254,-62.535308999999984,19.82477700000004
-150.94201266666667,617.7793333333333,415.098178,-351.53369050000003,352.9412,279.0418715,-169.9778685,318.535329,473.72375,-16.18388299999998,-62.52876600000002,19.903614000000005
-151.03891466666667,617.932536,415.0684026666666,-351.5200435,352.95998199999997,279.1091115,-169.97875399999998,318.95911,473.895759,-16.137460000000004,-62.52242799999999,19.980295999999953
-151.13790533333335,618.083843,415.03753,-351.50568799999996,352.978616,279.165925,-169.9831105,319.3721925,474.0606995,-16.093368999999996,-62.51628699999998,20.05474700000002
-151.23898599999998,618.2331793333333,415.00557000000003,-351.490685,352.997156,279.212165,-169.991109,319.774129,474.2184335,-16.05171200000001,-62.510328000000015,20.126891
-151.342159,618.3804690000001,414.9725323333334,-351.475099,353.01565800000003,279.2476805,-170.0029225,320.164467,474.368813,-16.01258900000002,-62.50454000000002,20.196649999999977
-151.44742366666668,618.5256336666666,414.9384273333333,-351.45899,353.03418,279.272318,-170.0187285,320.54274799999996,474.5116795,-15.976101,-62.49890799999997,20.263942999999983
-151.55478133333335,618.6685939999999,414.90326333333337,-351.4424215,353.052782,279.2859185,-170.038703,320.90850950000004,474.6468655,-15.942352,-62.49341899999996,20.328687000000002
-151.66423066666667,618.8092673333334,414.86704933333334,-351.4254545,353.0715275,279.2883215,-170.06302549999998,321.2612825,474.774194,-15.911440999999996,-62.48805500000003,20.390802000000008
-151.775772,618.9475706666666,414.82979300000005,-351.408151,353.0904795,279.279361,-170.09187500000002,321.600594,474.8934765,-15.883474000000007,-62.48280199999999,20.450198999999998
-151.88940466666668,619.0834193333334,414.7915023333333,-351.39057049999997,353.1097055,279.25887,-170.1254325,321.92596749999996,475.004514,-15.858551000000006,-62.477641000000006,20.506793999999957
-152.00512666666668,619.2167253333333,414.752184,-351.3727735,353.12927349999995,279.226676,-170.16388,322.2369235,475.1070995,-15.836775999999986,-62.472555,20.560498999999993
-152.122938,619.3474006666667,414.7118443333333,-351.35481949999996,353.1492515,279.1826045,-170.207398,322.5329765,475.2010135,-15.818252000000001,-62.467524999999966,20.61122499999999
-152.24283566666668,619.4753553333334,414.67048833333337,-351.3367645,353.1697115,279.1264785,-170.256168,322.813641,475.286027,-15.803080000000023,-62.462530000000015,20.658882000000006
-152.36481866666668,619.600497,414.62812166666663,-351.31866649999995,353.1907245,279.05811700000004,-170.310371,323.0784275,475.36190050000005,-15.791361999999992,-62.457551000000024,20.70337699999999
-152.48888433333335,619.7227326666666,414.5847476666666,-351.30057850000003,353.21236350000004,278.97733700000003,-170.3701875,323.3268455,475.4283845,-15.783200999999991,-62.452563,20.744620999999995
-152.61503100000002,619.8419666666667,414.54037066666666,-351.2825545,353.23470199999997,278.883953,-170.43579649999998,323.558403,475.48521900000003,-15.778694999999999,-62.44754599999999,20.782520000000034
-152.74325633333333,619.9581023333334,414.49499233333336,-351.26464599999997,353.257814,278.7777775,-170.507375,323.772607,475.53213300000004,-15.777945999999986,-62.442476,20.81698
-152.87355733333334,620.0710416666666,414.448615,-351.246901,353.281774,278.6586205,-170.5850995,323.96896300000003,475.5688485,-15.78105100000002,-62.437328000000036,20.847906999999964
-153.00593166666667,620.1806853333334,414.4012403333333,-351.22936749999997,353.306656,278.5262905,-170.66914400000002,324.14697850000005,475.5950735,-15.788109999999989,-62.43207699999999,20.875204999999994
-153.14037633333336,620.2869323333333,414.35286733333334,-351.21209,353.33253449999995,278.38059350000003,-170.7596785,324.306161,475.6105085,-15.799216999999999,-62.42669600000005,20.898780999999985
-153.276889,620.3896803333333,414.30349666666666,-351.1951105,353.3594835,278.221337,-170.856873,324.446019,475.614845,-15.814468000000005,-62.42115799999999,20.918538000000012
-153.41546633333334,620.4888253333334,414.25312600000007,-351.1784675,353.387578,278.04832350000004,-170.960891,324.566063,475.607763,-15.833957999999996,-62.415436,20.934379999999976
-153.55610566666667,620.5842636666666,414.20175266666666,-351.162199,353.41689,277.861358,-171.0718945,324.665807,475.588935,-15.857776999999999,-62.40950000000004,20.946213999999998
-153.69880433333333,620.6758876666667,414.14937499999996,-351.146338,353.447492,277.6602435,-171.190041,324.7447665,475.5580245,-15.886013999999989,-62.403321000000005,20.95394299999998
-153.84355833333333,620.7635913333334,414.0959873333333,-351.1309155,353.4794555,277.444784,-171.3154835,324.80246250000005,475.514684,-15.918759000000023,-62.39686899999998,20.957471999999996
-153.990366,620.8472663333333,414.04158533333333,-351.11595850000003,353.51284999999996,277.21478149999996,-171.4483695,324.83842000000004,475.4585605,-15.956097,-62.39010999999999,20.95670899999999
-154.13922300000002,620.9268036666666,413.98616366666664,-351.10149149999995,353.5477435,276.9700415,-171.5888425,324.852168,475.3892915,-15.998109,-62.383014,20.95155699999998
-154.29012799999998,621.0020926666667,413.9297143333333,-351.087535,353.584204,276.71036849999996,-171.73703999999998,324.843244,475.3065075,-16.04487800000001,-62.37554800000004,20.94192499999997
-154.44307666666666,621.073023,413.872231,-351.07410600000003,353.6222965,276.435569,-171.89309300000002,324.81118849999996,475.2098295,-16.09648200000001,-62.367677000000015,20.92772100000002
-154.59806666666668,621.139483,413.8137036666667,-351.0612185,353.6620825,276.14545,-172.05712649999998,324.75555199999997,475.09887449999997,-16.152995000000004,-62.35936799999996,20.908852999999965
-154.75509466666668,621.2013603333334,413.754124,-351.0488815,353.7036235,275.839823,-172.22926,324.675893,474.9732495,-16.214489999999984,-62.350585999999964,20.88523299999997
-154.91415866666668,621.258542,413.6934813333333,-351.03710149999995,353.74697749999996,275.51849849999996,-172.409603,324.571777,474.8325585,-16.281036,-62.34129199999995,20.856772999999976
-155.07525466666667,621.3109153333334,413.6317636666667,-351.02588000000003,353.7922,275.18129250000004,-172.59826049999998,324.44277999999997,474.6763965,-16.352697000000006,-62.33145399999995,20.82338500000003
-155.23838033333334,621.3583656666666,413.56896033333334,-351.015216,353.83934450000004,274.82802300000003,-172.79532899999998,324.2884875,474.504357,-16.429536000000013,-62.321031000000005,20.784985999999947
-155.40353266666668,621.40078,413.505057,-351.005102,353.88846,274.458511,-173.000895,324.108497,474.31602399999997,-16.511611999999985,-62.309987999999976,20.74149200000005
-155.570709,621.4380436666667,413.440041,-350.99552900000003,353.9395935,274.072583,-173.215039,323.902417,474.11098100000004,-16.59898000000001,-62.29828600000002,20.69282400000003
-155.73990600000002,621.470042,413.37389666666667,-350.986482,353.992789,273.6700685,-173.43783100000002,323.6698685,473.888806,-16.691690000000023,-62.28588500000001,20.63890200000003
-155.91112133333334,621.496661,413.30660900000004,-350.977943,354.04808449999996,273.25080149999997,-173.6693325,323.4104855,473.6490725,-16.789788999999985,-62.27274699999998,20.579653000000008
-156.08435166666666,621.5177863333333,413.2381613333334,-350.9698885,354.1055185,272.814622,-173.9095955,323.123915,473.3913535,-16.893321000000014,-62.258831999999984,20.515000999999984
-156.259594,621.5333046666667,413.1685373333333,-350.96229200000005,354.16512250000005,272.361376,-174.1586615,322.8098205,473.115218,-17.002320999999995,-62.244099000000006,20.444875999999965
-156.43684533333334,621.543101,413.097718,-350.9551225,354.2269255,271.890913,-174.416563,322.4678795,472.82023449999997,-17.11682400000001,-62.228508999999974,20.369213000000002
-156.61610233333332,621.547063,413.0256856666667,-350.94834349999996,354.29095199999995,271.403091,-174.68332099999998,322.09778500000004,472.5059685,-17.236860000000007,-62.212019999999995,20.287945000000036
-156.79736233333333,621.5450783333333,412.95242099999996,-350.9419155,354.357223,270.89777300000003,-174.958947,321.69924849999995,472.1719875,-17.362454000000014,-62.194591,20.20101299999999
-156.98062133333335,621.537034,412.87790366666667,-350.935794,354.425755,270.37483100000003,-175.24344100000002,321.271998,471.817857,-17.493621999999988,-62.17618200000004,20.108357999999953
-157.16587633333333,621.5228189999999,412.802113,-350.929932,354.4965595,269.834143,-175.536791,320.8157785,471.4431445,-17.630381999999997,-62.15674899999999,20.00992500000001
-157.35312333333334,621.5023236666666,412.7250283333333,-350.9242745,354.56964500000004,269.275594,-175.8389755,320.330355,471.047418,-17.772740999999996,-62.13625200000001,19.905665999999997
-157.542359,621.4754373333333,412.64662733333336,-350.918765,354.6450135,268.69907750000004,-176.1499605,319.8155115,470.6302475,-17.920703000000003,-62.11465099999998,19.795532999999978
-157.73357833333333,621.4420526666667,412.566887,-350.913343,354.7226645,268.10449700000004,-176.4697,319.2710525,470.191206,-18.074269999999984,-62.09190100000001,19.679482000000007
-157.92677766666665,621.402062,412.4857853333333,-350.907942,354.80259249999995,267.4917625,-176.798136,318.6968015,469.72986949999995,-18.233431999999993,-62.06796299999996,19.557477000000006
-158.121953,621.3553599999999,412.40329833333334,-350.90249300000005,354.8847865,266.860794,-177.1351995,318.0926055,469.245818,-18.398179,-62.04279500000001,19.429480000000012
-158.319099,621.3018430000001,412.319402,-350.8969215,354.9692305,266.2115195,-177.4808085,317.458331,468.7386365,-18.56849299999999,-62.01635399999998,19.295462999999984
-158.51821033333331,621.2414076666666,412.234072,-350.8911505,355.055906,265.543879,-177.834869,316.79386850000003,468.2079135,-18.744351999999992,-61.98860099999996,19.15539899999999
-158.71928133333333,621.1739533333333,412.1472836666667,-350.885097,355.1447865,264.8578195,-178.1972745,316.09912899999995,467.65324499999997,-18.925725,-61.95949400000001,19.009267999999963
-158.92230666666666,621.0993813333333,412.05901133333333,-350.8786765,355.235844,264.1533,-178.5679055,315.374049,467.0742335,-19.112578999999982,-61.92899399999999,18.857051000000013
-159.12728,621.0175943333334,411.9692303333333,-350.8717975,355.3290435,263.430289,-178.9466315,314.6185875,466.47048700000005,-19.30487499999998,-61.89705900000001,18.698734
-159.33419466666666,620.9284980000001,411.877914,-350.864368,355.424346,262.6887655,-179.333308,313.8327275,465.8416235,-19.502566,-61.863651000000004,18.534312999999997
-159.54304366666665,620.831999,411.78503666666666,-350.856289,355.5217075,261.9287185,-179.727779,313.016476,465.187267,-19.705600000000004,-61.82873000000001,18.363782000000015
-159.753819,620.7280073333333,411.690572,-350.847461,355.6210805,261.150149,-180.1298755,312.16986599999996,464.5070525,-19.913921000000016,-61.792258000000004,18.187142999999992
-159.966512,620.6164346666667,411.59449333333333,-350.837779,355.7224115,260.353068,-180.53941650000002,311.2929545,463.80062399999997,-20.127465,-61.75419899999997,18.00440199999997
-160.181115,620.4971973333332,411.4967746666666,-350.8271345,355.825643,259.537498,-180.956208,310.385823,463.067636,-20.346161999999993,-61.71451400000001,17.81556999999998
-160.39761833333333,620.3702106666666,411.3973886666667,-350.81541649999997,355.93071299999997,258.70347300000003,-181.380045,309.4485795,462.3077535,-20.569940000000003,-61.673167000000035,17.620663000000036
-160.616012,620.2353963333334,411.2963086666667,-350.80251,356.037555,257.85103649999996,-181.810708,308.481358,461.52065300000004,-20.798716000000013,-61.63012400000002,17.419701999999972
-160.8362853333333,620.0926766666666,411.19350833333334,-350.7882975,356.1460985,256.9802465,-182.2479685,307.4843165,460.706024,-21.03240500000001,-61.58534900000001,17.21271200000001
-161.05842733333336,619.9419786666667,411.08896,-350.772658,356.25626750000004,256.091169,-182.6915835,306.4576395,459.863568,-21.270915000000002,-61.53881099999995,16.99972200000002
-161.28242600000002,619.7832306666667,410.9826386666667,-350.7554665,356.367984,255.1838845,-183.1413,305.4015385,458.9929995,-21.51415,-61.490477,16.780768999999964
-161.50826833333335,619.6163666666666,410.8745163333333,-350.73659699999996,356.4811645,254.25848299999998,-183.5968515,304.31624899999997,458.094047,-21.762005000000016,-61.440315999999996,16.555889999999977
-161.73594166666666,619.4413213333333,410.764567,-350.71592,356.59572149999997,253.315066,-184.0579635,303.202034,457.16645400000004,-22.014372999999978,-61.38829800000002,16.32513
-161.96543133333333,619.2580350000001,410.65276466666666,-350.693303,356.7115645,252.353748,-184.524347,302.05917999999997,456.209978,-22.271141999999998,-61.33439600000003,16.088540000000023
-162.19672233333335,619.0664496666667,410.5390826666667,-350.6686115,356.828599,251.37465300000002,-184.995704,300.8880005,455.2243925,-22.532189999999986,-61.278580999999974,15.84617099999997
-162.42979866666667,618.8665129999999,410.42349633333333,-350.6417085,356.94672749999995,250.37791750000002,-185.471726,299.6888345,454.20948599999997,-22.797393999999997,-61.220826999999986,15.598082000000034
-162.66464399999998,618.6581746666667,410.30597933333337,-350.61245399999996,357.065848,249.363689,-185.952094,298.462045,453.16506400000003,-23.06662800000001,-61.161112,15.344333999999947
-162.90124033333333,618.4413883333333,410.1865066666667,-350.580708,357.185856,248.332126,-186.43647900000002,297.2080205,452.090949,-23.339754,-61.099410999999975,15.084993999999995
-163.13957000000002,618.2161136666667,410.0650543333333,-350.546325,357.306646,247.2833985,-186.9245425,295.9271745,450.986979,-23.616637000000026,-61.03570500000001,14.820133999999996
-163.37961199999998,617.9823120000001,409.94159766666667,-350.5091625,357.42810599999996,246.21768649999999,-187.415936,294.6199435,449.8530115,-23.897132,-60.96997300000004,14.549826999999993
-163.62134733333335,617.739949,409.81611266666664,-350.469071,357.550124,245.135182,-187.910305,293.286787,448.6889205,-24.181092000000007,-60.902198,14.274152999999956
-163.86475399999998,617.488995,409.68857699999995,-350.425904,357.672585,244.03608649999998,-188.4072825,291.92819099999997,447.4945985,-24.468365000000006,-60.83236400000004,13.993195000000014
-164.10981,617.2294253333333,409.55896666666666,-350.37951150000004,357.7953715,242.9206135,-188.9064965,290.54466049999996,446.269958,-24.758797000000015,-60.760455000000036,13.70703999999995
-164.35649166666667,616.9612183333334,409.4272603333334,-350.3297425,357.9183645,241.78898450000003,-189.4075665,289.1367255,445.014928,-25.052227000000016,-60.68646100000001,13.41577600000005
-164.604775,616.6843563333333,409.29343700000004,-350.27644399999997,358.0414425,240.641433,-189.910104,287.704936,443.72945749999997,-25.348489999999998,-60.610370000000046,13.119498999999962
-164.85463366666667,616.3988276666668,409.157475,-350.219464,358.164484,239.478201,-190.4137155,286.2498635,442.4135155,-25.647423000000003,-60.53217299999997,12.81830500000001
-165.10604233333333,616.1046230000001,409.0193546666667,-350.15864899999997,358.287363,238.2995415,-190.917999,284.772101,441.0670905,-25.948852000000016,-60.45186400000003,12.512293
-165.35897233333333,615.80174,408.8790563333334,-350.09384450000005,358.4099555,237.1057165,-191.4225485,283.2722585,439.69018900000003,-26.252607000000012,-60.369437000000005,12.201568000000009
-165.613396,615.4901776666667,408.7365623333333,-350.0248965,358.5321345,235.8969955,-191.926952,281.750968,438.2828395,-26.558512000000007,-60.28489000000002,11.886236999999994
-165.86928333333333,615.1699426666665,408.5918543333333,-349.95165,358.653773,234.67365949999999,-192.430792,280.208878,436.84509,-26.866386000000006,-60.198222000000015,11.566407999999967
-166.12660300000002,614.8410436666667,408.44491566666665,-349.8739495,358.774744,233.4359965,-192.933648,278.6466555,435.3770075,-27.176050000000004,-60.109432999999996,11.242190999999991
-166.385324,614.5034956666667,408.29573066666666,-349.791641,358.8949195,232.184303,-193.435094,277.064983,433.87868000000003,-27.48732000000001,-60.018528,10.913702
-166.64541266666666,614.1573166666667,408.1442836666667,-349.7045705,359.01417100000003,230.9188835,-193.93470200000002,275.4645595,432.3502165,-27.80001200000001,-59.92551100000003,10.581056999999987
-166.90683533333333,613.8025303333334,407.9905613333333,-349.6125835,359.1323705,229.64005150000003,-194.4320405,273.846099,430.791744,-28.113939000000016,-59.83038800000003,10.244373999999993
-167.1695563333333,613.439165,407.83455000000004,-349.515527,359.249391,228.348126,-194.92667649999999,272.210329,429.203412,-28.428912999999994,-59.73316799999998,9.903773999999999
-167.43353933333336,613.0672516666667,407.6762386666667,-349.41324899999995,359.3651055,227.043435,-195.41817350000002,270.557992,427.5853885,-28.74474699999999,-59.63386400000002,9.559378999999979
-167.69874733333333,612.6868283333333,407.51561599999997,-349.30559800000003,359.479387,225.726312,-195.9060955,268.889839,425.937863,-29.06124700000001,-59.53248800000003,9.21131200000002
-167.965142,612.2979363333334,407.35267233333326,-349.1924245,359.5921095,224.39709749999997,-196.390004,267.2066365,424.2610435,-29.378225999999984,-59.42905499999998,8.859699000000035
-168.23268266666668,611.9006206666667,407.18739899999997,-349.073579,359.7031495,223.05613900000003,-196.8694625,265.5091585,422.555159,-29.695493,-59.32358300000001,8.504666000000043
-168.50132966666666,611.4949323333334,407.019789,-348.948916,359.812384,221.7037895,-197.3440325,263.7981895,420.8204575,-30.012855000000002,-59.21608899999998,8.146343000000002
-168.77104,611.0809250000001,406.8498353333334,-348.818289,359.919691,220.34040549999997,-197.813278,262.074522,419.0572075,-30.330124000000012,-59.106595999999996,7.784854999999993
-169.04177233333334,610.6586583333334,406.677534,-348.681556,360.0249505,218.966353,-198.27676350000002,260.3389565,417.2656945,-30.647106999999977,-58.995125,7.420335000000023
-169.31348133333333,610.2281953333332,406.50288133333333,-348.5385755,360.1280455,217.581999,-198.734056,258.59229799999997,415.4462255,-30.963616000000002,-58.88170199999999,7.052910999999995
-169.58612266666668,609.7896036666666,406.32587399999994,-348.389209,360.2288585,216.18771700000002,-199.18472450000002,256.8353595,413.5991245,-31.279462999999993,-58.76635299999998,6.682714999999973
-169.85965033333332,609.3429543333333,406.14651166666664,-348.2333205,360.32727650000004,214.7838845,-199.62834049999998,255.06895600000001,411.7247355,-31.594459,-58.64910599999999,6.309877000000029
-170.134017,608.8883233333335,405.9647956666667,-348.07077749999996,360.42318850000004,213.370883,-200.0644795,253.293907,409.823419,-31.90841899999998,-58.52999,5.934529999999995
-170.40917466666667,608.4257899999999,405.78072633333335,-347.90144899999996,360.5164845,211.949097,-200.4927205,251.5110345,407.89555399999995,-32.221159,-58.40903900000001,5.556804
-170.68507433333332,607.9554376666666,405.59430733333335,-347.7252075,360.607059,210.5189145,-200.9126485,249.721161,405.9415365,-32.532497000000006,-58.286283999999995,5.176830999999993
-170.96166566666668,607.4773546666667,405.40554333333336,-347.54193,360.6948085,209.08072800000002,-201.32385,247.92511000000002,403.96178050000003,-32.842252,-58.16176199999998,4.794740999999988
-171.23889799999998,606.991631,405.21444133333335,-347.3514965,360.77963250000005,207.63493,-201.7259205,246.1237035,401.95671600000003,-33.15024699999998,-58.035506999999996,4.410666000000049
-171.51671866666666,606.498362,405.02100733333333,-347.15378899999996,360.8614335,206.1819165,-202.118459,244.317763,399.92678750000005,-33.45630799999998,-57.90755800000002,4.024737000000016
-171.795076,605.9976459999999,404.82525133333337,-346.94869600000004,360.9401165,204.722086,-202.5010725,242.508106,397.872458,-33.76026300000001,-57.77795400000002,3.637081999999964
-172.0739156666667,605.4895836666666,404.62718433333333,-346.7361085,361.0155915,203.25583799999998,-202.87337300000002,240.69554649999998,395.7942035,-34.061942000000016,-57.64673500000001,3.2478309999999624
-172.3531823333333,604.9742813333334,404.4268176666667,-346.5159205,361.08777050000003,201.783573,-203.2349805,238.8808955,393.6925155,-34.36118099999999,-57.51394300000004,2.8571130000000267
-172.632822,604.451846,404.22416599999997,-346.2880335,361.1565695,200.305693,-203.58552250000002,237.064957,391.5678995,-34.657816999999994,-57.37962200000001,2.4650550000000067
-172.912777,603.9223900000001,404.019244,-346.0523505,361.2219075,198.8225995,-203.92463550000002,235.2485285,389.42087549999997,-34.951693000000006,-57.243814999999984,2.071783000000039
-173.19299166666667,603.3860266666667,403.8120686666666,-345.808781,361.28370800000005,197.3346965,-204.251963,233.432401,387.25197349999996,-35.24265599999998,-57.10656799999998,1.677423000000033
-173.4734073333333,602.8428733333334,403.6026586666667,-345.557239,361.341898,195.8423855,-204.567158,231.617357,385.06174,-35.530553999999995,-56.96792599999998,1.282098000000019
-173.75396566666666,602.2930496666667,403.3910343333334,-345.2976425,361.396408,194.34607,-204.86988250000002,229.80417,382.8507295,-35.815240999999986,-56.82793600000002,0.8859310000000278
-174.03460766666663,601.7366780000001,403.177217,-345.02991599999996,361.44717149999997,192.84615100000002,-205.159808,227.993603,380.61951150000004,-36.09657800000002,-56.68664799999999,0.48904499999997597
-174.31527333333335,601.1738823333334,402.96123000000006,-344.753988,361.49412900000004,191.3430295,-205.43661600000001,226.1864095,378.36866299999997,-36.374427999999995,-56.544107,0.09155800000002046
-174.5959026666667,600.6047906666668,402.7430993333333,-344.46979350000004,361.537221,189.837105,-205.699998,224.383331,376.098773,-36.64866000000001,-56.40036600000002,-0.306412000000023
-174.87643466666668,600.0295313333332,402.5228503333333,-344.1772725,361.5763935,188.3287765,-205.9496565,222.585097,373.810439,-36.919145000000015,-56.25547399999999,-0.7047460000000001
-175.156807,599.4482356666666,402.3005123333333,-343.8763705,361.6115985,186.818439,-206.185304,220.79242349999998,371.50426649999997,-37.185764000000006,-56.10948099999999,-1.1033309999999688
-175.43695833333334,598.8610366666667,402.07611433333335,-343.56703849999997,361.6427885,185.3064865,-206.4066655,219.006013,369.180871,-37.448398999999995,-55.96243799999999,-1.502051999999992
-175.71682566666667,598.2680690000001,401.8496886666667,-343.2492345,361.669923,183.79331200000001,-206.613475,217.22655550000002,366.840875,-37.70694,-55.814397000000014,-1.9007980000000089
-175.99634666666665,597.6694686666666,401.6212676666667,-342.922921,361.69296399999996,182.2793045,-206.8054805,215.4547245,364.484907,-37.961281000000014,-55.66540900000001,-2.2994600000000105
-176.27545733333332,597.0653733333332,401.390887,-342.588068,361.71187699999996,180.7648495,-206.98244,213.69117799999998,362.113601,-38.211321999999996,-55.51552799999999,-2.6979299999999853
-176.554094,596.4559226666667,401.158582,-342.24465150000003,361.726634,179.25033000000002,-207.144125,211.936559,359.7275985,-38.45696800000002,-55.36480400000002,-3.096100999999976
-176.832193,595.8412556666667,400.9243916666667,-341.8926525,361.7372085,177.7361265,-207.290318,210.19149349999998,357.3275445,-38.698132000000015,-55.213291,-3.493869000000018
-177.10968966666664,595.221514,400.688355,-341.532059,361.7435785,176.222615,-207.420815,208.4565905,354.9140885,-38.93472800000001,-55.06104099999999,-3.891132999999968
-177.38651933333333,594.5968396666666,400.45051233333334,-341.162866,361.745726,174.7101665,-207.53542349999998,206.7324425,352.487884,-39.16668100000001,-54.908107,-4.287791999999968
-177.66261733333332,593.9673746666666,400.2109076666666,-340.785075,361.7436395,173.19915,-207.6339645,205.0196225,350.04958650000003,-39.393917000000016,-54.75454100000002,-4.6837489999999775
-177.93791866666666,593.3332626666667,399.96958433333333,-340.39869250000004,361.737307,171.689928,-207.716271,203.318687,347.5998545,-39.61637200000001,-54.60039600000002,-5.078907000000015
-178.21235833333333,592.6946473333334,399.7265876666667,-340.0037335,361.7267235,170.18286,-207.78218950000002,201.630173,345.139348,-39.83398700000001,-54.44572400000001,-5.473171999999977
-178.48587133333334,592.0516729999999,399.48196566666667,-339.600219,361.71188700000005,168.67829999999998,-207.83157949999998,199.9545995,342.6687275,-40.046707,-54.290576999999985,-5.866452999999979
-178.758392,591.4044826666667,399.235766,-339.188175,361.6927985,167.176598,-207.8643145,198.292465,340.1886545,-40.25448299999999,-54.135006000000004,-6.258659000000023
-179.02985633333333,590.7532216666667,398.9880396666667,-338.76763700000004,361.6694645,165.67809649999998,-207.8802785,196.6442505,337.69978949999995,-40.45727499999998,-53.97906499999999,-6.649702999999988
-179.3001976666667,590.0980330000001,398.73883666666666,-338.33864600000004,361.641893,164.183135,-207.879371,195.01041650000002,335.2027935,-40.655044000000004,-53.82280499999999,-7.039498999999978
-179.56935166666668,589.4390613333334,398.48821033333326,-337.9012485,361.610097,162.6920465,-207.8615035,193.391404,332.698325,-40.84776099999999,-53.66627399999999,-7.4279619999999795
-179.83725333333334,588.7764496666666,398.2362143333333,-337.45550000000003,361.57409299999995,161.20515749999998,-207.82660249999998,191.787634,330.18704049999997,-41.03540100000001,-53.509524,-7.815012999999965
-180.10383866666666,588.110341,397.982905,-337.001461,361.53390049999996,159.7227905,-207.774605,190.19950799999998,327.6695945,-41.21794600000001,-53.35260600000001,-8.200571000000025
-180.369042,587.4408783333333,397.7283376666667,-336.5392,361.4895415,158.2452595,-207.705463,188.6274075,325.1466385,-41.39538000000002,-53.195569000000006,-8.584557000000018
-180.63279933333334,586.7682033333334,397.47257033333335,-336.0687905,361.44104400000003,156.7728745,-207.6191415,187.071695,322.61882,-41.56769699999998,-53.038459999999986,-8.966895999999963
-180.89504766666667,586.0924563333333,397.215662,-335.59031500000003,361.3884365,155.3059385,-207.515617,185.53271,320.0867825,-41.734894,-52.88132999999999,-9.347514999999987
-181.15572233333333,585.4137786666666,396.95767266666667,-335.10386,361.3317515,153.844747,-207.394882,184.010776,317.55116499999997,-41.896975999999995,-52.72422399999999,-9.726341999999988
-181.41476033333333,584.7323086666667,396.69866333333334,-334.609521,361.2710255,152.389591,-207.2569385,182.5061945,315.01260149999996,-42.05394900000002,-52.56719100000001,-10.10330700000003
-181.67209966666667,584.0481846666667,396.438696,-334.107398,361.2062965,150.9407525,-207.101803,181.0192475,312.471721,-42.205828,-52.41027700000001,-10.478340000000003
-181.927677,583.3615436666665,396.177834,-333.5976,361.1376065,149.498509,-206.9295055,179.55019850000002,309.9291455,-42.352633,-52.25352699999999,-10.851376999999957
-182.18143133333334,582.6725213333334,395.91614066666665,-333.08024,361.065,148.063129,-206.74008700000002,178.0992895,307.3854915,-42.49438599999999,-52.09698700000001,-11.222351000000003
-182.43330066666667,581.9812526666667,395.6536813333334,-332.555438,360.988524,146.634876,-206.53360099999998,176.666745,304.841369,-42.63111599999999,-51.940702000000016,-11.59120200000001
-182.68322466666666,581.28787,395.39052066666665,-332.023321,360.908228,145.2140045,-206.3101145,175.2527705,302.29738,-42.76285899999999,-51.78471300000001,-11.957866000000024
-182.93114366666669,580.5925056666667,395.1267266666667,-331.484022,360.8241635,143.80076449999999,-206.069705,173.857552,299.7541205,-42.88965200000001,-51.62906600000002,-12.322284999999965
-183.176998,579.8952893333334,394.8623656666667,-330.93768,360.7363865,142.3953965,-205.81246349999998,172.4812575,297.212177,-43.011537000000004,-51.47380099999998,-12.684401999999977
-183.42072900000002,579.1963493333334,394.597505,-330.38443900000004,360.644952,140.9981355,-205.53849150000002,171.1240365,294.6721295,-43.128563000000014,-51.318961,-13.04415899999998
-183.66227866666668,578.495814,394.33221333333336,-329.82445,360.54992100000004,139.609208,-205.247902,169.78602,292.13455,-43.240781999999996,-51.164586000000014,-13.401501999999994
-183.9015906666667,577.7938076666666,394.06656000000004,-329.25787,360.4513525,138.2288345,-204.9408205,168.467323,289.6,-43.348247000000015,-51.01071400000001,-13.756377999999984
-184.13860833333334,577.090454,393.8006136666667,-328.68486099999996,360.3493115,136.8572275,-204.61738300000002,167.168042,287.069034,-43.45102,-50.857387999999986,-14.108736000000022
-184.37327666666667,576.3858749999999,393.53444466666673,-328.1055895,360.2438615,135.494592,-204.2777345,165.8882575,284.542197,-43.54916299999999,-50.704643000000004,-14.458524000000011
-184.60554033333332,575.680192,393.26812233333334,-327.5202295,360.1350695,134.14112649999998,-203.922035,164.62803250000002,282.02002500000003,-43.64274399999999,-50.55251899999999,-14.805691999999965
-184.83534700000004,574.973522,393.0017176666667,-326.92895799999997,360.023004,132.7970225,-203.55045,163.3874145,279.50304500000004,-43.731832,-50.401050999999995,-15.150195999999994
-185.062644,574.2659829999999,392.73530166666666,-326.331959,359.907735,131.462463,-203.1631585,162.166436,276.9917735,-43.81650299999998,-50.250275999999985,-15.491986999999995
-185.28737966666665,573.5576893333333,392.468944,-325.72942,359.789334,130.137625,-202.76034850000002,160.965112,274.486718,-43.89683099999999,-50.10023000000001,-15.831019999999967
-185.50950366666666,572.8487543333332,392.2027166666667,-325.1215335,359.667874,128.8226775,-202.342218,159.783446,271.988378,-43.97289799999999,-49.95094799999998,-16.16725200000002
-185.728967,572.1392886666666,391.9366903333333,-324.50849700000003,359.543427,127.51778350000001,-201.908973,158.6214245,269.4972405,-44.04478399999999,-49.802460999999994,-16.500639000000035
-185.94572166666669,571.4294033333334,391.6709356666667,-323.8905115,359.41607050000005,126.2230975,-201.46083,157.4790205,267.013785,-44.11257600000002,-49.65480499999998,-16.831142
-186.15972066666666,570.719205,391.4055236666666,-323.267783,359.285878,124.93876800000001,-200.9980135,156.35619450000002,264.5384795,-44.176361000000014,-49.50801099999998,-17.158716999999996
-186.370918,570.0088003333334,391.1405253333333,-322.6405205,359.15292850000003,123.6649355,-200.520758,155.25289249999997,262.071783,-44.23622799999998,-49.362111,-17.483328
-186.5792706666667,569.2982933333333,390.87601033333334,-322.008938,359.01729950000004,122.401735,-200.02930550000002,154.16905,259.6141455,-44.292269000000005,-49.21713799999998,-17.804935
-186.78473366666665,568.587787,390.6120496666667,-321.3732515,358.8790685,121.149293,-199.5239055,153.1045895,257.1660055,-44.34457699999999,-49.07311900000002,-18.123501000000005
-186.98726666666667,567.8773813333332,390.34871300000003,-320.733682,358.7383145,119.90773050000001,-199.0048155,152.05942,254.72779350000002,-44.393247,-48.930086,-18.43898900000002
-187.18682833333332,567.167176,390.08606933333334,-320.090452,358.595118,118.67716150000001,-198.472302,151.033443,252.29992800000002,-44.43837599999998,-48.78806800000001,-18.75136599999999
-187.38338066666665,566.4572686666667,389.8241883333333,-319.443788,358.4495585,117.45769299999999,-197.926637,150.026546,249.88282099999998,-44.480061999999975,-48.64709199999999,-19.060596000000004
-187.57688533333337,565.7477546666668,389.56313833333337,-318.79391799999996,358.3017165,116.249425,-197.3681005,149.0386085,247.476871,-44.51840299999998,-48.50718500000001,-19.366646000000003
-187.76730633333332,565.038729,389.30298666666664,-318.1410745,358.1516715,115.05245149999999,-196.7969775,148.0694995,245.082471,-44.55349899999999,-48.36837700000001,-19.66948400000001
-187.95460933333334,564.3302836666667,389.04380100000003,-317.48549049999997,357.999505,113.8668615,-196.21356200000002,147.119078,242.700001,-44.585452000000004,-48.23069199999999,-19.969077999999996
-188.13876066666663,563.622511,388.7856473333333,-316.82740149999995,357.8452975,112.6927355,-195.6181525,146.187196,240.3298345,-44.614361,-48.094156,-20.265399000000002
-188.31972933333336,562.9154996666666,388.5285923333334,-316.16704400000003,357.689129,111.530149,-195.0110535,145.2736955,237.9723345,-44.640331,-47.958793000000014,-20.55841699999999
-188.49748499999998,562.209339,388.2727,-315.5046575,357.531081,110.37917049999999,-194.39257600000002,144.3784115,235.627855,-44.663460000000015,-47.82463100000001,-20.848104000000006
-188.671999,561.5041150000001,388.01803466666667,-314.840482,357.37123199999996,109.2398635,-193.7630345,143.501172,233.2967405,-44.683853,-47.691689999999994,-21.134431000000006
-188.8432456666667,560.7999143333333,387.7646593333334,-314.1747575,357.209664,108.1122855,-193.122751,142.6417965,230.979328,-44.70160999999999,-47.559995,-21.417372
-189.01119866666667,560.096821,387.51263566666665,-313.50772700000005,357.04645500000004,106.996488,-192.47205,141.800099,228.6759445,-44.716834000000006,-47.429568,-21.696902999999992
-189.17583533333334,559.3949183333334,387.26202566666666,-312.839632,356.881684,105.8925165,-191.811262,140.975888,226.3869095,-44.729625999999996,-47.300432,-21.97299700000002
-189.33713400000002,558.6942883333334,387.012888,-312.17071550000003,356.71542999999997,104.800412,-191.1407205,140.16896450000002,224.112534,-44.74008699999999,-47.172607,-22.245632
-189.49507366666668,557.995012,386.76528133333335,-311.50122050000004,356.5477705,103.7202085,-190.46076549999998,139.379126,221.8531195,-44.748317000000014,-47.046114,-22.514786999999984
-189.64963699999998,557.2971693333334,386.5192646666667,-310.8313885,356.378783,102.651936,-189.7717375,138.6061635,219.6089605,-44.754414999999995,-46.920973000000004,-22.780437000000006
-189.80080733333332,556.6008390000001,386.27489233333336,-310.16146249999997,356.2085435,101.595619,-189.0739825,137.849864,217.38034349999998,-44.75848100000002,-46.79720400000001,-23.042563
-189.94857000000002,555.9060996666667,386.03222000000005,-309.4916835,356.037129,100.551276,-188.36784899999998,137.110012,215.16754650000001,-44.76061200000001,-46.67482600000001,-23.301146999999986
-190.09291199999998,555.2130273333333,385.79130133333337,-308.8222915,355.8646125,99.5189225,-187.6536885,136.38638550000002,212.9708405,-44.76090300000001,-46.55385700000001,-23.55616900000001
-190.233822,554.5216986666666,385.55218833333333,-308.153527,355.69106899999997,98.49856650000001,-186.93185599999998,135.67876,210.790489,-44.75944999999999,-46.434314,-23.807614
-190.37129066666668,553.8321893333333,385.31493100000006,-307.4856275,355.5165715,97.49021400000001,-186.2027085,134.986909,208.62674650000002,-44.756347000000005,-46.316214,-24.055463000000003
-190.50531133333334,553.1445736666667,385.079579,-306.8188295,355.341191,96.493864,-185.46660450000002,134.31060200000002,206.479862,-44.75168499999998,-46.19957400000001,-24.29970400000002
-190.6358776666667,552.4589253333334,384.8461796666667,-306.1533675,355.1649995,95.5095125,-184.7239055,133.649606,204.3500775,-44.745555000000024,-46.084410000000005,-24.540323
-190.76298633333332,551.7753183333333,384.614779,-305.48947350000003,354.9880665,94.537151,-183.9749735,133.00368650000001,202.237625,-44.738045,-45.970735000000005,-24.77730600000001
-190.88663566666665,551.0938246666666,384.38542133333334,-304.8273795,354.8104605,93.576767,-183.2201735,132.372606,200.142733,-44.72924500000002,-45.85856599999998,-25.01064600000001
-191.00682500000002,550.4145166666667,384.1581493333333,-304.16731200000004,354.6322495,92.6283415,-182.45987100000002,131.756126,198.06562150000002,-44.719235999999995,-45.74791400000001,-25.240329000000003
-191.12355766666667,549.737466,383.933004,-303.5094965,354.453499,91.691855,-181.694432,131.1540075,196.006503,-44.70810399999999,-45.638795000000016,-25.46634800000001
-191.236836,549.0627433333334,383.71002500000003,-302.8541555,354.274275,90.7672815,-180.92422499999998,130.5660085,193.9655845,-44.69592800000001,-45.53121899999999,-25.688698999999986
-191.34666666666666,548.3904196666666,383.48924966666664,-302.201508,354.09464049999997,89.854592,-180.14961649999998,129.99188850000002,191.9430665,-44.682788999999985,-45.425197,-25.90737299999998
-191.45305733333336,547.720565,383.27071266666667,-301.5517695,353.91465900000003,88.953755,-179.370975,129.43140350000002,189.9391405,-44.66876399999998,-45.32074300000001,-26.122368999999992
-191.55601666666666,547.0532493333333,383.05444933333337,-300.90515400000004,353.7343915,88.0647325,-178.58866849999998,128.8843115,187.953995,-44.65392499999999,-45.21786300000001,-26.33368200000001
-191.65555700000002,546.3885409999999,382.84049166666665,-300.26186900000005,353.553898,87.187486,-177.8030655,128.350369,185.9878095,-44.63834700000001,-45.11657000000001,-26.541313000000002
-191.75169100000002,545.7265103333334,382.62886899999995,-299.62212,353.373237,86.321972,-177.0145335,127.8293325,184.04075699999999,-44.62209899999999,-45.01687100000001,-26.745261999999997
-191.84443433333334,545.0672253333333,382.41961,-298.986108,353.1924655,85.4681445,-176.22343899999998,127.32095950000001,182.11300549999999,-44.605249999999984,-44.918773,-26.945532999999983
-191.93380433333334,544.4107543333333,382.212742,-298.35403,353.011641,84.62595350000001,-175.43014849999997,126.825007,180.20471500000002,-44.587863,-44.82228400000001,-27.14212599999999
-192.01981933333332,543.757166,382.00828866666666,-297.726079,352.83081649999997,83.7953465,-174.63502699999998,126.34123299999999,178.31604049999999,-44.57000400000001,-44.727412,-27.335050999999993
-192.10250033333332,543.1065273333332,381.8062733333333,-297.10244350000005,352.650046,82.976269,-173.838437,125.8693955,176.44712900000002,-44.551732000000015,-44.634159,-27.52431199999998
-192.18187,542.458906,381.6067156666666,-296.4833065,352.4693815,82.1686615,-173.04074150000002,125.409255,174.5981225,-44.533105000000006,-44.542531999999994,-27.709918999999985
-192.25795266666668,541.8143699999999,381.4096356666667,-295.8688475,352.2888745,81.372463,-172.2423005,124.96057049999999,172.7691555,-44.51417900000001,-44.452533,-27.89188299999998
-192.330775,541.1729853333333,381.21504966666663,-295.25924050000003,352.10857250000004,80.58761,-171.44347199999999,124.52310399999999,170.9603555,-44.49500800000001,-44.364166,-28.070216999999985
-192.40036433333333,540.5348186666666,381.02297300000004,-294.6546555,351.92852500000004,79.814036,-170.6446125,124.096618,169.1718445,-44.47564299999999,-44.277433999999985,-28.244933000000003
-192.46675166666668,539.8999379999999,380.833418,-294.0552565,351.74877749999996,79.0516715,-169.8460745,123.6808765,167.4037385,-44.456131,-44.19233699999998,-28.416048999999987
-192.52996733333336,539.2684073333334,380.6463963333333,-293.4612025,351.5693765,78.30044600000001,-169.04820899999999,123.2756445,165.65614349999998,-44.43651800000001,-44.108875,-28.58358100000001
-192.59004566666667,538.6402936666667,380.46191633333336,-292.87264749999997,351.390365,77.5602855,-168.251364,122.88069,163.92916350000002,-44.41685000000001,-44.02704800000001,-28.74754900000002
-192.64702066666666,538.0156623333334,380.279986,-292.289741,351.211786,76.831114,-167.45588350000003,122.4957805,162.222891,-44.397165,-43.94685500000001,-28.90797600000002
-192.70092966666667,537.3945786666667,380.10060999999996,-291.7126265,351.0336815,76.1128535,-166.662109,122.120688,160.5374145,-44.377504000000016,-43.868292,-29.064880999999986
-192.751811,536.777107,379.92379166666666,-291.141441,350.856091,75.405424,-165.87037800000002,121.75518399999999,158.872815,-44.35790399999999,-43.79135799999999,-29.21829200000002
-192.79970433333335,536.163312,379.74953266666665,-290.57631849999996,350.679054,74.7087425,-165.081024,121.399043,157.22916600000002,-44.33839600000002,-43.716048,-29.368235999999996
-192.8446516666667,535.5532583333334,379.57783233333333,-290.017385,350.502608,74.0227255,-164.294377,121.052041,155.60653250000001,-44.319016000000005,-43.64235600000001,-29.51473899999999
-192.88669533333334,534.9470086666666,379.408688,-289.464763,350.32678999999996,73.3472865,-163.5107615,120.713958,154.004976,-44.299788999999976,-43.57027600000001,-29.657831999999985
-192.92588033333334,534.344627,379.24209633333334,-288.91856800000005,350.151635,72.682338,-162.730499,120.38457350000002,152.424546,-44.28074599999999,-43.499801000000005,-29.797548000000006
-192.962252,533.7461756666667,379.07805,-288.378911,349.97717750000004,72.02779000000001,-161.953905,120.0636715,150.8652885,-44.26191,-43.430925,-29.933919000000003
-192.99585866666666,533.1517166666667,378.916542,-287.84589700000004,349.803451,71.383551,-161.1812915,119.7510375,149.32724,-44.24330499999999,-43.36363699999998,-30.06698
-193.02674866666666,532.5613126666666,378.75756166666673,-287.3196245,349.630487,70.7495285,-160.4129635,119.446459,147.8104285,-44.224951000000004,-43.29792800000001,-30.196769000000018
-193.05497266666669,531.9750233333333,378.601099,-286.8001885,349.45831699999997,70.125627,-159.6492225,119.14972800000001,146.3148765,-44.20686900000001,-43.23378800000002,-30.32332500000001
-193.08058100000002,531.3929093333333,378.44713899999994,-286.2876765,349.286972,69.511752,-158.890363,118.8606355,144.8405975,-44.18907200000001,-43.171205,-30.446686999999997
-193.103628,530.8150313333333,378.295668,-285.782171,349.11648,68.907804,-158.1366745,118.57898,143.387597,-44.17157900000001,-43.11016599999999,-30.56689799999998
-193.12416633333336,530.241447,378.14666900000003,-285.28375,348.94687,68.31368450000001,-157.388441,118.30455800000001,141.9558725,-44.15440000000001,-43.05065800000001,-30.68400100000001
-193.14225166666665,529.672215,378.0001233333334,-284.7924845,348.7781685,67.7292935,-156.6459395,118.0371725,140.5454145,-44.137546999999984,-42.99266699999998,-30.798039000000003
-193.15793999999997,529.107393,377.856012,-284.308441,348.610402,67.1545295,-155.9094415,117.776627,139.156204,-44.12103099999999,-42.93617800000001,-30.909062000000006
-193.171289,528.5470373333334,377.7143126666667,-283.83168,348.4435975,66.58928850000001,-155.179211,117.5227295,137.7882145,-44.10485600000001,-42.881174999999985,-31.017115000000004
-193.18235666666666,527.991203,377.575002,-283.3622575,348.2777785,66.033467,-154.455506,117.27529,136.441411,-44.089032,-42.82764,-31.122249999999994
-193.19120233333334,527.4399456666666,377.438057,-282.9002235,348.11297,65.486959,-153.73857850000002,117.0341215,135.115751,-44.07356100000001,-42.77555699999999,-31.224513999999985
-193.19788633333337,526.893318,377.3034506666667,-282.4456235,347.9491955,64.9496585,-153.028671,116.7990415,133.811183,-44.058446,-42.724907,-31.32396
-193.20246966666664,526.3513723333334,377.1711553333333,-281.9984965,347.7864765,64.421457,-152.32602200000002,116.569869,132.5276465,-44.04369,-42.67567,-31.420643
-193.20501433333334,525.8141606666667,377.04114333333337,-281.5588775,347.624836,63.902246500000004,-151.6308615,116.346427,131.265075,-44.029291,-42.627825999999985,-31.51461599999999
-193.2055826666667,525.2817326666667,376.9133836666667,-281.126797,347.464295,63.3919165,-150.9434115,116.128542,130.023391,-44.01524899999998,-42.581356,-31.605931999999996
-193.20423833333334,524.7541376666667,376.78784533333334,-280.702279,347.30487500000004,62.890356499999996,-150.2638865,115.9160435,128.80251049999998,-44.00156100000001,-42.536236999999986,-31.694650999999993
-193.20104500000002,524.2314230000001,376.6644963333333,-280.285344,347.1465965,62.3974555,-149.5924935,115.7087645,127.60234,-43.98822299999999,-42.492446999999984,-31.780827999999985
-193.19606733333333,523.713635,376.5433023333333,-279.8760075,346.9894785,61.913099,-148.9294335,115.5065415,126.42277849999999,-43.975230999999994,-42.44996300000001,-31.864523000000005
-193.1893706666667,523.2008186666667,376.4242286666667,-279.47428,346.83354099999997,61.437174999999996,-148.2748975,115.3092145,125.263717,-43.96257700000001,-42.40876300000001,-31.94579200000001
-193.18102033333332,522.6930173333334,376.30723933333337,-279.080167,346.678803,60.96957,-147.62906850000002,115.116627,124.1250365,-43.950255,-42.368820000000014,-32.02469699999999
-193.17108299999998,522.1902736666666,376.1922983333333,-278.6936715,346.5252825,60.510166999999996,-146.992123,114.92862600000001,123.0066125,-43.938258000000005,-42.330112,-32.10129900000001
-193.15962366666668,521.6926273333333,376.07936666666666,-278.31479049999996,346.3729985,60.058851000000004,-146.3642285,114.74506199999999,121.9083115,-43.926575,-42.292612000000005,-32.175657
-193.14671033333335,521.200117,375.9684066666667,-277.943517,346.221968,59.615505999999996,-145.7455445,114.56579049999999,120.829991,-43.915197000000006,-42.25629500000001,-32.24783400000001
-193.13240933333336,520.7127806666666,375.8593786666667,-277.579841,346.0722095,59.180015,-145.1362215,114.390668,119.771502,-43.904115000000004,-42.221134000000006,-32.317892000000015
-193.116788,520.2306540000001,375.7522413333333,-277.223746,345.923739,58.75225999999999,-144.536403,114.21955650000001,118.7326875,-43.893316,-42.18710299999999,-32.385892999999996
-193.09991300000002,519.7537703333334,375.64695466666666,-276.875215,345.776574,58.332122999999996,-143.9462235,114.052322,117.71338349999999,-43.882789,-42.15417600000001,-32.45189900000001
-193.081853,519.2821620000001,375.5434773333333,-276.534225,345.6307315,57.919485,-143.36580899999998,113.888834,116.713417,-43.87252199999999,-42.122322,-32.515974
-193.06267433333335,518.8158593333334,375.44176566666664,-276.20074950000003,345.4862275,57.514227500000004,-142.795278,113.72896449999999,115.7326095,-43.862502000000006,-42.091516999999996,-32.578181000000015
-193.04244533333335,518.3548906666666,375.341778,-275.8747595,345.3430785,57.1162305,-142.234739,113.57259099999999,114.7707755,-43.85271399999999,-42.06173,-32.63858300000001
-193.0212316666667,517.8992826666666,375.243471,-275.5562225,345.2013,56.725375,-141.684294,113.41959399999999,113.8277215,-43.84314599999999,-42.032934,-32.697243
-192.99910233333333,517.4490603333334,375.14680066666665,-275.2451015,345.06090800000004,56.34154100000001,-141.144035,113.269858,112.9032485,-43.833783999999994,-42.00510000000001,-32.754222999999996
-192.97612366666667,517.0042463333333,375.0517233333333,-274.941358,344.92191849999995,55.964608500000004,-140.614047,113.12327099999999,111.9971515,-43.824612,-41.9782,-32.80958700000001
-192.95236233333333,516.564862,374.95819433333327,-274.644949,344.7843455,55.5944565,-140.0944055,112.9797245,111.1092165,-43.815617,-41.952203,-32.86339699999999
-192.9278846666667,516.1309253333334,374.8661696666666,-274.35582899999997,344.6482055,55.230965000000005,-139.585178,112.8391145,110.2392285,-43.80678400000001,-41.92708099999999,-32.915715000000006
-192.90275766666664,515.7024533333333,374.775604,-274.0739515,344.513513,54.874014,-139.08642550000002,112.70134049999999,109.38696300000001,-43.79809700000001,-41.90280499999999,-32.966604000000004
-192.87704566666665,515.2794616666666,374.68645266666664,-273.7992645,344.3802825,54.523483,-138.598198,112.5663065,108.55219199999999,-43.78954199999998,-41.879345,-33.016124000000005
-192.85081533333334,514.8619626666667,374.59867133333336,-273.5317155,344.24852799999996,54.179252,-138.120539,112.4339175,107.734681,-43.781104,-41.856673,-33.064336
-192.82413133333333,514.4499663333332,374.512215,-273.271249,344.11826499999995,53.841201500000004,-137.653484,112.304086,106.9341925,-43.77276599999999,-41.834757999999994,-33.111301
-192.79705733333333,514.0434823333334,374.4270386666667,-273.0178065,343.9895055,53.5092115,-137.197061,112.17672449999999,106.150484,-43.764516,-41.81357299999999,-33.157076
-192.76965833333335,513.642517,374.343098,-272.77132900000004,343.86226550000003,53.183163,-136.751288,112.051752,105.383308,-43.756338,-41.793088,-33.20172199999999
-192.741996,513.2470746666667,374.26034899999996,-272.531753,343.7365565,52.8629375,-136.31617799999998,111.9290895,104.63241500000001,-43.748215999999985,-41.77327300000002,-33.24529600000001
-192.71413399999997,512.8571573333334,374.17874666666665,-272.299016,343.6123915,52.5484165,-135.89173399999999,111.8086615,103.89755099999999,-43.74013599999999,-41.754102999999986,-33.287853999999996
-192.686134,512.4727656666666,374.098248,-272.0730515,343.48978450000004,52.2394825,-135.477953,111.69039599999999,103.17845750000001,-43.732084,-41.735546,-33.32945299999999
-192.658057,512.0938976666666,374.0188093333333,-271.853792,343.368747,51.936019,-135.0748245,111.57422449999999,102.4748755,-43.724045000000004,-41.717575,-33.370147
-192.62996266666667,511.72054933333334,373.94038700000004,-271.6411675,343.24929099999997,51.6379095,-134.68233,111.460082,101.7865425,-43.71600600000001,-41.70016199999999,-33.409991000000005
-192.60191133333333,511.3527146666666,373.8629393333333,-271.43510749999996,343.1314275,51.3450385,-134.3004435,111.347906,101.11319449999999,-43.70795299999999,-41.683282000000005,-33.449034999999995
-192.57396133333336,510.99038466666667,373.78642433333334,-271.235541,343.015167,51.057292000000004,-133.92913349999998,111.237638,100.4545645,-43.699873,-41.666904,-33.48733300000001
-192.54617066666665,510.6335503333333,373.7108,-271.042393,342.90052049999997,50.7745565,-133.568361,111.1292215,99.810385,-43.69175200000001,-41.651005,-33.524934
-192.518596,510.2821983333333,373.63602599999996,-270.8555895,342.7874975,50.49672,-133.21808,111.0226035,99.1803875,-43.683578,-41.635557000000006,-33.561887
-192.491293,509.9363143333333,373.56206199999997,-270.675054,342.6761075,50.2236715,-132.87823749999998,110.917734,98.5643025,-43.675338999999994,-41.620534000000006,-33.598241
-192.4643166666667,509.5958820000001,373.48886866666663,-270.50070949999997,342.566358,49.95530050000001,-132.548775,110.81456600000001,97.96186,-43.66702199999999,-41.605912000000004,-33.634038000000004
-192.43772133333334,509.2608823333333,373.41640766666666,-270.332479,342.458256,49.69149900000001,-132.229628,110.7130535,97.37279000000001,-43.65861799999999,-41.59166699999999,-33.669326
-192.41155933333334,508.9312946666667,373.3446406666667,-270.170282,342.35181,49.432159999999996,-131.9207255,110.61315450000001,96.7968235,-43.65011299999999,-41.57777299999999,-33.704147000000006
-192.385883,508.60709733333334,373.273531,-270.01404049999996,342.2470255,49.177177,-131.62198999999998,110.51482999999999,96.233691,-43.641497999999984,-41.564207999999994,-33.73854200000001
-192.36074233333332,508.2882643333333,373.2030426666667,-269.863673,342.14390649999996,48.926447499999995,-131.33334,110.41804149999999,95.68312449999999,-43.632763999999995,-41.55094899999999,-33.772553
-192.33618766666666,507.97477000000003,373.13314066666663,-269.71909850000003,342.042458,48.6798675,-131.0546865,110.32275299999999,95.1448575,-43.623901000000004,-41.53797399999999,-33.806219
-192.31226633333335,507.66658533333333,373.06379,-269.580236,341.942683,48.437337,-130.785937,110.22893199999999,94.618625,-43.61489800000001,-41.52525999999999,-33.839574
-192.289027,507.3636803333333,372.9949583333334,-269.4470025,341.8445835,48.1987565,-130.5269925,110.13654700000001,94.104163,-43.60574700000001,-41.51279000000001,-33.87265400000001
-192.266515,507.0660216666667,372.9266133333333,-269.3193155,341.74816050000004,47.964029499999995,-130.2777505,110.045568,93.6012115,-43.59644300000001,-41.50054,-33.905495
-192.24477533333334,506.77357666666666,372.85872333333333,-269.197092,341.653414,47.733059999999995,-130.038102,109.95596699999999,93.109511,-43.58697400000001,-41.488491999999994,-33.938128000000006
-192.22385233333333,506.4863083333334,372.791259,-269.080248,341.56034250000005,47.5057555,-129.807935,109.8677175,92.628806,-43.57733599999999,-41.476629,-33.970584
-192.203787,506.204179,372.7241900000001,-268.9687005,341.4689435,47.282023499999994,-129.5871325,109.78079550000001,92.1588445,-43.567522999999994,-41.46493099999999,-34.002891000000005
-192.184622,505.9271493333334,372.65749000000005,-268.8623655,341.379213,47.061775,-129.375574,109.6951775,91.6993755,-43.557525999999996,-41.45338299999999,-34.035075000000006
-192.16639633333332,505.6551776666667,372.59113133333335,-268.761158,341.29114549999997,46.8449235,-129.1731335,109.61084050000001,91.25015400000001,-43.54734300000001,-41.441967000000005,-34.067164000000005
-192.14914966666666,505.38822166666677,372.5250886666667,-268.66499450000003,341.20473549999997,46.6313825,-128.979683,109.52776399999999,90.8109375,-43.53696599999999,-41.430670000000006,-34.099181
-192.13291866666668,505.12623633333334,372.45933799999995,-268.5737905,341.11997399999996,46.42107,-128.79508950000002,109.445927,90.381488,-43.52639100000002,-41.419476,-34.131147999999996
-192.11773933333333,504.8691759999999,372.39385500000003,-268.487461,341.0368525,46.2139045,-128.6192185,109.36531099999999,89.96157,-43.51561699999999,-41.40836999999999,-34.16308600000001
-192.103647,504.61699300000004,372.32861766666673,-268.40592200000003,340.9553595,46.009807499999994,-128.45193,109.2858985,89.5509555,-43.504638,-41.397341,-34.19501299999999
-192.09067533333334,504.36963699999995,372.2636056666667,-268.32908899999995,340.87548400000003,45.808703,-128.2930835,109.2076705,89.1494175,-43.49345099999999,-41.386376999999996,-34.226946999999996
-192.0788563333333,504.1270586666667,372.198799,-268.25687700000003,340.797211,45.6105165,-128.14253349999998,109.13060999999999,88.756736,-43.48205499999999,-41.375466,-34.258904
-192.06822033333333,503.88920466666667,372.1341783333334,-268.1892025,340.720526,45.415175500000004,-128.000133,109.0547005,88.372695,-43.47044799999999,-41.364599,-34.29089599999999
-192.05879800000002,503.65602266666673,372.06972733333333,-268.125981,340.64541199999996,45.222612,-127.86573250000001,108.979926,87.9970835,-43.45862899999999,-41.35376400000001,-34.32293899999999
-192.050617,503.427457,372.0054283333334,-268.067129,340.57185100000004,45.032757000000004,-127.739181,108.90627049999999,87.6296955,-43.446596,-41.342952999999994,-34.355041
-192.04370399999996,503.2034513333333,371.9412666666667,-268.0125615,340.4998235,44.8455465,-127.62032350000001,108.8337185,87.2703295,-43.43434900000001,-41.332161,-34.387213
-192.03808566666666,502.9839493333334,371.877229,-267.9621965,340.429308,44.660917,-127.509006,108.7622535,86.9187905,-43.42188800000001,-41.32137700000001,-34.41946100000001
-192.03378533333333,502.768891,371.813302,-267.9159495,340.36028150000004,44.4788075,-127.4050705,108.691861,86.574888,-43.409215,-41.310598,-34.45179400000001
-192.03082666666668,502.5582166666666,371.7494733333333,-267.8737375,340.29272000000003,44.299161,-127.3083585,108.6225245,86.2384365,-43.39632899999998,-41.29981500000001,-34.48421499999999
-192.02923099999998,502.35186633333336,371.68573233333336,-267.835479,340.22659899999996,44.12192,-127.21870949999999,108.5542295,85.909256,-43.383233000000004,-41.289027000000004,-34.516729999999995
-192.02901899999998,502.14977733333336,371.6220706666666,-267.8010905,340.161889,43.9470315,-127.1359635,108.48695849999999,85.587173,-43.36992900000001,-41.278228999999996,-34.54933799999999
-192.030209,501.95188633333333,371.55847766666665,-267.7704905,340.098564,43.774443000000005,-127.059958,108.4206975,85.272016,-43.356418000000005,-41.267416999999995,-34.582042
-192.03282000000002,501.75812966666666,371.49494766666663,-267.74359749999996,340.0365925,43.604105000000004,-126.99053049999999,108.3554285,84.96362350000001,-43.342704999999995,-41.25658899999999,-34.614841
-192.036868,501.5684423333333,371.43147300000004,-267.7203305,339.97594449999997,43.43597,-126.927517,108.2911365,84.6618345,-43.32879200000001,-41.24574299999999,-34.647733
-192.04236799999998,501.382758,371.3680483333333,-267.700608,339.916587,43.269991999999995,-126.870755,108.22780300000001,84.36649750000001,-43.314682000000005,-41.234880000000004,-34.680715000000006
-192.04933366666668,501.20100933333333,371.30466866666666,-267.6843505,339.85848699999997,43.106127,-126.82007949999999,108.1654115,84.0774635,-43.300381,-41.223997,-34.71378499999999
-192.05777866666668,501.0231303333333,371.24133133333333,-267.671478,339.80160950000004,42.9443345,-126.7753265,108.10394500000001,83.794589,-43.28589100000001,-41.213098000000016,-34.74693400000001
-192.06771366666666,500.84905166666664,371.17803166666664,-267.6619115,339.745918,42.7845735,-126.736332,108.0433845,83.5177355,-43.27121799999999,-41.202180999999996,-34.780159
-192.07914866666667,500.67870366666665,371.1147693333333,-267.655572,339.691376,42.6268065,-126.7029325,107.9837115,83.2467705,-43.25636700000001,-41.19124900000001,-34.813451
-192.09209333333334,500.512017,371.05154266666665,-267.6523815,339.63794600000006,42.470996,-126.6749635,107.924907,82.981565,-43.241344999999995,-41.180306,-34.846802
-192.10655433333332,500.348921,370.9883503333333,-267.652263,339.585589,42.317108499999996,-126.652263,107.8669525,82.7219945,-43.226156,-41.169353,-34.88020300000001
-192.122539,500.1893453333333,370.9251933333333,-267.6551395,339.5342655,42.1651105,-126.634668,107.80982800000001,82.4679415,-43.210806000000005,-41.158394,-34.91364299999999
-192.140052,500.033217,370.862073,-267.6609335,339.483935,42.014970500000004,-126.6220165,107.753513,82.2192895,-43.19530300000001,-41.14743399999999,-34.947113
-192.159098,499.88046466666674,370.79899,-267.6695715,339.43455700000004,41.866658,-126.6141485,107.69798549999999,81.97592900000001,-43.179653000000016,-41.136477,-34.980598
-192.17967933333333,499.7310153333333,370.7359466666667,-267.680978,339.38609099999996,41.720144,-126.610904,107.6432265,81.7377525,-43.16386200000001,-41.125529000000014,-35.014089
-192.2017976666667,499.58479600000004,370.67294633333336,-267.6950785,339.3384935,41.575402,-126.612124,107.5892135,81.5046585,-43.147937999999996,-41.114593,-35.047568999999996
-192.22545399999998,499.44173333333333,370.609992,-267.711801,339.2917235,41.432405,-126.61765199999999,107.5359245,81.27654749999999,-43.13189,-41.103679,-35.081027
-192.25064766666665,499.3017526666667,370.54708733333337,-267.731072,339.24573799999996,41.2911285,-126.627332,107.4833375,81.0533245,-43.115724,-41.09279099999999,-35.11444699999999
-192.27737666666667,499.1647806666667,370.4842363333333,-267.7528195,339.20049500000005,41.1515475,-126.64101,107.4314305,80.8348985,-43.099447999999995,-41.081936999999996,-35.147815
-192.30563833333335,499.03074166666664,370.42144433333334,-267.7769745,339.155951,41.0136395,-126.65853249999999,107.38018,80.621181,-43.08307099999999,-41.071124,-35.181113999999994
-192.33542866666667,498.899562,370.3587156666667,-267.803466,339.1120645,40.877382000000004,-126.67974900000002,107.329564,80.4120865,-43.066602,-41.06036,-35.214329
-192.36674266666668,498.771166,370.29605599999996,-267.8322255,339.0687925,40.742753,-126.7045115,107.27955850000001,80.2075335,-43.05004699999999,-41.049651,-35.247443
-192.399574,498.64547899999997,370.2334703333333,-267.863186,339.0260925,40.609733,-126.73267200000001,107.230141,80.007441,-43.033418,-41.039007999999995,-35.28044
-192.43391600000004,498.52242466666667,370.17096499999997,-267.8962795,338.983924,40.478300499999996,-126.76408699999999,107.1812875,79.8117335,-43.016722,-41.028437,-35.313303
-192.4697603333333,498.40192900000005,370.10854500000005,-267.931441,338.9422445,40.3484375,-126.79861199999999,107.13297449999999,79.6203355,-42.99996800000001,-41.017949,-35.346014999999994
-192.507098,498.2839146666667,370.04621733333335,-267.968606,338.901013,40.220124,-126.83610900000001,107.08517950000001,79.4331755,-42.98316600000001,-41.00755099999999,-35.37855700000001
-192.545918,498.16830733333336,369.9839876666667,-268.0077115,338.86019050000004,40.093340500000004,-126.876439,107.037879,79.2501825,-42.966324,-40.997252,-35.41091300000001
-192.5862096666667,498.05503100000004,369.9218616666667,-268.048694,338.819737,39.96807,-126.9194665,106.9910495,79.07128800000001,-42.949453000000005,-40.987063000000006,-35.44306400000001
-192.62796166666666,497.94401066666666,369.85984633333334,-268.0914935,338.7796145,39.844294000000005,-126.96506,106.94466800000001,78.89642599999999,-42.93256000000001,-40.97698999999999,-35.474993999999995
-192.67116,497.83517,369.7979480000001,-268.13605,338.7397845,39.721994,-127.013088,106.898713,78.72553049999999,-42.915655999999984,-40.96704600000001,-35.506682999999995
-192.715791,497.72843366666666,369.73617199999995,-268.182305,338.70021099999997,39.6011525,-127.063425,106.85316,78.5585385,-42.89874999999999,-40.957238000000004,-35.538115
-192.76183933333334,497.62372733333336,369.6745246666667,-268.2302015,338.66085899999996,39.481752,-127.11594500000001,106.8079885,78.3953865,-42.881851999999995,-40.94757700000001,-35.569273
-192.80928966666667,497.52097466666663,369.613012,-268.279684,338.6216945,39.3637735,-127.1705285,106.7631765,78.236014,-42.864971,-40.93807100000001,-35.60013800000001
-192.8581253333333,497.4201013333333,369.55163899999997,-268.330698,338.58268350000003,39.2472005,-127.227056,106.7187025,78.0803595,-42.848116000000005,-40.92872899999999,-35.630693
-192.908329,497.3210326666667,369.49041200000005,-268.3831905,338.5437945,39.1320135,-127.285413,106.67454599999999,77.9283635,-42.83129600000001,-40.919562,-35.660923000000004
-192.959882,497.2236943333333,369.429336,-268.4371115,338.5049985,39.0181945,-127.34548649999999,106.6306865,77.779967,-42.814521,-40.910579,-35.690808000000004
-193.01276500000003,497.1280113333333,369.3684153333333,-268.492409,338.466266,38.9057255,-127.40716950000001,106.58710450000001,77.635111,-42.79780100000001,-40.901788999999994,-35.720334
-193.06695833333333,497.03391000000005,369.30765533333334,-268.549037,338.4275705,38.7945875,-127.47035500000001,106.5437815,77.49373800000001,-42.781144,-40.893198999999996,-35.749484
-193.12244133333334,496.94131699999997,369.24706033333337,-268.6069475,338.3888855,38.684761,-127.5349415,106.5006985,77.3557895,-42.764559000000006,-40.884821,-35.778243
-193.17919266666664,496.85015933333335,369.18663399999997,-268.6660965,338.350188,38.576226,-127.6008305,106.45783850000001,77.221209,-42.74805500000001,-40.876661,-35.806594
-193.23718999999997,496.7603636666666,369.12638,-268.72644,338.311456,38.468963,-127.66792699999999,106.4151835,77.089938,-42.73164200000001,-40.868729,-35.834523999999995
-193.29641033333334,496.6718573333333,369.0663016666667,-268.787937,338.2726685,38.362951,-127.73613950000001,106.3727195,76.96191999999999,-42.715327,-40.86103299999999,-35.862016
-193.3568306666667,496.5845696666667,369.0064013333333,-268.850547,338.233806,38.25817,-127.80537950000002,106.33042950000001,76.8370975,-42.69911900000001,-40.853581000000005,-35.889059
-193.41842599999998,496.49842766666666,368.9466823333333,-268.91423299999997,338.1948535,38.154596999999995,-127.875562,106.28829999999999,76.7154125,-42.683026,-40.84638199999999,-35.915639
-193.48117200000002,496.4133606666667,368.8871453333333,-268.97895800000003,338.15579449999996,38.0522115,-127.9466075,106.246317,76.5968085,-42.667057,-40.839442000000005,-35.941741
-193.545043,496.3292983333333,368.8277933333334,-269.0446875,338.11661549999997,37.95099,-128.0184385,106.20446799999999,76.4812275,-42.65121899999998,-40.832768,-35.967355000000005
-193.61001299999998,496.24617099999995,368.76862566666665,-269.1113885,338.077306,37.85091,-128.090981,106.162741,76.368612,-42.635519999999985,-40.826368,-35.99247
-193.67605533333335,496.16390866666666,368.7096443333333,-269.1790305,338.0378555,37.7519475,-128.164165,106.1211255,76.258904,-42.619968000000014,-40.820249000000004,-36.01707199999999
-193.74314266666667,496.08244233333335,368.65084866666666,-269.247585,337.99825599999997,37.654078999999996,-128.23792600000002,106.0796115,76.152045,-42.604568,-40.81441699999999,-36.041152000000004
-193.81124766666665,496.0017046666667,368.5922376666667,-269.317024,337.95850099999996,37.55728,-128.3121995,106.03819,76.047977,-42.589329000000006,-40.80887799999999,-36.064702
-193.880342,495.92162666666667,368.53381099999996,-269.3873215,337.918587,37.4615245,-128.3869285,105.99685199999999,75.9466415,-42.574257,-40.80363799999999,-36.087711000000006
-193.95039666666665,495.84214233333336,368.475568,-269.458455,337.87851049999995,37.366787,-128.46205700000002,105.955591,75.84798,-42.559358,-40.79870199999999,-36.11017
-194.02138266666665,495.7631853333333,368.4175046666667,-269.5304025,337.83826999999997,37.273042000000004,-128.537534,105.9144015,75.75193300000001,-42.544638000000006,-40.79407499999999,-36.132074
-194.093271,495.6846893333333,368.3596206666667,-269.603144,337.7978665,37.1802625,-128.613312,105.873276,75.6584415,-42.53010400000001,-40.789761999999996,-36.15341299999999
-194.166031,495.6065903333333,368.3019113333334,-269.67666099999997,337.75730250000004,37.088421499999995,-128.6893465,105.832212,75.5674475,-42.515759,-40.78576799999999,-36.174183
-194.23963233333333,495.52882266666666,368.2443743333333,-269.750938,337.716581,36.997491000000004,-128.7655975,105.79120499999999,75.4788895,-42.501611,-40.78209600000001,-36.194376999999996
-194.314045,495.45132433333333,368.187005,-269.825959,337.675707,36.907444,-128.842028,105.750252,75.3927095,-42.487662,-40.77874800000001,-36.21399100000001
-194.38923766666667,495.374032,368.1297993333333,-269.9017125,337.634687,36.818252,-128.918605,105.709351,75.3088475,-42.473918,-40.775732000000005,-36.233021
-194.46517833333334,495.296883,368.0727523333333,-269.9781865,337.593529,36.729887,-128.9952975,105.66850149999999,75.2272445,-42.46038300000001,-40.773047000000005,-36.251463
-194.54183666666668,495.219817,368.01585800000004,-270.0553715,337.55224150000004,36.6423185,-129.0720795,105.6277025,75.147842,-42.44705900000001,-40.770697,-36.269314
-194.61918,495.142773,367.959112,-270.1332605,337.5108355,36.555519,-129.14892700000001,105.58695449999999,75.0705795,-42.433952000000005,-40.768682999999996,-36.286573
-194.697176,495.0656916666667,367.90250666666674,-270.211846,337.4693215,36.4694585,-129.225821,105.5462585,74.995399,-42.421064,-40.76700899999999,-36.303236000000005
-194.77579333333333,494.9885136666667,367.84603666666663,-270.2911235,337.4277115,36.384108,-129.30274350000002,105.505616,74.922242,-42.40839700000001,-40.765674000000004,-36.319306000000005
-194.85499933333335,494.91118166666666,367.78969366666666,-270.37109050000004,337.386019,36.299437,-129.3796805,105.46503,74.8510495,-42.39595299999999,-40.76468199999999,-36.334781
-194.934761,494.833638,367.7334713333334,-270.4517445,337.34425799999997,36.2154175,-129.456622,105.42450199999999,74.7817645,-42.38373400000002,-40.764032,-36.34966099999999
-195.015046,494.755826,367.6773616666667,-270.533085,337.302443,36.1320185,-129.533559,105.3840375,74.71433,-42.37174399999999,-40.76372500000001,-36.363948
-195.095821,494.6776906666667,367.62135566666666,-270.6151135,337.260588,36.04921,-129.6104855,105.34364049999999,74.648689,-42.35998100000002,-40.763761,-36.377644000000004
-195.17705433333333,494.599177,367.56544699999995,-270.697831,337.21871,35.966964,-129.6873995,105.3033135,74.58478500000001,-42.34844700000001,-40.764140999999995,-36.390752000000006
-195.25871199999997,494.5202306666667,367.5096246666667,-270.78124149999996,337.176825,35.88525,-129.7643,105.2630635,74.52256349999999,-42.337142,-40.76486299999999,-36.403273
-195.340762,494.4407996666667,367.45388099999997,-270.8653485,337.1349485,35.8040385,-129.84118899999999,105.2228955,74.46197000000001,-42.326066,-40.765929,-36.415214000000006
-195.42317,494.36083133333335,367.3982066666667,-270.9501585,337.093097,35.7233015,-129.9180705,105.1828145,74.402951,-42.315219,-40.76733700000001,-36.42657599999999
-195.505905,494.28027433333335,367.3425926666667,-271.0356765,337.0512865,35.6430085,-129.9949515,105.14282750000001,74.3454545,-42.30459900000001,-40.769085000000004,-36.437365
-195.58893400000002,494.19907766666665,367.28702866666663,-271.1219105,337.0095345,35.5631325,-130.0718385,105.102941,74.289428,-42.294207,-40.77117200000001,-36.447586
-195.672223,494.1171933333333,367.23150533333336,-271.208868,336.96785650000004,35.4836445,-130.1487425,105.06316100000001,74.234822,-42.28403900000001,-40.77359800000001,-36.457243999999996
-195.75574066666664,494.03457099999997,367.17601233333335,-271.2965575,336.9262675,35.4045165,-130.225675,105.023494,74.1815875,-42.27409399999999,-40.77636000000001,-36.466347
-195.83945433333335,493.9511636666667,367.12054033333334,-271.3849875,336.884785,35.3257215,-130.3026485,104.9839485,74.1296765,-42.264369,-40.779456999999994,-36.474899
-195.92333166666666,493.86692366666665,367.06507899999997,-271.474169,336.84342200000003,35.2472325,-130.3796765,104.9445305,74.0790425,-42.254862999999986,-40.78288900000001,-36.48290900000001
-196.007341,493.78180533333335,367.009618,-271.564111,336.80219450000004,35.169023,-130.4567755,104.905247,74.0296405,-42.24557100000001,-40.786649999999995,-36.490383
-196.09145033333334,493.695763,366.954147,-271.6548235,336.761115,35.0910675,-130.5339615,104.8661065,73.981427,-42.236489000000006,-40.790741,-36.49733
-196.17562833333332,493.6087526666667,366.8986566666667,-271.74631750000003,336.7201965,35.0133395,-130.61125149999998,104.82711499999999,73.93436,-42.227614999999986,-40.795158,-36.503758
-196.25984400000002,493.52072999999996,366.8431363333334,-271.8386035,336.679451,34.935815500000004,-130.688663,104.78828,73.8883985,-42.21894400000001,-40.79990000000001,-36.50967300000001
-196.344066,493.4316523333334,366.78757566666667,-271.9316915,336.638889,34.8584705,-130.7662145,104.7496085,73.843504,-42.21047100000001,-40.804964999999996,-36.515086
-196.428264,493.341478,366.73196499999995,-272.025593,336.5985205,34.7812815,-130.8439245,104.7111075,73.79964,-42.202191,-40.810349,-36.520004
-196.51240800000002,493.25016533333337,366.6762943333333,-272.1203175,336.558354,34.704226500000004,-130.921811,104.6727845,73.75677,-42.19409799999998,-40.816051,-36.524438
-196.59646833333332,493.1576743333333,366.620554,-272.215875,336.518397,34.627282,-130.99989349999998,104.634645,73.7148605,-42.18618699999999,-40.822068,-36.528394999999996
-196.68041466666668,493.06396466666666,366.56473366666665,-272.3122755,336.478654,34.5504275,-131.0781895,104.59669600000001,73.6738805,-42.17845100000001,-40.82839800000001,-36.531887000000005
-196.764219,492.96899833333333,366.50882499999994,-272.4095265,336.439131,34.473643,-131.156717,104.5589435,73.633798,-42.17088399999999,-40.835038999999995,-36.534921999999995
-196.84785266666668,492.8727366666667,366.452818,-272.507639,336.3998295,34.396907999999996,-131.23549450000002,104.52139399999999,73.5945865,-42.16347900000001,-40.841988,-36.537511
-196.93128733333333,492.7751426666667,366.3967036666667,-272.606618,336.360752,34.3202035,-131.314538,104.484052,73.556219,-42.156228,-40.849244,-36.53966199999999
-197.01449566666665,492.67617966666666,366.34047366666664,-272.70647299999996,336.321897,34.243512,-131.3938635,104.446923,73.51867,-42.149123,-40.856804,-36.541385999999996
-197.09745133333334,492.5758116666666,366.2841186666667,-272.8072085,336.28326200000004,34.1668155,-131.4734865,104.4100115,73.48191800000001,-42.14215700000001,-40.864667,-36.542694
-197.180127,492.4740043333333,366.22763133333336,-272.9088305,336.24484299999995,34.090098,-131.55341950000002,104.373322,73.4459415,-42.135321000000005,-40.87282999999999,-36.543594999999996
-197.26249700000002,492.37072233333333,366.1710033333333,-273.011342,336.2066345,34.013344000000004,-131.6336765,104.336859,73.410721,-42.128607,-40.881292,-36.5441
-197.34453599999998,492.26593333333335,366.114227,-273.11474799999996,336.168629,33.936538,-131.714268,104.3006255,73.3762405,-42.122004000000004,-40.890051,-36.54421899999999
-197.4262196666667,492.159603,366.057296,-273.2190485,336.13081550000004,33.859666,-131.7952035,104.264624,73.342484,-42.11550500000001,-40.899106,-36.54396199999999
-197.50752433333335,492.0517,366.000202,-273.324245,336.093184,33.782716,-131.8764915,104.2288565,73.3094375,-42.109098999999986,-40.90845499999999,-36.543341
-197.58842566666667,491.94219300000003,365.94293966666663,-273.4303365,336.0557185,33.7056745,-131.958137,104.19332650000001,73.27709,-42.10277599999999,-40.918097,-36.542364
-197.66890133333334,491.8310503333333,365.8855026666667,-273.5373215,336.0184045,33.628531,-132.0401455,104.158034,73.245431,-42.096524999999986,-40.928032,-36.541044
-197.74892966666667,491.71824266666664,365.827885,-273.6451955,335.9812235,33.551275,-132.1225185,104.1229795,73.2144535,-42.09033500000001,-40.93825899999999,-36.53938900000001
-197.8284886666667,491.6037403333334,365.7700816666667,-273.753954,335.944156,33.4738955,-132.205257,104.08816300000001,73.1841485,-42.084196000000006,-40.948775999999995,-36.537411
-197.90755833333333,491.4875140000001,365.71208866666666,-273.86359,335.9071795,33.3963855,-132.288359,104.053584,73.15451350000001,-42.07809599999999,-40.95958400000001,-36.535118999999995
-197.986118,491.36953666666665,365.65390099999996,-273.9740955,335.87027,33.318735499999995,-132.37182,104.019241,73.1255445,-42.07202400000001,-40.970682,-36.532525
-198.06414966666668,491.24977999999993,365.595515,-274.085461,335.833401,33.240939499999996,-132.4556345,103.985132,73.0972395,-42.065967,-40.98207000000001,-36.529639
-198.14163399999998,491.12821733333334,365.53692699999993,-274.1976745,335.7965435,33.16299,-132.5397925,103.951254,73.06959900000001,-42.059912999999995,-40.993748,-36.52647
-198.21855366666668,491.00482200000005,365.4781346666667,-274.3107235,335.75966800000003,33.084883,-132.624284,103.917603,73.04262349999999,-42.05385,-41.00571600000001,-36.523028999999994
-198.294892,490.87956933333334,365.4191356666667,-274.424592,335.722742,33.006612499999996,-132.709095,103.8841745,73.016316,-42.047764,-41.01797500000001,-36.519328
-198.370632,490.7524336666667,365.3599283333333,-274.539265,335.6857295,32.9281755,-132.7942095,103.8509635,72.9906815,-42.04164300000001,-41.030525,-36.515375
-198.4457593333333,490.6233913333333,365.300511,-274.6547225,335.648595,32.849569,-132.87961,103.81796399999999,72.9657245,-42.035473999999994,-41.043368,-36.51118100000001
-198.52025966666668,490.492418,365.24088299999994,-274.77094650000004,335.61129900000003,32.770790500000004,-132.9652745,103.785168,72.941452,-42.029242999999994,-41.05650399999999,-36.50675799999999
-198.59411799999998,490.3594913333333,365.1810443333334,-274.88791449999997,335.573802,32.6918385,-133.0511805,103.7525675,72.91787149999999,-42.02293499999999,-41.06993299999999,-36.502112999999994
-198.66732299999998,490.224589,365.1209946666666,-275.005603,335.53606,32.6127135,-133.137302,103.7201545,72.8949925,-42.01653799999998,-41.083659,-36.497257
-198.73986233333335,490.0876886666667,365.06073633333335,-275.1239875,335.49802950000003,32.533415,-133.2236115,103.687918,72.87282400000001,-42.01003700000001,-41.09768,-36.492202000000006
-198.811724,489.94876999999997,365.00026933333334,-275.243041,335.459664,32.453944,-133.310078,103.65584799999999,72.8513775,-42.003416000000016,-41.11200000000001,-36.48695699999999
-198.88289799999998,489.807812,364.9395963333333,-275.362736,335.42091500000004,32.3743025,-133.3966685,103.6239315,72.8306645,-41.99666500000001,-41.126619000000005,-36.481533000000006
-198.95337433333336,489.6647953333333,364.8787193333333,-275.4830425,335.381733,32.294494,-133.4833485,103.592156,72.810698,-41.98976499999999,-41.141538,-36.47593799999999
-199.02314533333333,489.519701,364.8176416666667,-275.60393,335.3420665,32.214521,-133.570081,103.5605065,72.7914915,-41.982704,-41.156761,-36.470185
-199.09220266666668,489.37251,364.7563676666667,-275.7253655,335.301862,32.134388,-133.6568265,103.52896849999999,72.77305750000001,-41.975464999999986,-41.17228899999999,-36.464283
-199.1605383333333,489.22320599999995,364.6949006666667,-275.847315,335.26106500000003,32.054101,-133.7435425,103.4975255,72.755413,-41.968035000000015,-41.188123000000004,-36.458242
-199.2281476666667,489.0717706666667,364.63324566666665,-275.969744,335.21961999999996,31.973665,-133.830187,103.466159,72.7385715,-41.960398,-41.204266000000004,-36.452071000000004
-199.29502366666668,488.9181886666667,364.57140733333335,-276.092616,335.17746850000003,31.8930875,-133.916715,103.4348505,72.7225485,-41.95254000000001,-41.220719,-36.445783000000006
-199.36116233333334,488.7624436666667,364.5093923333334,-276.2158935,335.13455150000004,31.812375000000003,-134.003079,103.4035805,72.70736099999999,-41.944444000000004,-41.237483,-36.439386
-199.42656,488.60452200000003,364.447207,-276.339538,335.09080900000004,31.731537,-134.08923049999999,103.3723265,72.6930245,-41.93609699999999,-41.25456299999999,-36.432891
-199.49121333333332,488.4444086666667,364.3848576666667,-276.463511,335.04618,31.650582999999997,-134.1751205,103.34106700000001,72.6795565,-41.927482999999995,-41.271958,-36.426309
-199.55512066666665,488.2820916666667,364.32235233333336,-276.5877715,335.0006015,31.5695215,-134.2606965,103.3097765,72.6669725,-41.918589,-41.289671,-36.419649
-199.61828033333336,488.1175573333333,364.2596983333333,-276.7122795,334.95401000000004,31.4883645,-134.3459075,103.2784305,72.6552905,-41.909396999999984,-41.307703000000004,-36.412921
-199.68069033333336,487.950795,364.1969053333334,-276.8369925,334.906341,31.4071235,-134.430699,103.24700250000001,72.644527,-41.89989400000002,-41.326057000000006,-36.406136
-199.74235266666665,487.7817936666667,364.13398133333334,-276.96187000000003,334.85752849999994,31.325810999999998,-134.5150175,103.215464,72.6346985,-41.89006699999999,-41.344734,-36.399305
-199.803267,487.6105436666667,364.070936,-277.0868685,334.807508,31.2444405,-134.59880850000002,103.183785,72.625823,-41.879898999999995,-41.36373599999999,-36.392436
-199.86343566666665,487.437036,364.00777999999997,-277.2119465,334.75621049999995,31.1630265,-134.682015,103.15193500000001,72.61791600000001,-41.869378,-41.38306200000001,-36.385542
-199.92286033333335,487.2612626666667,363.94452299999995,-277.337061,334.70356949999996,31.0815835,-134.7645825,103.11988149999999,72.6109955,-41.858489000000006,-41.40271700000001,-36.37863099999999
-199.98154366666668,487.08321700000005,363.88117700000004,-277.462169,334.649517,31.0001285,-134.846455,103.08759,72.605076,-41.847217999999984,-41.422700000000006,-36.371714
-200.03949,486.90289299999995,363.81775266666665,-277.5872295,334.593984,30.918677499999998,-134.927576,103.0550255,72.600176,-41.83555399999999,-41.44301300000001,-36.3648
-200.09670366666668,486.72028466666666,363.75426300000004,-277.712199,334.5369025,30.837249,-135.00789,103.02215100000001,72.5963095,-41.82348200000001,-41.463654000000005,-36.357901000000005
-200.15318933333333,486.53538899999995,363.69071933333333,-277.837036,334.4782015,30.755860499999997,-135.087343,102.98892799999999,72.593493,-41.810990000000004,-41.484628,-36.35102400000001
-200.20895233333331,486.34820266666674,363.6271356666667,-277.9617,334.41781349999997,30.6745335,-135.1658785,102.9553165,72.591741,-41.798064999999994,-41.505931000000004,-36.344181999999996
-200.26399999999998,486.15872433333334,363.563525,-278.0861505,334.3556685,30.593287,-135.243444,102.9212745,72.591069,-41.784698000000006,-41.527567000000005,-36.337382
-200.318338,485.96695266666666,363.49990099999997,-278.2103475,334.291696,30.512143,-135.319986,102.8867595,72.5914905,-41.77087599999999,-41.549533,-36.33063500000001
-200.37197466666666,485.77288833333336,363.43627866666674,-278.334253,334.225828,30.431123999999997,-135.395454,102.851726,72.59302,-41.75658800000001,-41.571830000000006,-36.323949999999996
-200.42491699999997,485.57653266666665,363.3726716666667,-278.4578295,334.15799400000003,30.350253,-135.469797,102.816129,72.595671,-41.741826,-41.594458,-36.317336000000005
-200.47717433333332,485.37788933333337,363.309096,-278.58104000000003,334.0881255,30.269554,-135.542967,102.7799195,72.599455,-41.72657800000002,-41.61741500000001,-36.310802
-200.52875533333335,485.1769616666667,363.24556699999994,-278.703851,334.01615400000003,30.189053,-135.614918,102.743048,72.6043855,-41.710837999999995,-41.64070000000001,-36.304355
-200.57966933333333,484.97375600000004,363.18210100000005,-278.8262285,333.94201,30.1087755,-135.6856045,102.705465,72.61047400000001,-41.69459500000001,-41.664311999999995,-36.298006
-200.62992633333337,484.768278,363.118714,-278.9481415,333.86562749999996,30.028749,-135.754986,102.66711699999999,72.61773099999999,-41.67784399999999,-41.68825,-36.29176199999999
-200.679537,484.56053633333335,363.05542266666663,-279.0695595,333.78693699999997,29.949001000000003,-135.8230215,102.627951,72.626169,-41.660577,-41.712512000000004,-36.285630000000005
-200.72851166666666,484.35054066666663,362.992244,-279.1904555,333.7058735,29.869560999999997,-135.889674,102.58791049999999,72.6357965,-41.642790000000005,-41.737093,-36.279619
-200.77686233333336,484.138301,362.9291963333333,-279.310804,333.6223705,29.790459000000002,-135.95491149999998,102.54693900000001,72.6466235,-41.624476999999985,-41.761994,-36.273734999999995
-200.82459933333334,483.92383100000006,362.86629633333337,-279.4305815,333.53636300000005,29.711725,-136.018701,102.50497849999999,72.6586585,-41.605633999999995,-41.787209000000004,-36.267985
-200.8717353333333,483.7071429999999,362.80356266666666,-279.54976650000003,333.4477865,29.6333925,-136.081016,102.4619685,72.671911,-41.586258,-41.812737,-36.26237400000001
-200.918282,483.48825400000004,362.741014,-279.668341,333.356578,29.555493000000002,-136.1418325,102.417849,72.68638899999999,-41.56634699999999,-41.838573999999994,-36.256907999999996
-200.964252,483.26717933333333,362.6786686666666,-279.7862885,333.2626745,29.4780615,-136.20112999999998,102.3725555,72.7020985,-41.545897999999994,-41.864715000000004,-36.251593
-201.00965833333336,483.04393899999997,362.61654633333336,-279.9035965,333.166016,29.401131499999998,-136.2588925,102.3260265,72.7190475,-41.52491500000001,-41.89115699999999,-36.246433
