Sh_x,Sh_y,Sh_z,El_x,El_y,El_z,Wr_x,Wr_y,Wr_z,WrVec_x,WrVec_y,WrVec_z
-131.123427,634.3159973333333,304.9366373333333,-307.3799415,462.160762,15.076912,-124.46067550000001,239.92991800000001,40.412892,-49.10499499999999,-35.14716600000003,-44.67765
-131.03965033333336,634.2914953333334,304.99394266666667,-307.47531200000003,462.16474400000004,15.162838,-124.5703295,239.86136499999998,40.458335500000004,-49.11598699999999,-35.124176000000006,-44.687695
-130.957806,634.2720426666666,305.052248,-307.582633,462.1721575,15.260902999999999,-124.6829765,239.80505649999998,40.539593,-49.124859,-35.10743899999997,-44.696096
-130.87789366666667,634.257627,305.111607,-307.701837,462.182538,15.371561000000002,-124.7980215,239.76126649999998,40.657593,-49.13140499999999,-35.097115,-44.702878
-130.799908,634.2482349999999,305.1720716666667,-307.83284849999995,462.19542750000005,15.4952635,-124.9148865,239.73026950000002,40.813239499999995,-49.135423,-35.093355,-44.708071
-130.723841,634.24385,305.233697,-307.9755865,462.21037449999994,15.632454,-125.0330105,239.7123365,41.007416,-49.13671100000002,-35.096303000000006,-44.711698
-130.649683,634.2444546666667,305.296535,-308.1299645,462.226937,15.783572499999998,-125.151849,239.707741,41.240977,-49.135071999999994,-35.10609199999999,-44.713787999999994
-130.57741833333333,634.2500286666667,305.3606383333333,-308.295889,462.244679,15.949051,-125.27087549999999,239.7167515,41.514753999999996,-49.130307,-35.12284699999998,-44.714362
-130.50703066666668,634.2605503333333,305.426059,-308.47326250000003,462.2631755,16.1293145,-125.389583,239.7396385,41.829548,-49.122221999999994,-35.14668099999997,-44.713446000000005
-130.43849799999998,634.2759966666667,305.49284833333337,-308.66197850000003,462.28200849999996,16.324779499999998,-125.5074815,239.77667,42.186135500000006,-49.110623000000004,-35.177704000000006,-44.711063
-130.37179733333335,634.2963420000001,305.56105766666667,-308.86192700000004,462.3007725,16.535856,-125.6241015,239.82811250000003,42.58526,-49.095321,-35.21601100000001,-44.70723199999999
-130.30690166666668,634.3215610000001,305.6307376666667,-309.072991,462.31907149999995,16.762943,-125.7389905,239.8942315,43.027636,-49.076128999999995,-35.26168900000002,-44.701978
-130.24378166666668,634.3516250000001,305.7019373333333,-309.29504899999995,462.3365185,17.006433,-125.8517185,239.9752915,43.5139475,-49.05286100000001,-35.314819,-44.695316999999996
-130.18240400000002,634.386505,305.7747053333333,-309.527973,462.35274200000003,17.2667045,-125.961873,240.071554,44.044843,-49.02533800000002,-35.37547200000003,-44.687267999999996
-130.122733,634.4261706666666,305.849089,-309.7716295,462.3673775,17.544129,-126.0690615,240.18327949999997,44.6209415,-48.993381,-35.443704999999994,-44.67784900000001
-130.06473066666666,634.4705909999999,305.925135,-310.0258795,462.3800765,17.8390655,-126.17291349999999,240.31072699999999,45.242824999999996,-48.95681499999999,-35.51957200000001,-44.667076
-130.00835633333335,634.5197320000001,306.00288900000004,-310.290579,462.3905,18.151862,-126.273077,240.45415150000002,45.911041499999996,-48.91546799999999,-35.60311500000003,-44.654963
-129.95356633333333,634.573561,306.08239433333335,-310.5655775,462.398324,18.482854,-126.36922,240.613808,46.626101999999996,-48.86917600000001,-35.69436799999997,-44.641521999999995
-129.90031366666668,634.6320426666667,306.16369433333335,-310.850719,462.403236,18.8323645,-126.4610325,240.78994799999998,47.388481999999996,-48.81777300000002,-35.79335599999999,-44.626768
-129.848552,634.695142,306.24682966666666,-311.1458455,462.404937,19.2007045,-126.548224,240.982819,48.1986185,-48.76110200000001,-35.90009599999999,-44.610707000000005
-129.798229,634.762822,306.33184066666666,-311.450789,462.403142,19.5881695,-126.63052250000001,241.19266750000003,49.0569105,-48.69900700000001,-36.014595000000014,-44.59335300000001
-129.749292,634.835046,306.41876500000006,-311.76538,462.39758,19.9950445,-126.70768,241.4197355,49.963718,-48.631338,-36.13685099999998,-44.574707999999994
-129.70168666666666,634.911776,306.507639,-312.08944199999996,462.3879925,20.421597,-126.77946599999999,241.6642615,50.919361,-48.55794999999999,-36.26685699999999,-44.554782
-129.65535599999998,634.9929736666667,306.598498,-312.42279399999995,462.37413649999996,20.86808,-126.84566949999999,241.92648150000002,51.924119499999996,-48.47870099999999,-36.404593000000006,-44.533576999999994
-129.610241,635.078599,306.691374,-312.7652505,462.35578250000003,21.3347335,-126.906101,242.20662500000003,52.9782335,-48.393456000000015,-36.55003400000001,-44.51109700000001
-129.56628166666667,635.1686133333334,306.7862986666667,-313.11662,462.3327145,21.8217795,-126.96059100000001,242.5049205,54.0818995,-48.30208400000001,-36.703147,-44.487341
-129.52341566666666,635.2629766666666,306.8833006666667,-313.47670800000003,462.304732,22.329425,-127.008988,242.82158950000002,55.235274000000004,-48.20445800000002,-36.863889,-44.46231
-129.48158,635.3616476666666,306.98240733333336,-313.84531300000003,462.27164849999997,22.857861,-127.05116050000001,243.15684900000002,56.438470499999994,-48.100457000000006,-37.03220999999999,-44.436001
-129.440709,635.4645863333334,307.08364266666666,-314.22223099999997,462.233291,23.407259999999997,-127.0869955,243.510911,57.691559999999996,-47.98996699999999,-37.208054000000004,-44.408409999999996
-129.40073766666669,635.5717506666666,307.18703,-314.60725249999996,462.18950199999995,23.9777795,-127.1163995,243.8839825,58.994571,-47.87287900000001,-37.391357,-44.37953
-129.36159733333332,635.6830996666667,307.29258933333335,-315.000163,462.140138,24.569557500000002,-127.1392975,244.27626350000003,60.3474875,-47.74908700000002,-37.58204500000002,-44.349355
-129.32322166666665,635.7985910000001,307.40033866666664,-315.4007445,462.08506850000003,25.1827155,-127.155631,244.6879485,61.750251,-47.618494,-37.78004099999998,-44.317874
-129.28554066666666,635.918182,307.5102943333333,-315.8087745,462.0241795,25.817356,-127.16536,245.1192255,63.202759,-47.481008,-37.985258999999985,-44.285078
-129.24848533333332,636.0418316666666,307.62246899999997,-316.224026,461.957368,26.473563999999996,-127.1684625,245.5702755,64.7048655,-47.33654100000001,-38.197607000000005,-44.250953
-129.211985,636.1694953333334,307.73687433333333,-316.64626899999996,461.884548,27.151404,-127.16493349999999,246.04127200000002,66.2563795,-47.18501500000001,-38.416984000000014,-44.215483
-129.175969,636.301132,307.853518,-317.0752675,461.80564649999997,27.850923499999997,-127.154782,246.53238149999999,67.8570675,-47.026354,-38.64328699999999,-44.17865499999999
-129.14036633333333,636.4366973333334,307.97240600000003,-317.5107835,461.7206015,28.572149000000003,-127.138037,247.0437625,69.506651,-46.86049200000001,-38.876405000000005,-44.140446000000004
-129.105107,636.5761493333333,308.0935416666667,-317.952575,461.62936850000006,29.3150885,-127.11473900000001,247.57556399999999,71.204808,-46.68736600000001,-39.116217999999975,-44.100842
-129.07011866666667,636.7194426666666,308.21692533333334,-318.400396,461.5319135,30.079730000000005,-127.0849455,248.127929,72.951173,-46.506922999999986,-39.362606,-44.059816000000005
-129.035331,636.8665353333332,308.34255566666667,-318.8539965,461.428217,30.866040999999996,-127.04873,248.700988,74.745337,-46.31911400000001,-39.61544000000001,-44.017348000000005
-129.00067333333334,637.017383,308.470427,-319.3131245,461.318271,31.673971,-127.00617700000001,249.294866,76.58684650000001,-46.123896,-39.87458600000002,-43.973411000000006
-128.96607500000002,637.171942,308.600533,-319.77752399999997,461.202082,32.5034455,-126.9573865,249.909675,78.4752075,-45.92123699999999,-40.139905999999996,-43.92797899999999
-128.93146633333333,637.3301673333334,308.732863,-320.246936,461.079667,33.3543735,-126.902472,250.54552,80.4098815,-45.711107999999996,-40.411258000000004,-43.881024999999994
-128.89677866666668,637.4920156666666,308.867404,-320.721099,460.951056,34.2266415,-126.841557,251.202493,82.390287,-45.493486000000004,-40.688492,-43.832516
-128.861943,637.6574420000001,309.0041396666666,-321.199748,460.81629150000003,35.120116,-126.7747805,251.880678,84.415803,-45.268359000000004,-40.971457999999984,-43.782422
-128.82689133333335,637.826402,309.14305299999995,-321.6826165,460.67542549999996,36.034642,-126.7022895,252.58014550000001,86.48576600000001,-45.035718999999986,-41.25999900000002,-43.73071
-128.79155833333334,637.99885,309.28412133333336,-322.16943549999996,460.52852399999995,36.970045,-126.624243,253.3009565,88.59947149999999,-44.79556600000001,-41.553957000000025,-43.67734299999999
-128.75587833333333,638.1747413333334,309.42732166666667,-322.65993249999997,460.37566100000004,37.926129499999995,-126.54081149999999,254.04316,90.756175,-44.547906999999995,-41.85316599999999,-43.622286
-128.71978666666666,638.3540303333334,309.5726266666667,-323.153835,460.2169235,38.902679,-126.45217349999999,254.80679299999997,92.9550935,-44.292754999999985,-42.15746199999998,-43.565501
-128.68322133333334,638.5366716666667,309.7200066666667,-323.650867,460.052407,39.8994565,-126.358517,255.5918815,95.195403,-44.03013399999999,-42.466673000000014,-43.506947999999994
-128.64612033333333,638.722619,309.869429,-324.15075249999995,459.8822175,40.916206,-126.260039,256.3984365,97.47624350000001,-43.76007,-42.78062699999998,-43.44658700000001
-128.60842433333332,638.9118269999999,310.0208586666667,-324.6532125,459.7064715,41.9526475,-126.15694350000001,257.226459,99.796718,-43.48259900000001,-43.09914999999998,-43.38437400000001
-128.57007633333333,639.1042476666668,310.174258,-325.157968,459.5252945,43.0084855,-126.0494425,258.075937,102.1558905,-43.197765000000004,-43.42206200000001,-43.320267
-128.53101866666665,639.2998346666667,310.32958633333334,-325.6647385,459.338819,44.083399,-125.93775399999998,258.9468435,104.55279300000001,-42.90561799999999,-43.74918500000001,-43.25421999999999
-128.491198,639.4985406666666,310.48679999999996,-326.1732425,459.14718849999997,45.177051999999996,-125.822103,259.83914,106.9864195,-42.60621400000001,-44.08033799999998,-43.18618699999999
-128.45056300000002,639.7003183333333,310.6458526666667,-326.6831995,458.9505525,46.2890855,-125.702719,260.752774,109.455733,-42.299620000000004,-44.415335999999996,-43.116119999999995
-128.40906166666664,639.9051193333333,310.80669566666666,-327.194327,458.74906999999996,47.4191225,-125.5798375,261.6876795,111.9596635,-41.985907,-44.753995,-43.043971
-128.36664700000003,640.112894,310.969278,-327.706344,458.54290649999996,48.566765,-125.453697,262.643777,114.497108,-41.66515399999999,-45.09612800000002,-42.96969
-128.323274,640.3235953333333,311.13354533333336,-328.21896749999996,458.3322355,49.7315985,-125.32454100000001,263.620971,117.066934,-41.337450000000004,-45.44155000000001,-42.893225999999984
-128.27889866666666,640.5371719999999,311.2994416666666,-328.7319175,458.1172345,50.913188000000005,-125.19261550000002,264.6191555,119.6679805,-41.002885000000006,-45.79007299999998,-42.814527
-128.23347933333332,640.753575,311.46690800000005,-329.244914,457.898091,52.11108,-125.05816949999999,265.6382075,122.299057,-40.66156299999999,-46.14150699999999,-42.733542
-128.18697899999998,640.9727526666666,311.6358823333333,-329.75767699999994,457.67499599999996,53.3248045,-124.9214535,266.67799049999996,124.958947,-40.313591,-46.495664999999974,-42.65021399999999
-128.139361,641.1946553333333,311.80630133333335,-330.269929,457.4481465,54.553873499999995,-124.78272,267.7383535,127.646408,-39.95908399999999,-46.85235900000001,-42.564492
-128.09059166666668,641.41923,311.978099,-330.78139250000004,457.2177435,55.7977795,-124.642222,268.8191325,130.360173,-39.598166000000006,-47.21139899999997,-42.47632
-128.04064100000002,641.6464246666666,312.15120633333333,-331.291794,456.983995,57.0560025,-124.5002135,269.92014700000004,133.0989515,-39.23096500000001,-47.57259800000003,-42.38564100000001
-127.989481,641.8761866666667,312.32555333333335,-331.8008605,456.747112,58.328002500000004,-124.35694699999999,271.0412035,135.861432,-38.85761799999999,-47.93576700000003,-42.292398000000006
-127.93708633333331,642.1084623333334,312.5010683333333,-332.30832050000004,456.5073095,59.613226,-124.2126765,272.182093,138.64628199999999,-38.47826699999999,-48.300719999999984,-42.19653600000001
-127.88343433333334,642.3431973333334,312.67767499999997,-332.81390799999997,456.2648065,60.911103499999996,-124.06765299999999,273.3425935,141.45215050000002,-38.093064,-48.66727099999997,-42.09799699999999
-127.82850533333333,642.580336,312.855298,-333.317357,456.01982499999997,62.221051,-123.922127,274.522467,144.2776665,-37.702166000000005,-49.03523599999997,-41.996723
-127.77228233333334,642.8198236666667,313.03385833333334,-333.8184065,455.7725895,63.5424715,-123.7763465,275.721462,147.121446,-37.305735,-49.404431999999986,-41.89265599999999
-127.71475200000002,643.0616036666667,313.21327533333334,-334.31679699999995,455.5233275,64.874752,-123.6305555,276.93931249999997,149.9820885,-36.903941,-49.77467299999998,-41.78573699999998
-127.65590233333334,643.3056186666668,313.3934686666667,-334.8122755,455.2722695,66.2172695,-123.48499849999999,278.175739,152.8581785,-36.496960999999985,-50.145782,-41.67590899999999
-127.59572633333335,643.5518116666667,313.5743526666667,-335.30458999999996,455.01964499999997,67.5693875,-123.33991300000001,279.430446,155.7482915,-36.08497800000001,-50.51757999999998,-41.56311299999999
-127.53421700000001,643.8001236666668,313.7558443333333,-335.793495,454.7656885,68.9304575,-123.19553400000001,280.7031265,158.65098899999998,-35.66818000000001,-50.88988900000001,-41.44728999999998
-127.47137233333332,644.050495,313.93785533333335,-336.2787475,454.5106325,70.299822,-123.05209250000001,281.99345800000003,161.56482699999998,-35.24676100000001,-51.26253600000001,-41.328384
-127.407193,644.3028666666668,314.1203,-336.7601115,454.2547125,71.6768115,-122.90981500000001,283.3011055,164.48835150000002,-34.820924000000005,-51.635347000000024,-41.206333
-127.34168266666666,644.557177,314.30308766666667,-337.237353,453.99816250000003,73.060748,-122.768921,284.6257185,167.42010249999998,-34.39087400000001,-52.00815299999999,-41.08108300000001
-127.27484633333331,644.813366,314.48613,-337.710246,453.74121849999995,74.450946,-122.629628,285.96693600000003,170.35861549999998,-33.95682399999998,-52.380786,-40.952574999999996
-127.20669266666668,645.0713703333333,314.66933466666666,-338.1785685,453.484115,75.8467105,-122.492144,287.324381,173.302424,-33.51899000000002,-52.753082000000006,-40.82075400000002
-127.13723333333333,645.3311269999999,314.8526106666667,-338.64210449999996,453.22708550000004,77.2473405,-122.356674,288.69766500000003,176.250059,-33.077596000000014,-53.124878000000024,-40.685562000000004
-127.06648366666666,645.5925733333333,315.035865,-339.100645,452.970365,78.6521275,-122.2234145,290.0863875,179.2000505,-32.632869,-53.496015,-40.546944999999994
-126.994459,645.8556446666666,315.2190053333333,-339.553985,452.7141835,80.0603595,-122.0925565,291.49013449999995,182.1509315,-32.18504300000001,-53.86633699999999,-40.404848999999984
-126.92118,646.120276,315.4019373333333,-340.00192649999997,452.458774,81.4713185,-121.964283,292.9084805,185.10123549999997,-31.734353999999996,-54.235690999999974,-40.259219
-126.84666866666667,646.386402,315.5845673333333,-340.44428,452.2043635,82.88428350000001,-121.8387725,294.340987,188.0495025,-31.281045000000006,-54.603926,-40.110005
-126.77094933333335,646.653956,315.766801,-340.88086150000004,451.95118049999996,84.2985295,-121.7161925,295.787204,190.9942765,-30.825361,-54.97089599999998,-39.95715299999998
-126.69404933333333,646.9228716666667,315.9485443333333,-341.311492,451.699449,85.713331,-121.5967045,297.246672,193.9341105,-30.367553000000015,-55.33645799999999,-39.80061499999999
-126.615999,647.1930813333333,316.1297016666667,-341.73600350000004,451.4493915,87.127959,-121.48046350000001,298.718918,196.86756400000002,-29.907875000000004,-55.700469999999996,-39.640342000000004
-126.53682933333334,647.4645163333333,316.31018066666667,-342.154232,451.20122749999996,88.54168700000001,-121.3676145,300.20345999999995,199.7932085,-29.44658299999999,-56.06279599999999,-39.476286999999985
-126.45657533333333,647.737109,316.4898856666667,-342.566023,450.9551725,89.9537875,-121.258295,301.699804,202.70962500000002,-28.983942000000013,-56.42330399999997,-39.30840600000002
-126.37527299999999,648.0107893333334,316.668724,-342.97122850000005,450.71144,91.36353349999999,-121.152635,303.207447,205.6154085,-28.520212000000015,-56.78186200000005,-39.136653000000024
-126.29296133333332,648.285488,316.8466023333333,-343.369709,450.470239,92.77020200000001,-121.05075500000001,304.72587550000003,208.5091685,-28.055661999999998,-57.138345000000015,-38.96098700000002
-126.20968066666667,648.5611353333333,317.0234273333333,-343.76133300000004,450.23177599999997,94.17307100000001,-120.95276750000001,306.2545675,211.38952849999998,-27.590561000000008,-57.49263099999996,-38.78136900000001
-126.125473,648.83766,317.1991083333333,-344.145976,449.99625249999997,95.571425,-120.858777,307.79299100000003,214.2551315,-27.125181999999995,-57.84459799999996,-38.59776099999999
-126.040384,649.1149916666667,317.373554,-344.5235225,449.763866,96.9645515,-120.7688785,309.340606,217.104635,-26.65979700000001,-58.19413400000002,-38.410127999999986
-125.95445933333333,649.3930586666667,317.54667466666666,-344.8938645,449.53481,98.3517445,-120.68315849999999,310.8968625,219.9367195,-26.194684999999993,-58.541124999999965,-38.218435
-125.86774666666666,649.67179,317.7183813333333,-345.2569035,449.3092735,99.7323035,-120.60169450000001,312.46120399999995,222.750085,-25.73012100000001,-58.88546400000001,-38.02265200000002
-125.78029533333334,649.951113,317.888587,-345.6125485,449.087441,101.105537,-120.52455749999999,314.0330665,225.5434515,-25.266385,-59.22704500000003,-37.82275099999998
-125.692157,650.2309556666667,318.057205,-345.9607175,448.8694905,102.4707595,-120.45180599999999,315.61187800000005,228.3155655,-24.803755999999993,-59.56576799999999,-37.618705000000006
-125.60338366666667,650.5112463333334,318.22415099999995,-346.301335,448.655597,103.8272975,-120.38349300000002,317.1970595,231.06519450000002,-24.342516000000003,-59.901535000000024,-37.410493
-125.514029,650.791912,318.38934166666667,-346.6343375,448.44592950000003,105.17448350000001,-120.3196615,318.788027,233.7911345,-23.882944999999992,-60.23425199999997,-37.198093
-125.42414733333334,651.0728796666666,318.552696,-346.9596665,448.24065199999995,106.511665,-120.260347,320.38418750000005,236.4922065,-23.42532399999999,-60.563829,-36.98148699999999
-125.33379500000001,651.3540773333333,318.714135,-347.27727400000003,448.0399225,107.8381975,-120.205574,321.984945,239.167258,-22.969933999999995,-60.89017999999999,-36.760662000000025
-125.24302866666669,651.6354326666666,318.87358033333334,-347.5871205,447.8438935,109.153449,-120.155362,323.5896975,241.81516699999997,-22.51705600000001,-61.21321899999998,-36.535606
-125.15190633333333,651.9168723333333,319.03095766666667,-347.88917449999997,447.6527125,110.4568025,-120.1097195,325.197838,244.4348405,-22.066969,-61.53287,-36.30630899999997
-125.06048533333335,652.1983240000001,319.1861926666666,-348.183412,447.4665205,111.74765350000001,-120.068648,326.80875449999996,247.0252165,-21.619953999999993,-61.84905299999997,-36.072768999999994
-124.96882566666666,652.4797156666667,319.33921533333336,-348.46981949999997,447.2854535,113.0254105,-120.032141,328.4218335,249.585263,-21.176286000000005,-62.161697000000004,-35.83498199999997
-124.87698699999999,652.7609743333334,319.4899563333333,-348.74839,447.109639,114.2894995,-120.00018349999999,330.0364535,252.11398200000002,-20.736240999999993,-62.470731,-35.59294800000001
-124.78502866666668,653.0420283333333,319.63835,-349.0191255,446.939202,115.5393605,-119.97275300000001,331.651994,254.610409,-20.300094000000016,-62.776089999999954,-35.34667400000001
-124.69301066666667,653.3228063333333,319.78433333333334,-349.2820365,446.77425949999997,116.7744505,-119.9498195,333.2678305,257.073612,-19.868117000000012,-63.07770900000003,-35.09616799999998
-124.60099466666667,653.6032363333334,319.9278443333333,-349.53714049999996,446.6149205,117.99424400000001,-119.93134549999999,334.883336,259.50269549999996,-19.440579,-63.375530000000026,-34.841440999999975
-124.50904000000001,653.883248,320.06882533333334,-349.7844635,446.46129099999996,119.1982325,-119.9172865,336.4978815,261.89679750000005,-19.017747000000014,-63.66949299999999,-34.582509000000016
-124.41720766666667,654.1627693333334,320.20722099999995,-350.02404,446.313468,120.38592549999998,-119.907591,338.110838,264.255094,-18.59988199999998,-63.959546000000046,-34.319387999999975
-124.32555833333333,654.4417316666668,320.3429793333333,-350.2559105,446.17154400000004,121.556851,-119.9022,339.7215745,266.5767975,-18.187246000000002,-64.24563700000004,-34.05210299999999
-124.23415133333333,654.7200646666666,320.47604966666665,-350.4801255,446.0356025,122.71055750000001,-119.901049,341.3294605,268.861158,-17.780096000000015,-64.52771899999999,-33.780677999999966
-124.14304733333334,654.997699,320.606387,-350.69674,445.905724,123.84661299999999,-119.9040655,342.93386399999997,271.1074635,-17.37868300000001,-64.80574600000006,-33.505142999999975
-124.052305,655.2745663333334,320.73394733333333,-350.90581799999995,445.7819785,124.9646055,-119.911173,344.53415700000005,273.31503999999995,-16.983254000000017,-65.07967400000001,-33.22552999999999
-123.96198333333332,655.550599,320.85869,-351.10743,445.6644315,126.0641415,-119.922287,346.129709,275.483253,-16.594054,-65.349466,-32.941877999999974
-123.872141,655.8257296666667,320.98057900000003,-351.30165350000004,445.553142,127.14485350000001,-119.9373195,347.7198945,277.6115075,-16.211322999999993,-65.61508300000003,-32.654223
-123.78283433333333,656.0998916666667,321.09957966666667,-351.4885725,445.4481605,128.206391,-119.956175,349.304088,279.6992485,-15.83529200000001,-65.87648999999999,-32.362611000000015
-123.694121,656.3730193333333,321.2156626666667,-351.668276,445.349533,129.2484275,-119.97875450000001,350.8816675,281.7459605,-15.466190999999995,-66.13365699999997,-32.06708699999996
-123.60605600000001,656.6450476666666,321.3287996666666,-351.840862,445.257297,130.270658,-120.0049535,352.4520145,283.7511695,-15.104242999999997,-66.386551,-31.767702999999983
-123.51869466666666,656.9159129999999,321.4389673333333,-352.00643149999996,445.17148299999997,131.2728015,-120.034663,354.0145135,285.7144405,-14.74966400000001,-66.63514900000001,-31.46451099999996
-123.43208966666668,657.1855513333334,321.5461463333333,-352.16509299999996,445.09211700000003,132.254596,-120.0677685,355.5685555,287.6353815,-14.402665000000013,-66.87942299999997,-31.157568999999967
-123.34629366666667,657.453902,321.65031833333336,-352.31696,445.0192145,133.21580649999999,-120.10415449999999,357.11353399999996,289.5136395,-14.063451,-67.11935199999999,-30.846937000000025
-123.26135833333332,657.7209016666667,321.75146966666665,-352.4621515,444.952787,134.15622,-120.143699,358.64885,291.348905,-13.732218000000003,-67.354916,-30.532678000000033
-123.17733266666666,657.9864913333334,321.849592,-352.6007895,444.8928375,135.0756445,-120.18627749999999,360.1739085,293.1409075,-13.409159000000002,-67.586095,-30.214856999999995
-123.09426633333334,658.2506109999999,321.94467733333335,-352.733002,444.8393635,135.9739155,-120.2317615,361.68812349999996,294.88941850000003,-13.094456999999991,-67.81287500000002,-29.89354499999996
-123.01220466666666,658.5132036666666,322.03672266666666,-352.858922,444.7923545,136.8508885,-120.2800215,363.190915,296.5942515,-12.788286999999997,-68.03523999999999,-29.568812999999977
-122.931194,658.77421,322.12572866666665,-352.97868600000004,444.75179349999996,137.706444,-120.33092350000001,364.6817115,298.255261,-12.490820999999997,-68.25318100000004,-29.240736000000027
-122.85127766666666,659.0335756666667,322.21169833333335,-353.09243349999997,444.7176555,138.5404865,-120.384332,366.15995,299.872341,-12.202217999999988,-68.46668600000004,-28.909392000000025
-122.772498,659.2912453333333,322.2946396666667,-353.20030799999995,444.6899105,139.35294349999998,-120.44011,367.6250755,301.445428,-11.922632000000007,-68.675747,-28.57486
-122.69489499999999,659.5471650000001,322.37456233333336,-353.302457,444.66852,140.1437675,-120.4981165,369.076544,302.9744985,-11.652209,-68.880358,-28.237221000000034
-122.61850833333334,659.8012819999999,322.45148033333334,-353.3990285,444.6534385,140.912932,-120.558212,370.5138215,304.4595705,-11.391084000000006,-69.08051699999999,-27.896563000000015
-122.54337300000002,660.0535446666667,322.525411,-353.49017649999996,444.644615,141.660436,-120.6202535,371.936385,305.90069900000003,-11.139388999999994,-69.27622000000002,-27.552970000000016
-122.46952566666666,660.303904,322.5963746666667,-353.5760545,444.6419915,142.3863015,-120.684099,373.34372299999995,307.2979835,-10.897239999999996,-69.467466,-27.206530999999984
-122.39699866666666,660.5523103333334,322.664395,-353.656819,444.6455015,143.090573,-120.7496035,374.73533599999996,308.651559,-10.66475100000001,-69.65425799999997,-26.857335999999975
-122.32582233333333,660.7987156666667,322.72949866666664,-353.732628,444.6550725,143.77331850000002,-120.81662399999999,376.11073799999997,309.96160150000003,-10.442021999999994,-69.83659800000004,-26.505476999999985
-122.25602666666667,661.0430743333333,322.79171633333334,-353.80364099999997,444.67062599999997,144.4346285,-120.88501500000001,377.46945600000004,311.2283245,-10.229147999999995,-70.01449199999996,-26.151049
-122.18763899999999,661.2853406666667,322.851081,-353.8700185,444.692076,145.0746165,-120.954633,378.8110305,312.45198,-10.026212000000001,-70.18794500000001,-25.794141999999965
-122.12068366666665,661.5254713333334,322.907628,-353.931922,444.71932949999996,145.693417,-121.0253345,380.13501799999995,313.6328575,-9.833287000000013,-70.356966,-25.434856999999965
-122.05518433333333,661.763424,322.96139666666664,-353.98951250000005,444.75228749999997,146.291188,-121.0969755,381.440989,314.77128300000004,-9.650441,-70.52156400000001,-25.07328799999999
-121.99116099999999,661.9991576666667,323.01242933333333,-354.042953,444.7908445,146.8681075,-121.16941449999999,382.72853050000003,315.867619,-9.477728999999997,-70.68175300000001,-24.709531999999967
-121.92863366666666,662.2326323333333,323.0607703333333,-354.092405,444.8348875,147.4243755,-121.24250950000001,383.99724549999996,316.9222635,-9.315195000000003,-70.83754500000003,-24.34368699999999
-121.86761933333332,662.4638096666667,323.1064676666667,-354.13803,444.8842985,147.96021199999998,-121.31612150000001,385.2467555,317.9356495,-9.16287899999999,-70.98895500000003,-23.97585300000003
-121.80813233333333,662.6926536666666,323.1495713333333,-354.179988,444.93895150000003,148.47585800000002,-121.39011099999999,386.4766975,318.90824399999997,-9.020806000000007,-71.13599899999997,-23.606127999999956
-121.75018466666667,662.919128,323.19013333333334,-354.218439,444.998715,148.971575,-121.4643425,387.686727,319.84054649999996,-8.888991000000004,-71.27869600000002,-23.23461100000003
-121.69378766666667,663.1431986666666,323.2282093333333,-354.2535425,445.063452,149.447641,-121.5386805,388.87652,320.73309,-8.76744500000001,-71.41706600000003,-22.861400000000003
-121.63895033333334,663.364833,323.2638566666667,-354.2854555,445.133018,149.904356,-121.6129935,390.0457695,321.5864385,-8.656162999999992,-71.551131,-22.486595000000023
-121.58567833333332,663.5839996666667,323.29713499999997,-354.31433200000004,445.207264,150.342036,-121.6871505,391.1941885,322.401187,-8.555132999999998,-71.68091300000003,-22.11029199999996
-121.53397666666666,663.8006690000001,323.32810666666666,-354.3403275,445.28603350000003,150.76101649999998,-121.76102449999999,392.321512,323.17796,-8.464332999999996,-71.80643800000001,-21.732590000000016
-121.48384733333334,664.0148123333333,323.35683466666666,-354.363591,445.369166,151.1616485,-121.834491,393.42749249999997,323.91741,-8.383732000000009,-71.92773100000005,-21.353586000000007
-121.43529133333334,664.226404,323.3833856666667,-354.384272,445.45649449999996,151.5443,-121.9074275,394.51190499999996,324.62021949999996,-8.313287000000003,-72.04482000000002,-20.97337699999997
-121.38830600000001,664.435417,323.407827,-354.402517,445.5478455,151.9093545,-121.979715,395.574547,325.287095,-8.252948000000004,-72.157736,-20.592056000000014
-121.34288933333333,664.6418279999999,323.43022833333333,-354.418469,445.6430435,152.25721199999998,-122.0512385,396.61523450000004,325.91877050000005,-8.202652999999998,-72.26650899999999,-20.209719000000007
-121.29903433333334,664.8456143333334,323.45066066666664,-354.432267,445.741904,152.58828549999998,-122.12188499999999,397.633809,326.5160035,-8.162332000000006,-72.371172,-19.826459
-121.25673433333333,665.046755,323.46919633333334,-354.444049,445.844241,152.90300200000001,-122.19154599999999,398.630131,327.079576,-8.131906,-72.47175800000002,-19.44236600000005
-121.21598066666667,665.2452303333333,323.4859093333334,-354.45394699999997,445.94986100000006,153.20180200000001,-122.26011650000001,399.604085,327.6102915,-8.111283,-72.568306,-19.057530999999983
-121.17676133333333,665.4410223333333,323.50087533333334,-354.4620915,446.0585675,153.485138,-122.3274945,400.55557899999997,328.1089735,-8.10036500000001,-72.66085000000004,-18.67204300000003
-121.139064,665.634115,323.51416966666665,-354.468608,446.17016,153.753474,-122.39358200000001,401.48454200000003,328.576468,-8.099046000000001,-72.74943200000001,-18.28598800000003
-121.10287433333333,665.8244916666666,323.52587,-354.4736175,446.2844335,154.007286,-122.45828499999999,402.39092700000003,329.0136375,-8.107208,-72.83409,-17.899452999999994
-121.06817566666666,666.0121399999999,323.536055,-354.477238,446.401179,154.247058,-122.521515,403.2747085,329.4213625,-8.124725999999995,-72.91486700000002,-17.512518999999998
-121.03495,666.197048,323.5448026666666,-354.47958300000005,446.520184,154.47328399999998,-122.583185,404.135886,329.8005395,-8.151464000000004,-72.99180600000005,-17.125269000000003
-121.00317866666667,666.3792046666666,323.552193,-354.48076100000003,446.6412335,154.686468,-122.643213,404.97448099999997,330.1520805,-8.187280000000001,-73.064952,-16.73778299999998
-120.97284,666.5586010000001,323.5583063333333,-354.4808775,446.76410799999996,154.88711949999998,-122.7015215,405.79053799999997,330.47691050000003,-8.232024999999993,-73.13435199999998,-16.350138999999956
-120.94391166666666,666.735229,323.56322266666666,-354.4800315,446.8885865,155.0757555,-122.7580385,406.58412350000003,330.77596700000004,-8.285537000000005,-73.20005299999997,-15.962412000000029
-120.91636966666665,666.9090833333333,323.567023,-354.47831799999994,447.0144455,155.2529,-122.812693,407.3553275,331.05019749999997,-8.347650000000002,-73.26210500000002,-15.574677000000008
-120.89018833333334,667.0801593333332,323.569788,-354.475829,447.141459,155.4190805,-122.865421,408.1042635,331.300561,-8.418189999999996,-73.32055700000001,-15.187005999999997
-120.86534166666667,667.2484536666666,323.5715983333334,-354.472649,447.26939849999997,155.57483,-122.916162,408.831063,331.5280225,-8.496973999999994,-73.37546200000003,-14.799466999999993
-120.84180199999999,667.4139653333333,323.5725353333333,-354.4688595,447.3980355,155.7206855,-122.9648595,409.535885,331.73355549999997,-8.583812999999992,-73.426872,-14.412130999999988
-120.819539,667.5766936666668,323.5726793333333,-354.4645365,447.52714000000003,155.8571855,-123.011462,410.2189055,331.918138,-8.678511999999998,-73.47484299999996,-14.025060000000053
-120.79852333333334,667.736641,323.5721106666667,-354.4597515,447.6564795,155.984871,-123.0559215,410.88032250000003,332.08275349999997,-8.780867,-73.519429,-13.638320999999962
-120.77872433333334,667.8938106666666,323.57090866666664,-354.4545705,447.7858235,156.104285,-123.09819350000001,411.5203565,332.2283865,-8.890671000000012,-73.56068700000003,-13.251975000000016
-120.76010866666667,668.0482063333334,323.56915266666664,-354.44905500000004,447.9149395,156.2159695,-123.13824,412.1392465,332.3560245,-9.007707999999994,-73.59867500000001,-12.866083000000003
-120.742643,668.199835,323.56692100000004,-354.443263,448.04359650000004,156.3204655,-123.17602550000001,412.737251,332.46665399999995,-9.131757000000007,-73.63345199999998,-12.480702000000008
-120.72629400000001,668.348704,323.5642923333334,-354.4372455,448.17156250000005,156.4183145,-123.21151950000001,413.3146475,332.561262,-9.26259499999999,-73.665077,-12.095887999999945
-120.71102633333334,668.4948226666667,323.561342,-354.4310495,448.2986075,156.510055,-123.24469450000001,413.8717325,332.6408305,-9.39998899999999,-73.69361100000003,-11.711696999999958
-120.696804,668.638202,323.55814633333335,-354.4247175,448.4245035,156.5962225,-123.27552800000001,414.4088195,332.70633899999996,-9.543704000000005,-73.71911699999998,-11.328182000000027
-120.68359066666666,668.778854,323.5547803333333,-354.4182885,448.549023,156.677349,-123.3040015,414.926239,332.7587615,-9.693503000000007,-73.74165600000003,-10.945392999999967
-120.67134966666667,668.9167923333333,323.551317,-354.41179450000004,448.6719415,156.753962,-123.3301,415.4243385,332.79906700000004,-9.849140000000006,-73.76129099999997,-10.563379999999995
-120.66004333333332,669.0520323333333,323.54782900000004,-354.4052645,448.7930355,156.8265835,-123.35381199999999,415.9034795,332.8282135,-10.010369999999995,-73.77808700000003,-10.182192999999984
-120.64963333333333,669.1845913333333,323.5443863333333,-354.398724,448.9120855,156.8957315,-123.37513000000001,416.3640385,332.847153,-10.176942000000011,-73.79210699999999,-9.801877999999988
-120.64008166666667,669.314487,323.5410593333333,-354.392193,449.02887499999997,156.9619155,-123.39405099999999,416.8064065,332.8568255,-10.348604000000009,-73.80341700000002,-9.42247900000001
-120.63134866666667,669.441739,323.53791466666667,-354.385687,449.143192,157.02563800000001,-123.4105735,417.2309865,332.85816,-10.525101000000006,-73.81208299999997,-9.04404199999999
-120.62339566666667,669.5663693333333,323.5350183333333,-354.3792185,449.25482550000004,157.08739350000002,-123.4247015,417.6381935,332.852073,-10.706177000000011,-73.818171,-8.666607999999997
-120.61618333333335,669.6883996666667,323.5324353333333,-354.3727955,449.36357250000003,157.14767,-123.436442,418.02845449999995,332.839466,-10.891571999999996,-73.82174700000002,-8.290219999999977
-120.60967133333334,669.8078546666666,323.53022733333336,-354.3664235,449.4692325,157.206943,-123.44580400000001,418.40220450000004,332.82122749999996,-11.081028000000018,-73.822877,-7.9149209999999925
-120.603821,669.9247603333333,323.5284556666666,-354.360103,449.5716095,157.2656805,-123.4528005,418.7598895,332.798228,-11.274283000000011,-73.82162699999998,-7.540746000000013
-120.59859133333333,670.0391423333334,323.527178,-354.353832,449.670515,157.3243405,-123.457447,419.10196299999996,332.771322,-11.471079999999986,-73.81806599999999,-7.167737999999986
-120.59394400000001,670.1510303333333,323.526452,-354.3476045,449.765765,157.383368,-123.45976300000001,419.4288855,332.741345,-11.671154000000016,-73.81226099999998,-6.795934000000045
-120.58983766666665,670.2604533333334,323.52633099999997,-354.3414125,449.85718099999997,157.443198,-123.459768,419.741124,332.7091145,-11.874248000000009,-73.80427600000002,-6.425371000000041
-120.58623333333334,670.3674423333333,323.5268683333333,-354.33524450000004,449.944592,157.5042535,-123.45748749999998,420.0391495,332.67542549999996,-12.080102999999994,-73.79418099999998,-6.056084999999996
-120.58309166666668,670.4720293333334,323.5281136666667,-354.32908599999996,450.0278335,157.5669445,-123.452948,420.323439,332.641054,-12.288460000000015,-73.78204,-5.6881120000000465
-120.58037333333334,670.5742486666667,323.530115,-354.3229215,450.1067475,157.631669,-123.4461765,420.594472,332.60675349999997,-12.499062999999992,-73.76792,-5.3214869999999905
-120.57803899999999,670.6741346666666,323.5329186666667,-354.316731,450.1811845,157.69881049999998,-123.437206,420.852729,332.573254,-12.711659999999995,-73.75188800000001,-4.9562460000000215
-120.57605033333334,670.7717236666667,323.5365673333333,-354.310495,450.25100050000003,157.76873949999998,-123.42606700000002,421.09869349999997,332.5412625,-12.925998000000007,-73.73400699999996,-4.592421000000002
-120.57436933333334,670.8670529999999,323.541102,-354.3041905,450.3160615,157.8418125,-123.412796,421.3328475,332.511461,-13.141828000000004,-73.71434499999998,-4.230048000000011
-120.57295700000002,670.960161,323.5465616666667,-354.2977925,450.3762395,157.9183715,-123.3974295,421.555675,332.4845075,-13.358907000000016,-73.69296399999996,-3.869158999999968
-120.571777,671.0510866666667,323.552982,-354.291275,450.431418,157.9987425,-123.380004,421.7676555,332.46103300000004,-13.57699199999999,-73.66992700000003,-3.5097860000000196
-120.570792,671.1398716666667,323.5603976666667,-354.2846125,450.4814865,158.0832385,-123.360561,421.9692675,332.4416435,-13.795844000000017,-73.64529900000002,-3.1519610000000284
-120.56996533333331,671.226557,323.56883999999997,-354.277776,450.526343,158.1721565,-123.33914,422.1609855,332.4269155,-14.015231999999997,-73.61914100000001,-2.795716999999968
-120.56926166666666,671.3111853333334,323.5783373333333,-354.270737,450.5658975,158.265777,-123.3157845,422.343281,332.41740200000004,-14.23492499999999,-73.59151199999997,-2.4410839999999894
-120.56864566666667,671.3938006666667,323.588917,-354.263466,450.60006599999997,158.36436600000002,-123.290536,422.51662,332.41362449999997,-14.454701999999997,-73.562476,-2.088093000000015
-120.568083,671.474447,323.60060233333337,-354.255933,450.62877449999996,158.46817249999998,-123.26344,422.68146149999995,332.41607799999997,-14.674341999999982,-73.53208899999998,-1.7367740000000254
-120.56753966666668,671.55317,323.6134153333333,-354.248107,450.6519605,158.5774305,-123.23454149999999,422.8382595,332.425229,-14.893632999999994,-73.50041099999999,-1.3871579999999994
-120.566983,671.6300153333333,323.6273753333333,-354.2399595,450.66956849999997,158.69235700000002,-123.20388499999999,422.98746,332.441514,-15.11236799999999,-73.46749799999998,-1.0392719999999827
-120.56638066666669,671.7050303333333,323.64249866666665,-354.231459,450.6815535,158.813154,-123.1715165,423.1295015,332.46534199999996,-15.330345000000008,-73.433405,-0.6931460000000129
-120.56570033333333,671.7782626666667,323.65879966666665,-354.222577,450.6878815,158.9400045,-123.1374835,423.264813,332.4970905,-15.547370999999998,-73.39818600000001,-0.348809000000017
-120.56491266666667,671.8497600000001,323.6762906666667,-354.2132835,450.68852549999997,159.0730785,-123.1018325,423.3938155,332.537109,-15.76325700000001,-73.361895,-0.0062859999999886895
-120.563987,671.9195713333334,323.6949813333334,-354.2035505,450.683472,159.2125275,-123.06460999999999,423.51692049999997,332.5857175,-15.977821999999989,-73.32458300000002,0.33439499999997224
-120.56289466666665,671.9877456666667,323.714878,-354.1933505,450.6727145,159.35848750000002,-123.0258625,423.634527,332.6432055,-16.190890999999993,-73.28629999999998,0.6732089999999857
-120.56160833333333,672.0543336666666,323.73598633333336,-354.182657,450.656257,159.511077,-122.9856375,423.74702649999995,332.709834,-16.40229700000002,-73.247095,1.0101300000000037
-120.56010066666666,672.1193843333333,323.75830833333333,-354.171444,450.63411299999996,159.6704,-122.9439815,423.85479599999996,332.785833,-16.611880999999997,-73.20701400000002,1.3451339999999732
-120.55834500000002,672.1829483333332,323.781845,-354.15968799999996,450.606307,159.8365435,-122.900941,423.958204,332.87140450000004,-16.819490000000002,-73.16610399999996,1.6781970000000115
-120.55631699999999,672.2450773333334,323.80659299999996,-354.1473665,450.57287199999996,160.0095785,-122.856561,424.05760599999996,332.966721,-17.02497799999999,-73.12440799999996,2.009298000000001
-120.553992,672.3058206666666,323.8325496666667,-354.1344575,450.53385149999997,160.1895605,-122.8108875,424.1533445,333.07192599999996,-17.228209000000007,-73.08196899999996,2.338415999999995
-120.551348,672.3652306666667,323.85970733333335,-354.1209425,450.4892965,160.3765285,-122.76396549999998,424.2457505,333.1871335,-17.42905499999999,-73.03882499999997,2.6655289999999923
-120.54836133333333,672.423358,323.8880586666666,-354.106804,450.4392695,160.5705065,-122.7158385,424.33514249999996,333.3124305,-17.627391000000017,-72.99501700000002,2.990619000000038
-120.54501233333333,672.4802536666666,323.91759299999995,-354.0920255,450.38384099999996,160.7715035,-122.6665505,424.42182649999995,333.447875,-17.823104999999998,-72.950581,3.313670000000002
-120.54128033333335,672.5359686666667,323.9482973333333,-354.0765945,450.3230905,160.979513,-122.616143,424.50609399999996,333.59349899999995,-18.016090000000005,-72.905554,3.6346619999999916
-120.53714666666667,672.590554,323.980158,-354.0604985,450.257106,161.1945145,-122.564658,424.5882245,333.749305,-18.206249999999983,-72.85996700000004,3.953583999999978
-120.53259333333334,672.64406,324.01315833333337,-354.0437285,450.185986,161.416472,-122.5121365,424.6684855,333.9152715,-18.393492999999992,-72.81385500000005,4.270419000000004
-120.52760333333333,672.696537,324.04728066666667,-354.0262765,450.109834,161.645336,-122.458617,424.74713,334.09134900000004,-18.57773800000001,-72.767246,4.58515600000004
-120.52216166666666,672.7480360000001,324.08250433333336,-354.0081375,450.028765,161.8810425,-122.40413849999999,424.824398,334.277464,-18.758909000000003,-72.720168,4.8977840000000015
-120.51625333333334,672.7986053333334,324.11880866666667,-353.9893085,449.942898,162.123514,-122.348737,424.90051700000004,334.473517,-18.936939999999993,-72.67264800000004,5.2082960000000185
-120.50986433333333,672.8482943333333,324.1561696666667,-353.969789,449.8523635,162.37266,-122.2924495,424.9757025,334.679387,-19.11177099999999,-72.62471099999999,5.516682000000003
-120.50298266666668,672.897152,324.1945633333333,-353.94958099999997,449.7572955,162.628378,-122.23531,425.05015449999996,334.8949265,-19.283351999999994,-72.57638100000003,5.822939000000019
-120.49559600000002,672.9452266666666,324.23396299999996,-353.9286875,449.65783799999997,162.8905515,-122.17735249999998,425.12406350000003,335.119967,-19.45163699999999,-72.52767699999998,6.127059999999972
-120.48769533333332,672.9925646666667,324.27434066666666,-353.90711550000003,449.5541395,163.1590525,-122.118608,425.197604,335.35431900000003,-19.616590000000016,-72.47861999999998,6.429044000000033
-120.47927066666666,673.0392133333334,324.31566833333335,-353.88487299999997,449.4463545,163.433742,-122.059107,425.270943,335.5977705,-19.778181999999987,-72.42922799999997,6.728893000000028
-120.47031433333335,673.085218,324.3579143333333,-353.8619705,449.33464549999997,163.714469,-121.998879,425.34423000000004,335.85008949999997,-19.936387999999994,-72.37951600000002,7.026604999999961
-120.46081833333334,673.1306236666667,324.401048,-353.8384205,449.219177,164.0010715,-121.9379515,425.417607,336.1110265,-20.091195000000013,-72.3295,7.3221829999999954
-120.45077666666667,673.175474,324.445036,-353.814238,449.100123,164.293378,-121.8763515,425.491201,336.3803115,-20.242593,-72.27919199999997,7.6156349999999975
-120.440185,673.2198123333334,324.489845,-353.78943949999996,448.97765749999996,164.591207,-121.81410299999999,425.5651305,336.6576585,-20.39057799999999,-72.22860300000002,7.906964999999957
-120.42903866666667,673.2636803333334,324.53544000000005,-353.764045,448.851962,164.8943665,-121.7512295,425.639502,336.9427645,-20.535157000000012,-72.17774399999996,8.196183000000019
-120.41733466666666,673.307119,324.581786,-353.738075,448.72321999999997,165.202656,-121.68775300000001,425.714409,337.235311,-20.676336000000006,-72.126622,8.483298000000048
-120.40507166666667,673.3501679999999,324.62884533333335,-353.711551,448.5916205,165.5158675,-121.6236945,425.789938,337.5349655,-20.814133000000012,-72.075244,8.76832300000001
-120.39224766666666,673.3928653333334,324.676582,-353.684498,448.457353,165.8337835,-121.5590725,425.86616300000003,337.8413815,-20.948568999999992,-72.023616,9.051270999999986
-120.37886333333334,673.435249,324.7249566666666,-353.6569425,448.3206115,166.15618,-121.493905,425.94314899999995,338.1541985,-21.079671999999988,-71.971742,9.33215899999999
-120.36491933333333,673.4773546666667,324.773931,-353.628911,448.18159149999997,166.4828265,-121.42820850000001,426.020952,338.473048,-21.207473000000007,-71.919624,9.611001999999985
-120.35041733333333,673.5192166666667,324.823467,-353.6004335,448.04049050000003,166.813484,-121.361998,426.09961599999997,338.797548,-21.332007999999988,-71.86726400000003,9.887820000000033
-120.33536033333333,673.5608683333334,324.8735236666667,-353.57153900000003,447.8975065,167.14791,-121.295287,426.1791795,339.1273085,-21.453322000000014,-71.814661,10.162632999999971
-120.31975233333333,673.6023416666666,324.924062,-353.54226,447.75284,167.4858535,-121.22808799999999,426.25967049999997,339.4619295,-21.571459999999988,-71.76181700000001,10.435461000000032
-120.30359733333334,673.6436673333333,324.975041,-353.512628,447.6066895,167.8270625,-121.1604125,426.3411085,339.8010055,-21.686472999999992,-71.70872700000001,10.70632900000004
-120.28690166666667,673.6848736666667,325.02642,-353.48267699999997,447.459257,168.171276,-121.0922705,426.42350650000003,340.14412300000004,-21.798415000000006,-71.65538899999996,10.975259999999992
-120.26967033333334,673.7259883333332,325.0781583333333,-353.452441,447.3107415,168.5182335,-121.0236705,426.5068685,340.490865,-21.907344999999992,-71.60179900000003,11.242277999999999
-120.25191199999999,673.7670376666666,325.1302163333333,-353.42195449999997,447.161341,168.86766749999998,-120.9546205,426.591191,340.8408085,-22.013327000000004,-71.547954,11.50741099999999
-120.233634,673.8080453333333,325.18255100000005,-353.391253,447.011255,169.2193095,-120.88512700000001,426.676464,341.193528,-22.11642400000001,-71.49384399999997,11.770686000000012
-120.21484466666668,673.8490350000001,325.2351233333333,-353.360372,446.860679,169.572889,-120.81519700000001,426.7626705,341.548595,-22.216706000000002,-71.43946699999998,12.032129999999995
-120.19555400000002,673.8900266666666,325.28789200000006,-353.32934850000004,446.7098065,169.928132,-120.744834,426.8497865,341.90558050000004,-22.314244000000016,-71.38481300000001,12.291770999999983
-120.17577166666668,673.9310403333333,325.3408163333333,-353.298217,446.5588305,170.284763,-120.67404300000001,426.9377825,342.26405550000004,-22.409112000000007,-71.32987499999996,12.549641000000008
-120.15550966666666,673.9720946666666,325.39385599999997,-353.26701449999996,446.40794,170.64250750000002,-120.602827,427.026622,342.62358900000004,-22.501385999999997,-71.27464600000002,12.805768
-120.13477866666666,674.0132050000001,325.4469713333333,-353.235777,446.25732200000004,171.00108949999998,-120.531188,427.116264,342.983755,-22.591144000000014,-71.21911599999999,13.060180000000003
-120.11359166666666,674.0543866666667,325.50012300000003,-353.2045395,446.107158,171.360233,-120.45912849999999,427.2066605,343.344128,-22.678466999999998,-71.163275,13.312909999999988
-120.09196133333334,674.095653,325.55327033333333,-353.173337,445.9576275,171.71966300000003,-120.3866495,427.297759,343.704287,-22.76343700000001,-71.10711600000002,13.563986
-120.06990133333333,674.1370146666667,325.6063766666667,-353.142205,445.808906,172.079105,-120.31375249999999,427.389502,344.06381450000003,-22.846137,-71.05062799999996,13.81343899999996
-120.04742500000002,674.1784819999999,325.65940266666667,-353.1111765,445.661163,172.438286,-120.24043700000001,427.48182599999996,344.42229699999996,-22.92665000000001,-70.99380000000002,14.061298000000022
-120.02454833333333,674.2200636666666,325.7123113333334,-353.080285,445.514566,172.79693550000002,-120.16670299999998,427.57466450000004,344.779329,-23.005061999999995,-70.936623,14.307590000000005
-120.00128533333333,674.2617653333333,325.7650653333333,-353.0495625,445.369275,173.1547845,-120.09255100000001,427.6679455,345.134512,-23.081460000000007,-70.87908899999996,14.552346
-119.97765233333332,674.3035923333333,325.81762933333334,-353.0190405,445.2254455,173.511569,-120.01798,427.761592,345.48745299999996,-23.155929999999998,-70.82118400000002,14.795592
-119.953666,674.345549,325.86996733333336,-352.988749,445.08322799999996,173.8670255,-119.9429895,427.8555255,345.83776850000004,-23.228556999999995,-70.762901,15.037352999999996
-119.92934133333334,674.3876363333334,325.9220453333333,-352.95871650000004,444.9427675,174.22089549999998,-119.8675785,427.94966,346.18508399999996,-23.299431,-70.70423,15.27765800000003
-119.90469733333333,674.4298546666666,325.9738293333333,-352.92897000000005,444.8042025,174.5729245,-119.791747,428.043908,346.5290345,-23.36863600000001,-70.64516200000003,15.516526999999996
-119.87974933333334,674.4722033333333,326.0252873333333,-352.8995365,444.667665,174.922863,-119.71549350000001,428.1381775,346.86926500000004,-23.436259000000007,-70.58568700000001,15.753984000000003
-119.85451633333332,674.51468,326.076387,-352.8704395,444.5332815,175.270466,-119.63881850000001,428.232374,347.20543250000003,-23.502389000000008,-70.52579800000001,15.99005100000005
-119.82901600000001,674.55728,326.12709766666666,-352.8417025,444.40117250000003,175.61549300000001,-119.56172099999999,428.32639900000004,347.53720450000003,-23.567105999999995,-70.465484,16.224743000000046
-119.80326666666667,674.5999983333332,326.17739,-352.813346,444.2714495,175.9577095,-119.48420150000001,428.4201505,347.864261,-23.630499,-70.404741,16.45808199999999
-119.77728633333334,674.6428276666667,326.22723533333334,-352.78539049999995,444.14422049999996,176.29688800000002,-119.4062605,428.513524,348.18629450000003,-23.692651000000012,-70.34356200000002,16.690079000000026
-119.75109433333334,674.6857603333333,326.2766056666667,-352.757853,444.019584,176.63280550000002,-119.3278985,428.60641250000003,348.5030105,-23.753641000000016,-70.28193900000002,16.920749
-119.72470966666667,674.7287866666667,326.32547633333337,-352.73075,443.897633,176.965247,-119.2491175,428.6987055,348.814128,-23.813552999999985,-70.21986700000002,17.150102000000004
-119.69815133333334,674.7718963333333,326.3738203333333,-352.7040945,443.778453,177.2940035,-119.169918,428.79029,349.11938,-23.872466000000017,-70.15734200000003,17.378143999999963
-119.67143766666668,674.8150763333333,326.4216146666667,-352.67789949999997,443.66212199999995,177.6188725,-119.090304,428.8810505,349.4185135,-23.930455999999992,-70.09436099999999,17.604881000000034
-119.64458966666666,674.8583143333334,326.4688366666667,-352.6521755,443.54871249999997,177.939661,-119.010278,428.97087150000004,349.7112905,-23.987599999999986,-70.03092099999998,17.830314999999985
-119.61762533333332,674.901596,326.51546566666667,-352.62692949999996,443.4382875,178.25618150000003,-118.929844,429.0596315,349.997487,-24.04397399999999,-69.96702099999999,18.05444600000004
-119.59056400000001,674.9449060000001,326.56148033333335,-352.602169,443.3309045,178.568255,-118.8490065,429.147209,350.27689499999997,-24.099647000000004,-69.90266000000003,18.277269999999987
-119.56342566666667,674.988228,326.6068623333333,-352.577898,443.2266135,178.875711,-118.767771,429.23348250000004,350.549321,-24.154689999999988,-69.83783899999997,18.49878000000001
-119.53622933333332,675.0315443333334,326.651594,-352.55411849999996,443.12545750000004,179.1783875,-118.686144,429.318326,350.8145875,-24.20917,-69.77256,18.71896700000002
-119.50899466666665,675.074837,326.69565966666664,-352.5308315,443.0274715,179.4761295,-118.6041335,429.401614,351.072533,-24.263153000000017,-69.70682599999998,18.937815999999998
-119.48174033333333,675.118087,326.73904466666664,-352.5080355,442.932685,179.76879100000002,-118.52174649999999,429.4832185,351.323009,-24.316700999999995,-69.64064300000001,19.15531199999998
-119.45448566666668,675.1612743333334,326.781735,-352.485727,442.8411195,180.0562365,-118.43899300000001,429.56301099999996,351.565887,-24.369872,-69.57401399999998,19.371433999999965
-119.42724966666667,675.2043789999999,326.823719,-352.4639015,442.7527905,180.3383375,-118.355883,429.6408625,351.80105149999997,-24.42272600000001,-69.50695100000002,19.58615900000001
-119.40005066666667,675.2473783333334,326.864986,-352.4425515,442.6677055,180.61497400000002,-118.2724285,429.716643,352.02840249999997,-24.475314999999995,-69.439458,19.799459000000013
-119.37290766666666,675.2902509999999,326.9055266666667,-352.421668,442.5858665,180.8860375,-118.18864049999999,429.79022199999997,352.247857,-24.52769099999999,-69.37154800000002,20.01130599999999
-119.345838,675.3329749999999,326.9453326666667,-352.4012415,442.5072685,181.1514265,-118.1045335,429.8614695,352.45934650000004,-24.579901000000007,-69.30323299999998,20.221662999999978
-119.31886066666668,675.3755263333334,326.984398,-352.381259,442.431901,181.4110485,-118.0201225,429.93025450000005,352.66281849999996,-24.631991,-69.23452700000001,20.430493000000013
-119.29199299999999,675.4178820000001,327.02271666666667,-352.3617075,442.35974550000003,181.66482200000002,-117.935423,429.9964465,352.8582365,-24.684001999999992,-69.16544299999998,20.637755000000027
-119.26525233333332,675.4600183333333,327.060286,-352.34257149999996,442.2907805,181.91267349999998,-117.85045249999999,430.059916,353.045579,-24.735972999999987,-69.096,20.84340400000002
-119.23865566666666,675.501911,327.0971026666667,-352.3238345,442.224975,182.1545385,-117.7652285,430.120535,353.22483750000004,-24.78793900000001,-69.02621600000003,21.047393
-119.21221933333334,675.5435353333334,327.1331656666667,-352.305478,442.1622955,182.39036299999998,-117.679771,430.178175,353.39602049999996,-24.839932000000005,-68.95610999999997,21.249666999999988
-119.18596066666667,675.5848666666666,327.16847533333333,-352.287484,442.10270149999997,182.6201005,-117.5941005,430.232709,353.55915100000004,-24.891978999999992,-68.88570600000003,21.45017200000001
-119.15989400000001,675.62588,327.203033,-352.269831,442.04614749999996,182.843715,-117.508239,430.284013,353.71426399999996,-24.94410599999999,-68.81502599999999,21.64884999999998
-119.13403566666666,675.6665509999999,327.2368413333333,-352.2524975,441.9925835,183.06117899999998,-117.42220950000001,430.33196399999997,353.86141150000003,-24.996333000000007,-68.74409599999996,21.84563899999995
-119.10840066666667,675.7068546666667,327.26990500000005,-352.235461,441.9419545,183.2724745,-117.336037,430.3764405,354.0006565,-25.048677999999995,-68.67294300000003,22.040471000000025
-119.08300266666667,675.7467656666666,327.3022283333333,-352.218699,441.894201,183.47759250000001,-117.24974699999999,430.417325,354.132076,-25.101153999999994,-68.60159599999997,22.23327999999998
-119.05785633333333,675.78626,327.3338186666667,-352.2021855,441.84925799999996,183.6765315,-117.1633665,430.4545025,354.2557605,-25.153773,-68.53008699999998,22.423992999999996
-119.03297433333334,675.8253123333334,327.36468333333335,-352.1858965,441.80705850000004,183.8692995,-117.076923,430.48786,354.37181250000003,-25.206542,-68.45844599999998,22.612535000000037
-119.00837066666668,675.863899,327.3948316666667,-352.16980650000005,441.76753099999996,184.0559145,-116.9904465,430.517289,354.48034700000005,-25.259461000000016,-68.38671,22.79883000000001
-118.98405666666667,675.9019956666666,327.4242733333333,-352.1538885,441.73059950000004,184.236401,-116.90396700000001,430.5426855,354.5814895,-25.312532000000004,-68.31491300000005,22.982797000000005
-118.96004433333333,675.9395783333333,327.4530193333333,-352.1381165,441.6961855,184.410793,-116.81751650000001,430.563948,354.675378,-25.365749000000008,-68.24309199999999,23.164354000000003
-118.93634533333334,675.976625,327.4810823333333,-352.122463,441.6642085,184.57913150000002,-116.73112749999999,430.5809805,354.76216050000005,-25.419104999999988,-68.171287,23.343414999999993
-118.91296899999999,676.0131113333333,327.50847600000003,-352.106901,441.634582,184.741467,-116.644835,430.5936915,354.841996,-25.472587999999988,-68.099539,23.519894000000022
-118.88992633333334,676.0490159999999,327.53521333333333,-352.0914035,441.6072205,184.897856,-116.558674,430.60199450000005,354.915053,-25.526184,-68.02789100000001,23.69370200000003
-118.86722666666667,676.0843166666667,327.5613113333334,-352.075942,441.58203449999996,185.0483645,-116.47268,430.605809,354.98150899999996,-25.57987200000001,-67.95638600000001,23.86474800000002
-118.844878,676.1189933333334,327.586785,-352.06048999999996,441.558933,185.1930645,-116.386891,430.60506050000004,355.04155049999997,-25.63363000000001,-67.88506899999999,24.032939
-118.82288899999999,676.1530246666667,327.61165166666666,-352.0450205,441.5378225,185.33203550000002,-116.301345,430.599679,355.095373,-25.687433999999996,-67.813988,24.19818399999997
-118.801266,676.1863910000001,327.63593,-352.0295055,441.51860899999997,185.4653635,-116.2160815,430.589604,355.1431795,-25.74125500000001,-67.74319200000002,24.360385000000008
-118.78001733333333,676.2190733333333,327.65963800000003,-352.013919,441.501197,185.593142,-116.1311415,430.5747785,355.1851805,-25.79505900000001,-67.67272700000001,24.51944900000001
-118.75914766666666,676.2510543333333,327.68279566666666,-351.99823549999996,441.48548949999997,185.715471,-116.04656499999999,430.55515449999996,355.221593,-25.848811999999995,-67.60264899999999,24.67527799999999
-118.73866333333332,676.2823166666666,327.70542366666666,-351.9824275,441.471388,185.83245599999998,-115.96239600000001,430.5306915,355.25264100000004,-25.902473999999998,-67.533005,24.827778000000023
-118.71856866666667,676.3128436666667,327.72754233333336,-351.96647099999996,441.458796,185.9442085,-115.87867599999998,430.5013555,355.278554,-25.956003999999993,-67.46385099999998,24.976850000000013
-118.698868,676.3426203333333,327.74917366666665,-351.9503405,441.4476145,186.050846,-115.79544899999999,430.46712249999996,355.29956749999997,-26.009358000000006,-67.395241,25.12239900000003
-118.67956500000001,676.3716323333333,327.77033966666664,-351.934013,441.437746,186.152491,-115.712761,430.4279745,355.315921,-26.062487999999988,-67.327227,25.264329999999973
-118.660662,676.3998663333333,327.7910636666666,-351.9174655,441.42909099999997,186.24927250000002,-115.63065599999999,430.3839035,355.327859,-26.115341999999984,-67.25986700000004,25.40254600000003
-118.64216099999999,676.4273099999999,327.81136799999996,-351.90067550000003,441.42155249999996,186.341323,-115.5491805,430.33491,355.3356295,-26.167871000000005,-67.193218,25.536954999999978
-118.62406400000002,676.4539530000001,327.83127766666667,-351.8836215,441.41503350000005,186.42877950000002,-115.4683815,430.281004,355.33948399999997,-26.220017000000013,-67.12733400000002,25.667464000000052
-118.60637166666667,676.4797843333333,327.8508156666667,-351.86628299999995,441.409437,186.51178399999998,-115.388305,430.222204,355.3396775,-26.271724000000006,-67.062276,25.793983000000026
-118.589085,676.5047963333333,327.87000666666665,-351.8486415,441.4046675,186.5904825,-115.3089995,430.158538,355.3364675,-26.322932999999992,-66.99809799999997,25.916422999999952
-118.57220166666667,676.5289803333334,327.88887600000004,-351.8306775,441.40063150000003,186.66502450000002,-115.230512,430.0900455,355.33011150000004,-26.373582,-66.93485900000002,26.034696999999994
-118.555723,676.5523306666668,327.90744866666665,-351.81237550000003,441.397235,186.7355635,-115.15289250000001,430.0167725,355.320871,-26.423607000000004,-66.87261899999999,26.148720000000026
-118.53964599999999,676.574842,327.92574933333333,-351.793718,441.394387,186.802255,-115.0761885,429.9387785,355.309008,-26.472944999999996,-66.81143300000002,26.258414000000016
-118.52396866666668,676.5965106666666,327.94380366666667,-351.7746905,441.3919985,186.86525849999998,-115.000449,429.856131,355.294783,-26.52153,-66.75135999999998,26.363699999999994
-118.50868933333334,676.617334,327.96163733333333,-351.75527950000003,441.3899805,186.9247355,-114.9257235,429.768908,355.2784595,-26.569293000000016,-66.69245799999999,26.464503000000036
-118.493803,676.6373110000001,327.97927533333336,-351.7354735,441.388248,186.98084999999998,-114.85206099999999,429.67719850000003,355.26029900000003,-26.616168000000002,-66.63478300000003,26.56075400000003
-118.47930733333334,676.6564416666666,327.996744,-351.7152605,441.38671650000003,187.033768,-114.77951050000001,429.5811025,355.2405635,-26.66208300000001,-66.57839100000001,26.652386999999976
-118.46519766666667,676.6747273333334,328.014068,-351.6946305,441.385304,187.083658,-114.7081205,429.4807285,355.219512,-26.70697100000001,-66.52333899999996,26.73933999999997
-118.45146866666666,676.6921703333334,328.031273,-351.67357549999997,441.3839325,187.1306875,-114.637941,429.376197,355.1974035,-26.750759999999985,-66.46968200000003,26.82155499999999
-118.43811533333333,676.7087750000001,328.04838466666666,-351.6520875,441.382524,187.1750285,-114.56902,429.26763800000003,355.174496,-26.79338,-66.41747200000003,26.89898199999999
-118.42513233333334,676.7245466666667,328.0654276666667,-351.63016200000004,441.38100499999996,187.21685100000002,-114.5014065,429.1551935,355.15104199999996,-26.834761,-66.36676299999999,26.971573999999976
-118.41251366666665,676.7394926666666,328.082427,-351.607793,441.3793025,187.256328,-114.435148,429.0390145,355.12729449999995,-26.874833999999993,-66.31760700000001,27.039288999999997
-118.40025233333334,676.7536203333334,328.09940666666665,-351.5849785,441.3773495,187.2936305,-114.370293,428.919262,355.1035015,-26.913528,-66.27005199999996,27.102092999999968
-118.38834133333334,676.7669393333334,328.1163916666667,-351.561715,441.3750785,187.328931,-114.3068875,428.796108,355.0799095,-26.950772999999998,-66.22414800000001,27.15995700000002
-118.376774,676.7794600000001,328.1334053333333,-351.538003,441.372427,187.36240099999998,-114.2449785,428.6697345,355.056759,-26.986503,-66.17994099999999,27.212855999999988
-118.36554199999999,676.7911956666666,328.150471,-351.513843,441.369334,187.39421249999998,-114.184612,428.540333,355.0342885,-27.02064999999999,-66.13747599999999,27.260776999999962
-118.35463833333331,676.8021583333333,328.167612,-351.489236,441.3657415,187.424536,-114.1258325,428.408105,355.0127305,-27.05314899999999,-66.09679599999998,27.303706999999974
-118.34405466666668,676.8123623333333,328.18485000000004,-351.4641865,441.3615965,187.4535405,-114.0686845,428.27326,354.9923145,-27.083934999999997,-66.05794200000003,27.341647000000023
-118.33378233333333,676.821825,328.202208,-351.438698,441.356846,187.481395,-114.01321200000001,428.1360195,354.97326350000003,-27.112946000000008,-66.02095300000002,27.374599000000046
-118.32381266666668,676.830563,328.2197066666667,-351.41277649999995,441.3514425,187.5082655,-113.9594565,427.9966115,354.9557975,-27.140120999999994,-65.98586700000004,27.402575000000013
-118.314138,676.8385936666667,328.23736633333334,-351.38642849999997,441.34534099999996,187.5343175,-113.90746,427.855273,354.94012799999996,-27.165402,-65.95271400000001,27.425595999999985
-118.30474833333334,676.845938,328.25520766666665,-351.3596625,441.338498,187.559713,-113.85726149999999,427.7122495,354.926463,-27.188733,-65.92152900000002,27.443686000000014
-118.295635,676.8526156666667,328.27324933333335,-351.332487,441.33087550000005,187.584613,-113.8089015,427.5677945,354.9150045,-27.210060999999996,-65.89233899999999,27.45688100000001
-118.28678933333333,676.8586486666667,328.2915106666667,-351.304913,441.32243600000004,187.609176,-113.762416,427.4221685,354.9059475,-27.22933599999999,-65.86517100000003,27.46522299999998
-118.27820166666667,676.8640603333333,328.31000866666665,-351.2769515,441.31314699999996,187.6335565,-113.71784249999999,427.2756395,354.8994795,-27.246506999999994,-65.84004900000002,27.46876100000003
-118.269863,676.8688746666667,328.32876100000004,-351.248615,441.30297900000005,187.65790750000002,-113.67521550000001,427.12848099999997,354.89578500000005,-27.261533,-65.81699199999997,27.467554000000007
-118.26176500000001,676.8731163333333,328.347783,-351.219917,441.2919035,187.6823775,-113.634569,426.9809745,354.895038,-27.274370000000005,-65.796019,27.461666000000037
-118.25389733333334,676.8768120000001,328.3670906666667,-351.1908715,441.279897,187.707112,-113.5959345,426.83340599999997,354.8974075,-27.28498300000001,-65.77714399999996,27.451170999999988
-118.24625199999998,676.8799883333332,328.3866983333333,-351.16149399999995,441.266939,187.732254,-113.55934199999999,426.68606550000004,354.903055,-27.293334,-65.760377,27.436149999999998
-118.23881966666666,676.8826736666666,328.40662,-351.131802,441.25301,187.75794050000002,-113.524821,426.5392495,354.9121345,-27.299396,-65.74572899999998,27.41669300000001
-118.23159166666666,676.8848953333332,328.4268666666667,-351.10181150000005,441.23809500000004,187.78430600000002,-113.49239800000001,426.393257,354.924792,-27.303138000000004,-65.733204,27.392896000000007
-118.22456,676.886685,328.4474513333334,-351.0715415,441.22218150000003,187.81148050000002,-113.4620985,426.2483915,354.941167,-27.304541,-65.722803,27.364862000000016
-118.21771533333333,676.8880713333333,328.468384,-351.04101,441.20525999999995,187.8395895,-113.4339465,426.104958,354.961391,-27.303583000000003,-65.71452599999998,27.332704000000035
-118.21104966666667,676.8890863333335,328.48967500000003,-351.010237,441.1873225,187.86875450000002,-113.407963,425.96326450000004,354.985587,-27.300252,-65.708369,27.296541999999988
-118.20455600000001,676.889761,328.5113323333333,-350.9792435,441.168365,187.8990905,-113.3841685,425.8236205,355.013871,-27.29453699999999,-65.70432500000004,27.256501999999955
-118.19822533333333,676.890129,328.5333636666667,-350.9480505,441.1483865,187.930709,-113.36258000000001,425.686336,355.0463505,-27.286432000000005,-65.702382,27.212715000000003
-118.19205166666666,676.8902216666667,328.55577500000004,-350.91668000000004,441.127387,187.9637165,-113.343215,425.55172100000004,355.083124,-27.275934000000007,-65.70252599999998,27.165324
-118.18602733333334,676.8900736666666,328.5785733333334,-350.8851535,441.10537,187.998214,-113.3260865,425.4200855,355.124284,-27.263047,-65.70474099999996,27.114475999999968
-118.18014533333333,676.8897176666667,328.60176199999995,-350.85349599999995,441.08234100000004,188.034297,-113.311207,425.291738,355.1699125,-27.247777999999997,-65.70900599999999,27.060320999999988
-118.17440033333332,676.8891886666667,328.62534366666665,-350.821731,441.05830849999995,188.07205449999998,-113.2985865,425.1669845,355.220085,-27.23013900000001,-65.71529900000002,27.003019999999992
-118.168786,676.888521,328.6493223333334,-350.7898815,441.033283,188.1115715,-113.2882345,425.0461295,355.2748675,-27.210147000000006,-65.723593,26.942739000000017
-118.163297,676.8877493333333,328.67369766666667,-350.7579745,441.007277,188.15292649999998,-113.2801555,424.9294725,355.3343175,-27.187822999999995,-65.733859,26.879644999999982
-118.15792800000001,676.8869083333333,328.69847066666665,-350.726034,440.980305,188.1961925,-113.27435500000001,424.81731149999996,355.39848500000005,-27.16319,-65.74606499999999,26.813916000000006
-118.15267533333333,676.886034,328.72364,-350.69408599999997,440.9523855,188.24143550000002,-113.2708345,424.709937,355.4674115,-27.13628100000001,-65.760178,26.745731000000035
-118.147534,676.8851603333334,328.7492036666667,-350.66215850000003,440.9235365,188.288716,-113.26959450000001,424.6076345,355.5411295,-27.107129,-65.776159,26.675273000000004
-118.142501,676.8843233333333,328.77515866666664,-350.6302765,440.89378,188.3380885,-113.270634,424.5106855,355.619664,-27.075772,-65.793969,26.602731999999946
-118.13757366666668,676.8835576666667,328.8015003333333,-350.598469,440.86313900000005,188.3896015,-113.27394799999999,424.419361,355.70303,-27.042254,-65.81356599999998,26.528298000000007
-118.13274866666666,676.8828986666667,328.82822333333337,-350.5667635,440.8316385,188.443296,-113.279532,424.33392649999996,355.791236,-27.006621999999993,-65.83490499999999,26.452165999999977
-118.12802466666666,676.882381,328.85532166666667,-350.5351875,440.799306,188.499207,-113.28737749999999,424.2546395,355.88428050000005,-26.968926999999994,-65.85793899999999,26.374532999999985
-118.12340033333334,676.8820383333333,328.88278799999995,-350.5037695,440.7661695,188.5573645,-113.2974755,424.181747,355.98215600000003,-26.929225000000002,-65.88262200000003,26.295597999999984
-118.118874,676.8819063333334,328.9106136666667,-350.4725395,440.732261,188.61779,-113.3098155,424.11548700000003,356.08484450000003,-26.887575,-65.90889999999996,26.215561000000037
-118.11444633333333,676.882017,328.93878866666665,-350.4415265,440.6976115,188.680499,-113.324383,424.0560865,356.1923205,-26.844040000000007,-65.93672300000003,26.134625000000028
-118.110117,676.8824056666666,328.967304,-350.4107595,440.6622555,188.745501,-113.3411635,424.0037625,356.304551,-26.798684999999992,-65.96603700000003,26.052992000000017
-118.10588766666667,676.8831036666667,328.99614633333334,-350.38027,440.6262285,188.812798,-113.3601405,423.958719,356.4214955,-26.75158300000001,-65.99678599999999,25.970865000000003
-118.10175900000002,676.884144,329.0253043333333,-350.35008700000003,440.5895675,188.8823865,-113.3812955,423.921149,356.543103,-26.702806999999993,-66.02891399999999,25.888443999999993
-118.09773266666667,676.885558,329.05476433333337,-350.320241,440.55231200000003,188.9542545,-113.4046075,423.8912315,356.669318,-26.652431000000007,-66.062365,25.805930000000046
-118.09381266666666,676.8873766666667,329.08451233333335,-350.29076399999997,440.5145005,189.0283855,-113.4300555,423.8691315,356.800075,-26.600537000000003,-66.09707900000001,25.723523999999998
-118.09000066666668,676.8896306666667,329.11453233333333,-350.2616875,440.476176,189.1047555,-113.4576165,423.855003,356.935302,-26.54720499999999,-66.13299799999999,25.641421999999977
-118.08630133333334,676.8923483333334,329.14480899999995,-350.233042,440.43738099999996,189.1833335,-113.48726450000001,423.848981,357.074918,-26.492520999999996,-66.17006199999997,25.559818000000007
-118.08271866666666,676.8955586666667,329.175325,-350.2048595,440.3981595,189.264082,-113.51897349999999,423.8511895,357.21883749999995,-26.436571,-66.208213,25.478903000000003
-118.079257,676.8992893333333,329.2060626666667,-350.17717300000004,440.3585575,189.34695749999997,-113.5527155,423.8617345,357.3669645,-26.379445000000004,-66.247389,25.398865
-118.07592233333332,676.9035666666666,329.237003,-350.1500135,440.3186215,189.43191000000002,-113.5884615,423.88070749999997,357.519198,-26.321232999999992,-66.287531,25.319885999999997
-118.07272033333334,676.9084166666667,329.26812766666666,-350.12341549999996,440.2783995,189.51888200000002,-113.6261815,423.9081825,357.675429,-26.26202699999999,-66.32857899999999,25.242143999999996
-118.06965766666667,676.9138629999999,329.2994156666667,-350.097411,440.2379415,189.6078115,-113.665843,423.944218,357.8355425,-26.201921999999996,-66.370476,25.16581100000002
-118.06674033333333,676.9199296666667,329.330846,-350.07203400000003,440.1972975,189.69862849999998,-113.707413,423.9888555,357.9994155,-26.141012000000003,-66.41316099999995,25.091054999999983
-118.06397633333334,676.926638,329.3623983333333,-350.04731649999997,440.156519,189.7912575,-113.750858,424.0421185,358.16692049999995,-26.079392,-66.45657899999998,25.018033000000003
-118.061374,676.9340093333334,329.39404966666666,-350.023294,440.115659,189.8856175,-113.7961425,424.1040125,358.3379215,-26.017158999999992,-66.50067100000001,24.94689900000003
-118.05894066666667,676.9420633333333,329.42577800000004,-350.0,440.0747715,189.98162000000002,-113.8432305,424.174527,358.512278,-25.954409,-66.54538200000002,24.877797999999984
-118.05668566666667,676.9508179999999,329.45755966666667,-349.9774685,440.033911,190.079172,-113.89208450000001,424.2536325,358.689842,-25.891239,-66.59065900000002,24.810866000000033
-118.05461766666667,676.96029,329.48937100000006,-349.9557345,439.993134,190.178175,-113.9426665,424.34128150000004,358.87046050000004,-25.827744999999993,-66.63644900000003,24.746231000000023
-118.05274633333333,676.970495,329.521188,-349.934833,439.952497,190.2785225,-113.99493749999999,424.4374085,359.0539745,-25.764022999999995,-66.68269899999996,24.684012999999993
-118.05108166666666,676.9814473333333,329.55298566666664,-349.914798,439.9120585,190.3801055,-114.0488585,424.54192950000004,359.24021949999997,-25.700167000000008,-66.72936299999998,24.624318999999957
-118.04963400000001,676.9931593333334,329.5847396666666,-349.895666,439.87187700000004,190.482808,-114.104389,424.6547425,359.429026,-25.636274,-66.77639099999999,24.56725
-118.04841333333333,677.0056413333333,329.616424,-349.87747149999996,439.8320125,190.5865085,-114.16148749999999,424.7757265,359.620219,-25.572433000000004,-66.82373899999999,24.512894000000017
-118.04743066666667,677.0189046666667,329.64801300000005,-349.860251,439.7925255,190.691082,-114.220114,424.9047445,359.81361749999996,-25.508738000000008,-66.87136299999997,24.46132700000004
-118.04669666666666,677.032955,329.6794806666667,-349.8440405,439.7534785,190.7963965,-114.280224,425.041638,360.0090365,-25.445278000000002,-66.91922199999999,24.41261700000001
-118.04622333333333,677.0478006666667,329.710801,-349.828876,439.71493350000003,190.90231699999998,-114.34177650000001,425.186234,360.206287,-25.38213900000001,-66.96728000000002,24.36682000000002
-118.04602166666666,677.0634453333333,329.74194766666665,-349.8147925,439.6769535,191.008703,-114.404728,425.33833849999996,360.405174,-25.319407999999996,-67.01549700000004,24.32397400000002
-118.04610266666667,677.0798926666666,329.7728936666667,-349.8018275,439.6396035,191.115411,-114.46903549999999,425.4977425,360.605499,-25.257166999999995,-67.06384300000002,24.284113999999988
-118.04647866666666,677.097144,329.80361300000004,-349.79001800000003,439.6029485,191.222291,-114.5346545,425.664217,360.807059,-25.195494999999994,-67.11228600000004,24.247255999999993
-118.047162,677.1151996666666,329.83407800000003,-349.77939949999995,439.56705450000004,191.329191,-114.6015415,425.8375175,361.0096475,-25.134471000000005,-67.160797,24.213403000000028
-118.04816333333333,677.1340573333333,329.86426266666666,-349.7700085,439.53198699999996,191.43595399999998,-114.669651,426.0173825,361.213053,-25.07416599999999,-67.20935299999996,24.182547999999997
-118.049495,677.1537133333333,329.89413999999994,-349.761882,439.4978145,191.5424215,-114.73894,426.203533,361.4170605,-25.014652000000012,-67.25792799999999,24.154669000000013
-118.05117,677.174163,329.9236833333334,-349.75505699999997,439.464605,191.64842800000002,-114.809363,426.395674,361.6214525,-24.955996,-67.30650600000001,24.129728999999998
-118.05319866666667,677.1954003333334,329.952866,-349.74957,439.43242599999996,191.753809,-114.880874,426.59349499999996,361.826007,-24.898260000000008,-67.35506600000002,24.107681999999954
-118.05559366666667,677.2174153333334,329.9816613333333,-349.74545750000004,439.4013485,191.85839399999998,-114.95343,426.7966705,362.0304985,-24.84150199999999,-67.40359699999999,24.08846299999999
-118.05836633333332,677.2401996666666,330.010043,-349.742756,439.3714405,191.96201000000002,-115.026984,427.004858,362.234699,-24.785777999999993,-67.45208600000001,24.07199399999996
-118.06152866666666,677.2637403333333,330.0379853333333,-349.74150050000003,439.342774,192.064483,-115.10149150000001,427.21770200000003,362.438377,-24.731139,-67.50052399999998,24.058185999999978
-118.06509233333334,677.2880246666667,330.06546266666663,-349.74172899999996,439.31541949999996,192.165636,-115.176907,427.434833,362.6412985,-24.677629999999994,-67.54890600000004,24.046934999999962
-118.06906766666667,677.313037,330.0924486666667,-349.7434765,439.2894485,192.26529,-115.253185,427.6558665,362.84322599999996,-24.625292,-67.59722699999998,24.038119999999992
-118.07346700000001,677.3387616666666,330.1189186666666,-349.7467785,439.2649335,192.36326350000002,-115.330281,427.880405,363.0439195,-24.574162,-67.645488,24.031609000000003
-118.07830033333333,677.3651793333333,330.14484766666664,-349.75166950000005,439.241946,192.4593745,-115.40814900000001,428.10803999999996,363.2431375,-24.524274000000005,-67.69369,24.02725499999997
-118.08357866666667,677.3922713333333,330.170211,-349.75818549999997,439.22055950000004,192.5534385,-115.486744,428.338349,363.440634,-24.475651999999997,-67.74183600000003,24.024900000000002
-118.08931199999999,677.4200156666666,330.194985,-349.7663595,439.2008465,192.64526949999998,-115.56602000000001,428.570899,363.6361625,-24.42832,-67.78993400000002,24.024366999999984
-118.09551033333332,677.44839,330.2191456666667,-349.7762265,439.1828815,192.734683,-115.645932,428.8052455,363.829473,-24.382294,-67.83799099999999,24.02547000000004
-118.10218366666668,677.477369,330.2426703333333,-349.787818,439.166737,192.82149099999998,-115.726436,429.040935,364.020314,-24.337587999999997,-67.88601800000004,24.028008
-118.10934066666665,677.506928,330.265536,-349.80116799999996,439.1524875,192.905507,-115.807486,429.27750149999997,364.208431,-24.294206000000003,-67.93402899999995,24.031768
-118.11699066666667,677.5370393333333,330.28772066666664,-349.81630700000005,439.140207,192.98654249999998,-115.8890365,429.514472,364.3935685,-24.252153000000007,-67.982036,24.03652299999999
-118.125142,677.5676743333333,330.3092026666667,-349.83326550000004,439.129969,193.06441,-115.9710435,429.75136499999996,364.5754685,-24.21142499999999,-68.030056,24.042035000000055
-118.13380233333332,677.598803,330.32996166666663,-349.852075,439.1218485,193.13892199999998,-116.0534615,429.98769000000004,364.753871,-24.172012999999993,-68.07810599999999,24.048051999999984
-118.14297933333334,677.6303943333334,330.3499773333333,-349.87276299999996,439.11591899999996,193.209891,-116.1362465,430.22294899999997,364.9285135,-24.133905000000013,-68.12620399999997,24.054310999999984
-118.15268033333332,677.662415,330.36922933333335,-349.895357,439.1122555,193.27713,-116.21935350000001,430.4566385,365.0991345,-24.097083000000012,-68.17437099999995,24.060539000000006
-118.16291133333334,677.694832,330.38769933333333,-349.91988549999996,439.11093,193.34045400000002,-116.30273749999999,430.688247,365.2654665,-24.061522999999994,-68.22262599999999,24.06645100000003
-118.17367899999999,677.7276096666667,330.40536833333334,-349.946372,439.1120175,193.399678,-116.38635500000001,430.91726,365.427244,-24.027198000000013,-68.27099199999998,24.07175000000001
-118.18498833333335,677.7607126666667,330.42222,-349.97484199999997,439.1155915,193.454617,-116.47016099999999,431.14315650000003,365.58419749999996,-23.994075999999993,-68.31948900000003,24.076130999999975
-118.19684433333333,677.7941023333334,330.43823633333335,-350.005317,439.1217245,193.5050895,-116.5541125,431.365412,365.73605699999996,-23.962118999999987,-68.36814000000004,24.079281999999978
-118.20925199999999,677.827742,330.4534013333334,-350.037819,439.130489,193.550915,-116.63816399999999,431.5834965,365.8825515,-23.93128799999998,-68.416967,24.080874999999992
-118.22221366666668,677.861591,330.4676993333333,-350.072368,439.1419575,193.5919135,-116.722273,431.79688050000004,366.023406,-23.901536000000007,-68.46599099999997,24.080579999999998
-118.23573433333333,677.8956103333334,330.481116,-350.10898,439.1562015,193.627908,-116.80639550000001,432.0050285,366.1583465,-23.872813000000008,-68.51523500000002,24.078055000000006
-118.24981566666668,677.9297583333332,330.4936373333333,-350.1476725,439.173292,193.6587235,-116.89048700000001,432.2074055,366.287097,-23.84506599999999,-68.56471899999997,24.07295399999998
-118.26446,677.9639923333333,330.5052503333334,-350.1884595,439.19329949999997,193.6841865,-116.97450549999999,432.4034735,366.409379,-23.81823899999999,-68.614463,24.064922000000024
-118.27966900000001,677.9982703333334,330.515942,-350.23135249999996,439.2162925,193.7041275,-117.0584075,432.592696,366.52491299999997,-23.792271,-68.664488,24.053600000000017
-118.29544333333332,678.0325486666666,330.5257013333333,-350.2763625,439.2423405,193.71837749999997,-117.1421495,432.774535,366.6334185,-23.767097000000007,-68.71481,24.038621000000035
-118.31178333333332,678.0667833333333,330.53451633333333,-350.323497,439.27151100000003,193.7267705,-117.2256895,432.948453,366.7346135,-23.742650999999995,-68.76544600000005,24.019614999999988
-118.32868833333333,678.1009293333333,330.54237800000004,-350.3727615,439.30387099999996,193.72914550000002,-117.30898450000001,433.113913,366.828213,-23.718865000000008,-68.81640999999996,23.996208000000024
-118.34615866666667,678.1349413333334,330.54927633333335,-350.4241595,439.3394845,193.7253425,-117.391993,433.27038200000004,366.913933,-23.69566599999999,-68.86771600000003,23.968024000000014
-118.36419133333334,678.1687733333333,330.5552026666667,-350.477692,439.3784175,193.7152035,-117.474672,433.417326,366.99148649999995,-23.672979999999995,-68.919374,23.934681000000012
-118.38278500000001,678.2023796666667,330.560149,-350.53335649999997,439.4207325,193.698577,-117.55698100000001,433.5542165,367.060585,-23.65073000000001,-68.97139300000003,23.895798000000013
-118.40193699999999,678.2357136666667,330.56410866666664,-350.59114999999997,439.466491,193.67531200000002,-117.63887749999999,433.6805245,367.12093949999996,-23.628840999999994,-69.023777,23.850990999999965
-118.42164433333333,678.2687276666667,330.56707466666666,-350.651064,439.515753,193.6452605,-117.7203215,433.7957285,367.1722595,-23.607230999999985,-69.07653100000005,23.799879000000033
-118.44190300000001,678.3013746666667,330.569042,-350.7130895,439.568577,193.60828049999998,-117.80127199999998,433.899309,367.2142525,-23.585821999999993,-69.12965400000002,23.742076999999995
-118.46270866666667,678.3336066666667,330.57000466666665,-350.7772135,439.6250215,193.5642315,-117.88168950000001,433.990751,367.2466245,-23.56453300000001,-69.18314199999998,23.677202999999963
-118.48405633333333,678.3653766666666,330.569959,-350.8434195,439.6851405,193.5129775,-117.9615335,434.0695455,367.269081,-23.543284999999983,-69.236989,23.604880000000037
-118.50594133333334,678.3966373333334,330.5689016666667,-350.91169049999996,439.7489875,193.4543855,-118.04076549999999,434.13518750000003,367.2813245,-23.52199499999999,-69.29118699999998,23.524726999999984
-118.52835733333332,678.42734,330.5668293333333,-350.9820025,439.816615,193.388327,-118.11934600000001,434.18717949999996,367.2830585,-23.500584000000003,-69.34571899999997,23.436373000000003
-118.55129733333332,678.457437,330.56373966666666,-351.054332,439.88807199999997,193.31467650000002,-118.197237,434.225029,367.27398300000004,-23.478972,-69.40057000000002,23.339448000000004
-118.57475600000002,678.4868806666667,330.559631,-351.128649,439.9634065,193.2333125,-118.274401,434.248251,367.2537975,-23.45707999999999,-69.455716,23.233587
-118.59872466666667,678.5156233333333,330.55450233333335,-351.204922,440.042664,193.144117,-118.3508025,434.256367,367.2221995,-23.434831000000003,-69.51113199999998,23.118432999999982
-118.62319633333334,678.5436173333334,330.54835299999996,-351.2831175,440.1258875,193.0469775,-118.42640349999999,434.24890600000003,367.1788865,-23.412150999999994,-69.56679000000003,22.993630999999993
-118.648163,678.5708149999999,330.5411833333333,-351.36319449999996,440.2131185,192.941783,-118.5011695,434.22540549999997,367.1235535,-23.388965,-69.62265299999996,22.85883899999999
-118.67361566666666,678.5971696666667,330.532994,-351.445112,440.3043945,192.82842749999998,-118.5750655,434.1854105,367.0558945,-23.365202999999994,-69.67868299999998,22.71371700000003
-118.699546,678.6226343333333,330.5237856666667,-351.5288245,440.39975300000003,192.70681,-118.6480575,434.128474,366.97560250000004,-23.340795,-69.73483600000003,22.557938999999976
-118.72594466666668,678.6471630000001,330.51356,-351.6142825,440.49922649999996,192.5768305,-118.7201135,434.054159,366.88236900000004,-23.31567899999999,-69.791066,22.391186000000005
-118.75280166666666,678.670709,330.50231966666666,-351.7014325,440.602846,192.4383965,-118.7912005,433.962038,366.77588349999996,-23.289790999999994,-69.84731799999997,22.213148999999987
-118.78010766666667,678.693226,330.4900666666667,-351.790218,440.71064,192.2914155,-118.861288,433.85168999999996,366.65583649999996,-23.263076000000012,-69.90353399999998,22.02353099999999
-118.80785266666668,678.7146703333334,330.4768046666667,-351.8805795,440.822633,192.135802,-118.93034549999999,433.722708,366.5219145,-23.23547699999999,-69.959652,21.822043000000008
-118.836026,678.7349956666667,330.462536,-351.97245250000003,440.9388485,191.9714735,-118.998345,433.5746915,366.3738055,-23.20694800000001,-70.01560699999999,21.608415000000036
-118.86461800000001,678.7541583333333,330.447265,-352.06576900000005,441.0593055,191.79835000000003,-119.065258,433.40725150000003,366.211195,-23.177442,-70.07132299999995,21.382382000000007
-118.89361666666667,678.7721146666667,330.4309953333334,-352.160458,441.18402100000003,191.6163565,-119.131059,433.2200105,366.0337675,-23.14692000000001,-70.12672499999996,21.14369899999997
-118.92301200000001,678.7888213333333,330.41373166666665,-352.25644450000004,441.31300799999997,191.425421,-119.1957215,433.0126015,365.8412085,-23.11534900000001,-70.18173100000001,20.892131000000006
-118.952793,678.8042360000001,330.395478,-352.35364949999996,441.446277,191.22547550000002,-119.25922249999999,432.784667,365.633199,-23.08269899999999,-70.23625399999997,20.62745799999999
-118.982949,678.8183163333334,330.37624,-352.45199049999997,441.583835,191.016456,-119.32154,432.535862,365.4094235,-23.048947999999996,-70.29020200000002,20.34947699999998
-119.01346766666666,678.8310216666667,330.3560223333333,-352.551381,441.7256865,190.798302,-119.38265150000001,432.265854,365.1695625,-23.014078999999995,-70.34348,20.05800099999999
-119.04433933333333,678.842311,330.33483,-352.6517315,441.87183100000004,190.5709555,-119.4425385,431.9743215,364.9132985,-22.978081000000003,-70.39598700000005,19.752854999999954
-119.07555133333334,678.852145,330.31266899999997,-352.752949,442.022267,190.3343635,-119.5011825,431.6609535,364.6403115,-22.94094899999999,-70.44761700000004,19.433885000000032
-119.10709366666667,678.8604833333334,330.28954433333337,-352.854936,442.176987,190.0884745,-119.55856750000001,431.32545400000004,364.3502825,-22.90268900000001,-70.49826000000002,19.100953000000004
-119.13895433333333,678.8672886666667,330.265462,-352.95759250000003,442.3359825,189.83324299999998,-119.614679,430.967538,364.0428925,-22.86330600000001,-70.54780399999999,18.753937000000008
-119.17112266666668,678.8725236666666,330.2404276666667,-353.0608145,442.49923950000004,189.568624,-119.66950250000001,430.586933,363.717821,-22.82281900000001,-70.59612800000002,18.392736000000014
-119.20358833333334,678.8761499999999,330.21444733333334,-353.164495,442.666742,189.2945775,-119.7230285,430.18338,363.37474999999995,-22.781250999999997,-70.64311199999997,18.01726400000001
-119.23633933333333,678.878133,330.1875263333333,-353.2685235,442.8384695,189.011066,-119.77524700000001,429.756633,363.0133595,-22.738634000000005,-70.688628,17.627454999999998
-119.269366,678.8784363333333,330.15967099999995,-353.372786,443.01439849999997,188.718056,-119.82615000000001,429.30645949999996,362.6333315,-22.695003999999997,-70.732549,17.223262999999974
-119.302657,678.877026,330.1308866666667,-353.47716649999995,443.194502,188.4155165,-119.875732,428.832639,362.2343485,-22.650408000000013,-70.77474000000001,16.804659000000015
-119.336203,678.8738686666667,330.10118033333333,-353.5815455,443.378748,188.10341849999998,-119.923989,428.334967,361.81609349999997,-22.604898000000006,-70.815064,16.37163300000003
-119.36999266666668,678.86893,330.0705563333333,-353.685799,443.567103,187.78173800000002,-119.9709205,427.813252,361.37825050000004,-22.558535000000006,-70.853384,15.924198999999987
-119.40401733333334,678.8621793333333,330.0390213333333,-353.789803,443.7595285,187.45045249999998,-120.0165255,427.2673155,360.920505,-22.511387000000013,-70.88955499999997,15.462386000000038
-119.43826733333333,678.8535843333333,330.0065803333333,-353.89342899999997,443.9559825,187.10954199999998,-120.06080700000001,426.69699449999996,360.442545,-22.463530000000006,-70.92343299999999,14.986244
-119.47273333333334,678.8431153333332,329.973239,-353.9965465,444.15642,186.7589915,-120.103769,426.1021405,359.94405900000004,-22.415046000000004,-70.95487099999997,14.495843999999977
-119.50740566666666,678.8307426666667,329.9390026666667,-354.0990225,444.36079199999995,186.3987865,-120.145419,425.482619,359.424739,-22.36602599999999,-70.98371999999995,13.99127599999997
-119.542277,678.8164366666666,329.90387699999997,-354.2007225,444.5690455,186.02891599999998,-120.1857655,424.83831150000003,358.8842775,-22.316567000000006,-71.00982900000002,13.472651000000042
-119.57733866666668,678.8001703333333,329.8678663333333,-354.301509,444.7811245,185.6493715,-120.22482,424.169112,358.322372,-22.266773999999998,-71.03304400000002,12.940097999999978
-119.61258266666665,678.781915,329.830976,-354.401242,444.99697000000003,185.26014800000002,-120.26259499999999,423.4749335,357.738722,-22.216759999999994,-71.05321299999997,12.393766000000028
-119.64800166666667,678.7616453333334,329.79321000000004,-354.499782,445.2165175,184.861242,-120.2991065,422.7557005,357.13302999999996,-22.166643000000008,-71.07018099999999,11.833827999999983
-119.68358866666665,678.7393353333333,329.75457366666666,-354.596986,445.439702,184.4526535,-120.3343725,422.011356,356.50500250000005,-22.116549000000006,-71.08379199999996,11.260470999999995
-119.719337,678.7149603333334,329.715071,-354.69271000000003,445.6664525,184.034384,-120.3684135,421.241858,355.8543505,-22.066608999999985,-71.09388999999999,10.673902999999996
-119.75524033333333,678.6884960000001,329.67470533333335,-354.786809,445.896696,183.606438,-120.4012515,420.4471795,355.180789,-22.01696299999999,-71.10031900000001,10.074353999999971
-119.79129366666666,678.6599196666667,329.63348133333335,-354.8791365,446.130356,183.1688235,-120.43291099999999,419.62730999999997,354.4840375,-21.967755999999994,-71.10292599999997,9.462069000000042
-119.82749166666667,678.6292073333334,329.5914023333333,-354.9695465,446.367352,182.72154949999998,-120.46342,418.7822575,353.763822,-21.91913600000001,-71.10155500000002,8.837313999999992
-119.86382900000001,678.5963386666667,329.548472,-355.05789100000004,446.60760200000004,182.26462700000002,-120.4928075,417.912042,353.0198725,-21.87125900000001,-71.09605199999999,8.200373000000013
-119.90030200000001,678.561292,329.50469300000003,-355.144021,446.8510185,181.7980725,-120.521106,417.016705,352.251927,-21.82429000000002,-71.08626600000002,7.551547999999968
-119.93690633333334,678.5240473333333,329.46006800000004,-355.2277895,447.0975135,181.3219015,-120.5483485,416.0963015,351.459727,-21.778391,-71.072045,6.8911580000000185
-119.97363933333332,678.4845853333333,329.41460033333334,-355.30904699999996,447.3469945,180.83613350000002,-120.5745725,415.1509055,350.6430245,-21.733734999999996,-71.05324100000001,6.2195370000000025
-120.01049833333333,678.4428866666667,329.3682923333334,-355.38764649999996,447.59936700000003,180.340791,-120.599817,414.180606,349.80157599999995,-21.690495999999996,-71.02970800000003,5.537041999999985
-120.04748033333333,678.3989343333333,329.32114566666667,-355.463439,447.854534,179.835897,-120.6241225,413.185511,348.93514749999997,-21.648853000000017,-71.00130200000001,4.844039000000009
-120.08458466666667,678.35271,329.2731626666667,-355.5362775,448.1123935,179.321479,-120.6475325,412.1657465,348.04351299999996,-21.608986999999985,-70.96788300000003,4.140914000000009
-120.12180933333333,678.3041976666666,329.224345,-355.6060155,448.37284450000004,178.79756600000002,-120.67009300000001,411.12145350000003,347.12645499999996,-21.571085999999994,-70.92931300000004,3.428066000000001
-120.15915366666667,678.2533816666668,329.1746943333333,-355.672509,448.635781,178.2641895,-120.691851,410.0527935,346.1837645,-21.535334000000006,-70.88545899999997,2.7059090000000197
-120.196618,678.2002463333333,329.12421166666667,-355.7356115,448.901096,177.721383,-120.712858,408.959944,345.2152435,-21.501924000000002,-70.83619199999998,1.9748730000000023
-120.23420166666665,678.144778,329.07289799999995,-355.7951825,449.16868050000005,177.169184,-120.73316549999998,407.843101,344.22070399999996,-21.47104499999999,-70.781386,1.2353959999999802
-120.27190666666667,678.0869633333333,329.02075433333334,-355.851079,449.4384225,176.60763100000003,-120.7528275,406.7024785,343.1999685,-21.442893000000012,-70.72092099999998,0.4879329999999982
-120.309734,678.0267886666667,328.96778133333333,-355.9031635,449.71020899999996,176.0367655,-120.77190049999999,405.53830949999997,342.15287,-21.417659,-70.65467900000004,-0.2670500000000402
-120.34768466666667,677.9642423333333,328.9139803333333,-355.9512985,449.983925,175.4566325,-120.79044350000001,404.3508435,341.0792545,-21.395539,-70.58255299999996,-1.0290790000000243
-120.385762,677.899313,328.85935066666667,-355.9953485,450.2594535,174.8672775,-120.8085155,403.140349,339.97897950000004,-21.376725000000008,-70.504434,-1.797664999999995
-120.423968,677.83199,328.80389333333335,-356.0351825,450.536676,174.2687515,-120.82618,401.90711350000004,338.8519155,-21.361412000000016,-70.42022500000002,-2.5723130000000083
-120.46230666666668,677.762264,328.7476076666667,-356.070671,450.8154745,173.66110550000002,-120.8435005,400.65144250000003,337.697945,-21.349790999999996,-70.32983299999995,-3.352518000000032
-120.50078066666667,677.6901246666666,328.69049433333333,-356.10168699999997,451.095728,173.0443945,-120.86054349999999,399.37365850000003,336.51696649999997,-21.342052999999993,-70.23316900000003,-4.137768999999992
-120.53939466666667,677.6155656666666,328.6325526666667,-356.128108,451.37731399999996,172.418677,-120.877375,398.0741035,335.30889,-21.338386000000014,-70.130153,-4.927544000000012
-120.578154,677.5385776666667,328.573783,-356.1498135,451.66011149999997,171.7840125,-120.89406449999998,396.753138,334.0736415,-21.33897499999999,-70.020712,-5.721318999999994
-120.61706166666666,677.4591553333333,328.51418433333333,-356.1666885,451.94399699999997,171.1404645,-120.9106835,395.4111405,332.81116199999997,-21.344003,-69.90477700000002,-6.518562000000031
-120.65612433333335,677.3772926666667,328.453757,-356.178619,452.228847,170.48809899999998,-120.9273025,394.04850650000003,331.5214075,-21.353649000000004,-69.78228900000005,-7.318736999999999
-120.69534800000001,677.292984,328.39250066666665,-356.185498,452.514538,169.82698549999998,-120.943996,392.665651,330.204351,-21.368088,-69.65319600000004,-8.121306000000004
-120.73473766666666,677.206226,328.3304146666667,-356.18722,452.80094599999995,169.1571955,-120.960837,391.263006,328.85997999999995,-21.38749,-69.51745,-8.925727999999992
-120.77430033333333,677.1170153333334,328.2674983333333,-356.1836855,453.087947,168.4788045,-120.977902,389.84102199999995,327.4883,-21.41202,-69.37501600000002,-9.731456000000037
-120.81404233333335,677.0253496666668,328.2037516666667,-356.174799,453.37541699999997,167.7918905,-120.9952675,388.400166,326.089334,-21.441838999999987,-69.225862,-10.537948000000029
-120.85397133333333,676.931228,328.1391743333333,-356.1604705,453.663233,167.09653500000002,-121.01301050000001,386.940923,324.6631205,-21.47709900000001,-69.06996600000002,-11.344658999999979
-120.89409366666666,676.8346493333333,328.073766,-356.14061300000003,453.951272,166.392822,-121.0312095,385.463795,323.2097185,-21.517949000000016,-68.90731400000004,-12.15104500000001
-120.93441766666668,676.7356143333333,328.00752666666665,-356.115146,454.239412,165.6808385,-121.04994250000001,383.969301,321.72920250000004,-21.564527000000012,-68.73789800000003,-12.956565000000012
-120.97495033333333,676.6341256666666,327.940456,-356.083994,454.52753099999995,164.960677,-121.06929050000001,382.4579755,320.221667,-21.61696900000001,-68.56172099999998,-13.760678000000041
-121.01570033333333,676.5301846666666,327.872554,-356.0470855,454.815509,164.2324305,-121.0893315,380.9303715,318.6872255,-21.675399,-68.37879100000004,-14.562851000000023
-121.05667533333333,676.4237963333334,327.8038206666667,-356.0043565,455.103227,163.4961965,-121.11014700000001,379.38705400000003,317.1260085,-21.739936000000014,-68.18912600000004,-15.362550999999996
-121.09788433333334,676.3149646666666,327.734257,-355.955747,455.3905665,162.7520765,-121.131816,377.828608,315.53816800000004,-21.810688,-67.992752,-16.15925199999998
-121.13933466666667,676.2036966666666,327.663863,-355.9012035,455.67741149999995,162.0001745,-121.15441849999999,376.2556295,313.9238745,-21.887757000000008,-67.78970100000004,-16.95243499999998
-121.181036,676.0899986666667,327.59263899999996,-355.8406765,455.96364700000004,161.240598,-121.17803550000001,374.6687325,312.283317,-21.971233000000012,-67.580015,-17.74158799999998
-121.22299600000001,675.97388,327.520587,-355.774126,456.24915999999996,160.473459,-121.202746,373.068541,310.616706,-22.061200000000014,-67.363744,-18.526206000000002
-121.265224,675.8553493333334,327.44770666666665,-355.701514,456.533839,159.6988715,-121.2286295,371.455697,308.924271,-22.157730999999984,-67.14094399999999,-19.305790000000002
-121.307729,675.7344186666668,327.3740003333333,-355.62281,456.8175755,158.9169555,-121.2557655,369.83085200000005,307.2062615,-22.26088700000001,-66.91167999999999,-20.079857000000004
-121.35051833333334,675.6110996666667,327.2994696666667,-355.5379915,457.1002625,158.127832,-121.2842315,368.19467199999997,305.462946,-22.370722999999998,-66.67602400000004,-20.847928000000024
-121.39360266666667,675.4854063333333,327.22411600000004,-355.447039,457.38179449999996,157.3316275,-121.31410400000001,366.5478335,303.694615,-22.487280000000013,-66.43405899999999,-21.609538000000043
-121.436989,675.3573536666667,327.14794266666667,-355.3499415,457.66206999999997,156.5284715,-121.34546,364.891025,301.901577,-22.610591999999997,-66.18586800000003,-22.36423199999996
-121.48068666666666,675.2269583333333,327.07095066666665,-355.2466925,457.9409895,155.7184975,-121.378375,363.224945,300.0841625,-22.740678000000003,-65.93154800000002,-23.11156900000003
-121.52470433333333,675.0942376666667,326.99314433333336,-355.137294,458.2184555,154.901842,-121.41292200000001,361.550302,298.2427205,-22.877551999999994,-65.6712,-23.851118999999983
-121.56905033333334,674.9592116666666,326.91452566666663,-355.02175250000005,458.4943745,154.0786475,-121.449174,359.8678125,296.37762050000003,-23.02121199999999,-65.40493300000003,-24.58246700000001
-121.61373233333332,674.8219013333334,326.8350996666666,-354.9000805,458.7686545,153.2490575,-121.4872015,358.17820400000005,294.4892505,-23.171649000000002,-65.13286,-25.305213000000037
-121.65875966666665,674.6823286666666,326.7548696666667,-354.772299,459.041206,152.41322250000002,-121.527074,356.4822085,292.57802000000004,-23.32884,-64.85510499999998,-26.01896800000003
-121.70413933333333,674.5405183333334,326.6738393333333,-354.63843299999996,459.3119455,151.571294,-121.56885750000001,354.78056649999996,290.64435649999996,-23.492753000000008,-64.57179500000001,-26.72336100000001
-121.74987933333334,674.3964956666666,326.592015,-354.498515,459.580789,150.7234295,-121.612619,353.0740235,288.688707,-23.663343999999995,-64.28306299999997,-27.418037999999967
-121.79598700000001,674.2502886666666,326.50940066666664,-354.35258350000004,459.84765749999997,149.8697905,-121.6584205,351.363331,286.7115375,-23.840559,-63.98904799999997,-28.102659000000017
-121.84246999999999,674.1019256666667,326.4260033333333,-354.20068349999997,460.11247549999996,149.01054,-121.706323,349.6492435,284.71333200000004,-24.024333999999996,-63.68989499999998,-28.776900000000012
-121.889335,673.9514376666666,326.341828,-354.042866,460.37516949999997,148.145849,-121.7563845,347.93252,282.6945945,-24.214590999999984,-63.385756000000015,-29.440455000000043
-121.93658866666665,673.7988569999999,326.25688199999996,-353.879187,460.6356695,147.2758895,-121.8086615,346.213921,280.6558455,-24.411245000000008,-63.07678400000003,-30.093034999999986
-121.98423666666667,673.6442183333334,326.17117233333335,-353.70970950000003,460.8939095,146.40083900000002,-121.863207,344.4942095,278.597622,-24.614198000000016,-62.763139000000024,-30.734370000000013
-122.03228666666666,673.4875579999999,326.0847063333333,-353.5345035,461.1498265,145.5208785,-121.9200705,342.77414799999997,276.520482,-24.82334499999999,-62.44498600000003,-31.364206000000024
-122.08074266666667,673.3289126666667,325.997493,-353.35364300000003,461.403361,144.6361935,-121.9793,341.0544995,274.424997,-25.038566000000003,-62.12249300000002,-31.98230799999999
-122.129611,673.1683226666667,325.9095406666666,-353.16720899999996,461.65445550000004,143.746974,-122.04093850000001,339.336025,272.31175599999995,-25.259734999999992,-61.795830000000024,-32.588458
-122.17889600000001,673.0058283333333,325.8208583333333,-352.975286,461.90305750000005,142.8534125,-122.105028,337.6194845,270.1813635,-25.486716,-61.465175000000045,-33.18245699999997
-122.22860266666667,672.8414743333333,325.7314553333334,-352.777968,462.14911700000005,141.95570800000002,-122.171606,335.9056345,268.03444,-25.71936199999999,-61.13070499999998,-33.764125999999976
-122.27873433333333,672.6753046666666,325.6413433333333,-352.5753505,462.3925865,141.054062,-122.24070549999999,334.1952255,265.871621,-25.95751699999998,-60.792602999999986,-34.333302
-122.32929533333333,672.5073663333334,325.550532,-352.367536,462.633424,140.1486805,-122.312358,332.489006,263.693555,-26.201018000000005,-60.451052000000004,-34.889842000000016
-122.38028833333334,672.337708,325.4590336666667,-352.1546315,462.87158750000003,139.23977349999998,-122.386589,330.78771700000004,261.5009055,-26.449692,-60.106240000000014,-35.43362099999999
-122.43171633333333,672.1663796666667,325.36686000000003,-351.93675,463.1070405,138.32755600000002,-122.46342250000001,329.092092,259.294349,-26.703358999999992,-59.758354,-35.96453199999999
-122.48358133333333,671.993434,325.27402333333333,-351.71400800000004,463.339749,137.4122465,-122.5428775,327.4028585,257.074574,-26.961831000000018,-59.40758499999998,-36.482485999999994
-122.53588566666667,671.8189243333333,325.1805376666667,-351.486527,463.569681,136.4940655,-122.624968,325.720734,254.8422815,-27.22491000000001,-59.054126,-36.98741499999997
-122.58863000000001,671.642907,325.08641600000004,-351.254433,463.796809,135.573242,-122.7097045,324.0464265,252.5981845,-27.49239700000001,-58.69816700000001,-37.47926499999997
-122.64181466666666,671.4654393333334,324.9916733333334,-351.0178575,464.02110700000003,134.650005,-122.7970945,322.38063350000004,250.343004,-27.764081000000004,-58.33990499999999,-37.95800199999999
-122.69544066666667,671.2865800000001,324.896325,-350.77693250000004,464.242551,133.7245885,-122.88714,320.724042,248.0774745,-28.039746000000008,-57.97953199999995,-38.42360900000003
-122.74950733333334,671.1063903333334,324.80038600000006,-350.531798,464.4611225,132.7972315,-122.9798375,319.07732599999997,245.80233600000003,-28.319172999999992,-57.61724399999997,-38.876086000000015
-122.80401433333333,670.9249323333333,324.7038723333333,-350.28259449999996,464.676803,131.868175,-123.075182,317.4411465,243.5183415,-28.602134000000007,-57.25323500000002,-39.315449
-122.85895966666665,670.7422706666666,324.6068023333333,-350.029468,464.88957700000003,130.937666,-123.173161,315.816151,241.2262475,-28.88839999999999,-56.887699999999995,-39.74173299999998
-122.91434166666666,670.5584703333334,324.5091916666667,-349.7725655,465.09943150000004,130.0059525,-123.2737585,314.20297100000005,238.92682000000002,-29.177735000000013,-56.520831999999984,-40.15498800000003
-122.97015766666668,670.3735986666667,324.41106,-349.5120395,465.30635500000005,129.073288,-123.37695450000001,312.6022245,236.620831,-29.469899000000012,-56.152827,-40.555275999999964
-123.02640500000001,670.1877243333332,324.312425,-349.2480435,465.51034,128.139928,-123.482723,311.01451299999997,234.3090585,-29.764651999999998,-55.783874000000026,-40.94268099999999
-123.08308033333333,670.0009176666666,324.21330666666665,-348.98073350000004,465.7113785,127.206133,-123.59103499999999,309.44041949999996,231.9922845,-30.061747999999994,-55.41416499999997,-41.317296999999996
-123.14017833333332,669.8132496666666,324.1137243333333,-348.7102695,465.9094655,126.272164,-123.7018535,307.88051099999996,229.67129549999999,-30.360939000000016,-55.043889999999976,-41.67923099999999
-123.197696,669.6247930000001,324.01369900000003,-348.43681000000004,466.1045975,125.3382885,-123.81514000000001,306.33533650000004,227.3468815,-30.661974,-54.67323700000003,-42.02861100000001
-123.255627,669.4356213333334,323.91325233333333,-348.160519,466.29677200000003,124.4047745,-123.9308495,304.80542449999996,225.019835,-30.96460499999999,-54.302392999999995,-42.36556999999999
-123.31396633333333,669.2458103333333,323.81240499999996,-347.881559,466.48598949999996,123.471893,-124.04893200000001,303.29128549999996,222.69095099999998,-31.26858,-53.93153899999999,-42.690259999999995
-123.37270699999999,669.0554356666667,323.7111796666667,-347.600097,466.67225,122.539918,-124.169333,301.79341,220.3610235,-31.573645999999997,-53.56085999999999,-43.00283900000002
-123.431843,668.8645743333333,323.6096,-347.3162975,466.85555550000004,121.609126,-124.29199249999999,300.312267,218.03085,-31.879548999999997,-53.190534000000014,-43.303482
-123.49136600000001,668.6733046666667,323.507689,-347.030328,467.0359085,120.679795,-124.4168465,298.8483055,215.701225,-32.18604100000002,-52.82073700000001,-43.59237200000001
-123.55126866666666,668.481705,323.40547066666664,-346.742356,467.213312,119.7522065,-124.5438255,297.401952,213.3729425,-32.492870999999994,-52.45164399999999,-43.86970500000001
-123.61154266666667,668.2898553333333,323.3029696666667,-346.452549,467.3877715,118.8266415,-124.672855,295.973613,211.04679449999998,-32.79978799999999,-52.083424000000036,-44.135681000000005
-123.67217933333335,668.0978356666666,323.200211,-346.161074,467.5592905,117.9033845,-124.8038555,294.563671,208.72357,-33.10654499999998,-51.71624799999995,-44.39051599999999
-123.73316866666666,667.905727,323.09722066666666,-345.86809900000003,467.72787600000004,116.98272,-124.9367435,293.172486,206.4040555,-33.412898999999996,-51.35027600000001,-44.634431000000006
-123.79450066666668,667.7136106666667,322.994025,-345.5737905,467.8935315,116.064935,-125.0714295,291.80039650000003,204.0890325,-33.718607000000006,-50.98567299999996,-44.86765300000002
-123.85616600000002,667.5215673333333,322.8906503333333,-345.278314,468.0562645,115.1503155,-125.207821,290.44771649999996,201.7792765,-34.023430000000005,-50.622592999999995,-45.090419
-123.91815233333334,667.3296796666667,322.787124,-344.9818345,468.21608000000003,114.2391495,-125.3458195,289.114737,199.475559,-34.327133,-50.26119399999999,-45.302974000000006
-123.98044933333334,667.1380286666666,322.683474,-344.68451500000003,468.37298450000003,113.33172449999999,-125.4853225,287.80172600000003,197.1786445,-34.62948499999999,-49.90162200000003,-45.505562999999995
-124.04304433333334,666.9466973333333,322.5797273333333,-344.3865185,468.526983,112.4283275,-125.626222,286.50892699999997,194.8892895,-34.930260000000004,-49.544025999999974,-45.698443
-124.105926,666.7557673333334,322.47591366666666,-344.08800499999995,468.67808149999996,111.5292465,-125.7684065,285.2365605,192.60824350000001,-35.229235,-49.18854699999997,-45.88187100000002
-124.16908133333334,666.5653193333333,322.37206199999997,-343.7891315,468.826284,110.63476800000001,-125.911761,283.984822,190.33624700000001,-35.526194000000004,-48.835324000000014,-46.05611000000002
-124.23249700000001,666.3754359999999,322.26820066666664,-343.490055,468.971596,109.74517700000001,-126.056165,282.753883,188.074031,-35.820925999999986,-48.484489999999994,-46.221423999999985
-124.29615933333334,666.1861976666667,322.1643603333333,-343.1909285,469.114022,108.860758,-126.2014945,281.54389349999997,185.8223175,-36.113225,-48.13617700000003,-46.378085
-124.36005399999999,665.9976843333333,322.0605703333333,-342.8919025,469.253564,107.98179350000001,-126.3476215,280.35497599999997,183.5818165,-36.402893000000006,-47.79050799999999,-46.52636100000001
-124.42416833333334,665.8099766666667,321.9568613333333,-342.59312450000004,469.390225,107.1085645,-126.494414,279.1872325,181.353227,-36.689735999999996,-47.44760700000003,-46.666526000000005
-124.48848600000001,665.6231526666667,321.85326333333336,-342.29473900000005,469.5240075,106.24134850000002,-126.6417375,278.04073900000003,179.137238,-36.973567,-47.10758800000002,-46.79885200000001
-124.55299266666667,665.4372916666667,321.74980766666664,-341.9968875,469.65491199999997,105.38042150000001,-126.78945200000001,276.9155485,176.934523,-37.25420800000002,-46.770565000000005,-46.923614000000015
-124.61767233333335,665.2524696666667,321.6465256666667,-341.6997065,469.782939,104.52605600000001,-126.937416,275.8116905,174.7457445,-37.531487999999996,-46.436646999999994,-47.04108500000001
-124.68251,665.0687626666667,321.54344799999996,-341.40333,469.90808649999997,103.67852149999999,-127.0854845,274.7291725,172.57155,-37.805238999999986,-46.10593700000001,-47.15154000000001
-124.74748966666668,664.8862456666667,321.4406066666666,-341.107888,470.0303535,102.83808199999999,-127.233509,273.667978,170.4125745,-38.07530800000001,-45.77853200000001,-47.25524899999999
-124.81259433333332,664.7049923333333,321.338032,-340.8135065,470.1497365,102.0049995,-127.3813385,272.628067,168.26943599999998,-38.34154100000001,-45.45452999999998,-47.352483999999976
-124.87780766666667,664.5250743333334,321.2357573333333,-340.5203055,470.2662325,101.1795315,-127.5288195,271.609379,166.1427375,-38.60380100000002,-45.13401799999997,-47.443511
-124.943113,664.3465620000001,321.1338133333333,-340.22840199999996,470.37983399999996,100.36192799999999,-127.6757965,270.61183,164.03306800000001,-38.861951000000005,-44.817082,-47.52859800000002
-125.00849333333333,664.169524,321.032232,-339.937909,470.490537,99.55243800000001,-127.8221115,269.6353155,161.94099699999998,-39.11586899999999,-44.50380300000003,-47.60800800000001
-125.07393033333334,663.9940270000001,320.93104466666665,-339.648932,470.598332,98.7513005,-127.967604,268.679709,159.86708,-39.36543399999999,-44.19425799999999,-47.68199999999999
-125.13940766666667,663.8201366666667,320.830284,-339.36157449999996,470.7032115,97.958752,-128.112113,267.744863,157.81185299999999,-39.610541999999995,-43.88851600000001,-47.75082999999998
-125.20490699999999,663.6479153333333,320.72998033333334,-339.0759345,470.805165,97.1750215,-128.2554755,266.830611,155.7758345,-39.85108899999999,-43.58664600000003,-47.814749000000006
-125.27041000000001,663.4774243333333,320.630166,-338.7921025,470.9041825,96.400331,-128.3975265,265.9367645,153.7595265,-40.08698500000001,-43.28870900000001,-47.87400500000001
-125.33589866666667,663.308722,320.5308723333333,-338.5101665,471.0002505,95.6348965,-128.53810099999998,265.06311800000003,151.76341000000002,-40.318147999999994,-42.99476199999998,-47.92884000000001
-125.40135466666668,663.141865,320.43213066666664,-338.2302075,471.09335599999997,94.878926,-128.6770325,264.20944599999996,149.787948,-40.544499000000016,-42.70486,-47.97949199999999
-125.46676000000001,662.9769076666666,320.33397066666663,-337.9523015,471.183485,94.132621,-128.814155,263.375504,147.8335835,-40.76597600000001,-42.41905000000003,-48.026191
-125.53209566666665,662.8139006666667,320.23642433333333,-337.67652,471.270622,93.396175,-128.949301,262.561032,145.9007415,-40.98252000000001,-42.13737600000002,-48.06916500000001
-125.59734333333331,662.6528943333333,320.13952133333333,-337.4029265,471.35475099999996,92.6697715,-129.082303,261.7657505,143.989824,-41.194079999999985,-41.85987900000001,-48.108633999999995
-125.66248333333333,662.4939343333333,320.04329233333334,-337.131582,471.4358535,91.9535885,-129.212995,260.9893645,142.1012155,-41.400616000000014,-41.58659100000003,-48.144813
-125.72749700000001,662.3370643333334,319.9477663333334,-336.8625395,471.513912,91.2477935,-129.34121,260.2315645,140.235277,-41.602096,-41.317544999999996,-48.177908
-125.792366,662.1823253333333,319.85297266666663,-336.595847,471.5889065,90.5525465,-129.4667815,259.4920245,138.3923515,-41.79849299999999,-41.05276500000002,-48.208122999999986
-125.85707099999998,662.0297563333334,319.75894066666666,-336.3315485,471.660818,89.8679975,-129.58954599999998,258.770404,136.572758,-41.989791999999994,-40.79227399999999,-48.235652
-125.92159299999999,661.8793916666667,319.66569766666663,-336.0696795,471.7296255,89.1942875,-129.709339,258.066349,134.7767955,-42.175984000000014,-40.53608999999997,-48.260683
-125.985912,661.7312636666667,319.57327166666664,-335.8102715,471.795307,88.531548,-129.825998,257.3794935,133.00474250000002,-42.35706800000001,-40.284223000000026,-48.28339700000001
-126.05000966666667,661.5854023333335,319.48169033333335,-335.553351,471.857841,87.87990049999999,-129.939363,256.7094575,131.2568535,-42.53304999999999,-40.036685000000006,-48.303971000000004
-126.11386733333335,661.441834,319.3909796666667,-335.2989375,471.9172055,87.239458,-130.0492745,256.05585099999996,129.533363,-42.70394299999998,-39.79347799999999,-48.322571999999994
-126.17746466666667,661.300582,319.301166,-335.0470465,471.9733765,86.6103225,-130.1555765,255.4182715,127.83448250000001,-42.869771,-39.55460500000001,-48.339359
-126.24078333333334,661.1616660000001,319.21227433333337,-334.79768750000005,472.026332,85.992587,-130.2581145,254.796309,126.1604025,-43.030559,-39.32006000000001,-48.354487000000006
-126.30380400000001,661.025103,319.1243293333334,-334.550864,472.07604649999996,85.3863325,-130.356736,254.18954100000002,124.5112895,-43.18634399999999,-39.08983600000002,-48.36810300000002
-126.366508,660.8909083333333,319.037354,-334.306575,472.1224985,84.7916315,-130.4512935,253.59753949999998,122.8872905,-43.337169,-38.86392299999997,-48.380346999999986
-126.42887566666666,660.7590913333332,318.95137266666666,-334.064814,472.1656635,84.2085465,-130.5416405,253.019867,121.28852900000001,-43.48307899999999,-38.64230200000003,-48.391352
-126.490889,660.6296603333334,318.8664063333333,-333.82557099999997,472.205518,83.637128,-130.627634,252.45607900000002,119.71510649999999,-43.624129999999994,-38.42495600000001,-48.40124300000001
-126.55252800000001,660.5026200000001,318.78247733333336,-333.58882900000003,472.242038,83.0774175,-130.7091355,251.905727,118.167102,-43.76038299999999,-38.211862000000025,-48.41014000000001
-126.61377566666665,660.3779713333333,318.6996053333333,-333.35456750000003,472.2752005,82.5294465,-130.78600899999998,251.368355,116.6445745,-43.89190199999999,-38.00299199999998,-48.41815700000001
-126.67461133333332,660.255713,318.6178106666667,-333.12276099999997,472.304983,81.993235,-130.858124,250.843504,115.147559,-44.018758000000005,-37.798316,-48.42539799999999
-126.73501833333334,660.1358393333334,318.5371113333333,-332.89338,472.331363,81.468793,-130.925352,250.3307095,113.67607050000001,-44.14103,-37.597801000000004,-48.43196300000001
-126.79497766666667,660.0183433333333,318.4575256666667,-332.666391,472.354318,80.9561215,-130.9875705,249.8295065,112.23010199999999,-44.25879500000002,-37.401409,-48.437946
-126.85447033333332,659.9032136666666,318.37907,-332.441755,472.373828,80.45521,-131.0446595,249.3394255,110.809625,-44.372141,-37.20909900000001,-48.443433999999996
-126.91347900000001,659.790436,318.30176,-332.2194305,472.389872,79.9660395,-131.096506,248.8599975,109.414591,-44.48115800000001,-37.020827,-48.448508000000004
-126.97198566666667,659.6799933333333,318.225611,-331.9993725,472.40243050000004,79.4885785,-131.143,248.39075350000002,108.04493,-44.585938,-36.836547000000024,-48.45324199999999
-127.02997333333333,659.5718656666667,318.1506363333333,-331.781531,472.41148599999997,79.02278799999999,-131.18403750000002,247.931222,106.700552,-44.68657900000001,-36.65620799999999,-48.457706
-127.08742266666667,659.4660299999999,318.0768483333333,-331.56585399999994,472.4170205,78.5686195,-131.219518,247.4809365,105.38134699999999,-44.783182,-36.479757000000006,-48.46196599999999
-127.144318,659.362461,318.00425966666666,-331.352287,472.4190185,78.1260125,-131.2493485,247.03942899999998,104.0871845,-44.875849,-36.307139999999976,-48.46607899999999
-127.20064166666667,659.2611296666666,317.93288033333334,-331.14077,472.41746550000005,77.69489999999999,-131.2734385,246.60623650000002,102.817915,-44.96468900000001,-36.138295,-48.4701
-127.25637633333334,659.1620053333334,317.86271933333336,-330.931244,472.412348,77.2752035,-131.2917065,246.1808985,101.5733725,-45.049808999999996,-35.97316500000002,-48.47407700000001
-127.31150533333334,659.0650533333334,317.793786,-330.7236445,472.4036555,76.8668375,-131.3040725,245.76295799999997,100.35336849999999,-45.131319000000005,-35.811683999999985,-48.478055
-127.36601266666666,658.9702383333333,317.726087,-330.5179065,472.39137700000003,76.469707,-131.310466,245.3519645,99.1576995,-45.209334,-35.653785,-48.482073
-127.41988266666665,658.877521,317.6596286666666,-330.313963,472.375505,76.083708,-131.31081899999998,244.947473,97.986143,-45.28396599999999,-35.49940200000003,-48.48616799999999
-127.47309766666667,658.7868596666667,317.59441633333336,-330.111744,472.35603449999996,75.7087285,-131.305072,244.54904299999998,96.8384605,-45.35533200000002,-35.34846400000001,-48.490370999999996
-127.52564333333333,658.6982113333332,317.5304536666667,-329.91118,472.3329605,75.344649,-131.2931695,244.1562435,95.71439699999999,-45.423545000000004,-35.20089899999999,-48.49471200000001
-127.57750333333333,658.61153,317.46774366666665,-329.712199,472.306281,74.9913415,-131.275063,243.76864949999998,94.6136815,-45.488726000000014,-35.05663100000001,-48.499213
-127.62866333333334,658.5267686666667,317.40628833333335,-329.5147285,472.2759975,74.6486705,-131.2507085,243.38584550000002,93.53602749999999,-45.550989000000015,-34.91558699999999,-48.503899000000004
-127.67910833333333,658.443877,317.3460876666667,-329.3186945,472.24211149999996,74.316495,-131.2200715,243.007425,92.4811345,-45.61045299999999,-34.77768800000001,-48.508787
-127.72882333333332,658.3628033333333,317.28714233333335,-329.12402499999996,472.2046285,73.9946645,-131.1831195,242.6329905,91.4486875,-45.66723300000001,-34.64285499999997,-48.51389300000001
-127.77779433333332,658.283495,317.2294503333333,-328.9306435,472.1635565,73.6830235,-131.1398285,242.2621545,90.43835849999999,-45.721447,-34.51100899999997,-48.519231000000005
-127.826008,658.205896,317.17300866666665,-328.738477,472.118905,73.38140999999999,-131.09018,241.894542,89.44980749999999,-45.773210000000006,-34.382068000000004,-48.52481300000001
-127.87344966666667,658.129951,317.11781433333334,-328.54745249999996,472.070687,73.089656,-131.034162,241.529788,88.48268250000001,-45.82263400000001,-34.25594799999999,-48.530647
-127.92010699999999,658.055602,317.06386266666664,-328.357495,472.018918,72.8075875,-130.971768,241.16754050000003,87.536618,-45.86983600000001,-34.13256900000002,-48.536742000000004
-127.96596700000002,657.982789,317.0111473333333,-328.16853349999997,471.963617,72.53502549999999,-130.90299900000002,240.807458,86.6112425,-45.91492600000001,-34.01184599999999,-48.543103
-128.01101666666668,657.911453,316.95966266666665,-327.980495,471.904804,72.27178599999999,-130.8278605,240.44921449999998,85.706171,-45.95801300000001,-33.893692999999985,-48.54973799999999
-128.05524466666665,657.841532,316.90940033333334,-327.79330949999996,471.842504,72.01768,-130.746364,240.092495,84.8210115,-45.999206,-33.778028000000006,-48.556647
-128.09863833333335,657.7729643333333,316.8603523333333,-327.606908,471.776743,71.7725145,-130.6585285,239.73700000000002,83.955364,-46.038608999999994,-33.664762000000024,-48.56383399999999
-128.14118699999997,657.7056873333332,316.812508,-327.4212225,471.7075525,71.536093,-130.5643795,239.38244400000002,83.1088205,-46.07632699999999,-33.55381400000002,-48.57130299999999
-128.18287966666665,657.6396370000001,316.76585800000004,-327.236187,471.6349645,71.3082145,-130.463945,239.02855399999999,82.280967,-46.11246,-33.44509600000001,-48.579055999999994
-128.22370533333333,657.57475,316.7203906666667,-327.0517385,471.55901500000004,71.0886755,-130.3572625,238.6750745,81.4713835,-46.147104999999996,-33.338525000000004,-48.58709300000001
-128.26365433333333,657.5109626666666,316.67609366666665,-326.867815,471.479744,70.877269,-130.244375,238.321764,80.679646,-46.180358,-33.234016,-48.595418
-128.30271633333334,657.4482103333333,316.632954,-326.68435750000003,471.397194,70.67378500000001,-130.1253285,237.96839599999998,79.905325,-46.21230899999999,-33.13148199999998,-48.60403
-128.340883,657.3864283333334,316.59095833333333,-326.501309,471.31141,70.4780135,-130.0001785,237.61476,79.1479895,-46.243049,-33.030844,-48.61293299999999
-128.378145,657.3255523333333,316.5500913333333,-326.3186155,471.22244149999995,70.28974050000001,-129.86898300000001,237.260661,78.4072055,-46.27266,-32.932015999999976,-48.622129
-128.41449333333333,657.2655193333334,316.5103383333333,-326.1362275,471.13034000000005,70.108751,-129.731808,236.90592149999998,77.682537,-46.301226,-32.83491699999999,-48.63162199999999
-128.449921,657.2062653333334,316.47168266666665,-325.954096,471.0351605,69.934829,-129.5887235,236.5503775,76.973549,-46.328822999999986,-32.73946699999999,-48.641414000000005
-128.48442066666667,657.1477266666667,316.43410866666665,-325.7721765,470.9369615,69.7677585,-129.4398055,236.193883,76.2798035,-46.35552700000001,-32.64558599999998,-48.651511
-128.51798433333332,657.0898416666666,316.3975986666667,-325.59042750000003,470.8358045,69.607321,-129.2851345,235.836309,75.60086799999999,-46.38140700000001,-32.553196000000014,-48.661918
-128.550606,657.0325476666667,316.362134,-325.408812,470.731754,69.4533005,-129.1247985,235.4775405,74.9363075,-46.406531000000015,-32.462219000000005,-48.672642999999994
-128.58227966666666,656.975786,316.32769733333333,-325.227296,470.624878,69.305479,-128.958888,235.11748,74.285692,-46.43095799999999,-32.37258200000002,-48.683693999999996
-128.613,656.9194943333333,316.2942696666667,-325.045848,470.515247,69.1636405,-128.7875005,234.75604650000002,73.648595,-46.45475099999999,-32.284211,-48.695077999999995
-128.642761,656.8636163333332,316.26183199999997,-324.86444300000005,470.402934,69.0275695,-128.610738,234.39317499999999,73.024593,-46.47796199999999,-32.19703200000001,-48.706807999999995
-128.67155933333333,656.8080936666667,316.230364,-324.683058,470.2880175,68.8970505,-128.4287065,234.0288165,72.413268,-46.50064299999998,-32.110978999999986,-48.718894000000006
-128.69939066666666,656.752871,316.19984566666665,-324.501675,470.170576,68.7718715,-128.24151849999998,233.662937,71.8142085,-46.522839000000005,-32.025982,-48.731351000000004
-128.72625033333335,656.6978943333334,316.1702563333333,-324.320279,470.050693,68.651821,-128.04928999999998,233.2955205,71.22700950000001,-46.544591999999994,-31.94197700000001,-48.744193
-128.7521363333333,656.6431103333333,316.1415756666667,-324.13886,469.928453,68.53669000000001,-127.85214199999999,232.92656449999998,70.651271,-46.56594199999999,-31.85889899999998,-48.757438
-128.77704566666668,656.5884693333334,316.1137826666667,-323.95741350000003,469.8039445,68.426272,-127.6502005,232.5560815,70.08660449999999,-46.586922999999985,-31.776689000000005,-48.771103
-128.80097733333332,656.533922,316.0868566666666,-323.775936,469.677259,68.320363,-127.443596,232.184102,69.53262649999999,-46.607563999999996,-31.695288000000005,-48.785207
-128.82392833333333,656.479421,316.060775,-323.59443150000004,469.54849049999996,68.218761,-127.2324625,231.8106675,68.988966,-46.627893000000014,-31.614641000000006,-48.799772
-128.84589833333334,656.4249223333334,316.0355173333333,-323.4129075,469.4177335,68.12127,-127.01693949999999,231.4358355,68.4552595,-46.647932999999995,-31.534693000000004,-48.814820999999995
-128.86688666666666,656.3703836666666,316.011062,-323.2313755,469.28508750000003,68.0276945,-126.7971705,231.05967950000002,67.931155,-46.667703,-31.45539499999998,-48.830378
-128.88689366666668,656.3157633333334,315.98738699999996,-323.049852,469.1506535,67.9378435,-126.57330350000001,230.68228249999999,67.4163135,-46.68721699999999,-31.376699000000002,-48.84646899999999
-128.90591966666668,656.2610243333334,315.9644713333333,-322.8683565,469.01453449999997,67.85153199999999,-126.3454895,230.303744,66.910404,-46.70648700000001,-31.29856000000001,-48.86312
-128.92396599999998,656.2061316666667,315.94229199999995,-322.686915,468.876836,67.768576,-126.11388550000001,229.924176,66.4131105,-46.72552300000001,-31.220935999999995,-48.880361
-128.94103366666667,656.1510516666666,315.92082966666663,-322.5055565,468.737665,67.68879799999999,-125.87865199999999,229.5437015,65.924129,-46.74432799999998,-31.143787000000003,-48.898222
-128.95712533333332,656.0957546666667,315.900062,-322.3243145,468.5971315,67.6120245,-125.63995299999999,229.16245550000002,65.443169,-46.76290399999999,-31.067077000000012,-48.916731999999996
-128.97224266666666,656.0402126666667,315.8799676666667,-322.143228,468.45534599999996,67.53808749999999,-125.39795699999999,228.780586,64.969952,-46.781249999999986,-30.990773999999988,-48.935926
-128.98638933333334,655.984401,315.860526,-321.962339,468.3124225,67.46682200000001,-125.152837,228.39824950000002,64.504217,-46.79936199999999,-30.914844999999985,-48.955836
-128.99956899999998,655.9282976666667,315.8417156666667,-321.7816935,468.16847399999995,67.3980705,-124.9047685,228.015615,64.0457145,-46.817233000000016,-30.83926600000001,-48.976497
-129.01178566666667,655.871884,315.8235173333333,-321.601344,468.0236185,67.3316795,-124.653933,227.63286,63.5942105,-46.834852,-30.764009999999985,-48.997943
-129.02304333333333,655.815143,315.80591,-321.421345,467.8779725,67.26750100000001,-124.400515,227.2501705,63.149487,-46.85220799999999,-30.68905699999999,-49.020212
-129.03334733333335,655.7580616666668,315.78887433333335,-321.2417555,467.7316555,67.205393,-124.144703,226.86774250000002,62.71134049999999,-46.86928800000001,-30.614386999999994,-49.043338999999996
-129.042703,655.7006303333334,315.77239133333336,-321.062639,467.5847865,67.145219,-123.88668999999999,226.4857795,62.279584,-46.886072,-30.539986999999996,-49.06736
-129.05111633333334,655.642841,315.7564406666667,-320.8840625,467.43748700000003,67.0868495,-123.626672,226.1044915,61.854045,-46.902544000000006,-30.465843000000007,-49.092313999999995
-129.05859366666667,655.5846896666667,315.7410046666667,-320.7060975,467.289879,67.030158,-123.364851,225.724096,61.434568500000005,-46.91868400000001,-30.39194600000002,-49.118239
-129.06514133333334,655.526176,315.72606566666667,-320.5288185,467.142086,66.975027,-123.101431,225.344816,61.021015,-46.934470000000005,-30.31828999999999,-49.14516999999999
-129.07076666666666,655.4673003333334,315.7116056666667,-320.352303,466.9942295,66.9213435,-122.83662100000001,224.9668805,60.613260999999994,-46.94988000000001,-30.244868999999994,-49.173145999999996
-129.075478,655.4080696666666,315.69760733333334,-320.176634,466.8464355,66.8690015,-122.570635,224.59052200000002,60.211199500000006,-46.964888,-30.171684,-49.202203000000004
-129.07928233333334,655.3484903333334,315.68405466666667,-320.001896,466.69882700000005,66.817901,-122.30369050000002,224.215979,59.81474,-46.979471000000004,-30.098736000000002,-49.232378000000004
-129.082188,655.2885746666666,315.67093133333333,-319.828179,466.5515295,66.76794799999999,-122.03600800000001,223.8434915,59.4238085,-46.99360400000002,-30.02603099999999,-49.263707
-129.08420433333333,655.228337,315.658222,-319.65557349999995,466.4046675,66.719055,-121.767815,223.4733035,59.038346000000004,-47.00726,-29.953574999999972,-49.296224
-129.08534033333333,655.1677936666666,315.645913,-319.484174,466.258366,66.67114000000001,-121.4993405,223.10566,58.6583115,-47.02041299999999,-29.88137599999999,-49.329963000000006
-129.085605,655.1069659999999,315.633989,-319.314079,466.11275049999995,66.6241295,-121.23082050000001,222.7408085,58.283677999999995,-47.03303700000001,-29.809449,-49.364956
-129.085008,655.0458776666668,315.62243766666666,-319.14538849999997,465.96794450000004,66.5779545,-120.96249350000001,222.3789965,57.9144365,-47.045107,-29.73780499999998,-49.401235
-129.08356,654.984554,315.611246,-318.978206,465.8240735,66.5325525,-120.6946045,222.02047149999999,57.550591999999995,-47.056597,-29.666462999999993,-49.438827999999994
-129.08127133333332,654.9230253333334,315.6004013333333,-318.8126365,465.6812605,66.48786799999999,-120.427401,221.665481,57.1921655,-47.067482,-29.59544199999999,-49.47776300000001
-129.07815133333332,654.861323,315.589893,-318.64878799999997,465.53963,66.443851,-120.1611365,221.31427150000002,56.839192999999995,-47.07773900000001,-29.524760999999984,-49.518066
-129.07421266666665,654.799483,315.57971100000003,-318.48677050000003,465.39930449999997,66.400459,-119.8960695,220.9670865,56.4917255,-47.087345,-29.454444999999993,-49.55975899999999
-129.06946533333334,654.7375423333333,315.5698443333333,-318.3266955,465.260406,66.3576535,-119.632462,220.624168,56.1498285,-47.096278,-29.38451600000002,-49.602863000000006
-129.06392066666666,654.6755426666667,315.5602843333333,-318.1686775,465.1230555,66.315405,-119.37058300000001,220.2857535,55.8135815,-47.104519999999994,-29.315000999999995,-49.647397000000005
-129.05759066666667,654.613526,315.551023,-318.012831,464.987374,66.273687,-119.1107045,219.9520795,55.483078,-47.11205100000001,-29.24592899999999,-49.69337399999999
-129.05048666666667,654.5515389999999,315.5420526666667,-317.8592735,464.85348,66.232481,-118.8531045,219.623376,55.1584245,-47.118854999999996,-29.17732799999999,-49.740809
-129.042621,654.48963,315.533366,-317.708124,464.7214925,66.1917735,-118.5980655,219.299869,54.83974,-47.124919000000006,-29.109228,-49.789708000000005
-129.03400533333334,654.4278496666666,315.52495700000003,-317.559501,464.59152800000004,66.151557,-118.3458765,218.98177800000002,54.527157,-47.130230999999995,-29.041662000000002,-49.840078000000005
-129.0246526666667,654.3662513333334,315.51682166666666,-317.413525,464.4637015,66.11183,-118.0968305,218.66931849999997,54.220817999999994,-47.134781000000004,-28.974660999999998,-49.89192
-129.01457466666668,654.3048903333333,315.5089533333333,-317.27031750000003,464.338127,66.072596,-117.851226,218.362697,53.9208785,-47.13856400000002,-28.908259999999984,-49.945233
-129.00378366666666,654.2438243333332,315.50134933333334,-317.1300005,464.2149185,66.033864,-117.6093665,218.0621165,53.6275045,-47.14157499999999,-28.842490999999995,-50.000009000000006
-128.99229333333335,654.1831136666666,315.4940066666667,-316.992697,464.0941855,65.995648,-117.371562,217.7677685,53.340870499999994,-47.14381399999999,-28.777390999999994,-50.05624099999999
-128.98011499999998,654.1228186666667,315.4869223333333,-316.85852950000003,463.976038,65.9579675,-117.1381265,217.4798395,53.061161999999996,-47.145285,-28.712992999999983,-50.11391
-128.967262,654.0630043333334,315.48009566666667,-316.7276205,463.860583,65.9208475,-116.9093805,217.198506,52.7885735,-47.14599099999998,-28.649331999999987,-50.173001
-128.95374733333335,654.0037353333333,315.47352466666666,-316.6000935,463.74792649999995,65.884316,-116.68565000000001,216.92393650000002,52.523306000000005,-47.145944,-28.586444999999998,-50.233488
-128.93958366666666,653.945079,315.46721,-316.47607100000005,463.63817300000005,65.848408,-116.4672645,216.65629,52.2655695,-47.14515499999999,-28.524366000000015,-50.295343
-128.92478333333332,653.8871036666666,315.4611516666667,-316.355675,463.53142249999996,65.81316100000001,-116.25456199999999,216.3957165,52.015581499999996,-47.143643999999995,-28.46312900000001,-50.358532999999994
-128.90935966666666,653.8298800000001,315.45535133333334,-316.23902699999996,463.427777,65.778617,-116.047883,216.1423555,51.773562999999996,-47.14142799999999,-28.402771,-50.42302
-128.893326,653.7734786666666,315.44981033333335,-316.12624900000003,463.3273315,65.7448235,-115.84757450000001,215.896335,51.539742499999996,-47.138535000000005,-28.343322,-50.488759
-128.87669400000001,653.7179723333334,315.4445316666667,-316.01746049999997,463.23018349999995,65.7118305,-115.6539895,215.65777500000002,51.3143525,-47.134991,-28.284818,-50.555701
-128.85947733333333,653.663435,315.4395176666667,-315.912781,463.1364255,65.6796925,-115.46748500000001,215.4267825,51.09763,-47.13083000000002,-28.22729099999998,-50.623791999999995
-128.84168866666667,653.6099406666667,315.4347726666667,-315.812328,463.046149,65.64846700000001,-115.288424,215.2034545,50.8898135,-47.12608800000001,-28.170771000000002,-50.692972999999995
-128.82334066666667,653.5575653333334,315.4303013333333,-315.71621849999997,462.95944099999997,65.61821499999999,-115.117174,214.9878765,50.691145999999996,-47.12080800000001,-28.115287000000023,-50.763177999999996
-128.804446,653.5063846666667,315.4261073333334,-315.624566,462.87638949999996,65.5890005,-114.9541075,214.7801215,50.5018705,-47.115035000000006,-28.060868999999997,-50.834334999999996
-128.78501766666668,653.4564753333333,315.4221973333333,-315.537485,462.7970775,65.5608905,-114.799603,214.5802515,50.322230999999995,-47.108818000000014,-28.007543,-50.906368
-128.76506766666668,653.407914,315.4185763333333,-315.4550865,462.721586,65.5339545,-114.654041,214.3883175,50.152473,-47.10221200000001,-27.95533499999999,-50.97919400000001
-128.74460933333333,653.360779,315.41525133333334,-315.377479,462.649994,65.5082645,-114.5178095,214.20435700000002,49.992839,-47.09527700000001,-27.90426599999998,-51.052724
-128.72365466666668,653.3151469999999,315.41222866666664,-315.30476999999996,462.58237799999995,65.48389449999999,-114.391299,214.028396,49.843572,-47.088074000000006,-27.854360000000014,-51.126864
-128.70221600000002,653.2710956666666,315.409516,-315.23706300000003,462.5188105,65.460922,-114.27490449999999,213.8604475,49.70491199999999,-47.080670999999995,-27.805634999999995,-51.201513999999996
-128.680306,653.2287023333333,315.40712033333335,-315.1744615,462.4593635,65.4394235,-114.16902449999999,213.7005145,49.5770955,-47.073139,-27.75810899999999,-51.276567
-128.65793666666667,653.1880440000001,315.4050506666667,-315.117064,462.404105,65.4194785,-114.0740625,213.548585,49.460355500000006,-47.065557,-27.711793999999998,-51.351911
-128.63512033333333,653.1491976666666,315.40331399999997,-315.06496649999997,462.35310000000004,65.40116900000001,-113.9904235,213.40463699999998,49.354920500000006,-47.058003000000014,-27.66670400000001,-51.427427
-128.61186999999998,653.1122396666666,315.4019203333333,-315.0182635,462.306412,65.3845755,-113.918517,213.26863500000002,49.261013500000004,-47.050561999999985,-27.622848000000005,-51.502995
-128.588196,653.0772453333333,315.400877,-314.977044,462.26410050000004,65.369782,-113.8587545,213.140531,49.178852,-47.043323,-27.580231999999995,-51.578481999999994
-128.564112,653.0442893333333,315.40019433333333,-314.94139600000005,462.2262225,65.356871,-113.81155100000001,213.0202665,49.108646,-47.03638000000001,-27.538860999999997,-51.653754000000006
-128.53962966666666,653.0134456666667,315.399881,-314.9114025,462.1928325,65.3459265,-113.777322,212.9077695,49.050597999999994,-47.02982800000001,-27.49873500000001,-51.72866799999999
-128.51476,652.9847863333333,315.3999463333334,-314.8871435,462.1639825,65.3370315,-113.756486,212.8029575,49.0049025,-47.023768000000004,-27.459850999999986,-51.803079
-128.48951566666668,652.9583836666667,315.4004,-314.868696,462.1397205,65.33027,-113.74946249999999,212.7057355,48.971745,-47.018305,-27.42220500000002,-51.876836
-128.4639093333333,652.9343073333333,315.40125133333333,-314.8561315,462.1200925,65.3257265,-113.756672,212.615997,48.9513005,-47.013547999999986,-27.38578799999999,-51.94977900000001
-128.43795166666666,652.9126266666667,315.40251033333334,-314.84951950000004,462.105141,65.323482,-113.778535,212.533624,48.943736,-47.009608000000014,-27.350588000000016,-52.02174600000001
