Sh_x,Sh_y,Sh_z,El_x,El_y,El_z,Wr_x,Wr_y,Wr_z,WrVec_x,WrVec_y,WrVec_z
-0.7450380000000001,721.465118,243.1954016666667,-143.0956815,547.922409,19.9748485,-42.814863,321.6985025,40.716746,-60.884264,-22.71951100000001,-9.704694000000003
-0.789875,721.3902413333332,243.18538366666667,-143.270201,548.023034,19.859282,-42.863358500000004,321.7353085,40.763313999999994,-60.859759000000004,-22.777142999999967,-9.795752
-0.8358810000000002,721.317939,243.17542433333332,-143.451357,548.1264515,19.7480275,-42.90269,321.7882395,40.838511499999996,-60.83316000000001,-22.840418999999997,-9.884385000000002
-0.8830366666666665,721.2482443333333,243.16554766666664,-143.6390295,548.2324925,19.641237500000003,-42.9325505,321.8577755,40.9431005,-60.80444899999999,-22.90936899999997,-9.970343
-0.9313199999999998,721.1811913333332,243.15577666666664,-143.833088,548.3409795,19.5390705,-42.952639999999995,321.944395,41.077836500000004,-60.77361199999999,-22.984014000000002,-10.053374999999996
-0.9807100000000002,721.1168173333332,243.14613633333337,-144.033395,548.4517335,19.441687,-42.962667999999994,322.04857649999997,41.2434715,-60.74063399999999,-23.064369,-10.133225000000003
-1.0311816666666669,721.0551586666667,243.13665300000002,-144.2398045,548.5645685,19.349255,-42.962352,322.1707985,41.4407485,-60.705504000000005,-23.150442999999996,-10.209639000000003
-1.082711333333333,720.9962546666667,243.1273533333333,-144.452162,548.6792945,19.261945,-42.951422,322.31153700000004,41.670405,-60.668214,-23.24223999999998,-10.282362
-1.1352719999999996,720.9401453333334,243.11826466666665,-144.670304,548.7957185,19.179933,-42.9296145,322.471266,41.933165,-60.628755000000005,-23.339751999999976,-10.351140000000001
-1.1888366666666668,720.886872,243.109416,-144.894059,548.913641,19.1034,-42.8966775,322.65045799999996,42.229744,-60.587127,-23.442970000000003,-10.415715999999996
-1.2433770000000006,720.8364793333334,243.10083566666665,-145.123248,549.032858,19.0325305,-42.8523695,322.8495795,42.560845,-60.543324999999996,-23.55187699999999,-10.475837999999996
-1.2988633333333333,720.7890116666667,243.0925543333333,-145.357681,549.1531625,18.967514,-42.7964585,323.0690945,42.927156,-60.497351,-23.666447000000005,-10.53125
-1.355264,720.7445156666666,243.08460233333335,-145.597161,549.274343,18.908545,-42.728725,323.3094615,43.329350500000004,-60.449208,-23.78664900000001,-10.581702999999997
-1.4125466666666666,720.7030403333334,243.07701033333333,-145.84148249999998,549.3961835,18.8558215,-42.648959500000004,323.57113300000003,43.7680845,-60.398901,-23.912443999999994,-10.626945
-1.4706783333333338,720.664635,243.069811,-146.090432,549.5184644999999,18.809545999999997,-42.5569635,323.854555,44.243997,-60.346437,-24.043785999999955,-10.666728000000006
-1.5296233333333333,720.6293523333334,243.063036,-146.343785,549.6409615,18.769924500000002,-42.452551,324.1601665,44.757706,-60.29182600000001,-24.18062299999997,-10.700808000000002
-1.5893456666666663,720.5972456666667,243.05671866666663,-146.601312,549.763448,18.737168999999998,-42.335548,324.4883985,45.30981,-60.235082000000006,-24.322895000000017,-10.728942000000004
-1.6498076666666668,720.5683696666666,243.05089166666667,-146.8627725,549.8856935,18.7114935,-42.205792,324.8396735,45.900884000000005,-60.176218000000006,-24.470533000000046,-10.750892
-1.710970666666667,720.5427820000001,243.04558966666664,-147.12792,550.0074625,18.693116,-42.063131999999996,325.2144035,46.531479000000004,-60.115252,-24.62346500000001,-10.766420000000004
-1.7727936666666668,720.5205406666668,243.04084600000002,-147.3964975,550.128518,18.682257999999997,-41.907432,325.612991,47.2021225,-60.052203999999996,-24.78161,-10.775297000000002
-1.8352370000000002,720.501706,243.036695,-147.66824200000002,550.248619,18.679145,-41.7385665,326.035826,47.913313,-59.987093,-24.944878000000017,-10.777296
-1.8982569999999999,720.4863393333331,243.03317166666668,-147.942882,550.3675225,18.6840055,-41.556423,326.48328849999996,48.6655235,-59.919944,-25.113173000000018,-10.772194999999996
-1.9618096666666662,720.4745033333334,243.03030966666665,-148.22013900000002,550.484982,18.6970695,-41.360904,326.95574450000004,49.459197,-59.85078399999999,-25.286393000000032,-10.759778000000004
-2.0258506666666665,720.4662633333332,243.028145,-148.4997265,550.600749,18.7185705,-41.151923499999995,327.4535475,50.294745,-59.779641,-25.464428999999996,-10.739834000000002
-2.0903329999999998,720.461684,243.026712,-148.78135,550.7145714999999,18.748745,-40.9294095,327.977035,51.172548500000005,-59.70654499999999,-25.647163999999975,-10.712156999999998
-2.1552103333333332,720.4608330000001,243.02604499999998,-149.06471,550.826197,18.787831,-40.6933035,328.526531,52.092956,-59.631527000000006,-25.834472000000005,-10.676552000000001
-2.2204329999999994,720.4637773333334,243.02617999999998,-149.349499,550.9353715,18.836067,-40.443561,329.10234449999996,53.056281999999996,-59.554624,-26.02622500000001,-10.632826000000001
-2.2859520000000004,720.4705866666667,243.02715066666664,-149.6354035,551.0418374999999,18.8936955,-40.180151,329.7047655,54.0628045,-59.47587,-26.222285,-10.580793
-2.3517166666666665,720.4813303333334,243.02899166666666,-149.922104,551.1453369999999,18.960958,-39.903056,330.3340695,55.112767000000005,-59.395303999999996,-26.42250899999999,-10.520277999999998
-2.4176756666666672,720.4960793333333,243.0317376666667,-150.209275,551.2456115,19.038097,-39.612274,330.9905125,56.206375,-59.312968000000005,-26.62674499999997,-10.451114000000004
-2.4837756666666664,720.514904,243.03542166666668,-150.49658549999998,551.3424015,19.125357,-39.3078145,331.674333,57.3437975,-59.228902999999995,-26.83483799999999,-10.373137
-2.549964,720.5378770000001,243.04007833333335,-150.7836995,551.4354470000001,19.2229805,-38.9897035,332.3857505,58.525162,-59.143153,-27.04662300000001,-10.286197999999999
-2.616184666666667,720.5650689999999,243.04573933333336,-151.070277,551.524487,19.331211,-38.6579795,333.124964,59.750558999999996,-59.055763,-27.261933999999997,-10.190152000000005
-2.6823840000000003,720.5965523333333,243.05243900000002,-151.355972,551.609262,19.4502895,-38.312695500000004,333.892153,61.0200365,-58.966781000000005,-27.480593999999996,-10.084867000000003
-2.7485053333333327,720.6323993333334,243.06020800000002,-151.6404365,551.6895115,19.580458999999998,-37.9539195,334.6874755,62.3336035,-58.876257,-27.702422999999953,-9.970217000000005
-2.8144910000000003,720.672682,243.06907866666666,-151.923317,551.7649775,19.7219575,-37.5817315,335.5110685,63.6912245,-58.784239,-27.927234999999996,-9.846086999999997
-2.880284666666667,720.7174713333334,243.079081,-152.204258,551.8354015,19.875023,-37.196227,336.3630485,65.0928245,-58.690780000000004,-28.154841000000033,-9.712374999999994
-2.9458276666666663,720.7668386666668,243.09024533333334,-152.4829015,551.9005265000001,20.0398905,-36.79751400000001,337.243507,66.5382845,-58.59593400000001,-28.385042,-9.568985000000005
-3.011061666666667,720.8208546666666,243.10260099999996,-152.75888700000002,551.960099,20.216793,-36.385716,338.152516,68.02744200000001,-58.499754,-28.617639999999994,-9.415834000000004
-3.075927666666667,720.8795876666667,243.11617666666666,-153.0318525,552.013865,20.405958000000002,-35.960969,339.0901215,69.560092,-58.40229599999999,-28.85242900000003,-9.252848
-3.1403650000000005,720.9431069999999,243.130999,-153.3014345,552.0615760000001,20.607611,-35.523422,340.0563485,71.1359855,-58.303618,-29.089199000000008,-9.079965000000001
-3.204314666666667,721.0114796666667,243.14709533333334,-153.567269,552.1029845,20.821973,-35.073237,341.0511975,72.7548295,-58.20377599999999,-29.327736999999956,-8.897137
-3.267716333333334,721.0847709999999,243.164491,-153.828992,552.1378454999999,21.049259499999998,-34.610591,342.0746445,74.4162865,-58.10283,-29.567827000000023,-8.704320999999993
-3.3305096666666665,721.1630449999999,243.18321,-154.08623849999998,552.1659199999999,21.289682,-34.135672,343.126643,76.119977,-58.00084,-29.809248000000025,-8.501491999999999
-3.3926336666666668,721.246365,243.20327633333332,-154.33864599999998,552.1869715,21.543445000000002,-33.648681,344.20712000000003,77.865475,-57.897864000000006,-30.051777999999956,-8.288632000000007
-3.454028333333333,721.33479,243.22471200000004,-154.5858525,552.2007675,21.8107475,-33.149831,345.31597999999997,79.65231299999999,-57.793964,-30.29518999999999,-8.065736000000001
-3.514633,721.428378,243.24753766666663,-154.827498,552.2070815,22.0917815,-32.6393485,346.453103,81.479979,-57.689203,-30.539258000000018,-7.832814000000013
-3.5743863333333334,721.5271856666667,243.2717733333333,-155.0632245,552.2056915000001,22.3867325,-32.117469,347.61834250000004,83.34791849999999,-57.583642,-30.783750999999995,-7.589883
-3.633229,721.6312653333333,243.2974373333333,-155.2926785,552.196381,22.6957785,-31.584442,348.81152999999995,85.2555335,-57.477342,-31.028437999999994,-7.336973
-3.6911006666666673,721.740667,243.3245473333333,-155.515508,552.1789395000001,23.019088,-31.0405275,350.032472,87.202184,-57.370366999999995,-31.273085999999978,-7.074129999999997
-3.7479413333333333,721.8554383333334,243.35311833333333,-155.7313665,552.1531635,23.3568225,-30.485994,351.28094899999996,89.18718849999999,-57.26278,-31.517461999999966,-6.801405000000003
-3.8036923333333337,721.9756236666666,243.38316500000005,-155.9399115,552.1188545,23.7091335,-29.9211225,352.5567195,91.2098235,-57.154643,-31.761330999999984,-6.518868999999995
-3.858294666666666,722.1012636666666,243.4147,-156.1408055,552.075823,24.076164,-29.346204,353.8595165,93.2693265,-57.04602,-32.00446099999999,-6.226599000000007
-3.911690333333334,722.2323953333333,243.44773499999997,-156.3337175,552.023886,24.458045499999997,-28.761538,355.1890505,95.36489449999999,-56.936972,-32.246617000000015,-5.924684999999997
-3.963821,722.369053,243.48227933333337,-156.518322,551.9628675,24.8549015,-28.1674325,356.5450065,97.49568500000001,-56.827563000000005,-32.48756500000002,-5.6132300000000015
-4.014631333333334,722.5112656666666,243.518342,-156.6943,551.8926015,25.2668435,-27.564205,357.9270485,99.6608185,-56.717856,-32.72707500000001,-5.2923490000000015
-4.064064666666667,722.6590596666666,243.55592966666669,-156.86134099999998,551.81293,25.693970999999998,-26.9521825,359.3348175,101.8593785,-56.607911,-32.96491500000002,-4.962164999999999
-4.112066333333334,722.8124573333334,243.59504700000002,-157.0191415,551.7237025,26.1363735,-26.3316955,360.76793,104.0904125,-56.497791,-33.20085599999999,-4.622816999999998
-4.158582333333333,722.9714743333334,243.63569833333335,-157.167406,551.624779,26.594127,-25.703086000000003,362.22598300000004,106.352932,-56.387554,-33.43467400000003,-4.274451999999997
-4.20356,723.1361253333334,243.6778846666667,-157.30584850000002,551.5160285,27.0672965,-25.066700500000003,363.7085505,108.6459165,-56.277265,-33.66614100000004,-3.917226999999997
-4.246948333333333,723.3064176666667,243.72160700000003,-157.434192,551.39733,27.5559335,-24.4228915,365.215186,110.968312,-56.166979,-33.895038,-3.551316
-4.288696,723.482356,243.7668636666667,-157.55217,551.2685725,28.0600775,-23.772018,366.7454225,113.319034,-56.056756,-34.121149,-3.1768940000000043
-4.328754333333333,723.6639383333332,243.81365100000002,-157.659525,551.1296555,28.579753,-23.1144445,368.29877350000004,115.696967,-55.946655,-34.34425700000003,-2.794153999999992
-4.367077,723.8511589999999,243.86196566666663,-157.7560105,550.9804885000001,29.114971999999998,-22.450538,369.874732,118.100968,-55.836732,-34.56415400000003,-2.4032940000000025
-4.403616333333334,724.044007,243.91179933333333,-157.84139199999998,550.8209935,29.6657325,-21.780671499999997,371.4727745,120.529866,-55.727041,-34.78063300000002,-2.0045259999999985
-4.438328666666667,724.2424666666666,243.9631456666667,-157.91544549999998,550.6511015000001,30.232018,-21.105221,373.092357,122.98246549999999,-55.617638,-34.993494,-1.5980670000000003
-4.471171666666667,724.446516,244.01599366666665,-157.97796,550.470757,30.813798,-20.4245655,374.7329215,125.45754600000001,-55.508577,-35.202541,-1.1841439999999892
-4.502104,724.6561293333334,244.07033166666665,-158.02873549999998,550.279915,31.411026,-19.739085,376.3938895,127.95386350000001,-55.399908,-35.407583000000045,-0.7629930000000087
-4.531085999999999,724.8712736666666,244.1261473333333,-158.0675855,550.078541,32.023643,-19.049165,378.07466999999997,130.470155,-55.291684,-35.608438000000035,-0.33485999999999194
-4.558081666666666,725.0919126666668,244.18342466666664,-158.0943365,549.866615,32.6515725,-18.3551885,379.7746555,133.005137,-55.183951,-35.80492300000003,0.10000399999998422
-4.583054333333333,725.3180036666666,244.24214800000001,-158.10882800000002,549.644127,33.2947245,-17.6575405,381.49322500000005,135.557506,-55.076759,-35.99687,0.5413400000000195
-4.605971666666666,725.5494983333333,244.30229866666664,-158.1109135,549.41108,33.952993,-16.956608,383.229743,138.1259465,-54.970154,-36.184109999999976,0.9888829999999871
-4.626802,725.7863436666667,244.36385600000003,-158.100459,549.1674885,34.6262565,-16.252776,384.9835625,140.7091255,-54.86418,-36.36648500000001,1.4423590000000104
-4.645516,726.0284803333334,244.42679933333332,-158.07734649999998,548.9133815,35.314378500000004,-15.5464285,386.75402499999996,143.3056965,-54.758881,-36.54384399999998,1.901490999999993
-4.662087,726.2758443333333,244.4911053333333,-158.0414715,548.6487970000001,36.017207,-14.83795,388.540459,145.914304,-54.654298,-36.716042000000016,2.3659940000000006
-4.676490333333333,726.528366,244.55674866666664,-157.9927425,548.3737885,36.734573499999996,-14.127721000000001,390.342185,148.5335825,-54.550470000000004,-36.88294000000002,2.8355789999999956
-4.688703333333334,726.7859696666666,244.62370333333334,-157.931086,548.0884205,37.4662955,-13.416122000000001,392.15851399999997,151.162157,-54.447434,-37.04441200000002,3.3099540000000047
-4.698706333333333,727.0485753333332,244.69194133333335,-157.8564395,547.79277,38.212173,-12.703529,393.988747,153.79864700000002,-54.345228,-37.200334,3.7888200000000154
-4.7064813333333335,727.316097,244.76143333333334,-157.768758,547.4869265,38.971993,-11.990315500000001,395.83218,156.4416695,-54.243887,-37.350594,4.271876999999989
-4.712013333333333,727.5884436666666,244.832148,-157.66801099999998,547.1709925,39.7455245,-11.276851,397.688101,159.0898365,-54.14344,-37.495086000000015,4.758820999999983
-4.715289333333334,727.8655193333333,244.90405299999998,-157.554182,546.8450815,40.532524,-10.563502,399.55579150000005,161.74176,-54.04392,-37.633713,5.249346000000003
-4.716299,728.1472216666666,244.977115,-157.4272705,546.5093205000001,41.332730500000004,-9.850629,401.4345295,164.396052,-53.945356000000004,-37.76638700000001,5.7431419999999775
-4.715034333333333,728.4334453333332,245.05129833333334,-157.28729049999998,546.1638475,42.145869499999996,-9.1385885,403.3235885,167.051328,-53.847773000000004,-37.89302900000001,6.239898000000011
-4.711490333333334,728.7240786666667,245.12656666666666,-157.134272,545.8088135,42.971650999999994,-8.427731000000001,405.222238,169.706206,-53.751198,-38.01356599999997,6.739305999999999
-4.705664666666666,729.0190056666667,245.20288166666668,-156.968259,545.4443795,43.8097715,-7.718401,407.129746,172.359311,-53.655652,-38.12793599999998,7.241050000000001
-4.697556,729.3181056666666,245.28020533333333,-156.7893105,545.070721,44.659912000000006,-7.010938500000002,409.045378,175.0092745,-53.561159,-38.236086,7.744821000000002
-4.687167666666666,729.6212523333334,245.35849600000003,-156.5975005,544.6880215,45.5217405,-6.3056744999999985,410.968401,177.654737,-53.467735,-38.337969999999984,8.25030799999999
-4.674505,729.9283173333333,245.437713,-156.3929185,544.296478,46.39491,-5.602936,412.898078,180.2943495,-53.3754,-38.43355199999996,8.757198999999986
-4.6595743333333335,730.2391656666667,245.51781333333335,-156.175666,543.8962975,47.279062499999995,-4.9030404999999995,414.83367699999997,182.92677550000002,-53.284169,-38.52280400000001,9.265185000000002
-4.642387333333333,730.5536596666666,245.59875366666665,-155.945862,543.487698,48.1738245,-4.2062995,416.77446599999996,185.5506905,-53.194055,-38.60570799999999,9.77395899999999
-4.6229553333333335,730.871657,245.68048933333333,-155.70363749999999,543.0709075,49.0788115,-3.5130155000000016,418.7197135,188.1647865,-53.105069,-38.682253,10.283217000000008
-4.601294333333334,731.1930123333333,245.76297433333332,-155.449138,542.6461635000001,49.993626,-2.823485,420.668694,190.76777149999998,-53.017224,-38.75243599999999,10.792654999999996
-4.5774230000000005,731.5175753333333,245.8461626666667,-155.182522,542.213714,50.917859,-2.137993999999999,422.62068350000004,193.35837149999998,-52.930526,-38.81626499999999,11.301974999999999
-4.551360333333334,731.845194,245.93000633333335,-154.9039625,541.773817,51.8510895,-1.4568225000000012,424.57496349999997,195.93533,-52.844983,-38.87375500000002,11.810881999999992
-4.523131,732.1757113333333,246.014458,-154.613645,541.326737,52.792888,-0.7802394999999986,426.530821,198.4974145,-52.760597000000004,-38.92493000000002,12.319083000000006
-4.492758666666666,732.5089693333333,246.09946766666667,-154.311767,540.87275,53.742810999999996,-0.10850649999999895,428.4875475,201.043411,-52.677375,-38.96981900000003,12.82629399999999
-4.460272333333333,732.8448053333335,246.18498666666665,-153.9985385,540.412139,54.700407,0.5581244999999999,430.444441,203.57213050000001,-52.595316999999994,-39.008464000000004,13.332229000000012
-4.425702333333333,733.1830546666666,246.27096466666663,-153.6741825,539.9451935,55.665216,1.2194095000000011,432.400808,206.08240849999999,-52.514423,-39.04091199999999,13.836615000000023
-4.389081666666667,733.5235506666668,246.357351,-153.338932,539.472213,56.636768000000004,1.8751154999999997,434.35596,208.5731035,-52.434691,-39.06721599999997,14.339177000000007
-4.350444666666667,733.866124,246.4440943333333,-152.993033,538.9935015000001,57.614585,2.5250179999999993,436.3092195,211.0431045,-52.356118,-39.08744100000001,14.839651000000003
-4.3098296666666664,734.210604,246.53114333333335,-152.63674,538.509371,58.598181,3.168901,438.259914,213.49132500000002,-52.2787,-39.101653999999996,15.337777999999986
-4.2672756666666665,734.5568173333335,246.6184453333333,-152.270319,538.020139,59.587063,3.8065610000000003,440.20738300000005,215.9167085,-52.202432,-39.10993400000001,15.833303
-4.222825333333334,734.9045896666667,246.705949,-151.8940465,537.5261285,60.5807325,4.437800500000002,442.15097349999996,218.3182275,-52.127305,-39.112363000000016,16.325981000000013
-4.176521666666667,735.253746,246.793601,-151.5082075,537.027668,61.578685,5.062433,444.0900435,220.694886,-52.053312000000005,-39.109031000000016,16.815572000000003
-4.128411666666666,735.6041086666668,246.88135000000003,-151.1130945,536.5250894999999,62.580409,5.6802835,446.023961,223.04571850000002,-51.980442999999994,-39.10003599999999,17.30184299999999
-4.078543,735.9555003333334,246.96914233333334,-150.7090105,536.0187315000001,63.585390000000004,6.291183500000001,447.9521045,225.36979250000002,-51.908687,-39.08547900000002,17.784571
-4.026966000000001,736.3077436666666,247.05692533333334,-150.296265,535.5089330000001,64.59311,6.894977500000001,449.87386300000003,227.66620849999998,-51.838032999999996,-39.06546799999995,18.263537000000014
-3.973732666666667,736.660659,247.144647,-149.8751755,534.996038,65.603047,7.491516499999998,451.788638,229.9341005,-51.768467,-39.04011800000001,18.738531000000023
-3.9188966666666665,737.0140686666667,247.23225366666665,-149.446066,534.4803925,66.6146755,8.080663,453.69584199999997,232.172636,-51.69997599999999,-39.00954800000005,19.20935399999999
-3.8625140000000004,737.3677933333333,247.31969400000003,-149.009265,533.9623455,67.6274705,8.662288499999999,455.5948985,234.38101899999998,-51.632545,-38.973881000000006,19.675809999999984
-3.804641333333334,737.7216549999999,247.40691533333333,-148.5651095,533.4422455,68.640904,9.236273500000001,457.4852445,236.558488,-51.566159,-38.933246999999994,20.13771399999999
-3.7453376666666665,738.075476,247.49386600000003,-148.11394,532.920444,69.654447,9.802510000000002,459.3663285,238.704318,-51.500802,-38.88777900000002,20.59489000000002
-3.6846633333333334,738.4290796666668,247.58049466666668,-147.65610099999998,532.397292,70.667573,10.360896499999999,461.2376125,240.817821,-51.436455,-38.83761300000003,21.047169999999994
-3.6226800000000003,738.7822896666667,247.6667503333333,-147.19194249999998,531.873141,71.6797545,10.911342499999998,463.09856950000005,242.898345,-51.373103,-38.782891000000006,21.494392000000005
-3.55945,739.134931,247.752582,-146.721815,531.348341,72.6904655,11.453766,464.948687,244.94527499999998,-51.310728,-38.723757999999975,21.93640400000001
-3.4950383333333335,739.4868303333333,247.83794033333334,-146.246075,530.8232419999999,73.699183,11.9880945,466.7874645,246.9580355,-51.249309,-38.660360999999966,22.373064999999997
-3.429509999999999,739.8378163333333,247.92277533333333,-145.7650805,530.2981910000001,74.705387,12.514263500000002,468.614415,248.936085,-51.188831,-38.59285,22.80424000000002
-3.362932333333333,740.1877183333335,248.00703866666666,-145.2791885,529.773535,75.70856,13.032218,470.4290645,250.8789245,-51.129270000000005,-38.52137899999997,23.22980100000001
-3.2953709999999994,740.536369,248.09068233333332,-144.78876,529.2496165,76.70819,13.541911499999998,472.230953,252.786089,-51.070611,-38.446101999999996,23.649631999999997
-3.2268946666666665,740.8836023333333,248.17366,-144.294155,528.726776,77.7037705,14.043305,474.0196325,254.657154,-51.012831999999996,-38.367178999999965,24.063624000000004
-3.1575733333333336,741.2292543333333,248.25592433333335,-143.79573449999998,528.2053495,78.694799,14.536370000000002,475.794669,256.4917325,-50.955914,-38.28476599999999,24.471675000000005
-3.0874753333333325,741.5731650000001,248.33743033333334,-143.2938575,527.6856695,79.6807785,15.0210835,477.5556425,258.2894755,-50.899837,-38.199025000000006,24.87369499999997
-3.016671,741.9151756666666,248.418134,-142.7888825,527.1680635,80.661223,15.497432,479.302146,260.0500725,-50.84458,-38.110116000000005,25.26959899999997
-2.9452313333333335,742.2551316666667,248.49799166666665,-142.28116649999998,526.6528539999999,81.6356485,15.965408499999999,481.03378499999997,261.7732505,-50.790124999999996,-38.01820200000003,25.659309000000007
-2.873227,742.59288,248.57696099999998,-141.771064,526.1403585,82.60358500000001,16.4250155,482.7501795,263.458774,-50.736451,-37.923445000000015,26.042760000000015
-2.8007290000000005,742.9282723333334,248.655001,-141.258926,525.6308875,83.564566,16.876261500000002,484.4509615,265.1064455,-50.683539,-37.826007000000004,26.419893000000002
-2.7278086666666668,743.261163,248.73207166666668,-140.745102,525.1247465,84.5181375,17.319162,486.1357785,266.71610499999997,-50.631370000000004,-37.726050999999984,26.790651999999994
-2.6545373333333333,743.5914093333334,248.808134,-140.229935,524.6222325,85.463855,17.7537405,487.804289,268.287628,-50.579925,-37.623738,27.154995999999983
-2.5809870000000004,743.9188733333334,248.883151,-139.71376650000002,524.1236365,86.4012835,18.180026,489.4561655,269.82092850000004,-50.529186,-37.519228999999996,27.512887000000035
-2.5072273333333337,744.2434200000001,248.95708633333334,-139.196931,523.629241,87.3300005,18.598056,491.091095,271.315956,-50.47913200000001,-37.41268600000001,27.864296000000024
-2.433330666666666,744.564918,249.02990533333332,-138.679759,523.1393204999999,88.2495935,19.007872499999998,492.7087745,272.7726955,-50.429749,-37.30426499999999,28.209201000000007
-2.359366,744.8832413333333,249.10157366666667,-138.1625755,522.6541420000001,89.159663,19.409525000000002,494.3089165,274.1911665,-50.381016,-37.19412699999998,28.54758700000002
-2.2854049999999995,745.198266,249.17206066666665,-137.64569799999998,522.173963,90.059822,19.803068,495.891246,275.57142550000003,-50.332918,-37.082426,28.879444999999976
-2.211516,745.509873,249.2413346666667,-137.1294385,521.699031,90.949697,20.1885625,497.45550000000003,276.9135605,-50.285439000000004,-36.969314,29.204774999999984
-2.1377680000000003,745.8179479999999,249.30936733333337,-136.614102,521.229585,91.8289265,20.566074999999998,499.00142800000003,278.21769600000005,-50.238562,-36.85494399999999,29.52357999999998
-2.0642289999999996,746.1223806666667,249.37613033333332,-136.0999855,520.765854,92.697164,20.935677499999997,500.52879299999995,279.4839865,-50.192273,-36.739465999999936,29.835872999999992
-1.9909673333333335,746.4230643333334,249.44159833333333,-135.5873795,520.3080585,93.5540775,21.297447,502.0373705,280.712621,-50.146556000000004,-36.62302299999999,30.141669999999976
-1.9180479999999998,746.7198976666667,249.50574666666668,-135.07656500000002,519.856405,94.399349,21.651465,503.5269475,281.903819,-50.1014,-36.505762999999945,30.44099600000004
-1.845537333333333,747.012783,249.56855233333332,-134.5678165,519.411093,95.2326745,21.997819,504.997325,283.05783,-50.056788,-36.38782400000002,30.733878000000004
-1.7734990000000002,747.3016273333333,249.62999466666668,-134.0613975,518.9723085,96.0537685,22.336601,506.448314,284.174936,-50.01271,-36.269341999999995,31.020350000000008
-1.7019956666666662,747.5863423333334,249.69005366666667,-133.5575655,518.5402280000001,96.8623575,22.6679055,507.879739,285.255446,-49.96915499999999,-36.15045200000003,31.300454000000002
-1.631090333333333,747.8668436666667,249.74871133333332,-133.056565,518.1150165,97.658186,22.991834,509.29143600000003,286.29969900000003,-49.92611,-36.03128600000002,31.574231999999995
-1.5608423333333332,748.1430523333333,249.80595166666663,-132.5586345,517.696827,98.4410135,23.3084895,510.6832535,287.30806,-49.883565000000004,-35.911967000000004,31.841733999999974
-1.4913110000000003,748.4148926666667,249.86176066666667,-132.06400050000002,517.285801,99.2106175,23.61798,512.055051,288.28092200000003,-49.841512,-35.792621999999994,32.10301599999997
-1.422554,748.682295,249.916124,-131.5728815,516.882069,99.96679,23.9204185,513.4067,289.2187035,-49.799941,-35.67336599999999,32.35813299999995
-1.354626666666667,748.9451920000001,249.96903133333333,-131.0854845,516.4857485,100.70934,24.215918499999997,514.7380845,290.121848,-49.758845,-35.55431499999992,32.60715000000005
-1.287584333333333,749.2035226666667,250.02047333333334,-130.60200650000002,516.0969455,101.438095,24.504599,516.049099,290.990821,-49.718216,-35.435580000000016,32.850131999999974
-1.221478333333333,749.45723,250.07044200000004,-130.122635,515.7157545,102.1528975,24.786582,517.339649,291.82611399999996,-49.678048,-35.31726600000002,33.08715000000001
-1.1563606666666664,749.7062606666667,250.11893166666664,-129.6475465,515.342257,102.85360800000001,25.061991,518.6096525,292.6282385,-49.638334,-35.19947500000001,33.31827899999996
-1.092279666666667,749.9505663333333,250.16593699999999,-129.176906,514.976523,103.5401035,25.3309545,519.8590385,293.39772700000003,-49.599071,-35.08230499999996,33.54359200000005
-1.029282333333333,750.1901023333334,250.211456,-128.7108695,514.61861,104.212278,25.593600000000002,521.0877459999999,294.13513350000005,-49.560254,-34.96584799999994,33.763172999999995
-0.9674146666666665,750.4248293333334,250.25548766666668,-128.249581,514.268563,104.87004300000001,25.850061,522.2957275,294.8410285,-49.521877999999994,-34.85019299999999,33.977103
-0.9067183333333327,750.6547106666667,250.29803233333328,-127.79317449999999,513.9264155,105.513327,26.100472,523.482944,295.5160025,-49.483942000000006,-34.73542199999997,34.18546900000001
-0.8472360000000005,750.879715,250.3390923333333,-127.341773,513.592189,106.142075,26.344969499999998,524.649368,296.160661,-49.446443,-34.621616000000074,34.38835800000004
-0.789006,751.099815,250.37867233333336,-126.8954875,513.265892,106.756249,26.583691,525.794984,296.7756275,-49.40938,-34.50884599999995,34.58586100000002
-0.7320646666666667,751.314986,250.4167766666667,-126.454422,512.947522,107.3558275,26.8167765,526.9197865,297.3615375,-49.372751,-34.39718499999998,34.778070999999954
-0.6764483333333337,751.5252093333334,250.45341399999998,-126.018665,512.6370645,107.94080650000001,27.0443675,528.0237795,297.919043,-49.336557,-34.28669700000006,34.965081999999995
-0.6221886666666668,751.7304676666666,250.48859133333335,-125.5882975,512.3344925,108.51119750000001,27.2666085,529.1069795,298.448806,-49.300796999999996,-34.177441000000044,35.14699000000002
-0.5693156666666672,751.930749,250.52232066666667,-125.1633895,512.039769,109.06702849999999,27.483642,530.1694125,298.951502,-49.265471999999995,-34.069473000000016,35.323893999999996
-0.5178580000000004,752.126045,250.55461333333332,-124.7440005,511.752845,109.6083435,27.695614000000003,531.2111145,299.4278145,-49.230584,-33.96284300000002,35.495893000000024
-0.4678420000000001,752.3163496666666,250.58548199999998,-124.330179,511.47365850000006,110.13520199999999,27.902670999999998,532.232133,299.87844,-49.196134,-33.85760000000005,35.663088000000016
-0.41929066666666664,752.501662,250.61494233333335,-123.921964,511.202139,110.64767950000001,28.104961,533.232524,300.3040805,-49.162124,-33.753783999999996,35.82557899999995
-0.37222566666666657,752.6819826666666,250.64301066666667,-123.5193835,510.93820400000004,111.145867,28.30263,534.2123555000001,300.7054455,-49.128558,-33.65143300000011,35.98347100000001
-0.3266653333333333,752.8573173333334,250.66970433333336,-123.12245850000001,510.68176099999994,111.6298695,28.495828,535.1717035,301.08325149999996,-49.095436,-33.55057899999997,36.136865
-0.2826273333333333,753.0276726666667,250.69504233333336,-122.7311965,510.432707,112.099807,28.6847025,536.1106555,301.4382205,-49.062763000000004,-33.45125099999996,36.28586700000005
-0.24012599999999976,753.1930606666666,250.71904566666663,-122.3455985,510.1909295,112.5558145,28.8694035,537.0293075,301.771078,-49.030543,-33.35347300000001,36.43058000000002
-0.1991729999999996,753.3534943333333,250.7417353333333,-121.965655,509.956304,112.9980395,29.05008,537.927767,302.08255199999996,-48.99878,-33.25726600000007,36.57111000000003
-0.15977799999999975,753.5089906666667,250.76313466666667,-121.59134650000001,509.7287,113.42664349999998,29.226881,538.8061485000001,302.373374,-48.967476000000005,-33.16264699999999,36.707561999999996
-0.12194899999999986,753.6595686666666,250.78326766666666,-121.22264799999999,509.507976,113.8418025,29.399955000000002,539.6645785000001,302.644276,-48.936636,-33.069624999999974,36.84003999999999
-0.08569133333333283,753.80525,250.80216,-120.8595225,509.293982,114.24370249999998,29.5694515,540.50319,302.89599,-48.906265000000005,-32.978211999999985,36.96864999999997
-0.0510079999999998,753.9460593333333,250.81983766666667,-120.5019265,509.0865595,114.6325435,29.735518499999998,541.322128,303.1292485,-48.876367,-32.88841000000002,37.09349700000001
-0.017899000000000182,754.0820233333334,250.83632866666667,-120.149809,508.8855425,115.0085375,29.898304,542.1215445,303.34478049999996,-48.846945999999996,-32.80021899999997,37.214684999999974
0.013635999999999537,754.2131713333333,250.851661,-119.8031095,508.69075749999996,115.371907,30.057955,542.9016005,303.5433145,-48.818006,-32.71363900000006,37.332318999999984
0.043601333333333304,754.3395336666666,250.86586466666668,-119.4617615,508.502022,115.722886,30.214617500000003,543.6624675,303.725573,-48.789553,-32.628663000000074,37.44650200000001
0.07200333333333327,754.4611443333333,250.87896966666665,-119.125692,508.3191495,116.0617175,30.368437999999998,544.4043234999999,303.89227700000004,-48.76159,-32.545281000000045,37.557338000000016
0.09884866666666674,754.578038,250.89100799999997,-118.79481949999999,508.14194499999996,116.388656,30.5195595,545.1273545,304.04413999999997,-48.734121,-32.463481,37.66492999999997
0.12414866666666653,754.6902523333333,250.902011,-118.469057,507.9702075,116.70396550000001,30.6681275,545.8317565,304.1818715,-48.707151,-32.38324699999998,37.76937899999996
0.14791466666666672,754.7978253333334,250.91201233333334,-118.148311,507.8037325,117.0079165,30.814282,546.5177325,304.3061725,-48.680684,-32.30456300000003,37.870784999999955
0.17016166666666685,754.9007986666667,250.92104500000002,-117.832483,507.6423065,117.300791,30.958164999999997,547.1854925,304.4177385,-48.654722,-32.22740500000009,37.969250999999986
0.1909046666666665,754.9992133333334,250.92914366666665,-117.521469,507.48571549999997,117.5828765,31.099916,547.835255,304.517255,-48.629270000000005,-32.15175199999999,38.06487199999998
0.21016266666666641,755.0931133333333,250.936343,-117.2151585,507.3337385,117.8544675,31.239672,548.4672465,304.60540000000003,-48.604332,-32.07757700000002,38.157748000000026
0.22795533333333307,755.1825439999999,250.94267866666667,-116.9134375,507.1861515,118.11586799999999,31.37757,549.081698,304.6828405,-48.57991,-32.00485200000003,38.247975
0.24430499999999977,755.2675513333334,250.94818633333333,-116.6161875,507.042727,118.3673855,31.5137445,549.6788495000001,304.750235,-48.556005,-31.933546999999976,38.335650000000044
0.2592340000000002,755.3481826666667,250.95290233333336,-116.323285,506.903235,118.609334,31.6483275,550.2589465,304.80823,-48.532623,-31.863628999999946,38.42086599999999
0.27276866666666616,755.4244866666667,250.95686366666666,-116.034604,506.7674425,118.84203249999999,31.78145,550.8222415,304.8574615,-48.509761999999995,-31.795065000000022,38.503715
0.28493533333333376,755.4965136666666,250.96010733333333,-115.7500135,506.6351145,119.0658055,31.9132405,551.3689925,304.898553,-48.487427,-31.727818999999954,38.584288000000015
0.2957633333333332,755.5643140000001,250.96267066666667,-115.4693815,506.5060155,119.28098,32.0438255,551.8994640000001,304.9321165,-48.465617,-31.661854000000062,38.66267700000003
0.30528233333333343,755.62794,250.964591,-115.1925715,506.379907,119.4878875,32.1733295,552.4139235,304.9587495,-48.444333,-31.59713099999999,38.738969
0.3135236666666666,755.6874430000001,250.96590666666665,-114.919445,506.2565515,119.68686249999999,32.301874,552.9126475,304.979038,-48.423576,-31.53361099999995,38.81325000000004
0.3205210000000003,755.7428776666666,250.96665433333337,-114.64986200000001,506.135711,119.8782415,32.429579,553.3959145,304.993553,-48.403344,-31.471252999999933,38.885605999999996
0.32630800000000004,755.7942976666667,250.966873,-114.383681,506.0171465,120.062363,32.5565615,553.8640075000001,305.0028525,-48.383639,-31.410015000000044,38.956119
0.3309206666666665,755.841758,250.96659966666667,-114.120758,505.900622,120.2395665,32.682936,554.317216,305.00748,-48.364458,-31.349856000000045,39.024872000000016
0.3343959999999999,755.8853140000001,250.96587233333332,-113.8609485,505.78590099999997,120.41019299999999,32.8088145,554.755831,305.0079635,-48.345801,-31.290730000000053,39.09194500000001
0.3367713333333331,755.925022,250.96472933333334,-113.604107,505.672748,120.574584,32.934306500000005,555.1801479999999,305.0048165,-48.327665,-31.232595999999944,39.157415000000015
0.3380860000000001,755.960938,250.96320733333334,-113.350089,505.5609315,120.7330795,33.0595175,555.590466,304.998537,-48.310047,-31.175410000000056,39.22135800000001
0.3383810000000003,755.9931196666666,250.96134399999997,-113.098747,505.4502205,120.886021,33.184552499999995,555.987087,304.98960850000003,-48.292944999999996,-31.11912600000005,39.283848999999975
0.33769566666666684,756.021625,250.95917599999999,-112.849937,505.34038799999996,121.0337465,33.3095115,556.370315,304.9784985,-48.276354999999995,-31.06370199999992,39.34495900000002
0.3360723333333331,756.0465113333333,250.95674066666666,-112.6035125,505.23121000000003,121.176595,33.4344925,556.7404564999999,304.9656575,-48.260273,-31.009091000000012,39.40476100000001
0.33355433333333356,756.0678373333334,250.95407433333335,-112.3593295,505.122465,121.3149005,33.5595905,557.0978195,304.95152199999995,-48.244695,-30.955250999999976,39.463322000000005
0.3301840000000002,756.0856620000001,250.95121166666664,-112.1172455,505.01393700000006,121.448997,33.684897,557.442714,304.9365115,-48.229614,-30.902138000000036,39.520707000000016
0.3260050000000003,756.1000440000001,250.9481896666667,-111.877117,504.9054135,121.5792145,33.8105005,557.775452,304.92103,-48.215027,-30.849707999999964,39.57698399999998
0.3210629999999998,756.1110426666665,250.94504300000003,-111.63880449999999,504.796687,121.705879,33.936487,558.096344,304.905465,-48.200928000000005,-30.79791799999998,39.63221199999998
0.3154013333333334,756.1187183333333,250.94180533333335,-111.402168,504.687554,121.829314,34.0629385,558.4057035,304.89018799999997,-48.187309,-30.74672499999997,39.686451999999974
0.3090659999999999,756.1231306666667,250.93851166666664,-111.167072,504.577818,121.949838,34.189934,558.7038425000001,304.8755555,-48.174164000000005,-30.696088999999915,39.73976499999998
0.3021023333333335,756.12434,250.935194,-110.9333815,504.4672865,122.06776500000001,34.317549,558.991074,304.861906,-48.161486,-30.645966000000044,39.79220400000003
0.2945563333333334,756.1224066666667,250.931886,-110.700964,504.355774,122.18340500000001,34.445857000000004,559.2677095,304.84956550000004,-48.149268,-30.596318999999994,39.84382499999998
0.28647333333333336,756.1173913333332,250.92861866666667,-110.46969100000001,504.2431,122.29706100000001,34.5749255,559.5340604999999,304.83884,-48.137501,-30.547104999999988,39.894679999999994
0.27789999999999965,756.1093546666666,250.92542366666666,-110.23943600000001,504.12909149999996,122.4090315,34.704822,559.7904364999999,304.83002250000004,-48.126176,-30.498289,39.944818999999995
0.26888200000000007,756.0983586666666,250.92233166666665,-110.0100755,504.0135825,122.519609,34.8356085,560.037146,304.8233905,-48.115286999999995,-30.449832000000015,39.99428899999998
0.2594653333333336,756.084463,250.9193716666667,-109.781489,503.896412,122.62907849999999,34.9673425,560.274496,304.819206,-48.104822999999996,-30.40169999999989,40.043136000000004
0.24969599999999983,756.0677306666666,250.91657299999997,-109.55356,503.777428,122.7377205,35.100082,560.502791,304.81771349999997,-48.094774,-30.353853999999956,40.09140499999995
0.2396190000000001,756.048222,250.91396299999997,-109.326176,503.656485,122.845807,35.233877,560.7223325,304.819147,-48.085132,-30.30626499999994,40.13913600000001
0.22928066666666705,756.0259996666667,250.91156866666665,-109.09922699999998,503.5334445,122.9536035,35.3687775,560.933421,304.8237215,-48.075886999999994,-30.25889799999993,40.18637100000001
0.21872499999999961,756.0011253333333,250.909417,-108.87260749999999,503.40817749999997,123.06136799999999,35.5048285,561.1363524999999,304.83164,-48.067029,-30.211723000000006,40.23314400000004
0.20799666666666639,755.9736613333333,250.90753266666664,-108.646216,503.2805595,123.169351,35.642072,561.33142,304.84309,-48.058546,-30.164710000000014,40.279492000000005
0.19714066666666671,755.9436693333333,250.90594,-108.4199545,503.15047749999997,123.277794,35.780546,561.5189135,304.85824649999995,-48.050428,-30.11783099999991,40.32544899999999
0.1861993333333333,755.9112116666665,250.9046616666667,-108.19372999999999,503.017824,123.386933,35.9202865,561.699119,304.877269,-48.042667,-30.07105999999999,40.37104599999998
0.17521666666666658,755.8763516666667,250.90372200000002,-107.9674545,502.8824995,123.4969925,36.061324,561.8723175,304.90030349999995,-48.035250000000005,-30.024370999999974,40.41631100000001
0.16423433333333293,755.8391516666667,250.90314033333334,-107.741041,502.7444145,123.6081915,36.2036875,562.0387880000001,304.9274855,-48.028165,-29.97774199999992,40.461273000000006
0.15329366666666644,755.7996743333333,250.90293766666665,-107.514411,502.603486,123.7207385,36.347402,562.198803,304.9589355,-48.021404,-29.931147999999894,40.50595499999997
0.14243600000000015,755.7579826666666,250.9031336666667,-107.2874875,502.45964000000004,123.834835,36.492489,562.352631,304.994761,-48.014954,-29.88457200000005,40.55038200000001
0.13170100000000007,755.7141396666666,250.9037466666667,-107.060199,502.3128105,123.9506705,36.638967,562.5005365,305.0350595,-48.008804,-29.837992999999983,40.59457500000002
0.1211276666666669,755.6682089999999,250.90479333333337,-106.8324795,502.1629395,124.06843,36.7868505,562.6427775,305.079914,-48.002945,-29.791394999999966,40.638552000000004
0.11075400000000046,755.6202543333333,250.90629066666665,-106.6042655,502.0099785,124.188286,36.9361525,562.7796075,305.12939900000003,-47.997363,-29.744760999999926,40.68233200000003
0.10061766666666665,755.570338,250.90825366666664,-106.3755,501.853884,124.3104025,37.0868805,562.9112755,305.183575,-47.992051000000004,-29.698077000000012,40.725930000000005
0.09075400000000045,755.5185246666666,250.91069633333333,-106.1461285,501.694624,124.4349355,37.239041,563.0380230000001,305.2424935,-47.986993999999996,-29.651332000000025,40.76935900000001
0.08119833333333319,755.4648773333333,250.91363266666667,-105.91610349999999,501.532173,124.56203099999999,37.3926355,563.1600880000001,305.306195,-47.982183,-29.604512,40.81263200000001
0.07198466666666696,755.4094603333333,250.91707366666665,-105.68538000000001,501.3665145,124.6918255,37.547664499999996,563.2777014999999,305.3747095,-47.977609,-29.557611000000065,40.855759000000035
0.06314566666666677,755.3523373333334,250.9210313333333,-105.4539185,501.197637,124.8244465,37.7041235,563.391089,305.448058,-47.973259,-29.510618000000022,40.898747999999955
0.054712666666667076,755.2935726666666,250.92551533333332,-105.221684,501.025541,124.9600125,37.8620065,563.5004695,305.5262515,-47.969125000000005,-29.463528999999994,40.941606999999976
0.04671633333333366,755.233231,250.93053466666666,-104.98864449999999,500.8502315,125.09863100000001,38.0213045,563.6060574999999,305.60929250000004,-47.965194999999994,-29.416337,40.984339000000034
0.03918533333333304,755.1713746666668,250.936098,-104.754775,500.67172100000005,125.24040299999999,38.1820045,563.7080605,305.69717349999996,-47.961461,-29.36903899999993,41.026949
0.03214700000000029,755.1080693333333,250.942212,-104.52005199999999,500.4900315,125.3854175,38.344093,563.806679,305.7898795,-47.95791199999999,-29.321632000000022,41.06943899999999
0.025628333333333586,755.0433790000001,250.948883,-104.284458,500.30519100000004,125.5337565,38.507552000000004,563.90211,305.887388,-47.95454,-29.274118000000044,41.111807999999996
0.019654666666666227,754.9773673333333,250.95611566666665,-104.0479785,500.1172335,125.685491,38.6723615,563.994541,305.989668,-47.951335,-29.226494000000002,41.154057999999964
0.014249000000000104,754.9100990000001,250.96391500000001,-103.81060500000001,499.926202,125.8406835,38.8384985,564.0841555,306.096682,-47.94828699999999,-29.178765,41.19618400000002
0.009434666666666333,754.8416386666667,250.97228399999997,-103.57233099999999,499.7321435,125.99938850000001,39.0059395,564.1711310000001,306.20838349999997,-47.945391,-29.130931999999916,41.23818299999999
0.0052313333333331435,754.77205,250.981225,-103.33315400000001,499.535114,126.16165000000001,39.1746555,564.2556380000001,306.3247225,-47.942637000000005,-29.08299999999997,41.28005099999996
0.001659333333333309,754.7013966666667,250.990739,-103.0930765,499.335174,126.327504,39.344618,564.337841,306.445639,-47.940016,-29.034974000000034,41.32178000000005
-0.001263666666666848,754.6297436666667,251.000827,-102.8521045,499.13239050000004,126.49697850000001,39.515796,564.4178985000001,306.5710695,-47.937523999999996,-28.986860999999976,41.36336499999999
-0.0035203333333333475,754.557154,251.01148899999998,-102.6102465,498.926837,126.67009050000001,39.688154499999996,564.495962,306.700944,-47.935151,-28.938668000000007,41.40479600000003
-0.005096333333333369,754.4836920000001,251.022723,-102.367515,498.718591,126.84685099999999,39.861658500000004,564.57218,306.835187,-47.932893,-28.89040399999999,41.446064000000035
-0.005976666666666593,754.4094203333334,251.034528,-102.12392650000001,498.50773649999996,127.02726150000001,40.036271,564.6466909999999,306.97371799999996,-47.930742,-28.84208000000001,41.487157999999965
-0.00615000000000047,754.334403,251.0469013333333,-101.87949950000001,498.294362,127.211316,40.211952000000004,564.7196309999999,307.11645050000004,-47.928692,-28.793704000000048,41.52806700000002
-0.005605333333333462,754.2587036666667,251.059839,-101.63425649999999,498.0785605,127.398999,40.38866,564.791129,307.26329599999997,-47.926739999999995,-28.74528799999996,41.56877800000001
-0.004332333333333309,754.1823833333334,251.073337,-101.38822300000001,497.8604315,127.59028900000001,40.566354,564.861308,307.414159,-47.92487799999999,-28.69684600000005,41.60927800000002
-0.0023239999999999186,754.105506,251.08739,-101.1414265,497.64007549999997,127.7851555,40.7449885,564.9302845,307.568941,-47.92310500000001,-28.648388999999952,41.649553999999966
0.0004273333333331131,754.0281336666667,251.101993,-100.89389750000001,497.417599,127.9835615,40.924518500000005,564.9981720000001,307.727541,-47.921415,-28.599929999999972,41.68959000000001
0.003926333333332958,753.9503273333333,251.1171393333333,-100.645671,497.19311300000004,128.185461,41.10489750000001,565.0650775,307.889852,-47.919805000000004,-28.551484999999957,41.72937200000001
0.008177000000000026,753.8721486666667,251.13282233333334,-100.3967805,496.9667305,128.390803,41.2860765,565.1311015,308.055766,-47.91827099999999,-28.5030670000001,41.76888399999996
0.01318199999999988,753.7936589999999,251.1490346666667,-100.147265,496.7385675,128.599529,41.468007,565.196341,308.2251705,-47.91681199999999,-28.454692000000023,41.808109
0.01894199999999972,753.7149176666667,251.16576799999999,-99.8971645,496.508744,128.811572,41.650638,565.2608875,308.39795100000003,-47.915424,-28.40637700000002,41.84702999999996
0.025457666666666306,753.635985,251.183014,-99.646521,496.277382,129.0268615,41.83391949999999,565.3248265,308.5739895,-47.914106999999994,-28.358134999999947,41.88563099999999
0.032726999999999805,753.5569206666665,251.2007626666667,-99.395379,496.0446065,129.2453175,42.017799,565.388241,308.753168,-47.912858,-28.309983999999986,41.92389400000002
0.04074733333333317,753.4777819999999,251.21900600000004,-99.143783,495.810544,129.4668565,42.202224,565.4512065,308.935363,-47.911677999999995,-28.26194099999998,41.96180000000004
0.049514999999999976,753.398628,251.23773233333335,-98.891782,495.57532349999997,129.6913885,42.38714,565.5137965,309.120452,-47.910565999999996,-28.214021000000002,41.99933199999998
0.0590243333333332,753.3195153333332,251.25693166666667,-98.639423,495.339075,129.918817,42.5724945,565.576079,309.3083085,-47.909521,-28.166244000000006,42.036473
0.06926933333333334,753.2404999999999,251.27659333333335,-98.386757,495.1019295,130.1490415,42.7582325,565.638117,309.4988065,-47.90854499999999,-28.118624000000068,42.073203000000035
0.0802420000000003,753.161638,251.2967063333333,-98.133835,494.86402050000004,130.3819555,42.944299,565.699971,309.6918175,-47.90763799999999,-28.071179999999913,42.10950500000001
0.09193399999999989,753.0829843333332,251.31725766666668,-97.8807095,494.6254805,130.6174475,43.130639,565.7616965,309.88721150000003,-47.906800000000004,-28.023928999999953,42.14535900000004
0.10433566666666676,753.0045919999999,251.33823666666663,-97.6274325,494.386445,130.8554015,43.3171975,565.8233455,310.0848585,-47.90603499999999,-27.97688699999992,42.180747
0.11743600000000025,752.9265146666667,251.35963066666667,-97.3740595,494.147047,131.0956985,43.5039185,565.8849660000001,310.2846265,-47.905345000000004,-27.930071999999996,42.215652999999975
0.1312226666666665,752.8488033333333,251.38142733333333,-97.1206435,493.9074215,131.3382125,43.690747,565.946602,310.4863845,-47.904731999999996,-27.883500000000026,42.25005700000003
0.14568400000000015,752.7715096666667,251.4036136666667,-96.86724,493.667703,131.582817,43.877627,566.0082955,310.689999,-47.904197999999994,-27.837188999999967,42.283942000000025
0.16080566666666649,752.6946826666666,251.4261766666667,-96.613905,493.4280255,131.82937900000002,44.064504,566.070084,310.89533800000004,-47.903746000000005,-27.791154000000006,42.317290000000014
0.17657266666666663,752.6183716666668,251.44910333333334,-96.360694,493.18852300000003,132.0777635,44.2513215,566.1320015,311.10226750000004,-47.903380999999996,-27.745411000000104,42.350082999999984
0.19297033333333338,752.5426236666667,251.47238033333335,-96.10766149999999,492.9493275,132.3278325,44.438025499999995,566.1940805,311.3106545,-47.903107,-27.69997699999999,42.382304999999974
0.20998199999999997,752.4674856666667,251.49599433333333,-95.85486499999999,492.7105705,132.579444,44.624561,566.2563485000001,311.52036599999997,-47.902928,-27.65486700000008,42.41393799999997
0.22759099999999974,752.3930016666667,251.51993166666668,-95.60236,492.4723835,132.8324545,44.810874,566.3188315,311.7312685,-47.902848000000006,-27.610095,42.444969000000015
0.24577933333333343,752.3192156666668,251.54417833333332,-95.3502015,492.234895,133.08671850000002,44.9969105,566.3815525,311.943229,-47.902871000000005,-27.56567700000005,42.475378000000035
0.2645283333333331,752.2461709999999,251.56872166666668,-95.0984445,491.9982325,133.3420855,45.1826165,566.4445324999999,312.15611650000005,-47.903003,-27.521626999999967,42.50515300000001
0.28381966666666675,752.1739080000001,251.59354666666664,-94.8471445,491.762522,133.598407,45.36794,566.507788,312.3697975,-47.90325,-27.477957999999944,42.534276999999975
0.3036333333333336,752.1024663333333,251.61864066666666,-94.5963565,491.5278875,133.8555305,45.552828500000004,566.571335,312.5841415,-47.903617000000004,-27.434682000000066,42.562734999999975
0.32394966666666686,752.0318846666665,251.64398933333334,-94.34613300000001,491.29445050000004,134.113302,45.737230999999994,566.6351865,312.799017,-47.904109999999996,-27.39181499999995,42.59051599999998
0.3447483333333336,751.9621993333334,251.66957866666667,-94.09652799999999,491.062331,134.3715675,45.9210955,566.6993535,313.0142955,-47.904735,-27.34936700000003,42.617605000000026
0.3660073333333333,751.8934463333334,251.69539533333332,-93.84759299999999,490.831646,134.6301715,46.1043725,566.7638445,313.2298465,-47.905497,-27.30734899999993,42.64398900000003
0.38770666666666687,751.8256593333332,251.72142599999998,-93.5993805,490.6025105,134.888957,46.287013,566.828666,313.4455435,-47.90640400000001,-27.26577199999997,42.66965699999997
0.40982400000000024,751.7588703333332,251.747657,-93.3519405,490.37503649999996,135.147768,46.4689675,566.893823,313.661259,-47.907461,-27.224645999999893,42.69459599999999
0.43233699999999997,751.6931103333333,251.77407433333335,-93.105323,490.149333,135.40644749999998,46.6501895,566.9593185,313.8768675,-47.908675,-27.1839829999999,42.718796999999995
0.4552243333333335,751.6284086666668,251.80066499999998,-92.8595765,489.92550700000004,135.6648375,46.830631999999994,567.0251525,314.0922435,-47.910053999999995,-27.14378899999997,42.742249000000015
0.478463666666667,751.5647926666667,251.827416,-92.6147475,489.70366149999995,135.92278299999998,47.0102475,567.0913250000001,314.30726549999997,-47.911603,-27.10407399999997,42.764940999999965
0.5020316666666664,751.502288,251.85431433333335,-92.3708835,489.4838965,136.180126,47.188993999999994,567.157834,314.5218105,-47.913329999999995,-27.06484599999999,42.78686699999997
0.5259070000000001,751.4409196666667,251.88134633333334,-92.1280285,489.2663105,136.436711,47.3668245,567.2246745,314.7357585,-47.915240999999995,-27.026111000000014,42.80801700000001
0.550066333333334,751.38071,251.9085,-91.88622649999999,489.050996,136.6923835,47.5436985,567.2918415,314.94899050000004,-47.917343,-26.98787500000003,42.828382999999974
0.5744873333333338,751.3216796666667,251.93576233333337,-91.6455195,488.838045,136.9469895,47.719573,567.359327,315.16138950000004,-47.919644,-26.95014399999991,42.847959
0.5991466666666668,751.2638483333334,251.963121,-91.405949,488.6275435,137.2003765,47.894407,567.4271235,315.3728395,-47.92214799999999,-26.912925000000087,42.86673900000005
0.6240233333333333,751.207234,251.99056400000003,-91.167553,488.4195765,137.4523925,48.068160999999996,567.4952205,315.5832265,-47.924865999999994,-26.876218999999992,42.884716999999966
0.649093666666667,751.151852,252.01807999999997,-90.9303715,488.2142225,137.702889,48.240796,567.5636065,315.792439,-47.9278,-26.84003299999995,42.901887999999985
0.6743359999999997,751.0977163333333,252.04565533333334,-90.6944385,488.0115605,137.9517175,48.412274,567.6322695,316.000366,-47.93096,-26.80436899999995,42.918248000000006
0.6997283333333334,751.0448399999999,252.07328033333332,-90.4597905,487.8116615,138.198732,48.582559,567.7011945,316.206899,-47.934352,-26.769228999999996,42.93379399999998
0.7252493333333335,750.9932343333334,252.10094333333336,-90.2264605,487.614596,138.44378899999998,48.7516145,567.770367,316.41193050000004,-47.93798100000001,-26.734613999999965,42.948522999999966
0.750877,750.9429073333334,252.1286323333333,-89.994479,487.4204305,138.6867465,48.919406499999994,567.8397695,316.615357,-47.941855,-26.700526999999965,42.96243199999998
0.7765906666666668,750.8938673333333,252.156338,-89.76387749999999,487.2292255,138.9274665,49.085901500000006,567.9093855000001,316.8170755,-47.945979,-26.666968999999995,42.97551900000002
0.8023693333333338,750.84612,252.184049,-89.534683,487.0410405,139.1658115,49.251068000000004,567.9791955000001,317.01698450000004,-47.950358,-26.63393899999994,42.987784999999974
0.8281923333333339,750.799669,252.21175466666668,-89.306923,486.85593,139.4016485,49.4148725,568.0491795,317.2149855,-47.954998999999994,-26.601437000000033,42.999229000000014
0.8540403333333337,750.7545173333334,252.2394453333333,-89.0806215,486.673946,139.63484749999998,49.577287500000004,568.1193169999999,317.410982,-47.959907,-26.56946400000004,43.00985000000003
0.879893666666666,750.7106656666668,252.26711166666666,-88.855803,486.49513349999995,139.86527949999999,49.7382825,568.1895844999999,317.604879,-47.965087000000004,-26.538014999999973,43.01965000000001
0.9057326666666675,750.6681133333332,252.294744,-88.6324885,486.31953899999996,140.09282100000001,49.8978295,568.25996,317.796584,-47.970544999999994,-26.507092000000057,43.02863000000002
0.93154,750.6268573333333,252.322333,-88.4106975,486.1472005,140.31735,50.055901,568.330418,317.98600799999997,-47.97628400000001,-26.476689999999962,43.03679200000005
0.9572966666666671,750.5868943333334,252.349869,-88.1904485,485.97815549999996,140.5387495,50.2124725,568.4009335000001,318.173062,-47.982309,-26.44680699999992,43.044137999999975
0.9829856666666664,750.5482183333334,252.37734433333333,-87.9717575,485.8124355,140.7569045,50.367519,568.4714805,318.35766,-47.988623999999994,-26.417441000000053,43.05067199999996
1.0085896666666663,750.5108223333333,252.40475066666667,-87.7546395,485.65007049999997,140.97170500000001,50.5210155,568.542031,318.53971850000005,-47.995233,-26.388587999999913,43.056397000000004
1.0340930000000002,750.4746976666667,252.43207900000002,-87.539108,485.491086,141.1830435,50.67294,568.612556,318.719157,-48.00214,-26.36024400000008,43.06131600000003
1.059479666666667,750.4398346666667,252.45932233333335,-87.3251745,485.335504,141.390818,50.823271500000004,568.683027,318.895896,-48.009347,-26.33240599999999,43.06543599999998
1.0847349999999993,750.4062213333333,252.48647233333335,-87.1128475,485.1833415,141.59492699999998,50.971988,568.7534125,319.069858,-48.016856000000004,-26.305069000000003,43.06876
1.1098439999999994,750.3738450000001,252.51352233333333,-86.9021355,485.0346155,141.7952775,51.119071,568.8236815,319.2409695,-48.02467,-26.27822900000001,43.07129299999997
1.134793,750.3426906666667,252.54046500000004,-86.693046,484.8893355,141.991777,51.264500999999996,568.8938015,319.409159,-48.032792,-26.251878999999917,43.07304199999999
1.159569333333334,750.3127426666666,252.56729399999998,-86.48558249999999,484.74751100000003,142.184339,51.408260999999996,568.9637395,319.57435599999997,-48.041222,-26.226016999999956,43.07401199999998
1.1841599999999997,750.2839853333334,252.59400166666668,-86.27974850000001,484.609146,142.3728805,51.550334,569.033461,319.7364935,-48.04996200000001,-26.200638000000026,43.07421099999999
1.208553333333333,750.2563983333333,252.62058266666668,-86.075546,484.4742425,142.557322,51.690704,569.102931,319.8955075,-48.059011999999996,-26.17573399999992,43.073645
1.2327393333333334,750.2299633333332,252.647031,-85.8729755,484.342798,142.73759,51.8293565,569.1721124999999,320.0513345,-48.06837300000001,-26.151302999999984,43.07232099999999
1.2567063333333326,750.204659,252.67334100000002,-85.6720345,484.2148085,142.913614,51.9662785,569.2409695,320.2039145,-48.07804300000001,-26.127336999999898,43.070246999999995
1.2804453333333339,750.1804643333335,252.69950633333335,-85.472721,484.0902645,143.085328,52.101456,569.3094645000001,320.35319100000004,-48.08802399999999,-26.10383300000001,43.06743
1.3039470000000004,750.1573546666667,252.72552266666665,-85.27503,483.969156,143.252671,52.234877,569.377558,320.49910850000003,-48.09831199999999,-26.080783999999994,43.063878999999986
1.3272033333333337,750.1353076666668,252.75138466666667,-85.078956,483.8514675,143.415586,52.366532,569.445211,320.6416145,-48.108908,-26.058183999999983,43.05960300000004
1.350206666666666,750.1142973333334,252.77708700000002,-84.884492,483.737183,143.574019,52.496409,569.5123834999999,320.78065849999996,-48.119808000000006,-26.03603099999998,43.05460899999997
1.3729496666666672,750.094297,252.80262633333336,-84.691629,483.626282,143.727924,52.6244995,569.579034,320.9161945,-48.131011,-26.014318000000003,43.048906999999986
1.3954266666666661,750.0752806666666,252.827997,-84.5003575,483.5187415,143.877255,52.750795999999994,569.645121,321.048175,-48.142514,-25.993040000000065,43.042506
1.4176316666666662,750.0572196666667,252.85319566666666,-84.310666,483.414536,144.0219745,52.87529,569.710602,321.17655950000005,-48.15431199999999,-25.97219199999995,43.035415
1.4395603333333333,750.040086,252.87821866666664,-84.12254300000001,483.31363699999997,144.162046,52.997975999999994,569.7754345,321.301308,-48.166402,-25.951769000000013,43.02764400000001
1.4612079999999998,750.0238493333333,252.90306166666664,-83.9359745,483.216013,144.2974395,53.1188475,569.8395740000001,321.4223825,-48.178780999999994,-25.931768000000034,43.019203000000005
1.4825706666666665,750.0084796666666,252.92772166666668,-83.7509455,483.121631,144.428129,53.2378995,569.902977,321.53974800000003,-48.19144299999999,-25.912184000000025,43.01010000000002
1.5036459999999991,749.9939463333334,252.952195,-83.5674405,483.03045499999996,144.5540925,53.3551285,569.9655975000001,321.653373,-48.20438299999999,-25.893012999999996,43.00034800000003
1.5244310000000005,749.9802173333334,252.97647933333334,-83.385442,482.942446,144.675312,53.470531,570.0273910000001,321.763228,-48.217594000000005,-25.874251999999956,42.989953999999955
1.5449243333333331,749.9672606666667,253.000571,-83.20493350000001,482.857563,144.791775,53.584105,570.088312,321.869285,-48.231072,-25.85589600000003,42.978931999999986
1.5651250000000003,749.9550436666667,253.02446733333332,-83.02589499999999,482.775764,144.903472,53.695848999999995,570.1483129999999,321.97152100000005,-48.244808,-25.837943999999993,42.96728999999999
1.5850313333333332,749.9435336666666,253.048166,-82.8483075,482.697002,145.010398,53.805761499999996,570.2073479999999,322.0699135,-48.258797,-25.82039199999997,42.955039
1.6046443333333336,749.9326963333333,253.0716653333333,-82.6721505,482.6212305,145.112553,53.9138435,570.26537,322.164444,-48.273031,-25.803237999999965,42.94218999999998
1.6239636666666664,749.9224983333334,253.09496199999998,-82.4974015,482.54839949999996,145.20994000000002,54.020096,570.322331,322.255095,-48.287502,-25.786479999999983,42.92875399999997
1.6429906666666667,749.912905,253.118055,-82.32404,482.4784575,145.3025665,54.124519500000005,570.3781839999999,322.34185449999995,-48.302201000000004,-25.77011600000003,42.91474299999999
1.6617259999999998,749.9038823333334,253.140941,-82.1520415,482.4113505,145.390444,54.2271185,570.4328814999999,322.424711,-48.317119,-25.754144999999994,42.90016600000001
1.6801726666666665,749.8953946666667,253.16362,-81.981384,482.34702400000003,145.4735875,54.3278945,570.486375,322.503656,-48.33224899999999,-25.738567999999987,42.88503399999996
1.6983319999999995,749.8874086666666,253.18608966666662,-81.8120435,482.2854205,145.55201599999998,54.426852499999995,570.5386169999999,322.578684,-48.347578999999996,-25.723382000000015,42.86936000000003
1.7162066666666664,749.879888,253.208348,-81.643994,482.22648100000004,145.625753,54.523996999999994,570.589559,322.649793,-48.363099999999996,-25.70858999999996,42.85315600000001
1.733800333333333,749.872798,253.23039433333335,-81.4772115,482.1701445,145.694824,54.6193345,570.6391545,322.7169825,-48.378800999999996,-25.694191000000046,42.836431000000005
1.7511156666666663,749.8661040000001,253.2522273333333,-81.3116705,482.1163495,145.75926049999998,54.71287,570.687355,322.780256,-48.394672,-25.68018600000005,42.81919800000003
1.7681573333333331,749.859771,253.27384599999996,-81.1473455,482.06503150000003,145.8190945,54.8046115,570.7341135,322.839619,-48.410701,-25.66657699999996,42.801468
1.784928333333334,749.8537636666666,253.295249,-80.98420949999999,482.016127,145.874363,54.894567,570.779383,322.89508,-48.426878,-25.653366000000005,42.783254
1.8014340000000004,749.848048,253.31643599999998,-80.822237,481.96956950000003,145.9251065,54.982745,570.8231165,322.94665,-48.44319,-25.640557000000058,42.764566
1.8176786666666676,749.842589,253.33740566666665,-80.6614015,481.925291,145.97136899999998,55.0691555,570.865268,322.9943445,-48.459625,-25.628152,42.745416999999975
1.833666666666667,749.8373526666668,253.358158,-80.501677,481.8832225,146.0131955,55.153808,570.9057925,323.0381795,-48.476169999999996,-25.61615500000005,42.725819
1.8494033333333333,749.8323046666668,253.37869166666667,-80.343036,481.843295,146.050636,55.2367135,570.9446445000001,323.0781755,-48.492813,-25.604570999999964,42.705783
1.8648940000000003,749.8274123333334,253.39900699999998,-80.1854515,481.805437,146.083742,55.317884,570.9817800000001,323.1143555,-48.509541999999996,-25.593404000000078,42.68532099999999
1.8801440000000005,749.8226416666666,253.41910300000004,-80.0288985,481.76957749999997,146.1125685,55.397332,571.017155,323.146745,-48.52633999999999,-25.582660000000033,42.664446
1.8951590000000003,749.81796,253.43897933333332,-79.8733505,481.735644,146.13717200000002,55.4750705,571.0507285,323.1753735,-48.54319699999999,-25.57234500000004,42.643170999999995
1.909944333333334,749.8133356666667,253.45863599999998,-79.718781,481.7035635,146.157614,55.5511135,571.0824580000001,323.20027300000004,-48.56009900000001,-25.562463999999977,42.62150600000001
1.9245056666666667,749.8087363333334,253.47807266666666,-79.5651635,481.67326149999997,146.1739545,55.6254755,571.1123044999999,323.2214775,-48.577028999999996,-25.553025000000048,42.59946500000001
1.9388483333333326,749.8041313333333,253.497289,-79.4124745,481.64466400000003,146.1862585,55.698171,571.140228,323.2390245,-48.593974,-25.544038,42.577061000000015
1.9529793333333332,749.79949,253.516285,-79.260687,481.617696,146.1945915,55.7692175,571.166191,323.252956,-48.610921000000005,-25.53550800000005,42.554304
1.9669033333333337,749.7947826666667,253.53506066666668,-79.109778,481.5922825,146.1990225,55.8386305,571.190157,323.2633145,-48.627853,-25.527446000000054,42.53120899999999
1.9806266666666668,749.78998,253.55361566666667,-78.959723,481.56834749999996,146.19961999999998,55.906428500000004,571.2120925,323.270147,-48.644757,-25.51986099999999,42.507788000000005
1.994154666666667,749.7850536666666,253.57195033333332,-78.8104985,481.5458155,146.196456,55.9726285,571.231963,323.273503,-48.661615000000005,-25.512761999999952,42.484054000000015
2.007493333333333,749.7799763333333,253.590065,-78.6620825,481.524611,146.189603,56.0372495,571.249738,323.2734355,-48.678415,-25.506160000000023,42.46001899999999
2.020647666666667,749.7747209999999,253.60795900000002,-78.5144525,481.50465799999995,146.1791345,56.1003105,571.2653875,323.27,-48.695139,-25.500066999999945,42.43569600000001
2.033624,749.7692623333334,253.625633,-78.367588,481.48588,146.1651255,56.161832000000004,571.278885,323.2632545,-48.711774,-25.494493999999918,42.411096999999984
2.046426333333333,749.7635746666668,253.64308633333334,-78.221469,481.468203,146.147653,56.2218345,571.290203,323.2532605,-48.728300999999995,-25.489454000000023,42.386236999999994
2.059061666666666,749.7576343333334,253.66032033333332,-78.0760755,481.4515505,146.126792,56.2803385,571.29932,323.24008249999997,-48.744707000000005,-25.484958000000006,42.361126999999954
2.071533333333333,749.751418,253.67733399999997,-77.93139,481.43584799999996,146.1026205,56.3373665,571.3062130000001,323.2237885,-48.760975,-25.481022000000053,42.335781
2.083847333333334,749.744904,253.69412766666665,-77.7873955,481.421022,146.0752165,56.39294,571.3108645,323.2044485,-48.77709,-25.477659000000017,42.31021099999998
2.0960073333333336,749.7380709999999,253.71070166666667,-77.6440765,481.4069975,146.0446575,56.447081999999995,571.313257,323.182135,-48.793034,-25.47488199999998,42.28443199999998
2.108018333333333,749.730899,253.7270563333333,-77.501418,481.3937025,146.0110215,56.499815999999996,571.313377,323.1569235,-48.808792000000004,-25.472709999999893,42.258455000000026
2.1198850000000005,749.7233696666667,253.74319133333333,-77.3594065,481.3810645,145.97438649999998,56.5511655,571.311213,323.1288935,-48.824347,-25.471153999999956,42.23229300000003
2.1316103333333327,749.7154643333333,253.759107,-77.2180305,481.369013,145.934831,56.60115449999999,571.3067550000001,323.0981265,-48.839684999999996,-25.470234000000005,42.205961
2.143198666666667,749.707167,253.774803,-77.0772795,481.357478,145.8924305,56.6498075,571.2999985,323.064706,-48.854789,-25.469965000000002,42.17947000000004
2.154653333333334,749.698462,253.79027966666663,-76.93714449999999,481.3463895,145.8472625,56.69714999999999,571.2909394999999,323.028719,-48.86964199999999,-25.470365000000015,42.15283400000004
2.1659776666666666,749.6893353333334,253.80553733333332,-76.7976185,481.335681,145.79940299999998,56.7432065,571.2795775,322.9902555,-48.884229000000005,-25.471451000000002,42.12606499999998
2.1771740000000004,749.679773,253.82057533333332,-76.6586955,481.325286,145.748926,56.7880035,571.2659145,322.94940599999995,-48.89853299999999,-25.47324299999991,42.099176
2.188245333333333,749.6697643333333,253.83539366666665,-76.52037150000001,481.31514,145.6959055,56.831565,571.2499565,322.906266,-48.912538000000005,-25.47575900000004,42.07218
2.199194,749.6592983333334,253.84999266666668,-76.382645,481.3051805,145.64041400000002,56.873919,571.231711,322.860932,-48.926230000000004,-25.479017999999996,42.045087999999964
2.2100223333333333,749.6483656666666,253.864372,-76.2455145,481.295346,145.58252099999999,56.91508949999999,571.21119,322.81350299999997,-48.939591,-25.483040000000074,42.01791399999996
2.2207310000000002,749.6369573333333,253.87853133333337,-76.10898350000001,481.28557750000004,145.522297,56.955105,571.1884075,322.7640805,-48.952606,-25.487844999999993,41.99067099999996
2.2313226666666672,749.6250683333334,253.89247066666667,-75.97305399999999,481.275818,145.4598085,56.99399,571.1633810000001,322.712767,-48.965259999999994,-25.493456000000037,41.963368
2.241797333333333,749.612692,253.90618933333334,-75.8377325,481.26601300000004,145.39512000000002,57.031772,571.1361314999999,322.6596695,-48.977537999999996,-25.499893000000043,41.93601899999999
2.2521560000000007,749.5998243333333,253.91968800000004,-75.703027,481.25610900000004,145.328294,57.068476,571.1066825,322.604894,-48.989424,-25.507176999999956,41.908634000000006
2.262399666666667,749.5864626666666,253.93296533333333,-75.568948,481.246057,145.259391,57.1041285,571.07506,322.54855050000003,-49.000901,-25.515331999999944,41.881227000000024
2.272528,749.5726060000001,253.94602166666667,-75.4355075,481.235809,145.1884695,57.138756,571.0412945,322.4907495,-49.011958,-25.524379000000067,41.853804999999966
2.282541333333333,749.5582530000001,253.95885566666666,-75.30272049999999,481.2253205,145.11558250000002,57.172382999999996,571.0054185,322.431603,-49.022578,-25.53434100000004,41.82638199999997
2.292438,749.5434060000001,253.97146799999996,-75.1706035,481.2145495,145.040783,57.20503599999999,570.967468,322.37122550000004,-49.032745999999996,-25.545244000000025,41.798967000000005
2.302218666666666,749.5280666666667,253.9838573333333,-75.03917799999999,481.2034565,144.96411949999998,57.236739,570.927481,322.3097325,-49.04245,-25.55711000000008,41.771569
2.3118806666666676,749.5122396666666,253.99602333333337,-74.90846400000001,481.1920065,144.8856365,57.2675165,570.8854985,322.2472395,-49.051674999999996,-25.56996300000003,41.74419900000004
2.3214240000000004,749.495929,254.00796466666665,-74.77848900000001,481.1801665,144.805377,57.297392,570.8415660000001,322.18386399999997,-49.060406,-25.583827999999926,41.716864000000044
2.3308466666666674,749.4791423333332,254.01968233333332,-74.6492795,481.167908,144.723378,57.3263895,570.79573,322.119725,-49.06863299999999,-25.598730000000046,41.68957399999999
2.3401456666666665,749.4618866666666,254.031174,-74.520866,481.15520449999997,144.639674,57.354531,570.7480395,322.05494,-49.07634,-25.614694999999983,41.66233599999998
2.349320333333333,749.4441716666666,254.04243966666664,-74.393282,481.14203499999996,144.55429650000002,57.3818375,570.6985465,321.9896295,-49.083517,-25.63174700000002,41.63515899999999
2.358367,749.4260076666666,254.05347833333335,-74.266564,481.128381,144.46726999999998,57.408330500000005,570.6473045,321.92391250000003,-49.090149000000004,-25.64991299999997,41.608047
2.367283333333334,749.4074063333334,254.06428933333336,-74.14075150000001,481.114228,144.37861800000002,57.43402999999999,570.59437,321.8579085,-49.096225999999994,-25.669218,41.581008999999995
2.376066666666666,749.3883810000001,254.07487166666667,-74.0158865,481.09956750000003,144.288357,57.4589535,570.5398015000001,321.7917375,-49.101737,-25.68968899999993,41.55404699999997
2.384713333333334,749.3689456666667,254.08522433333334,-73.892015,481.084392,144.196501,57.483119,570.4836585,321.72551999999996,-49.10667000000001,-25.711351000000036,41.52716800000002
2.393220000000001,749.3491163333333,254.09534633333337,-73.769186,481.0687005,144.10305749999998,57.506541999999996,570.4260025000001,321.65937299999996,-49.111016,-25.734233000000017,41.50037600000002
2.401583,749.3289090000002,254.10523733333332,-73.6474515,481.052496,144.00803,57.5292385,570.366896,321.593416,-49.114762999999996,-25.75836000000004,41.473671999999965
2.4097989999999996,749.3083419999999,254.11489600000002,-73.5268665,481.0357865,143.9114185,57.551221,570.306403,321.52776700000004,-49.117904,-25.783759999999916,41.44706000000002
2.417863666666666,749.2874353333333,254.12432133333334,-73.40749,481.0185845,143.8132155,57.572500500000004,570.244588,321.46254050000005,-49.120429,-25.81045800000004,41.420541000000014
2.425772333333333,749.2662083333333,254.133512,-73.28938500000001,481.000906,143.7134095,57.593087499999996,570.1815165,321.397852,-49.122329,-25.838481,41.394113999999945
2.433521666666667,749.2446833333333,254.14246766666668,-73.1726165,480.9827745,143.611984,57.6129905,570.117254,321.33381499999996,-49.123599,-25.86785800000007,41.36777999999998
2.4411066666666663,749.2228826666666,254.15118700000002,-73.0572555,480.96421599999996,143.5089175,57.632214499999996,570.051866,321.27054150000004,-49.124229,-25.898613999999952,41.34153699999996
2.4485230000000002,749.2008296666667,254.15966899999998,-72.9433745,480.9452645,143.404182,57.650765,569.985418,321.20814,-49.124216000000004,-25.930778000000032,41.315380000000005
2.4557663333333344,749.1785500000001,254.167913,-72.8310505,480.9259565,143.29774550000002,57.668642500000004,569.9179735,321.1467175,-49.123551,-25.964373000000023,41.28930700000001
2.4628316666666663,749.156069,254.1759176666667,-72.720364,480.90633549999995,143.1895705,57.68584800000001,569.849598,321.08637899999997,-49.122232000000004,-25.99942800000008,41.26331399999998
2.4697143333333327,749.133413,254.18368266666667,-72.6114005,480.886451,143.0796115,57.7023785,569.7803515,321.0272255,-49.120253000000005,-26.03596899999991,41.237393
2.4764096666666666,749.1106106666666,254.191207,-72.5042485,480.866356,142.967821,57.718227999999996,569.7102964999999,320.969355,-49.117612,-26.074021000000016,41.211536000000024
2.4829130000000004,749.08769,254.19848933333333,-72.399,480.846111,142.854143,57.7333895,569.63949,320.912864,-49.114307,-26.11361199999999,41.18573600000002
2.489219,749.0646806666667,254.20552899999998,-72.29575249999999,480.8257825,142.738518,57.747852,569.5679895,320.8578425,-49.11033400000001,-26.154764999999998,41.159981000000016
2.495323333333334,749.0416136666666,254.21232633333332,-72.1946065,480.80544150000003,142.620879,57.761603,569.495846,320.8043785,-49.10569600000001,-26.197505999999976,41.13426099999998
2.5012213333333335,749.0185189999999,254.21887966666668,-72.095666,480.785166,142.50115549999998,57.774625,569.42311,320.75255500000003,-49.100390000000004,-26.241859999999974,41.10856199999995
2.5069086666666665,748.9954293333334,254.22518933333336,-71.9990415,480.7650385,142.37927,57.7869,569.349827,320.702451,-49.09441999999999,-26.287849999999935,41.08286999999996
2.5123800000000003,748.9723766666666,254.23125466666667,-71.904845,480.7451505,142.2551405,57.798404500000004,569.2760385,320.65414,-49.087785000000004,-26.335501000000022,41.057169999999985
2.5176313333333336,748.9493953333334,254.23707433333334,-71.81319450000001,480.725596,142.1286775,57.809113,569.201782,320.60769100000005,-49.08049200000001,-26.384833999999955,41.03144400000002
2.5226580000000003,748.9265180000001,254.24265,-71.7242115,480.70647799999995,141.9997885,57.818996999999996,569.1270884999999,320.563168,-49.072542,-26.435873000000015,41.005674
2.5274559999999995,748.9037790000001,254.24798033333332,-71.638022,480.6879045,141.86837450000002,57.828024,569.051984,320.520628,-49.063942,-26.48863999999992,40.97983799999997
2.532020666666666,748.881214,254.25306566666666,-71.554756,480.669989,141.7343315,57.836156,568.976488,320.4801235,-49.054698,-26.54315399999996,40.953913
2.536348666666667,748.8588576666667,254.25790599999996,-71.474548,480.652853,141.59755,57.8433555,568.9006145000001,320.44169999999997,-49.044817,-26.59943499999997,40.92787800000002
2.5404356666666663,748.8367456666666,254.262503,-71.397537,480.6366225,141.457916,57.849577,568.8243685,320.405397,-49.03431,-26.657505000000015,40.90170599999999
2.5442790000000004,748.8149143333334,254.26685566666666,-71.32386600000001,480.6214305,141.3153095,57.8547745,568.747749,320.37124700000004,-49.023185,-26.717378000000053,40.87537200000003
2.5478740000000006,748.7933986666667,254.27096633333335,-71.2536825,480.6074165,141.16960650000001,57.8588955,568.6707455000001,320.3392745,-49.011452999999996,-26.77907300000004,40.84884499999998
2.551219,748.7722363333332,254.27483433333336,-71.1871375,480.59472600000004,141.020679,57.861883999999996,568.59334,320.3094985,-48.999128,-26.842607999999927,40.822092999999995
2.5543096666666663,748.7514636666666,254.278462,-71.1243875,480.58351,140.868393,57.8636815,568.5155045,320.2819295,-48.986222999999995,-26.907995000000028,40.79508699999997
2.5571439999999996,748.7311166666667,254.28185033333332,-71.06559250000001,480.57392600000003,140.712611,57.864223,568.4372020000001,320.256569,-48.972752,-26.97524800000008,40.767791999999986
2.55972,748.711232,254.28500066666666,-71.010916,480.56613849999997,140.553192,57.86344150000001,568.358385,320.23341200000004,-48.958733,-27.044380000000046,40.74016999999998
2.5620346666666673,748.6918466666666,254.28791533333333,-70.9605265,480.5603155,140.389989,57.861263,568.278994,320.2124445,-48.944182,-27.115402000000017,40.71218499999998
2.564087,748.6729966666667,254.29059633333335,-70.9145965,480.5566335,140.22285300000001,57.8576105,568.198961,320.193643,-48.929120999999995,-27.18832400000008,40.683798000000024
2.5658753333333335,748.6547176666667,254.29304566666664,-70.8733015,480.555274,140.05163199999998,57.852403499999994,568.1182045,320.17697599999997,-48.91356699999999,-27.263150999999993,40.65496400000001
2.567397666666667,748.6370463333333,254.29526666666666,-70.836822,480.55642250000005,139.876168,57.8455545,568.0366309999999,320.1624025,-48.897544999999994,-27.339894000000072,40.625643000000025
2.568654333333333,748.6200183333334,254.29726166666669,-70.805342,480.5602725,139.696303,57.8369735,567.9541340000001,320.1498715,-48.881077000000005,-27.418553999999972,40.595789000000025
2.569644,748.6036676666668,254.299034,-70.7790485,480.5670215,139.51187349999998,57.826565,567.870596,320.139323,-48.86418799999999,-27.49913600000002,40.56535400000001
2.570367333333333,748.5880299999999,254.3005873333333,-70.7581325,480.57687250000004,139.322716,57.8142285,567.785883,320.13068699999997,-48.846903,-27.581639999999993,40.53429
2.570823666666667,748.5731393333334,254.30192533333334,-70.7427885,480.590034,139.128663,57.7998585,567.6998495,320.12388150000004,-48.829252999999994,-27.666066999999998,40.502545
2.5710139999999995,748.559029,254.30305233333334,-70.7332135,480.6067185,138.92954550000002,57.7833465,567.6123339999999,320.11881700000004,-48.811265000000006,-27.752411999999936,40.47006600000003
2.5709389999999996,748.5457316666667,254.30397233333335,-70.729609,480.6271435,138.725193,57.764577,567.5231610000001,320.1153915,-48.792970000000004,-27.84067399999992,40.43679900000001
2.570599666666667,748.5332793333333,254.3046906666667,-70.732178,480.651533,138.5154335,57.74343,567.43214,320.113492,-48.774401999999995,-27.930841999999984,40.40268800000001
2.569999,748.5217033333333,254.30521199999998,-70.74112650000001,480.6801115,138.300094,57.719782499999994,567.3390645,320.1129955,-48.755593,-28.022908999999913,40.36767299999997
2.5691376666666668,748.511034,254.30554233333336,-70.7566645,480.71311049999997,138.079,57.693505,567.2437125,320.1137665,-48.736580000000004,-28.11686499999996,40.33169299999997
2.568019000000001,748.5013006666668,254.305687,-70.77900249999999,480.750765,137.851978,57.6644635,567.1458455,320.1156595,-48.71739899999999,-28.212695000000053,40.29468700000001
2.566645,748.492531,254.3056523333333,-70.808353,480.793312,137.618853,57.6325195,567.045209,320.118516,-48.698089,-28.310384000000113,40.256591999999955
2.5650196666666676,748.4847526666666,254.30544466666666,-70.8449325,480.840993,137.3794515,57.5975285,566.941532,320.1221665,-48.678691,-28.409913999999958,40.21733900000004
2.5631463333333335,748.4779913333333,254.30507166666666,-70.8889565,480.8940525,137.1335995,57.5593435,566.834526,320.12643,-48.659245,-28.511261999999988,40.176863999999966
2.561029,748.4722716666666,254.30453933333334,-70.940644,480.9527375,136.8811245,57.517810000000004,566.723886,320.1311125,-48.639796000000004,-28.614407999999912,40.135095000000035
2.5586720000000005,748.4676166666667,254.30385666666666,-71.0002135,481.01729650000004,136.621856,57.47277150000001,566.609289,320.136008,-48.620387,-28.719323999999915,40.09196199999997
2.55608,748.464049,254.30303066666667,-71.0678855,481.0879815,136.35562299999998,57.4240655,566.4903959999999,320.140899,-48.601065,-28.825981999999954,40.047392
2.553258666666667,748.461588,254.30206966666665,-71.1438805,481.1650455,136.082259,57.371524,566.3668495,320.145555,-48.581878,-28.934348999999997,40.00130999999999
2.5502130000000003,748.4602533333333,254.30098366666667,-71.2284185,481.248742,135.801599,57.3149775,566.2382745,320.14973299999997,-48.56287499999999,-29.044393000000014,39.95364000000001
2.5469490000000006,748.4600616666667,254.2997796666667,-71.3217195,481.339326,135.51348050000001,57.2542485,566.10428,320.15317849999997,-48.544107000000004,-29.156075999999985,39.904304999999965
2.543473333333333,748.4610293333334,254.29846966666665,-71.42400500000001,481.43705450000004,135.217744,57.1891575,565.964455,320.15562350000005,-48.525625000000005,-29.26935800000001,39.85322500000001
2.539791666666667,748.463169,254.29706099999999,-71.5354925,481.542182,134.9142335,57.11952049999999,565.818374,320.156788,-48.507484999999996,-29.384196000000088,39.80032
2.5359123333333335,748.4664933333333,254.29556566666665,-71.6564005,481.65496399999995,134.6027985,57.0451485,565.6655914999999,320.15637849999996,-48.489739,-29.500542999999993,39.74550700000003
2.531841666666667,748.4710126666668,254.2939926666667,-71.7869445,481.775657,134.283291,56.965849500000004,565.5056475,320.15409,-48.472445,-29.61835300000007,39.68870400000003
2.527587,748.4767353333333,254.29235466666668,-71.9273395,481.9045125,133.9555675,56.881427,565.3380625,320.1496045,-48.45566,-29.737571000000003,39.62982499999998
2.5231573333333324,748.4836666666666,254.29066166666667,-72.077797,482.0417845,133.6194915,56.791681499999996,565.162343,320.14259200000004,-48.439443000000004,-29.85814400000004,39.568783999999994
2.518560333333333,748.4918116666668,254.28892499999998,-72.23852500000001,482.187722,133.27493,56.69641,564.9779775,320.1327085,-48.423854000000006,-29.980012999999985,39.505494999999996
2.5138053333333334,748.5011723333333,254.28715699999998,-72.409731,482.342573,132.921756,56.5954045,564.7844385000001,320.11960050000005,-48.408953,-30.103116999999997,39.43986899999999
2.508899333333333,748.5117483333333,254.28537033333336,-72.59161549999999,482.506583,132.559849,56.488456,564.5811845000001,320.102899,-48.39480399999999,-30.22739100000001,39.37181800000002
2.5038536666666666,748.5235376666666,254.28357666666668,-72.7843775,482.6799925,132.189096,56.3753515,564.367656,320.0822255,-48.381468999999996,-30.35276799999997,39.30125099999998
2.4986763333333335,748.5365356666666,254.28178866666667,-72.98821050000001,482.8630395,131.8093885,56.255875,564.1432815000001,320.057188,-48.369014,-30.47917700000005,39.22807599999999
2.4933769999999993,748.5507363333332,254.28001966666667,-73.2033025,483.0559565,131.420627,56.129808,563.9074734999999,320.0273835,-48.357502000000004,-30.606542999999988,39.152202999999986
2.4879659999999997,748.5661303333333,254.27828333333332,-73.42983699999999,483.25897199999997,131.022719,55.99693,563.6596325,319.9923965,-48.34700199999999,-30.734790999999973,39.07353899999998
2.482453666666667,748.5827053333333,254.27659200000002,-73.667991,483.472309,130.6155795,55.857019,563.399145,319.951801,-48.33757799999999,-30.863839999999982,38.99199199999998
2.476848999999999,748.6004489999999,254.27496066666666,-73.917936,483.69618349999996,130.19913250000002,55.7098485,563.1253845000001,319.90515949999997,-48.329299000000006,-30.993606999999997,38.90746900000005
2.4711633333333336,748.6193446666666,254.27340200000003,-74.17983650000001,483.9308075,129.77330849999998,55.5551945,562.8377145,319.85202300000003,-48.322233000000004,-31.124007000000006,38.81987399999997
2.4654070000000003,748.6393733333334,254.27193133333333,-74.45384899999999,484.17638350000004,129.3380485,55.392827,562.535487,319.79193250000003,-48.316448,-31.254948000000013,38.729115000000036
2.4595906666666663,748.6605136666667,254.270562,-74.740123,484.43310799999995,128.8933025,55.22251849999999,562.218043,319.72441849999996,-48.312014999999995,-31.38634000000002,38.635099000000025
2.453725,748.6827433333333,254.26930866666666,-75.03880000000001,484.70117,128.439029,55.044039500000004,561.884716,319.6490015,-48.309003000000004,-31.518088000000034,38.53772900000001
2.447821333333333,748.7060356666667,254.26818566666665,-75.35001199999999,484.9807485,127.9751965,54.857158999999996,561.5348309999999,319.5651915,-48.30748,-31.650093999999967,38.436915
2.4418906666666667,748.7303616666668,254.267208,-75.6738845,485.2720155,127.5017835,54.6616475,561.1677035,319.47249050000005,-48.30751899999999,-31.782255000000077,38.332561
2.4359436666666667,748.7556903333334,254.26639066666667,-76.0105305,485.575132,127.018777,54.4572745,560.7826455,319.3703905,-48.309187,-31.914470999999935,38.22457300000002
2.429991333333333,748.7819883333333,254.26574733333337,-76.3600545,485.89025,126.5261765,54.243809999999996,560.378962,319.2583755,-48.312556,-32.04663400000004,38.11286099999995
2.424045,748.8092189999999,254.26529366666668,-76.72255150000001,486.2175105,126.023991,54.021025,559.9559545,319.1359205,-48.317696,-32.17863699999998,37.99733100000003
2.418116,748.8373443333334,254.26504333333332,-77.0981045,486.557045,125.51223949999999,53.7886925,559.51292,319.002495,-48.324675,-32.310367999999926,37.877891999999974
2.4122149999999998,748.8663226666667,254.26501233333332,-77.486786,486.908973,124.99095299999999,53.546584499999994,559.049156,318.857559,-48.333563,-32.44171399999993,37.754456000000005
2.4063533333333336,748.8961096666666,254.265215,-77.888657,487.2734005,124.460172,53.2944775,558.5639565,318.700567,-48.34442899999999,-32.572558999999956,37.62692999999996
2.4005420000000006,748.9266600000001,254.26566533333335,-78.303766,487.65042400000004,123.9199495,53.032149,558.056617,318.5309675,-48.357342,-32.702785999999946,37.495227
2.394791666666667,748.9579243333333,254.2663786666667,-78.73215049999999,488.0401255,123.3703485,52.759378999999996,557.526435,318.348202,-48.372366,-32.83227600000009,37.359262
2.389113666666667,748.9898516666667,254.26736866666667,-79.173835,488.4425755,122.81144450000001,52.475950499999996,556.97271,318.15171,-48.389568999999995,-32.96090800000002,37.21894800000001
2.3835176666666666,749.0223883333334,254.268649,-79.62883,488.85783,122.243324,52.181650000000005,556.3947455,317.940924,-48.409018,-33.08855900000003,37.074202000000014
2.3780153333333334,749.0554776666667,254.27023533333332,-80.09713400000001,489.2859305,121.6660845,51.8762675,555.7918525,317.715273,-48.430775000000004,-33.215104999999994,36.924942000000044
2.3726163333333337,749.0890616666667,254.27213966666667,-80.578732,489.72690550000004,121.079835,51.559597999999994,555.1633455000001,317.4741845,-48.45490399999999,-33.340419,36.77108900000002
2.3673313333333335,749.1230793333334,254.27437633333332,-81.0735945,490.180769,120.484696,51.2314395,554.5085489999999,317.2170825,-48.481465,-33.464376000000016,36.61256300000002
2.3621699999999994,749.157468,254.276958,-81.58167850000001,490.647519,119.880801,50.891597,553.8267975,316.94338849999997,-48.510518000000005,-33.586847000000034,36.44929099999996
2.3571416666666662,749.1921619999999,254.27989866666667,-82.1029265,491.1271395,119.268292,50.539878,553.1174355,316.6525255,-48.542122000000006,-33.70770499999992,36.28119899999996
2.3522563333333326,749.227094,254.28320900000003,-82.637266,491.619598,118.6473255,50.1760995,552.37982,316.3439135,-48.57633299999999,-33.82682,36.10821500000003
2.3475236666666666,749.2621936666666,254.28690266666663,-83.184612,492.12484700000005,118.018067,49.8000805,551.6133215,316.016974,-48.61320500000001,-33.94406099999992,35.930272
2.342952,749.2973906666666,254.29099066666666,-83.744861,492.642822,117.380695,49.4116505,550.8173255,315.67113,-48.652789,-34.059301000000005,35.74730599999998
2.3385503333333335,749.33261,254.29548433333335,-84.3178985,493.173444,116.735398,49.0106435,549.9912345,315.305807,-48.695136999999995,-34.172409000000016,35.55925400000001
2.334327,749.3677763333334,254.30039466666668,-84.903592,493.7166155,116.0823755,48.5969025,549.1344685,314.92043149999995,-48.740293,-34.283255000000054,35.36605700000001
2.3302899999999998,749.402813,254.30573166666667,-85.5017955,494.272223,115.421839,48.1702765,548.2464675,314.5144355,-48.78830500000001,-34.39171099999999,35.16766100000001
2.3264470000000004,749.4376393333333,254.31150466666668,-86.1123465,494.84013849999997,114.7540095,47.730625,547.326691,314.0872545,-48.839212,-34.49764800000003,34.964012999999966
2.322805,749.4721753333333,254.317724,-86.73507000000001,495.4202145,114.07911899999999,47.277815000000004,546.374622,313.6383295,-48.893056,-34.60093799999993,34.75506299999995
2.319371666666666,749.506338,254.324397,-87.369771,496.01228749999996,113.397409,46.8117225,545.3897655000001,313.167108,-48.949871,-34.701457000000005,34.540768000000014
2.3161533333333333,749.540044,254.331532,-88.016245,496.6161765,112.70913250000001,46.3322335,544.371653,312.6730435,-49.009693,-34.799076000000014,34.32108900000003
2.313156333333333,749.5732073333334,254.33913666666663,-88.674268,497.2316855,112.01454950000002,45.839244,543.3198405,312.155599,-49.072548,-34.89367499999992,34.09598600000004
2.3103856666666664,749.6057406666667,254.347217,-89.343603,497.858599,111.3139335,45.332660000000004,542.2339135,311.614244,-49.138466,-34.985131000000024,33.86542800000001
2.307847666666666,749.6375573333333,254.35577933333334,-90.02399750000001,498.49668699999995,110.607564,44.812398,541.1134844999999,311.048461,-49.207468000000006,-35.07332299999996,33.629388000000006
2.305546333333333,749.6685666666666,254.36482900000001,-90.7151845,499.1457005,109.895729,44.278386,539.9581965,310.4577395,-49.279574,-35.15813300000002,33.38784099999998
2.3034870000000005,749.6986796666666,254.37436966666667,-91.4168825,499.805376,109.17872750000001,43.730564,538.7677245,309.8415825,-49.35480000000001,-35.23944899999992,33.14076699999998
2.3016723333333333,749.727805,254.38440599999998,-92.128796,500.475432,108.456864,43.1688825,537.5417755,309.199506,-49.433159,-35.31715699999995,32.888153999999986
2.300107666666667,749.7558506666666,254.39494,-92.85061400000001,501.15557,107.730452,42.593305,536.2800910000001,308.5310365,-49.514658,-35.39114600000005,32.62999099999996
2.2987949999999997,749.7827246666667,254.40597366666665,-93.582013,501.8454785,106.9998115,42.0038075,534.9824455,307.835717,-49.599303000000006,-35.46131300000002,32.366273999999976
2.297736666666666,749.8083343333334,254.41750866666666,-94.3226555,502.544827,106.2652705,41.400379,533.648651,307.11310549999996,-49.68709200000001,-35.52755000000002,32.09700300000003
2.2969356666666663,749.8325856666667,254.42954499999996,-95.072191,503.2532705,105.527162,40.783021,532.2785555,306.362775,-49.778022,-35.58976300000006,31.822183999999993
2.2963930000000006,749.8553856666666,254.442082,-95.83025599999999,503.9704495,104.785825,40.15175,530.872046,305.584316,-49.872086,-35.64785199999994,31.54182800000001
2.29611,749.8766400000001,254.45511899999997,-96.5964735,504.6959885,104.0416045,39.5065935,529.429047,304.777336,-49.969271000000006,-35.701727999999946,31.25595199999998
2.2960869999999995,749.8962553333334,254.46865233333332,-97.3704565,505.4294985,103.2948505,38.8475965,527.9495225,303.9414615,-50.069561,-35.75130299999995,30.964574999999968
2.2963246666666666,749.9141386666666,254.48268,-98.1518045,506.170576,102.5459165,38.174815,526.433478,303.076339,-50.172934,-35.796492,30.667726000000016
2.296822333333333,749.9301963333334,254.49719666666667,-98.940107,506.91880349999997,101.79516050000001,37.4883215,524.8809610000001,302.1816345,-50.279367,-35.83721800000001,30.36543899999998
2.297579333333333,749.944335,254.51219766666668,-99.73494249999999,507.6737505,101.0429435,36.788203,523.292058,301.25703550000003,-50.38883,-35.87340799999998,30.057750999999996
2.298594,749.956463,254.52767666666668,-100.5358785,508.4349755,100.289629,36.0745605,521.666901,300.30225099999996,-50.501287,-35.904990000000055,29.744706000000008
2.2998646666666667,749.9664883333334,254.54362700000001,-101.34247350000001,509.2020225,99.535583,35.3475105,520.0056625,299.317013,-50.616703,-35.931903000000034,29.426356
2.3013893333333333,749.974321,254.56003966666665,-102.1542775,509.974426,98.781174,34.607186,518.3085605,298.3010775,-50.735034,-35.954087000000015,29.102753000000007
2.303165000000001,749.9798706666667,254.5769063333333,-102.9708305,510.7517085,98.026769,33.8537335,516.5758565,297.254224,-50.856232999999996,-35.97148900000002,28.77396200000004
2.305188333333333,749.9830486666666,254.59421733333332,-103.79166550000001,511.5333835,97.2727385,33.087316,514.8078555,296.1762565,-50.98025,-35.984059,28.440048999999988
2.3074553333333334,749.9837676666666,254.61196099999998,-104.61630749999999,512.318954,96.51945,32.308112,513.0049075,295.0670065,-51.107029999999995,-35.991758999999945,28.101089
2.309963,749.9819423333333,254.63012533333332,-105.44427499999999,513.1079145,95.76727249999999,31.5163155,511.16740749999997,293.92633,-51.236511,-35.99454899999995,27.757158000000004
2.312705,749.9774876666667,254.648697,-106.275082,513.8997515,95.016572,30.712135,509.29579450000006,292.7541105,-51.368632,-35.992399000000034,27.408344999999997
2.315676999999999,749.9703213333332,254.6676636666667,-107.10823299999998,514.693944,94.2677135,29.895798,507.3905535,291.55025850000004,-51.503324000000006,-35.985284999999976,27.054738999999984
2.318874333333334,749.9603626666667,254.68700933333332,-107.943232,515.4899645,93.52105900000001,29.067543500000003,505.4522125,290.31471450000004,-51.640515,-35.973186999999996,26.696437000000003
2.322289666666667,749.9475326666667,254.7067176666667,-108.779576,516.28728,92.77696750000001,28.2276295,503.48134500000003,289.0474445,-51.780131,-35.956091999999956,26.33354300000002
2.325917333333334,749.931755,254.72677366666667,-109.616759,517.0853529999999,92.0357935,27.3763275,501.47857,287.7484475,-51.922091,-35.933993999999984,25.966165000000046
2.329750666666667,749.9129550000001,254.74715766666668,-110.4542735,517.8836405,91.2978885,26.513925500000003,499.4445485,286.4177485,-52.066313,-35.906893000000025,25.59441700000002
2.3337819999999994,749.8910613333334,254.76785199999998,-111.2916085,518.681597,90.563598,25.640726,497.3799865,285.055405,-52.21271,-35.874792999999954,25.218420000000037
2.3380043333333336,749.8660036666666,254.78883800000003,-112.128253,519.478674,89.83326199999999,24.757048500000003,495.28563199999996,283.6615025,-52.361193,-35.83770599999997,24.838299000000006
2.3424099999999997,749.8377163333333,254.8100936666667,-112.96369250000001,520.2743224999999,89.1072145,23.8632245,493.16227649999996,282.23616000000004,-52.511667,-35.79564899999997,24.454187999999988
2.346990333333334,749.8061346666667,254.831599,-113.7974145,521.067993,88.3857835,22.9596035,491.010754,280.7795255,-52.66403699999999,-35.748648,24.066220999999985
2.351736666666666,749.7711986666667,254.853331,-114.628908,521.8591335,87.6692885,22.046547,488.831937,279.29177849999996,-52.818204,-35.696732,23.674541000000033
2.356640333333333,749.7328496666665,254.875268,-115.457661,522.647197,86.95804150000001,21.1244335,486.62674100000004,277.77313000000004,-52.974065,-35.63993599999998,23.279297999999983
2.361693,749.6910336666666,254.89738533333332,-116.283165,523.4316349999999,86.252348,20.193652500000002,484.396121,276.22382300000004,-53.131515,-35.578304,22.880642000000023
2.366883666666667,749.6456993333333,254.919659,-117.1049145,524.211904,85.5525015,19.2546095,482.1410675,274.644131,-53.290448999999995,-35.51188300000001,22.478733999999974
2.3722043333333334,749.5967986666668,254.94206366666666,-117.9224055,524.9874629999999,84.8587895,18.307722499999997,479.86261249999995,273.034361,-53.450755,-35.44072699999998,22.073734
2.377644333333333,749.544287,254.96457366666667,-118.735141,525.7577765,84.171487,17.353423,477.56182049999995,271.39485,-53.612322000000006,-35.364896999999985,21.665812000000017
2.383194,749.4881243333333,254.98716266666665,-119.54262449999999,526.5223145,83.490861,16.3921545,475.23979299999996,269.72596699999997,-53.775037000000005,-35.284456000000034,21.25514000000004
2.388842333333334,749.4282733333333,255.009803,-120.34437,527.280553,82.817165,15.424372000000002,472.897665,268.02811299999996,-53.938786,-35.199478,20.841893999999968
2.39458,749.364701,255.03246766666666,-121.139893,528.0319755,82.150645,14.450544500000001,470.53660349999996,266.301719,-54.10345100000001,-35.11003699999998,20.426255999999967
2.4003956666666664,749.2973786666666,255.05512766666666,-121.9287175,528.7760734999999,81.4915325,13.471150499999998,468.157806,264.5472485,-54.26891499999999,-35.016215999999986,20.008412999999962
2.4062783333333333,749.2262803333333,255.07775433333333,-122.7103755,529.5123470000001,80.840049,12.4866795,465.7625005,262.765195,-54.435058999999995,-34.918102999999974,19.588551999999964
2.4122176666666664,749.1513863333333,255.10031866666668,-123.48440649999999,530.2403075,80.1964025,11.497631,463.351942,260.9560825,-54.601764,-34.815788,19.166866999999996
2.418203333333333,749.0726783333333,255.12279,-124.25035600000001,530.959476,79.56079,10.504513999999999,460.9274115,259.12046449999997,-54.768907999999996,-34.70936700000004,18.743554999999986
2.424223333333333,748.9901456666666,255.14513966666667,-125.007782,531.669384,78.93339449999999,9.507848500000001,458.4902145,257.258926,-54.936373,-34.598945000000015,18.318816000000027
2.4302676666666665,748.903778,255.16733533333334,-125.75625,532.3695769999999,78.3143865,8.5081595,456.0416795,255.3720795,-55.104037000000005,-34.484624999999994,17.892853000000002
2.4363243333333338,748.813573,255.18934800000002,-126.49533550000001,533.059612,77.703923,7.505983499999999,453.58315600000003,253.46056550000003,-55.271778999999995,-34.366517999999985,17.465873000000016
2.442383,748.7195306666666,255.21114533333335,-127.224625,533.739061,77.1021485,6.501861000000002,451.1160115,251.525054,-55.439478,-34.24473899999998,17.038084000000026
2.448432666666667,748.6216559999999,255.23269566666667,-127.94371699999999,534.4075089999999,76.509192,5.496341000000001,448.6416315,249.566241,-55.607016,-34.11940699999997,16.609695999999985
2.4544623333333333,748.5199589999999,255.25396866666665,-128.652219,535.0645575,75.92517050000001,4.489978500000001,446.16141600000003,247.5848505,-55.77427300000001,-33.99064000000004,16.180925000000002
2.460461,748.414453,255.27493166666667,-129.3497525,535.709822,75.350186,3.4833309999999997,443.6767785,245.58163100000002,-55.94113,-33.858566999999994,15.751984000000022
2.4664179999999996,748.3051570000001,255.29555366666668,-130.035951,536.342936,74.7843275,2.4769635,441.189143,243.55735650000003,-56.107471,-33.72331399999996,15.323093
2.4723226666666664,748.1920943333333,255.315802,-130.71046,536.9635475,74.22767,1.471442999999999,438.6999435,241.51282500000002,-56.273179999999996,-33.585013000000004,14.894465999999994
2.478164666666667,748.0752923333333,255.33564533333333,-131.372939,537.5713245,73.6802725,0.4673394999999996,436.2106195,239.448858,-56.438143,-33.44379900000001,14.466325999999981
2.4839326666666675,747.9547836666667,255.35505233333333,-132.0230595,538.1659520000001,73.1421835,-0.5347744999999993,433.7226165,237.366299,-56.602247000000006,-33.29980699999999,14.038891999999976
2.489618,747.830605,255.37399066666669,-132.6605085,538.747132,72.613435,-1.534326,431.237382,235.266013,-56.76538,-33.153175999999974,13.612383999999992
2.49521,747.7027979999999,255.39242933333335,-133.284986,539.3145870000001,72.0940445,-2.530739500000001,428.756364,233.148885,-56.927437,-33.00404600000002,13.187024000000008
2.5006986666666666,747.5714086666667,255.41033633333333,-133.8962065,539.8680569999999,71.584019,-3.5234425,426.2810085,231.01582,-57.088308999999995,-32.85256099999998,12.763034000000005
2.506075,747.4364876666667,255.42768166666667,-134.4938985,540.407303,71.0833495,-4.511861499999998,423.812759,228.867739,-57.247893,-32.698864000000015,12.340634000000023
2.511328333333333,747.298089,255.444434,-135.077807,540.9321044999999,70.59201350000001,-5.4954255,421.3530515,226.7055825,-57.406089,-32.543098999999984,11.920042999999993
2.516451333333333,747.1562733333334,255.460563,-135.64768949999998,541.442262,70.109976,-6.473566499999999,418.90331449999996,224.5303045,-57.562797,-32.38541100000003,11.501483000000007
2.521434,747.0111033333333,255.476039,-136.20332050000002,541.937595,69.6371895,-7.445719,416.4649655,222.342875,-57.717924000000004,-32.225949000000014,11.085170000000005
2.526268666666667,746.8626476666665,255.49083200000004,-136.744489,542.417945,69.17359300000001,-8.4113235,414.039411,220.144277,-57.871376999999995,-32.064858000000015,10.671322000000004
2.5309466666666665,746.7109786666666,255.50491433333335,-137.27099950000002,542.8831720000001,68.719113,-9.369824000000001,411.628042,217.9355035,-58.023066,-31.90228400000001,10.260154999999997
2.53546,746.556172,255.5182556666667,-137.7826715,543.3331575,68.273665,-10.3206715,409.2322325,215.7175605,-58.172907,-31.738377000000014,9.851878999999997
2.539802333333333,746.398309,255.53082966666668,-138.2793405,543.7678055,67.837151,-11.263322999999998,406.85333849999995,213.491463,-58.32081599999999,-31.57328100000001,9.446708000000001
2.543965,746.237474,255.54260799999997,-138.760857,544.1870365,67.4094635,-12.1972435,404.49269449999997,211.2582325,-58.466717,-31.407140999999967,9.044849
2.5479420000000004,746.0737553333333,255.55356500000002,-139.227088,544.590795,66.9904825,-13.121905500000002,402.151613,209.01889749999998,-58.610535,-31.240103999999974,8.646507000000014
2.551727,745.9072453333333,255.56367466666666,-139.677915,544.9790445,66.580078,-14.036791999999998,399.831382,206.7744925,-58.752196,-31.07231200000001,8.251884999999987
2.555314,745.7380393333333,255.57291166666664,-140.113235,545.351769,66.17811,-14.941393999999999,397.5332615,204.52605599999998,-58.891636,-30.903909,7.861182000000014
2.558696666666667,745.5662373333333,255.5812523333333,-140.532961,545.7089725000001,65.7844295,-15.835216000000003,395.258485,202.274626,-59.02879,-30.73503400000004,7.474592000000001
2.561870666666667,745.3919423333333,255.58867266666667,-140.93702150000001,546.0506785,65.398876,-16.71777,393.008254,200.0212455,-59.1636,-30.56582800000001,7.092309
2.564831,745.2152603333334,255.595151,-141.325359,546.3769315,65.021283,-17.5885825,390.7837395,197.7669535,-59.296009,-30.39642699999996,6.714518999999996
2.567573,745.0363003333332,255.60066566666669,-141.6979325,546.687793,64.65147449999999,-18.4471925,388.5860775,195.5127895,-59.425967,-30.226967000000002,6.341403000000014
2.5700929999999995,744.855175,255.60519566666667,-142.05471550000001,546.983346,64.2892665,-19.293152,386.4163695,193.2597885,-59.553428,-30.05757699999998,5.973140999999998
2.572386666666667,744.672,255.6087223333333,-142.3956955,547.26369,63.9344685,-20.1260275,384.27568099999996,191.008981,-59.678347,-29.888390000000015,5.60990799999999
2.574452333333333,744.4868926666668,255.61122666666665,-142.720875,547.5289435,63.586883,-20.945397999999997,382.165037,188.7613915,-59.800686,-29.719532000000015,5.251868999999999
2.5762863333333335,744.299974,255.61269066666668,-143.0302715,547.7792435,63.2463075,-21.7508615,380.08542450000004,186.518036,-59.920411,-29.551127000000008,4.899190000000004
2.5778863333333333,744.111367,255.6131,-143.323916,548.014743,62.9125325,-22.5420285,378.03779,184.279924,-60.037491,-29.383294000000035,4.552028000000007
2.579251333333333,743.9211966666667,255.612438,-143.601853,548.2356115,62.5853445,-23.318527,376.0230365,182.04805149999999,-60.151897999999996,-29.21615300000002,4.2105330000000265
2.5803793333333336,743.72959,255.61069133333334,-143.86414200000002,548.4420359999999,62.264526000000004,-24.080002500000003,374.04202399999997,179.82340599999998,-60.263613,-29.04981600000002,3.874853999999999
2.5812693333333336,743.5366766666666,255.60784666666666,-144.110854,548.6342175,61.9498555,-24.826116000000003,372.09556899999995,177.60696000000002,-60.372616,-28.884393999999986,3.5451300000000003
2.5819213333333333,743.3425873333332,255.603893,-144.34207550000002,548.8123735,61.641108,-25.556548,370.184442,175.399672,-60.478892,-28.719993999999986,3.221494000000007
2.582335,743.1474543333334,255.5988203333333,-144.557902,548.976735,61.33805649999999,-26.270997,368.30936599999995,173.20248600000002,-60.582432,-28.55671799999999,2.9040760000000034
2.5825106666666673,742.9514116666666,255.592619,-144.758446,549.1275465,61.040471,-26.969178499999998,366.47102,171.01632899999998,-60.683229,-28.394664000000034,2.5929959999999994
2.5824490000000004,742.7545936666667,255.58528166666667,-144.943828,549.265065,60.7481225,-27.650827500000002,364.6700325,168.8421095,-60.781281,-28.23392899999999,2.2883689999999888
2.5821513333333335,742.5571363333333,255.5768013333333,-145.114183,549.3895620000001,60.460778000000005,-28.3156985,362.90698499999996,166.680718,-60.876589,-28.07460199999997,1.990304000000009
2.5816193333333337,742.3591766666667,255.56717400000002,-145.2696565,549.5013185,60.178207,-28.9635655,361.18241,164.533024,-60.969156999999996,-27.916770000000042,1.698900000000009
2.580855666666667,742.160851,255.55639499999998,-145.410404,549.600627,59.9001785,-29.594221,359.49679100000003,162.3998755,-61.058996,-27.760515999999996,1.4142530000000022
2.579861333333333,741.9622976666666,255.54446199999998,-145.536594,549.6877905,59.626462000000004,-30.2074775,357.85056199999997,160.2821,-61.146117,-27.60591400000004,1.1364519999999914
2.578640333333333,741.763654,255.531374,-145.648402,549.763121,59.35682799999999,-30.803168,356.244106,158.1805,-61.230534000000006,-27.453041999999982,0.8655740000000094
2.577195333333333,741.5650573333332,255.51713133333337,-145.746017,549.826939,59.091050499999994,-31.381145,354.6777585,156.095855,-61.312267999999996,-27.301964999999996,0.601696000000004
2.575529999999999,741.3666456666666,255.50173500000002,-145.829634,549.879574,58.828905,-31.941281,353.1518035,154.028919,-61.39134000000001,-27.152751000000023,0.34488199999998415
2.5736483333333333,741.1685553333333,255.48518833333333,-145.89946,549.9213615,58.570170000000005,-32.4834685,351.666476,151.9804195,-61.467777,-27.005457999999976,0.09519299999999475
2.5715540000000003,740.9709226666668,255.46749533333332,-145.95570899999998,549.9526435,58.314628,-33.007619,350.2219605,149.95105949999999,-61.541604,-26.860142999999994,-0.1473190000000102
2.5692526666666664,740.7738836666667,255.448662,-145.9986035,549.9737680000001,58.062064500000005,-33.5136655,348.8183935,147.941512,-61.612855,-26.716857000000005,-0.3826099999999997
2.5667483333333334,740.5775726666666,255.42869499999998,-146.028374,549.985088,57.8122705,-34.0015595,347.4558615,145.9524235,-61.681563000000004,-26.575647000000004,-0.6106410000000153
2.564047,740.3821233333333,255.40760233333333,-146.0452585,549.98696,57.5650415,-34.4712725,346.134403,143.98441200000002,-61.74776299999999,-26.436555999999996,-0.8313819999999907
2.561153333333334,740.187667,255.385394,-146.049502,549.9797444999999,57.320178999999996,-34.922795,344.854009,142.0380665,-61.811496,-26.299622,-1.04480700000002
2.5580739999999995,739.9943336666665,255.362081,-146.041356,549.963804,57.0774875,-35.356138,343.6146215,140.113945,-61.87280200000001,-26.164881000000037,-1.2509019999999964
2.5548146666666667,739.8022526666667,255.33767433333333,-146.0210785,549.9395025,56.8367815,-35.77133,342.41613800000005,138.2125775,-61.931723999999996,-26.032359999999983,-1.449655000000007
2.551381666666666,739.6115496666666,255.31218933333335,-145.988932,549.9072065,56.59787849999999,-36.168417999999996,341.2584085,136.33446149999997,-61.988307999999996,-25.90208899999999,-1.6410630000000026
2.5477819999999998,739.4223503333334,255.2856393333333,-145.945187,549.8672819999999,56.360604499999994,-36.5474685,340.1412395,134.4800655,-62.042603,-25.77408700000001,-1.825130999999999
2.5440219999999996,739.2347753333333,255.25804000000002,-145.89011499999998,549.820095,56.1247915,-36.908564500000004,339.064392,132.649827,-62.094655,-25.64837399999999,-2.0018680000000018
2.5401086666666663,739.048945,255.22940966666667,-145.823996,549.76601,55.890281,-37.2518075,338.0275855,130.84415,-62.144517,-25.52496500000001,-2.1712920000000224
2.53605,738.8649763333333,255.19976566666665,-145.7471115,549.7053914999999,55.6569185,-37.577316,337.03049550000003,129.063411,-62.19224200000001,-25.403869000000043,-2.3334259999999887
2.531852666666666,738.6829836666667,255.16912866666667,-145.659748,549.6385995,55.4245605,-37.8852235,336.07276049999996,127.307952,-62.237881,-25.285095000000013,-2.4882999999999953
2.5275243333333335,738.503077,255.13751766666667,-145.5621945,549.5659925,55.19307,-38.175682,335.1539755,125.578085,-62.281492,-25.16864499999997,-2.6359500000000082
2.523073666666667,738.3253656666666,255.10495566666668,-145.454744,549.4879255000001,54.9623185,-38.4488575,334.2736995,123.87409149999999,-62.323129,-25.05452299999996,-2.77641899999999
2.518507666666667,738.1499533333334,255.071465,-145.337691,549.404749,54.732185,-38.7049315,333.431454,122.1962205,-62.362849000000004,-24.942724,-2.909752999999995
2.513834333333333,737.9769419999999,255.03707,-145.2113325,549.31681,54.5025585,-38.9440995,332.62672599999996,120.544692,-62.400710999999994,-24.833241999999984,-3.0360080000000096
2.509062666666667,737.8064296666666,255.00179433333335,-145.0759675,549.2244495,54.273336,-39.166571499999996,331.85896649999995,118.9196925,-62.436772999999995,-24.72607099999999,-3.1552429999999987
2.5042000000000004,737.6385103333332,254.9656653333333,-144.9318965,549.1280035,54.0444215,-39.372570499999995,331.1275965,117.321381,-62.471092999999996,-24.62119899999999,-3.2675219999999996
2.4992553333333336,737.4732733333334,254.928709,-144.779421,549.0278000000001,53.8157305,-39.5623315,330.4320035,115.74988450000001,-62.503730999999995,-24.518610999999964,-3.372914999999992
2.494237,737.3108056666666,254.89095266666666,-144.618843,548.924164,53.587185500000004,-39.7361025,329.77154800000005,114.20530199999999,-62.53474700000001,-24.418294000000003,-3.471500000000006
2.4891536666666663,737.1511906666666,254.85242466666668,-144.450465,548.817411,53.358717999999996,-39.8941425,329.1455615,112.6877015,-62.564199,-24.32022699999999,-3.5633550000000014
2.4840130000000005,736.9945053333332,254.81315533333336,-144.2745895,548.707849,53.130268,-40.0367205,328.553348,111.197124,-62.592149000000006,-24.224392000000023,-3.6485639999999933
2.478825,736.840824,254.77317466666668,-144.0915205,548.595781,52.901784,-40.1641165,327.9941905,109.73358250000001,-62.618655000000004,-24.130764999999997,-3.727219000000005
2.4735970000000003,736.690217,254.73251233333335,-143.90155850000002,548.4814995,52.6732235,-40.276619999999994,327.467346,108.2970605,-62.643775999999995,-24.039324000000022,-3.799410999999992
2.4683380000000006,736.5427493333333,254.69120033333334,-143.7050055,548.3652895,52.444554,-40.3745265,326.9720515,106.887517,-62.66757100000001,-23.950042999999994,-3.865241999999995
2.4630570000000005,736.3984826666666,254.649271,-143.5021615,548.247428,52.215748,-40.458142499999994,326.5075245,105.5048835,-62.69010099999999,-23.86289499999998,-3.924808999999996
2.457762666666667,736.2574723333333,254.60675666666666,-143.293325,548.1281835,51.986788999999995,-40.527781000000004,326.0729665,104.1490675,-62.711420000000004,-23.777852999999993,-3.9782189999999957
2.4524633333333337,736.1197713333332,254.56369066666664,-143.07879350000002,548.0078149999999,51.757668,-40.583760500000004,325.6675595,102.8199495,-62.731587000000005,-23.694886999999994,-4.0255829999999975
2.447168,735.9854266666666,254.5201066666667,-142.8588625,547.8865715,51.528383,-40.6264055,325.2904755,101.51738900000001,-62.750659,-23.613967000000002,-4.067009999999996
2.441884333333333,735.8544813333334,254.476039,-142.6338245,547.7646950000001,51.298939999999995,-40.656047,324.940871,100.2412195,-62.76869,-23.535063999999977,-4.102617000000009
2.4366216666666665,735.7269733333333,254.43152133333334,-142.4039715,547.642417,51.069354,-40.673019000000004,324.617893,98.99125649999999,-62.785736,-23.458146,-4.132521000000011
2.431387666666667,735.6029360000001,254.38658933333332,-142.1695915,547.5199585,50.839646,-40.67766,324.3206785,97.76729,-62.80184800000001,-23.38318099999998,-4.156844000000007
2.426191333333333,735.4823986666667,254.341278,-141.9309695,547.397534,50.6098435,-40.670312499999994,324.048359,96.56909200000001,-62.817080999999995,-23.310136,-4.175708
2.4210413333333336,735.3653846666666,254.29562266666667,-141.6883885,547.275345,50.379982,-40.651320000000005,323.80005900000003,95.39641499999999,-62.831484,-23.23898200000002,-4.189238000000003
2.4159450000000002,735.2519146666667,254.24965833333331,-141.442129,547.153587,50.1501035,-40.6210285,323.57489899999996,94.2489925,-62.845107,-23.169684000000018,-4.197563000000002
2.410911,735.1420029999999,254.20342100000002,-141.1924665,547.0324430000001,49.920255499999996,-40.579786,323.371998,93.1265425,-62.858000000000004,-23.102214000000004,-4.2008089999999925
2.4059473333333337,735.0356593333335,254.15694666666664,-140.93967500000002,546.9120895,49.6904915,-40.527938999999996,323.1904735,92.0287635,-62.870208,-23.036536999999953,-4.199108999999993
2.401062,734.9328896666666,254.11027033333335,-140.6840225,546.792691,49.460871000000004,-40.465838000000005,323.0294445,90.9553415,-62.881776,-22.972623,-4.192594999999997
2.396263,734.8336953333333,254.06342866666668,-140.4257755,546.6744054999999,49.231459,-40.393829,322.8880325,89.905947,-62.89275,-22.910442999999987,-4.1813980000000015
2.391557666666667,734.7380726666667,254.01645699999997,-140.16519599999998,546.5573790000001,49.002326,-40.3122605,322.765362,88.8802365,-62.903169000000005,-22.849964,-4.165655000000001
2.386954,734.6460136666668,253.96939066666664,-139.90254249999998,546.4417525,48.773545,-40.221477,322.660563,87.87785650000001,-62.913078,-22.791160000000048,-4.145498999999987
2.3824596666666666,734.5575063333332,253.922265,-139.6380675,546.3276545,48.5451955,-40.1218225,322.57277450000004,86.89844,-62.922511,-22.734000999999978,-4.121067999999994
2.3780826666666663,734.4725336666667,253.87511600000002,-139.372023,546.215207,48.317359999999994,-40.0136385,322.5011405,85.941611,-62.931507,-22.678461000000027,-4.092495999999997
2.373829,734.3910753333333,253.82797733333337,-139.10465349999998,546.104524,48.0901245,-39.8972635,322.444817,85.006984,-62.94010300000001,-22.62451199999998,-4.059922
2.3697070000000005,734.313106,253.78088433333332,-138.83620050000002,545.9957115,47.8635795,-39.7730325,322.4029695,84.094166,-62.948330999999996,-22.572131000000013,-4.023480000000006
2.365723333333333,734.2385963333332,253.73387133333333,-138.5669015,545.888866,47.6378165,-39.641278,322.374776,83.20275699999999,-62.956222,-22.521292000000017,-3.983308000000008
2.3618846666666666,734.1675133333333,253.686972,-138.2969895,545.7840785000001,47.412931,-39.502328000000006,322.35942850000004,82.33234949999999,-62.96380800000001,-22.47197299999999,-3.9395449999999954
2.358198666666667,734.0998206666667,253.64021933333333,-138.026693,545.6814315,47.1890205,-39.356506499999995,322.3561335,81.4825335,-62.97111499999999,-22.424153000000047,-3.8923249999999996
2.3546716666666665,734.0354773333333,253.59364666666667,-137.7562355,545.581002,46.9661835,-39.2041335,322.36411050000004,80.6528935,-62.978170999999996,-22.37781100000001,-3.8417850000000016
2.3513099999999993,733.9744379999999,253.54728633333335,-137.485838,545.4828594999999,46.744521000000006,-39.0455225,322.3825985,79.843011,-62.985001,-22.33292899999998,-3.7880619999999965
2.348121333333333,733.916656,253.50117,-137.215714,545.387067,46.5241345,-38.880986,322.410853,79.052465,-62.991626000000004,-22.289488000000006,-3.7312900000000013
2.345110666666667,733.8620796666668,253.45532933333334,-136.946076,545.293682,46.3051255,-38.7108275,322.4481475,78.280836,-62.998069,-22.24747500000001,-3.671603999999988
2.3422853333333333,733.8106539999999,253.409794,-136.677129,545.202756,46.0875975,-38.5353475,322.493775,77.52770100000001,-63.004346999999996,-22.206872000000033,-3.6091379999999873
2.3396509999999995,733.7623223333334,253.36459433333334,-136.409076,545.1143374999999,45.871653,-38.3548415,322.547049,76.79264,-63.010479,-22.167667999999992,-3.544023999999993
2.3372136666666665,733.7170226666667,253.31975933333334,-136.142113,545.0284655,45.657395,-38.169599500000004,322.6073025,76.075234,-63.016481000000006,-22.129849000000036,-3.4763960000000083
2.3349793333333326,733.6746916666667,253.27531766666667,-135.876435,544.9451795,45.444925,-37.979904499999996,322.67389149999997,75.375067,-63.02236499999999,-22.093407000000013,-3.4063859999999977
2.332954333333333,733.635264,253.23129700000004,-135.612229,544.8645114999999,45.23434399999999,-37.7860365,322.746193,74.69172549999999,-63.028147000000004,-22.058329999999955,-3.334120999999996
2.3311439999999997,733.5986696666665,253.18772266666667,-135.34967999999998,544.7864915,45.0257515,-37.588269000000004,322.82360700000004,74.0248005,-63.033834000000006,-22.02461199999999,-3.259732999999997
2.329553333333333,733.5648383333333,253.14462233333333,-135.088968,544.7111445,44.819246,-37.386871,322.905556,73.37388849999999,-63.039438,-21.992246000000023,-3.183349000000007
2.328189,733.5336956666666,253.10202033333334,-134.830269,544.638494,44.614923499999996,-37.182106499999996,322.991486,72.7385915,-63.044965,-21.96122600000001,-3.1050970000000007
2.327055333333333,733.5051663333334,253.05994033333332,-134.573754,544.5685595,44.4128775,-36.9742325,323.0808675,72.118517,-63.050421,-21.931547000000023,-3.025102000000004
2.326158,733.4791726666667,253.01840633333333,-134.3195915,544.5013584999999,44.213201,-36.763504,323.1731945,71.5132815,-63.055811999999996,-21.90320700000001,-2.9434889999999996
2.3255019999999997,733.4556356666666,252.97744033333333,-134.06794349999998,544.4369065,44.015981,-36.5501695,323.2679845,70.922508,-63.061141000000006,-21.876203000000032,-2.8603820000000013
2.325092666666666,733.4344746666667,252.93706366666666,-133.81896899999998,544.3752185000001,43.8213035,-36.334473,323.364781,70.345827,-63.06641,-21.850532000000044,-2.775903999999997
2.3249343333333328,733.4156063333334,252.89729666666665,-133.5728245,544.316305,43.629253,-36.116656500000005,323.4631515,69.7828795,-63.071619000000005,-21.826194999999984,-2.6901749999999964
2.325032666666667,733.3989476666666,252.858158,-133.32966,544.2601795,43.4399065,-35.8969555,323.56268750000004,69.233316,-63.076769,-21.803191000000027,-2.6033160000000066
2.3253916666666665,733.3844143333334,252.81966666666668,-133.08962350000002,544.206852,43.253341000000006,-35.675603,323.663005,68.6967955,-63.081856,-21.78152,-2.5154449999999997
2.326015666666667,733.3719193333333,252.78183933333332,-132.852858,544.1563325,43.069627000000004,-35.452828499999995,323.76374599999997,68.17299,-63.086881,-21.761184000000014,-2.4266819999999996
2.3269099999999994,733.3613776666666,252.74469299999998,-132.619503,544.108632,42.88883249999999,-35.2288585,323.8645745,67.6615795,-63.091837,-21.742182999999955,-2.3371429999999975
2.3280779999999996,733.3527013333332,252.70824233333335,-132.389695,544.063761,42.711021,-35.003915500000005,323.96518149999997,67.16225850000001,-63.09672100000001,-21.724519000000043,-2.2469430000000017
2.3295243333333335,733.345803,252.67250166666668,-132.163566,544.021729,42.5362505,-34.778223,324.06527900000003,66.67473000000001,-63.101527999999995,-21.708191999999997,-2.1561980000000034
2.3312530000000002,733.3405946666667,252.63748366666664,-131.94124449999998,543.9825490000001,42.364575,-34.5519985,324.164605,66.198711,-63.106251,-21.693206000000032,-2.065020000000004
2.333268333333334,733.3369889999999,252.60320066666668,-131.7228555,543.946233,42.196045,-34.325460500000005,324.26292,65.7339315,-63.11088300000001,-21.679560000000038,-1.9735230000000001
2.3355726666666667,733.3348976666666,252.56966333333332,-131.5085215,543.912795,42.030704,-34.0988265,324.3600075,65.28013200000001,-63.11541700000001,-21.667254999999955,-1.8818199999999905
2.3381716666666668,733.3342336666666,252.53688233333332,-131.2983595,543.8822495,41.868592,-33.872310999999996,324.455673,64.8370675,-63.119845999999995,-21.656292000000008,-1.790021000000003
2.3410673333333327,733.3349083333333,252.50486533333333,-131.092485,543.8546140000001,41.709744,-33.6461305,324.54974500000003,64.4045045,-63.12415899999999,-21.64667000000003,-1.6982349999999897
2.3442636666666665,733.3368360000001,252.4736213333333,-130.8910085,543.8299055,41.5541885,-33.420500499999996,324.642073,63.9822245,-63.12834899999999,-21.638386000000025,-1.6065729999999974
2.3477633333333334,733.3399300000001,252.44315600000002,-130.694039,543.8081460000001,41.401951,-33.195637000000005,324.7325275,63.570021,-63.132408000000005,-21.631440999999995,-1.5151439999999923
2.35157,733.3441056666667,252.41347533333337,-130.501681,543.7893564999999,41.2530485,-32.971757,324.82099949999997,63.167701,-63.136323999999995,-21.625831000000005,-1.4240539999999982
2.355686,733.3492773333334,252.38458366666669,-130.3140355,543.7735625,41.107496,-32.749079,324.9074,62.775085000000004,-63.140088000000006,-21.621549999999957,-1.3334120000000027
2.360114,733.3553633333335,252.35648533333332,-130.1312025,543.76079,40.965302,-32.527823500000004,324.991659,62.3920065,-63.143693000000006,-21.61859199999998,-1.2433230000000037
2.3648569999999998,733.3622803333334,252.32918299999997,-129.9532755,543.7510685,40.826468500000004,-32.308213,325.0737245,62.018313500000005,-63.147126,-21.61695100000003,-1.1538930000000036
2.3699166666666662,733.3699483333334,252.302677,-129.780348,543.74443,40.6909945,-32.090472,325.15356299999996,61.653866,-63.15038,-21.616615999999965,-1.0652299999999997
2.3752953333333333,733.3782876666668,252.27696966666667,-129.6125085,543.7409075,40.558871499999995,-31.874829000000002,325.231157,61.2985375,-63.153444,-21.617575999999985,-0.9774349999999998
2.3809950000000004,733.3872213333333,252.25205933333334,-129.44984350000001,543.740539,40.430087,-31.661516499999998,325.306506,60.952215,-63.156311,-21.619820000000004,-0.8906139999999994
2.3870166666666663,733.3966736666666,252.22794566666667,-129.292435,543.7433625,40.304623,-31.4507695,325.3796245,60.614798,-63.158970999999994,-21.623328999999956,-0.804869999999994
2.3933623333333327,733.4065696666667,252.20462566666666,-129.140364,543.7494194999999,40.1824565,-31.2428275,325.45054100000004,60.286198999999996,-63.161415,-21.628085999999996,-0.7203060000000008
2.4000326666666667,733.4168386666666,252.182097,-128.993706,543.758755,40.06356,-31.0379355,325.51929900000005,59.966342,-63.163637,-21.634072000000003,-0.6370259999999988
2.4070283333333333,733.4274096666667,252.1603553333333,-128.85253600000001,543.771414,39.947899,-30.836343000000003,325.585954,59.655165,-63.16563,-21.64126399999998,-0.5551299999999983
2.414351,733.4382156666667,252.13939566666667,-128.7169245,543.7874465,39.835437,-30.6383035,325.6505735,59.352616,-63.167384999999996,-21.649632999999994,-0.4747199999999978
2.422,733.449191,252.11921300000003,-128.586939,543.8069035000001,39.7261305,-30.444079000000002,325.7132365,59.058655,-63.168898,-21.659155,-0.39589600000000047
2.4299749999999998,733.4602723333334,252.0998006666667,-128.462644,543.829837,39.619933,-30.2539355,325.7740315,58.7732555,-63.170162999999995,-21.669794999999965,-0.318759
2.438276666666667,733.4713993333334,252.08115066666664,-128.34410100000002,543.856303,39.516791999999995,-30.068144,325.833057,58.496398,-63.171175999999996,-21.681519999999978,-0.2434080000000023
2.446903666666667,733.4825139999999,252.06325633333336,-128.2313695,543.8863590000001,39.4166525,-29.8869845,325.89042,58.2280765,-63.171935,-21.694290000000024,-0.1699430000000035
2.455855,733.4935603333333,252.04610866666667,-128.1245035,543.9200625,39.3194535,-29.7107425,325.946234,57.9682935,-63.172435,-21.708064000000036,-0.09846100000000035
2.4651299999999994,733.5044856666667,252.0296976666667,-128.0235565,543.9574745,39.2251325,-29.53971,326.00062049999997,57.717062999999996,-63.172675999999996,-21.722798999999952,-0.02905799999999914
2.4747256666666666,733.5152406666666,252.014014,-127.92857649999999,543.9986565,39.13362,-29.374185500000003,326.05370500000004,57.474406,-63.172657,-21.738444000000015,0.038165999999996814
2.4846406666666665,733.5257763333333,251.99904666666666,-127.8396095,544.0436715,39.0448455,-29.214477,326.10562,57.2403525,-63.172378,-21.754948000000013,0.10311900000000662
2.4948720000000004,733.53605,251.984785,-127.756698,544.0925824999999,38.958735000000004,-29.060897,326.1565005,57.014942000000005,-63.171842000000005,-21.772254999999973,0.16570399999999808
2.5054176666666663,733.546018,251.97121666666666,-127.67988249999999,544.1454545,38.875209,-28.913766,326.2064835,56.79822,-63.171051999999996,-21.79030499999999,0.22582799999999992
2.516273,733.5556433333333,251.95832966666663,-127.6091965,544.2023525,38.794188,-28.7734135,326.255711,56.5902405,-63.170010999999995,-21.809033999999997,0.2834009999999978
2.5274353333333335,733.5648893333333,251.94611133333333,-127.54467449999999,544.26334,38.715588499999996,-28.6401735,326.30432299999995,56.391063,-63.168725,-21.82837599999999,0.33832999999999913
2.5388993333333336,733.5737236666668,251.9345483333333,-127.486345,544.3284825000001,38.639324,-28.5143895,326.3524625,56.200753000000006,-63.167199,-21.84825699999999,0.39052600000000126
2.550660333333333,733.5821153333335,251.923627,-127.43423250000001,544.397845,38.5653065,-28.396411,326.4002705,56.019382,-63.165443999999994,-21.868605000000002,0.4398999999999944
2.562714,733.5900393333335,251.91333366666666,-127.3883605,544.4714905000001,38.4934465,-28.286595000000002,326.44788800000003,55.847025,-63.163468,-21.88933800000001,0.4863679999999988
2.575053666666667,733.5974696666667,251.90365333333332,-127.34874599999999,544.549481,38.423652,-28.1853055,326.4954535,55.683762,-63.161281,-21.91037300000005,0.5298420000000021
2.587673666666666,733.6043873333333,251.89457133333335,-127.315404,544.631879,38.3558285,-28.092912499999997,326.54310150000003,55.529676,-63.158895,-21.931623000000002,0.5702440000000024
2.6005663333333335,733.6107736666667,251.88607333333334,-127.28834549999999,544.7187435,38.2898835,-28.009793000000002,326.5909645,55.3848525,-63.156324,-21.952996999999982,0.6074890000000011
2.6137246666666667,733.6166133333332,251.87814366666666,-127.2675765,544.8101325,38.22572,-27.9363315,326.63917000000004,55.24938,-63.153583,-21.974400000000003,0.6415020000000027
2.627141333333333,733.6218949999999,251.87076666666667,-127.253101,544.906101,38.163243,-27.8729165,326.687841,55.123347499999994,-63.150687,-21.995731999999975,0.6722049999999982
2.6408073333333335,733.6266096666667,251.86392666666666,-127.24491750000001,545.0067015,38.102355,-27.819942,326.737094,55.0068445,-63.147653999999996,-22.01688999999999,0.6995270000000033
2.6547140000000002,733.6307513333333,251.85760866666666,-127.2430215,545.111985,38.0429605,-27.777808999999998,326.7870405,54.8999615,-63.144504,-22.03776700000003,0.7233969999999985
2.668851,733.6343173333333,251.85179566666667,-127.2474035,545.2219975,37.9849615,-27.7469215,326.837783,54.802788,-63.141255,-22.05825200000004,0.7437460000000016
2.683208666666667,733.637306,251.84647200000003,-127.258051,545.336781,37.928264,-27.7276895,326.889418,54.7154115,-63.137931,-22.078232000000014,0.7605130000000031
2.697776333333333,733.639721,251.8416216666667,-127.2749455,545.4563754999999,37.872771,-27.7205255,326.9420335,54.637918,-63.134553,-22.097587000000033,0.7736340000000013
2.712541666666668,733.6415676666667,251.83722899999998,-127.29806500000001,545.580815,37.818389,-27.7258455,326.9957095,54.570391,-63.131145000000004,-22.116197,0.7830539999999999
2.7274936666666676,733.6428536666666,251.83327700000004,-127.327385,545.7101305,37.7650245,-27.744068499999997,327.050516,54.5129105,-63.127735,-22.133938,0.7887190000000004
