Sh_x,Sh_y,Sh_z,El_x,El_y,El_z,Wr_x,Wr_y,Wr_z,WrVec_x,WrVec_y,WrVec_z
-1.1146766666666668,721.1880183333333,245.95804433333333,-130.973501,544.2346885,18.51371,-39.567099999999996,312.621314,36.343025,-61.940236,-21.168536000000017,-10.32488
-1.1304333333333334,721.1527143333333,245.9640423333333,-131.108942,544.344916,18.4247095,-39.604348,312.6509625,36.3963105,-61.903887999999995,-21.218076999999994,-10.446859
-1.146898666666667,721.1196643333333,245.96986866666666,-131.25277,544.458672,18.340241000000002,-39.631368,312.700334,36.481415,-61.86391400000001,-21.27484000000004,-10.569076000000003
-1.164065,721.0889003333333,245.97553866666667,-131.404923,544.5758275000001,18.2604455,-39.6477905,312.7700175,36.599059499999996,-61.82025899999999,-21.338919000000033,-10.691302999999998
-1.1819253333333333,721.0604556666667,245.9810713333333,-131.5653285,544.6962484999999,18.185471,-39.6532575,312.860601,36.7499525,-61.772867000000005,-21.41039600000005,-10.813309
-1.2004716666666668,721.0343656666668,245.98648500000002,-131.73390799999999,544.819799,18.115467,-39.647420999999994,312.972668,36.9347895,-61.72168799999999,-21.48934799999995,-10.934853000000004
-1.2196960000000006,721.0106666666667,245.99180066666668,-131.9105755,544.946339,18.050588,-39.629945,313.106799,37.154252,-61.666678000000005,-21.575846000000013,-11.055694000000003
-1.2395883333333335,720.9893976666667,245.99703833333334,-132.0952375,545.0757249999999,17.990992000000002,-39.600505500000004,313.26356799999996,37.409006,-61.607793,-21.66995400000002,-11.175582000000002
-1.2601389999999997,720.9705990000001,246.00222066666666,-132.287793,545.2078105,17.936842000000002,-39.558791,313.4435455,37.6997005,-61.544996,-21.771727,-11.294269
-1.2813376666666672,720.9543123333334,246.007371,-132.4881315,545.3424445,17.888303999999998,-39.5045015,313.6472915,38.026966,-61.478251,-21.881214999999997,-11.411496
-1.303172666666667,720.9405823333333,246.01251233333332,-132.696137,545.4794744999999,17.845547,-39.437352999999995,313.875361,38.391413,-61.40752799999999,-21.998458000000028,-11.527006
-1.3256323333333329,720.929455,246.01766966666665,-132.91168449999998,545.618743,17.808747,-39.3570725,314.1282995,38.7936325,-61.332800999999996,-22.123489000000006,-11.640537000000002
-1.3487039999999997,720.9209776666667,246.022869,-133.1346415,545.76009,17.778080000000003,-39.263404,314.40664100000004,39.234192,-61.254048,-22.25633399999998,-11.751822000000004
-1.3723736666666662,720.9152003333334,246.02813700000002,-133.364867,545.903352,17.7537285,-39.156104500000005,314.7109105,39.713636,-61.171251000000005,-22.397009000000025,-11.860596000000001
-1.396627333333333,720.9121743333334,246.0335,-133.6022135,546.0483615,17.735876,-39.0349455,315.0416185,40.232483,-61.084397,-22.54552099999995,-11.966588000000002
-1.4214499999999999,720.9119523333333,246.0389866666667,-133.8465235,546.1949500000001,17.724709999999998,-38.899716500000004,315.3992645,40.791227,-60.993477000000006,-22.701872999999978,-12.06953
-1.4468253333333336,720.9145896666665,246.044625,-134.0976335,546.3429444999999,17.720423,-38.7502205,315.784333,41.3903335,-60.898484999999994,-22.866053999999963,-12.169147000000002
-1.4727366666666661,720.9201433333334,246.05044466666664,-134.3553705,546.4921685,17.7232075,-38.586276500000004,316.197293,42.030238499999996,-60.799423000000004,-23.03804600000001,-12.265166999999998
-1.4991663333333332,720.9286706666667,246.05647533333334,-134.619555,546.6424445,17.733259999999998,-38.4077225,316.6385985,42.711349999999996,-60.696295,-23.217822999999953,-12.357318
-1.5260966666666667,720.9402319999999,246.0627476666667,-134.889998,546.79359,17.7507805,-38.214411,317.108685,43.434042500000004,-60.58911,-23.40535,-12.445325000000004
-1.5535076666666663,720.9548883333333,246.069292,-135.166505,546.945422,17.775968499999998,-38.006213,317.607969,44.198659,-60.47788,-23.600581999999974,-12.528918000000004
-1.581379,720.972702,246.07614,-135.4488725,547.0977525000001,17.809026999999997,-37.7830165,318.13685050000004,45.00551,-60.362627,-23.803463000000022,-12.607824
-1.6096903333333332,720.9937376666667,246.0833233333333,-135.736889,547.250394,17.850161500000002,-37.544726499999996,318.69570550000003,45.854869,-60.243370999999996,-24.013931000000014,-12.681771999999995
-1.6384200000000002,721.01806,246.09087333333332,-136.0303355,547.403153,17.8995775,-37.291267,319.284892,46.746976000000004,-60.120142,-24.231914000000017,-12.750496000000005
-1.6675453333333337,721.045735,246.09882333333334,-136.3289885,547.5558375,17.9574805,-37.0225805,319.904745,47.682032500000005,-59.992971,-24.45732799999996,-12.813729000000002
-1.697042333333333,721.0768303333334,246.10720533333333,-136.6326125,547.708251,18.0240795,-36.738626499999995,320.555575,48.660204,-59.861895,-24.690082000000018,-12.871206
-1.726888,721.1114136666666,246.11605133333333,-136.9409695,547.8601965,18.0995805,-36.439382499999994,321.2376695,49.6816155,-59.72695699999999,-24.930074999999988,-12.922668999999999
-1.7570573333333332,721.1495543333334,246.125395,-137.25381149999998,548.011474,18.184192,-36.124847,321.95129099999997,50.7463535,-59.588202,-25.177196000000038,-12.967858999999997
-1.7875239999999997,721.1913206666667,246.135268,-137.570886,548.1618814999999,18.2781205,-35.7950355,322.69667649999997,51.8544645,-59.445681,-25.43132499999996,-13.006524999999996
-1.8182623333333332,721.2367826666667,246.145704,-137.8919325,548.3112185,18.381572499999997,-35.449982000000006,323.4740355,53.005953000000005,-59.29945200000001,-25.692331000000024,-13.038418
-1.8492446666666666,721.286011,246.15673466666667,-138.21668499999998,548.4592805,18.494752000000002,-35.0897395,324.28355150000004,54.2007835,-59.149573,-25.960077000000013,-13.063294999999997
-1.880444333333333,721.339075,246.16839266666668,-138.544871,548.6058619999999,18.617863,-34.71438,325.1253795,55.438876,-58.996108,-26.234411000000023,-13.080917999999997
-1.9118323333333336,721.396045,246.1807103333333,-138.876214,548.7507585000001,18.751106,-34.323995,325.9996455,56.720109,-58.839127999999995,-26.51517899999999,-13.091054
-1.943380333333333,721.4569913333335,246.19371866666665,-139.2104295,548.893763,18.89468,-33.9186925,326.90644599999996,58.044318000000004,-58.678705,-26.802211999999997,-13.093478000000005
-1.975058,721.5219823333333,246.20745033333333,-139.54722950000001,549.0346695000001,19.048779500000002,-33.4986005,327.8458485,59.411294,-58.514917,-27.095334999999977,-13.087970000000006
-2.006836333333333,721.5910880000001,246.221935,-139.88632,549.173271,19.213597,-33.063865,328.8178895,60.8207855,-58.347848,-27.394363,-13.074317
-2.0386843333333333,721.6643760000001,246.237204,-140.22740399999998,549.309361,19.389319999999998,-32.614651,329.8225745,62.272495500000005,-58.177582,-27.699100999999985,-13.052313000000005
-2.070571333333333,721.7419136666666,246.25328666666664,-140.5701795,549.4427324999999,19.576132,-32.15114,330.859878,63.766083,-58.004208,-28.00934799999999,-13.02176200000001
-2.1024659999999997,721.8237676666666,246.27021266666668,-140.9143395,549.5731795,19.774213,-31.673532,331.9297415,65.301164,-57.827822,-28.32489300000003,-12.982473999999996
-2.134337,721.9100016666667,246.288011,-141.2595745,549.700497,19.983735,-31.182045000000002,333.03207699999996,66.8773085,-57.648522,-28.64551799999998,-12.934269
-2.1661520000000003,722.0006800000001,246.306708,-141.6055725,549.8244815,20.2048665,-30.676913,334.1667625,68.494043,-57.466409999999996,-28.97099700000001,-12.876972000000002
-2.1978796666666667,722.0958639999999,246.32633199999998,-141.9520175,549.9449295,20.4377685,-30.158388,335.333643,70.1508515,-57.28159,-29.30109200000004,-12.810422999999993
-2.229486666666667,722.1956136666668,246.34690866666665,-142.2985905,550.0616395,20.6825965,-29.6267375,336.532532,71.847172,-57.094170999999996,-29.63556600000004,-12.734467999999993
-2.260941333333333,722.2999863333334,246.36846333333332,-142.6449725,550.1744125,20.939498,-29.082246,337.7632105,73.5824015,-56.904266,-29.974167000000023,-12.648962999999995
-2.2922106666666666,722.4090380000001,246.39101933333333,-142.990841,550.2830505,21.208612000000002,-28.525212000000003,339.0254255,75.35589250000001,-56.71199,-30.31663900000001,-12.553772999999993
-2.323262666666667,722.522821,246.41460033333337,-143.3358725,550.3873590000001,21.490071999999998,-27.9559505,340.3188925,77.166956,-56.517461,-30.662721000000033,-12.448778000000004
-2.3540643333333335,722.6413866666667,246.43922866666665,-143.6797445,550.4871455,21.784000499999998,-27.3747915,341.6432935,79.014862,-56.320801,-31.012144999999975,-12.333861999999996
-2.3845829999999997,722.7647816666667,246.46492433333333,-144.022131,550.58222,22.090512,-26.7820775,342.99827949999997,80.898838,-56.122133000000005,-31.364634999999964,-12.208925999999991
-2.4147873333333334,722.8930513333333,246.491707,-144.3627085,550.6723965,22.409712,-26.178166,344.3834685,82.818074,-55.921584,-31.71991300000002,-12.073877999999993
-2.444644333333333,723.026237,246.5195953333333,-144.7011525,550.757492,22.7416965,-25.5634255,345.79844649999995,84.77171799999999,-55.719285,-32.077691000000016,-11.928637999999992
-2.4741226666666667,723.1643763333333,246.5486063333333,-145.03714,550.837327,23.08655,-24.9382395,347.242768,86.7588815,-55.515365,-32.437681999999995,-11.773139
-2.5031906666666663,723.3075046666667,246.57875533333333,-145.3703485,550.9117265,23.444347999999998,-24.303001,348.7159565,88.778638,-55.30996,-32.799590999999964,-11.607324000000006
-2.531817333333333,723.455652,246.610056,-145.7004585,550.98052,23.815155,-23.658115499999997,350.2175065,90.8300255,-55.103203,-33.16312099999999,-11.43114899999999
-2.5599723333333335,723.6088460000001,246.642522,-146.027151,551.043541,24.199023,-23.003998,351.7468805,92.912047,-54.895233999999995,-33.52796900000004,-11.24458
-2.587625,723.7671093333333,246.67616366666667,-146.350111,551.1006275,24.595992499999998,-22.341072500000003,353.303513,95.0236715,-54.686189,-33.893831999999975,-11.047599000000005
-2.6147470000000004,723.930461,246.710991,-146.669025,551.1516220000001,25.006094,-21.6697745,354.88680850000003,97.163835,-54.476211,-34.260400999999945,-10.840194000000011
-2.641308,724.0989153333334,246.74701266666668,-146.983584,551.1963754999999,25.429344500000003,-20.9905445,356.4961445,99.3314445,-54.265439,-34.62736899999999,-10.622369000000006
-2.6672806666666666,724.2724829999999,246.784234,-147.293482,551.23474,25.865749,-20.3038325,358.1308705,101.5253755,-54.054017,-34.99442299999998,-10.394141000000005
-2.692637,724.4511689999999,246.8226606666667,-147.5984185,551.266576,26.315299,-19.610094500000002,359.79031150000003,103.74447599999999,-53.842089,-35.36125299999998,-10.155535999999998
-2.7173510000000007,724.6349739999999,246.86229566666665,-147.898095,551.29175,26.777974,-18.909793,361.4737645,105.98756750000001,-53.629796,-35.727543000000026,-9.906594999999996
-2.7413966666666667,724.8238946666667,246.90314033333334,-148.19222100000002,551.3101340000001,27.2537395,-18.2033955,363.1805035,108.253447,-53.41728500000001,-36.092983000000004,-9.647368
-2.764748666666667,725.0179216666667,246.945195,-148.480509,551.321606,27.742549,-17.491372,364.909779,110.540888,-53.2047,-36.457258000000024,-9.377918000000008
-2.7873836666666665,725.2170419999999,246.98845733333334,-148.7626775,551.326051,28.2443415,-16.774199499999998,366.6608185,112.8486425,-52.992185,-36.820055000000025,-9.098322999999993
-2.809278333333333,725.4212353333334,247.03292366666665,-149.0384535,551.3233615,28.7590425,-16.052355000000002,368.432828,115.175442,-52.779884,-37.18106400000005,-8.808670000000006
-2.8304113333333336,725.6304783333334,247.078589,-149.3075675,551.3134359999999,29.2865645,-15.326319,370.2249925,117.52000100000001,-52.567942,-37.53997499999997,-8.509056000000001
-2.850762,725.8447416666668,247.125446,-149.5697575,551.29618,29.8268055,-14.596572499999999,372.0364795,119.881017,-52.356500999999994,-37.896479,-8.19959399999999
-2.8703103333333337,726.06399,247.17348633333336,-149.8247695,551.2715075000001,30.3796505,-13.863596000000001,373.8664375,122.257172,-52.145706000000004,-38.250271,-7.880403999999999
-2.8890380000000007,726.2881843333333,247.22269866666667,-150.072357,551.2393385,30.944969,-13.127872,375.7139975,124.647139,-51.935696,-38.601050999999984,-7.551619999999986
-2.9069283333333336,726.5172783333333,247.27307133333332,-150.3122795,551.1996015,31.522619,-12.389879999999998,377.57827599999996,127.049575,-51.726614,-38.94851799999998,-7.213386000000014
-2.9239646666666665,726.7512216666665,247.32458966666664,-150.5443065,551.152232,32.1124435,-11.650098,379.458375,129.463132,-51.518598,-39.292377999999985,-6.865856000000008
-2.9401333333333333,726.989958,247.37723866666667,-150.7682145,551.0971735,32.714271000000004,-10.909001,381.353383,131.8864545,-51.311786000000005,-39.63234,-6.509197
-2.955421,727.2334259999999,247.431,-150.983789,551.0343775,33.3279185,-10.167061,383.262377,134.31817999999998,-51.106314000000005,-39.968118000000004,-6.143582000000009
-2.969815666666667,727.4815576666666,247.48585533333335,-151.1908245,550.9638030000001,33.9531865,-9.4247465,385.18442300000004,136.7569445,-50.902315,-40.29943199999997,-5.769199000000015
-2.983306333333333,727.7342816666668,247.54178266666668,-151.38912399999998,550.885417,34.5898655,-8.682519499999998,387.11857899999995,139.201382,-50.699923,-40.62600800000001,-5.3862419999999815
-2.9958853333333337,727.9915196666667,247.5987603333333,-151.578499,550.7991945,35.23773,-7.940836999999998,389.0638955,141.650127,-50.499266,-40.947577000000024,-4.994913999999994
-3.007544333333333,728.253188,247.65676399999998,-151.75877250000002,550.705119,35.896543,-7.2001504999999995,391.019415,144.10181699999998,-50.300473,-41.26387599999998,-4.595429999999993
-3.018277,728.5191986666667,247.71576800000003,-151.929776,550.603181,36.566054,-6.4609045,392.984176,146.555093,-50.103667,-41.574648000000025,-4.18801000000002
-3.028079,728.7894576666667,247.77574466666667,-152.0913495,550.4933805000001,37.2460005,-5.723533999999999,394.95721449999996,149.008602,-49.90897,-41.879647000000034,-3.7728879999999947
-3.0369473333333326,729.0638663333333,247.83666533333334,-152.243344,550.3757235,37.936108,-4.988469,396.9375615,151.461,-49.716502000000006,-42.178630999999996,-3.350297999999981
-3.0448806666666663,729.3423203333333,247.8985,-152.38562100000001,550.250225,38.6360895,-4.256126999999999,398.92424900000003,153.910951,-49.526378,-42.47136800000004,-2.920488000000006
-3.0518776666666665,729.6247113333334,247.96121666666667,-152.51805099999999,550.116909,39.3456455,-3.5269200000000005,400.91630899999996,156.35713249999998,-49.338712,-42.757632,-2.4837090000000046
-3.057940666666667,729.910925,248.024782,-152.640515,549.975805,40.0644675,-2.8012475000000006,402.912775,158.79823349999998,-49.153611,-43.03720800000002,-2.0402229999999975
-3.0630719999999996,730.2008423333333,248.08916133333332,-152.752904,549.826952,40.792234,-2.079499,404.912684,161.232958,-48.971183999999994,-43.309888,-1.590294
-3.067276,730.4943410000001,248.15431933333335,-152.8551195,549.670396,41.5286145,-1.3620540000000005,406.9150775,163.6600285,-48.79153,-43.57547299999999,-1.1341930000000104
-3.070559333333333,730.7912926666668,248.22021866666668,-152.9470735,549.5061900000001,42.273268,-0.649280000000001,408.91900150000004,166.07818300000002,-48.614748,-43.833775,-0.6722000000000037
-3.0729276666666663,731.0915650000001,248.286821,-153.0286875,549.334396,43.025843,0.05846700000000027,410.92351,168.4861805,-48.440934,-44.08461399999999,-0.20459500000001185
-3.074391,731.3950209999999,248.35408700000002,-153.099894,549.1550815,43.7859795,0.7608429999999995,412.9276645,170.882801,-48.270178,-44.32781899999998,0.2683359999999766
-3.0749586666666673,731.7015216666665,248.42197566666664,-153.1606355,548.9683225,44.55331,1.457517000000001,414.93053599999996,173.26684799999998,-48.102565999999996,-44.56323200000003,0.7462999999999909
-3.0746420000000003,732.0109216666666,248.49044633333332,-153.2108645,548.7742005,45.327456500000004,2.1481695000000016,416.93120650000003,175.637147,-47.938181,-44.79070299999995,1.229003999999975
-3.0734550000000005,732.323073,248.55945566666665,-153.250543,548.5728055,46.1080355,2.8324965000000013,418.928769,177.992551,-47.777099,-45.010091999999986,1.716148000000004
-3.0714106666666665,732.6378243333334,248.62896133333334,-153.27964450000002,548.364233,46.8946555,3.5102055000000014,420.9223295,180.33193849999998,-47.619397,-45.22126900000001,2.207433000000009
-3.0685250000000006,732.9550193333333,248.69891833333335,-153.298151,548.1485855000001,47.686917,4.181017500000001,422.9110085,182.65421700000002,-47.465141,-45.42411699999997,2.702555999999987
-3.064815,733.2745013333333,248.769282,-153.3060565,547.9259705,48.484418000000005,4.844668500000001,424.89394000000004,184.9583225,-47.314399,-45.618528000000026,3.2012110000000007
-3.0602983333333333,733.5961086666667,248.84000666666665,-153.303361,547.696504,49.286747500000004,5.5009075,426.870276,187.243221,-47.167229,-45.80440399999998,3.703091999999998
-3.054994333333333,733.9196773333333,248.9110463333333,-153.2900785,547.4603055,50.093491,6.149498999999999,428.8391825,189.50790949999998,-47.023688,-45.981659000000036,4.207890999999989
-3.048923333333333,734.2450406666667,248.98235466666665,-153.266229,547.2175,50.9042305,6.7902190000000004,430.799846,191.7514185,-46.883826,-46.150216,4.715299000000016
-3.042107,734.572031,249.053884,-153.231843,546.96822,51.718543,7.422861,432.75147000000004,193.9728115,-46.74769,-46.31001199999997,5.225009
-3.0345676666666663,734.9004763333332,249.1255866666667,-153.18696,546.712601,52.5360025,8.0472305,434.6932785,196.171185,-46.615323000000004,-46.460992999999974,5.736714000000006
-3.026329333333333,735.2302043333334,249.1974153333333,-153.1316285,546.450784,53.3561825,8.663149,436.62451550000003,198.34567049999998,-46.48676,-46.60311299999995,6.250102999999996
-3.0174163333333333,735.5610406666666,249.26932200000002,-153.06590599999998,546.1829150000001,54.178652,9.270450499999999,438.544445,200.49543699999998,-46.362035,-46.736342000000036,6.764871999999997
-3.007854,735.8928103333333,249.341259,-152.989858,545.9091435,55.0029805,9.868985499999999,440.452355,202.619687,-46.24117699999999,-46.860656000000006,7.280713999999989
-2.9976679999999996,736.2253356666666,249.41317666666666,-152.903558,545.6296239999999,55.8287365,10.458616999999998,442.347553,204.717661,-46.124206,-46.976046,7.797327999999993
-2.9868859999999997,736.5584393333334,249.48502799999997,-152.807087,545.344514,56.655488,11.039222500000001,444.229372,206.7886375,-46.011143000000004,-47.08250800000002,8.314413000000002
-2.9755363333333342,736.8919433333334,249.55676433333335,-152.7005365,545.0539745000001,57.482804,11.610694,446.097167,208.831931,-45.902001999999996,-47.180053999999984,8.831670000000003
-2.963646333333333,737.2256686666666,249.62833866666665,-152.5840025,544.7581705,58.3102545,12.1729375,447.9503175,210.84689600000002,-45.796793,-47.26870100000002,9.348804000000001
-2.951245333333334,737.559436,249.69970233333333,-152.45758899999998,544.457269,59.137412,12.7258715,449.7882265,212.8329245,-45.695519,-47.34848099999999,9.865522999999996
-2.9383633333333337,737.8930673333333,249.77080933333332,-152.32140850000002,544.1514405,59.963851000000005,13.269428999999999,451.610324,214.7894475,-45.598182,-47.41943200000003,10.381539000000004
-2.925029666666667,738.2263833333333,249.84161166666664,-152.175578,543.840858,60.789148499999996,13.803556,453.41606349999995,216.715933,-45.504778,-47.48160300000001,10.896568000000002
-2.911275,738.5592066666667,249.91206333333332,-152.0202225,543.525695,61.6128865,14.328211,455.20492349999995,218.611891,-45.415298,-47.535055,11.410330000000016
-2.897130333333333,738.8913596666666,249.98211866666665,-151.85547350000002,543.2061285,62.43465,14.8433665,456.97641050000004,220.4768685,-45.329731,-47.579853000000014,11.922550999999999
-2.882626333333333,739.2226673333333,250.05173233333335,-151.6814665,542.882338,63.2540295,15.3490065,458.7300545,222.310451,-45.248059,-47.61607700000002,12.43295999999998
-2.867794,739.5529540000001,250.12086066666666,-151.4983455,542.554501,64.0706205,15.845127000000002,460.465412,224.11226549999998,-45.170262,-47.643812000000025,12.941293000000002
-2.8526656666666668,739.8820470000001,250.18945900000003,-151.306256,542.222799,64.8840255,16.331736499999998,462.18206799999996,225.8819745,-45.096315000000004,-47.663152000000025,13.447288999999984
-2.8372713333333337,740.2097743333334,250.25748566666667,-151.10535249999998,541.8874135,65.693851,16.8088545,463.87963049999996,227.6192815,-45.026188999999995,-47.67420099999998,13.950696999999991
-2.821643333333333,740.5359670000001,250.32489833333332,-150.8957915,541.548526,66.4997135,17.276512,465.55773550000004,229.32392750000002,-44.959852000000005,-47.67706900000002,14.451268999999996
-2.8058123333333334,740.8604583333332,250.39165633333334,-150.677736,541.2063185,67.3012345,17.73475,467.216046,230.9956905,-44.897268,-47.671876,14.948762999999985
-2.7898096666666667,741.183083,250.45771966666666,-150.451351,540.8609735,68.098046,18.1836215,468.85424850000004,232.634387,-44.838397,-47.658749,15.442946000000006
-2.773666666666667,741.5036783333334,250.52305033333334,-150.21680750000002,540.5126725,68.889786,18.623188,470.472058,234.2398715,-44.783196000000004,-47.63782000000003,15.933589000000012
-2.757413,741.8220863333332,250.58761066666668,-149.974278,540.1615965000001,69.6761025,19.0535215,472.0692135,235.81203449999998,-44.731619,-47.60923100000002,16.420470999999992
-2.74108,742.1381500000001,250.65136500000003,-149.7239405,539.8079275,70.456653,19.474702999999998,473.645481,237.3508015,-44.683616,-47.57312999999999,16.903379
-2.7246973333333333,742.4517173333334,250.71427766666667,-149.46597549999998,539.4518439999999,71.231106,19.8868225,475.200652,238.856135,-44.639133,-47.529668000000015,17.382105999999993
-2.7082936666666666,742.7626386666667,250.77631666666665,-149.2005635,539.0935254999999,71.9991375,20.289978,476.73454100000004,240.328033,-44.598116,-47.47900599999997,17.85645199999999
-2.691898333333333,743.070768,250.83744833333333,-148.92789199999999,538.7331489999999,72.7604365,20.684275500000002,478.24698950000004,241.766527,-44.560505,-47.421311,18.32622600000002
-2.6755400000000003,743.375964,250.89764333333332,-148.648148,538.3708895,73.514702,21.069829,479.737863,243.1716815,-44.52624,-47.35675200000003,18.79124300000001
-2.659245666666667,743.678089,250.95687266666664,-148.36152,538.0069215000001,74.2616445,21.446759999999998,481.207049,244.543596,-44.495256,-47.285504,19.251328
-2.6430426666666667,743.9770086666667,251.01510833333336,-148.0682,537.6414175,75.000986,21.815195,482.65446199999997,245.88240000000002,-44.467487999999996,-47.207749999999976,19.706311999999997
-2.6269566666666666,744.2725946666666,251.07232533333334,-147.76838,537.2745465,75.732461,22.175269500000002,484.0800365,247.18825600000002,-44.442867,-47.123671,20.156034000000005
-2.611013666666667,744.5647213333333,251.12849866666667,-147.462254,536.9064754999999,76.455815,22.527122000000002,485.4837315,248.461356,-44.42132,-47.03345899999999,20.600340000000017
-2.5952373333333334,744.8532686666667,251.1836066666667,-147.150016,536.537371,77.1708075,22.870898,486.8655265,249.70192300000002,-44.402778000000005,-46.93730499999998,21.03908800000002
-2.579651666666667,745.1381216666667,251.237628,-146.8318625,536.1673940000001,77.8772095,23.206748,488.22542450000003,250.910207,-44.387166,-46.83540499999998,21.472138
-2.5642790000000004,745.4191693333333,251.29054366666665,-146.507988,535.796705,78.574806,23.5348265,489.563448,252.08648749999998,-44.374404999999996,-46.727957999999944,21.899362999999965
-2.549141666666667,745.6963059999999,251.34233733333335,-146.1785885,535.4254595,79.263395,23.8552925,490.879641,253.23107,-44.364419000000005,-46.61516599999999,22.320641999999992
-2.5342593333333334,745.9694316666665,251.39299233333335,-145.843861,535.053812,79.9427865,24.1683085,492.17406600000004,254.344287,-44.357131,-46.497232,22.735861999999997
-2.5196520000000002,746.2384506666667,251.44249566666667,-145.5039995,534.6819129999999,80.61280550000001,24.4740405,493.44680600000004,255.4264935,-44.352457,-46.37436200000002,23.14491899999996
-2.505337666666667,746.5032726666667,251.49083499999998,-145.159201,534.3099085,81.273289,24.7726575,494.69796099999996,256.4780725,-44.350317000000004,-46.24676399999993,23.547717000000006
-2.4913336666666663,746.7638133333334,251.538001,-144.809659,533.9379435000001,81.92408950000001,25.064331000000003,495.9276495,257.499427,-44.350628,-46.11464699999999,23.944166000000024
-2.4776556666666667,747.0199933333333,251.58398533333332,-144.455568,533.566157,82.565072,25.349234000000003,497.1360085,258.4909825,-44.353308,-45.97822100000002,24.33418499999999
-2.464319,747.271738,251.6287816666667,-144.09712,533.194686,83.1961155,25.627542,498.32318899999996,259.45318699999996,-44.358272,-45.83769799999999,24.717701999999974
-2.4513366666666667,747.5189796666667,251.67238533333332,-143.734507,532.8236635000001,83.817113,25.8994325,499.48936000000003,260.386505,-44.365435,-45.693287999999995,25.094651999999996
-2.438721333333333,747.7616556666667,251.71479366666668,-143.36792,532.453218,84.42797,26.165081999999998,500.6347035,261.291424,-44.374712,-45.54520299999996,25.464976000000007
-2.4264840000000003,747.9997076666667,251.75600633333332,-142.997547,532.0834755,85.0286085,26.424669,501.759417,262.168447,-44.386016,-45.39365399999997,25.828626000000014
-2.414634,748.2330846666667,251.79602433333335,-142.62357450000002,531.7145575,85.6189625,26.678373,502.863712,263.0180935,-44.399264,-45.238852000000065,26.18555900000004
-2.4031809999999996,748.4617400000001,251.83485033333332,-142.2461895,531.346581,86.1989785,26.926372,503.94781150000006,263.8409,-44.414367999999996,-45.08100900000005,26.53573800000001
-2.392130666666666,748.685633,251.872489,-141.8655735,530.97966,86.768619,27.168845,505.011951,264.6374165,-44.431244,-44.92033200000003,26.87913899999998
-2.3814896666666665,748.904729,251.90894666666668,-141.481909,530.6139045,87.32785849999999,27.405969,506.056378,265.4082065,-44.449804,-44.757029999999986,27.21573699999999
-2.371261666666667,749.1189976666666,251.94423233333336,-141.095375,530.249419,87.876685,27.637921499999997,507.0813495,266.1538475,-44.469965,-44.591311000000076,27.54552099999998
-2.361450666666667,749.3284153333334,251.97835499999997,-140.706147,529.886306,88.4151,27.864877999999997,508.087134,266.874927,-44.491642,-44.42337799999996,27.868483999999995
-2.3520586666666663,749.5329633333332,252.0113276666667,-140.31440049999998,529.5246629999999,88.9431185,28.0870125,509.07400700000005,267.5720435,-44.514747,-44.25343400000003,28.18462500000001
-2.343085666666667,749.7326286666666,252.0431626666667,-139.920307,529.1645825,89.4607675,28.3044975,510.0422545,268.24580449999996,-44.539201,-44.081680999999946,28.493948999999986
-2.334531,749.9274033333332,252.07387500000002,-139.5240355,528.806156,89.968087,28.517504499999998,510.9921675,268.8968265,-44.564917,-43.908315000000016,28.79647099999997
-2.3263923333333336,750.1172846666667,252.10348233333335,-139.1257525,528.4494665,90.46512899999999,28.726201000000003,511.924047,269.5257325,-44.591814,-43.73353399999996,29.092209000000025
-2.3186673333333334,750.3022746666667,252.1320016666667,-138.7256215,528.0945975,90.95195849999999,28.930753000000003,512.8381975,270.133153,-44.61981,-43.55752899999993,29.381188000000037
-2.3113509999999997,750.4823816666667,252.15945433333331,-138.3238035,527.741625,91.428652,29.131324499999998,513.734931,270.7197225,-44.648825,-43.38049199999995,29.66343900000001
-2.3044366666666662,750.6576179999998,252.18586033333335,-137.920456,527.3906235,91.895298,29.328076,514.614563,271.2860815,-44.678778,-43.202606,29.93899700000003
-2.297918333333333,750.8280019999999,252.21124299999997,-137.515734,527.0416615,92.3519955,29.521165,515.4774135,271.8328725,-44.709591999999994,-43.02405500000003,30.207904999999982
-2.291787333333333,750.9935546666667,252.23562666666666,-137.10979,526.6948050000001,92.7988555,29.7107465,516.3238065,272.3607415,-44.741189000000006,-42.845020999999974,30.47020900000001
-2.2860343333333337,751.1543046666667,252.259036,-136.7027715,526.3501160000001,93.236,29.896972,517.154068,272.870336,-44.773492,-42.66567599999996,30.725963999999976
-2.280648666666667,751.3102829999999,252.28149833333336,-136.2948255,526.007652,93.6635595,30.079989,517.9685255,273.3623035,-44.806428000000004,-42.486193000000014,30.975223000000028
-2.2756186666666665,751.461526,252.303042,-135.88609300000002,525.6674675,94.08167750000001,30.2599425,518.767511,273.83729200000005,-44.839921000000004,-42.30673999999999,31.218052
-2.2709323333333336,751.6080743333333,252.32369566666668,-135.476714,525.329612,94.490505,30.436974,519.5513535,274.2959485,-44.873902,-42.12748099999999,31.45451300000002
-2.2665746666666666,751.7499726666666,252.34348999999997,-135.0668245,524.9941335,94.8902035,30.611219499999997,520.3203845,274.738918,-44.908299,-41.94857300000001,31.684680000000014
-2.262532,751.887269,252.36245599999998,-134.6565565,524.6610734999999,95.28094300000001,30.782814,521.074936,275.166843,-44.943042,-41.770172,31.90862599999997
-2.2587879999999996,752.0200173333333,252.380627,-134.24604,524.330472,95.6629025,30.951886000000002,521.8153365,275.5803625,-44.978066,-41.59242699999999,32.12643099999997
-2.255326,752.1482733333333,252.39803500000002,-133.835401,524.0023659999999,96.0362695,31.118562,522.541916,275.9801105,-45.013304,-41.41548599999993,32.338175000000035
-2.2521286666666662,752.2720966666666,252.41471566666667,-133.42476249999999,523.6767864999999,96.4012385,31.282964,523.2550005,276.3667185,-45.048692,-41.23948699999994,32.54394500000001
-2.249177333333333,752.3915516666667,252.43070333333333,-133.0142435,523.3537630000001,96.75801150000001,31.44521,523.9549155,276.7408085,-45.084168,-41.06456700000001,32.743831
-2.2464533333333327,752.5067046666667,252.44603300000003,-132.603961,523.033322,97.10679999999999,31.605414000000003,524.6419814999999,277.1030005,-45.11967,-40.89085699999998,32.93792300000001
-2.2439366666666665,752.617625,252.46074266666665,-132.1940265,522.7154845,97.447818,31.763686,525.316518,277.45390399999997,-45.155142,-40.718481999999995,33.126318000000026
-2.2416063333333334,752.7243856666668,252.47486800000001,-131.7845505,522.4002720000001,97.781289,31.9201325,525.978839,277.7941235,-45.190524999999994,-40.547563999999966,33.309113000000025
-2.239441333333333,752.8270630000001,252.48844799999998,-131.3756395,522.0876985,98.107441,32.074855,526.6292559999999,278.124253,-45.225764,-40.37821999999994,33.48640799999998
-2.2374199999999997,752.9257343333334,252.501519,-130.9673955,521.777778,98.42650800000001,32.227953,527.268074,278.44487949999996,-45.260806,-40.21055999999993,33.658304999999984
-2.2355199999999997,753.02048,252.5141213333333,-130.5599185,521.4705215,98.738728,32.37952,527.8955955,278.75658050000004,-45.295598,-40.04468900000006,33.82490899999999
-2.2337173333333338,753.1113833333334,252.52629266666668,-130.153305,521.1659345,99.04434499999999,32.529647,528.5121154999999,279.05992200000003,-45.330094,-39.88070899999997,33.986328000000015
-2.2319903333333335,753.1985286666667,252.53807200000003,-129.7476475,520.864023,99.3436055,32.6784205,529.1179255000001,279.35546250000004,-45.364243,-39.71871500000003,34.14266900000001
-2.2303143333333333,753.2820033333333,252.549499,-129.34303549999998,520.5647885000001,99.6367615,32.825924,529.713311,279.643747,-45.397999999999996,-39.55879799999997,34.294039999999995
-2.228665,753.361895,252.56061333333332,-128.93955599999998,520.268229,99.924066,32.972237,530.298549,279.92531099999997,-45.43132,-39.40104199999996,34.44055599999996
-2.227018666666667,753.4382936666667,252.57145433333335,-128.5372925,519.9743415,100.205777,33.1174355,530.8739135,280.2006765,-45.464163,-39.245528999999976,34.58232700000002
-2.225351,753.5112913333334,252.58206033333332,-128.136324,519.6831195,100.48215350000001,33.2615915,531.4396704999999,280.4703565,-45.496487,-39.09233299999994,34.71946700000001
-2.2236363333333333,753.5809800000001,252.59247200000001,-127.7367285,519.394554,100.753457,33.404775,531.996079,280.7348485,-45.528254000000004,-38.94152400000007,34.85209099999997
-2.221849666666667,753.647453,252.60272799999998,-127.33857850000001,519.108635,101.01995149999999,33.5470515,532.543392,280.9946395,-45.559427,-38.79316600000004,34.980313000000024
-2.219967,753.710805,252.61286699999997,-126.9419445,518.8253485,101.2819005,33.6884835,533.0818555000001,281.2502015,-45.589973,-38.647321000000034,35.10424899999998
-2.2179633333333335,753.7711310000001,252.62292733333334,-126.54689400000001,518.5446784999999,101.539569,33.829131000000004,533.6117065000001,281.5019955,-45.619858,-38.504043000000024,35.22401500000001
-2.2158123333333335,753.8285259999999,252.63294899999997,-126.153492,518.2666075,101.7932225,33.969049999999996,534.133177,281.75046699999996,-45.649049999999995,-38.36338000000001,35.33972799999998
-2.2134906666666665,753.8830863333334,252.642968,-125.7617985,517.9911145,102.0431265,34.108295,534.6464915,281.99604850000003,-45.677522,-38.225378999999975,35.451502999999946
-2.210972333333333,753.9349070000002,252.653023,-125.371872,517.718179,102.2895465,34.246916999999996,535.1518659999999,282.2391595,-45.705245999999995,-38.09008200000005,35.55945700000001
-2.2082336666666667,753.984085,252.66315066666667,-124.9837665,517.447775,102.5327465,34.384964499999995,535.6495095,282.4802035,-45.732195,-37.95751900000005,35.66370699999999
-2.2052496666666666,754.0307156666668,252.6733866666667,-124.5975345,517.1798785,102.772989,34.5224845,536.139624,282.719571,-45.758347,-37.827725999999984,35.76436600000005
-2.2019973333333334,754.0748953333332,252.68376733333335,-124.213225,516.9144595,103.0105365,34.659519,536.6224035,282.957638,-45.783678,-37.70072700000003,35.86155200000002
-2.198451,754.1167173333333,252.69432700000002,-123.8308835,516.6514895,103.2456475,34.7961115,537.098035,283.1947655,-45.808169,-37.57654400000001,35.95537899999999
-2.194589,754.156277,252.70510066666668,-123.45055299999999,516.3909365,103.47858049999999,34.9323015,537.5666980000001,283.4313005,-45.831801,-37.455194000000006,36.04596099999998
-2.1903873333333332,754.1936683333333,252.71612100000002,-123.0722735,516.1327679999999,103.7095895,35.068125,538.0285645,283.6675755,-45.854558,-37.33668899999998,36.133411000000024
-2.1858239999999998,754.2289836666667,252.7274203333333,-122.69608199999999,515.8769485,103.93892650000001,35.2036195,538.4837990000001,283.903907,-45.876423,-37.221040000000016,36.21784200000002
-2.180876333333333,754.262315,252.73903033333332,-122.322012,515.623442,104.1668415,35.338819,538.93256,284.1405995,-45.89738199999999,-37.108248,36.299364999999966
-2.175523666666667,754.2937533333334,252.75098233333333,-121.950095,515.3722104999999,104.393578,35.473756,539.374997,284.3779395,-45.917424,-36.99831599999993,36.37809099999998
-2.169744,754.3233876666667,252.7633053333333,-121.58035949999999,515.123215,104.61937749999998,35.608461500000004,539.811254,284.6162025,-45.936539,-36.891238000000044,36.45412900000002
-2.163517666666667,754.3513063333334,252.77602766666666,-121.2128315,514.8764145,104.84447850000001,35.7429665,540.2414679999999,284.855646,-45.954717,-36.7870079999999,36.527585999999985
-2.1568253333333334,754.3775959999999,252.78917733333333,-120.8475325,514.631768,105.069113,35.8772995,540.665769,285.0965155,-45.971948999999995,-36.68561399999999,36.598569
-2.1496473333333332,754.402341,252.80277966666668,-120.4844825,514.389231,105.2935085,36.011489,541.08428,285.3390415,-45.988232,-36.587042,36.66718300000002
-2.1419650000000003,754.4256253333333,252.81686066666666,-120.12369949999999,514.14876,105.5178895,36.1455615,541.497119,285.58344,-46.003557,-36.49127199999998,36.73353199999997
-2.1337613333333327,754.4475306666667,252.8314436666667,-119.765198,513.910309,105.742473,36.2795435,541.9043959999999,285.8299125,-46.017925,-36.39828399999999,36.79771699999998
-2.125019666666667,754.468136,252.84655199999997,-119.4089895,513.673832,105.96747249999999,36.4134605,542.3062165,286.0786475,-46.031330999999994,-36.30805099999998,36.85983900000002
-2.1157233333333334,754.48752,252.86220666666668,-119.0550825,513.439282,106.193094,36.5473385,542.7026794999999,286.3298195,-46.043775,-36.220545000000016,36.91999700000002
-2.105858,754.5057576666667,252.87842799999999,-118.7034845,513.2066090000001,106.4195395,36.681202,543.093878,286.58358799999996,-46.055258,-36.13573599999995,36.978287999999964
-2.0954083333333333,754.5229233333333,252.89523466666665,-118.3541975,512.975765,106.6470035,36.815075,543.4798995000001,286.8401015,-46.065782,-36.05358899999999,37.034805000000006
-2.084362,754.5390883333333,252.912644,-118.0072255,512.746699,106.8756755,36.9489815,543.860828,287.099493,-46.075349,-35.97406599999999,37.08964400000002
-2.0727053333333334,754.554322,252.93067233333332,-117.6625645,512.519361,107.105737,37.0829465,544.23674,287.3618835,-46.083963,-35.89712999999995,37.14289500000001
-2.060426666666667,754.5686910000001,252.94933433333335,-117.320213,512.293699,107.3373655,37.2169935,544.6077095,287.627382,-46.091629,-35.82273500000008,37.19464800000003
-2.047516,754.5822613333333,252.968644,-116.9801635,512.0696605,107.570729,37.3511465,544.973804,287.896083,-46.098355,-35.75084000000004,37.24498799999998
-2.033963333333333,754.5950946666667,252.98861266666668,-116.6424075,511.847194,107.80598950000001,37.4854295,545.335088,288.168071,-46.104145,-35.68139600000006,37.29400199999998
-2.0197589999999996,754.607251,253.00925100000003,-116.3069345,511.626245,108.04330399999999,37.6198665,545.6916215,288.4434165,-46.109010999999995,-35.61435699999993,37.34177299999999
-2.004896,754.618789,253.030568,-115.973731,511.40676099999996,108.2828195,37.754483,546.0434605,288.72218050000004,-46.11296,-35.549668999999994,37.38838300000003
-1.9893669999999999,754.6297629999999,253.05257199999997,-115.642781,511.1886875,108.524677,37.889303,546.3906569999999,289.00441,-46.116002,-35.48728199999994,37.433907999999974
-1.9731653333333332,754.640227,253.07526933333335,-115.31406750000001,510.97197100000005,108.7690115,38.024352,546.733261,289.290143,-46.118148000000005,-35.42714000000001,37.47842800000001
-1.9562866666666665,754.6502310000001,253.09866433333332,-114.9875695,510.7565565,109.0159485,38.1596555,547.0713169999999,289.5794055,-46.119411,-35.36918800000001,37.522017000000005
-1.9387276666666662,754.6598236666667,253.12276066666664,-114.6632655,510.5423905,109.2656065,38.295239,547.4048695,289.8722135,-46.119802,-35.313368999999966,37.56474700000001
-1.9204830000000002,754.6690503333334,253.14756133333333,-114.34113149999999,510.3294175,109.51809850000001,38.4311285,547.7339575000001,290.16857300000004,-46.11933500000001,-35.25962500000003,37.60668800000002
-1.901553,754.6779540000001,253.17306599999998,-114.0211405,510.11758399999997,109.7735265,38.567351,548.0586185,290.46848,-46.118024,-35.20789500000001,37.64790800000003
-1.8819350000000006,754.6865766666666,253.19927466666664,-113.703265,509.906835,110.0319885,38.703934000000004,548.3788890000001,290.77192,-46.115882,-35.15811999999994,37.688473999999985
-1.8616296666666672,754.6949556666667,253.226185,-113.3874745,509.697117,110.29357300000001,38.8409045,548.694801,291.07887100000005,-46.112927,-35.11023799999998,37.728448000000014
-1.8406373333333337,754.7031283333334,253.25379366666667,-113.073737,509.488376,110.55836000000001,38.9782915,549.006387,291.38930100000005,-46.109173,-35.06418600000006,37.76789400000001
-1.81896,754.7111286666667,253.28209633333333,-112.76201950000001,509.280559,110.826424,39.116122,549.313676,291.70317,-46.104636,-35.019904,37.80686800000001
-1.7966003333333334,754.7189873333333,253.31108666666668,-112.4522865,509.0736125,111.09783049999999,39.2544265,549.6166969999999,292.02043000000003,-46.099333,-34.97732600000006,37.84542800000003
-1.7735616666666667,754.7267350000001,253.34075700000002,-112.1445,508.867484,111.372638,39.3932335,549.9154765000001,292.3410245,-46.093283,-34.93639100000007,37.88362900000004
-1.7498496666666667,754.7343973333333,253.37109933333332,-111.83862350000001,508.6621225,111.650896,39.5325725,550.2100405,292.6648905,-46.086501,-34.897032999999965,37.921524999999974
-1.7254686666666668,754.742001,253.40210366666665,-111.5346155,508.457476,111.932649,39.672474,550.5004140000001,292.991956,-46.079008,-34.85919000000001,37.95916399999999
-1.700425666666667,754.7495690000001,253.43375833333334,-111.2324355,508.2534945,112.217932,39.812968,550.7866215,293.32214550000003,-46.07082,-34.82279700000004,37.99659500000001
-1.674728,754.757121,253.466052,-110.932041,508.0501285,112.50677350000001,39.954086000000004,551.0686865,293.655374,-46.061956,-34.78779099999997,38.033863999999994
-1.648383666666667,754.764677,253.49897066666668,-110.6333875,507.8473295,112.7991935,40.0958575,551.346632,293.9915525,-46.052437,-34.75411000000008,38.071012999999994
-1.6214019999999998,754.7722543333334,253.53250000000003,-110.336431,507.64504999999997,113.0952055,40.238315,551.620482,294.3305845,-46.042280000000005,-34.72168799999997,38.10808500000002
-1.5937920000000005,754.7798676666666,253.56662400000002,-110.041126,507.443244,113.39481649999999,40.381488000000004,551.8902585000001,294.67237,-46.031506,-34.69046500000002,38.14512000000002
-1.5655656666666664,754.7875306666668,253.60132633333333,-109.747424,507.241866,113.6980245,40.5254085,552.155985,295.01680350000004,-46.020133,-34.66038000000003,38.18215300000003
-1.5367340000000003,754.795255,253.63658900000004,-109.455279,507.04087200000004,114.00482199999999,40.6701075,552.4176835000001,295.36377300000004,-46.008183,-34.63136900000006,38.21922000000001
-1.507308,754.803051,253.67239400000003,-109.1646425,506.84022,114.31519349999999,40.8156155,552.6753785000001,295.713165,-45.995675000000006,-34.60337300000003,38.25635399999999
-1.477303,754.8109276666668,253.70872066666666,-108.87546449999999,506.639869,114.629118,40.961963499999996,552.929093,296.0648605,-45.982628999999996,-34.576333999999974,38.293587
-1.4467306666666666,754.8188913333333,253.74554866666665,-108.587697,506.439779,114.94656549999999,41.1091825,553.178851,296.41873699999996,-45.969065,-34.55018999999993,38.33094399999999
-1.4156059999999995,754.8269476666668,253.78285666666667,-108.3012895,506.23991249999995,115.267503,41.257301,553.4246780000001,296.77466849999996,-45.955004,-34.52488600000004,38.36845499999998
-1.3839446666666666,754.8351023333333,253.82062233333332,-108.0161915,506.040234,115.59188649999999,41.406349999999996,553.6665975000001,297.13252650000004,-45.940466,-34.50036499999999,38.406142999999986
-1.3517613333333338,754.8433570000001,253.85882300000003,-107.7323535,505.8407085,115.9196685,41.556358,553.9046364999999,297.4921795,-45.92547,-34.476571000000035,38.444030999999995
-1.3190736666666671,754.8517143333333,253.89743466666667,-107.4497245,505.6413035,116.25079600000001,41.7073535,554.1388215,297.85349399999996,-45.910039,-34.45345099999997,38.482140000000015
-1.285897333333333,754.8601753333334,253.93643266666666,-107.1682545,505.441989,116.585208,41.8593645,554.369181,298.216334,-45.894191000000006,-34.43095200000005,38.520488
-1.2522503333333335,754.86874,253.97579233333332,-106.8878925,505.2427365,116.922838,42.012418,554.5957415,298.58056150000004,-45.877948,-34.40902300000005,38.55909100000002
-1.2181503333333332,754.877407,254.01548733333334,-106.608589,505.043519,117.2636145,42.166539,554.8185335000001,298.9460385,-45.86133000000001,-34.38761299999999,38.59796499999999
-1.1836166666666663,754.8861746666666,254.05549200000004,-106.33029400000001,504.844313,117.607461,42.3217535,555.0375865,299.312624,-45.84435500000001,-34.36667499999999,38.63712400000003
-1.148667333333333,754.8950403333333,254.09577933333333,-106.05295849999999,504.6450955,117.9542935,42.478084499999994,555.252933,299.6801765,-45.827045,-34.346160000000054,38.67657700000001
-1.1133223333333333,754.9040020000001,254.13632233333337,-105.7765335,504.445848,118.304024,42.6355555,555.464604,300.0485555,-45.809421,-34.326025999999956,38.716335000000015
-1.0776010000000003,754.9130536666667,254.177093,-105.500971,504.24655199999995,118.65656049999998,42.794187,555.672633,300.417618,-45.7915,-34.306225999999924,38.756403999999975
-1.0415233333333334,754.9221936666667,254.218064,-105.2262235,504.047193,119.01180450000001,42.9539995,555.8770555,300.7872215,-45.77330500000001,-34.28671899999995,38.796790999999985
-1.0051106666666663,754.9314156666666,254.2592063333333,-104.952245,503.847758,119.369654,43.1150115,556.0779055,301.1572245,-45.75485300000001,-34.267465000000016,38.83750100000003
-0.9683830000000005,754.9407146666666,254.30049233333332,-104.67899,503.6482375,119.7300015,43.27723949999999,556.27522,301.52748499999996,-45.73616499999999,-34.248424,38.878536
-0.9313623333333337,754.9500863333333,254.34189266666667,-104.406414,503.448623,120.092737,43.440699,556.4690364999999,301.89786300000003,-45.717259999999996,-34.22956099999999,38.91989600000005
-0.8940686666666666,754.9595246666668,254.38337866666666,-104.13447349999998,503.24891,120.4577435,43.6054035,556.6593935000001,302.2682165,-45.698156999999995,-34.210838999999964,38.96158300000002
-0.8565250000000001,754.9690246666665,254.42492166666668,-103.8631275,503.04909499999997,120.824904,43.771364000000005,556.846331,302.638408,-45.678876,-34.19222400000001,39.00359199999997
-0.8187523333333333,754.9785796666666,254.46649233333332,-103.59233449999999,502.84918,121.19409449999999,43.938591,557.0298895,303.00829799999997,-45.659436,-34.17368299999998,39.04592199999996
-0.7807730000000003,754.9881853333333,254.508061,-103.3220555,502.64916600000004,121.5651895,44.107092,557.2101104999999,303.377751,-45.639854,-34.15518899999995,39.088566000000014
-0.7426083333333334,754.9978363333333,254.54959999999997,-103.05225300000001,502.4490595,121.93806000000001,44.276872499999996,557.387037,303.74663250000003,-45.620149,-34.136709999999994,39.13151899999997
-0.7042809999999999,755.0075266666666,254.59107866666668,-102.7828915,502.248868,122.3125725,44.447936,557.560712,304.1148085,-45.600342000000005,-34.11821999999995,39.174773000000016
-0.665813,755.0172516666667,254.63246966666665,-102.5139365,502.048602,122.6885925,44.6202835,557.7311804999999,304.4821485,-45.580448999999994,-34.099695,39.218321
-0.6272269999999999,755.027007,254.6737436666667,-102.24535549999999,501.848275,123.065982,44.793915,557.8984889999999,304.8485235,-45.56048799999999,-34.08110999999997,39.26214900000002
-0.5885443333333334,755.036788,254.71487233333332,-101.977118,501.6479035,123.444602,44.9688265,558.0626824999999,305.21380750000003,-45.54047899999999,-34.06244299999992,39.30624900000004
-0.5497879999999998,755.0465906666667,254.75582766666665,-101.7091955,501.44750550000003,123.8243095,45.145013,558.2238084999999,305.5778755,-45.520438,-34.04367300000001,39.35060699999997
-0.5109796666666665,755.0564116666668,254.79658166666664,-101.44156100000001,501.247103,124.20496,45.32246550000001,558.381916,305.940606,-45.50038300000001,-34.02478200000007,39.39521000000002
-0.4721420000000001,755.0662483333334,254.8371063333333,-101.17419,501.046719,124.586408,45.5011735,558.5370535,306.30188050000004,-45.48033099999999,-34.00575300000003,39.440043
-0.4332963333333337,755.0760976666666,254.8773756666667,-100.9070605,500.846381,124.96850599999999,45.6811255,558.6892714999999,306.6615835,-45.460301,-33.98656900000003,39.48509100000001
-0.3944650000000003,755.0859576666667,254.9173616666667,-100.6401515,500.6461165,125.35110499999999,45.862304,558.838619,307.0196005,-45.440308,-33.96721600000001,39.530336999999975
-0.3556689999999996,755.095828,254.95703866666668,-100.373446,500.44595849999996,125.73405550000001,46.044692,558.985149,307.3758225,-45.42036999999999,-33.947681999999986,39.575762999999995
-0.3169303333333337,755.1057073333333,254.996381,-100.10692700000001,500.24594049999996,126.11720700000001,46.2282695,559.128912,307.7301415,-45.400503,-33.927954,39.621353
-0.27827,755.1155966666665,255.03536333333332,-99.84058099999999,500.04609849999997,126.5004075,46.4130115,559.2699615,308.08245450000004,-45.380725,-33.90802299999996,39.667084999999986
-0.23970899999999995,755.1254956666667,255.07396099999997,-99.5743975,499.846472,126.88350549999998,46.5988935,559.4083505000001,308.4326605,-45.361051,-33.887879,39.712941
-0.20126866666666654,755.1354066666667,255.11215,-99.308367,499.64710049999996,127.26634849999999,46.785886500000004,559.5441324999999,308.78066149999995,-45.341499,-33.867515000000026,39.758898999999985
-0.16296866666666668,755.1453313333333,255.14990699999998,-99.042483,499.4480295,127.6487845,46.973960000000005,559.677363,309.12636399999997,-45.322082,-33.84692599999994,39.804940000000045
-0.12482899999999963,755.1552736666667,255.1872096666667,-98.7767415,499.2493025,128.0306615,47.16308,559.8080955,309.469677,-45.30282000000001,-33.826104999999984,39.85104000000001
-0.08687033333333331,755.165237,255.22403466666665,-98.51114,499.050968,128.41182750000002,47.3532105,559.9363860000001,309.81051349999996,-45.283725000000004,-33.805048000000056,39.897178999999994
-0.04911166666666622,755.1752263333334,255.26036233333335,-98.24568000000001,498.85307550000005,128.79213049999998,47.544313,560.062291,310.1487895,-45.264814,-33.783751999999936,39.943331
-0.011572000000000582,755.1852466666668,255.29617133333332,-97.98036400000001,498.65567599999997,129.171421,47.736346,560.185866,310.484424,-45.246102,-33.76221599999997,39.98947599999997
0.025730000000000253,755.1953043333333,255.331442,-97.71519649999999,498.458823,129.549549,47.9292665,560.3071689999999,310.817341,-45.227605000000004,-33.740437999999926,40.03558799999996
0.06277566666666641,755.2054063333334,255.36615566666669,-97.4501865,498.262571,129.9263655,48.123028,560.4262555,311.147466,-45.20933599999999,-33.71841900000004,40.08164399999998
0.09954766666666659,755.215561,255.40029366666667,-97.18534299999999,498.0669775,130.30172249999998,48.317582,560.543184,311.47473,-45.19131200000001,-33.69615799999997,40.127620000000036
0.13602833333333386,755.2257763333333,255.43383933333334,-96.920678,497.8721,130.675475,48.512878,560.6580125,311.7990645,-45.173545999999995,-33.673656999999935,40.17349100000001
0.17220066666666645,755.2360616666666,255.46677666666665,-96.6562065,497.677998,131.047477,48.708863,560.770799,312.120407,-45.156054,-33.65092000000004,40.219232000000034
0.20804833333333317,755.246427,255.499089,-96.391945,497.484733,131.4175865,48.9054815,560.8816015,312.438698,-45.13884900000001,-33.62794699999995,40.26481799999999
0.24355500000000033,755.2568836666666,255.53076266666667,-96.127912,497.292367,131.785661,49.1026765,560.990479,312.75388050000004,-45.12194500000001,-33.604744000000096,40.310225
0.27870566666666646,755.2674426666666,255.561784,-95.86412899999999,497.100963,132.151563,49.3003885,561.0974905,313.0659015,-45.105357,-33.58131500000002,40.35542699999996
0.31348499999999974,755.2781166666667,255.59213999999997,-95.6006185,496.9105845,132.515155,49.498556,561.2026945,313.3747095,-45.089096,-33.55766500000004,40.40039899999999
0.347879,755.2889180000001,255.621819,-95.33740549999999,496.721298,132.876302,49.6971165,561.3061505000001,313.680258,-45.073177,-33.533796999999936,40.445115999999985
0.3818733333333338,755.29986,255.65080966666665,-95.07451800000001,496.5331685,133.234871,49.896004000000005,561.407918,313.9825035,-45.057614,-33.50971800000002,40.489553
0.4154543333333329,755.3109573333332,255.6791033333333,-94.8119835,496.34626249999997,133.590733,50.0951525,561.508056,314.2814045,-45.042418999999995,-33.485435999999936,40.53368499999999
0.4486100000000004,755.3222233333332,255.70669,-94.549833,496.1606475,133.94376,50.294493,561.606624,314.5769235,-45.027604,-33.460954000000015,40.577489000000014
0.4813273333333332,755.3336746666668,255.73356266666667,-94.288099,495.97639,134.293827,50.493956,561.703681,314.8690255,-45.013182,-33.436282000000006,40.62093699999997
0.513595,755.3453256666667,255.75971366666667,-94.0268155,495.79355799999996,134.64081249999998,50.693470500000004,561.799287,315.1576775,-44.999165000000005,-33.411426000000006,40.664007000000026
0.5454013333333335,755.3571919999999,255.78513733333332,-93.7660175,495.61222,134.984598,50.892964,561.8935015,315.44285049999996,-44.98556599999999,-33.386393,40.70667499999996
0.5767366666666666,755.3692903333334,255.80982866666668,-93.505742,495.43244300000003,135.3250665,51.0923625,561.9863825,315.724517,-44.97239499999999,-33.36118899999997,40.74891600000001
0.6075903333333333,755.3816373333334,255.833784,-93.246028,495.2542945,135.6621055,51.291591,562.07799,316.0026525,-44.959664000000004,-33.335824,40.79070899999999
0.637953,755.3942496666667,255.85699933333333,-92.986914,495.0778425,135.9956055,51.4905745,562.1683825,316.277236,-44.94738500000001,-33.31030499999997,40.83202799999998
0.6678153333333333,755.4071446666667,255.8794736666667,-92.7284415,494.90315350000003,136.3254595,51.689236,562.257619,316.548247,-44.935568,-33.28463999999997,40.872851999999966
0.6971700000000004,755.4203386666667,255.90120499999998,-92.4706515,494.7302945,136.6515635,51.887499,562.3457565,316.81566799999996,-44.924223999999995,-33.25883500000009,40.91315800000001
0.726008666666667,755.43385,255.922194,-92.21358749999999,494.5593315,136.9738185,52.085285,562.4328545000001,317.079484,-44.913362000000006,-33.232898999999975,40.95292599999999
0.754324333333333,755.447695,255.94244066666667,-91.9572915,494.3903295,137.292127,52.282517,562.5189695,317.33968200000004,-44.90299400000001,-33.20684099999994,40.99213400000002
0.78211,755.4618909999999,255.961947,-91.701809,494.223353,137.6063965,52.4791155,562.604159,317.5962505,-44.89312700000001,-33.18066799999997,41.03075899999999
0.8093596666666666,755.476456,255.98071566666667,-91.44718400000001,494.0584655,137.9165355,52.675002,562.6884795,317.8491805,-44.88377200000001,-33.15438700000004,41.06878499999999
0.8360686666666663,755.4914066666666,255.99875033333333,-91.19346200000001,493.895729,138.22245900000001,52.870099,562.7719875,318.09846300000004,-44.874938,-33.12800500000003,41.106190000000026
0.8622316666666664,755.5067593333333,256.01605433333333,-90.940688,493.735205,138.5240835,53.0643265,562.8547375,318.34409300000004,-44.86663299999999,-33.10153099999991,41.142953999999975
0.8878433333333335,755.5225320000001,256.03263466666664,-90.6889085,493.5769535,138.82133,53.257607,562.9367850000001,318.5860665,-44.85886599999999,-33.074972,41.17906099999999
0.9129013333333335,755.538739,256.04849600000006,-90.43816849999999,493.42103199999997,139.1141215,53.4498625,563.018183,318.824379,-44.85164300000001,-33.04833400000007,41.21449200000001
0.9374016666666667,755.5553973333334,256.0636456666667,-90.188514,493.26749900000004,139.40238649999998,53.641016,563.0989864999999,319.05903,-44.84497399999999,-33.02162499999997,41.24923000000001
0.961341333333333,755.5725219999999,256.0780913333333,-89.939991,493.116408,139.6860565,53.83099,563.1792465000001,319.29001900000003,-44.838864,-32.99485100000004,41.283259999999984
0.9847183333333333,755.5901286666667,256.09184166666665,-89.692645,492.96781350000003,139.965065,54.019709,563.259015,319.517346,-44.83332,-32.968020000000024,41.31656400000003
1.0075306666666666,755.6082313333333,256.10490599999997,-89.44652049999999,492.821766,140.2393505,54.2070975,563.338342,319.74101299999995,-44.828351,-32.941135999999915,41.34912800000001
1.029777,755.626843,256.11729433333335,-89.2016615,492.678317,140.50885549999998,54.39308200000001,563.4172775,319.961024,-44.82396000000001,-32.91420699999992,41.380938000000015
1.0514563333333333,755.645978,256.1290166666667,-88.9581125,492.537513,140.773525,54.577589,563.49587,320.1773815,-44.82015200000001,-32.887238000000025,41.41197900000003
1.0725689999999999,755.665648,256.140085,-88.715917,492.3994,141.033307,54.760547,563.574167,320.39009050000004,-44.816934,-32.86023399999999,41.442241000000024
1.0931146666666667,755.685864,256.15051166666666,-88.4751155,492.2640205,141.28815500000002,54.9418855,563.6522135,320.5991565,-44.814311,-32.83320100000003,41.47170900000003
1.1130936666666669,755.7066369999999,256.16030866666665,-88.2357505,492.1314165,141.538024,55.121536000000006,563.7300545,320.804585,-44.81228600000001,-32.8061449999999,41.50037200000003
1.132507333333333,755.727977,256.16948933333333,-87.997861,492.001626,141.782873,55.2994315,563.807734,321.006383,-44.810863000000005,-32.77907000000005,41.528219999999976
1.1513570000000002,755.7498923333333,256.17806833333333,-87.76148599999999,491.874686,142.0226645,55.47550699999999,563.885294,321.204558,-44.81004599999999,-32.75198,41.555241999999964
1.1696440000000001,755.7723913333333,256.186059,-87.5266625,491.7506285,142.257365,55.6496975,563.962775,321.3991165,-44.809836999999995,-32.724879999999985,41.58143100000001
1.187371,755.7954796666667,256.193477,-87.293426,491.62948600000004,142.4869435,55.821943000000005,564.040215,321.590068,-44.81024,-32.69777399999998,41.606776000000025
1.20454,755.8191636666667,256.200337,-87.061811,491.51128600000004,142.711372,55.9921835,564.117653,321.77742,-44.811255,-32.67066599999998,41.63126999999997
1.2211543333333328,755.8434466666666,256.206655,-86.8318505,491.396055,142.930628,56.160362000000006,564.195124,321.961182,-44.812886,-32.64355999999998,41.65490599999998
1.2372166666666662,755.8683326666666,256.2124476666667,-86.6035735,491.2838145,143.1446895,56.32642249999999,564.272663,322.1413625,-44.815132999999996,-32.616457999999966,41.67767900000001
1.252731,755.8938236666667,256.217731,-86.37701,491.174585,143.3535385,56.4903135,564.350302,322.3179715,-44.817997,-32.589364000000046,41.69958099999997
1.2677006666666666,755.9199189999999,256.222522,-86.1521855,491.0683835,143.5571615,56.651984,564.4280715,322.491018,-44.821478000000006,-32.562280999999984,41.720609999999965
1.2821303333333338,755.9466183333333,256.22683866666665,-85.929125,490.9652235,143.755547,56.811387,564.5060014999999,322.6605125,-44.825574,-32.535211000000004,41.74075899999997
1.296024,755.9739203333332,256.2306976666667,-85.70785000000001,490.865117,143.948686,56.96847700000001,564.5841190000001,322.826464,-44.830288,-32.50815799999998,41.76002599999998
1.3093859999999997,756.0018203333334,256.23411733333336,-85.4883805,490.76807,144.1365745,57.1232115,564.66245,322.9888835,-44.835617000000006,-32.48112400000002,41.77840900000001
1.3222216666666669,756.0303129999999,256.23711533333335,-85.270735,490.67408850000004,144.319209,57.275551,564.741017,323.147781,-44.84156,-32.454110000000014,41.79590400000001
1.3345356666666672,756.059393,256.23970966666667,-85.0549265,490.5831745,144.496591,57.425459000000004,564.819842,323.3031665,-44.848116000000005,-32.427118000000064,41.81251100000003
1.3463336666666665,756.0890513333334,256.24191866666666,-84.840969,490.495325,144.668724,57.5729015,564.898946,323.45505,-44.855278999999996,-32.400151999999935,41.82823000000002
1.3576203333333325,756.1192786666667,256.24376133333334,-84.6288705,490.410536,144.835615,57.717847,564.978346,323.6034435,-44.86305,-32.37320999999997,41.84305899999998
1.3684020000000006,756.1500636666666,256.2452553333333,-84.418639,490.328799,144.997273,57.860268500000004,565.0580585,323.7483565,-44.871424999999995,-32.346299000000045,41.85700099999997
1.378684333333333,756.1813936666667,256.24642,-84.2102785,490.2501025,145.1537105,58.000139499999996,565.1380975,323.88980000000004,-44.880399,-32.31941500000005,41.870056000000034
1.3884726666666667,756.2132546666667,256.247273,-84.0037895,490.174432,145.30494199999998,58.1374395,565.2184755000001,324.02778550000005,-44.889969,-32.29256300000009,41.882225000000005
1.3977733333333335,756.2456306666667,256.2478336666666,-83.799172,490.10177,145.450986,58.272148,565.299203,324.1623235,-44.90013,-32.26574199999993,41.893512999999984
1.4065926666666666,756.2785043333333,256.24812033333336,-83.59642,490.03209449999997,145.591862,58.4042515,565.3802885,324.29342499999996,-44.910877,-32.23895500000003,41.90392200000002
1.414936,756.3118559999999,256.2481506666667,-83.39552599999999,489.96538150000003,145.72759250000001,58.5337355,565.4617385,324.4211015,-44.922207,-32.212203000000045,41.913456999999994
1.422810666666666,756.3456649999999,256.24794333333335,-83.19648000000001,489.90160149999997,145.8582045,58.660591,565.5435585,324.54536399999995,-44.93411,-32.18548499999997,41.92212000000001
1.430222333333333,756.3799103333334,256.247517,-82.999268,489.84072549999996,145.9837245,58.7848125,565.6257515,324.666226,-44.946583000000004,-32.15880500000003,41.92991800000004
1.437177,756.4145666666667,256.246889,-82.80387449999999,489.7827175,146.104184,58.906396,565.7083190000001,324.7836975,-44.959618000000006,-32.13216399999999,41.936856999999975
1.4436816666666665,756.4496093333333,256.246077,-82.6102785,489.72753950000003,146.21961499999998,59.025341,565.79126,324.897791,-44.973209999999995,-32.10555999999997,41.942942000000016
1.4497423333333332,756.4850113333332,256.2450996666667,-82.4184575,489.6751505,146.33005350000002,59.1416515,565.8745735,325.00851950000003,-44.98734900000001,-32.07899700000007,41.948181000000034
1.4553656666666663,756.5207436666666,256.243972,-82.228386,489.625506,146.435537,59.255334500000004,565.9582555,325.115895,-45.002029,-32.05247500000007,41.952579999999955
1.4605579999999998,756.5567763333333,256.242713,-82.040035,489.5785585,146.536105,59.3663975,566.0423005,325.219931,-45.01724299999999,-32.02599699999996,41.95614800000004
1.4653253333333334,756.5930783333333,256.24133866666665,-81.8533725,489.5342565,146.6318005,59.4748545,566.1267025,325.3206415,-45.03298099999999,-31.99956099999997,41.95889299999999
1.4696743333333337,756.6296156666667,256.239865,-81.668364,489.4925465,146.7226665,59.5807205,566.2114525,325.4180395,-45.04923300000001,-31.97317099999998,41.960825
1.4736110000000007,756.6663543333334,256.238308,-81.4849705,489.453371,146.808751,59.684013500000006,566.2965409999999,325.512139,-45.065993,-31.946827999999982,41.961952
1.4771416666666672,756.7032586666668,256.2366836666667,-81.3031525,489.416669,146.890102,59.7847565,566.3819585,325.6029545,-45.083251,-31.920532999999978,41.96228500000001
1.480272333333333,756.7402906666666,256.23500666666666,-81.122865,489.3823775,146.966769,59.8829725,566.4676915,325.6905025,-45.100995,-31.89428900000007,41.96183300000001
1.483009333333334,756.7774123333334,256.2332916666667,-80.9440625,489.35042899999996,147.038806,59.9786895,566.553727,325.77479700000004,-45.119217,-31.868096000000037,41.96061000000003
1.4853589999999997,756.814583,256.2315536666667,-80.7666945,489.3207555,147.106267,60.071938,566.6400515,325.8558555,-45.137905999999994,-31.84195699999998,41.958624999999984
1.4873263333333335,756.8517619999999,256.22980566666666,-80.5907095,489.29328350000003,147.1692085,60.162751,566.7266485,325.933694,-45.15705,-31.815875000000005,41.955889999999954
1.4889176666666672,756.8889063333335,256.2280616666667,-80.4160525,489.267939,147.2276885,60.251163500000004,566.8135015,326.0083305,-45.176641,-31.789851,41.95241899999996
1.4901386666666667,756.9259733333333,256.226334,-80.242667,489.2446425,147.281767,60.337214,566.900594,326.07978249999996,-45.196664000000006,-31.763888000000065,41.94822300000004
1.4909953333333335,756.9629173333333,256.224635,-80.0704925,489.2233135,147.331506,60.420944000000006,566.9879085,326.14806799999997,-45.21711,-31.73798899999997,41.94331600000004
1.4914929999999995,756.9996936666666,256.2229766666667,-79.8994675,489.20387,147.3769685,60.5023965,567.0754245,326.213208,-45.237965,-31.712157000000047,41.93771200000003
1.491636333333333,757.0362543333334,256.2213703333333,-79.72952699999999,489.18622500000004,147.41821950000002,60.58161749999999,567.1631235,326.2752215,-45.259218999999995,-31.686394999999948,41.93142499999999
1.491431333333334,757.0725533333333,256.2198263333333,-79.56060500000001,489.170291,147.45532450000002,60.658654,567.2509855,326.33412999999996,-45.280857999999995,-31.660707000000002,41.924469999999985
1.4908839999999997,757.1085413333334,256.21835533333336,-79.392634,489.155978,147.48835250000002,60.7335575,567.33899,326.389954,-45.302868999999994,-31.63509799999997,41.916859999999986
1.489998,757.144169,256.216966,-79.22554249999999,489.1431925,147.51737250000002,60.806380499999996,567.4271165,326.442717,-45.325238999999996,-31.609568999999965,41.908612000000005
1.4887789999999992,757.179387,256.2156683333333,-79.059259,489.13184,147.54245350000002,60.877176,567.5153435,326.492441,-45.347954,-31.584126999999967,41.899742
1.4872319999999999,757.2141443333334,256.2144696666667,-78.8937105,489.121824,147.563669,60.94600199999999,567.6036495,326.539151,-45.371002,-31.55877499999997,41.890264
1.4853613333333338,757.2483906666666,256.2133793333333,-78.7288225,489.113045,147.58109000000002,61.0129155,567.692013,326.5828715,-45.394367,-31.533519999999953,41.88019700000001
1.483172333333334,757.2820743333333,256.2124033333333,-78.5645175,489.105404,147.59479149999999,61.077976500000005,567.7804125,326.6236275,-45.41803500000001,-31.508364999999912,41.86955499999999
1.4806693333333332,757.3151426666667,256.211548,-78.40072,489.09879950000004,147.6048475,61.14124650000001,567.8688255,326.66144599999996,-45.441993000000004,-31.483317000000056,41.858356000000015
1.4778559999999998,757.3475446666666,256.21082033333334,-78.23735099999999,489.09312650000004,147.6113335,61.202788999999996,567.957232,326.69635400000004,-45.466224000000004,-31.45838200000003,41.84661599999998
1.474738333333334,757.3792276666667,256.21022466666665,-78.074333,489.0882815,147.6143255,61.26266700000001,568.0456085000001,326.72838,-45.490714000000004,-31.433566999999925,41.834356000000014
1.4713196666666664,757.410139,256.209767,-77.911586,489.084159,147.6139015,61.320946000000006,568.1339350000001,326.7575525,-45.515448,-31.408878000000072,41.821590999999955
1.4676039999999997,757.440226,256.20945066666667,-77.7490305,489.080652,147.610138,61.3776935,568.2221895,326.78390149999996,-45.540409,-31.384322999999995,41.80833899999999
1.4635963333333335,757.4694363333333,256.20927966666665,-77.586588,489.0776525,147.6031135,61.432976499999995,568.3103510000001,326.8074575,-45.565583,-31.35990800000002,41.79461900000001
1.4593003333333332,757.4977183333334,256.209257,-77.424178,489.07505349999997,147.592905,61.4868625,568.398399,326.828252,-45.590951,-31.335642000000007,41.780448000000035
1.4547200000000002,757.525019,256.20938466666666,-77.26172249999999,489.0727455,147.57959300000002,61.5394215,568.486313,326.8463175,-45.616499000000005,-31.311535999999933,41.76584700000001
1.4498596666666659,757.551288,256.2096653333333,-77.099143,489.07061999999996,147.563255,61.590722,568.5740734999999,326.8616875,-45.642208000000004,-31.287594999999897,41.750833
1.4447230000000004,757.5764723333333,256.2101,-76.936361,489.068568,147.5439705,61.640834,568.66166,326.87439600000005,-45.66806400000001,-31.263829999999984,41.73542600000002
1.4393143333333336,757.6005230000001,256.210689,-76.773301,489.06648,147.5218165,61.689828,568.749054,326.884476,-45.694047999999995,-31.240252000000055,41.71964400000002
1.433637333333334,757.623389,256.211433,-76.6098875,489.06424749999996,147.496873,61.737774,568.8362365,326.891965,-45.72014200000001,-31.216868999999974,41.703506000000004
1.4276963333333337,757.6450213333333,256.21233133333334,-76.446046,489.0617625,147.46921650000002,61.784741499999996,568.923189,326.89689799999996,-45.746328999999996,-31.19369400000005,41.68703199999999
1.4214949999999995,757.6653716666666,256.213383,-76.281706,489.0589175,147.4389255,61.83080199999999,569.009894,326.8993125,-45.772591999999996,-31.170736000000034,41.67024100000003
1.4150376666666673,757.684392,256.214587,-76.1167955,489.05560549999996,147.406077,61.876023,569.0963340000001,326.899245,-45.798912,-31.14801,41.65315199999998
1.4083283333333332,757.702036,256.215941,-75.9512485,489.05172100000004,147.3707465,61.920475,569.182492,326.8967355,-45.82527,-31.125526000000036,41.635785
1.401370666666666,757.7182586666667,256.217443,-75.7849985,489.0471595,147.3330095,61.964226499999995,569.268352,326.8918215,-45.851649,-31.103296,41.618157
1.3941693333333331,757.7330156666667,256.2190903333333,-75.617983,489.04181800000003,147.2929405,62.007345,569.3538965,326.884543,-45.878029999999995,-31.081334999999967,41.60028999999997
1.3867286666666665,757.7462636666666,256.22087933333336,-75.4501435,489.0355965,147.2506125,62.0498965,569.4391109999999,326.87494000000004,-45.904393,-31.059658000000013,41.5822
1.3790523333333338,757.757962,256.2228056666667,-75.2814225,489.0283945,147.206098,62.0919475,569.523979,326.86305200000004,-45.930721000000005,-31.038275999999996,41.563908000000026
1.371145666666667,757.7680700000001,256.22486699999996,-75.1117685,489.0201155,147.159466,62.133562,569.6084865,326.848922,-45.95699200000001,-31.01720499999999,41.545432000000005
1.3630126666666664,757.7765496666667,256.22705733333333,-74.94113,489.010664,147.1107865,62.174803,569.692618,326.832589,-45.98319,-30.99646199999995,41.526790000000005
1.3546579999999995,757.7833646666667,256.22937133333335,-74.7694645,488.9999495,147.060127,62.215731999999996,569.776359,326.8140965,-46.009294,-30.976060000000075,41.508001000000036
1.346087333333333,757.7884796666667,256.231805,-74.59673,488.987881,147.0075515,62.256408,569.8596944999999,326.7934865,-46.035286,-30.956019000000083,41.489082999999994
1.337304333333333,757.791862,256.23435233333333,-74.42289099999999,488.97437349999996,146.9531245,62.29689,569.9426105,326.7708005,-46.061144,-30.93635100000006,41.47005300000001
1.3283156666666665,757.7934806666667,256.2370066666667,-74.24791400000001,488.9593435,146.896907,62.3372325,570.025092,326.7460825,-46.086850999999996,-30.917077999999947,41.450928999999974
1.3191253333333333,757.7933063333334,256.239763,-74.0717745,488.9427115,146.8389575,62.377489499999996,570.1071245,326.7193745,-46.112387000000005,-30.89821500000005,41.43172700000002
1.309740333333333,757.7913126666667,256.24261366666667,-73.89444950000001,488.924402,146.779333,62.41771249999999,570.1886935,326.6907195,-46.137730999999995,-30.879781000000094,41.412465
1.3001650000000005,757.787475,256.2455526666667,-73.7159235,488.9043435,146.71808750000002,62.45795,570.2697835,326.66016049999996,-46.162864000000006,-30.86179500000003,41.39315700000003
1.2904070000000005,757.7817703333334,256.2485726666667,-73.536186,488.88246749999996,146.6552735,62.498248000000004,570.3503785,326.627742,-46.187768000000005,-30.844277000000034,41.37382000000002
1.2804709999999997,757.7741796666668,256.25166666666667,-73.355233,488.8587115,146.5909375,62.538650000000004,570.4304629999999,326.5935055,-46.212424000000006,-30.82724399999995,41.354468999999995
1.2703646666666666,757.764685,256.25482700000003,-73.1730665,488.833016,146.5251265,62.579196,570.5100205,326.55749549999996,-46.236810000000006,-30.810717000000068,41.335117000000025
1.2600943333333336,757.7532706666667,256.25804700000003,-72.989693,488.80532800000003,146.45788299999998,62.619924499999996,570.5890325,326.5197545,-46.260909,-30.794718999999986,41.31578099999996
1.2496669999999994,757.7399253333333,256.26131833333335,-72.805128,488.775599,146.3892455,62.660869,570.667482,326.4803255,-46.284701999999996,-30.779268000000002,41.296471
1.2390903333333336,757.724638,256.26463333333334,-72.6193925,488.743784,146.319251,62.702059500000004,570.745349,326.439251,-46.308170999999994,-30.764385999999945,41.27719999999999
1.228372,757.7074026666668,256.267984,-72.4325145,488.70984550000003,146.2479325,62.743525,570.8226125000001,326.396574,-46.331295999999995,-30.750094999999988,41.25798199999997
1.2175199999999995,757.6882136666667,256.271363,-72.2445285,488.673751,146.1753175,62.785287999999994,570.8992515,326.35233600000004,-46.35406,-30.736417000000074,41.23882599999996
1.2065423333333334,757.6670703333333,256.274762,-72.055478,488.63547300000005,146.1014325,62.8273695,570.975242,326.306579,-46.376445,-30.723374000000035,41.219742
1.1954476666666662,757.6439730000001,256.27817366666665,-71.8654115,488.594992,146.026299,62.8697855,571.0505595,326.259345,-46.39843499999999,-30.710987000000046,41.200739999999996
1.184245333333333,757.618926,256.28158966666666,-71.674386,488.55229299999996,145.94993499999998,62.912548,571.1251775000001,326.2106745,-46.42001,-30.699281000000042,41.181827
1.1729443333333336,757.5919366666666,256.28500233333335,-71.4824675,488.5073675,145.872354,62.955665499999995,571.199067,326.16060749999997,-46.441157,-30.688278000000082,41.163013000000035
1.1615546666666665,757.563014,256.28840399999996,-71.2897285,488.4602135,145.7935655,62.999143000000004,571.272197,326.10918449999997,-46.46185800000001,-30.677999999999997,41.14430299999998
1.1500860000000006,757.5321713333333,256.29178633333333,-71.096248,488.410836,145.713576,63.042979,571.3445355,326.0564445,-46.48209800000001,-30.66847299999995,41.125703000000044
1.1385486666666664,757.4994246666666,256.295143,-70.90211599999999,488.359247,145.6323865,63.087169,571.4160465,326.002426,-46.501861999999996,-30.659717,41.107215999999994
1.1269540000000007,757.4647926666667,256.29846533333335,-70.70742849999999,488.305465,145.549994,63.131705499999995,571.486692,325.947167,-46.521137,-30.65175600000009,41.08884599999999
1.115312333333333,757.4282966666666,256.301747,-70.51229000000001,488.24951599999997,145.466392,63.1765745,571.556431,325.890705,-46.539907,-30.644616000000042,41.070595999999966
1.1036356666666658,757.3899623333333,256.30498066666667,-70.3168135,488.19143299999996,145.38156800000002,63.221757,571.6252205000001,325.833076,-46.558162,-30.638319000000024,41.05246599999998
1.0919356666666669,757.3498169999999,256.30815966666665,-70.1211195,488.13125549999995,145.29550749999999,63.2672315,571.6930125,325.774315,-46.57588700000001,-30.632886999999982,41.03445599999998
1.0802239999999996,757.3078916666667,256.31127666666663,-69.92533850000001,488.0690325,145.2081885,63.31296999999999,571.759757,325.7144575,-46.593073999999994,-30.628345999999965,41.016565000000014
1.068514666666667,757.26422,256.3143263333333,-69.7296075,488.004818,145.119587,63.358940499999996,571.8254,325.65353700000003,-46.609708999999995,-30.62471599999992,40.99879000000004
1.0568193333333336,757.2188393333332,256.317302,-69.53407250000001,487.938675,145.0296735,63.405105500000005,571.8898845,325.5915865,-46.625787,-30.6220229999999,40.981127000000015
1.0451519999999992,757.1717896666665,256.32019833333334,-69.3388875,487.870675,144.93841400000002,63.4514235,571.9531485,325.5286365,-46.641295,-30.620286999999962,40.96356900000001
1.033526,757.1231133333332,256.32300933333335,-69.1442145,487.8008955,144.84577000000002,63.49784700000001,572.015127,325.4647195,-46.656228000000006,-30.619531999999936,40.94611099999997
1.0219550000000006,757.0728563333333,256.3257303333333,-68.95022449999999,487.729422,144.751699,63.544325,572.0757495,325.399864,-46.670578000000006,-30.61978099999999,40.92874599999999
1.0104543333333338,757.0210673333332,256.32835666666665,-68.757097,487.65634850000004,144.6561535,63.5908,572.1349425000001,325.3340985,-46.684341999999994,-30.62105299999996,40.911460999999974
0.9990383333333334,756.9677976666667,256.3308833333333,-68.565017,487.5817765,144.5590815,63.6372105,572.1926265,325.26745000000005,-46.697513,-30.62337100000002,40.894248000000005
0.9877213333333336,756.9131023333333,256.33330700000005,-68.3741805,487.505816,144.46042649999998,63.683488499999996,572.248718,325.1999455,-46.710089,-30.626756,40.877093
0.9765199999999999,756.8570370000001,256.33562366666666,-68.184789,487.428584,144.3601285,63.729564499999995,572.303128,325.13161,-46.722069,-30.631227999999965,40.859982
0.9654489999999999,756.7996630000001,256.337831,-67.99705349999999,487.35020499999996,144.25812150000002,63.77535949999999,572.3557635,325.0624665,-46.733450999999995,-30.63680499999998,40.842899000000045
0.954524666666666,756.7410416666667,256.339925,-67.8111905,487.270811,144.1543375,63.820792499999996,572.4065255,324.992537,-46.744234999999996,-30.643508999999995,40.825828
0.9437640000000002,756.6812383333335,256.34190433333333,-67.6274265,487.19054400000005,144.048702,63.865777,572.4553085,324.9218435,-46.75442600000001,-30.651354999999967,40.80875099999997
0.933182666666667,756.62032,256.34376733333335,-67.4459925,487.1095505,143.94113800000002,63.91022099999999,572.5020035,324.85040449999997,-46.764024,-30.66036299999996,40.79164499999996
0.9227973333333331,756.5583566666668,256.3455126666667,-67.2671285,487.027988,143.8315645,63.954028,572.546493,324.7782395,-46.773036000000005,-30.67054799999994,40.77449100000001
0.9126256666666669,756.495421,256.34713833333336,-67.0910795,486.94601750000004,143.7198955,63.9970965,572.588657,324.70536400000003,-46.78146699999999,-30.68192799999997,40.75726400000002
0.9026849999999995,756.4315866666667,256.34864566666664,-66.9180995,486.863811,143.606043,64.039321,572.628367,324.631794,-46.789324,-30.694514000000026,40.73993999999999
0.8929929999999997,756.3669303333332,256.3500343333333,-66.748446,486.7815455,143.4899135,64.08059,572.665489,324.557543,-46.796617999999995,-30.708323999999948,40.72249199999999
0.8835669999999998,756.3015303333333,256.3513053333333,-66.5823835,486.6994065,143.3714115,64.120788,572.6998825000001,324.482623,-46.803358,-30.723368999999934,40.70489199999997
0.8744250000000003,756.2354676666668,256.352459,-66.4201845,486.61758499999996,143.250437,64.159796,572.731401,324.4070455,-46.80955599999999,-30.739659999999958,40.687111000000016
0.8655849999999999,756.1688236666668,256.35349833333333,-66.2621235,486.53628,143.1268875,64.197489,572.7598915000001,324.33081849999996,-46.815228,-30.75720899999999,40.66911499999998
0.8570653333333339,756.1016833333333,256.354425,-66.108481,486.45569650000004,143.0006575,64.233738,572.785194,324.2539505,-46.82038599999999,-30.776024000000007,40.650874999999985
0.8488849999999997,756.0341313333333,256.3552416666667,-65.95954499999999,486.3760475,142.87163900000002,64.26841,572.807143,324.1764455,-46.825050000000005,-30.79611399999999,40.632352999999966
0.8410616666666667,755.9662546666667,256.355953,-65.81560350000001,486.2975495,142.7397205,64.301369,572.825564,324.098309,-46.829236,-30.817485999999917,40.61351599999995
0.8336140000000003,755.8981423333333,256.35656166666666,-65.6769535,486.22042650000003,142.60478849999998,64.3324725,572.8402785000001,324.0195425,-46.832964999999994,-30.840145000000007,40.594325000000026
0.8265610000000003,755.8298833333333,256.35707333333335,-65.543891,486.144909,142.4667275,64.3615765,572.851099,323.940146,-46.836259000000005,-30.864094000000023,40.57473999999996
0.8199209999999999,755.7615683333333,256.3574923333333,-65.4167185,486.071232,142.32542,64.388532,572.857832,323.860118,-46.839142,-30.889337999999952,40.55472199999997
0.8137119999999999,755.6932889999999,256.3578253333333,-65.29574099999999,485.9996365,142.1807455,64.413187,572.860277,323.7794555,-46.841638,-30.915876000000026,40.53422899999998
0.8079543333333338,755.6251376666665,256.3580776666667,-65.1812645,485.930367,142.03258399999999,64.43538600000001,572.8582269999999,323.6981525,-46.843774,-30.943709999999896,40.513217
0.8026646666666662,755.5572066666667,256.358257,-65.073598,485.8636745,141.8808115,64.45497,572.851467,323.6162015,-46.845577999999996,-30.972834000000034,40.491641000000016
0.7978626666666662,755.48959,256.3583693333333,-64.9730535,485.79981399999997,141.7253065,64.471778,572.8397765,323.533593,-46.847080000000005,-31.003246999999988,40.46945600000004
0.7935666666666665,755.4223813333334,256.35842433333335,-64.8799415,485.7390445,141.5659425,64.48564300000001,572.8229265,323.4503155,-46.84831200000001,-31.034944999999993,40.44661300000001
0.7897943333333336,755.3556736666666,256.358429,-64.7945765,485.6816275,141.40259550000002,64.4963995,572.8006829999999,323.366355,-46.849305,-31.067918000000077,40.423063999999954
0.786565,755.2895626666667,256.358393,-64.71727,485.627829,141.23514,64.5038765,572.772804,323.28169549999996,-46.850097000000005,-31.102160000000026,40.398758999999984
0.7838956666666667,755.2241406666666,256.358326,-64.6483355,485.5779195,141.0634505,64.507902,572.739041,323.196318,-46.850722,-31.137657999999988,40.37364600000001
0.7818046666666665,755.1595023333333,256.35823766666664,-64.58808499999999,485.53217,140.88740049999998,64.508301,572.6991385,323.110202,-46.851217999999996,-31.174402999999984,40.347673999999984
0.7803096666666668,755.0957400000001,256.358139,-64.5368295,485.49085449999995,140.7068665,64.5048975,572.6528355,323.0233245,-46.851625000000006,-31.212376999999947,40.32078899999999
0.7794270000000002,755.0329463333334,256.35804,-64.4948795,485.4542505,140.521724,64.4975135,572.5998645,322.93565950000004,-46.851983000000004,-31.251567000000023,40.292935
0.7791753333333332,754.9712129999999,256.35795333333334,-64.462541,485.422634,140.33184899999998,64.4859695,572.53995,322.8471775,-46.852335000000004,-31.291954000000032,40.264058999999975
0.7795706666666667,754.9106313333333,256.35789066666666,-64.4401195,485.39628500000003,140.13712,64.470084,572.4728130000001,322.757849,-46.852722,-31.33352000000002,40.23410200000001
0.7806296666666666,754.8512906666666,256.357864,-64.427916,485.37548300000003,139.93741599999998,64.449675,572.398166,322.66763849999995,-46.853192,-31.376241999999934,40.20300900000001
0.7823683333333332,754.7932790000001,256.35788633333334,-64.426229,485.36050850000004,139.7326185,64.4245605,572.315717,322.57651150000004,-46.853789,-31.42009799999994,40.170721000000015
0.7848026666666672,754.7366840000001,256.35797133333335,-64.435352,485.35164199999997,139.52261099999998,64.3945565,572.225169,322.484426,-46.854563,-31.46506199999999,40.13718
0.7879476666666672,754.681591,256.358132,-64.455574,485.3491625,139.307279,64.3594795,572.1262174999999,322.39134149999995,-46.85555900000001,-31.511106999999924,40.10232500000001
0.7918183333333338,754.6280836666666,256.358383,-64.4871785,485.35334850000004,139.086512,64.31914549999999,572.0185555,322.297211,-46.85682899999999,-31.55820499999993,40.06609800000001
0.7964296666666661,754.5762436666668,256.3587386666666,-64.530444,485.3644785,138.860199,64.273371,571.9018679999999,322.2019855,-46.85842400000001,-31.606323999999972,40.028437
0.8017949999999999,754.5261506666666,256.359214,-64.5856425,485.382827,138.6282365,64.22197299999999,571.7758375000001,322.1056135,-46.860395999999994,-31.655433000000016,39.989283
0.8079293333333332,754.4778826666667,256.35982366666667,-64.6530395,485.4086685,138.3905215,64.164768,571.640141,322.0080395,-46.862795999999996,-31.70549600000004,39.94857300000001
0.8148443333333333,754.4315143333333,256.36058299999996,-64.732893,485.4422735,138.1469555,64.1015745,571.4944525000001,321.909205,-46.865679,-31.756477000000018,39.90624600000001
0.8225529999999995,754.387119,256.3615076666667,-64.8254535,485.4839085,137.8974445,64.032211,571.33844,321.8090465,-46.8691,-31.808340000000044,39.86224099999998
0.8310673333333328,754.3447656666667,256.36261433333334,-64.93096249999999,485.533839,137.641898,63.956499,571.1717695,321.707498,-46.873112000000006,-31.861042999999995,39.81649600000003
0.840399333333333,754.3045223333332,256.3639186666667,-65.049655,485.5923245,137.3802305,63.87426,570.9941025,321.60449,-46.877774,-31.914544999999976,39.76895000000002
0.850559,754.2664526666667,256.365437,-65.18175450000001,485.65962049999996,137.112361,63.785318000000004,570.8050989999999,321.49994849999996,-46.883140000000004,-31.968803999999977,39.719539
0.8615566666666671,754.2306183333334,256.36718633333334,-65.3274765,485.735978,136.8382135,63.689498,570.604415,321.3937955,-46.889267999999994,-32.02377200000001,39.668203000000005
0.8734029999999998,754.1970769999999,256.36918266666663,-65.487026,485.821641,136.557717,63.58663,570.3917045000001,321.28594999999996,-46.896216,-32.07940700000006,39.61488200000002
0.8861063333333333,754.1658826666666,256.37144333333333,-65.660597,485.9168505,136.2708065,63.476543,570.1666195,321.17632549999996,-46.904039999999995,-32.13565700000004,39.55951299999998
0.8996743333333335,754.1370870000001,256.37398533333334,-65.84837350000001,486.0218385,135.977422,63.359071,569.928811,321.06483149999997,-46.912800000000004,-32.19247399999995,39.502035000000035
0.9141163333333342,754.110738,256.376826,-66.0505275,486.136832,135.67750949999999,63.2340505,569.677927,320.95137450000004,-46.92255300000001,-32.24980599999992,39.442390999999986
0.9294380000000002,754.0868780000001,256.3799823333333,-66.26722099999999,486.26205000000004,135.371022,63.1013205,569.4136169999999,320.8358545,-46.933357,-32.307601999999974,39.380517
0.9456463333333329,754.0655483333334,256.38347066666665,-66.4986015,486.39770450000003,135.057917,62.960725,569.1355275000001,320.718169,-46.945269999999994,-32.36580700000002,39.31635799999998
0.9627466666666668,754.0467836666667,256.387309,-66.744807,486.543999,134.73816,62.812109500000005,568.843307,320.5982095,-46.958351,-32.42436799999996,39.24985300000003
0.9807439999999993,754.030617,256.391514,-67.00595849999999,486.70112800000004,134.4117225,62.655325000000005,568.536603,320.47586249999995,-46.97265600000001,-32.483224000000064,39.18094500000001
0.9996433333333331,754.0170756666666,256.39610266666665,-67.282169,486.8692795,134.07858199999998,62.490224999999995,568.215064,320.35101099999997,-46.988244,-32.54232200000001,39.109579999999994
1.0194476666666665,754.0061833333334,256.40109233333334,-67.57353499999999,487.04863,133.738724,62.3166685,567.87834,320.22353250000003,-47.005171000000004,-32.60160199999996,39.035698999999966
1.040159333333334,753.9979589999999,256.40649933333333,-67.8801395,487.239348,133.39214099999998,62.1345185,567.526082,320.0932995,-47.023493,-32.66100200000005,38.959249
1.0617813333333332,753.9924183333333,256.412341,-68.2020535,487.44158949999996,133.038832,61.943643,567.1579425,319.960179,-47.043268,-32.72046499999999,38.880176000000006
1.0843143333333332,753.9895710000001,256.418633,-68.539332,487.655504,132.678804,61.743913500000005,566.773578,319.82403350000004,-47.06454900000001,-32.77992800000004,38.798429
1.1077596666666663,753.989424,256.4253923333333,-68.8920165,487.8812275,132.3120695,61.5352075,566.3726465,319.68471999999997,-47.087391,-32.83932900000002,38.713954
1.132116333333333,753.991978,256.432634,-69.2601335,488.118885,131.938651,61.317407,565.954809,319.542091,-47.11184599999999,-32.89860399999998,38.62670399999996
1.1573846666666667,753.9972300000001,256.44037533333335,-69.6436965,488.36859300000003,131.558578,61.0904,565.5197304999999,319.39599150000004,-47.137968,-32.95769299999995,38.536629000000005
1.1835619999999998,754.0051723333332,256.44863033333337,-70.04270149999999,488.63045250000005,131.171885,60.8540795,565.0670809999999,319.2462635,-47.165807,-33.016527999999994,38.443682999999965
1.2106463333333337,754.0157926666667,256.4574146666667,-70.457131,488.90455599999996,130.778618,60.608343000000005,564.5965329999999,319.0927425,-47.19541400000001,-33.07504800000004,38.34781700000002
1.2386353333333335,754.0290743333334,256.46674333333334,-70.886953,489.1909815,130.378827,60.353095,564.1077654999999,318.93525850000003,-47.226836000000006,-33.13318700000002,38.24899099999999
1.2675243333333335,754.0449943333333,256.47663033333333,-71.3321195,489.4897955,129.972573,60.0882455,563.600463,318.7736365,-47.260121,-33.19087999999999,38.14716099999998
1.2973096666666668,754.0635273333332,256.4870906666667,-71.792568,489.801053,129.5599205,59.81371,563.074314,318.6076955,-47.295314,-33.248064,38.04228499999999
1.3279863333333337,754.0846419999999,256.4981363333333,-72.2682195,490.1247935,129.1409465,59.5294085,562.5290155,318.4372485,-47.332459,-33.30467299999998,37.934325
1.3595476666666662,754.108302,256.50978166666664,-72.7589815,490.461047,128.715731,59.2352705,561.9642690000001,318.262104,-47.371599,-33.360641999999984,37.82324199999999
1.3919873333333335,754.1344666666668,256.5220386666667,-73.264745,490.8098255,128.2843655,58.9312285,561.3797844999999,318.0820635,-47.412772999999994,-33.41590699999995,37.709001
1.4252986666666665,754.1630913333333,256.53491933333333,-73.7853875,491.171133,127.846946,58.6172225,560.7752785,317.89692449999995,-47.456019,-33.47040300000003,37.59156899999999
1.4594736666666666,754.194126,256.548436,-74.32077000000001,491.5449565,127.4035765,58.293199,560.1504755,317.706478,-47.501376,-33.524069000000054,37.47091
1.4945036666666665,754.2275156666666,256.56259866666664,-74.870739,491.9312695,126.95437000000001,57.959109,559.505109,317.510509,-47.548876,-33.57684000000006,37.346997999999985
1.530379333333333,754.2632023333334,256.5774186666667,-75.435127,492.3300335,126.4994445,57.6149115,558.8389205,317.308798,-47.598552999999995,-33.628652999999986,37.21980000000002
1.5670913333333338,754.301122,256.59290500000003,-76.013751,492.7411945,126.038926,57.2605725,558.15166,317.101119,-47.650435,-33.67944800000009,37.089293999999995
1.604628666666666,754.3412073333334,256.60906700000004,-76.6064145,493.1646865,125.5729485,56.896062,557.443087,316.88724149999996,-47.70455200000001,-33.72916200000009,36.95545099999998
1.6429813333333332,754.3833853333334,256.625913,-77.212905,493.6004275,125.1016505,56.5213585,556.712972,316.66692950000004,-47.760926999999995,-33.777736000000004,36.81824899999998
1.6821369999999998,754.4275799999999,256.64345133333336,-77.832999,494.048324,124.625179,56.136445,555.961094,316.43994050000003,-47.819584000000006,-33.82511199999999,36.67766899999998
1.7220833333333332,754.4737113333334,256.661689,-78.466456,494.508266,124.1436865,55.7413135,555.187244,316.2060275,-47.880543,-33.87122999999997,36.53368899999998
1.7628083333333333,754.5216943333334,256.68063166666667,-79.1130245,494.98013249999997,123.657332,55.335958999999995,554.3912215,315.9649385,-47.943822,-33.916034999999965,36.38629300000002
1.8042986666666672,754.57144,256.700286,-79.77243899999999,495.463786,123.166281,54.920386,553.5728395000001,315.716416,-48.00943600000001,-33.959473,36.23546600000003
1.8465403333333328,754.6228563333334,256.72065633333335,-80.444421,495.95907850000003,122.670703,54.494603500000004,552.731921,315.460199,-48.077397000000005,-34.001486,36.08119399999998
1.889519333333333,754.6758473333333,256.741747,-81.1286795,496.4658455,122.170776,54.0586265,551.8683015,315.196019,-48.147715000000005,-34.04202499999997,35.92346600000002
1.933221333333334,754.7303126666667,256.763561,-81.824912,496.983911,121.6666815,53.612477500000004,550.9818275,314.92360499999995,-48.220397000000006,-34.08103899999992,35.76227399999999
1.9776303333333332,754.7861493333334,256.7861013333333,-82.532803,497.5130845,121.1586055,53.1561845,550.072359,314.6426805,-48.29544700000001,-34.1184760000001,35.59760699999998
2.0227313333333328,754.8432509999999,256.80936966666667,-83.252028,498.0531635,120.6467395,52.6897825,549.1397685,314.3529645,-48.372867,-34.154290999999944,35.429461
2.0685086666666668,754.9015076666666,256.8333666666667,-83.982249,498.60393250000004,120.1312815,52.213310500000006,548.183941,314.0541725,-48.452653000000005,-34.188437999999906,35.257833000000005
2.1149456666666664,754.9608063333334,256.85809266666666,-84.7231185,499.1651635,119.6124305,51.726815,547.2047745,313.7460155,-48.53480400000001,-34.22087299999998,35.08272099999999
2.162025666666667,755.0210313333333,256.8835466666667,-85.474279,499.7366145,119.09039150000001,51.230349,546.2021804999999,313.4282,-48.61931,-34.251552999999944,34.904124000000024
2.2097313333333335,755.0820646666667,256.90972733333336,-86.235364,500.318034,118.5653725,50.72397,545.176084,313.10043,-48.70616,-34.28044,34.72204399999998
2.258045333333333,755.1437846666666,256.93663233333336,-87.005996,500.909156,118.037586,50.2077415,544.1264249999999,312.762405,-48.795343,-34.30749400000002,34.53648599999997
2.3069503333333325,755.2060683333334,256.96425833333336,-87.785792,501.5097055,117.50724500000001,49.68173350000001,543.0531555,312.41382150000004,-48.886843000000006,-34.33268100000009,34.347455000000025
2.3564279999999997,755.2687900000001,256.99260066666665,-88.57435699999999,502.119395,116.97456799999999,49.146021000000005,541.956244,312.0543745,-48.980638,-34.35596599999997,34.15495699999997
2.4064599999999996,755.3318216666667,257.0216546666667,-89.3712915,502.737926,116.4397745,48.600684,540.8356719999999,311.683754,-49.07671,-34.377317999999946,33.95900399999999
2.457028333333333,755.395035,257.05141499999996,-90.1761875,503.364989,115.903086,48.0458095,539.6914354999999,311.301649,-49.175031000000004,-34.39670699999999,33.75960399999997
2.508113333333333,755.4582966666667,257.0818736666667,-90.9886295,504.000266,115.36472699999999,47.481488,538.5235465000001,310.907746,-49.275574000000006,-34.414106999999944,33.55677199999997
2.5596966666666674,755.5214763333333,257.1130243333334,-91.808198,504.643428,114.8249215,46.907816,537.3320315000001,310.5017285,-49.37831,-34.42949299999998,33.350521000000015
2.611759666666666,755.5844390000001,257.1448573333334,-92.6344655,505.2941375,114.283896,46.3248955,536.1169315,310.083281,-49.483203,-34.44284099999993,33.14086999999995
2.6642819999999996,755.6470503333334,257.17736399999995,-93.4670015,505.9520475,113.74187699999999,45.7328325,534.8783035,309.6520845,-49.590219,-34.45413099999996,32.927832999999964
2.7172446666666663,755.7091733333333,257.2105343333333,-94.30537050000001,506.616803,113.1990925,45.131738999999996,533.616219,309.207819,-49.699318,-34.463346,32.711432
2.770628,755.7706726666667,257.2443563333333,-95.14913200000001,507.28804049999997,112.6557685,44.5217315,532.3307655000001,308.7501645,-49.81045900000001,-34.47046899999998,32.49168900000001
2.8244123333333335,755.8314113333332,257.27881933333333,-95.99784249999999,507.9653885,112.1121325,43.9029305,531.0220469999999,308.2788025,-49.923598999999996,-34.47548799999993,32.268624999999986
2.8785773333333324,755.8912516666666,257.313909,-96.851056,508.64847,111.5684105,43.2754625,529.6901809999999,307.7934115,-50.038689000000005,-34.478390000000104,32.04226700000004
2.933104,755.9500563333332,257.34961300000003,-97.708324,509.3369005,111.0248275,42.639457,528.3353035,307.2936715,-50.155682,-34.47916700000002,31.812640999999985
2.9879713333333338,756.007689,257.38591633333334,-98.569196,510.0302895,110.4816075,41.9950495,526.9575635,306.77926449999995,-50.27452699999999,-34.477810999999974,31.57977299999999
3.0431603333333332,756.0640119999999,257.42280366666665,-99.43322,510.72823999999997,109.938972,41.342378000000004,525.5571275,306.24987250000004,-50.395168,-34.47431900000004,31.34369499999997
3.0986499999999997,756.1188900000001,257.4602596666667,-100.29994350000001,511.430351,109.3971415,40.68158699999999,524.1341775,305.7051795,-50.51754999999999,-34.46868699999999,31.10443700000002
3.154420333333333,756.1721873333332,257.498267,-101.1689125,512.136218,108.856334,40.0128225,522.688911,305.144871,-50.641615,-34.460913999999946,30.862032
3.2104516666666663,756.2237696666666,257.536808,-102.03967550000002,512.8454305,108.31676350000001,39.336238,521.221543,304.5686365,-50.76730400000001,-34.45100400000001,30.616514999999993
3.266723666666667,756.2735036666667,257.57586499999996,-102.91178,513.5575745,107.77864249999999,38.651988,519.7323015,303.97616600000003,-50.894552000000004,-34.438958999999954,30.367921999999965
3.323215999999999,756.321258,257.61541800000003,-103.784774,514.2722345,107.24217999999999,37.960232500000004,518.2214329999999,303.36715549999997,-51.023297,-34.424785999999926,30.11629099999999
3.379908333333333,756.3669023333333,257.655448,-104.6582095,514.9889915,106.707581,37.2611345,516.6891995000001,302.74130149999996,-51.153473,-34.408491000000026,29.86166099999997
3.4367816666666666,756.4103083333333,257.69593366666663,-105.53163849999999,515.7074250000001,106.17504550000001,36.554862,515.1358775,302.098308,-51.285011999999995,-34.390085,29.604074000000026
3.493814666666667,756.4513489999999,257.73685500000005,-106.4046175,516.4271135,105.64477149999999,35.8415855,513.56176,301.437881,-51.417846999999995,-34.36957799999993,29.343571999999995
3.550988,756.4899009999999,257.77818933333333,-107.276703,517.1476325,105.116951,35.12148,511.96715700000004,300.7597335,-51.551904,-34.34698400000008,29.080198999999993
3.608281666666667,756.5258426666666,257.81991466666665,-108.147458,517.86856,104.5917715,34.3947235,510.3523935,300.0635835,-51.687115,-34.322317,28.814000999999962
3.6656756666666666,756.5590533333334,257.862008,-109.0164485,518.5894734999999,104.06941599999999,33.6614985,508.7178075,299.3491535,-51.823404999999994,-34.29559299999994,28.545027000000005
3.7231503333333333,756.589418,257.90444533333334,-109.88324449999999,519.3099500000001,103.5500615,32.92199,507.0637565,298.6161745,-51.9607,-34.266831000000025,28.273325
3.780686333333333,756.616823,257.94720266666667,-110.74742,520.0295685000001,103.03387950000001,32.176387,505.39061100000004,297.86438350000003,-52.098924,-34.236050000000034,27.998944999999992
3.8382629999999995,756.6411573333334,257.990255,-111.6085555,520.7479095,102.52103600000001,31.424882,503.698758,297.0935255,-52.238004,-34.203269999999975,27.721941000000015
3.8958620000000006,756.6623143333333,258.03357766666664,-112.46623600000001,521.4645575,102.01169250000001,30.6676705,501.988598,296.303353,-52.377863000000005,-34.168514000000016,27.442367999999988
3.9534629999999997,756.6801896666666,258.0771443333333,-113.3200525,522.179097,101.506001,29.9049515,500.260548,295.49362699999995,-52.518421,-34.13180200000005,27.16028
4.0110470000000005,756.6946836666666,258.1209293333333,-114.169603,522.891118,101.0041105,29.1369275,498.51503949999994,294.6641165,-52.659603000000004,-34.09316299999995,26.875737000000015
4.068594666666667,756.7056996666666,258.1649053333333,-115.0144895,523.6002129999999,100.506161,28.363804,496.75251749999995,293.814602,-52.80133,-34.05261899999999,26.588796000000002
4.126087333333333,756.7131453333335,258.209046,-115.85432349999999,524.3059794999999,100.012288,27.5857905,494.97344250000003,292.9448715,-52.943523,-34.010197000000005,26.29952099999997
4.183505333333334,756.7169323333334,258.25332399999996,-116.688722,525.0080195,99.5226175,26.803098,493.17829,292.0547255,-53.086106,-33.96592599999997,26.007972999999993
4.2408296666666665,756.7169763333333,258.29771066666666,-117.51731000000001,525.7059395,99.037272,26.015942499999998,491.367548,291.1439735,-53.228997,-33.91983000000005,25.71421700000002
4.298042333333334,756.7131976666666,258.3421783333333,-118.33972,526.3993525000001,98.556363,25.224542500000002,489.5417185,290.212437,-53.372121,-33.87194299999999,25.418319999999994
4.355123666666667,756.7055196666666,258.38669933333335,-119.15559199999998,527.0878775,98.079998,24.4291185,487.701318,289.25995,-53.515399,-33.82229000000001,25.120352000000025
4.412055666666667,756.6938723333333,258.4312443333333,-119.9645735,527.7711400000001,97.60827599999999,23.629896000000002,485.846875,288.2863565,-53.658754,-33.77090399999997,24.820380999999998
4.4688196666666675,756.6781893333333,258.47578466666664,-120.766322,528.4487710000001,97.141288,22.827102,483.9789315,287.2915165,-53.802106,-33.71781299999998,24.518478999999957
4.525397333333333,756.6584079999999,258.520291,-121.56050150000002,529.1204115,96.679118,22.0209675,482.0980425,286.2753,-53.945381000000005,-33.663050999999996,24.214721999999995
4.581770666666666,756.6344726666666,258.564735,-122.3467865,529.785707,96.22184250000001,21.211726,480.2047745,285.2375915,-54.088502000000005,-33.60664700000001,23.909182999999985
4.637921333333334,756.606331,258.60908666666666,-123.124859,530.4443125,95.7695315,20.399613,478.2997075,284.178291,-54.231394,-33.548632999999995,23.601942000000008
4.693831,756.5739356666667,258.6533166666666,-123.89441,531.0958925,95.3222465,19.5848695,476.383431,283.097311,-54.373983,-33.48904199999998,23.293075999999985
4.749482333333333,756.537245,258.6973953333333,-124.6551405,531.7401185000001,94.8800405,18.7677365,474.456548,281.994579,-54.516195,-33.42790600000001,22.98266799999999
4.8048573333333335,756.4962223333333,258.74129366666665,-125.40675949999999,532.3766715,94.4429605,17.948459,472.519671,280.8700385,-54.657957999999994,-33.36525599999999,22.670798999999988
4.859937666666666,756.450836,258.78498133333335,-126.1489865,533.0052424999999,94.0110455,17.127286,470.57342300000005,279.72364849999997,-54.799202,-33.30112600000001,22.357556999999986
4.914706666666667,756.4010593333333,258.82842933333336,-126.88155,533.6255305,93.584326,16.304466,468.6184375,278.55538349999995,-54.939856,-33.235547000000054,22.043026999999995
4.969146333333333,756.3468716666666,258.8716083333333,-127.604188,534.2372459999999,93.16282749999999,15.480253,466.65535850000003,277.365234,-55.079852,-33.16855300000003,21.727296000000024
5.023239666666666,756.2882566666666,258.91448866666667,-128.31664849999999,534.8401085,92.746565,14.654902999999997,464.684837,276.1532085,-55.219122,-33.100175999999976,21.410454999999956
5.0769693333333334,756.225204,258.95704099999995,-129.0186875,535.4338485000001,92.335549,13.828673000000002,462.7075355,274.9193315,-55.357602,-33.03044699999998,21.092596999999955
5.130318,756.1577080000001,258.999236,-129.7100725,536.0182075,91.92978049999999,13.001824499999998,460.7241225,273.66364450000003,-55.495227,-32.95939900000002,20.77381299999996
5.183268666666666,756.0857693333334,259.041046,-130.3905805,536.592937,91.529255,12.174619999999999,458.7352755,272.386207,-55.631934,-32.88706500000001,20.454200000000014
5.2358046666666676,756.0093919999999,259.08244033333335,-131.0599975,537.1577985,91.1339605,11.347324500000001,456.741679,271.087096,-55.76766500000001,-32.813473999999985,20.133853999999985
5.287908666666666,755.9285873333333,259.12339233333336,-131.7181205,537.7125665,90.7438775,10.5202045,454.7440235,269.76640799999996,-55.902359000000004,-32.738661000000036,19.812874000000022
5.339564666666667,755.8433709999999,259.1638726666667,-132.3647545,538.2570264999999,90.35898,9.693529999999999,452.74300700000003,268.424255,-56.035959999999996,-32.66265600000003,19.49135799999999
5.390755333333334,755.7537643333334,259.20385400000004,-132.99971499999998,538.790974,89.979237,8.867571,450.739331,267.06077,-56.168412000000004,-32.58548999999999,19.16940999999997
5.441464333333333,755.6597929999999,259.24330833333335,-133.622829,539.3142170000001,89.604608,8.0426015,448.73370550000004,265.676104,-56.299663,-32.50719299999997,18.847129999999993
5.491676333333333,755.5614883333334,259.28220833333336,-134.2339295,539.826575,89.2350485,7.218895000000002,446.7268415,264.2704255,-56.42966,-32.42779899999999,18.52462299999999
5.541373666666668,755.4588870000001,259.3205276666667,-134.8328635,540.32788,88.8705075,6.3967279999999995,444.7194555,262.8439235,-56.558355999999996,-32.34733499999999,18.201993000000016
5.590541000000001,755.3520303333335,259.35823933333336,-135.4194845,540.817974,88.510928,5.576376999999999,442.7122675,261.3968065,-56.68570199999999,-32.26583300000004,17.879346999999996
5.639161666666667,755.2409643333334,259.3953176666667,-135.993656,541.2967125,88.15624650000001,4.7581205,440.705999,259.9293,-56.811653,-32.18332200000003,17.556792
5.687221,755.1257406666667,259.43173733333333,-136.5552525,541.7639615,87.806396,3.9422385,438.7013745,258.44164950000004,-56.936167,-32.09983299999999,17.234437000000014
5.734702000000001,755.0064153333333,259.46747266666665,-137.10415749999999,542.2195995,87.461301,3.129010000000001,436.6991185,256.9341205,-57.059202,-32.01539500000001,16.91238899999999
5.781589666666666,754.8830486666666,259.50249933333333,-137.6402625,542.663517,87.120884,2.3187169999999995,434.6999575,255.406998,-57.18072,-31.930037000000027,16.590760000000017
5.827868666666666,754.7557066666667,259.53679366666665,-138.16347000000002,543.0956165,86.785061,1.5116404999999986,432.7046175,253.860584,-57.300683,-31.84378700000002,16.269657999999993
5.873523000000001,754.6244576666667,259.5703323333333,-138.6736905,543.5158114999999,86.453744,0.7080615000000012,430.713823,252.295202,-57.419059000000004,-31.75667599999997,15.949195999999972
5.918538000000001,754.4893776666667,259.60309166666667,-139.1708445,543.9240275,86.1268405,-0.09173849999999995,428.7282985,250.71119199999998,-57.535813000000005,-31.66873099999998,15.629486000000014
5.962898999999999,754.350543,259.63505000000004,-139.6548615,544.320203,85.8042535,-0.8874785000000003,426.7487655,249.1089155,-57.650915,-31.579980999999975,15.310636999999986
6.006590333333333,754.2080386666667,259.6661853333333,-140.1256795,544.704286,85.4858825,-1.6788774999999987,424.775943,247.48875099999998,-57.764339,-31.490454,14.992763999999994
6.0495980000000005,754.0619493333334,259.69647733333335,-140.583245,545.0762374999999,85.1716235,-2.4656554999999987,422.8105455,245.85109549999999,-57.876057,-31.40017899999998,14.675975000000022
6.091907,753.9123663333334,259.725905,-141.027514,545.436029,84.8613685,-3.247532999999999,420.853285,244.1963655,-57.986046,-31.309184000000016,14.360386999999974
6.133503000000001,753.7593836666666,259.75444899999997,-141.4584515,545.7836445,84.555007,-4.024233500000001,418.90486599999997,242.5249945,-58.094283000000004,-31.21749600000004,14.046107000000006
6.174372999999999,753.6030986666666,259.78209,-141.87603,546.1190785,84.252425,-4.7954799999999995,416.9659905,240.837434,-58.20075,-31.125143000000037,13.733248000000003
6.214501333333334,753.4436133333334,259.80881066666666,-142.280231,546.4423360000001,83.953507,-5.560997500000001,415.037352,239.134153,-58.305429000000004,-31.03215399999999,13.421921999999995
6.253875666666666,753.281032,259.83459266666665,-142.671043,546.7534344999999,83.6581345,-6.320514000000001,413.11963649999996,237.4156385,-58.408304,-30.938555000000008,13.112236999999993
6.292482,753.1154620000001,259.85941966666667,-143.048465,547.0524005,83.366186,-7.073759000000001,411.2135225,235.6823925,-58.509361999999996,-30.844375000000014,12.804303000000004
6.330306999999999,752.9470143333333,259.88327533333336,-143.4125015,547.339271,83.07754,-7.820465,409.319682,233.934935,-58.608592,-30.749641999999994,12.498230000000007
6.367338,752.775802,259.906145,-143.7631665,547.6140955,82.792072,-8.560367999999999,407.43877499999996,232.1738015,-58.705984,-30.654382,12.194124999999985
6.403562666666666,752.6019409999999,259.928014,-144.100481,547.876932,82.5096575,-9.293206499999998,405.571452,230.399542,-58.801529,-30.55862400000001,11.892091999999991
6.438967333333333,752.4255509999999,259.94886833333334,-144.4244745,548.1278474999999,82.23017,-10.018722000000002,403.718353,228.61272350000002,-58.895224,-30.462396000000012,11.592238999999978
6.473541,752.246751,259.96869599999997,-144.735182,548.366922,81.953482,-10.73666,401.8801085,226.813926,-58.987064000000004,-30.365724999999998,11.294668000000001
6.507271333333333,752.0656656666666,259.9874843333333,-145.0326475,548.594241,81.679467,-11.4467715,400.0573335,225.00374349999998,-59.077047,-30.26863899999995,10.999480999999975
6.540147333333333,751.8824186666667,260.00522266666667,-145.316922,548.809902,81.407997,-12.148811,398.250632,223.1827845,-59.165172,-30.17116599999997,10.706776999999988
6.572157,751.6971373333334,260.0219,-145.588063,549.014011,81.138945,-12.842537500000002,396.460595,221.3516695,-59.251443,-30.07333399999999,10.41665500000002
6.603290000000001,751.5099496666667,260.03750766666667,-145.8461345,549.206682,80.87218250000001,-13.527715500000001,394.6877995,219.5110305,-59.33586100000001,-29.97517099999999,10.129210999999998
6.633535333333334,751.3209853333333,260.05203666666665,-146.091208,549.388038,80.6075835,-14.204113500000002,392.9328055,217.661513,-59.418433,-29.87670499999996,9.844538
6.662883333333334,751.1303750000001,260.0654793333333,-146.3233615,549.5582105,80.3450215,-14.871509,391.19616,215.80377149999998,-59.499164,-29.777963999999997,9.562729000000019
6.691324000000001,750.9382506666666,260.07782833333334,-146.54267850000002,549.7173385,80.0843725,-15.529681,389.47839350000004,213.938472,-59.578064000000005,-29.67897499999998,9.283873999999997
6.718847666666666,750.7447453333334,260.08907800000003,-146.7492495,549.8655685,79.8255115,-16.1784185,387.78002000000004,212.06628899999998,-59.655141,-29.579768,9.008055999999982
6.745446333333334,750.5499920000001,260.09922366666666,-146.9431715,550.003055,79.56831650000001,-16.8175155,386.101535,210.1879065,-59.730407,-29.480369999999994,8.735361000000012
6.77111,750.3541246666667,260.10826000000003,-147.124546,550.129959,79.3126665,-17.446772,384.443419,208.3040165,-59.803875999999995,-29.380809999999997,8.465871000000021
6.795831666666667,750.1572769999999,260.116184,-147.2934805,550.2464485,79.05844350000001,-18.0659965,382.806132,206.41531750000001,-59.875559,-29.281115999999997,8.199663000000015
6.819602666666666,749.9595843333333,260.1229926666667,-147.4500905,550.352699,78.80553,-18.675005,381.19011550000005,204.522516,-59.945474000000004,-29.181314999999984,7.936812000000003
6.842416666666668,749.7611796666666,260.12868499999996,-147.594493,550.44889,78.5538115,-19.27362,379.5957945,202.62632250000001,-60.013638,-29.081436999999994,7.677388999999977
6.864266333333333,749.5621976666666,260.133259,-147.7268135,550.5352085,78.30317550000001,-19.861672,378.023571,200.727453,-60.080068,-28.981507999999963,7.4214660000000094
6.885145333333334,749.3627716666666,260.1367153333333,-147.84718049999998,550.611846,78.05351350000001,-20.4390015,376.47382949999997,198.826628,-60.144783,-28.881556999999987,7.169105999999999
6.905047666666667,749.1630343333333,260.13905466666665,-147.95572950000002,550.6790005,77.8047185,-21.005454,374.946932,196.9245715,-60.207803999999996,-28.781611999999996,6.920371000000017
6.923968666666667,748.9631186666667,260.14027833333336,-148.052598,550.7368745,77.55668650000001,-21.5608875,373.443222,195.0220085,-60.269150999999994,-28.681701999999973,6.675320999999997
6.941903333333333,748.7631543333333,260.14038899999997,-148.13793,550.7856730000001,77.30931700000001,-22.105165999999997,371.96302049999997,193.1196665,-60.32885,-28.581850999999972,6.434009000000003
6.958847000000001,748.5632730000001,260.13939,-148.21187400000002,550.825609,77.0625125,-22.638164,370.50662750000004,191.218274,-60.386919999999996,-28.48208900000003,6.196490000000011
6.974796,748.3636030000001,260.13728499999996,-148.2745815,550.856896,76.816179,-23.1597635,369.074322,189.3185585,-60.443389,-28.38244199999997,5.962808999999993
6.989746999999999,748.1642713333334,260.134079,-148.326209,550.8797529999999,76.5702265,-23.669858,367.6663595,187.421247,-60.49828,-28.282936999999947,5.733010000000007
7.003698,747.965404,260.129778,-148.366917,550.894402,76.324568,-24.168349,366.2829755,185.5270655,-60.55162,-28.18360100000001,5.507135000000005
7.016646333333333,747.7671253333333,260.1243876666667,-148.396868,550.901067,76.07912,-24.655149,364.92438200000004,183.636735,-60.603436,-28.08445999999998,5.28522000000001
7.028590333333334,747.5695569999999,260.117916,-148.416231,550.8999765,75.833803,-25.130178,363.590769,181.7509745,-60.653756,-27.985537999999963,5.067296999999996
7.039528999999999,747.3728196666667,260.11037000000005,-148.4251765,550.891359,75.58854249999999,-25.5933685,362.2823035,179.870499,-60.702609,-27.886863000000005,4.853396000000004
7.049461999999999,747.177031,260.10175933333335,-148.4238775,550.8754465,75.3432665,-26.0446615,360.9991315,177.9960165,-60.750021,-27.788459000000046,4.643542999999994
7.05839,746.9823066666668,260.0920926666667,-148.412511,550.8524725,75.0979075,-26.484008,359.7413755,176.128231,-60.796026000000005,-27.690350999999964,4.437757999999974
7.066313666666669,746.7887603333332,260.0813803333333,-148.3912575,550.822672,74.85240250000001,-26.91137,358.50913549999996,174.26783799999998,-60.840650000000004,-27.59256099999999,4.236057999999986
7.073233999999999,746.5965016666665,260.069633,-148.3602985,550.786279,74.606692,-27.3267185,357.30248800000004,172.4155255,-60.883927,-27.495114,4.038458999999989
7.079152999999999,746.405639,260.05686199999997,-148.3198205,550.7435315,74.3607215,-27.7300355,356.12148950000005,170.571973,-60.925884999999994,-27.398032999999998,3.844968000000023
7.0840733333333334,746.216278,260.04308,-148.2700095,550.694665,74.11444,-28.1213135,354.96617200000003,168.7378515,-60.966559000000004,-27.30134000000004,3.6555930000000103
7.087997666666666,746.0285203333333,260.028299,-148.211055,550.6399180000001,73.867801,-28.500554,353.8365465,166.91382,-61.005978,-27.20505700000001,3.470336000000003
7.090931,745.8424660000001,260.01253333333335,-148.143149,550.579525,73.6207625,-28.867768,352.7326025,165.1005285,-61.044176,-27.10920299999998,3.2891950000000065
7.092876666666666,745.65821,259.99579566666665,-148.0664845,550.5137245000001,73.37328550000001,-29.222980500000002,351.654307,163.298614,-61.081185,-27.013802,3.1121659999999736
7.093839666666667,745.4758453333334,259.97810166666665,-147.981256,550.4427505,73.125337,-29.5662215,350.601605,161.5087015,-61.117037,-26.91886999999997,2.9392389999999864
7.093825666666667,745.2954626666666,259.959466,-147.8876605,550.3668379999999,72.87688800000001,-29.897533,349.574422,159.7314035,-61.151766,-26.824427999999955,2.7704049999999825
7.092841,745.1171469999999,259.939904,-147.785895,550.2862195,72.627912,-30.216967999999998,348.57266100000004,157.9673185,-61.185404,-26.730493999999965,2.6056449999999813
7.090892333333333,744.9409816666666,259.91943233333336,-147.6761595,550.201127,72.378387,-30.524587500000003,347.5962055,156.21702900000003,-61.217985,-26.637084999999956,2.4449419999999975
7.087986333333333,744.7670466666667,259.898067,-147.5586525,550.1117905,72.1282975,-30.8204625,346.6449185,154.481105,-61.249541,-26.544217000000003,2.288271999999978
7.084132333333333,744.595416,259.87582633333335,-147.43357600000002,550.018437,71.8776295,-31.104673499999997,345.7186435,152.76009950000002,-61.280107,-26.451907000000006,2.1356130000000064
7.079337666666667,744.4261626666666,259.8527266666667,-147.30113,549.9212924999999,71.626373,-31.37731,344.8172055,151.0545485,-61.309714,-26.36016900000004,1.9869329999999934
7.073611333333333,744.2593556666667,259.828786,-147.161517,549.8205785,71.37452400000001,-31.6384695,343.9404085,149.36497300000002,-61.338397,-26.269019000000014,1.8422020000000146
7.066963666666667,744.0950583333333,259.80402399999997,-147.01494,549.7165165,71.12208,-31.8882605,343.088041,147.69187449999998,-61.366187,-26.178470000000004,1.7013849999999877
7.059404333333333,743.9333326666666,259.77845833333333,-146.8616005,549.609322,70.8690445,-32.1267985,342.259872,146.03573849999998,-61.393119,-26.088532000000043,1.5644450000000063
7.050943666666668,743.774235,259.75210799999996,-146.701701,549.49921,70.6154215,-32.354206500000004,341.455653,144.39703100000003,-61.419225000000004,-25.99921999999998,1.4313420000000008
7.041593333333334,743.6178193333334,259.7249933333333,-146.53544449999998,549.3863895,70.3612225,-32.570617,340.675121,142.77620000000002,-61.444536,-25.910544000000016,1.3020360000000153
7.031365,743.464134,259.69713333333334,-146.363034,549.2710685,70.106459,-32.776171,339.917995,141.173674,-61.469086,-25.822516000000007,1.176478000000003
7.0202713333333335,743.3132260000001,259.6685483333333,-146.18467049999998,549.1534489999999,69.851148,-32.971014,339.183979,139.58986099999998,-61.492906,-25.735141999999996,1.0546240000000182
7.008324000000001,743.1651363333334,259.63925966666665,-146.00055500000002,549.0337305,69.5953085,-33.1553015,338.47276350000004,138.025151,-61.516026999999994,-25.64843300000001,0.9364219999999932
6.995536666666666,743.0199033333333,259.609286,-145.8108895,548.912108,69.3389645,-33.3291945,337.784023,136.479912,-61.538481,-25.56239800000003,0.8218240000000208
6.981922999999999,742.8775609999999,259.57864966666665,-145.615874,548.788772,69.08214050000001,-33.492861,337.1174205,134.9544935,-61.5603,-25.477040999999986,0.710774999999984
6.967497333333333,742.738139,259.547371,-145.4157075,548.663908,68.8248655,-33.6464745,336.472605,133.44922100000002,-61.581512999999994,-25.392372000000023,0.6032199999999932
6.952273999999999,742.601665,259.51547166666666,-145.210588,548.537699,68.567171,-33.790215,335.8492125,131.9644025,-61.60215,-25.308394999999962,0.4991049999999859
6.936268000000001,742.4681606666667,259.482972,-145.00071400000002,548.4103215,68.309091,-33.924268999999995,335.2468715,130.5003225,-61.62224,-25.22511499999996,0.3983690000000024
6.919494666666666,742.337646,259.44989400000003,-144.78627999999998,548.281948,68.0506625,-34.048826,334.66519600000004,129.057245,-61.641814,-25.142538000000002,0.3009539999999902
6.901969666666666,742.210136,259.4162596666667,-144.567482,548.1527455,67.791924,-34.164082500000006,334.1037925,127.635413,-61.66089900000001,-25.060666999999967,0.206799999999987
6.883709,742.0856416666667,259.3820896666667,-144.3445125,548.022878,67.532916,-34.2702375,333.562257,126.23504700000001,-61.679523,-24.97950400000002,0.11584599999999057
6.864729333333333,741.9641726666667,259.3474066666667,-144.11756400000002,547.8925019999999,67.273684,-34.367495999999996,333.04017799999997,124.8563465,-61.697714,-24.899054000000035,0.028029000000003634
6.8450473333333335,741.8457316666667,259.312231,-143.88682749999998,547.7617705,67.0142715,-34.456064999999995,332.53713600000003,123.49948950000001,-61.715498,-24.81931800000001,-0.05671099999999285
6.82468,741.730321,259.2765856666667,-143.65249,547.630831,66.7547265,-34.5361565,332.0527045,122.1646315,-61.732903,-24.740298999999993,-0.13844100000000026
6.803643999999999,741.6179390000001,259.2404916666667,-143.414739,547.499826,66.4950975,-34.6079845,331.5864525,120.85190850000001,-61.749953000000005,-24.661997000000042,-0.21722300000000416
6.7819590000000005,741.5085779999999,259.2039706666667,-143.17375950000002,547.3688925,66.2354355,-34.6717655,331.1379415,119.5614325,-61.766673000000004,-24.584412999999984,-0.29311900000000435
6.759640666666666,741.4022303333335,259.1670446666667,-142.929735,547.238163,65.975792,-34.7277195,330.70673050000005,118.2932955,-61.783087,-24.507546999999988,-0.3661950000000047
6.7367083333333335,741.2988839999999,259.1297346666667,-142.6828465,547.1077645,65.71621999999999,-34.7760665,330.292372,117.04756850000001,-61.799218999999994,-24.43140200000005,-0.436515
6.713179666666666,741.198523,259.092063,-142.43327299999999,546.9778180000001,65.456775,-34.8170295,329.89441899999997,115.82430049999999,-61.815093,-24.355974000000003,-0.50414099999999
6.689073333333333,741.1011296666666,259.0540496666667,-142.181191,546.8484404999999,65.19751099999999,-34.8508325,329.51241849999997,114.62352050000001,-61.830729000000005,-24.28126500000002,-0.5691369999999978
6.664408666666667,741.006683,259.01571633333333,-141.92677600000002,546.719743,64.93848650000001,-34.877699,329.145918,113.4452355,-61.84615,-24.207273999999984,-0.631567000000004
6.639203666666666,740.9151586666667,258.97708466666666,-141.6702,546.5918325,64.6797565,-34.897855,328.7944645,112.2894345,-61.86137599999999,-24.133999000000017,-0.6914930000000084
6.613477666666667,740.8265303333333,258.938175,-141.4116335,546.4648095,64.4213795,-34.9115245,328.4576035,111.15608399999999,-61.876427,-24.061441000000002,-0.7489739999999898
6.587249333333332,740.7407683333334,258.8990076666667,-141.1512445,546.3387705,64.163415,-34.9189335,328.134882,110.0451315,-61.891321,-23.989598,-0.8040730000000025
6.560537666666666,740.6578406666667,258.859604,-140.889199,546.2138070000001,63.90592049999999,-34.920305,327.82584699999995,108.95650549999999,-61.906078,-23.91846800000002,-0.8568489999999969
6.5333619999999994,740.5777136666666,258.8199833333333,-140.62566,546.090005,63.648956,-34.9158625,327.5300495,107.89011550000001,-61.920715,-23.848050999999998,-0.9073609999999945
6.505742333333334,740.5003503333334,258.7801666666667,-140.3607875,545.9674465,63.39258,-34.9058285,327.2470405,106.8458505,-61.935249,-23.778345,-0.9556670000000054
6.477697,740.4257120000001,258.7401726666667,-140.0947415,545.8462079999999,63.136853,-34.890423500000004,326.97637499999996,105.8235835,-61.949695000000006,-23.70935000000003,-1.0018210000000067
6.449245,740.3537583333333,258.700022,-139.8276765,545.7263614999999,62.8818335,-34.8698665,326.717614,104.82316800000001,-61.964068999999995,-23.64106399999997,-1.0458799999999968
6.420406,740.2844463333334,258.65973333333335,-139.559746,545.607975,62.6275815,-34.8443725,326.470319,103.844441,-61.978384999999996,-23.573486000000003,-1.0878960000000006
6.391199333333333,740.2177313333333,258.61932533333334,-139.2911015,545.4911115,62.3741565,-34.8141575,326.2340595,102.88722150000001,-61.992656999999994,-23.50661500000001,-1.1279210000000006
6.361643666666667,740.153567,258.57881733333335,-139.02189149999998,545.3758310000001,62.121616,-34.779432,326.0084085,101.9513135,-62.006896000000005,-23.440450999999996,-1.1660070000000076
6.331758666666668,740.091906,258.53822733333334,-138.752261,545.262187,61.870019,-34.740405,325.79294649999997,101.036503,-62.021116,-23.374994999999956,-1.2022000000000048
6.301562333333333,740.032699,258.4975733333333,-138.482354,545.15023,61.619423999999995,-34.697282,325.5872605,100.1425625,-62.035328,-23.31024500000001,-1.2365489999999966
6.271074333333334,739.9758946666667,258.45687300000003,-138.21231,545.0400085,61.369888,-34.650265,325.3909425,99.269248,-62.04953999999999,-23.246201000000042,-1.2690979999999996
6.240313,739.921442,258.416144,-137.942268,544.9315635,61.121467499999994,-34.5995525,325.203595,98.416302,-62.063763,-23.182863999999995,-1.2998900000000049
6.209296666666667,739.8692876666668,258.3754026666666,-137.67236450000001,544.824936,60.874219,-34.545338,325.02482599999996,97.58345349999999,-62.078005999999995,-23.120236000000034,-1.3289669999999916
6.178043666666667,739.819378,258.334667,-137.4027305,544.7201605,60.628198,-34.487815,324.85425299999997,96.7704175,-62.092276,-23.058316000000048,-1.3563690000000008
6.146572333333334,739.771658,258.293952,-137.133498,544.6172710000001,60.383458,-34.427167,324.69150149999996,95.97689650000001,-62.10658,-22.99710699999997,-1.382132999999996
6.114901000000001,739.7260726666667,258.253274,-136.86479450000002,544.516296,60.140054000000006,-34.3635785,324.5362075,95.2025815,-62.120925,-22.93661099999997,-1.406295
6.083047333333333,739.6825653333334,258.21264933333333,-136.5967455,544.4172615,59.898038,-34.297226,324.388015,94.447152,-62.13531400000001,-22.87683000000004,-1.4288880000000006
6.051027666666666,739.64108,258.172092,-136.329473,544.3201915,59.6574615,-34.2282835,324.2465775,93.710276,-62.149755000000006,-22.817767000000003,-1.4499440000000021
6.018860333333333,739.6015593333333,258.131618,-136.0630985,544.225106,59.418375999999995,-34.156918499999996,324.111561,92.9916125,-62.164249,-22.759423999999967,-1.4694949999999949
5.986562,739.5639463333333,258.091241,-135.79774,544.132024,59.1808295,-34.0832955,323.9826385,92.29081049999999,-62.178801,-22.70180700000003,-1.4875669999999985
5.954149999999999,739.5281843333333,258.05097500000005,-135.533512,544.04096,58.944871500000005,-34.007572499999995,323.8594965,91.6075095,-62.19341099999999,-22.644919000000016,-1.5041870000000017
5.9216396666666675,739.4942153333333,258.01083500000004,-135.27052750000001,543.9519285,58.7105495,-33.9299045,323.7418305,90.94134199999999,-62.208083,-22.58876299999997,-1.5193780000000032
5.889047333333333,739.4619823333333,257.9708326666667,-135.0088975,543.8649405,58.477909,-33.850439,323.629347,90.291933,-62.22281600000001,-22.533348000000046,-1.5331639999999993
5.856389333333333,739.4314283333333,257.93098133333336,-134.74873,543.7800055,58.246995,-33.7693195,323.52176399999996,89.6588995,-62.237611,-22.478676000000007,-1.5455670000000055
5.823681,739.402497,257.8912943333333,-134.49013,543.697131,58.017851500000006,-33.686685,323.418812,89.0418535,-62.252466,-22.424756000000002,-1.5566029999999955
5.790937666666667,739.3751316666667,257.85178333333334,-134.233201,543.616323,57.790521,-33.60266849999999,323.32023000000004,88.4404,-62.26738099999999,-22.371594000000016,-1.5662920000000042
5.758174,739.3492766666667,257.81246000000004,-133.9780445,543.537587,57.565044,-33.5173975,323.225771,87.8541415,-62.282353,-22.319196000000034,-1.5746489999999937
5.725403666666666,739.3248766666667,257.77333600000003,-133.7247585,543.460925,57.341460999999995,-33.430996,323.1351995,87.28267450000001,-62.29738,-22.267570999999975,-1.5816870000000023
5.692641666666667,739.3018773333333,257.73442166666666,-133.47343899999998,543.38634,57.11981,-33.343581,323.0482885,86.7255925,-62.312458,-22.21672699999999,-1.587420999999992
5.659901333333334,739.2802250000001,257.6957283333333,-133.22418,543.313834,56.900128499999994,-33.255264499999996,322.96482649999996,86.182486,-62.327583,-22.166673000000003,-1.591861999999992
5.6271960000000005,739.2598666666667,257.657266,-132.9770735,543.243406,56.682452500000004,-33.166154,322.884611,85.65294399999999,-62.34275,-22.117418000000043,-1.595019999999991
5.594538666666668,739.2407506666667,257.61904499999997,-132.732208,543.1750565,56.4668165,-33.0763515,322.8074525,85.1365535,-62.357955000000004,-22.068971000000033,-1.5969029999999975
5.561941666666666,739.2228259999998,257.58107433333333,-132.4896705,543.108784,56.2532535,-32.985955000000004,322.7331715,84.6329,-62.37319,-22.021343,-1.5975199999999887
5.529417666666667,739.2060426666667,257.54336333333333,-132.2495465,543.0445884999999,56.04179499999999,-32.8950555,322.661601,84.1415705,-62.388450999999996,-21.974545999999975,-1.5968770000000063
5.496977666666666,739.1903526666666,257.505921,-132.0119185,542.9824675,55.832472499999994,-32.803741,322.592586,83.662151,-62.403728,-21.928589999999986,-1.5949820000000017
5.464633666666667,739.1757076666667,257.46875566666665,-131.77686599999998,542.9224194999999,55.6253145,-32.712093,322.5259815,83.194229,-62.419016,-21.883486999999946,-1.5918380000000099
5.432395666666667,739.162062,257.4318753333334,-131.5444675,542.8644435,55.4203485,-32.620188999999996,322.4616535,82.737393,-62.434306,-21.839247,-1.587450000000004
5.4002756666666665,739.149371,257.395288,-131.3148,542.808537,55.217602500000005,-32.528102,322.3994795,82.2912355,-62.44959,-21.795885,-1.581823
5.3682826666666665,739.1375906666667,257.359001,-131.08793599999998,542.7546985,55.0170995,-32.4359005,322.339348,81.8553505,-62.464857,-21.753413999999964,-1.5749590000000069
5.336426333333333,739.126679,257.32302166666665,-130.8639475,542.702928,54.8188645,-32.343648,322.2811575,81.429336,-62.4801,-21.711847000000034,-1.5668639999999954
5.304716333333333,739.1165966666666,257.28735666666665,-130.6429045,542.6532235,54.6229195,-32.251404,322.2248175,81.012794,-62.495308,-21.671194999999955,-1.557535999999999
5.273161,739.1073030000001,257.2520123333333,-130.4248735,542.6055855,54.429286,-32.1592225,322.170248,80.605331,-62.510471,-21.63147600000002,-1.5469819999999999
5.241769,739.0987613333333,257.216995,-130.209921,542.5600145000001,54.2379835,-32.067156000000004,322.1173775,80.206559,-62.525578,-21.592700999999977,-1.5352019999999982
5.210549,739.0909353333333,257.18231066666664,-129.9981095,542.516511,54.049029999999995,-31.97525,322.066145,79.8160955,-62.540618,-21.55488600000001,-1.5222009999999955
5.179507,739.08379,257.14796533333333,-129.7895,542.4750775,53.862443,-31.883549,322.0165,79.4335655,-62.55558,-21.518046000000027,-1.507981000000001
5.148651333333333,739.0772936666666,257.11396299999996,-129.584152,542.435716,53.678238,-31.792091,321.96839950000003,79.0585985,-62.570452,-21.48219499999999,-1.492545000000007
5.117988333333333,739.071414,257.08031,-129.382122,542.39843,53.496429,-31.700913,321.9218115,78.6908335,-62.585222,-21.44734900000003,-1.4758970000000033
5.087524666666667,739.0661213333333,257.04701066666667,-129.1834645,542.3632245,53.317029000000005,-31.610046500000003,321.87671049999994,78.329917,-62.599879,-21.413522999999998,-1.4580419999999918
5.057265666666667,739.0613876666666,257.01406933333334,-128.9882335,542.330105,53.14005,-31.519521,321.833081,77.97550150000001,-62.61441,-21.38073399999996,-1.4389849999999882
5.027217333333334,739.057187,256.9814906666667,-128.796479,542.2990769999999,52.9655025,-31.429361500000002,321.7909145,77.627252,-62.628803,-21.348995000000002,-1.4187320000000057
4.997384333333334,739.0534936666667,256.949278,-128.6082495,542.270149,52.7933945,-31.339592,321.7502105,77.28484,-62.643043999999996,-21.31832300000002,-1.397291999999993
4.967771666666666,739.050284,256.9174356666667,-128.4235925,542.2433285,52.623734,-31.2502325,321.710976,76.9479475,-62.657121,-21.288733999999977,-1.3746689999999973
4.938383333333333,739.0475366666666,256.88596666666666,-128.2425505,542.218626,52.456526499999995,-31.1613,321.673226,76.6162665,-62.671020000000006,-21.260244,-1.350875000000002
4.909223333333333,739.0452306666666,256.8548743333333,-128.0651685,542.1960515000001,52.291777499999995,-31.072810500000003,321.636981,76.2894995,-62.684731,-21.232867999999996,-1.325918999999999
4.880295333333334,739.0433476666667,256.82416166666667,-127.89148549999999,542.1756185,52.129490000000004,-30.9847755,321.602268,75.9673595,-62.698237,-21.206619999999987,-1.2998149999999953
4.851602000000001,739.0418696666667,256.79383233333334,-127.72154,542.1573385,51.969666000000004,-30.897207,321.5691205,75.6495705,-62.711528,-21.18151899999998,-1.2725729999999942
4.823146666666666,739.0407813333333,256.7638876666667,-127.555369,542.1412265,51.81230600000001,-30.810112999999998,321.53757800000005,75.335869,-62.72459,-21.157578,-1.2442120000000045
4.794930666666667,739.040067,256.73433066666666,-127.3930055,542.127298,51.657409,-30.7235005,321.507684,75.0260025,-62.737409,-21.13481200000001,-1.2147450000000077
4.766957333333333,739.0397136666667,256.70516333333336,-127.23448250000001,542.1155695,51.50497300000001,-30.6373755,321.4794895,74.7197305,-62.749973000000004,-21.113237000000026,-1.1841909999999984
4.739227,739.039709,256.67638733333337,-127.07983,542.1060580000001,51.354993,-30.551741,321.4530475,74.4168245,-62.76227,-21.092867000000012,-1.1525709999999947
4.711742333333333,739.040043,256.648005,-126.92907600000001,542.0987825,51.207465,-30.4666015,321.42841699999997,74.11707000000001,-62.774285,-21.073716000000047,-1.1199060000000003
4.684502999999999,739.040705,256.62001733333335,-126.78224650000001,542.0937624999999,51.062381,-30.3819575,321.4056605,73.820264,-62.786007,-21.05579899999998,-1.0862199999999973
4.657510666666667,739.0416869999999,256.592426,-126.639365,542.091019,50.9197335,-30.2978095,321.384843,73.526217,-62.797422999999995,-21.039128000000005,-1.0515419999999978
4.630764666666667,739.0429813333334,256.56523166666665,-126.50045349999999,542.0905735,50.779512,-30.21416,321.366035,73.2347525,-62.808521999999996,-21.02371599999998,-1.0158950000000004
4.6042656666666675,739.0445816666667,256.53843566666666,-126.3655315,542.0924485,50.641706,-30.1310075,321.34930699999995,72.9457085,-62.819289000000005,-21.00957599999998,-0.9793130000000048
4.578012333333334,739.0464820000001,256.512039,-126.234617,542.0966675,50.506301,-30.048351999999998,321.334735,72.658935,-62.829716,-20.99672000000004,-0.9418279999999868
4.552005333333334,739.0486786666667,256.48604133333333,-126.1077255,542.103255,50.373284,-29.9661935,321.32239400000003,72.374296,-62.839789,-20.985158000000013,-0.9034739999999886
4.526243,739.0511663333333,256.460444,-125.98487,542.1122355,50.242637,-29.884532,321.3123635,72.09167,-62.849498,-20.974901000000045,-0.8642880000000019
4.500723999999999,739.0539426666668,256.43524666666667,-125.866062,542.1236345,50.114344,-29.803366999999998,321.304723,71.810949,-62.858832,-20.965959999999995,-0.8243100000000112
4.475447,739.057005,256.41044899999997,-125.7513105,542.137478,49.9883835,-29.722701,321.299554,71.5320385,-62.867779999999996,-20.958342000000016,-0.7835809999999981
4.450410666666667,739.0603516666666,256.38605133333334,-125.6406235,542.1537935,49.864735,-29.6425345,321.2969365,71.25485900000001,-62.876332999999995,-20.95205500000003,-0.7421460000000053
4.425612,739.0639816666667,256.36205333333334,-125.5340045,542.1726080000001,49.743376,-29.562870999999998,321.2969535,70.9793435,-62.884482,-20.947107000000017,-0.7000529999999969
4.401049333333333,739.067893,256.338454,-125.431458,542.193949,49.624281,-29.483714,321.299687,70.70543950000001,-62.892218,-20.94350399999996,-0.6573489999999964
4.376719666666667,739.072086,256.315253,-125.332984,542.2178445,49.507424,-29.405068999999997,321.30521799999997,70.43311,-62.89953,-20.941250000000025,-0.6140860000000004
4.352621,739.07656,256.292449,-125.23858150000001,542.244322,49.3927775,-29.326944,321.313628,70.1623285,-62.906411999999996,-20.940349999999967,-0.5703169999999886
4.328749666666666,739.0813153333334,256.270041,-125.1482475,542.27341,49.28031,-29.2493465,321.3249975,69.89308550000001,-62.912857,-20.940807000000007,-0.526100999999997
4.305102333333333,739.0863523333334,256.2480276666667,-125.061976,542.3051375,49.16999,-29.172289,321.339404,69.6253835,-62.918856000000005,-20.942620000000034,-0.48149499999999534
4.281676333333333,739.0916703333334,256.2264076666667,-124.9797605,542.339532,49.061784,-29.095784499999997,321.356926,69.3592395,-62.924405,-20.945789999999988,-0.4365589999999884
4.258467666666666,739.0972706666666,256.20517866666665,-124.901591,542.3766215,48.9556575,-29.0198495,321.3776375,69.0946825,-62.929497,-20.950316999999984,-0.3913569999999993
4.235472333333333,739.1031526666666,256.18433899999997,-124.8274565,542.416434,48.8515715,-28.944502,321.4016135,68.831757,-62.934128,-20.956196999999975,-0.34595600000000104
4.2126866666666665,739.1093169999999,256.163887,-124.75734299999999,542.458997,48.749488,-28.869764500000002,321.428922,68.57051799999999,-62.938293,-20.963426000000027,-0.30042200000001174
4.1901063333333335,739.1157629999999,256.14381933333334,-124.69123549999999,542.5043375,48.649366,-28.795662,321.4596325,68.311035,-62.941987999999995,-20.971996999999988,-0.2548259999999942
4.167727333333334,739.1224903333333,256.12413399999997,-124.629117,542.552482,48.551162,-28.7222235,321.49381,68.0533905,-62.945211,-20.981903999999986,-0.20924100000000578
4.145544666666667,739.1294986666667,256.10482833333333,-124.57096750000001,542.6034565,48.454831999999996,-28.6494805,321.531515,67.79767799999999,-62.947959000000004,-20.993135999999993,-0.16373800000000927
4.123554666666667,739.1367866666666,256.0858993333333,-124.51676599999999,542.657287,48.360329,-28.5774695,321.5728055,67.5440045,-62.950231,-21.00568099999998,-0.11839699999998743
4.1017513333333335,739.1443523333334,256.06734366666666,-124.46649,542.7139965,48.267604,-28.5062315,321.6177355,67.2924875,-62.952027,-21.019528999999977,-0.0732929999999925
4.080131000000001,739.1521946666668,256.049157,-124.42011400000001,542.7736084999999,48.1766085,-28.4358115,321.666355,67.04325700000001,-62.953346999999994,-21.034662000000026,-0.028508000000002198
4.058688,739.1603093333333,256.0313366666667,-124.3776115,542.8361465,48.087289000000006,-28.366258,321.7187095,66.79645400000001,-62.954192,-21.051063,0.015879999999995675
4.037417666666667,739.1686943333334,256.0138786666667,-124.338953,542.9016315,47.999592,-28.297626,321.77484,66.55223000000001,-62.954564000000005,-21.068714,0.0597839999999934
4.016314333333333,739.1773453333334,255.9967783333333,-124.30411,542.9700835,47.913463,-28.229975,321.834782,66.31074749999999,-62.954466000000004,-21.08759200000003,0.10312100000000157
3.9953739999999995,739.186257,255.98003133333336,-124.2730495,543.0415215,47.828843500000005,-28.1633695,321.8985675,66.07217800000001,-62.953903,-21.107672999999977,0.14580600000000743
3.9745900000000005,739.1954246666666,255.963633,-124.2457375,543.1159625,47.74567450000001,-28.097879499999998,321.96622149999996,65.836705,-62.952877,-21.128933000000018,0.18775200000000325
3.9539573333333333,739.204842,255.94757866666666,-124.2221395,543.193423,47.6638965,-28.033582,322.0377655,65.6045185,-62.951395999999995,-21.151341000000002,0.2288690000000031
3.933470666666667,739.2145016666667,255.93186300000002,-124.20221799999999,543.2739174999999,47.583447,-27.9705585,322.11321350000003,65.37581850000001,-62.949465,-21.174867000000006,0.26907100000001094
3.913124666666667,739.2243953333333,255.91648033333334,-124.185935,543.3574590000001,47.504261,-27.908897,322.1925755,65.1508135,-62.947094,-21.199477,0.3082650000000058
3.892913333333333,739.2345146666667,255.90142466666666,-124.1732505,543.444058,47.4262755,-27.848692,322.27585350000004,64.9297195,-62.944288,-21.225134999999966,0.34636299999999665
3.872831666666667,739.2448493333333,255.886691,-124.16412349999999,543.5337235,47.349422,-27.790045000000003,322.3630455,64.7127605,-62.94106,-21.251801,0.38327300000000264
3.852873,739.2553886666666,255.87227199999998,-124.1585115,543.6264635,47.273633,-27.733064,322.4541415,64.50016600000001,-62.93742,-21.279435000000035,0.41890400000001193
3.833033000000001,739.2661213333334,255.85816166666666,-124.15637000000001,543.7222835,47.198840000000004,-27.677863,322.5491265,64.29217249999999,-62.933378,-21.307991000000015,0.4531649999999985
3.8133043333333334,739.2770336666666,255.84435300000004,-124.1576545,543.8211855,47.1249715,-27.624564499999998,322.6479775,64.0890225,-62.928949,-21.337423,0.48596299999999815
3.7936826666666668,739.2881126666666,255.830839,-124.1623185,543.923171,47.051957,-27.573298,322.750667,63.8909625,-62.924144,-21.367680000000007,0.5172090000000011
3.774161666666666,739.2993426666666,255.81761199999997,-124.1703145,544.028239,46.9797225,-27.524201,322.857159,63.6982455,-62.91898,-21.398709999999994,0.5468109999999982
3.7547356666666665,739.310709,255.80466433333333,-124.181594,544.136386,46.908196000000004,-27.477415999999998,322.9674105,63.5111265,-62.913472,-21.430454999999995,0.5746789999999962
3.7353986666666663,739.3221936666665,255.7919883333333,-124.196107,544.2476055,46.83730250000001,-27.4330955,323.081373,63.3298645,-62.907636999999994,-21.462855999999988,0.6007230000000021
3.7161453333333334,739.3337796666666,255.77957533333336,-124.21380450000001,544.3618905000001,46.766967,-27.3914,323.1989895,63.154722,-62.901492,-21.49585300000001,0.6248559999999941
3.696969333333333,739.3454476666667,255.76741733333333,-124.2346345,544.4792285,46.6971145,-27.352498,323.320197,62.985963,-62.895058,-21.52937800000001,0.6469900000000024
3.677865666666667,739.3571776666666,255.75550466666664,-124.2585445,544.599606,46.627668,-27.3165635,323.4449245,62.8238515,-62.888352999999995,-21.563364999999976,0.6670410000000047
3.658827333333333,739.3689493333333,255.74382866666667,-124.285483,544.7230075,46.558552500000005,-27.283782000000002,323.57309499999997,62.6686545,-62.8814,-21.597739999999988,0.6849209999999957
3.6398499999999996,739.38074,255.73238,-124.315396,544.849414,46.4896905,-27.254345,323.7046225,62.5206375,-62.874219999999994,-21.632428999999945,0.7005510000000044
3.620927333333333,739.392528,255.72114833333333,-124.3482295,544.9788025,46.421006,-27.228453,323.8394155,62.380067,-62.866836,-21.667354999999986,0.7138500000000008
3.6020529999999997,739.4042886666666,255.7101246666667,-124.38392999999999,545.1111505,46.352422499999996,-27.206315000000004,323.977374,62.247206,-62.859274,-21.702436000000034,0.724739999999997
3.5832219999999997,739.4159983333334,255.699298,-124.422442,545.246429,46.2838635,-27.1881475,324.118392,62.122316999999995,-62.851557,-21.737588000000017,0.7331440000000029
3.5644279999999995,739.427631,255.68865766666667,-124.46371099999999,545.3846080000001,46.215253499999996,-27.174176499999998,324.2623545,62.00566,-62.843713,-21.772722999999985,0.7389900000000011
3.5456663333333336,739.4391603333333,255.67819266666666,-124.5076815,545.5256535000001,46.146516500000004,-27.164634,324.409141,61.89749,-62.835768,-21.80775,0.74221
3.526930333333334,739.4505603333333,255.6678926666667,-124.55429900000001,545.6695295,46.077579500000006,-27.1597635,324.5586225,61.79806,-62.827751,-21.842577000000006,0.7427339999999987
3.5082143333333335,739.4618020000001,255.65774566666667,-124.6035075,545.816196,46.008367500000006,-27.159813500000002,324.710664,61.7076155,-62.819691,-21.87710400000003,0.7405010000000019
3.4895133333333326,739.4728576666666,255.64774033333333,-124.65525099999999,545.9656105,45.9388095,-27.165042,324.8651225,61.6263995,-62.811617999999996,-21.911234999999976,0.7354509999999976
3.4708213333333333,739.483698,255.63786433333334,-124.7094745,546.117727,45.868832999999995,-27.175714499999998,325.02184850000003,61.554646500000004,-62.803563,-21.944862999999998,0.727527000000002
3.4521323333333336,739.4942940000001,255.62810566666667,-124.766123,546.272496,45.798368,-27.192104999999998,325.1806845,61.492584,-62.795558,-21.977885000000015,0.7166780000000017
3.433441333333334,739.5046146666667,255.61845133333335,-124.8251415,546.4298650000001,45.727346499999996,-27.2144935,325.34146799999996,61.4404325,-62.787635,-22.010190000000023,0.7028569999999945
